time,open,high,low,close
1502942400,4261.48,4349.99,4261.32,4349.99
1502956800,4333.32,4485.39,4333.32,4427.3
1502971200,4436.06,4485.39,4333.42,4352.34
1502985600,4352.33,4354.84,4200.74,4325.23
1503000000,4307.56,4369.69,4258.56,4285.08
1503014400,4285.08,4340.62,4134.61,4292.39
1503028800,4292.39,4340.62,4234.43,4300.25
1503043200,4285,4371.52,4259.85,4340.31
1503057600,4320.52,4340.31,4193.7,4236.89
1503072000,4234.54,4297.75,4015.7,4136.28
1503086400,4135,4136.48,3938.77,4108.37
1503100800,4108.37,4184.69,4084.28,4138.55
1503115200,4138.5,4156,3933.21,4033.47
1503129600,4033.47,4082.25,3850,3957.6
1503144000,3945.12,4100,3928.89,3972.05
1503158400,4036.19,4103.92,3953.4,4076.12
1503172800,4088.71,4149.99,4051.47,4139.98
1503187200,4120.98,4139.98,4044,4094.62
1503201600,4094.62,4156.56,4081.19,4155.87
1503216000,4155.87,4211.08,4032.62,4106.53
1503230400,4106.53,4125.43,4063.35,4125
1503244800,4125,4185.94,4091.59,4164.6
1503259200,4161.59,4171.62,4069.13,4086.29
1503273600,4069.13,4119.62,4039,4084.76
1503288000,4079.26,4104.68,3953.4,4043.63
1503302400,4043.63,4088.12,4000.01,4023.11
1503316800,4023.11,4023.11,3911.79,4022
1503331200,4005.99,4042.11,3918.8,4027.05
1503345600,4027.05,4070.49,3950,4016
1503360000,4016,4016,3688.97,3862.39
1503374400,3863,3868.57,3400,3798.08
1503388800,3798.08,3920.31,3750.08,3866.48
1503403200,3866.48,3990.12,3786.81,3858.23
1503417600,3858.23,4104.82,3853.47,3984.24
1503432000,3984.5,4061.54,3944.03,4040
1503446400,4040,4127.99,4013.89,4100.41
1503460800,4084.54,4115.87,4035.32,4074.88
1503475200,4081.63,4242.32,4057,4237.99
1503489600,4205.98,4265.8,4150.65,4197.05
1503504000,4226.94,4259.58,4103.51,4117.07
1503518400,4136.48,4178.65,4069.8,4114.01
1503532800,4147,4204.55,4085.01,4113.58
1503547200,4113.58,4177.64,4090.39,4153.32
1503561600,4153.8,4250.94,4150,4202
1503576000,4211.78,4250.9,4136.33,4222
1503590400,4223.06,4250.77,4178.22,4216.07
1503604800,4216.1,4371.68,4193.17,4316.01
1503619200,4316.01,4370,4295.75,4312.69
1503633600,4312.69,4362,4267.5,4329
1503648000,4317.81,4361.28,4298.74,4361.27
1503662400,4361.27,4422.29,4261.13,4394.36
1503676800,4394.36,4453.91,4284.11,4307.17
1503691200,4326,4365,4247.48,4280.68
1503705600,4280.71,4315,4228.99,4297.94
1503720000,4297.94,4319.7,4252.44,4319.7
1503734400,4319.7,4319.7,4260.88,4288.72
1503748800,4288.72,4306.74,4221.14,4275
1503763200,4275,4351.32,4212.41,4293.52
1503777600,4293.52,4367,4279,4337.44
1503792000,4332.51,4400,4314.91,4314.91
1503806400,4329.19,4370.85,4293.42,4313.84
1503820800,4331.29,4352.34,4285.56,4323.37
1503835200,4340,4340,4285.54,4325
1503849600,4290.01,4386.78,4290.01,4368.41
1503864000,4336.12,4386.79,4309.6,4310.01
1503878400,4310.01,4330.36,4239.36,4239.37
1503892800,4239.36,4297.11,4124.54,4261.9
1503907200,4261.9,4365.4,4226.93,4308
1503921600,4309,4347,4271.03,4273.59
1503936000,4317.2,4370.45,4273.59,4321.65
1503950400,4321.65,4399.82,4290.18,4386.69
1503964800,4353.65,4386.69,4314.35,4376.99
1503979200,4363.48,4404.07,4313.55,4329.02
1503993600,4328.12,4417.61,4328.12,4368.5
1504008000,4368.5,4625.85,4347.59,4570
1504022400,4569.65,4584,4496.95,4555.55
1504036800,4540,4624.99,4535.09,4587.48
1504051200,4564.52,4619.99,4527.45,4583.61
1504065600,4600,4647.51,4550.01,4550.02
1504080000,4550,4597,4416.01,4498.35
1504094400,4537,4592.76,4416.16,4546.77
1504108800,4555,4609.92,4532.8,4536.82
1504123200,4536.82,4579.91,4516.87,4555.14
1504137600,4555.14,4606,4555.14,4593.66
1504152000,4596.54,4628.12,4572.64,4592.16
1504166400,4603.58,4678.57,4572.64,4656.67
1504180800,4674.97,4685.55,4631.41,4648.82
1504195200,4648.82,4745.42,4638.98,4698.77
1504209600,4688.47,4724.89,4666.84,4724.89
1504224000,4689.89,4767,4689.89,4714.73
1504238400,4714.73,4734.99,4654.88,4707.5
1504252800,4715,4798.46,4708.09,4775
1504267200,4775,4839.92,4725.81,4803.83
1504281600,4756.46,4815.67,4738.94,4813.24
1504296000,4808.79,4885.55,4760.01,4834.91
1504310400,4796.16,4939.19,4764.88,4788.07
1504324800,4765.01,4814.49,4473.35,4697.71
1504339200,4701.02,4709.4,4549.77,4630.01
1504353600,4669.75,4675,4354.61,4460.19
1504368000,4465.12,4554.98,4377.43,4509.77
1504382400,4509.77,4509.96,4286.87,4472.14
1504396800,4508.5,4618.4,4467.88,4569.54
1504411200,4584.78,4714.76,4584.78,4620.87
1504425600,4610.52,4674.86,4456.8,4486
1504440000,4475.23,4557.25,4298.33,4384.15
1504454400,4351.02,4530,4345.01,4529
1504468800,4529,4583.84,4445.15,4509.08
1504483200,4505,4527.49,4340.5,4340.51
1504497600,4340.53,4493.15,4052,4186.96
1504512000,4102.05,4437.68,4075,4153
1504526400,4153,4311.14,4014.76,4015.03
1504540800,4015.03,4224.99,3972.51,4203.67
1504555200,4187,4300.95,4100.11,4100.11
1504569600,4106.97,4121.33,3603,3988.04
1504584000,3996.24,4190.4,3943.1,4190.4
1504598400,4190,4248.6,4050,4246.82
1504612800,4248.64,4298,4116.65,4151
1504627200,4140,4459.55,4096.06,4442.48
1504641600,4442.09,4484.99,4351.01,4366.47
1504656000,4366.49,4522.81,4365.73,4430.02
1504670400,4448.1,4505.96,4335.26,4461.29
1504684800,4476.13,4597.79,4469.82,4548.13
1504699200,4544.59,4619.47,4422.28,4619.43
1504728000,4619.43,4662.87,4610,4619.77
1504742400,4619.77,4661.93,4438.19,4484.03
1504756800,4489.48,4561.9,4452,4510.25
1504771200,4475.01,4649.92,4458,4613.94
1504785600,4616.79,4759.25,4587.65,4755
1504800000,4755,4788.59,4672.35,4754.21
1504814400,4716.61,4752.12,4586.13,4691.61
1504828800,4691.66,4735.39,4586.13,4605.05
1504843200,4633.47,4633.47,4587.08,4619.01
1504857600,4625.36,4699.77,4611.48,4647.53
1504872000,4653.92,4690.83,4028.93,4348.65
1504886400,4330.68,4396.49,4190,4190.01
1504900800,4195.87,4334.15,4060,4282.8
1504915200,4282.8,4338.28,4150.06,4242.01
1504929600,4254.44,4426.62,4200.02,4321.52
1504944000,4336.19,4345.38,4262.75,4327.63
1504958400,4331.82,4400.6,4245.94,4276
1504972800,4276,4281.32,4159.64,4253.7
1504987200,4267.51,4300,4241.25,4258.81
1505001600,4258.81,4279.7,4087.62,4144
1505016000,4144,4149,3801,3988.95
1505030400,3988.89,4100,3900.05,4098.79
1505044800,4069.43,4135.48,4043.17,4094.93
1505059200,4086.92,4283,4072.45,4274.32
1505073600,4269.36,4274.32,4100,4130.37
1505088000,4153.62,4334.43,4098.91,4312.05
1505102400,4320.46,4325.99,4101.32,4178.73
1505116800,4186.88,4221.63,4115.39,4191.53
1505131200,4191.54,4313.18,4174.97,4251.29
1505145600,4246.43,4280,4158.84,4182.27
1505160000,4187.99,4225,4158.85,4208.47
1505174400,4208.6,4305.01,4201.9,4294.25
1505188800,4294.54,4394.59,4279.77,4361
1505203200,4361.04,4373.67,4228.5,4340.1
1505217600,4343.01,4345.92,4230,4258.72
1505232000,4249.49,4280,4040.8,4165.5
1505246400,4158.27,4202.53,4101.69,4163.72
1505260800,4159.72,4165.38,3916,3936.84
1505275200,3933.21,3991.01,3796.8,3933.76
1505289600,3914.01,3970,3820,3832
1505304000,3831.01,3976.19,3760,3795
1505318400,3775.47,3991.01,3765.13,3879.81
1505332800,3879.81,3991.01,3845.03,3944.69
1505347200,3944,3993,3800.02,3806
1505361600,3800.01,3890,3800,3869.99
1505376000,3846.58,3889.98,3418,3481.02
1505390400,3481.02,3666,3395,3518
1505404800,3522,3533.97,3263,3370
1505419200,3368.73,3450,3165.13,3189.02
1505433600,3188.01,3460,3152.01,3370
1505448000,3369.99,3380,3031,3148
1505462400,3148,3148,2817,2919
1505476800,2870.9,3856,2870.9,3830
1505491200,3839.94,3839.98,3483,3702.66
1505505600,3702.3,3799.9,3658.04,3700
1505520000,3674.01,3950,3658.04,3770
1505534400,3769.94,3935.93,3753.23,3847.9
1505548800,3847.92,3850,3470.66,3630.06
1505563200,3630.06,3800,3531.01,3567.11
1505577600,3567.03,3714.99,3531.05,3664
1505592000,3664.01,3715,3600.6,3714.95
1505606400,3685.23,3709.94,3580,3580
1505620800,3568.07,3604.79,3550,3559
1505635200,3559,3609.39,3499.02,3499.03
1505649600,3499.03,3660,3499.03,3637.33
1505664000,3649.49,3748.21,3638.05,3720
1505678400,3700.13,3739,3679.15,3699.99
1505692800,3690,3850,3690,3830
1505707200,3830,4000,3760,3950.32
1505721600,3976.58,3976.58,3848.33,3929.33
1505736000,3932.98,4123.2,3890,4030.33
1505750400,4048.99,4048.99,3928.33,3969.48
1505764800,3969.5,4085,3951,4035.01
1505779200,4060,4089.97,3901,3971.02
1505793600,3972,3981.19,3830.91,3936.28
1505808000,3880.06,4032.02,3873,3969.01
1505822400,3969.32,4029.99,3901.02,3965.01
1505836800,3970,4014.56,3871.99,3890.01
1505851200,3890.02,3920,3830.91,3910.04
1505865600,3910.04,3923.26,3843,3875.93
1505880000,3875.91,3988.83,3820,3913.89
1505894400,3913.91,3979.99,3859.31,3927.77
1505908800,3927.77,4046.08,3912.08,4005
1505923200,3997.5,4039.99,3962.76,3962.93
1505937600,3962.93,4000,3860.09,3900
1505952000,3889.99,3910,3816.63,3827.66
1505966400,3820.02,3903.28,3800,3885.23
1505980800,3885.23,3904.81,3835.88,3864.95
1505995200,3862.99,3879.99,3668.6,3727.44
1506009600,3730,3747.48,3592.62,3605.03
1506024000,3605.03,3678.26,3567,3609.99
1506038400,3592.84,3697.51,3592.84,3697.51
1506052800,3693.01,3750,3658.46,3658.46
1506067200,3658.46,3669,3522.22,3539.97
1506081600,3528.36,3645.99,3505.55,3514.07
1506096000,3527.97,3590,3514.08,3590
1506110400,3590,3645.18,3574.7,3595.87
1506124800,3595.88,3628,3542.91,3605
1506139200,3614.87,3717.44,3600.9,3689.38
1506153600,3689.38,3798.9,3688,3798
1506168000,3798.9,3817.19,3717.57,3746.36
1506182400,3746.37,3779.52,3700,3779.5
1506196800,3766.41,3790,3718.12,3780
1506211200,3779.54,3789.99,3731.54,3782.9
1506225600,3782.9,3783.99,3622.76,3669
1506240000,3668,3698.4,3627.19,3683.36
1506254400,3674.22,3730,3674.21,3691.31
1506268800,3707.89,3707.9,3624.38,3687.36
1506283200,3665.68,3707.94,3650.7,3660.02
1506297600,3660.02,3772,3653.69,3751
1506312000,3750.01,3815.74,3750,3780.6
1506326400,3789.5,3807.53,3747.94,3781.05
1506340800,3781.05,3945,3770,3910.01
1506355200,3915.01,3979.87,3887.8,3930.36
1506369600,3934.68,3963,3904.19,3920.75
1506384000,3928,3959.56,3886.67,3896.02
1506398400,3896.02,3940,3850.05,3925
1506412800,3925,3949.92,3888.28,3949.45
1506427200,3950,3976.99,3892.51,3920
1506441600,3925,3939.99,3890.98,3906.13
1506456000,3911.06,3935,3880,3882.35
1506470400,3882.36,3973,3872.81,3947
1506484800,3931,3968,3930,3968
1506499200,3952.1,4099.95,3931,4073
1506513600,4072.2,4119,4053.4,4090
1506528000,4099.8,4200,4075.05,4190
1506542400,4189,4249.94,4152.01,4193
1506556800,4192.11,4219.99,4140.01,4200
1506571200,4200,4300,4185,4246
1506585600,4247,4272.45,4136,4180
1506600000,4170.19,4210,4101,4168
1506614400,4133.03,4209.68,4110,4149.99
1506628800,4143.12,4194.99,4114.03,4174.5
1506643200,4178.98,4215,3952.01,4032.87
1506657600,4000,4113.81,3970,4090.1
1506672000,4090.1,4248,4060.02,4220.01
1506686400,4234.99,4251,4131.68,4143.02
1506700800,4145.03,4259.99,4101.01,4179.99
1506715200,4146.96,4263.86,4106,4174.69
1506729600,4175,4298,4138.1,4214
1506744000,4216.01,4300,4180.81,4300
1506758400,4310,4345,4266.11,4324.99
1506772800,4320.21,4358.99,4275.35,4353.98
1506787200,4349,4380,4307.5,4368.98
1506801600,4343.18,4379.95,4310.25,4378.51
1506816000,4378.49,4378.49,4265.02,4312.58
1506830400,4312.77,4335.82,4275,4335.82
1506844800,4335.82,4359.6,4288,4337.01
1506859200,4337.01,4356.99,4240.04,4299.99
1506873600,4290.17,4329.99,4270.01,4329.52
1506888000,4307,4406.52,4300,4378.48
1506902400,4400,4560,4380.01,4419.85
1506916800,4411,4465.43,4405.15,4424.01
1506931200,4434.22,4479.9,4401,4410.01
1506945600,4419.99,4561.63,4390,4409.09
1506960000,4409.09,4433.11,4378.51,4419.94
1506974400,4410,4431.78,4360,4380
1506988800,4380,4467.33,4361,4405
1507003200,4405,4417,4213.21,4271
1507017600,4280,4310,4189.71,4297.99
1507032000,4290,4297.66,4180.8,4258.57
1507046400,4258.58,4295.99,4235,4235.01
1507060800,4235.02,4329.86,4222.02,4310
1507075200,4314.9,4360,4274,4290.01
1507089600,4290.01,4373,4280,4310.01
1507104000,4310.01,4328,4185.01,4228
1507118400,4230,4248.97,4142,4211.01
1507132800,4211.01,4225.5,4153.02,4173.11
1507147200,4170.05,4236.63,4156,4208.59
1507161600,4208.59,4235,4142,4143.04
1507176000,4143.06,4174.49,4110,4154.1
1507190400,4154.1,4234.77,4112.23,4226.05
1507204800,4226.05,4335,4226.05,4314.49
1507219200,4288,4340,4275,4327.63
1507233600,4345,4355,4292.43,4292.43
1507248000,4318.99,4348,4292,4316.98
1507262400,4316.98,4410,4300.02,4392.36
1507276800,4396,4417,4370.45,4405
1507291200,4391.11,4416.78,4312.57,4382.07
1507305600,4382.07,4400,4315.95,4379.73
1507320000,4331.02,4399,4330.06,4369
1507334400,4369,4399,4362.02,4381
1507348800,4381,4389.48,4330.09,4334
1507363200,4335,4388.54,4312.56,4335.9
1507377600,4335.9,4380,4326,4343.01
1507392000,4343.01,4370.86,4326.02,4335.38
1507406400,4342.23,4479.5,4336.01,4423
1507420800,4425,4517,4425,4457.62
1507435200,4478,4479.98,4437,4455.99
1507449600,4454.99,4514.99,4441.01,4487.99
1507464000,4487.99,4599,4460.02,4590
1507478400,4590,4600,4525,4575.01
1507492800,4597.49,4658,4573.04,4640
1507507200,4640,4660,4600,4659
1507521600,4650,4660,4550,4584.06
1507536000,4587.02,4630,4564.32,4615
1507550400,4615,4699.98,4615,4664.31
1507564800,4684.99,4889.98,4664.11,4787.49
1507579200,4803.35,4852,4720.12,4786.95
1507593600,4786.95,4888.88,4780,4788.02
1507608000,4819.99,4879.99,4785.78,4785.78
1507622400,4787.88,4839.41,4720.16,4790
1507636800,4790.01,4880,4780.02,4831.99
1507651200,4830.97,4960,4800.07,4911
1507665600,4910.99,4933.14,4680.59,4783.06
1507680000,4783.06,4823.17,4710,4753.16
1507694400,4740.73,4840,4720.02,4829.99
1507708800,4820,4852.22,4791.01,4818.99
1507723200,4804.93,4839.99,4751.01,4825.01
1507737600,4839.99,4881.61,4824.74,4872.1
1507752000,4850.42,4862.43,4800.57,4821.43
1507766400,4821.43,4880,4810.16,4843.37
1507780800,4848.02,5010.2,4843.21,5010.2
1507795200,5010.2,5265.5,5010.2,5184
1507809600,5184,5325,5173.1,5305.01
1507824000,5316.42,5413.73,5239.99,5312.43
1507838400,5300.06,5439.99,5265.05,5430
1507852800,5439.99,5835,5379.84,5748
1507867200,5740.02,5846.17,5458.84,5628.02
1507881600,5631.01,5775,5568.98,5649
1507896000,5658.97,5800,5566.84,5762.25
1507910400,5762.24,5779,5520,5558.99
1507924800,5533.76,5650,5533.74,5649.98
1507939200,5650,5722.87,5580.01,5700.51
1507953600,5700.52,5721.91,5585.02,5653.41
1507968000,5653.4,5779,5600.03,5720.02
1507982400,5720.02,5779.99,5686,5752.04
1507996800,5741.03,5798.02,5685.02,5750
1508011200,5750.01,5900,5735.01,5869.99
1508025600,5855.03,5922.3,5770.02,5771.07
1508040000,5771.06,5805,5737.27,5786.11
1508054400,5786.11,5786.11,5400.01,5400.01
1508068800,5419,5605,5404.98,5544.14
1508083200,5539.99,5569.47,5468.01,5533.56
1508097600,5530.23,5756.36,5485,5709.99
1508112000,5710,5739.99,5600.02,5600.05
1508126400,5601.02,5694.77,5600.01,5628.32
1508140800,5628.31,5749.99,5585.19,5728.99
1508155200,5739.96,5749.8,5664,5681.22
1508169600,5681.22,5720.3,5642.02,5703.27
1508184000,5718.78,5788.91,5700.01,5760.02
1508198400,5760,5774.98,5590,5620.01
1508212800,5612.02,5687.61,5591.01,5650.02
1508227200,5657.96,5687.61,5540.02,5579.98
1508241600,5579.89,5628.63,5508.63,5603.01
1508256000,5619.98,5649.99,5574.21,5622.06
1508270400,5622.1,5636.53,5585.25,5595
1508284800,5595,5596,5422.01,5484.86
1508299200,5483.99,5561.99,5277.22,5277.22
1508313600,5267.38,5379,5226,5273.25
1508328000,5283.98,5368.7,5037.95,5322.28
1508342400,5344,5408,5320.28,5382.98
1508356800,5382.99,5588,5368.12,5512.06
1508371200,5513,5631.3,5490.26,5585
1508385600,5570.24,5628,5490.26,5577.98
1508400000,5577.99,5706.09,5555,5690.12
1508414400,5710,5710,5620,5625.01
1508428800,5624.99,5690,5600,5609
1508443200,5608.99,5694,5600.03,5683.9
1508457600,5683.31,5688,5632.01,5669.08
1508472000,5669.08,5697.99,5600,5639.95
1508486400,5639.96,5679.99,5611.32,5662.75
1508500800,5662.75,5995,5602.86,5889.99
1508515200,5889.99,6060.54,5878.03,6060.54
1508529600,6060.91,6110,5937.01,6010.01
1508544000,6013.72,6124.3,5960,6110.01
1508558400,6110.02,6167.99,6000,6091.92
1508572800,6091.92,6118.99,6072.06,6116.98
1508587200,6116.98,6171,6075.39,6149.99
1508601600,6149.99,6169.04,5850.03,6024.07
1508616000,6024.09,6110,5994,6024.97
1508630400,6003.27,6060,5911.02,5950.24
1508644800,5950.18,5954.51,5770,5907.11
1508659200,5907.13,5924.97,5720.03,5819.98
1508673600,5819.98,6000,5770.04,5970.27
1508688000,5970.3,6000,5832.07,5866.99
1508702400,5879.03,6000,5833.38,5950.02
1508716800,5975,6000.02,5912,5950.25
1508731200,5950.25,6080,5860.01,5865.05
1508745600,5865.03,5909.84,5787.98,5881.99
1508760000,5881.98,5881.99,5621.03,5762.04
1508774400,5762.07,5930.2,5717.01,5880.82
1508788800,5880.83,5969.98,5787.24,5915.93
1508803200,5909.47,5925,5482.22,5625.03
1508817600,5630,5748.98,5537.1,5721.83
1508832000,5721.83,5740.97,5601.01,5676.04
1508846400,5680,5697.97,5563.11,5637.96
1508860800,5635.02,5719.03,5633.99,5635.07
1508875200,5635.07,5650,5450,5477.03
1508889600,5506.92,5527,5286.98,5515.96
1508904000,5515.93,5550,5418.98,5541.51
1508918400,5532.02,5650,5440.06,5469.98
1508932800,5469.99,5500.01,5375,5456.11
1508947200,5430.22,5588,5430,5580.07
1508961600,5580.09,5704.96,5569.03,5689.99
1508976000,5670.1,5734.99,5670,5719.99
1508990400,5719.99,5735.02,5650,5669.13
1509004800,5669.17,5853.99,5656.19,5853.99
1509019200,5845.03,5939.99,5845.03,5918.99
1509033600,5918.92,5938.58,5805,5834.38
1509048000,5834.59,5912.01,5757,5861.77
1509062400,5861.77,5980,5860.06,5905
1509076800,5904.99,5924.96,5770.23,5874.49
1509091200,5874.43,5928.97,5808.03,5843.18
1509105600,5843.03,5843.04,5711.22,5771.01
1509120000,5771.01,5812.03,5649.24,5740
1509134400,5787.97,5789.45,5715.2,5768.83
1509148800,5768.79,5850.02,5726.87,5726.92
1509163200,5726.93,5799.96,5726.91,5781.01
1509177600,5781.02,5790.1,5677.02,5680.28
1509192000,5680.27,5718.16,5630.03,5669.97
1509206400,5669.97,5733.03,5665.01,5726.02
1509220800,5726.02,5733.03,5680.01,5719.64
1509235200,5709.98,5719.65,5648.01,5715.01
1509249600,5715,5815.84,5705.02,5799.99
1509264000,5790.11,5800,5741.09,5784.97
1509278400,5784.99,5988,5730,5949.01
1509292800,5949.01,6085,5889.85,6085
1509307200,6085,6189.88,6034.06,6169.98
1509321600,6133.01,6159.99,6075.5,6155.88
1509336000,6154.99,6172,6096.08,6116.19
1509350400,6123.3,6248.68,6116.18,6181.98
1509364800,6179.92,6198.98,6030,6070.98
1509379200,6071.95,6146.86,6055.56,6111.58
1509393600,6111.38,6135.04,6088.88,6120.5
1509408000,6120.52,6172.18,6120.52,6139.88
1509422400,6139.88,6172.18,6100,6117.94
1509436800,6117.94,6223.33,6100.04,6223.33
1509451200,6223.41,6420,6201.01,6371.28
1509465600,6371.28,6398.88,6319.69,6329.98
1509480000,6329.98,6498.01,6322.31,6463
1509494400,6463,6473.88,6375.05,6458.88
1509508800,6439.05,6458.38,6338.02,6415
1509523200,6414.99,6645.32,6410.01,6614.97
1509537600,6613.92,6613.93,6455,6596.99
1509552000,6559.9,6644.8,6559.9,6622.99
1509566400,6622.98,6774.67,6561.04,6753.98
1509580800,6753.98,6967.61,6730,6831
1509595200,6840.02,6977,6800.06,6934
1509609600,6934,7300,6685.1,6887.81
1509624000,6887.66,7100,6700,7019.98
1509638400,7015.5,7041.51,6830,6981.9
1509652800,6981.07,7132,6965,7019.98
1509667200,7010.31,7198.9,6923,7172.41
1509681600,7186.01,7259.99,7111.02,7251.01
1509696000,7251.02,7346.34,7162.6,7230.95
1509710400,7230.95,7298.98,7138.18,7284.98
1509724800,7284.98,7299.99,7190.02,7234
1509739200,7269.73,7275,7032,7115.04
1509753600,7115.02,7160.22,6901,7125.12
1509768000,7150,7192.99,7095.52,7174.99
1509782400,7174.99,7199.99,7070.12,7085.02
1509796800,7085.02,7308.02,7085,7300
1509811200,7300,7375.5,7262.06,7360.04
1509825600,7360.02,7480.99,7300,7357.09
1509840000,7357.27,7424.49,7280,7409.93
1509854400,7399.98,7457.9,7349.98,7398.69
1509868800,7398.7,7513.82,7320,7513.82
1509883200,7513.8,7590.25,7455,7499.87
1509897600,7499.87,7548,7450.11,7536.01
1509912000,7536.01,7548,7279.02,7345.01
1509926400,7345.1,7401,7186.78,7215.54
1509940800,7226.98,7328.18,7101,7275
1509955200,7274.98,7349,7258.01,7304.11
1509969600,7324.97,7400.98,7202.07,7232.03
1509984000,7235.02,7270.56,6957,7028.95
1509998400,7006.01,7155,6906,6960.12
1510012800,6981.72,7135,6909.01,7120.17
1510027200,7120.18,7198.49,7070.21,7159.98
1510041600,7157.97,7182.99,7080.59,7160.55
1510056000,7160.54,7195,6901,7038.2
1510070400,7009.27,7078.4,6966.94,7059.78
1510084800,7059.66,7080.01,6966.93,7064.04
1510099200,7070,7368.99,7035.02,7331.71
1510113600,7331.71,7394,7280,7303.01
1510128000,7303.02,7420,7303.01,7396
1510142400,7406.47,7489.99,7361.49,7442.38
1510156800,7468.99,7770.02,6651,7070
1510171200,7070,7320.07,6895.02,7303
1510185600,7303.01,7392,7130.01,7276
1510200000,7277.94,7382.01,7260.01,7345.05
1510214400,7345.05,7374,7040,7076
1510228800,7076,7179,7015,7134.99
1510243200,7134.99,7189.89,7100,7130
1510257600,7150.02,7184.38,7035.64,7079.99
1510272000,7079,7264.42,7050.01,7213.41
1510286400,7223.79,7279.91,7118.61,7149.18
1510300800,7149.19,7185,6800,6831.2
1510315200,6831.2,6858.78,6508,6760.02
1510329600,6760.02,6910,6351,6526.31
1510344000,6526.31,6699.99,6255.01,6506.98
1510358400,6503,6797.98,6453.03,6730
1510372800,6730.02,6766.99,6553.35,6578.74
1510387200,6578.74,6708.68,6402.01,6410.02
1510401600,6410.02,6478,6125,6285.84
1510416000,6230.47,6358.99,6100,6240.03
1510430400,6234.11,6415.45,6105,6245.05
1510444800,6245.05,6245.05,5830,5956.02
1510459200,5956,6310,5325.01,6060
1510473600,6089.77,6630,5784.22,6241.71
1510488000,6241.71,6320,5983.51,6200.02
1510502400,6219.8,6219.96,5911,6020.06
1510516800,6020.07,6099.37,5600,5811.03
1510531200,5839.94,6054.94,5699.99,5983.99
1510545600,5983.99,6350,5958.11,6196.66
1510560000,6200.14,6497.99,6150.33,6426.02
1510574400,6426.03,6697.47,6357.01,6589.99
1510588800,6582.01,6599.61,6190,6366.97
1510603200,6337.01,6500,6256.54,6465.99
1510617600,6465.99,6684.98,6465.99,6590.9
1510632000,6590.9,6646.22,6500,6545.33
1510646400,6545.33,6563.08,6400,6410
1510660800,6410.03,6510,6311.07,6436
1510675200,6430,6549,6391,6532.06
1510689600,6533.45,6593,6520.69,6574.99
1510704000,6575.99,6899.99,6575.99,6815.09
1510718400,6815.06,6908,6749.98,6850.23
1510732800,6850.23,6998,6825,6998
1510747200,6998,7248,6998,7245
1510761600,7248.98,7249.99,7057,7182
1510776000,7181.98,7298,7154.21,7240.06
1510790400,7240.14,7279.99,7076,7239
1510804800,7219.52,7390,7145,7369.99
1510819200,7369.99,7546.7,7360,7380.54
1510833600,7380.53,7509.72,7313,7427
1510848000,7427.01,7800.19,7393.38,7735.96
1510862400,7735.95,7940,7665.12,7864.5
1510876800,7876.98,7989,7755,7890
1510891200,7894.98,7930.8,7472.31,7498
1510905600,7497.98,7900,7451,7765.08
1510920000,7769.17,7948.99,7627.87,7928.96
1510934400,7928.96,7950,7692.58,7799.37
1510948800,7799.38,7819.63,7608,7699.19
1510963200,7680.01,7697.35,7422,7588.72
1510977600,7588.59,7699.96,7519.79,7674.97
1510992000,7674.97,7759.48,7656.98,7747.96
1511006400,7747,7747,7602.02,7676.09
1511020800,7676.81,7758.96,7603,7726.14
1511035200,7726.12,7819.99,7705.2,7761.94
1511049600,7761.94,7818.93,7750.66,7779.99
1511064000,7777.82,7808.94,7650.33,7690.01
1511078400,7690.06,7789.24,7675.62,7753.83
1511092800,7735.49,7780,7700,7750.02
1511107200,7750.06,8044.23,7737.17,8024.98
1511121600,8024.98,8123.15,7938.01,8038
1511136000,8057.11,8083.49,7962,7972.55
1511150400,7971.07,8050,7954,8014.01
1511164800,8014.02,8076.88,8014.01,8057.01
1511179200,8066.98,8239.98,8057.53,8217.31
1511193600,8217.98,8290,8177.3,8237.77
1511208000,8237.77,8319.99,8201,8212
1511222400,8212.49,8290,7801,7894.41
1511236800,7894.41,8184.99,7821,8165.55
1511251200,8165.38,8270.05,8155.08,8241.06
1511265600,8252.25,8400,8125,8370.01
1511280000,8383.44,8384.98,8070,8109.83
1511294400,8109.85,8248.89,8070.03,8119.51
1511308800,8091.09,8221.3,8091.09,8189.89
1511323200,8172.04,8289.94,8130.01,8289.88
1511337600,8289.89,8322.68,8248.77,8270.02
1511352000,8270.12,8290,8108,8205.02
1511366400,8200.54,8240.14,8110,8199.98
1511380800,8199.99,8258.73,8108,8205.92
1511395200,8233.03,8258.65,8138.43,8181.73
1511409600,8181.75,8260,8130,8140
1511424000,8139.98,8180.07,8031.01,8099.97
1511438400,8099.95,8197.35,8072.43,8168.12
1511452800,8167.31,8200,8100,8148.43
1511467200,8140.22,8182.86,8000,8019.99
1511481600,8019.97,8149.99,7850,8115.88
1511496000,8100.76,8280,8002.02,8280
1511510400,8262.02,8369,7950,8130.73
1511524800,8165,8197.44,8079,8110.02
1511539200,8110.02,8240,8090.62,8224.98
1511553600,8214.98,8250,8116.01,8138
1511568000,8138.99,8205.62,8090,8174.99
1511582400,8168.82,8296.83,8141.01,8280.89
1511596800,8280,8448.99,8276,8419.54
1511611200,8419.54,8550.55,8394.49,8542.99
1511625600,8542.98,8602.62,8500,8545.97
1511640000,8545.98,8734.78,8529,8700.01
1511654400,8700.04,8806,8604.72,8805.88
1511668800,8805.88,8978.9,8770,8864
1511683200,8884,8941.29,8786.45,8903.01
1511697600,8903.03,9078,8870.01,9075.01
1511712000,9078,9350,8952.04,9099.99
1511726400,9099.98,9239.99,9000.58,9128.02
1511740800,9128,9573.98,9112.04,9459.02
1511755200,9473.99,9645.55,9401,9645.55
1511769600,9640.02,9654.28,9166,9498.99
1511784000,9485.02,9639.99,9444.7,9568.94
1511798400,9567.99,9612.3,9355.01,9499.99
1511812800,9499.99,9650,9458.03,9650
1511827200,9650,9740,9570.5,9712.06
1511841600,9712.07,9869.84,9637.2,9817
1511856000,9816.98,9930,9701.01,9915
1511870400,9919.61,9939,9658,9822.33
1511884800,9833.98,9925,9820.12,9899.99
1511899200,9899.98,9919.87,9836.01,9896.8
1511913600,9896.79,10350,9873.68,10249.03
1511928000,10249.03,10800,9900,10429.98
1511942400,10429.98,10900,10413.07,10776.3
1511956800,10798.53,11300.03,10326.05,10770.89
1511971200,10764.49,10975,8520,9306
1511985600,9300,10100,9060,9687.88
1512000000,9687.88,10449.98,9532.88,10404.98
1512014400,10404.99,10900,9801,10070
1512028800,10051.56,10296,9402.15,9600
1512043200,9610.01,9810.04,8850.8,8980
1512057600,8979.99,9780,8910.01,9761
1512072000,9761.02,10089.99,9340,9838.96
1512086400,9837,9900.03,9510,9698.23
1512100800,9666.28,9924.99,9380,9540
1512115200,9540,10000,9540,9956.24
1512129600,9960.01,10740,9960.01,10460
1512144000,10460,10607.4,10354.01,10529.1
1512158400,10529.1,10898,10527.54,10782.99
1512172800,10775.04,11100,10751,10900.46
1512187200,10895.68,10977.98,10650,10931.04
1512201600,10926.38,11190,10797.15,10940.98
1512216000,10949,11111.1,10620,10709.73
1512230400,10709.76,10990,10689.07,10882.12
1512244800,10882.66,11050,10861.33,10890.01
1512259200,10902.69,11010.2,10799,10980
1512273600,10980,11169.04,10900.11,11146.02
1512288000,11150.49,11620,11066.01,11615.99
1512302400,11601.97,11820.66,11520.01,11710
1512316800,11710,11777.36,11618,11735
1512331200,11735,11825,10500,11165.41
1512345600,11165.41,11444.45,11163.78,11369.96
1512360000,11383.27,11600,11314.43,11548.88
1512374400,11533.69,11600,11003,11131
1512388800,11130,11437,10802,11333
1512403200,11332.99,11345,11051,11144.04
1512417600,11149.26,11616,11149.26,11616
1512432000,11608,11660,11447.68,11607.71
1512446400,11575,11798,11450,11779.95
1512460800,11765.51,11795,11450,11668
1512475200,11668.98,11853,11620,11785
1512489600,11781.06,11800,11561.01,11694
1512504000,11716.99,11791,11662,11699.99
1512518400,11698,12300,11665.58,12225
1512532800,12276.96,12531.06,12136,12432.77
1512547200,12432.76,12920,12381.99,12580.45
1512561600,12619.96,12848.49,12250,12322
1512576000,12322,13100,12220,13035.55
1512590400,13035.56,13615.23,12724.42,13545.53
1512604800,13545.53,14060.86,13050,13603.06
1512619200,13603.06,14327.58,13600,14320.01
1512633600,14320.01,14788,13700,13800
1512648000,13800,15500,13800,15340.02
1512662400,15340.02,15955,14450.01,15007.01
1512676800,15020.02,16649.96,14701,16533.11
1512691200,16552.9,17204.99,15500,16351
1512705600,16351.03,16696.94,14120,15857.48
1512720000,15854.98,15999.99,14015,14800
1512734400,14799.97,15959.99,14412.65,15349.47
1512748800,15265.68,15777.18,14790.02,15196.84
1512763200,15196.84,15998.98,14921.65,15880
1512777600,15880,16269.3,15383,15502.52
1512792000,15527.43,15659.69,15001,15300
1512806400,15339.99,15370.13,14203,14749.83
1512820800,14710.03,15100,14299.95,14404.95
1512835200,14434.21,14520,12535,13908.01
1512849600,13904.01,14813,13859.04,14699.97
1512864000,14699.97,14699.97,12600,12649.97
1512878400,12600.02,13882.4,12368,13410
1512892800,13419.98,13950,12900.13,13560.54
1512907200,13560.54,15612.1,13357.98,15400.4
1512921600,15420,15590,14849.98,15497.91
1512936000,15497.41,15720.12,14150,14899.98
1512950400,14946.26,16689,14901.08,16186
1512964800,16185.99,16580,15818,16427
1512979200,16426,16554.98,16022.02,16052.07
1512993600,16089.98,16472.97,16000.01,16359.8
1513008000,16359.8,17000,16210.02,17000
1513022400,17000.42,17470,16400,16560.02
1513036800,16560.04,16976.45,16200,16263.95
1513051200,16278.9,16865.19,16209,16795
1513065600,16795,16921.06,16343.34,16609.5
1513080000,16600,16839.67,15875,16340
1513094400,16341.13,16685.27,16000,16549.97
1513108800,16550,16645,16100,16350
1513123200,16350,16546,14666.56,15650.39
1513137600,15657.64,16211.09,15400,16064.95
1513152000,16064.95,16100,15654.52,15842.18
1513166400,15842.18,16420.35,15700,15820.09
1513180800,15820.09,15916.5,14853.68,15700
1513195200,15698.93,16274.98,15415.96,16020.42
1513209600,16046.58,16234.66,15560.01,15642.51
1513224000,15644.2,15980,15450,15784.12
1513238400,15761.06,16445,15738.01,16037.27
1513252800,16060.07,16439.99,15651,16095.95
1513267200,16060.01,16438.01,15967.12,16318.2
1513281600,16318.2,16375.72,16106.05,16340
1513296000,16339.99,17796.39,16300.06,17119
1513310400,17119,17350,16850,17079.99
1513324800,17079.99,17982.22,16876.89,17900
1513339200,17900,17991,17400,17469.6
1513353600,17520,17850,17400.1,17652.91
1513368000,17652.91,17780.57,17240,17516.81
1513382400,17516.81,17638.38,17190.01,17250
1513396800,17240.08,17827.99,17240.01,17677.54
1513411200,17677.54,17898,17532.05,17830
1513425600,17834.68,18800.89,17800.01,18740
1513440000,18740,19219,18365,19219
1513454400,19219,19539,18900.02,19102.66
1513468800,19102.66,19339.54,18800,19020
1513483200,19020,19495,18810,19463.01
1513497600,19463.02,19710,19185.01,19709.5
1513512000,19700,19798.68,18846,19220
1513526400,19220,19394,18523,18845.91
1513540800,18845.92,19449.48,18510,18860.02
1513555200,18865,18897.16,17029.98,18590
1513569600,18590,19006.61,18510,18576.99
1513584000,18577,19200.1,18510,19126.66
1513598400,19116.11,19300,18021.98,18670
1513612800,18670,18749.99,18100.2,18590
1513627200,18590,18900,18447.4,18856.25
1513641600,18856.25,18950,18500,18729.17
1513656000,18729.17,18850,18501,18562.01
1513670400,18569.52,18695.2,16300,17250
1513684800,17214.2,17946.57,16555,17164.85
1513699200,17164.83,18185.18,17110.02,17622.26
1513713600,17622.23,17753.76,16500,17295.2
1513728000,17295.2,17295.2,14777.66,16700.35
1513742400,16700.34,16838.55,15806.09,16354.17
1513756800,16360,17450,16300,17253
1513771200,17253,17720.35,16321,16505
1513785600,16540,16970,16000,16782
1513800000,16782.05,16900,15830.13,16488.98
1513814400,16480.52,16990.99,16375.29,16901.03
1513828800,16901.03,17309.5,16600,17038.99
1513843200,17046.02,17049.99,16249.98,16490.99
1513857600,16491,16658.03,14022,14400
1513872000,14400,15419.07,14302.95,14700.94
1513886400,14700.94,15527.63,14691.03,15492.64
1513900800,15514.03,15699.34,13000,13780
1513915200,13789,14649,12200,12726.45
1513929600,12726.45,14331.38,12400,13456
1513944000,13449.1,13724.93,10961,12660.27
1513958400,12696.5,13580,11800.01,13178
1513972800,13178,14649.99,12840,13326.61
1513987200,13326.61,14300,13000,14284.95
1514001600,14284.95,14300,12978.18,13609.25
1514016000,13609.25,14650,13480,14642.99
1514030400,14640,14950,13920,14218.39
1514044800,14218.39,14760,13963.13,14434.01
1514059200,14434,14900,13234.56,13300
1514073600,13300,13750.42,12100,13271.05
1514088000,13271.05,13819.99,12723.49,13252.12
1514102400,13228,13600,11866.38,12345.89
1514116800,12345.89,13187.94,11640,12543.07
1514131200,12540,12999.82,12030,12264.33
1514145600,12264.32,13570,12166.61,13500
1514160000,13500,13650,12812.35,12957.55
1514174400,12969.22,13690.64,12708,13561.14
1514188800,13580,13970,13449.98,13800
1514203200,13808.11,14300,13059,13473
1514217600,13473,13880,13400,13808.08
1514232000,13811.64,13885,13331,13699.34
1514246400,13699.34,14400,13533,14321.99
1514260800,14300,15350,14210.79,15063.02
1514275200,15073.16,15200,14700.99,14849.98
1514289600,14844,15900.1,14660,15649
1514304000,15649.99,15987,15432.06,15787.88
1514318400,15787.95,16050,15540.01,15689.01
1514332800,15709.98,16015.28,15559.54,15880.56
1514347200,15855.71,16498.05,15855.61,16055
1514361600,16073.69,16200,15250.59,15570.13
1514376000,15570.11,15978,14876,15155.01
1514390400,15162.25,15310,14200.15,14793.25
1514404800,14793.28,15563.63,14557.25,15459.99
1514419200,15459.97,15539.99,13417.99,14163.42
1514433600,14163.43,14557.1,13501.05,13984.39
1514448000,13984.38,14348.22,13150,13578.98
1514462400,13578.98,14305,13335.37,14040
1514476800,14045.94,14126.77,13190,13736.43
1514491200,13736.44,14221.99,13600,14182.11
1514505600,14199.14,14880,14008,14725
1514520000,14715.49,14981,14319.99,14450
1514534400,14456.65,14748,13850,14280.01
1514548800,14290,14595,13900,14557.49
1514563200,14557.52,14797,14350,14640.7
1514577600,14640.7,14652.52,14130,14378.9
1514592000,14378.99,14398.85,12900,13423.64
1514606400,13423.64,13705.82,12910,13620
1514620800,13620,13647.95,12810,13150
1514635200,13119.03,13149.89,11821,12313.99
1514649600,12315,13099.89,11750,13040
1514664000,13043.7,13200,12288,12440.01
1514678400,12345.1,13411.02,12149.98,12962.06
1514692800,12988.04,13077.97,12459,12797.46
1514707200,12797.44,13080,12425.98,12989.94
1514721600,12956.49,13421.75,12870.01,13212.68
1514736000,13226.16,14030,13192.02,13780.16
1514750400,13783.09,14050.11,13645.03,13716.36
1514764800,13715.65,13715.65,13155.38,13410.03
1514779200,13434.98,13818.55,13322.15,13570.35
1514793600,13569.98,13735.24,13001.13,13220.56
1514808000,13220.56,13330,12750,13247
1514822400,13247,13290.65,12940,13240.37
1514836800,13222.03,13599.7,13222.03,13380
1514851200,13382.16,13850,13231.96,13353.78
1514865600,13353.78,13480.84,12890.02,13343
1514880000,13343.01,13617.28,13302.59,13490
1514894400,13490,13894.86,13450.46,13690.03
1514908800,13690.02,15473.49,13503,14732.75
1514923200,14710.02,15160.31,14544,14675.11
1514937600,14690,15299.99,14660,14818.49
1514952000,14805.81,15307.56,14795.05,15170
1514966400,15170,15172.99,14150,14730.05
1514980800,14764.73,15045.51,14400.04,15033.77
1514995200,15045,15130,14671,14700.01
1515009600,14700.01,14990,14683,14919.51
1515024000,14919.51,15280,14649.99,15119.97
1515038400,15119.97,15119.97,14685,14748
1515052800,14734.07,14800,13918.04,14539.97
1515067200,14539.99,14653.4,14181.88,14353.01
1515081600,14367.99,14988,14238.01,14895.19
1515096000,14905,15100.08,14601,15059.54
1515110400,15059.56,15200,14642,14965.37
1515124800,14970,15083.63,14600,14920.14
1515139200,14916.95,16350,14880,16090.69
1515153600,16090.7,16267.04,15750,16087.72
1515168000,16094.99,17118.13,16087.73,16593.01
1515182400,16594.14,17176.24,16353,16960.39
1515196800,16960.39,17099.99,16288,16521.59
1515211200,16521.57,16750,16300,16518
1515225600,16500.18,16750.01,16340,16529.89
1515240000,16505.16,16639,16011.21,16556.22
1515254400,16550.04,16982,16501.75,16770.01
1515268800,16770.01,17143.13,16612.18,17069.79
1515283200,17069.79,17099.96,16605.01,16740.68
1515297600,16727.93,16749.98,16400,16746.99
1515312000,16747,16886.75,16560.02,16607
1515326400,16611,16649.05,16300,16439.65
1515340800,16439.64,16474.87,15610,16100.9
1515355200,16100.9,16500,15872.07,16150.03
1515369600,16218.85,16322.3,15514.99,15670.37
1515384000,15632.48,15921.68,15476,15865
1515398400,15864.99,15869.97,14551,15400
1515412800,15414,15499,12812,14299.98
1515427200,14297.9,15247.33,14238.32,15196.55
1515441600,15196.56,15270.99,14392.32,14902.54
1515456000,14902.54,15500,14701,15210
1515470400,15186.53,15397,14601,15062.28
1515484800,15062.28,15300,14170.33,14726
1515499200,14726,14829.98,14011.05,14654.96
1515513600,14655.01,14998.62,14585.01,14717.82
1515528000,14717.82,14861.56,14125,14400
1515542400,14401,14480,13750,13964.05
1515556800,13980,14349.99,13855,13979
1515571200,13978.95,14128.3,13131.31,13919.08
1515585600,13919.09,14490,13500,14399.95
1515600000,14399.95,14735.43,14172.95,14349.98
1515614400,14349.98,14955.66,14240,14907.09
1515628800,14940,14968.68,12613,12920
1515643200,12911.92,13631.98,11400,13530.42
1515657600,13530.42,13896.7,13041,13385.1
1515672000,13385.1,14400,13282.13,13958.08
1515686400,13950.05,14190,13205.58,13430.16
1515700800,13400,13655.92,12511,13238.78
1515715200,13238.76,13855,12500,13850
1515729600,13854.95,13966.63,13354.1,13722.04
1515744000,13722.04,14109.78,13301.99,13900.02
1515758400,13900.02,14059.48,13358.99,13411.79
1515772800,13411.79,13801.01,13222,13717
1515787200,13717,13900,13510,13740.01
1515801600,13749.95,14250,13706.15,14066
1515816000,14065.99,14320,13948.41,14255.09
1515830400,14250,14254,13974.94,14178
1515844800,14166,14580,14083.55,14241.26
1515859200,14257.84,14357,13923.18,14089.34
1515873600,14086.64,14348.19,14022,14210
1515888000,14210,14339.5,14088.55,14162
1515902400,14165,14200,13359.07,13590
1515916800,13590,13720,13120,13280.15
1515931200,13280.16,13426.45,12569.2,12869.89
1515945600,12869.82,13450,12690.01,13109
1515960000,13130.52,13600.8,13100,13474.99
1515974400,13477.98,13733.52,13215.56,13368.43
1515988800,13367,13736.4,13251,13355
1516003200,13346.34,13740.27,13147.79,13644.9
1516017600,13645,14249.99,13520.17,13990.01
1516032000,13990.01,14100,13655.21,13760
1516046400,13774.97,13841.75,13340.64,13539.93
1516060800,13500,13542.93,12501,12828.99
1516075200,12829.98,13169,12222,12347.32
1516089600,12340,12488,10620.88,12127.16
1516104000,12140,12200,11000,11964.02
1516118400,11963.9,11988.47,10575.35,11064.52
1516132800,11082.12,11439,9035,10900
1516147200,10899.99,11488.88,9777,10415.99
1516161600,10415.99,11111,9950.55,10765.01
1516176000,10777.93,10799.78,9587.99,9808.14
1516190400,9850.76,10333.01,9037.94,9227.47
1516204800,9227.46,10600.83,9150.01,10390
1516219200,10366,11680.99,10181.89,10988.79
1516233600,10972.59,11600,10650,10955.45
1516248000,10950.01,11325.06,10435.33,10472.97
1516262400,10461.71,11499,10440.01,11413.78
1516276800,11413.78,11878.82,11230,11700
1516291200,11696.99,11700.06,10888,11541.94
1516305600,11535,11742.95,10635.3,10961.97
1516320000,10960,11435,10360,10830.52
1516334400,10830.52,11333,10601,11069.72
1516348800,11060,11596,10950,11530.22
1516363200,11535.18,11795,11123,11400
1516377600,11383.16,11700,11003,11160.5
1516392000,11141.1,11487.39,11061.22,11474.98
1516406400,11474.98,11795,11412.45,11749.93
1516420800,11749.91,12869,11545,12660.98
1516435200,12660.98,12835,12300,12320.01
1516449600,12320.05,12700,12240.24,12539.05
1516464000,12539.08,13099,12535,12770.02
1516478400,12779.53,12929.97,12600,12799.94
1516492800,12799.8,12799.8,12201,12400
1516507200,12409.96,12410,11300,11701.14
1516521600,11721.43,12194.18,11515,12194.18
1516536000,12194.18,12291.35,11403,11412
1516550400,11420.99,11548.99,11024,11356.99
1516564800,11356.99,11542.39,10965,11530
1516579200,11530,11770,11149,11502.93
1516593600,11480.56,11765,11400,11743.97
1516608000,11745,11926.35,11231,11240
1516622400,11240,11380,10139.97,10330
1516636800,10330.06,10750,10231,10540.71
1516651200,10507.01,10849,9900.24,10760.05
1516665600,10760.05,10998,10502,10835
1516680000,10830.82,10941.54,10108.4,10250
1516694400,10250.85,10645.06,9905,10143.1
1516708800,10143.01,10770.54,9987.02,10750
1516723200,10750,11399,10740,10952.98
1516737600,10952.96,11199,10678,10799.18
1516752000,10799.14,10894.08,10503,10820.32
1516766400,10820.32,11100.1,10500,10956
1516780800,10955.99,11234,10729,11111
1516795200,11111,11570.48,11022,11070.09
1516809600,11070.09,11285.99,10862.08,11235.28
1516824000,11235.28,11390,11057,11349.99
1516838400,11349.96,11794.05,11248.48,11688.5
1516852800,11691.28,11691.28,11430,11460
1516867200,11465.91,11483.98,11147.07,11215
1516881600,11215,11327.73,10959,10999
1516896000,10998.99,11303.9,10950.21,11237.57
1516910400,11230,11395,11111,11175.27
1516924800,11184.7,11643,11160.43,11507.34
1516939200,11507.36,11555,11010,11010
1516953600,11010.09,11034.95,10311.15,10513.97
1516968000,10510,11147.85,10410,11147.85
1516982400,11147.84,11399,10868.8,10933
1516996800,10932.99,11168,10800.93,11089
1517011200,11089,11251,10842.69,10985
1517025600,10985,11400,10963,11243.68
1517040000,11243.68,11349,10900,11020
1517054400,11018,11495,10968.18,11464.97
1517068800,11452.62,11625,11360,11505.17
1517083200,11505.1,11650,11400,11491
1517097600,11499.98,11620,11408,11592.93
1517112000,11592.93,12244,11581.85,11969
1517126400,11969,12067.99,11818,12012.62
1517140800,12001.94,12079.9,11652,11791.12
1517155200,11793,11925,11750,11870
1517169600,11870,11999.98,11804.8,11879.95
1517184000,11879.95,11975.02,11433,11598.98
1517198400,11598.98,11739.08,11273,11318.01
1517212800,11320,11528,11139.55,11279.99
1517227200,11272.01,11445,11202.82,11383.91
1517241600,11383.91,11499,11270.01,11283.81
1517256000,11280.83,11410,11150,11251
1517270400,11250.11,11308.42,10850,10995.06
1517284800,10993.07,11138.43,10929.06,11118.99
1517299200,11119,11210.57,10900,11047.34
1517313600,11050.34,11096,10206.25,10323.02
1517328000,10323.25,10600,9900,10399.99
1517342400,10380,10565.84,10095.31,10237.51
1517356800,10230,10278,9700,10060
1517371200,10069.96,10347.52,9810,10280
1517385600,10280,10363,10060,10290.05
1517400000,10294.97,10425.85,9900,10017.47
1517414400,10017.51,10190,9860,10114.27
1517428800,10114.36,10298,10090,10285.1
1517443200,10285.1,10335,9959.04,10069.8
1517457600,10069.77,10275.47,10000.01,10063.75
1517472000,10063.75,10078.1,9500,9591.44
1517486400,9591.45,9665.58,9224,9339.87
1517500800,9326.23,9340,8900,8941.94
1517515200,8937.86,9560.01,8750.99,9224.52
1517529600,9224.52,9250,8734,8883.11
1517544000,8878.59,8925,8505,8673.11
1517558400,8673.11,8691.09,8250.92,8299.75
1517572800,8299.75,9120,8010.02,9070
1517587200,9070,9247.79,8501,8699.72
1517601600,8700,8967.45,8556.93,8873.03
1517616000,8873.03,8920,8233,8344.81
1517630400,8344.88,8788,8229,8708.82
1517644800,8708.82,9123,8579,9099.87
1517659200,9099.87,9459.6,8969,9173
1517673600,9173.01,9401,9055,9339.43
1517688000,9350,9473.01,9022,9199.96
1517702400,9199.96,9250,8901.01,9219.18
1517716800,9219.19,9368,9075.01,9200
1517731200,9200,9216,8687.45,8691.99
1517745600,8691.99,8894.12,8357.93,8419.96
1517760000,8419.96,8585,8180,8264.2
1517774400,8264.19,8474,7930,8184.81
1517788800,8179.99,8342.05,7910,8137.23
1517803200,8148.83,8382.8,7915.01,7965.01
1517817600,7965.01,8049.99,7510,7578
1517832000,7572.32,7788.87,7167,7384.85
1517846400,7375.49,7536.41,6625,6698.33
1517860800,6680.76,7543.99,6625,6939.99
1517875200,6939.63,7150,6155,6327.05
1517889600,6317.8,6655,6000.01,6043
1517904000,6040.98,6960,6019.24,6559
1517918400,6559,7462,6435.99,7290.61
1517932800,7299.99,7623.83,6781,7544.93
1517947200,7543.18,7878,7425.67,7652.14
1517961600,7655.02,7770,7155,7200
1517976000,7200,7734.52,7150.01,7669.97
1517990400,7669.97,8274,7580.6,8151.53
1518004800,8138.05,8476,8036,8169
1518019200,8165,8399,7867,8130.81
1518033600,8130.81,8259.12,7531.11,7599
1518048000,7599,7844,7572.09,7784.02
1518163200,7789.9,8395,7789.9,8280.11
1518177600,8288.03,8540,8201.95,8333.91
1518192000,8333.98,8738,8312,8633.15
1518206400,8638.05,8720.04,8403,8683.92
1518220800,8683.92,8997,8601,8910
1518235200,8904.61,9065.78,8760,8915.15
1518249600,8915.15,8920.17,8470,8635.99
1518264000,8626.12,8800,8231,8263.51
1518278400,8271,8448,8120,8419
1518292800,8420,8572,8125,8533.98
1518307200,8533.99,8549,7956,7969.05
1518321600,7976.73,8169.13,7800,7850.72
1518336000,7851.2,8190,7726.53,8140
1518350400,8139.99,8449.9,8110,8449.86
1518364800,8445.06,8500.85,8151.2,8285
1518379200,8285,8342.21,8015,8063.88
1518393600,8063.82,8570,8053,8479.99
1518408000,8479,8550,8337,8473.76
1518422400,8470.01,8840.82,8457.03,8640.01
1518436800,8640.01,8774.9,8502,8670
1518451200,8669.99,8799.42,8620,8792.76
1518465600,8793,8989,8700,8903
1518480000,8903,8950,8640.33,8760.59
1518494400,8763.2,8786.3,8554.87,8669.39
1518508800,8656.26,8669.42,8351,8531.47
1518523200,8525.08,8680,8450,8489.91
1518537600,8486.05,8647.03,8486.05,8616.04
1518552000,8616.11,8725,8461,8539.9
1518566400,8535.17,8724,8533,8709
1518580800,8709,8888.85,8705.01,8870.17
1518595200,8870.17,8930.65,8757.5,8927
1518609600,8929.96,9350,8924.87,9330.08
1518624000,9329.22,9400,9170,9239.36
1518638400,9232.04,9489.6,9190,9449.99
1518652800,9449.98,9710,9301.5,9636.58
1518667200,9643,9817.2,9620,9810.01
1518681600,9810.01,9925.17,9371.56,9566.56
1518696000,9560.01,9856.61,9560.01,9811.01
1518710400,9811.01,10219.5,9742.01,10110.75
1518724800,10114.1,10167.5,9832.95,10000.09
1518739200,10000.89,10323.37,9980,10104.7
1518753600,10108,10141.5,9679.16,9688.5
1518768000,9688.5,9973.86,9666,9799.43
1518782400,9796.01,10132,9740,10039.98
1518796800,10035.05,10150,9865,10030.66
1518811200,10030.65,10213.3,9927.93,10159.98
1518825600,10156.07,10489.66,10050,10459.04
1518840000,10459.04,10760,10418.01,10727.91
1518854400,10727.87,10877.91,10580,10683
1518868800,10683,10869,10499.86,10731.48
1518883200,10731.48,10835,10674,10722.99
1518897600,10720,11075.07,10675.1,11039.55
1518912000,11039.55,11274,10751.5,10800
1518926400,10808.99,10940,10323,10589.76
1518940800,10593.62,10599.93,10080,10550
1518955200,10550,10850,10350,10633.73
1518969600,10620.01,10874.99,10411.71,10831.26
1518984000,10835.62,10837.1,10331,10383.43
1518998400,10375.01,10639,10270.33,10499
1519012800,10498.86,10843,10334,10815.62
1519027200,10815.61,11031.31,10672.01,10918.84
1519041600,10918.84,11219,10855,11171.71
1519056000,11171.71,11250,10881,11126.06
1519070400,11126.17,11212,11005,11153
1519084800,11147.11,11516.51,11141,11424.1
1519099200,11424.1,11650,11379.99,11535
1519113600,11530.92,11585,11156,11400
1519128000,11408.88,11595,11378,11516.99
1519142400,11517,11748.01,11494.29,11668
1519156800,11668,11786.01,11100.59,11200.99
1519171200,11195.07,11304.03,10811.7,10915.34
1519185600,10919,11140,10620,11125
1519200000,11128,11185.19,10850,10948
1519214400,10948.02,11109,10407.09,10540.31
1519228800,10542.64,10675.51,10312.12,10385.5
1519243200,10385.5,10562,10200,10437.6
1519257600,10439.02,10799,10296,10711.84
1519272000,10711.84,10933.44,10520,10600
1519286400,10606.99,10670,10076,10259.87
1519300800,10260,10318,9711,9980.98
1519315200,9972.12,10048.33,9679,10027.7
1519329600,10027.71,10127,9789,9811.04
1519344000,9815.55,9825.91,9570.19,9807.89
1519358400,9802.14,9989,9656,9865.66
1519372800,9865.67,10230,9857.34,10180.06
1519387200,10180.06,10435,10088.1,10292
1519401600,10292,10300.92,10004.09,10033
1519416000,10037.9,10230,9857.75,10131.04
1519430400,10131.04,10468,10081.41,10400
1519444800,10395.74,10496.97,9938.98,10119.16
1519459200,10119.13,10155,9669.94,9757
1519473600,9757,9839,9556,9752.07
1519488000,9751.62,9821.96,9515,9570
1519502400,9570,9737,9352,9694.51
1519516800,9694.51,9779,9487,9559.01
1519531200,9558.78,9847,9534.5,9727.3
1519545600,9722.64,9787.6,9534.82,9665.99
1519560000,9663.98,9700,9300,9390
1519574400,9390,9512,9274.8,9473.09
1519588800,9470.75,9670,9432.34,9590
1519603200,9590,9754.98,9510.06,9590
1519617600,9584.72,9676,9379.01,9454.49
1519632000,9454.49,9745.83,9350,9715.99
1519646400,9708,10344,9640.01,10260.92
1519660800,10261,10400,10121,10238.62
1519675200,10235.94,10444.32,10160,10324
1519689600,10321,10419.7,10121,10270
1519704000,10270,10650,10217,10600
1519718400,10600,10780,10556.91,10695
1519732800,10698.97,10870,10463.18,10568.01
1519747200,10570,10769,10559.32,10697
1519761600,10697,10792.4,10560.01,10569.04
1519776000,10584.33,10977.95,10551,10919.9
1519790400,10915.03,11098,10669,10748.86
1519804800,10741.01,10828,10476.28,10570.95
1519819200,10574.13,10619.35,10375.54,10506.85
1519833600,10505,10570.89,10400,10560.02
1519848000,10563.79,10722,10300,10326.76
1519862400,10325.64,10464.99,10240,10356.03
1519876800,10356.01,10592.85,10335.96,10549.33
1519891200,10549.96,10745,10549.96,10671.93
1519905600,10671.93,10831,10591.16,10717
1519920000,10717,10945,10700.01,10880
1519934400,10880,11060.41,10789.26,10920
1519948800,10923.36,11200,10920,11117.97
1519963200,11117.97,11159.01,10901.01,11080.42
1519977600,11080.42,11139.1,10826.52,10898.95
1519992000,10898.95,11050,10770,10855.34
1520006400,10855,10950,10780,10937
1520020800,10937,11130,10890.81,11039
1520035200,11038.99,11396.7,11015.01,11324
1520049600,11320,11415.16,11301.1,11317
1520064000,11317,11382.32,11245.5,11287.21
1520078400,11287.21,11530,11287,11483.77
1520092800,11477.02,11544,11452,11505.21
1520107200,11510,11526,11268,11464.48
1520121600,11464.47,11470,11129.49,11163
1520136000,11163,11259.71,11050.02,11140.3
1520150400,11142.01,11273.7,11080.97,11159.68
1520164800,11159.68,11259,11090.01,11150.01
1520179200,11150,11429.99,11125.92,11378.89
1520193600,11378.19,11565,11361.69,11515
1520208000,11515,11589,11415.01,11568.03
1520222400,11558.47,11608,11458.43,11539.87
1520236800,11539.87,11556.57,11435,11515
1520251200,11515,11585.53,11441.78,11515.61
1520265600,11515.62,11680,11489.97,11669.08
1520280000,11666,11710,11454,11454
1520294400,11455,11455,11181.5,11280.01
1520308800,11280.01,11360,11229.8,11270
1520323200,11275.11,11333,10840.01,10937
1520337600,10936,11046.24,10777.78,10966
1520352000,10974.08,11013.5,10555.48,10707
1520366400,10707,10839,10566,10716.48
1520380800,10716.48,10899,10660,10724.99
1520395200,10724.98,10830.01,10400,10510
1520409600,10509.99,10635.03,10411.11,10635.03
1520424000,10635.6,10747.88,10502.76,10679.56
1520438400,10679.56,10716.66,9389.31,9844.18
1520452800,9837.84,10138.04,9707.07,9910
1520467200,9910,10037.99,9470,9500
1520481600,9508,9991,9489.39,9936.98
1520496000,9936.98,10099,9820,9910.09
1520510400,9902.98,9968.75,9624,9909.29
1520524800,9909.3,9914.96,9060,9357.86
1520539200,9349.04,9471,9182.41,9271.64
1520553600,9267.07,9410,8835.37,8953.01
1520568000,8953.01,8960,8329,8686.43
1520582400,8685,8948,8388,8923
1520596800,8933.91,9165.18,8822.99,8927
1520611200,8925.93,9049.01,8630,8770
1520625600,8770.01,9333.33,8704.31,9227
1520640000,9230,9400.79,9073.66,9210
1520654400,9210,9490,9174.44,9327.43
1520668800,9327.43,9403.09,9150.1,9345
1520683200,9345,9468.88,9180.7,9346.14
1520697600,9340,9418.17,8947.27,9089.93
1520712000,9089.93,9092.3,8667.07,8770.22
1520726400,8770.22,8774.76,8450,8617
1520740800,8617,8844.07,8568.1,8704
1520755200,8700,9100.66,8532.38,9027.68
1520769600,9025.03,9335,9015.11,9036.04
1520784000,9049.96,9711,9037.01,9639.57
1520798400,9637,9740,9431.26,9533.57
1520812800,9533.57,9713,9356.02,9416.09
1520827200,9416.09,9688,9370.05,9599.92
1520841600,9599.92,9888.88,9512,9837.03
1520856000,9837.04,9838,9110,9170.01
1520870400,9174.22,9309.57,8850,8927
1520884800,8934.99,9234.07,8780,9131.34
1520899200,9131.34,9264.1,8933,9037.71
1520913600,9037.72,9474,9012.9,9205.17
1520928000,9205.17,9349,8870,9044.9
1520942400,9049.47,9250,8823,9051
1520956800,9060.93,9275,8941.45,9069.3
1520971200,9072.57,9249.99,9000,9150
1520985600,9151.92,9333.78,9137,9249.93
1521000000,9249.94,9251,9050,9079.92
1521014400,9067.09,9129.99,8631.78,8675.08
1521028800,8675.08,8791.49,8570,8725.83
1521043200,8718,8726.82,8201,8285.97
1521057600,8285.97,8340.64,7900.28,8170
1521072000,8184.01,8250,7717,7870.15
1521086400,7870.15,7950.36,7650,7888.94
1521100800,7887.19,8299,7790.73,8235
1521115200,8235,8430,7925.15,8099
1521129600,8098.76,8310,7943.9,8203.03
1521144000,8210,8363.21,8129.79,8240.98
1521158400,8240.98,8324.96,7900,8040.74
1521172800,8040.74,8287,8026,8233
1521187200,8233,8280,8060,8192.94
1521201600,8182.07,8598.77,8139.02,8539
1521216000,8539,8611.64,8431.01,8536.17
1521230400,8536.17,8566.08,8257.2,8260
1521244800,8260,8322.49,8078,8199.92
1521259200,8199.91,8233,8082.5,8186.02
1521273600,8197.7,8348.62,8145.62,8158
1521288000,8158.01,8177.93,7852.2,7887.11
1521302400,7887.99,7968,7721.99,7820
1521316800,7820,8050,7745.18,7824.8
1521331200,7824.01,7857.24,7539.99,7666.35
1521345600,7666.33,7771,7519.84,7659.99
1521360000,7659,7810.97,7532.09,7760.09
1521374400,7761.19,7829,7322,7385
1521388800,7385,7584,7330,7463.53
1521403200,7473.86,8317.4,7453.59,8189.99
1521417600,8189,8456,8088.4,8169.25
1521432000,8157.01,8367.97,8140.54,8289.01
1521446400,8292.92,8400.81,8089,8330
1521460800,8330,8705.23,8205.01,8550
1521475200,8550,8630,8230.7,8395.81
1521489600,8395,8630.07,8360.26,8600
1521504000,8595.01,8667,8410,8599.97
1521518400,8600,8600,8340,8385.12
1521532800,8385.12,8555,8280,8516
1521547200,8517.44,8600,8429,8513.97
1521561600,8513.97,8968.95,8513.88,8950
1521576000,8950,9050,8810.96,8909.98
1521590400,8909.96,9078,8860.01,9042.23
1521604800,9042.23,9145.3,8900,8931.01
1521619200,8931,9125,8880,9063
1521633600,9063,9177.01,8956,9039.99
1521648000,9039.99,9069.99,8750.6,8862.92
1521662400,8862.78,8950,8777,8885
1521676800,8884.82,9100,8860,9017.01
1521691200,9019,9052.9,8889,8955.09
1521705600,8955,9020,8620,8642.01
1521720000,8645,8753.54,8465.1,8611.51
1521734400,8611.51,8695.28,8534,8610.99
1521748800,8610,8770,8510.2,8722.9
1521763200,8720,8729.5,8330,8410.05
1521777600,8400.65,8505,8345,8398.65
1521792000,8398.58,8554,8378.03,8510
1521806400,8509.99,8687.98,8269,8613
1521820800,8618,8749.5,8559.25,8623.99
1521835200,8623.99,8909,8559.25,8898.03
1521849600,8898.04,8969,8805.01,8880.02
1521864000,8885.95,8987.97,8834.29,8930
1521878400,8931.7,8931.89,8683,8723
1521892800,8723,8999.95,8666.3,8950
1521907200,8950,8954.63,8822.91,8892.56
1521921600,8884.08,8968,8491,8546.86
1521936000,8531.25,8599,8433.93,8555.58
1521950400,8550,8592.59,8379.23,8466.53
1521964800,8468.85,8575,8365.77,8407
1521979200,8408,8643,8380.41,8480
1521993600,8480,8669.85,8470.99,8612.09
1522008000,8620.97,8645.53,8388,8470.15
1522022400,8470.14,8514.89,8353.18,8440.92
1522036800,8440.92,8491.25,8364.57,8405.88
1522051200,8400.5,8426.99,8050,8089
1522065600,8089,8165,8000.01,8057.16
1522080000,8057.16,8099.04,7850.01,7910.03
1522094400,7910.04,8268.5,7831,8134.23
1522108800,8134.22,8215.94,7820,7866.42
1522123200,7866.42,8050.05,7730,7917.09
1522137600,7917.09,8040,7820,7934.22
1522152000,7932.2,8150.17,7878.58,8066.87
1522166400,8066.5,8126.03,7820,7886
1522180800,7886,8050,7755.58,7795.51
1522195200,7795.51,7885,7728,7874.98
1522209600,7870.05,7965.6,7811.02,7873.99
1522224000,7865,8109,7852,8040
1522238400,8040,8055.99,7825,7860.01
1522252800,7860.21,7952.44,7843.5,7899.94
1522267200,7890.63,8009,7836,7949.3
1522281600,7949.3,7975,7855,7880.94
1522296000,7870.12,7880.95,7500,7541.98
1522310400,7541.98,7587,7425.4,7466.97
1522324800,7466.89,7566,7334,7474.01
1522339200,7481.94,7580,7338,7341
1522353600,7341,7388.33,6941.11,7090.14
1522368000,7090.16,7165.08,6740,6861.01
1522382400,6867.19,7272.78,6666.66,7222.25
1522396800,7222.29,7292.43,6880,7027.72
1522411200,7027.73,7040.01,6679.01,6839.98
1522425600,6839.97,6911.69,6600.1,6800.63
1522440000,6816.58,6951,6735,6840.23
1522454400,6840.24,7120,6837.71,6959.02
1522468800,6954.06,7050,6777,6805.76
1522483200,6810,7148.2,6805.77,7073.63
1522497600,7079.72,7223.36,6978.98,7064.98
1522512000,7063.83,7172,6985,7048.23
1522526400,7054.99,7059.01,6842.97,6923.91
1522540800,6922,7049.98,6892,6922.12
1522555200,6926,6969,6670,6713.81
1522569600,6713.81,6775,6623.97,6685.1
1522584000,6688.53,6735,6430,6445
1522598400,6445,6961.83,6432.65,6900.99
1522612800,6900.98,6955,6753,6813.01
1522627200,6813.01,7020,6765,6980.72
1522641600,6982.44,7102.02,6833,7060.22
1522656000,7065.01,7125,7007.72,7046.01
1522670400,7046,7061.4,6873.32,7020.72
1522684800,7020.72,7048.89,6941,6989.8
1522699200,6989.8,7070,6890,7056
1522713600,7063.97,7188.99,7011.01,7180.01
1522728000,7183.01,7447.99,7180.01,7395
1522742400,7396.94,7422.63,7252,7307.48
1522756800,7302.03,7432.4,7277,7370.01
1522771200,7370.01,7520,7353,7467.11
1522785600,7467.12,7499,7345,7405.21
1522800000,7405.21,7427.52,7223,7295.71
1522814400,7295.72,7382.31,7261.41,7304.31
1522828800,7304.26,7338,7001,7058
1522843200,7055,7123.98,6766,6785
1522857600,6785,6918,6721,6854.41
1522872000,6857.86,6900,6707,6796.1
1522886400,6796.1,6825,6566.69,6776.99
1522900800,6776.99,6870,6709,6792.52
1522915200,6792.49,6902,6750,6779
1522929600,6778.99,6899,6612.11,6749.53
1522944000,6747.99,6800,6660,6760.96
1522958400,6760.96,6840,6671,6770.76
1522972800,6770,6850,6718,6760
1522987200,6755.24,6848,6529.68,6622.05
1523001600,6621.04,6657.86,6500,6600
1523016000,6600,6634.88,6540,6580.01
1523030400,6583,6627,6565.83,6618.39
1523044800,6618.37,6622.72,6516.67,6601.39
1523059200,6601.39,6880,6586.28,6864.32
1523073600,6866.52,6888,6818,6864.08
1523088000,6864.08,6929.86,6821,6862.04
1523102400,6862.04,7033.99,6760,7010
1523116800,7003.98,7070,6952.05,6988.99
1523131200,6988.99,7019.56,6850.01,6895.8
1523145600,6895.81,6987.15,6880,6964.98
1523160000,6960.11,7050,6891.79,6939
1523174400,6939,7100,6924.3,7099.85
1523188800,7100,7109.13,7019.09,7049.93
1523203200,7047.01,7049.93,6937.03,6994.42
1523217600,6989.97,7053.09,6942.84,7018
1523232000,7011.04,7165.21,7011.02,7131.85
1523246400,7131.78,7160,7084,7125
1523260800,7129.79,7185,6691.18,6745
1523275200,6740,6792,6676.5,6738.98
1523289600,6738.98,6767.99,6650.01,6672.08
1523304000,6677.04,6795,6611,6782.72
1523318400,6781.55,6809.55,6706.02,6805.63
1523332800,6808.68,6820,6670.25,6715.51
1523347200,6717.32,6788.62,6656,6735
1523361600,6735,6870.99,6719.91,6837.54
1523376000,6835.65,6874,6809.6,6844.93
1523390400,6844.93,6890,6768.01,6843.9
1523404800,6839.56,6872.71,6800,6818.79
1523419200,6818.79,6867.4,6787,6846.89
1523433600,6846.89,6869.34,6800,6851.97
1523448000,6851.53,6990,6840,6927.06
1523462400,6927.06,6936,6862.6,6910.63
1523476800,6914.97,6987.41,6878.14,6953.79
1523491200,6953.78,6980,6885,6965.2
1523505600,6965.21,6985,6743.2,6826.61
1523520000,6826.62,8012.23,6802.7,7690
1523534400,7685.55,7780,7569.83,7614.21
1523548800,7618,7775,7542,7700
1523563200,7699.97,7986.1,7694.05,7923
1523577600,7922.99,7994.96,7732,7832.99
1523592000,7832.99,8195.84,7751,8093.01
1523606400,8100,8170,8005,8091
1523620800,8091.4,8233.39,8013.27,8125
1523635200,8125.41,8168,8050,8094
1523649600,8093.82,8109.9,7768.47,7877.41
1523664000,7877.48,8095,7810,8044.66
1523678400,8044.67,8186,7935.15,8127.74
1523692800,8129.99,8175,7915,7965.32
1523707200,7965,7993.99,7849.46,7955.01
1523721600,7955.02,8046.63,7917,8022
1523736000,8022,8090.23,7941,7999.01
1523750400,8004,8133,7999.02,8083.99
1523764800,8084,8150,8050,8074.99
1523779200,8074.91,8429.54,8072.1,8330
1523793600,8330,8380,8230,8269.99
1523808000,8269,8349,8254.95,8300.01
1523822400,8305.55,8365.87,8277.57,8355
1523836800,8355.07,8419,8076.19,8146.9
1523851200,8144.73,8151,8000,8110
1523865600,8110.21,8138.53,8016.33,8086
1523880000,8086,8087.11,7867,7971.99
1523894400,7971.98,8056,7924.65,7983.99
1523908800,7983.97,8086.01,7935.99,8064.92
1523923200,8064.92,8083.61,7956.17,8045.78
1523937600,8049.9,8172.76,7960,8138.45
1523952000,8143.72,8173.7,8064.52,8124.87
1523966400,8124.87,8156,8051,8088.63
1523980800,8088.63,8134,7836.4,7874.01
1523995200,7874,7951.49,7825.4,7885.02
1524009600,7890.96,7979,7868.07,7947.71
1524024000,7947.74,8149.89,7868,8107.23
1524038400,8113.51,8120,8067.02,8103
1524052800,8104,8117.81,7931.01,7994
1524067200,7994,8149.78,7985.01,8116.65
1524081600,8116.01,8236.43,8097,8173
1524096000,8173.99,8290,8100,8185
1524110400,8184.99,8249,8080,8166.97
1524124800,8166.97,8259,8143.02,8207.01
1524139200,8207,8270,8171.56,8239.02
1524153600,8235.45,8296,8230.01,8249.95
1524168000,8249.95,8294.99,8189,8278
1524182400,8273.84,8398,8270.32,8331.03
1524196800,8331.3,8348.98,8177.09,8319.97
1524211200,8319.92,8540.37,8267.01,8515.01
1524225600,8515,8577.9,8431.86,8459.99
1524240000,8458,8539.63,8446,8518
1524254400,8518,8930,8490,8856.98
1524268800,8852.12,8928,8730,8862
1524283200,8858,9035,8839.99,8874.88
1524297600,8874.87,8888,8565,8700
1524312000,8700.01,8846.63,8680,8828.2
1524326400,8828.13,8874,8706.5,8792.47
1524340800,8792.47,8930,8707,8915.31
1524355200,8915.31,8915.33,8786.8,8811
1524369600,8814,8904.99,8794.62,8875
1524384000,8875,9020,8862.22,8916.01
1524398400,8916.01,8998,8768.79,8940.67
1524412800,8940.67,9020.67,8850,8881
1524427200,8881,8928,8727.68,8787.02
1524441600,8785.7,8888,8745,8861.52
1524456000,8861.52,8970.01,8821.01,8942.39
1524470400,8942,8957.04,8831,8910.02
1524484800,8910.02,8985,8858.08,8898
1524499200,8898,8938.21,8800.6,8847.37
1524513600,8847.37,8949.98,8825.01,8934.01
1524528000,8934,9230.15,8922,9192.47
1524542400,9192.48,9300,9177,9216
1524556800,9217.98,9349,9216,9294.57
1524571200,9294.59,9420,9155,9347.77
1524585600,9347.78,9455,9293.29,9449.9
1524600000,9452,9731.01,9400.04,9619.99
1524614400,9618.96,9759.82,9323.02,9347.99
1524628800,9349.99,9500,9110,9416.39
1524643200,9415,9438.54,8960,9144.03
1524657600,9137,9210.21,8730,8972.09
1524672000,8972.09,9089,8846,8969.98
1524686400,8969.55,9185.01,8770,8869.99
1524700800,8869.99,8899,8660,8808.02
1524715200,8812.7,8977,8771,8847.97
1524729600,8847.97,8917.51,8651.62,8857.01
1524744000,8858.51,8945,8740.01,8806.1
1524758400,8806.1,8925,8775.89,8881.54
1524772800,8880,9307.48,8880,9266
1524787200,9267.03,9297,9123.25,9143.01
1524801600,9143.01,9265.7,9104.88,9240.97
1524816000,9240.97,9395,9230,9309
1524830400,9308.9,9355,9150.1,9241.21
1524844800,9241.2,9328.26,9075.01,9089
1524859200,9089.12,9163.38,8889,8915.35
1524873600,8915.35,9196.32,8870,9155
1524888000,9155.01,9215.66,9108.99,9126.22
1524902400,9121.05,9330,9081.02,9218.57
1524916800,9218.57,9427.48,9210,9360
1524931200,9360,9410,9260,9393
1524945600,9393,9427.48,9258,9348
1524960000,9348,9570.51,9340,9484.26
1524974400,9484.24,9533.98,9400.11,9443.2
1524988800,9443.2,9480,9163.74,9265
1525003200,9265,9382.62,9205,9337.06
1525017600,9331.52,9368,9230.23,9320.07
1525032000,9326.99,9438,9290.92,9419
1525046400,9417.04,9458.64,9235,9269.85
1525060800,9274,9369.21,9180,9222.01
1525075200,9222.02,9285.9,9124.99,9276
1525089600,9276,9327,9240,9318.06
1525104000,9318.41,9369.18,9277.37,9337.55
1525118400,9337.55,9345,9165.96,9246.01
1525132800,9246.01,9248.99,8870,8938.01
1525147200,8938.5,9022.06,8894,8973.71
1525161600,8980.98,9082.08,8960.01,8975.01
1525176000,8983.94,9000,8800.49,8915.09
1525190400,8915.08,9038,8915.08,8979.52
1525204800,8986.97,9114.59,8971.01,9071.48
1525219200,9071.48,9115.26,8970.2,9039.06
1525233600,9039.05,9170.02,9033.27,9145
1525248000,9145,9217.3,9090.3,9170.15
1525262400,9170.15,9180,9031,9155
1525276800,9158.18,9172.27,9068.5,9138.94
1525291200,9135,9268,9108.47,9247.84
1525305600,9247.81,9295,9188.02,9250.9
1525320000,9253.92,9315.68,9168.4,9249.86
1525334400,9249.43,9264.27,9170,9224.75
1525348800,9220,9490.6,9207.39,9442.28
1525363200,9442,9779,9428.38,9666.01
1525377600,9670,9844,9614.01,9750
1525392000,9750,9750,9520.85,9580
1525406400,9580,9733,9572,9697.99
1525420800,9697.98,9830.04,9656.01,9765
1525435200,9760.33,9789.3,9570.1,9614.67
1525449600,9614.67,9711,9575,9671.23
1525464000,9671.23,9777.14,9655,9713.99
1525478400,9714,9889.45,9682,9830.32
1525492800,9830.32,9888.3,9784.89,9811.84
1525507200,9810.7,9972,9799.01,9900
1525521600,9900.56,10020,9890,9929.99
1525536000,9929.99,9970.89,9850,9870
1525550400,9867.04,9888.88,9730.01,9864
1525564800,9863.99,9970,9854,9895.99
1525579200,9897,9930.76,9576.41,9724
1525593600,9724.53,9724.53,9488.88,9539.94
1525608000,9536.98,9625.45,9417.03,9513.93
1525622400,9513.93,9650,9505.41,9548.01
1525636800,9548.01,9682.28,9531.01,9659.01
1525651200,9661.02,9689.67,9252,9350.02
1525665600,9351.77,9390.79,9258,9324.25
1525680000,9319.99,9434.8,9268.88,9339
1525694400,9335.88,9382,9181,9365.28
1525708800,9365.7,9465.64,9341.04,9430.49
1525723200,9432.79,9462.79,9269.46,9365
1525737600,9365,9475.7,9358.16,9444
1525752000,9445.6,9445.7,9305,9370
1525766400,9370,9414.4,9185,9198
1525780800,9200,9200.01,9060.54,9199.6
1525795200,9199.64,9271,9080,9255.01
1525809600,9255,9257,9163,9187.56
1525824000,9178,9199,8984.93,9032.08
1525838400,9025.81,9099,8965,9033.12
1525852800,9032,9272,9026,9258.13
1525867200,9258.65,9338,9240.12,9290
1525881600,9294,9390,9264,9289.25
1525896000,9289.29,9344,9231,9310
1525910400,9310,9376,9280.88,9344.89
1525924800,9340.49,9389.7,9260,9369
1525939200,9362.47,9395.12,9315,9344
1525953600,9344,9395,9323,9350
1525968000,9350.04,9380.86,9052.96,9085
1525982400,9085,9131,8970,9002.2
1525996800,9002.21,9006.99,8850,8918.86
1526011200,8916.23,9016.8,8670.2,8723
1526025600,8710.34,8831,8582.5,8594.98
1526040000,8594.98,8668.14,8462,8577.42
1526054400,8575.21,8684,8540,8600.96
1526068800,8596.56,8634,8341,8400
1526083200,8405.94,8476.36,8345,8385.03
1526097600,8386.68,8438,8153,8311
1526112000,8311,8588,8160,8524.02
1526126400,8524.02,8646.88,8280,8313.13
1526140800,8319.97,8500.03,8250,8480.02
1526155200,8483.4,8540.11,8324.01,8465.94
1526169600,8475.44,8524,8346.51,8433
1526184000,8433,8508.99,8298,8459
1526198400,8458,8610,8379.99,8555
1526212800,8555,8657.99,8505.99,8625.5
1526227200,8625.5,8700.96,8547,8632
1526241600,8632,8763.36,8620.03,8679.71
1526256000,8679.71,8709.93,8365,8390
1526270400,8383.26,8430,8277,8376.33
1526284800,8376.33,8448,8313,8415.01
1526299200,8415.02,8823.99,8300,8789.12
1526313600,8789.12,8813.53,8685.74,8747.49
1526328000,8747.45,8879.99,8593.11,8663.34
1526342400,8663.37,8762.46,8611,8716.44
1526356800,8710.1,8788,8678.13,8745.9
1526371200,8745.45,8859.99,8640.96,8760
1526385600,8759.48,8793.84,8456,8517.01
1526400000,8513.08,8588.64,8427,8554.99
1526414400,8555,8560,8401.3,8462
1526428800,8462,8488,8083.01,8140
1526443200,8138.03,8249.99,8136.1,8216.22
1526457600,8216.22,8417.87,8162.72,8355
1526472000,8355,8387,8109.73,8265
1526486400,8265,8352.19,8193.19,8218.22
1526500800,8227.17,8351.91,8205,8330
1526515200,8330,8464,8305.03,8352
1526529600,8349.99,8372.31,8200,8239.5
1526544000,8246.72,8320.91,8230,8296.98
1526558400,8296.98,8354,8230.01,8302
1526572800,8302,8334.24,8101,8172
1526587200,8172,8241.91,7979,8041.46
1526601600,8038.82,8058.97,7911.9,7995
1526616000,7995,8172.05,7955.24,8093.44
1526630400,8093.44,8155,8051,8103.96
1526644800,8110.04,8139.79,8030,8109.99
1526659200,8106.03,8273.21,8070.93,8231.1
1526673600,8231.1,8270.93,8196.92,8239.81
1526688000,8238.01,8256.99,8143.53,8224.4
1526702400,8224.39,8248.73,8095.73,8158
1526716800,8155.85,8372.86,8130,8366.08
1526731200,8372.83,8390.8,8280,8310
1526745600,8310,8325.57,8261,8305.37
1526760000,8305.37,8312,8165,8233.49
1526774400,8233.49,8295,8163.9,8246.02
1526788800,8246.01,8285.22,8223.17,8263.03
1526803200,8263.03,8386,8252.5,8340.88
1526817600,8340.88,8395,8291,8389
1526832000,8389.48,8558,8389,8528
1526846400,8528.01,8609,8479,8526.98
1526860800,8526.97,8556.54,8441.58,8501
1526875200,8500,8595.31,8480.01,8540
1526889600,8540,8543.58,8419.61,8469.98
1526904000,8469.99,8505.2,8350,8396.01
1526918400,8396.01,8408.7,8305,8368.18
1526932800,8368.18,8449.11,8351.2,8381.24
1526947200,8386.89,8400.18,8251.23,8324.94
1526961600,8324.94,8368.34,8269.2,8322
1526976000,8322.98,8325,8191.41,8202.21
1526990400,8205.01,8262,8145,8232
1527004800,8232,8261,8155.2,8171.09
1527019200,8171.03,8195.3,7935.11,7977.11
1527033600,7977.12,8031.9,7860,7956
1527048000,7956,7961.28,7805,7838
1527062400,7838,7909.69,7783,7834
1527076800,7839.96,7938.84,7641,7691
1527091200,7693.3,7696.11,7425,7589.99
1527105600,7590.85,7659.92,7440.97,7501.95
1527120000,7501.95,7644.89,7496.09,7604.35
1527134400,7604.35,7730.73,7521.98,7542.02
1527148800,7547.94,7560,7266.99,7364.99
1527163200,7361.98,7589,7268,7576.06
1527177600,7576.08,7630,7444,7579.58
1527192000,7579.58,7640.79,7462.91,7575.01
1527206400,7578.99,7647.79,7503.93,7591.96
1527220800,7590,7649.55,7361.01,7420.43
1527235200,7419.67,7489.26,7308.15,7463.97
1527249600,7460,7542.99,7416,7500.02
1527264000,7500.02,7505,7353.33,7416.01
1527278400,7417.02,7505,7344.35,7457
1527292800,7456.99,7469,7398.18,7435.46
1527307200,7437.83,7620,7357.4,7550
1527321600,7549.99,7574.78,7500.2,7528.68
1527336000,7528.69,7553.11,7462.2,7542.77
1527350400,7540.18,7569.38,7505.57,7533.35
1527364800,7533.35,7620,7300,7333.96
1527379200,7334,7340.06,7231.11,7297.95
1527393600,7297.95,7380,7240,7314.66
1527408000,7314.61,7394.4,7240,7334
1527422400,7334,7367.98,7274.05,7342
1527436800,7342,7400,7255,7287.5
1527451200,7289.98,7375.62,7281.22,7338.99
1527465600,7338.99,7437,7301,7374.98
1527480000,7374.99,7386.06,7159.1,7215
1527494400,7220.45,7235.8,7178.18,7191.65
1527508800,7196.74,7300,7148.16,7220.12
1527523200,7223.98,7246.45,7175.23,7214.99
1527537600,7215,7242.99,7058.02,7099
1527552000,7099,7132.1,7032.95,7115.99
1527566400,7116,7161.43,7042.03,7154.01
1527580800,7155,7483.78,7094.7,7405.61
1527595200,7403.98,7476.41,7382.12,7430.53
1527609600,7430.53,7540,7408,7473.01
1527624000,7473,7533.35,7401.02,7461.29
1527638400,7467.98,7569,7442,7486.01
1527652800,7486.01,7530.01,7418,7491.12
1527667200,7489.05,7548,7436.49,7518.51
1527681600,7518.51,7549,7290,7324.81
1527696000,7324.81,7352.77,7260.5,7314.98
1527710400,7314.99,7399,7313,7375.96
1527724800,7382.07,7382.07,7327.51,7370.24
1527739200,7372.18,7600.18,7365,7558.98
1527753600,7555.55,7576.49,7484.08,7531.97
1527768000,7531,7586.15,7486.15,7558.63
1527782400,7555.06,7699,7525.08,7544.9
1527796800,7544.9,7575,7420.23,7485.01
1527811200,7485.01,7538,7454.35,7495.13
1527825600,7495.13,7608.55,7455.48,7572.09
1527840000,7572.09,7599.99,7361.39,7361.39
1527854400,7361.49,7461.06,7355.54,7447.3
1527868800,7447.3,7461.08,7388.03,7440.14
1527883200,7440.14,7540,7396,7521.01
1527897600,7521.01,7533,7437,7500
1527912000,7500,7685,7465.53,7641
1527926400,7641,7695.17,7612,7652.28
1527940800,7650,7697.33,7590.67,7623.1
1527955200,7623.09,7672,7592.77,7665
1527969600,7664.99,7672,7607.65,7640.03
1527984000,7636.81,7676.12,7600,7643.1
1527998400,7645.23,7786.69,7625,7720
1528012800,7720,7776.25,7695.5,7714.85
1528027200,7714.85,7750.26,7680.06,7730.01
1528041600,7731,7739.97,7636.21,7699.57
1528056000,7699.58,7729,7672.36,7714.26
1528070400,7714.26,7760.52,7665.32,7690
1528084800,7688.99,7707,7568,7597.7
1528099200,7597.7,7628.98,7484.25,7505
1528113600,7505,7538.99,7446.5,7496.99
1528128000,7496.99,7515,7447,7494.99
1528142400,7494.99,7548.82,7459,7487
1528156800,7487,7518.8,7376.21,7417.36
1528171200,7417.36,7455.94,7367.83,7412.01
1528185600,7412.01,7470,7386.7,7428.88
1528200000,7422.1,7594,7358,7577.09
1528214400,7577.09,7679.49,7533.98,7621.01
1528228800,7620.01,7650,7570.33,7625
1528243200,7626.64,7647.77,7583,7595
1528257600,7595,7690.52,7557,7619.15
1528272000,7619.15,7638,7568.53,7619
1528286400,7615.02,7680,7600.99,7650.5
1528300800,7650.51,7669,7467.05,7526.87
1528315200,7523.1,7699,7502.02,7658.84
1528329600,7658.79,7765,7647.84,7722.28
1528344000,7726.9,7730,7660.83,7708.31
1528358400,7708.31,7742,7675,7696.23
1528372800,7695.02,7740.9,7651.21,7691.43
1528387200,7690.38,7735,7673,7695.12
1528401600,7695.16,7700,7620,7691.08
1528416000,7691.08,7703.5,7630,7630.5
1528430400,7630.49,7654.98,7596,7627.88
1528444800,7627.88,7638.64,7536,7558.99
1528459200,7558.99,7651,7531,7627.51
1528473600,7633.57,7668,7603.7,7641.13
1528488000,7641.12,7664.43,7595,7603.44
1528502400,7603.44,7683.98,7601.22,7661.15
1528516800,7662.68,7682.08,7640,7649.01
1528531200,7652.22,7666.66,7610.98,7635.01
1528545600,7635.01,7650,7566,7610
1528560000,7607.21,7624,7563.3,7613.86
1528574400,7610.27,7629.94,7450,7491.73
1528588800,7491.73,7491.73,7252.86,7261.03
1528603200,7261.03,7315.41,7168.79,7185.53
1528617600,7185.53,7250.43,7165.72,7235.1
1528632000,7235.1,7293.21,7170.14,7228.78
1528646400,7228.78,7244.07,6622.81,6839
1528660800,6839.78,6841.35,6630,6764.99
1528675200,6765,6826,6669.01,6768.6
1528689600,6768.6,6795.55,6610,6625
1528704000,6625,6824.67,6618.03,6770.56
1528718400,6770.62,6779.69,6634.77,6682
1528732800,6679.48,6783.5,6657.75,6747.65
1528747200,6747.67,6922,6711,6872
1528761600,6872,6890.51,6770.63,6811
1528776000,6810.99,6847.53,6802.41,6825
1528790400,6825.73,6872.68,6800,6831.7
1528804800,6831.68,6834.01,6681.85,6760
1528819200,6760,6761.55,6435,6497.97
1528833600,6494.61,6576.61,6450,6530
1528848000,6530,6567.5,6520,6537.63
1528862400,6541.31,6627.6,6501.01,6537.44
1528876800,6540.99,6562,6333,6447.01
1528891200,6447.01,6487.96,6335.03,6366.31
1528905600,6366.31,6408.32,6118.68,6273.87
1528920000,6274,6346.88,6219,6292.78
1528934400,6292.78,6523.69,6260,6497.05
1528948800,6502.75,6513.74,6425.01,6477.59
1528963200,6479.48,6556.77,6466.25,6528
1528977600,6529.71,6535.9,6275.16,6344.35
1528992000,6344.35,6720,6344.35,6642
1529006400,6642.88,6700,6580.3,6635.98
1529020800,6638.67,6644.98,6551.11,6602.12
1529035200,6602.11,6620,6525.01,6571.47
1529049600,6563.47,6666.66,6445,6525
1529064000,6530.47,6554.21,6468.59,6538.9
1529078400,6542.22,6620,6501,6536.8
1529092800,6539.05,6541.55,6362.31,6388.9
1529107200,6380.01,6458.28,6370,6399.02
1529121600,6399.04,6481.05,6397,6457.69
1529136000,6457.69,6511.5,6419.1,6447
1529150400,6448.97,6468.3,6320.86,6358.96
1529164800,6358.97,6560,6329,6488.19
1529179200,6488.21,6550.85,6463.74,6483.98
1529193600,6482.5,6550,6480.99,6540
1529208000,6538,6551.52,6499.79,6527.79
1529222400,6527.82,6589.03,6490,6508.01
1529236800,6511.47,6529.54,6435,6516.59
1529251200,6516.6,6560,6485,6523.81
1529265600,6521.83,6526.46,6422,6449.61
1529280000,6444.06,6467.43,6380,6415.5
1529294400,6415.5,6448,6380.01,6431.1
1529308800,6431.1,6500,6385,6418.26
1529323200,6419.63,6480.83,6401.42,6460.57
1529337600,6458.01,6794.38,6450,6694.63
1529352000,6694.62,6733,6689,6712.46
1529366400,6711.39,6730,6656.5,6683
1529380800,6684,6715.37,6665,6699.01
1529395200,6700,6779.6,6679,6726.11
1529409600,6726.11,6841.74,6718.09,6739.04
1529424000,6739.04,6749,6653,6742.03
1529438400,6742.03,6751,6682.33,6741.21
1529452800,6740,6745.06,6551.81,6601.73
1529467200,6602.74,6645,6562,6627.95
1529481600,6627.94,6663.81,6605.56,6626.61
1529496000,6626.6,6778.7,6572,6750.62
1529510400,6750.64,6817.23,6737.6,6748.93
1529524800,6748.93,6764.91,6708.93,6761.51
1529539200,6763.21,6795,6729.16,6772.41
1529553600,6772.69,6776.8,6731.43,6758.72
1529568000,6751.94,6779.69,6680,6732.85
1529582400,6730,6740.94,6672.57,6713.96
1529596800,6713.96,6737.79,6688,6714.04
1529611200,6714.52,6748,6695.31,6718.84
1529625600,6717.69,6733.97,6600,6660.29
1529640000,6660.29,6670.97,6452.01,6495.08
1529654400,6499.76,6510,6272.94,6348.52
1529668800,6351,6357.86,6070.61,6150
1529683200,6150,6236,6110.75,6192.39
1529697600,6193.58,6204.4,5918.94,6045
1529712000,6045.92,6169.64,6031.7,6095.42
1529726400,6096.54,6131.36,6008.48,6105.99
1529740800,6105.49,6163.29,6063.87,6126
1529755200,6126,6140.07,6049,6091.64
1529769600,6095.86,6150,6091.31,6135.61
1529784000,6135.61,6260,6111,6149.98
1529798400,6149.98,6180.24,5977.77,6047.85
1529812800,6051.95,6054.63,5777.77,5830
1529827200,5829.08,5919.5,5781,5904.98
1529841600,5900.01,5934.41,5750,5767.02
1529856000,5769.86,6259.8,5750,6178
1529870400,6178,6199,6086,6136.97
1529884800,6137.95,6179.8,6097.58,6119.9
1529899200,6119.9,6196,6119.25,6148.32
1529913600,6148.32,6239.73,6140.91,6232.82
1529928000,6231,6350,6061.97,6290
1529942400,6288.08,6327.3,6192.86,6255.7
1529956800,6255.7,6290,6226.99,6252
1529971200,6252,6266.47,6180,6227.99
1530014400,6228,6247.6,6121.05,6188.01
1530028800,6188.01,6224.01,6155.11,6161.6
1530043200,6164.95,6272.54,6035,6070.78
1530057600,6065.89,6113,6001,6031.8
1530072000,6031.8,6095,6026.79,6072.33
1530086400,6073.5,6141.8,6066,6091.74
1530100800,6092,6164.99,5971,6110.09
1530115200,6106.06,6151.92,6087,6133
1530129600,6144.84,6190.43,6106.07,6133.73
1530144000,6134.73,6165.83,6069.91,6094.85
1530158400,6088.78,6173.01,6073.99,6116.75
1530172800,6116.75,6137.36,6082.01,6103.51
1530187200,6108,6136.27,6060.59,6107
1530201600,6104.1,6119,6060.59,6088.1
1530216000,6091.42,6104.83,5827,5853.98
1530230400,5851.01,5923,5850,5886.09
1530244800,5886.09,5979,5780,5904.22
1530259200,5901.03,5933.6,5840.14,5877.12
1530273600,5877.12,5913,5811.02,5900.05
1530288000,5903.39,5908.67,5867,5883.02
1530302400,5883.59,6300,5881.98,6197.92
1530316800,6197.92,6528.99,6186.03,6366
1530331200,6365.41,6427.6,6365,6409.36
1530345600,6409.36,6416.84,6367.4,6399
1530360000,6399,6466.75,6323.93,6382.27
1530374400,6382,6385.87,6301.01,6325.91
1530388800,6325.75,6423,6318.64,6390.07
1530403200,6391.08,6441.06,6315,6344.57
1530417600,6344.57,6410,6335.37,6376.98
1530432000,6376.97,6398.92,6330,6385
1530446400,6384.73,6389.37,6251,6316.58
1530460800,6316.14,6347.14,6299.96,6326.92
1530475200,6327,6429.99,6312.36,6356.81
1530489600,6360.82,6369,6298.57,6346
1530504000,6344.81,6361.75,6271.62,6345.41
1530518400,6345.41,6381.33,6315.27,6343.99
1530532800,6344,6679.71,6325.88,6630.08
1530547200,6630.09,6685,6586.75,6629
1530561600,6629,6665,6599.05,6615.29
1530576000,6615.29,6670,6596.31,6645
1530590400,6642.79,6679.35,6609.84,6645.99
1530604800,6644.21,6647.71,6519.99,6576.51
1530619200,6576.51,6599,6545.02,6585.02
1530633600,6585.02,6655,6529,6601.54
1530648000,6601.54,6629.39,6463.01,6513.86
1530662400,6511.01,6524.6,6441.11,6481.69
1530691200,6481.72,6600,6455.2,6536.93
1530705600,6536.93,6784.92,6532.65,6683.76
1530720000,6683.77,6706.99,6632,6683.07
1530734400,6683.08,6697.96,6555,6586.98
1530748800,6585.53,6712,6510,6626.88
1530763200,6625.92,6667.1,6560,6615
1530777600,6614.99,6689,6551,6614.65
1530792000,6613.52,6673.79,6530.28,6611.36
1530806400,6614.79,6639.97,6453.33,6510.32
1530820800,6509.86,6563.76,6476.99,6529.2
1530835200,6529.2,6553,6511,6530
1530849600,6530,6533.63,6425,6478.85
1530864000,6478.99,6548,6472.1,6526.56
1530878400,6526.42,6648.54,6525.93,6565.01
1530892800,6564.66,6629,6512.46,6570.01
1530907200,6570.01,6630,6555,6609.78
1530921600,6609.79,6613.99,6561.01,6599.99
1530936000,6599.45,6618.8,6561.01,6589.93
1530950400,6591.78,6592.07,6555,6584.79
1530964800,6584.79,6614,6511.44,6558.03
1530979200,6558.03,6573.94,6525.01,6537.84
1530993600,6537.84,6818.16,6508.88,6756.98
1531008000,6753.48,6780,6716,6718.9
1531022400,6717.01,6741.18,6708,6739.19
1531036800,6739.18,6745.49,6717.01,6735.43
1531051200,6738.78,6778.73,6711,6740.93
1531065600,6740.93,6773.52,6739.93,6765.18
1531080000,6765.17,6774.85,6667.44,6712.1
1531094400,6712.1,6729.18,6677.31,6717.28
1531108800,6717.28,6748.27,6682,6725
1531123200,6726.99,6752.62,6657.02,6718.01
1531137600,6718.02,6745,6696.99,6726
1531152000,6726,6727.99,6660,6709
1531166400,6709.68,6802.06,6612.24,6662.12
1531180800,6662.78,6681,6606.11,6632.22
1531195200,6632.14,6655.46,6544.04,6601.17
1531209600,6601.17,6617,6327,6365.06
1531224000,6365.06,6403.83,6325.99,6383.7
1531238400,6386.97,6413.97,6334.56,6376.13
1531252800,6376.13,6404.77,6263,6296.91
1531267200,6296.91,6400,6278.99,6337
1531281600,6337,6366.3,6280,6346.01
1531296000,6345.01,6406,6315.01,6374.97
1531310400,6374.94,6391.91,6340,6359.99
1531324800,6360,6364.5,6282.83,6344.59
1531339200,6345.29,6381.08,6339.42,6378.07
1531353600,6378.07,6380.28,6300.18,6343.8
1531368000,6343.8,6344.44,6141.11,6177.99
1531382400,6176.21,6209,6135,6165.76
1531396800,6165.76,6198.36,6152,6167.36
1531411200,6163.65,6193.41,6154.82,6173.98
1531425600,6173.98,6274.44,6070,6250.57
1531440000,6251.4,6310,6216.02,6258.95
1531454400,6256.26,6350,6211.58,6255
1531468800,6252.94,6255.29,6230,6247.62
1531483200,6250.55,6295,6232.06,6265
1531497600,6265,6347.38,6161.59,6178
1531512000,6177.9,6244.96,6110,6214.57
1531526400,6214.57,6280,6191.78,6208.98
1531540800,6208.98,6233.08,6195,6222.99
1531555200,6222.02,6245,6178,6237.01
1531569600,6237.01,6252.89,6220,6242.01
1531584000,6242.26,6300,6206.12,6270.01
1531598400,6270,6335,6205,6251.99
1531612800,6250.9,6261.27,6225.4,6257.99
1531627200,6257.99,6294.95,6255.17,6283.99
1531641600,6282.63,6395,6281.17,6355.51
1531656000,6355.97,6394,6329,6385.46
1531670400,6385.46,6395,6340,6361.66
1531684800,6365.48,6388,6344,6353.01
1531699200,6354.15,6383.85,6330.4,6357.75
1531713600,6357.75,6389.67,6343.61,6370
1531728000,6370.8,6670,6362.02,6635.57
1531742400,6631.12,6649.1,6579.99,6632.78
1531756800,6632.45,6714.96,6616,6676.48
1531771200,6681.95,6747.3,6644.09,6723.35
1531785600,6723.33,6754,6685.66,6739
1531800000,6739.71,6754.99,6652.04,6696.67
1531814400,6696.67,6734.99,6668.06,6675.76
1531828800,6675.76,6795,6667.72,6778.31
1531843200,6776.68,7468.99,6728.84,7289.64
1531857600,7289.64,7385.67,7272,7317.44
1531872000,7317.44,7550,7309.64,7457.03
1531886400,7459,7480.55,7399,7434
1531900800,7434,7438.13,7310.48,7419
1531915200,7418.02,7531.3,7360.4,7428.73
1531929600,7428.46,7588.08,7336.13,7396.99
1531944000,7396.83,7398.01,7225.38,7381.9
1531958400,7381.88,7381.9,7270,7316
1531972800,7316,7366.16,7306,7316.66
1531987200,7316.67,7440.48,7291.37,7414.49
1532001600,7419.65,7521.86,7373.25,7392.35
1532016000,7392.35,7490,7352,7448.78
1532030400,7450,7576.28,7414.14,7466.21
1532044800,7468.86,7479.82,7367,7461.35
1532059200,7461.35,7479,7336.66,7449.99
1532073600,7443.5,7517.86,7430,7504.65
1532088000,7504,7521.07,7436.4,7467.93
1532102400,7468.96,7700,7273,7350.05
1532116800,7353.37,7373.93,7280,7337.53
1532131200,7337.47,7338.19,7211,7280.02
1532145600,7280.01,7359.63,7255.93,7321.27
1532160000,7324,7350,7288.22,7314.19
1532174400,7314.18,7419.54,7297.44,7391.63
1532188800,7394.87,7447,7379.13,7422.92
1532203200,7422.92,7458.47,7396.08,7398.78
1532217600,7399.25,7487.49,7339,7422.93
1532232000,7422.93,7422.93,7370.1,7395.03
1532246400,7395.03,7469.99,7392.8,7445.02
1532260800,7446,7555,7429.92,7527.38
1532275200,7527.99,7539.9,7484.4,7528.05
1532289600,7528.04,7582.4,7335.5,7394.79
1532304000,7394.78,7670,7375,7623
1532318400,7623,7790,7623,7758.94
1532332800,7758.95,7763.87,7666,7695
1532347200,7695,7752,7671,7733.74
1532361600,7731.5,7833,7638.8,7755
1532376000,7757,7780,7699,7721.01
1532390400,7721.65,7795.28,7696,7774
1532404800,7771.18,8047.37,7766.59,8031
1532419200,8031.01,8280,7966.1,8257.99
1532433600,8257.98,8371.93,8120.01,8180.27
1532448000,8182.4,8312.16,8160.9,8266.24
1532462400,8266.24,8486,8185,8397.24
1532476800,8397.24,8491.77,8293,8374.31
1532491200,8374.31,8450,8296.3,8335
1532505600,8335,8335,8137.01,8179.1
1532520000,8184.6,8229.58,8050,8114.96
1532534400,8114.96,8179.16,8071.1,8166.98
1532548800,8166.97,8337.6,8124,8175.64
1532563200,8175.63,8264.73,8169.26,8228.23
1532577600,8228.23,8315.69,8188,8245.87
1532592000,8245.85,8313.99,8219.96,8251.9
1532606400,8255.29,8260,8180,8205.63
1532620800,8208.29,8280,8191,8264.27
1532635200,8261.1,8299.08,7850.06,7920
1532649600,7920,7963.94,7861.04,7886.35
1532664000,7886.9,7954.93,7885.17,7916.99
1532678400,7916.99,8003.81,7910,7938.07
1532692800,7934.69,8199.51,7805,8152.56
1532707200,8157.22,8285,8152.17,8221.63
1532721600,8220.2,8277.2,8128,8188.57
1532736000,8188.57,8225.3,8140.09,8164.99
1532750400,8164.99,8235.33,8164.44,8196.72
1532764800,8196.71,8225.01,8145,8184.73
1532779200,8184.69,8205,8067,8116.11
1532793600,8116.11,8218,8116.1,8187.64
1532808000,8187.63,8246.54,8150,8225.04
1532822400,8225.04,8294.51,8216.67,8240.44
1532836800,8240.03,8245.1,8169.78,8172.78
1532851200,8178.99,8180.14,8115,8167.88
1532865600,8167.84,8242.42,8152,8227.12
1532880000,8229.82,8229.9,8161.04,8221.01
1532894400,8221,8278.78,8170.72,8211
1532908800,8210.99,8273,8070,8192.11
1532923200,8192.1,8211.74,8125,8162.1
1532937600,8163.52,8188.88,8126.31,8155
1532952000,8155.04,8211.74,8089.37,8122.9
1532966400,8122.95,8150,7866,8120
1532980800,8121.21,8200,8068.09,8173.92
1532995200,8171.4,8180,8103.01,8129.97
1533009600,8129.97,8155.97,8088.14,8126.77
1533024000,8126.78,8131,7927,7980
1533038400,7980.01,7981.45,7656.74,7758.44
1533052800,7758.44,7840,7687,7750.65
1533067200,7749.01,7777,7633,7730.93
1533081600,7735.67,7750,7500,7539.99
1533096000,7540,7580,7464.81,7556.93
1533110400,7556.93,7660.95,7522,7566.17
1533124800,7569.78,7637,7549.19,7601.79
1533139200,7599.05,7614.57,7529.63,7564.84
1533153600,7564.84,7636.69,7430,7604.58
1533168000,7600.08,7709.46,7597.5,7642.33
1533182400,7645,7699,7617.31,7659
1533196800,7659,7663.82,7544.13,7560.05
1533211200,7562.42,7571.34,7469.64,7524.79
1533225600,7524.78,7596.2,7455.72,7537.43
1533240000,7535.43,7575,7516.92,7525.71
1533254400,7525.71,7528.91,7311.1,7325.91
1533268800,7325.91,7400,7282.44,7398.68
1533283200,7393.11,7425.9,7323.89,7359.94
1533297600,7359.93,7499,7341.41,7480
1533312000,7478.87,7540,7359,7375.85
1533326400,7377.18,7447,7358,7418.78
1533340800,7412.27,7494.81,7386.46,7456.05
1533355200,7456.05,7468.57,7412,7448.66
1533369600,7448.54,7482.65,7375.26,7398.57
1533384000,7397.22,7400,6951,6981.44
1533398400,6984.25,7039,6926,6995
1533412800,6995,7049.37,6970,7009.84
1533427200,7009.84,7030.65,6884,7011.14
1533441600,7014.94,7021.08,6934.19,6942
1533456000,6942,7089.87,6932,7025.24
1533470400,7025.91,7069.98,6882.29,6999.44
1533484800,6998.01,7053,6950.01,7017.18
1533499200,7017.17,7079.79,7002.04,7024.19
1533513600,7024.19,7160,7021.51,7087.99
1533528000,7088.32,7119.98,6983.02,7015
1533542400,7016.18,7018.13,6913.37,6980
1533556800,6979.62,6989,6861.06,6972.94
1533571200,6972.99,6979,6901,6942.89
1533585600,6940.08,6952.59,6821,6934.82
1533600000,6935,6990.53,6902.19,6935.99
1533614400,6935.49,7120,6920.97,7028
1533628800,7030,7119,7020,7087.99
1533643200,7087.52,7150.46,7048.57,7115.06
1533657600,7118.59,7139.35,7001,7002.06
1533672000,7007.96,7020.68,6670,6720.06
1533686400,6720.63,6721.54,6551.79,6588.57
1533700800,6588.66,6592.29,6392.62,6457.98
1533715200,6457.98,6536,6430,6512.69
1533729600,6512.67,6520.86,6411,6473.77
1533744000,6473.78,6490.95,6123,6335
1533758400,6333.18,6339.06,6215,6285
1533772800,6283.27,6330,6265,6310.52
1533787200,6311.37,6388,6281.54,6311.99
1533801600,6309.16,6350,6268,6310.83
1533816000,6315.81,6550,6178.6,6446
1533830400,6448,6519,6433,6466.21
1533844800,6466.21,6622.81,6454.57,6529.79
1533859200,6529.79,6575.88,6352,6457.69
1533873600,6454.29,6476.19,6369.47,6457.33
1533888000,6459.57,6467.38,6299.82,6328.51
1533902400,6328,6527.39,6310,6452.02
1533916800,6452.5,6460.83,6332.55,6399
1533931200,6398.38,6398.99,6026.39,6144.01
1533945600,6148.13,6177,6069,6114.77
1533960000,6114.72,6147.05,5971,6100.8
1533974400,6100,6170,6070.25,6103.66
1533988800,6103.66,6150,6059.7,6107.57
1534003200,6107.57,6488,6064.75,6387.85
1534017600,6387.75,6411,6210.2,6232.35
1534032000,6222.55,6318.2,6130,6272.99
1534046400,6268.39,6370,6244,6319.99
1534060800,6319.99,6374.29,6266,6349.21
1534075200,6349.21,6370.2,6188,6318.86
1534089600,6318.84,6472.3,6211.13,6324.95
1534104000,6321.99,6403.07,6280,6308.33
1534118400,6308.56,6363.83,6304.98,6349.99
1534132800,6348.31,6444,6295.36,6441.49
1534147200,6441.49,6545,6412,6441.34
1534161600,6441.35,6480,6238.88,6288.56
1534176000,6288,6328.43,6145.04,6234.76
1534190400,6235.09,6297,6202.33,6246.35
1534204800,6248.25,6250.33,5880,5974.95
1534219200,5974.31,6066.83,5933,6025.03
1534233600,6025.02,6071.57,5966,6002
1534248000,6000.98,6164.52,5977.5,6025.03
1534262400,6025.02,6115,5981,6073.56
1534276800,6073,6219.44,6046.58,6188.08
1534291200,6188.08,6297.77,6172.11,6289.99
1534305600,6289.98,6449,6247.12,6392.77
1534320000,6391.92,6451.32,6266,6351.69
1534334400,6350.54,6477.24,6320,6434.95
1534348800,6434.93,6609,6340,6369.97
1534363200,6363.16,6449,6222.22,6267.16
1534377600,6265.27,6339.16,6205.6,6270.5
1534392000,6270.49,6420.26,6255,6376.19
1534406400,6371.71,6480,6363.01,6434.65
1534420800,6434.82,6476.01,6277,6403.82
1534435200,6403.82,6464,6366.04,6409.31
1534449600,6408.59,6417.03,6228,6311.75
1534464000,6316,6449,6285.4,6413.84
1534478400,6413.84,6525.15,6410.9,6501.38
1534492800,6495.44,6555.03,6384.41,6460.83
1534507200,6463.42,6519.99,6426.2,6473.01
1534521600,6475.99,6562.72,6455,6493.48
1534536000,6493.5,6585,6450.5,6584.49
1534550400,6579.04,6620,6461,6524.99
1534564800,6524.99,6542.33,6444,6463.37
1534579200,6463.37,6533,6460,6502.72
1534593600,6502.71,6515.5,6301,6356.92
1534608000,6356.93,6375.8,6288,6370.19
1534622400,6370.18,6437,6317.61,6387.96
1534636800,6387.96,6389.35,6300,6335
1534651200,6335.78,6395,6322.24,6348.95
1534665600,6347.62,6450.12,6345.1,6429.41
1534680000,6429.41,6469.32,6373,6409.46
1534694400,6409.46,6411,6329,6375.48
1534708800,6375.46,6541,6357.55,6477.53
1534723200,6477.53,6530,6472.73,6484.18
1534737600,6485.55,6495,6420.05,6458
1534752000,6458,6471.39,6378,6444.8
1534766400,6447.62,6476.31,6385.3,6426.37
1534780800,6427.44,6500,6408.13,6449.96
1534795200,6447.11,6470.19,6220,6254.84
1534809600,6251,6341.99,6235.08,6311.96
1534824000,6311.96,6431,6280,6394.99
1534838400,6394.99,6490,6391.27,6431.12
1534852800,6431.13,6446.31,6374.55,6416.75
1534867200,6416.75,6470,6365,6436.29
1534881600,6437.99,6500,6408.57,6480
1534896000,6479.98,6882.54,6436,6726.01
1534910400,6726,6759,6627.01,6653.55
1534924800,6654.34,6707.4,6627.56,6670.01
1534939200,6671.93,6689,6452,6459.36
1534953600,6452.01,6475.95,6384.3,6438.2
1534968000,6438.21,6475.51,6251.2,6360.89
1534982400,6362.57,6444,6342.28,6399
1534996800,6400,6451,6383.23,6437.99
1535011200,6437.99,6449,6389.35,6406.61
1535025600,6406.61,6494.26,6390.02,6435.01
1535040000,6435.01,6488,6360,6417.3
1535054400,6416.9,6576.99,6401,6525.01
1535068800,6525,6538.06,6470,6495
1535083200,6494.38,6555.07,6478.28,6534.65
1535097600,6534.65,6573,6504.86,6531.5
1535112000,6537.04,6559,6440.5,6504.08
1535126400,6504.08,6642,6498.97,6623.56
1535140800,6621.89,6725,6595.77,6681.64
1535155200,6686.98,6789,6678.01,6717.38
1535169600,6719.84,6743.32,6650.61,6672.01
1535184000,6672.01,6725.64,6671.91,6703.46
1535198400,6701.01,6757.31,6663.03,6737.99
1535212800,6737.99,6738.9,6686.56,6711.53
1535227200,6711.53,6770,6688,6733.64
1535241600,6733.64,6775.27,6590,6616.99
1535256000,6616.99,6641.72,6568,6637.04
1535270400,6635.03,6720,6623.64,6698.76
1535284800,6697.01,6743.27,6670.01,6676
1535299200,6676,6708.4,6627.16,6708.4
1535313600,6705.01,6725,6661.01,6700
1535328000,6700,6710.72,6646.5,6670.54
1535342400,6670.53,6737.78,6670.52,6709.43
1535356800,6711.45,6725,6685,6713.01
1535371200,6713.01,6768.28,6680,6747.8
1535385600,6749.99,6751.59,6723,6744.77
1535400000,6743.56,6940.51,6710.2,6908.64
1535414400,6907.26,6943.1,6860,6877.11
1535428800,6877.11,6949.98,6877.11,6928.99
1535443200,6928.98,7050,6905,7030
1535457600,7030,7091,7002.36,7049.79
1535472000,7049.8,7120,6966,7088.97
1535486400,7088.98,7135,7025,7076.11
1535500800,7077,7089.99,7006.05,7045
1535515200,7043.29,7078.64,7031.27,7060.92
1535529600,7061.02,7133.81,7040,7090
1535544000,7090,7118.72,6912.34,6977.97
1535558400,6975.05,7027.99,6922.09,6999.99
1535572800,6999.99,7070,6989.6,7031.22
1535587200,7033.21,7063.63,6956.24,7022.18
1535601600,7022.18,7024,6930,6972.12
1535616000,6972.16,6985.08,6839.5,6870.14
1535630400,6873.99,6905.47,6811,6863.69
1535644800,6862.47,6877,6784.81,6809.98
1535659200,6809.98,6998.15,6800,6984.84
1535673600,6984.84,6986.85,6922.67,6973
1535688000,6973,7023,6955.44,6965.58
1535702400,6965.58,6990.68,6934.09,6967.4
1535716800,6967.68,6997.92,6888,6960
1535731200,6959.52,7089,6951.37,7047.48
1535745600,7045.68,7065.75,6992.02,7011.21
1535760000,7011.21,7071.75,7008.74,7066.92
1535774400,7067.17,7079,7027.37,7046.99
1535788800,7046.98,7113.62,7046.57,7069.01
1535803200,7069.34,7225,7031,7166.53
1535817600,7167.02,7275,7166.52,7247.56
1535832000,7250.82,7258.18,7165,7200.01
1535846400,7201.57,7210,7127,7192.26
1535860800,7192.46,7247.95,7189.13,7233.66
1535875200,7233.66,7345.45,7214.41,7232
1535889600,7230.75,7271.14,7174.47,7214.24
1535904000,7214.24,7333.33,7189.29,7310.26
1535918400,7310.36,7313.23,7263,7302.01
1535932800,7302,7325,7246.02,7263.02
1535947200,7263.48,7264.04,7191.63,7253.01
1535961600,7253.01,7275,7213.53,7226.6
1535976000,7226.6,7308,7225,7288.02
1535990400,7288.14,7338.28,7254,7316.19
1536004800,7316.95,7337.54,7225.89,7263.02
1536019200,7263,7297.09,7252.35,7272.05
1536033600,7272.19,7323.18,7227.17,7323.18
1536048000,7323.18,7349,7290.29,7345
1536062400,7344.17,7410,7335,7377.89
1536076800,7377.88,7409.9,7336,7356
1536091200,7355.94,7380,7341,7359.06
1536105600,7359.05,7394.98,7355,7379.33
1536120000,7379.17,7397.3,7359,7367.16
1536134400,7367.83,7393.59,6909,6991.9
1536148800,6991.02,7050,6934.29,6990.02
1536163200,6990.5,7000,6851,6912.76
1536177600,6912.76,6995,6682,6700
1536192000,6697.27,6725,6313.23,6444.58
1536206400,6444.6,6476.46,6352.74,6405.88
1536220800,6405.88,6450,6265,6408.65
1536235200,6409.41,6533,6383,6422.51
1536249600,6423.26,6483,6359,6474.88
1536264000,6470.68,6544,6428.03,6516.01
1536278400,6516.84,6544,6465,6492.27
1536292800,6494,6536,6453.41,6486.45
1536307200,6487.2,6489.23,6320,6367
1536321600,6367,6480,6350,6375.69
1536336000,6373.69,6477,6360,6418.99
1536350400,6419,6460,6380.01,6395.54
1536364800,6395.54,6459,6390.73,6428.75
1536379200,6428.75,6468,6412,6449.02
1536393600,6449.97,6478,6418.03,6429.01
1536408000,6429.01,6432.96,6355.55,6429.4
1536422400,6429.4,6434.11,6125,6176.04
1536436800,6176.05,6206.88,6111,6185.05
1536451200,6185.06,6206,6141.53,6171.92
1536465600,6171.92,6199.05,6164.23,6187.83
1536480000,6186.86,6441,6181.55,6377.77
1536494400,6377.77,6436,6352.74,6369.05
1536508800,6369.05,6396.28,6360.33,6384.19
1536523200,6384.19,6400,6211,6250.81
1536537600,6252.26,6373.98,6246.39,6312.97
1536552000,6314.01,6346.81,6259,6326.25
1536566400,6326.27,6342.08,6245,6313
1536580800,6313,6346.99,6271.84,6295.74
1536595200,6297,6305,6221,6296.73
1536609600,6294.65,6321.8,6267.46,6312
1536624000,6311.99,6404,6289,6355
1536638400,6355,6366.66,6300,6310.19
1536652800,6310.19,6361.29,6250,6283.75
1536667200,6280.77,6303.29,6169.68,6250.63
1536681600,6250.6,6288,6186.7,6268
1536696000,6269.23,6323.41,6242.09,6294.91
1536710400,6293,6300.59,6218,6260.97
1536724800,6261.95,6305.05,6230.27,6244.94
1536739200,6245,6278.22,6192.37,6243.74
1536753600,6243.76,6299,6243.76,6269.39
1536768000,6269.39,6360,6261.6,6312.77
1536782400,6313.86,6353.48,6297,6338.62
1536796800,6338.62,6439,6337.4,6388
1536811200,6388.02,6414.88,6368.46,6385.01
1536825600,6385.01,6488.48,6383.12,6468
1536840000,6467.5,6535,6436.55,6480
1536854400,6480,6528.96,6418,6447.76
1536868800,6449.93,6519,6411.02,6487.38
1536883200,6487.39,6584.99,6454.68,6542.37
1536897600,6545.79,6583.89,6535.21,6543.84
1536912000,6543.86,6549.97,6385.62,6459.28
1536926400,6458.52,6485.49,6426.01,6480
1536940800,6479.99,6538.93,6452.54,6531
1536955200,6531,6545.63,6449.38,6476.63
1536969600,6476.63,6527.79,6473.3,6496.85
1536984000,6496.26,6521,6466.13,6498.01
1536998400,6498.01,6559.35,6495.11,6523.51
1537012800,6524.26,6565.45,6513.04,6542.22
1537027200,6542.18,6558,6501.99,6530
1537041600,6530,6537.98,6470.42,6514.96
1537056000,6514.96,6524.62,6469.23,6478.33
1537070400,6478.38,6486.21,6370,6447.82
1537084800,6447.82,6520,6443.58,6499.35
1537099200,6497.74,6511,6456.01,6482
1537113600,6482,6516,6409.74,6505.75
1537128000,6505.73,6517,6477.22,6505
1537142400,6500.08,6533.84,6500,6517.16
1537156800,6517.17,6521,6460,6480.01
1537171200,6480.03,6510,6417.51,6475.94
1537185600,6473.05,6475.94,6225,6265.06
1537200000,6262.1,6320,6243.08,6270
1537214400,6269.99,6279.48,6201,6248.69
1537228800,6248.69,6266.18,6224.98,6238.74
1537243200,6237.55,6294.08,6232.17,6290.15
1537257600,6292.94,6296.81,6234.44,6287.65
1537272000,6287.65,6390,6267,6360.01
1537286400,6360.01,6371.74,6285.51,6302
1537300800,6301.9,6368.99,6280,6336.45
1537315200,6336.39,6369,6305,6364.1
1537329600,6362.58,6369.04,6327,6356.95
1537344000,6356.94,6366.99,6257.29,6286.42
1537358400,6286.42,6348.48,6252.17,6327.95
1537372800,6330.67,6517.7,6123,6410.2
1537387200,6412.14,6465.38,6366,6391.89
1537401600,6392,6427.96,6374.99,6397.29
1537416000,6397.29,6413.81,6382.54,6411
1537430400,6411,6440,6375.61,6427.88
1537444800,6425.03,6449,6394,6417.92
1537459200,6417.77,6436.93,6390,6420.01
1537473600,6421.99,6540,6325,6492
1537488000,6492,6579,6491,6554.7
1537502400,6554.67,6678.23,6522.11,6647.91
1537516800,6647.91,6770,6647.91,6742.23
1537531200,6742.23,6779.01,6666,6681.65
1537545600,6683.81,6784.86,6681.67,6749.13
1537560000,6749.14,6780,6682.94,6759.02
1537574400,6759.01,6839.03,6715.01,6738.15
1537588800,6738.27,6769.54,6700,6718.57
1537603200,6719.31,6728,6627,6666.78
1537617600,6664.13,6714.65,6648.23,6685.21
1537632000,6687.47,6760,6640,6725.54
1537646400,6727.76,6742.55,6686.74,6723.05
1537660800,6723.05,6740,6683,6711.6
1537675200,6711.6,6745.55,6702.8,6721.4
1537689600,6721.87,6788.23,6720,6747.24
1537704000,6747.27,6755.48,6661.75,6685.94
1537718400,6685.93,6710,6669.86,6693.3
1537732800,6693.3,6725,6670,6708
1537747200,6706.81,6730,6682.27,6719.66
1537761600,6719.68,6722.01,6609,6677.92
1537776000,6677.9,6677.9,6563.14,6576.98
1537790400,6577.05,6642.99,6573,6605.02
1537804800,6609.94,6666,6595,6619.9
1537819200,6619.9,6645.98,6557,6581.39
1537833600,6581.42,6584.01,6403,6468.18
1537848000,6467.05,6484.68,6367,6382.89
1537862400,6379.99,6435.14,6371,6407.99
1537876800,6409.98,6456.9,6356,6403
1537891200,6403,6430,6325.02,6363.92
1537905600,6362.91,6448,6361.89,6447.54
1537920000,6445.11,6447.5,6379.7,6390.5
1537934400,6390.5,6476.87,6385,6455.83
1537948800,6455.88,6532.57,6429,6528.58
1537963200,6528.64,6557.81,6455.22,6544.51
1537977600,6542.55,6557.99,6485.48,6492.11
1537992000,6490.43,6515,6430,6465.12
1538006400,6467.84,6530,6465,6508.47
1538020800,6510.99,6518.4,6450,6461.17
1538035200,6460.01,6513.63,6434,6489.87
1538049600,6488.93,6540,6483.57,6498.97
1538064000,6498.97,6684,6487.65,6669.36
1538078400,6669.36,6750,6663.3,6689.13
1538092800,6689.12,6736.4,6680,6702.26
1538107200,6702.26,6814.8,6687,6788.99
1538121600,6786.71,6787.73,6580,6657.73
1538136000,6657.73,6695.86,6582,6672.99
1538150400,6673,6700,6540.88,6684
1538164800,6683.99,6686.51,6614.13,6634.58
1538179200,6634.58,6634.58,6490,6500.89
1538193600,6503.82,6557,6464.57,6545.81
1538208000,6549.04,6620,6530.74,6584.96
1538222400,6584.96,6609.92,6541.14,6589.01
1538236800,6589.01,6607.03,6550.83,6588.59
1538251200,6588.64,6636,6577.55,6596.38
1538265600,6597.66,6607.43,6557.7,6580
1538280000,6576.34,6602.44,6542.48,6577.75
1538294400,6577.77,6662,6575.32,6627.93
1538308800,6634.4,6660.54,6585.94,6607.29
1538323200,6605.16,6640.32,6592,6603.95
1538337600,6604.01,6650,6533,6626.57
1538352000,6626.57,6667.09,6620.77,6644.61
1538366400,6644.6,6661.58,6604.1,6604.81
1538380800,6604.81,6636.26,6558.09,6595
1538395200,6595,6616.03,6510,6569.92
1538409600,6567.54,6610.16,6541,6587.91
1538424000,6587.91,6630,6575,6611.61
1538438400,6610,6640,6584.17,6606.02
1538452800,6605.99,6623.33,6591.27,6606.86
1538467200,6604.13,6616.5,6560,6572.01
1538481600,6572.48,6600,6532,6555.8
1538496000,6560.8,6585.36,6494,6564.11
1538510400,6562.69,6586,6510.08,6525.79
1538524800,6525.79,6549,6430,6462.09
1538539200,6464,6486.42,6441.86,6460.28
1538553600,6460.29,6510.4,6451.81,6496.13
1538568000,6496.12,6545.01,6463.49,6512.47
1538582400,6514.24,6530,6455.99,6478.89
1538596800,6475.2,6538.88,6450.73,6510
1538611200,6510.01,6643.46,6505.09,6598.51
1538625600,6598.5,6618.25,6564.3,6574.45
1538640000,6574.45,6627.83,6569.32,6570.81
1538654400,6570,6600,6564.73,6597.77
1538668800,6598,6621.49,6583.99,6611.09
1538683200,6612.05,6617.13,6557,6593.79
1538697600,6591.69,6632.98,6543.08,6579
1538712000,6578.96,6610,6570.01,6578.76
1538726400,6577.12,6600,6567.21,6590
1538740800,6589.6,6607.51,6581.33,6598.51
1538755200,6598.48,6614.98,6575,6595.5
1538769600,6595.42,6697,6588.08,6635.65
1538784000,6635.65,6651,6584.22,6608.91
1538798400,6608.91,6627,6605.09,6620.35
1538812800,6619.43,6634.15,6570,6587.16
1538827200,6588.86,6600,6566.77,6596.08
1538841600,6597.5,6607,6585,6593.34
1538856000,6593.34,6606,6582.63,6594.27
1538870400,6596.44,6605,6589.14,6604.07
1538884800,6604.98,6609.83,6566.01,6570.93
1538899200,6569.46,6571.99,6525,6556
1538913600,6555.9,6586.89,6545.75,6582.07
1538928000,6582.07,6599,6572.7,6584
1538942400,6583.65,6640,6579.01,6615.26
1538956800,6615.26,6628.63,6600.66,6605.26
1538971200,6605.26,6613,6587,6596.03
1538985600,6596.52,6666.66,6592.41,6647.78
1539000000,6647.78,6715.6,6645,6674.56
1539014400,6676.51,6705,6657.98,6695.33
1539028800,6695.32,6703,6664.22,6673.01
1539043200,6673.01,6685.38,6646,6661.17
1539057600,6661.17,6683,6656.85,6672.25
1539072000,6669.42,6675.29,6630.89,6642.02
1539086400,6644.67,6645,6607,6641.56
1539100800,6643.78,6674.94,6625,6656.49
1539115200,6658.24,6670.5,6643.86,6656.61
1539129600,6656.67,6659.95,6595,6616.06
1539144000,6612.2,6625.98,6530,6576.98
1539158400,6576.88,6605,6565.68,6592
1539172800,6590.06,6615,6585.96,6588.99
1539187200,6588.98,6646.2,6582,6635.96
1539201600,6638.56,6644.99,6605.61,6631
1539216000,6630.21,6633.92,6256.55,6340.52
1539230400,6340.52,6370.52,6258.96,6300.86
1539244800,6298.77,6325.99,6271.84,6281.61
1539259200,6278.7,6335.31,6219.17,6294.09
1539273600,6294.03,6335.33,6289.85,6298.12
1539288000,6302.61,6312.65,6205,6252.68
1539302400,6252.71,6314.99,6209,6308.11
1539316800,6310.65,6360,6300.02,6332.61
1539331200,6332.61,6340.99,6295.4,6309.49
1539345600,6309.49,6355,6305.61,6341.69
1539360000,6341.68,6344.51,6300,6320.52
1539374400,6320.04,6328.7,6278,6298.01
1539388800,6298,6329.99,6285.07,6296.01
1539403200,6297.69,6330.57,6294.47,6318.47
1539417600,6320,6338.99,6306.83,6327.25
1539432000,6326.61,6345,6304,6329.26
1539446400,6329.26,6342.42,6301.05,6326.01
1539460800,6326.21,6338.07,6314.23,6332.93
1539475200,6332.92,6383.97,6320,6363.11
1539489600,6363.24,6416,6363.18,6379.95
1539504000,6379.95,6388,6345,6361.01
1539518400,6361.07,6386.3,6359.86,6380.77
1539532800,6380.76,6410.8,6375.73,6404.33
1539547200,6404.33,6408.78,6308,6339.34
1539561600,6339.34,6384.64,6300,6380
1539576000,6380.97,7680,6374.39,6860.25
1539590400,6860.25,7091.41,6722,6982.28
1539604800,6982.28,6999,6844.52,6907.01
1539619200,6906.03,6958.94,6737.23,6741
1539633600,6741,6783.38,6650,6752.5
1539648000,6752.5,6757.02,6690.35,6730.96
1539662400,6730.97,6900,6721,6824.71
1539676800,6823.32,6829.9,6732.22,6797.9
1539691200,6796.38,6799.97,6712.64,6719.76
1539705600,6719.76,6740.16,6670,6729.01
1539720000,6729.24,6785.02,6701.05,6759.27
1539734400,6762.76,6781.91,6733.67,6774
1539748800,6774.01,6811.12,6742.4,6750.01
1539763200,6751,6780.06,6676.01,6726.13
1539777600,6728.56,6761.04,6700.01,6748.02
1539792000,6746.89,6756,6715,6716.96
1539806400,6717.01,6754.53,6710,6740.89
1539820800,6739.01,6796,6724,6761.26
1539835200,6760.4,6766.32,6717.48,6732.65
1539849600,6734.85,6736.29,6701.13,6715.86
1539864000,6715.86,6725,6672.8,6704.9
1539878400,6704.9,6716,6611.93,6636.03
1539892800,6639.11,6644.86,6567,6618.96
1539907200,6618.96,6648.14,6595.14,6613
1539921600,6613.08,6638.11,6583,6588.01
1539936000,6588,6617.48,6581,6586.65
1539950400,6586.63,6589.7,6551.02,6572.35
1539964800,6572.12,6596.11,6551.01,6555.38
1539979200,6555.38,6560,6523,6528.88
1539993600,6528.88,6557.23,6505.55,6543.05
1540008000,6542.09,6605,6538.37,6576.43
1540022400,6576,6601.18,6566,6597.78
1540036800,6597.2,6617.65,6570,6573.13
1540051200,6573.63,6586,6562.04,6582.16
1540065600,6582.16,6599.27,6571.34,6588.4
1540080000,6585.72,6663.9,6581.69,6616.62
1540094400,6616.63,6629,6604.07,6620.52
1540108800,6620,6640,6613.87,6618.43
1540123200,6618.51,6658.05,6616,6645
1540137600,6645,6647.99,6620.04,6625.6
1540152000,6627.46,6632.53,6580,6590.11
1540166400,6590.12,6616.07,6555.42,6597.91
1540180800,6597.91,6639,6595,6615.06
1540195200,6616.83,6620,6569.58,6594
1540209600,6594.5,6595.69,6535.27,6563.49
1540224000,6562.71,6584.2,6551.28,6560.14
1540238400,6562.55,6590.08,6560.49,6581.2
1540252800,6581.2,6595,6565.6,6577.88
1540267200,6577.88,6589.26,6566.9,6573.46
1540281600,6572.03,6580,6515.45,6541.87
1540296000,6541.86,6584.98,6533.44,6556.6
1540310400,6556.6,6590.6,6555,6576.52
1540324800,6576.52,6582.29,6541.01,6553.51
1540339200,6553.51,6587,6547.53,6581.65
1540353600,6581.93,6630,6570.15,6610.94
1540368000,6610.95,6621.25,6591,6600.53
1540382400,6600.53,6620.11,6580.42,6581
1540396800,6580.99,6601.93,6566,6578.82
1540411200,6577.01,6588.2,6555,6565.5
1540425600,6566.81,6575.09,6502.8,6536
1540440000,6536,6558,6527.41,6552.15
1540454400,6553.25,6560,6531.65,6546
1540468800,6544.99,6570,6541,6546.14
1540483200,6546.14,6563.82,6541.04,6551.28
1540497600,6553,6560,6528,6528.09
1540512000,6528.13,6547.47,6525.2,6529.16
1540526400,6529.17,6543.1,6520,6533.6
1540540800,6533.6,6600,6528,6557.9
1540555200,6557.93,6560.79,6515.01,6545.02
1540569600,6544.49,6556.6,6533.04,6544.99
1540584000,6544.96,6552.35,6526.23,6538.63
1540598400,6538.63,6558.35,6534.46,6550.06
1540612800,6550.06,6555,6540,6545.09
1540627200,6545.09,6557.99,6533,6535
1540641600,6535.03,6541.27,6463.04,6494.93
1540656000,6493.86,6504.97,6478.52,6489.92
1540670400,6490.08,6514,6481.96,6505.6
1540684800,6505.6,6507.32,6493.8,6499.79
1540699200,6499.79,6514,6477.32,6492.98
1540713600,6492.98,6497.94,6482.33,6493.22
1540728000,6493.22,6514.17,6486,6487.01
1540742400,6487.01,6503.39,6465,6468.65
1540756800,6468.65,6505,6453,6489.93
1540771200,6489.93,6505.01,6479.27,6496.94
1540785600,6496.93,6502.68,6493,6498.97
1540800000,6497.55,6501,6390,6429.9
1540814400,6427.41,6429.79,6315,6382.56
1540828800,6383.29,6385.99,6331,6336.1
1540843200,6336.1,6349.76,6317,6344.5
1540857600,6344.5,6378.62,6340.37,6363.76
1540872000,6361.07,6395,6358.93,6373
1540886400,6373,6373,6330,6359.02
1540900800,6360.33,6376.81,6342,6353.97
1540915200,6353.97,6355,6326.57,6332
1540929600,6331,6349.68,6317.01,6330.87
1540944000,6330.01,6347.12,6330,6339.39
1540958400,6338.99,6342.88,6327.97,6335.33
1540972800,6335.33,6342.98,6320,6331.87
1540987200,6331.88,6428,6245.02,6394.8
1541001600,6393.38,6393.38,6347.41,6371.37
1541016000,6371.37,6384.64,6363.41,6371.93
1541030400,6369.52,6377,6352.5,6362.59
1541044800,6362.8,6400,6360,6388.99
1541059200,6388.99,6392,6363.63,6366.98
1541073600,6368.17,6372,6348.66,6367.23
1541088000,6368.12,6386.89,6363,6379.68
1541102400,6379.68,6442.65,6376,6410
1541116800,6410,6460.34,6407.65,6431.97
1541131200,6431.97,6436.78,6415,6425.2
1541145600,6424.73,6425.2,6388.2,6421.36
1541160000,6421.08,6448,6402,6424.8
1541174400,6424.8,6437.62,6413,6430.99
1541188800,6431,6445,6424.72,6433.98
1541203200,6432.8,6439.97,6413.77,6414.95
1541217600,6414.95,6425,6403.47,6408.08
1541232000,6408.08,6413.34,6345,6367.04
1541246400,6366,6377.94,6345.78,6374
1541260800,6373.87,6382,6364.35,6375.34
1541275200,6377.91,6392.28,6376.63,6387.09
1541289600,6388,6389,6362,6371.82
1541304000,6371.85,6416.6,6359,6391.09
1541318400,6388.33,6415.47,6387,6402.54
1541332800,6403.96,6500,6397.03,6479.99
1541347200,6481.7,6525,6444.35,6481.1
1541361600,6481.16,6491.58,6460,6485.85
1541376000,6485.85,6495,6460.49,6468.97
1541390400,6466.24,6478.57,6460.03,6472.01
1541404800,6472.64,6472.64,6438.9,6452.84
1541419200,6454.15,6504.39,6452.83,6473.15
1541433600,6475.19,6478.38,6431.02,6448.12
1541448000,6449.57,6475,6448,6468.99
1541462400,6468.99,6476.44,6445.18,6448.38
1541476800,6451.66,6468.74,6446.09,6464.34
1541491200,6464.34,6514.73,6462,6471.72
1541505600,6470.15,6509.8,6468.8,6496.27
1541520000,6496.27,6502.07,6475.6,6479.87
1541534400,6479.87,6531.31,6476.05,6519.11
1541548800,6522.73,6615.15,6509,6580
1541563200,6580,6590.02,6561,6581.97
1541577600,6579.32,6604.99,6563.01,6575.01
1541592000,6577.63,6587.11,6536,6547.96
1541606400,6547.94,6592.09,6540.05,6570
1541620800,6571.38,6584.7,6563.33,6578.46
1541635200,6578.46,6594,6505,6511.08
1541649600,6511.07,6539.12,6505.48,6536.31
1541664000,6531.98,6548.96,6519.26,6527.34
1541678400,6529.8,6560,6527.33,6539.01
1541692800,6538.98,6542.14,6471.22,6495.72
1541707200,6495.74,6515,6468.22,6479.84
1541721600,6479.84,6493.08,6472.99,6486.84
1541736000,6486.84,6502,6483.26,6499.27
1541750400,6499.27,6511.53,6412.9,6428.91
1541764800,6425.81,6444,6391.01,6429.89
1541779200,6429.89,6442.7,6422.11,6434.03
1541793600,6434.03,6444,6391.5,6419.99
1541808000,6419.99,6443.19,6411,6434.69
1541822400,6436.77,6472.57,6426.64,6445.89
1541836800,6445.85,6453.85,6431.11,6450.08
1541851200,6450.08,6467.22,6443.52,6452.22
1541865600,6452.22,6475.55,6443.52,6447.4
1541880000,6447.44,6465,6431.11,6433.05
1541894400,6435.16,6449.29,6422.1,6428.72
1541908800,6427.01,6450,6425.27,6443.67
1541923200,6443.69,6448.63,6403.35,6410.01
1541937600,6413.16,6428.21,6355,6380.89
1541952000,6380.01,6435.42,6363.34,6421.38
1541966400,6421.38,6462.14,6404,6449.81
1541980800,6450.71,6497,6443,6455.25
1541995200,6455.46,6464,6438,6447.29
1542009600,6447.29,6455.14,6432.7,6439.28
1542024000,6439.28,6483.93,6439.14,6452.12
1542038400,6452.12,6464.01,6436,6458.64
1542052800,6458.64,6461.47,6421,6453.07
1542067200,6451.68,6472,6391.15,6443.01
1542081600,6446.07,6473.63,6437.59,6460.48
1542096000,6462.03,6469,6426.53,6443.24
1542110400,6446.35,6472.07,6438.98,6459.5
1542124800,6460.97,6498,6443.65,6461.3
1542139200,6461.3,6492,6457.66,6457.66
1542153600,6458.98,6474.92,6451,6472
1542182400,6469,6482.84,6340,6381.88
1542196800,6381.88,6398,6203.36,6232.83
1542211200,6231.36,6274.33,5700,5863.94
1542225600,5861.21,5925,5656.87,5922.41
1542240000,5917.2,5939.54,5667.52,5746.57
1542254400,5745.39,5790,5628.27,5760.94
1542268800,5763.48,5787.35,5540,5590.2
1542283200,5590.08,5730,5403.42,5675.12
1542297600,5675.13,5763.45,5561,5690.39
1542312000,5690.39,5766.52,5581.4,5753.4
1542326400,5757.09,5782.89,5674.66,5730.47
1542340800,5731.8,5731.8,5634,5641.8
1542355200,5641.8,5699,5560.05,5669.8
1542369600,5669.8,5696.9,5640.74,5645.62
1542384000,5645.63,5694.97,5620.97,5627.5
1542398400,5627.5,5668.91,5549.25,5655.94
1542412800,5650.57,5654.64,5566.92,5576.46
1542427200,5575.08,5646.59,5565.43,5638.06
1542441600,5638.64,5639.87,5571,5615.9
1542456000,5615.9,5635,5585,5600.38
1542470400,5600.6,5656.6,5597.77,5611.59
1542484800,5612.43,5635,5588.89,5628.29
1542499200,5630.49,5688.84,5626.07,5671.24
1542513600,5671.31,5685,5653.09,5660.59
1542528000,5661.58,5663.29,5617,5627.01
1542542400,5629.2,5653.14,5622,5641.09
1542556800,5642.38,5738.17,5637.18,5687.36
1542571200,5687.06,5687.85,5622.9,5662
1542585600,5661.94,5664,5515.46,5591.28
1542600000,5591.28,5595.8,5400,5467.52
1542614400,5467.52,5467.56,5251,5332.87
1542628800,5332.29,5359.98,5150,5203.16
1542643200,5203.13,5230,5014.64,5072.14
1542657600,5072.13,5134.57,4855,4910.03
1542672000,4913.4,5048.24,4910,4954.01
1542686400,4954.01,4978,4600,4671.19
1542700800,4675,4711.87,4405,4511.84
1542715200,4511.32,4954.99,4501.51,4952.05
1542729600,4954.98,4977.97,4631,4673.93
1542744000,4673.78,4674.98,4326,4558.86
1542758400,4559.91,4700,4413.85,4635
1542772800,4635,4661,4487,4653.78
1542787200,4655.33,4787.2,4605.08,4624.15
1542801600,4624.13,4697.96,4521.83,4632.87
1542816000,4631.79,4661.97,4506,4543.99
1542830400,4545.91,4699.2,4469.84,4661.07
1542844800,4661.08,4721.77,4611.36,4636.71
1542859200,4637.98,4658.38,4592,4630.02
1542873600,4629.03,4644,4510.64,4560.02
1542888000,4560.02,4599,4470,4562.43
1542902400,4562.36,4577,4483.27,4496
1542916800,4496,4580,4335,4370
1542931200,4370.9,4450.73,4239.27,4318.73
1542945600,4314.77,4420,4222.94,4355.08
1542960000,4355.52,4484,4353.23,4396.37
1542974400,4396.39,4427.37,4345.01,4404.99
1542988800,4406.89,4411.53,4293,4372.45
1543003200,4372.45,4470,4330.18,4420.61
1543017600,4415.63,4527,4414.8,4443.78
1543032000,4443.83,4468.39,4356.5,4389.04
1543046400,4389.01,4450,4360.1,4388.44
1543060800,4388.44,4400.63,4338,4372.02
1543075200,4372.9,4373.21,4255.32,4270.65
1543089600,4269.42,4292.86,3824.69,3932.44
1543104000,3933.68,3978,3750,3768.89
1543118400,3768.92,3872.29,3734.72,3866.78
1543132800,3866.78,4038.09,3652.66,3910.48
1543147200,3907.16,4025.48,3851.91,3880
1543161600,3881.62,4027.43,3811,3949.03
1543176000,3949,4233,3931.91,4085.78
1543190400,4088.69,4206,4030,4118.98
1543204800,4119.01,4191.29,4028.42,4085.81
1543219200,4085.81,4096.38,3971.48,4057.89
1543233600,4057.89,4060,3822,3834.16
1543248000,3837.32,3987,3701,3904.15
1543262400,3909.05,3909.79,3707,3862.2
1543276800,3864.45,3895,3770,3804.48
1543291200,3800.35,3920,3765.76,3849.54
1543305600,3849.82,3860,3689.12,3756.91
1543320000,3755.6,3859.84,3732.75,3779.4
1543334400,3779.06,3877,3750,3821.99
1543348800,3821.46,3940,3790,3875.21
1543363200,3875.63,3947.4,3874.27,3936.15
1543377600,3936.15,4150,3911,4106.8
1543392000,4106.3,4131.55,4019.85,4090.55
1543406400,4089.35,4294.3,4055.01,4249.82
1543420800,4249.81,4393,4180.21,4332.17
1543435200,4331.6,4394.47,4185.01,4264.85
1543449600,4262.06,4294,4136,4163.7
1543464000,4162.03,4258.93,4125.65,4212.71
1543478400,4214.87,4450.38,4190,4386.34
1543492800,4383.7,4413.85,4225.35,4271.13
1543507200,4271.69,4395,4201,4245.02
1543521600,4247.15,4314.39,4170.22,4295.84
1543536000,4295.72,4341.36,4201.11,4292.08
1543550400,4293.29,4339,4202.42,4223.27
1543564800,4223.37,4255.27,3989,4022.79
1543579200,4020.04,4085,3943,4027.38
1543593600,4028.81,4096.14,4016,4036.34
1543608000,4037.26,4058.8,3951,4041.32
1543622400,4041.27,4063.4,4009.19,4030.39
1543636800,4029.7,4034.03,3963.01,3997.8
1543651200,3997.78,4200.11,3997.77,4175.87
1543665600,4175.25,4233,4167.17,4219
1543680000,4219,4299.99,4216.06,4275
1543694400,4274.3,4282.46,4175,4190.02
1543708800,4190.98,4312.99,4177,4200.02
1543723200,4202.63,4212.38,4120,4179.93
1543737600,4180.01,4245,4103.04,4152.02
1543752000,4150.33,4208.33,4129,4174.79
1543766400,4174.77,4191.81,4130,4180.05
1543780800,4180.05,4268,4129,4161.01
1543795200,4160.55,4179,3982,4035
1543809600,4035.63,4057,4004.05,4032.76
1543824000,4032.76,4068,3995,4027.77
1543838400,4025.33,4066,3856.05,3882.86
1543852800,3882.82,3918,3827,3871.41
1543867200,3870.55,3944.29,3850,3884.01
1543881600,3884.76,3935,3828.6,3866.68
1543896000,3866.97,4033,3781,4027.64
1543910400,4027.64,4037.84,3970.83,3996.26
1543924800,3996.28,4085,3965.11,4024.83
1543939200,4024.52,4026.36,3930.74,3960
1543953600,3960,3966.39,3900,3951.64
1543968000,3950.98,3970,3866,3886.87
1543982400,3888.18,3920.63,3831.25,3850.89
1543996800,3851.52,3925,3835.83,3918
1544011200,3918,3925.97,3843,3877.95
1544025600,3877.97,3882.99,3745,3774.19
1544040000,3774.64,3828.72,3752,3769.84
1544054400,3768.44,3820,3735,3771.65
1544068800,3771.08,3899.99,3678,3859.33
1544083200,3859.33,3890,3790.51,3816.79
1544097600,3816.54,3827.99,3631,3691.91
1544112000,3695.93,3701.16,3613.13,3694.44
1544126400,3692.4,3700,3500,3508.75
1544140800,3508.75,3534.09,3341.04,3367.6
1544155200,3367.56,3454.11,3362,3398
1544169600,3398.38,3444.09,3346.5,3397.62
1544184000,3396.65,3443,3318.03,3319.99
1544198400,3319.89,3549.99,3224.6,3492.66
1544212800,3492.07,3493.46,3326.5,3403.55
1544227200,3403.57,3495,3398,3449.7
1544241600,3448.79,3493,3405.73,3428.78
1544256000,3429.55,3431.41,3365.56,3412.24
1544270400,3410.01,3414.98,3222,3361.57
1544284800,3360.53,3430,3350,3379.09
1544299200,3377.52,3485.5,3276.47,3410.93
1544313600,3411.36,3540.71,3401,3418.66
1544328000,3419.09,3460.2,3398.15,3416.72
1544342400,3417.06,3473.67,3394.04,3443.04
1544356800,3443.02,3590.73,3434,3580.95
1544371200,3580,3658,3551.71,3580.82
1544385600,3581,3609.99,3515.78,3545.37
1544400000,3548.49,3610,3523,3552.51
1544414400,3552.02,3557,3475,3503.63
1544428800,3503.63,3537,3460.37,3516.32
1544443200,3511.78,3516.23,3413,3428
1544457600,3428.79,3520,3370.11,3402.89
1544472000,3402.87,3450,3380,3432.88
1544486400,3434.01,3436.78,3390.03,3411.06
1544500800,3411.07,3480,3397.37,3421.26
1544515200,3421.85,3443.79,3356,3381.68
1544529600,3380.69,3396.15,3342.62,3353.01
1544544000,3351.03,3394.99,3324.32,3370.28
1544558400,3370.02,3430.19,3366,3380.39
1544572800,3379.23,3391.18,3350,3365.64
1544587200,3365.7,3425,3360,3405.96
1544601600,3405.4,3479.5,3391.03,3436.99
1544616000,3436.99,3480,3401,3460.3
1544630400,3460.3,3492,3428.81,3445.81
1544644800,3446.34,3472.73,3423.09,3445
1544659200,3446.38,3460,3384.39,3405.78
1544673600,3405.66,3407.5,3362.93,3402.6
1544688000,3402.62,3424,3365.5,3385
1544702400,3384.26,3435,3382.21,3416.02
1544716800,3414.08,3421.48,3326.59,3345.47
1544731200,3345.46,3358.55,3255.5,3302.06
1544745600,3302.06,3335.39,3250,3287.28
1544760000,3287.28,3320,3280.71,3307.42
1544774400,3307.4,3325,3277.01,3285.63
1544788800,3287.61,3313.95,3256.01,3260.29
1544803200,3260.72,3271,3200,3220.55
1544817600,3220.21,3281.87,3177,3224.17
1544832000,3225.19,3262,3213.17,3256.22
1544846400,3255.02,3276.5,3215,3227.9
1544860800,3228.48,3238.92,3166.5,3201.24
1544875200,3200.97,3213,3156.26,3172.05
1544889600,3172.62,3210,3164,3206
1544904000,3206,3249,3197.01,3211.72
1544918400,3211.71,3283.64,3186,3272.59
1544932800,3273.58,3293.64,3246.73,3251.12
1544947200,3251.1,3274.97,3238.91,3267.47
1544961600,3267.79,3294,3220.98,3242.65
1544976000,3242.6,3267,3222,3256.59
1544990400,3256.59,3258.16,3215.2,3228.67
1545004800,3229.22,3253.76,3216,3239.36
1545019200,3239.73,3280,3231.02,3273.33
1545033600,3273.33,3290,3255.21,3271.86
1545048000,3271.86,3449.98,3271,3421.4
1545062400,3421.76,3580,3419.04,3535.61
1545076800,3535.99,3585,3472.25,3509.08
1545091200,3509.03,3547.85,3482.48,3537.27
1545105600,3537.33,3538.39,3481.34,3510.83
1545120000,3510.81,3510.81,3424.47,3490.85
1545134400,3490.85,3577,3474,3512.18
1545148800,3512.18,3542.94,3485,3536.07
1545163200,3536.49,3678.59,3503,3652.98
1545177600,3653,3743,3622.55,3727.85
1545192000,3727.85,3749,3652,3698.31
1545206400,3699.59,3830,3683.95,3821.4
1545220800,3818.45,3912.73,3715,3744.93
1545235200,3743.68,3814.5,3727.25,3751.4
1545249600,3751.4,3767.97,3630.23,3662.22
1545264000,3660.01,3758,3635,3707
1545278400,3705.62,3735.2,3650,3733.7
1545292800,3733.68,4065,3732.15,3974.78
1545307200,3974.77,4063,3926.98,3985.94
1545321600,3987.2,4120,3965.05,4012.82
1545336000,4011.73,4084.19,3860,4049.62
1545350400,4051.86,4139.99,3950.18,4020.29
1545364800,4020.61,4021,3880,3986
1545379200,3986,4033.95,3922.83,3995.51
1545393600,3995.28,4070.99,3930,3944.93
1545408000,3944.93,3978.39,3792,3806.27
1545422400,3806.24,3867.22,3764,3838.66
1545436800,3840.25,3872,3790,3818.21
1545451200,3818.65,3845,3785,3834.7
1545465600,3835,3933.39,3821,3875
1545480000,3874.73,3885,3785,3830.1
1545494400,3830.05,3888.34,3794.41,3877.86
1545508800,3877.86,3979,3819,3948.91
1545523200,3948.91,4003.84,3922.37,3980.97
1545537600,3980.97,3998,3940,3958.92
1545552000,3957.07,4021.53,3935,3994.4
1545566400,3996.52,4010.27,3870,3907.51
1545580800,3906.35,3968.95,3891,3929.74
1545595200,3931.48,3954,3888,3929.71
1545609600,3929.71,4168,3924.83,4141.01
1545624000,4141.01,4196.28,4111,4161.5
1545638400,4160.06,4198,4066,4105.96
1545652800,4105.97,4190,4021,4021.22
1545667200,4022,4078.09,3965.01,4012.49
1545681600,4012.49,4066,3984.78,4008.01
1545696000,4010.11,4020,3705,3709.1
1545710400,3709.1,3793.42,3708.52,3750.39
1545724800,3750.57,3786.95,3684,3737.31
1545739200,3735.86,3764.99,3646.41,3688
1545753600,3688,3730,3661,3707.45
1545768000,3706.74,3781,3693.45,3745.79
1545782400,3745.56,3837.15,3715.05,3795.23
1545796800,3795.43,3803.49,3720.5,3743.45
1545811200,3743.45,3744.33,3686.62,3722.65
1545825600,3722.65,3753.07,3656.74,3706.44
1545840000,3706.43,3792.2,3690.34,3769.95
1545854400,3769.61,3800,3715,3777.74
1545868800,3777.74,3813.98,3690,3711.59
1545883200,3709.47,3734,3670,3725.47
1545897600,3725.06,3750,3697.52,3724.13
1545912000,3723.16,3760.95,3697,3717.96
1545926400,3717.96,3740.6,3565,3577.77
1545940800,3577.2,3588,3535,3567.91
1545955200,3567.89,3588,3551.1,3566.72
1545969600,3567.95,3580.29,3540.04,3561
1545984000,3560.87,3609.37,3552,3607
1545998400,3607,3820,3568,3785.58
1546012800,3785.9,3887.25,3778.5,3819.54
1546027200,3821.88,3859,3805,3839.26
1546041600,3839,3870,3815,3830.75
1546056000,3830.73,3867.49,3816,3858.26
1546070400,3857.21,3892,3756.2,3804.6
1546084800,3804.82,3838.2,3791,3822.1
1546099200,3822.49,3824.7,3760,3793.31
1546113600,3794.49,3884,3670,3695.32
1546128000,3696.71,3724.92,3657.9,3711.55
1546142400,3711.44,3747,3708.18,3724.94
1546156800,3724.93,3825,3718.01,3785.93
1546171200,3785.92,3903.5,3720.41,3768
1546185600,3768,3809.85,3735.57,3780.12
1546200000,3779.31,3823,3745,3801.91
1546214400,3803.12,3810,3715.73,3744.58
1546228800,3744.59,3763.12,3731.76,3754.45
1546243200,3755.35,3791.63,3692.11,3725.42
1546257600,3725.42,3783.34,3715,3752.46
1546272000,3752.22,3776.85,3630.33,3687.47
1546286400,3687.47,3707.5,3657.7,3702.9
1546300800,3701.23,3713,3675.04,3693.13
1546315200,3692.32,3726.64,3685.94,3713.83
1546329600,3714.19,3732,3696.14,3707.54
1546344000,3707.56,3756.94,3666.01,3682.61
1546358400,3683,3701.68,3642,3696.73
1546372800,3696.71,3810.16,3675.67,3797.14
1546387200,3796.45,3810,3763.75,3779.98
1546401600,3780,3788.31,3750.45,3771.08
1546416000,3772.64,3803.68,3770,3787.97
1546430400,3788.81,3839.63,3778.23,3801.28
1546444800,3802.61,3865.72,3795,3824.98
1546459200,3824.98,3882.14,3812.34,3858.56
1546473600,3857.57,3862.74,3821.14,3841.83
1546488000,3841.83,3850,3805,3828.88
1546502400,3828.88,3832.83,3783,3804
1546516800,3803.31,3823,3785.32,3806.7
1546531200,3807.37,3807.75,3730,3756
1546545600,3756,3782.69,3752.37,3766.78
1546560000,3767.2,3787.65,3730,3780.04
1546574400,3780.04,3800,3761.94,3783.28
1546588800,3783.28,3800,3752,3757.55
1546603200,3754.05,3765,3703.57,3725.28
1546617600,3725.3,3754,3717.3,3739.53
1546632000,3739.74,3823.64,3733.46,3792.01
1546646400,3790.09,3838.7,3783.25,3815
1546660800,3815.35,3840.99,3780.13,3785.15
1546675200,3784.37,3812.63,3770,3801.26
1546689600,3801.03,3814,3778.01,3785.58
1546704000,3785.58,3820,3775,3810.98
1546718400,3810.89,3812.5,3751,3770.96
1546732800,3771.12,3792.12,3740,3771.15
1546747200,3771.7,3783.55,3760,3767.94
1546761600,3768.11,3820.82,3761.81,3814.24
1546776000,3814.23,3824.99,3785,3806.82
1546790400,3806.91,4027.71,3800.31,4002.46
1546804800,4001.41,4015,3953.53,3987.6
1546819200,3987.62,4017.9,3970.03,3992.26
1546833600,3991.69,4001.77,3980.08,4001
1546848000,4001.02,4015,3921.53,3976.76
1546862400,3976.78,4000,3955.02,3969.91
1546876800,3969.91,3994.98,3941,3988.52
1546891200,3987.71,3988.74,3951.55,3975.45
1546905600,3976.76,3989,3922,3945.61
1546920000,3944.94,3968.42,3936.26,3953.6
1546934400,3953.14,4018,3948.75,4001.59
1546948800,4002.32,4069.8,3981,4000.48
1546963200,4002.04,4007.84,3938.82,3976.12
1546977600,3976.11,3985.8,3903,3955.13
1546992000,3955.45,3999.89,3930.04,3981.03
1547006400,3981.98,4002,3978,3987.88
1547020800,3987.76,4006.81,3971.11,3986.44
1547035200,3985.52,3996.3,3941,3958.28
1547049600,3957.59,3983.66,3952.44,3978.34
1547064000,3978.98,3990,3955,3966.65
1547078400,3966.06,3993.46,3963.7,3978.94
1547092800,3978.96,3996.01,3731.01,3777.02
1547107200,3777.54,3783.32,3715.65,3739.99
1547121600,3738.01,3750,3707.07,3726.39
1547136000,3726.79,3726.79,3540,3596.12
1547150400,3596.73,3609.21,3574.64,3585.88
1547164800,3585.88,3617.04,3557.52,3583.09
1547179200,3583.05,3597,3546.36,3595.47
1547193600,3595.47,3635,3562,3594
1547208000,3593.57,3616.13,3569.16,3585.51
1547222400,3586.49,3620.24,3582.5,3606.15
1547236800,3606.36,3658,3465,3601.31
1547251200,3601.31,3618.19,3533,3601.15
1547265600,3600.64,3601.14,3567.31,3582.38
1547280000,3582.09,3585.71,3559.5,3571.16
1547294400,3571.89,3605,3530,3591.11
1547308800,3591.11,3600,3572.19,3593.74
1547323200,3592.79,3612.39,3563.01,3583.13
1547337600,3584.1,3595,3564.41,3593.24
1547352000,3593.27,3598.88,3575.84,3583.68
1547366400,3583.68,3590.02,3571.7,3589.38
1547380800,3589.28,3611.1,3560.26,3575.53
1547395200,3576.32,3576.33,3441.3,3465.82
1547409600,3465.03,3497.98,3454,3476.81
1547424000,3477.56,3499.9,3467.02,3489.45
1547438400,3489.43,3527.83,3487.52,3511.83
1547452800,3511.73,3540,3485.02,3488.28
1547467200,3488.8,3647,3487,3630.98
1547481600,3630.98,3671.87,3611,3638.08
1547496000,3638.74,3665,3590,3626.09
1547510400,3626.08,3648.42,3623,3629.38
1547524800,3629.38,3631.86,3610.12,3629.09
1547539200,3629.09,3630.43,3578.07,3611.39
1547553600,3612.1,3640.77,3580,3596.98
1547568000,3597.31,3610.73,3583.5,3604.14
1547582400,3604.14,3605,3516.62,3553.06
1547596800,3553.06,3575.37,3543.51,3572.5
1547611200,3572.55,3583.71,3552.25,3555.07
1547625600,3556.04,3603.96,3553.96,3589.02
1547640000,3589.08,3645,3574.93,3590.22
1547654400,3591.16,3610,3560.2,3576.4
1547668800,3576.6,3609,3561.81,3591.84
1547683200,3591.84,3600.51,3551.16,3574.59
1547697600,3574.57,3587.95,3568.16,3584
1547712000,3583.73,3588.9,3530.39,3579.56
1547726400,3580.3,3605,3558.87,3597.62
1547740800,3597.17,3633,3573,3604.95
1547755200,3604.15,3634.7,3590,3616.21
1547769600,3613.32,3620,3594.35,3600.87
1547784000,3600.87,3611.99,3585.7,3604.01
1547798400,3604.01,3619.8,3590,3599.01
1547812800,3599.08,3611.95,3576.68,3610.68
1547827200,3611.09,3612.07,3565.75,3587.91
1547841600,3588,3609.19,3585.98,3594.87
1547856000,3594.87,3614.79,3594.23,3606.13
1547870400,3605.04,3615,3600.72,3604.4
1547884800,3604.42,3720,3604.01,3695.38
1547899200,3695.78,3697.6,3681.84,3685.74
1547913600,3685.64,3695.98,3662.2,3686.53
1547928000,3686.56,3689.23,3665.3,3665.3
1547942400,3665.75,3686,3655,3680.72
1547956800,3681.31,3686,3668.3,3678.87
1547971200,3678.2,3693.73,3572,3580
1547985600,3580,3589.66,3475,3524.63
1548000000,3524.57,3537.6,3511.2,3518
1548014400,3517.99,3554.29,3510.28,3539.28
1548028800,3539.26,3549.07,3520,3530.95
1548043200,3530.85,3537,3501,3526.83
1548057600,3526.82,3550,3516.35,3545.05
1548072000,3545.07,3559.51,3518.32,3528.17
1548086400,3528.16,3540.81,3520.9,3528.82
1548100800,3528.78,3534.34,3475.5,3526.9
1548115200,3526.88,3550,3514.43,3523
1548129600,3523.66,3590.51,3500.04,3515.7
1548144000,3516.58,3540,3434.85,3535.15
1548158400,3535.15,3585,3520,3577.32
1548172800,3577.33,3608.5,3560,3578.46
1548187200,3578.89,3596.01,3561.94,3570.93
1548201600,3570.41,3599.76,3566.24,3581.31
1548216000,3582.07,3583.01,3556.62,3561.73
1548230400,3561.75,3582.96,3551.92,3577.8
1548244800,3577.8,3607.98,3543.99,3549.07
1548259200,3549.09,3574.21,3533.39,3533.4
1548273600,3533.4,3555,3514.5,3552.82
1548288000,3552.97,3555,3529.22,3532.57
1548302400,3532.57,3550.61,3531.76,3546.33
1548316800,3546.47,3572.59,3532.6,3563.23
1548331200,3562.15,3576.97,3547.09,3553.41
1548345600,3553.44,3589,3543.26,3574.93
1548360000,3574.78,3587.27,3553.88,3569.62
1548374400,3569.07,3587.15,3565,3568.06
1548388800,3568.06,3571.99,3551,3568.48
1548403200,3568.48,3568.56,3522.51,3541.97
1548417600,3541.97,3568.79,3536.95,3566.92
1548432000,3566.44,3571,3540.35,3553.21
1548446400,3553.21,3574,3546.89,3565.29
1548460800,3566.69,3583,3561.17,3577
1548475200,3578.07,3662.94,3567.6,3620.58
1548489600,3620.37,3624.06,3587,3589.93
1548504000,3589.93,3595.2,3545,3557.72
1548518400,3558.01,3572.74,3553.79,3567.55
1548532800,3567.55,3576.76,3562.01,3565.25
1548547200,3565.62,3579,3539.16,3578.46
1548561600,3578.46,3578.92,3554.18,3562.01
1548576000,3562.77,3570.86,3526.41,3546.73
1548590400,3546.17,3568,3486,3556.53
1548604800,3557.31,3574.57,3543.07,3564.29
1548619200,3563.69,3571.09,3546.03,3550.84
1548633600,3550.05,3557.75,3477.47,3481.64
1548648000,3481.65,3499.51,3405,3454.4
1548662400,3453.72,3454.34,3410.02,3427.57
1548676800,3427.59,3435.7,3380.27,3420.06
1548691200,3420.5,3435.7,3408.82,3424.39
1548705600,3424.41,3445.99,3420.07,3434.15
1548720000,3434,3443.45,3402.83,3406.18
1548734400,3406.27,3414.68,3349.92,3366.41
1548748800,3366.63,3403.23,3364.5,3385.32
1548763200,3385.34,3428.27,3381,3426.62
1548777600,3426.15,3442,3405.61,3419.44
1548792000,3419.69,3434.94,3400,3411.04
1548806400,3410.04,3427.67,3387.1,3420.34
1548820800,3419.89,3447,3417.44,3428.83
1548835200,3429.24,3447.9,3422.5,3429.25
1548849600,3429.62,3476.36,3428.72,3464.01
1548864000,3464.03,3478,3454.97,3458.77
1548878400,3458.65,3469,3446.82,3458.18
1548892800,3457.5,3489.2,3456.75,3465.32
1548907200,3465.32,3480,3455.3,3476.57
1548921600,3477.08,3477.08,3418.8,3427.81
1548936000,3427.79,3444.88,3420.3,3436.56
1548950400,3435.82,3443,3419.33,3434.28
1548964800,3433.58,3449.58,3425.36,3434.1
1548979200,3434.1,3440.15,3401.2,3418.5
1548993600,3418.84,3428.51,3411,3420.03
1549008000,3419.44,3477,3417.81,3459.18
1549022400,3460.56,3479.99,3452.2,3463.02
1549036800,3463.02,3488,3450,3474.52
1549051200,3475.01,3486.63,3461.29,3462.07
1549065600,3462.2,3471,3455.36,3465
1549080000,3465.64,3469,3440.29,3453.55
1549094400,3453.09,3481.59,3443.4,3477.67
1549108800,3477.83,3479.74,3453.39,3457.56
1549123200,3457.56,3479,3444.01,3468.19
1549137600,3468.9,3526.4,3457.56,3504.77
1549152000,3504.06,3511.09,3470,3482.58
1549166400,3483.06,3486.86,3457.38,3462.54
1549180800,3462.99,3474.94,3447.44,3463.7
1549195200,3462.69,3473.44,3448.15,3463.5
1549209600,3462.8,3468.99,3431.4,3445.6
1549224000,3445.6,3466.55,3426,3458.11
1549238400,3458.11,3471.84,3452.27,3458.28
1549252800,3458.28,3467.78,3453.18,3463.02
1549267200,3463.02,3484.88,3434.1,3436.04
1549281600,3436.39,3461,3433.31,3459.65
1549296000,3459.16,3475,3457.51,3469.03
1549310400,3469.03,3475.79,3453.82,3463.22
1549324800,3463.22,3471.86,3448.43,3463.91
1549339200,3463.47,3471.89,3456.95,3464.42
1549353600,3464.42,3478.97,3461.21,3469.91
1549368000,3469.89,3471.68,3449.05,3460.44
1549382400,3461.18,3468.17,3449.49,3463.81
1549396800,3463.81,3472,3455.42,3471.59
1549411200,3471.57,3482.72,3380,3423.35
1549425600,3423.96,3426.83,3402.46,3424.77
1549440000,3424.79,3424.79,3396.17,3399.82
1549454400,3399.79,3422.02,3382.26,3422.02
1549468800,3421.07,3434.59,3385.26,3398.39
1549483200,3398.41,3409.26,3393.54,3405.37
1549497600,3407,3414,3398.02,3413.12
1549512000,3413.49,3420,3406,3412.15
1549526400,3412.17,3426.45,3407.05,3408.05
1549540800,3407.81,3413.16,3399,3407.03
1549555200,3407.03,3412.24,3390,3399.55
1549569600,3399.43,3403.31,3390.11,3398.4
1549584000,3398.4,3407.78,3373.1,3404.08
1549598400,3403.77,3411,3392.97,3394.78
1549612800,3395.24,3450.5,3394.89,3430
1549627200,3430,3512.8,3429,3507.34
1549641600,3506.42,3733.58,3485.24,3668.3
1549656000,3668.28,3669.99,3612,3659.04
1549670400,3660.27,3667.89,3635,3646.45
1549684800,3647.19,3666.46,3642.19,3660.86
1549699200,3661.95,3677.32,3651.69,3662.02
1549713600,3662.32,3680.02,3640,3645.02
1549728000,3645.02,3655,3625.13,3652.19
1549742400,3653.56,3673,3650,3665.18
1549756800,3665.18,3674,3646.44,3654.84
1549771200,3654.8,3660,3609.76,3632.12
1549785600,3632.1,3647.95,3630.78,3638.34
1549800000,3639.53,3642.78,3615.53,3626.6
1549814400,3628.73,3655,3624.03,3645.69
1549828800,3645.47,3684.99,3636,3680.06
1549843200,3679.75,3684.9,3620.17,3623.11
1549857600,3623.11,3638.73,3616.66,3635.64
1549872000,3634.87,3644.16,3621,3626.16
1549886400,3626.16,3657.2,3624.08,3643
1549900800,3642.99,3648.64,3615.53,3643.95
1549915200,3644.66,3649,3624.88,3631.05
1549929600,3631.05,3632.82,3582.34,3624.04
1549944000,3624.07,3634.19,3612.9,3625.49
1549958400,3625.58,3627.5,3595.71,3611
1549972800,3610.75,3638,3608.75,3620.03
1549987200,3620.03,3667.6,3616.53,3640.95
1550001600,3640.18,3654.94,3609,3631.46
1550016000,3631.51,3642.88,3624,3640.52
1550030400,3640.99,3670,3625.76,3634
1550044800,3633.98,3638.2,3601.68,3613.79
1550059200,3613.79,3626.15,3591.75,3595.1
1550073600,3595.1,3615.5,3593.22,3602.95
1550088000,3602.97,3613.78,3594.81,3609.4
1550102400,3608.34,3626.4,3605.79,3612
1550116800,3612.45,3625,3597.2,3605.11
1550131200,3605.13,3615,3568.11,3584.94
1550145600,3584.94,3607.09,3577.67,3600.94
1550160000,3601.99,3614.24,3595,3605.69
1550174400,3605.98,3606.16,3588,3590.56
1550188800,3590.57,3620.73,3587,3613.77
1550203200,3613.77,3629.62,3606.65,3615
1550217600,3615,3629.6,3599.29,3608
1550232000,3607.95,3653.23,3573.45,3585.73
1550246400,3586.5,3604.07,3585.05,3596.07
1550260800,3596.09,3605.16,3590,3602.47
1550275200,3602.49,3626.43,3597.91,3623.62
1550289600,3624.09,3634.16,3612,3617.09
1550304000,3617.08,3627.77,3609.95,3626.01
1550318400,3626.01,3648.2,3610.87,3634.41
1550332800,3634.48,3646,3621.65,3633.18
1550347200,3632.52,3638.28,3615,3618.41
1550361600,3617.22,3634.22,3615.05,3629.15
1550376000,3629.68,3647,3627.02,3641.25
1550390400,3640.98,3700.11,3615.89,3623.73
1550404800,3623.73,3628.85,3604.4,3622.42
1550419200,3622.42,3631.99,3610,3622.4
1550433600,3622.48,3685,3615,3667.58
1550448000,3667.62,3773.85,3655,3734.66
1550462400,3734.14,3761.29,3696.65,3731.69
1550476800,3732.17,3760.22,3717,3745.37
1550491200,3744.02,3848,3727.23,3823.38
1550505600,3824.08,3925,3823.11,3895
1550520000,3894.99,3911.68,3856.97,3898.6
1550534400,3897.35,3974.98,3856,3885.06
1550548800,3885.02,3918.93,3876.48,3916.01
1550563200,3915.85,3922,3872.78,3898.84
1550577600,3898.95,3994.52,3898.9,3971.85
1550592000,3971.01,3988.21,3937.26,3967.21
1550606400,3967.14,3967.86,3893,3907.79
1550620800,3907.35,3927.22,3870.66,3912.15
1550635200,3912.11,3928.23,3890,3913.41
1550649600,3913.86,3977,3907.42,3959.98
1550664000,3960,3986.98,3924.64,3937.91
1550678400,3937.91,3966,3931.78,3956
1550692800,3956.38,3980,3941.32,3969.74
1550707200,3969.74,3975.13,3943.18,3968.44
1550721600,3968.05,4016.48,3941.31,3964.69
1550736000,3965,3967.99,3901.03,3931.11
1550750400,3931.5,3947.55,3916,3929.99
1550764800,3930,3934.11,3911.65,3925.94
1550779200,3926.04,3939.18,3917.13,3937.31
1550793600,3937.31,3963.83,3931.4,3953.03
1550808000,3953.03,3965.37,3926.65,3940
1550822400,3939.98,3970.15,3928.71,3958.95
1550836800,3958.95,3988,3942,3954.5
1550851200,3954.63,3972.28,3945.04,3965.35
1550865600,3965.77,3975.25,3951.75,3962
1550880000,3962,3973.67,3953.36,3969.8
1550894400,3969.8,3969.91,3936.58,3949.73
1550908800,3949.69,3965.01,3933.15,3955.23
1550923200,3954.52,3961.53,3933.45,3941.99
1550937600,3941.99,4145.41,3939.03,4100.39
1550952000,4100.24,4162.02,4099.77,4117.76
1550966400,4118,4198,4115.78,4169.7
1550980800,4170.63,4181,4152.8,4167.14
1550995200,4166.6,4171.59,4125.67,4144.68
1551009600,4144.69,4146.89,3731.08,3778.65
1551024000,3778.26,3804.15,3712.66,3780.57
1551038400,3781.51,3816.19,3740.11,3743.56
1551052800,3743.56,3812.75,3740,3798.45
1551067200,3798.43,3817.91,3776.29,3780.52
1551081600,3780.23,3809.63,3755.01,3791.31
1551096000,3791.31,3818.46,3778.65,3808.96
1551110400,3808.96,3872.66,3801.09,3855.39
1551124800,3857,3864.47,3805.57,3827.92
1551139200,3828.44,3841.51,3821.61,3837.25
1551153600,3838.08,3840.38,3777,3807.63
1551168000,3807.63,3828.94,3786.92,3808.99
1551182400,3808.62,3832.99,3787.52,3821.65
1551196800,3821.89,3823.15,3790.62,3814.49
1551211200,3814.69,3821,3799,3809.23
1551225600,3809.31,3821.58,3791.66,3820.31
1551240000,3820.69,3830,3813.12,3825.59
1551254400,3825.61,3833.99,3815.5,3826
1551268800,3826,3838.85,3788,3807.04
1551283200,3807.69,3817,3801.82,3813.93
1551297600,3813.24,3826.34,3677.17,3818.07
1551312000,3818.04,3833.95,3809.88,3816.94
1551326400,3818.28,3830,3811.01,3822.06
1551340800,3823.07,3849.44,3819.4,3833.82
1551355200,3833.46,3888,3763.87,3852.88
1551369600,3852.27,3873.54,3794.44,3821.11
1551384000,3821.19,3829.79,3805,3813.69
1551398400,3814.26,3834.93,3813.01,3825.39
1551412800,3825.39,3839.02,3822.27,3839.02
1551427200,3839.02,3852.41,3824,3828.59
1551441600,3828.58,3838.93,3819.7,3828.54
1551456000,3828.15,3855,3828.15,3845.01
1551470400,3845,3857,3817,3823
1551484800,3822.17,3841.31,3817.5,3835.85
1551499200,3834.99,3835.84,3791.95,3802.46
1551513600,3802.44,3825.92,3772.25,3816.96
1551528000,3816.74,3830.75,3810.82,3812.13
1551542400,3812.11,3824.3,3797.38,3820.67
1551556800,3820.49,3823.95,3806.65,3819.93
1551571200,3819.97,3833.96,3815.58,3824.75
1551585600,3824.8,3833.44,3817.73,3825.14
1551600000,3825.11,3835,3800,3821
1551614400,3821.95,3825.69,3792.22,3795.62
1551628800,3795.62,3811.99,3781.32,3808
1551643200,3807.52,3816.68,3782.22,3807.75
1551657600,3807.32,3830,3791,3799.63
1551672000,3798.67,3799.93,3699.5,3727
1551686400,3727,3733.05,3670.69,3707.6
1551700800,3707.58,3728,3690.16,3713.1
1551715200,3712.07,3735.14,3708.1,3718.17
1551729600,3718.17,3733.06,3696.72,3715.3
1551744000,3716.1,3725,3703.55,3712.98
1551758400,3713,3733.53,3711.46,3729.2
1551772800,3729.19,3747,3728.15,3739.57
1551787200,3739.58,3848.38,3738.8,3834.56
1551801600,3835,3877.1,3820.32,3855.71
1551816000,3855.04,3861.77,3830.82,3857.73
1551830400,3857.58,3870,3813.09,3826.67
1551844800,3827.58,3858.51,3821.13,3851.92
1551859200,3851.9,3907,3834.05,3862.55
1551873600,3862.55,3864,3829.39,3862.6
1551888000,3862.02,3875.12,3848.99,3855.5
1551902400,3855.5,3868,3846.93,3861.84
1551916800,3861.84,3902.94,3857,3884.02
1551931200,3883,3905.4,3854.7,3880
1551945600,3880.17,3880.2,3840.4,3866.01
1551960000,3866.01,3898.83,3857.32,3876.95
1551974400,3876.54,3899.13,3872.11,3880.01
1551988800,3880.01,3890,3862.32,3873.64
1552003200,3873.63,3886.11,3862.7,3873.94
1552017600,3873.94,3930,3873.94,3898.65
1552032000,3898.36,3911.71,3873.18,3891.33
1552046400,3891.39,3920,3884.1,3908.37
1552060800,3908.37,3921,3898.8,3920.43
1552075200,3920.44,3932,3800,3864.89
1552089600,3864.88,3890,3854.75,3876.8
1552104000,3876.8,3938.99,3866.8,3915.69
1552118400,3916,3927.09,3905.53,3913.34
1552132800,3914.76,3966,3910,3950
1552147200,3950.75,3971.75,3890,3928.58
1552161600,3928.06,3946.45,3906.36,3943.04
1552176000,3943.43,3943.43,3916.12,3925.5
1552190400,3925.5,3925.74,3881.69,3902
1552204800,3901.98,3918,3891.73,3904.99
1552219200,3904.97,3916.69,3886.45,3905.92
1552233600,3905.92,3913.94,3889.47,3904.32
1552248000,3904.1,3932.77,3901.12,3916.82
1552262400,3915.99,3936.98,3915.99,3932.73
1552276800,3932.73,3934.79,3860,3885.5
1552291200,3885.49,3899.01,3863.14,3873.49
1552305600,3873.48,3876,3830,3848.12
1552320000,3848.11,3885.51,3841.24,3855.66
1552334400,3855.64,3877.31,3855.64,3871.61
1552348800,3871.61,3876,3826.06,3834.69
1552377600,3834.69,3905.2,3831.23,3885.18
1552392000,3885.09,3902.86,3866.31,3872.59
1552406400,3872.59,3893,3865,3881.33
1552420800,3880.75,3891,3874.03,3882.73
1552435200,3882.69,3893.56,3870.66,3887.89
1552449600,3887.89,3891.7,3870,3884.64
1552464000,3884.32,3885.5,3840,3856.12
1552478400,3856.08,3890.24,3851,3872
1552492800,3872.1,3876.04,3860.43,3870.12
1552507200,3870.1,3873,3855.43,3866
1552521600,3866,3884,3860,3866.26
1552536000,3867.5,3875.57,3854.15,3859.58
1552550400,3860.73,3874.27,3856.61,3859.57
1552564800,3859.57,3920,3810.43,3882.1
1552579200,3883,3888,3870,3873.47
1552593600,3873.48,3881,3870.1,3877.12
1552608000,3877.12,3893.86,3876.13,3882.9
1552622400,3882.88,3895.77,3872.2,3888.25
1552636800,3888.42,3924.4,3877.04,3914.05
1552651200,3913.52,3939.22,3903.08,3928.19
1552665600,3929.36,3934.79,3916.83,3932.37
1552680000,3932.88,3934.79,3905.92,3923.76
1552694400,3924.46,3993.54,3921.98,3982.97
1552708800,3982.7,4056.98,3975.6,4010.06
1552723200,4010,4025.98,3996.1,4016.08
1552737600,4016.1,4018,3963.2,3989.83
1552752000,3990,4008.18,3986.5,3993.61
1552766400,3993.61,4008.93,3985.02,4005.98
1552780800,4005.98,4012,3950.01,3972.23
1552795200,3971.17,3977.65,3950.13,3975.02
1552809600,3975.67,3994.1,3965.83,3987.49
1552824000,3988.26,4000,3972,3986.51
1552838400,3988.32,3995.8,3979,3990.94
1552852800,3991,3997.93,3980.03,3981.14
1552867200,3981.85,4037,3973.14,4008.15
1552881600,4008.56,4015.18,3959,3978.38
1552896000,3978.48,3992.66,3953.33,3971
1552910400,3971,3988.2,3967.42,3978.86
1552924800,3978.87,3984.8,3969.62,3979.17
1552939200,3979.89,3994.87,3979.02,3987.81
1552953600,3987.83,4002.99,3983.14,3987.45
1552968000,3987.52,3991.99,3970,3981.93
1552982400,3981.98,4002.98,3974.43,3986.16
1552996800,3987.37,4015.7,3980,3997.65
1553011200,3997.93,4031,3994,4006.62
1553025600,4008.06,4020,3995.4,4015.53
1553040000,4017.48,4031.53,3980.5,3994.97
1553054400,3994.21,4019.3,3989,4009.01
1553068800,4009.93,4021.32,3985.5,4010.9
1553083200,4010.91,4029.55,4004,4015.82
1553097600,4015.58,4040.89,4004.02,4022.45
1553112000,4023.92,4050,4018,4043.04
1553126400,4043.04,4054.58,4024.33,4041.06
1553140800,4041.75,4051.75,4027.2,4046.79
1553155200,4045.75,4057.88,4033.97,4047.78
1553169600,4044.62,4069.32,3880.01,3968.66
1553184000,3968.25,3981.29,3942.23,3979.42
1553198400,3979.13,3996,3973.91,3980.64
1553212800,3980.85,3994.89,3971,3986.51
1553227200,3985.53,3988.78,3968.25,3978.59
1553241600,3979.16,3991.48,3977.33,3987.11
1553256000,3987.13,4008,3983.01,3993.31
1553270400,3993.29,4005,3980.23,3996.38
1553284800,3997.73,3997.73,3973.57,3986.93
1553299200,3987.89,4009,3978.01,4004.34
1553313600,4005.98,4018.83,3989.4,4005
1553328000,4005.67,4015,3981.25,4001.36
1553342400,4002,4006.23,3978.01,4001.23
1553356800,4001.5,4002.78,3987.86,3990.99
1553371200,3990.97,4007.9,3987.01,4006.01
1553385600,4006.01,4006.02,3976.39,3988
1553400000,3988,3993.48,3975,3981.61
1553414400,3981.61,4003.97,3980.15,3992.42
1553428800,3991.86,3997.97,3983.29,3992.9
1553443200,3992.9,3995.21,3980,3983.45
1553457600,3983.44,3995.38,3950,3992.18
1553472000,3991.35,3999.3,3980.75,3996.63
1553486400,3995.93,3998.58,3982.61,3993.72
1553500800,3991.49,3999,3985,3986.39
1553515200,3987.2,3988.3,3959.16,3962.92
1553529600,3962.92,3982.24,3888.71,3922.22
1553544000,3922.22,3946.82,3891.14,3936.12
1553558400,3935.47,3958.98,3931,3937.26
1553572800,3936.14,3944.63,3909.11,3925.98
1553587200,3925.98,3940.62,3913,3918.06
1553601600,3919.35,3946.36,3894,3942.01
1553616000,3943.3,3947.23,3929.1,3933.02
1553630400,3933.59,3952,3924.95,3948.55
1553644800,3948.77,3999,3936.15,3991.59
1553659200,3991.59,4006.52,3985.18,4000
1553673600,4000,4040.36,3986.35,4033.22
1553688000,4033.25,4034.99,4003.97,4021.49
1553702400,4021.5,4028,4008.79,4020.12
1553716800,4019.99,4048,4015,4038.05
1553731200,4039.58,4039.7,4009,4014.83
1553745600,4015.93,4031.17,4002,4025.91
1553760000,4025.98,4026.48,4005.19,4017.04
1553774400,4016.57,4038.5,4012.01,4030.49
1553788800,4030.98,4032.99,4020.53,4024.89
1553803200,4024.89,4030,4019.93,4027.81
1553817600,4028.22,4044.65,4025.5,4041.46
1553832000,4041.99,4067.49,4024.03,4057.63
1553846400,4056.59,4123.71,4042,4123.43
1553860800,4120.18,4123.44,4078.2,4087.21
1553875200,4087.14,4108,4068,4085
1553889600,4085,4108.85,4079.6,4103.25
1553904000,4104.24,4140,4090.7,4093.46
1553918400,4094.45,4108.58,4052,4097.95
1553932800,4097.94,4098,4074,4093.38
1553947200,4093.4,4096.91,4071,4077.88
1553961600,4076.33,4092,4057.07,4087.45
1553976000,4086.22,4107.74,4085.86,4106.97
1553990400,4106.99,4116.12,4082.57,4096.41
1554004800,4096.99,4108.18,4084.61,4085.03
1554019200,4085.38,4116.12,4085,4111.59
1554033600,4111.59,4113.46,4095.64,4097
1554048000,4097,4109.41,4096,4106.17
1554062400,4106.18,4112,4098.37,4103.95
1554076800,4102.44,4140.95,4067,4129.9
1554091200,4129.9,4144.04,4121,4128.85
1554105600,4128.85,4138.16,4111.12,4128.69
1554120000,4128.68,4158.7,4126.86,4145.07
1554134400,4145.01,4156,4133,4137.45
1554148800,4138.38,4154.97,4133.8,4144.56
1554163200,4144.54,4186,4140.54,4179.4
1554177600,4178.98,4841.44,4174.98,4646.03
1554192000,4647.01,4775,4645,4722.27
1554206400,4722.45,4777.82,4618,4733.85
1554220800,4733.85,4746.81,4665,4729
1554235200,4726.97,4897.99,4710,4857.29
1554249600,4857.19,5034.99,4849,5000.56
1554264000,5000.56,5002.67,4753.5,4930
1554278400,4929.97,4942.87,4893.85,4920.39
1554292800,4920.39,5004.07,4919,4960.19
1554307200,4961.95,5150.19,4960.21,5108.57
1554321600,5105.5,5275.01,4760,4932.6
1554336000,4932.59,5039.08,4880,4936.72
1554350400,4936.25,5034.11,4917.94,5013
1554364800,5013.35,5030,4894.99,4971.96
1554379200,4971.87,5015,4926,4978.04
1554393600,4979.39,4982.15,4803.23,4813.73
1554408000,4813.73,4927.99,4777,4898.66
1554422400,4898.64,4954.06,4880.62,4892.05
1554436800,4890.18,5000,4890.18,4944.33
1554451200,4944.33,4998.99,4935,4985.53
1554465600,4985.46,5028.22,4941,4966.5
1554480000,4966.5,5027.1,4955,4978.62
1554494400,4979.61,5020,4956.27,5004.95
1554508800,5004.96,5005.06,4965,4992.55
1554523200,4992.55,5008.72,4980.45,4984.45
1554537600,4984.45,4986.61,4950.02,4978.25
1554552000,4977.25,5098,4975,5092.15
1554566400,5092.16,5205,5078,5140
1554580800,5138.98,5152.97,4928.59,5043.89
1554595200,5042.07,5149.44,5026,5120
1554609600,5120.57,5160,5081.7,5136.61
1554624000,5136.61,5175,5093.88,5115.04
1554638400,5114.25,5164.97,5097.44,5120.61
1554652800,5118.68,5155,5050,5121.16
1554667200,5121.27,5234,5097.76,5170.27
1554681600,5170.27,5305,5152.59,5198.97
1554696000,5199.45,5269.89,5160,5207.91
1554710400,5206.45,5218.35,5045,5046.16
1554724800,5046.16,5199.08,5039,5191.31
1554739200,5190.09,5208,5134.26,5155.05
1554753600,5154.99,5255,5148.89,5236.9
1554768000,5238.38,5238.4,5135.33,5158.64
1554782400,5158.64,5182.53,5076.68,5147.97
1554796800,5148.45,5168.95,5085.75,5153.36
1554811200,5152.94,5185,5135,5155.52
1554825600,5155.52,5188.94,5155,5165.8
1554840000,5165.84,5194.12,5121,5150
1554854400,5150,5200,5135,5173.54
1554868800,5172.83,5228.08,5171.57,5199.97
1554883200,5200,5219,5189,5197.4
1554897600,5197.01,5246.39,5195.33,5245.06
1554912000,5245.5,5422,5221.39,5363.83
1554926400,5362.83,5382.74,5180.89,5308.25
1554940800,5307.86,5332.67,5100,5143.49
1554955200,5143.5,5193.89,5105,5158.01
1554969600,5158.31,5179.54,4927,5001.91
1554984000,5001.01,5035.89,4961.01,4994.28
1554998400,4994.32,5069.97,4970,5043.82
1555012800,5043.82,5048.71,4961.47,5017.37
1555027200,5017.37,5023.99,4861.22,4984.88
1555041600,4984.88,5009.45,4961.53,4991.93
1555056000,4991.54,5069.97,4959,5041.36
1555070400,5041.36,5055,5012.49,5037.45
1555084800,5037.45,5080.58,5022.41,5031.79
1555099200,5031.77,5068.99,5002.94,5048.01
1555113600,5047,5099,5030.01,5079.66
1555128000,5080,5090,5054.81,5063.45
1555142400,5063.45,5068.93,5004,5018.92
1555156800,5019.43,5078.7,5013.2,5051.65
1555171200,5051.71,5073.19,5034.94,5048.49
1555185600,5048.49,5066.37,5015.7,5045.22
1555200000,5047.45,5067.74,5022.26,5032.8
1555214400,5034.6,5040.58,5000,5034.14
1555228800,5034.08,5055,5029,5044.99
1555243200,5046.98,5064,5034.45,5062.34
1555257600,5062.34,5087.76,5055.54,5066.43
1555272000,5066.43,5152.99,5061.79,5131.3
1555286400,5131.28,5167.38,5125.89,5136.88
1555300800,5136.89,5166.08,5113,5136.99
1555315200,5137,5140.79,5091,5104.33
1555329600,5103.35,5144.66,5085,5134.94
1555344000,5133.82,5140,4983,5005.84
1555358400,5006.83,5054.22,4950,5024.95
1555372800,5024.95,5054.91,5014.97,5044.49
1555387200,5043.05,5084.51,5042.11,5066
1555401600,5066,5078.46,5038.68,5054.58
1555416000,5053.49,5090.86,5003.94,5069.12
1555430400,5070.48,5197.72,5060,5158.14
1555444800,5157,5188,5144.2,5173.72
1555459200,5173.72,5230.4,5156.55,5200.55
1555473600,5200.57,5208.34,5168,5186.03
1555488000,5186.66,5228.2,5159.53,5217.56
1555502400,5217.56,5228.81,5146.8,5182.91
1555516800,5183,5213.29,5171.11,5210.49
1555531200,5210.48,5222.46,5182.05,5202.82
1555545600,5202.41,5255,5198.8,5248.12
1555560000,5249.99,5273,5232.1,5248.6
1555574400,5248.6,5250,5199.37,5218.02
1555588800,5218.82,5265.38,5215.26,5234.34
1555603200,5231.55,5287,5207.14,5264.38
1555617600,5262.73,5287,5226,5258.44
1555632000,5258.44,5260,5175,5213.04
1555646400,5213.02,5232.68,5200.46,5230.96
1555660800,5230.96,5255,5211.11,5236.32
1555675200,5237.74,5267,5212.39,5259.69
1555689600,5261,5320,5232.94,5272.12
1555704000,5270.64,5277.15,5220.9,5258.68
1555718400,5258.68,5295,5250.59,5276.97
1555732800,5276.57,5310,5268,5305.79
1555747200,5305.09,5333.42,5268,5282.76
1555761600,5282.99,5312.88,5272.06,5289.36
1555776000,5289.95,5307.68,5279.01,5295.29
1555790400,5294.99,5306,5230.1,5291.73
1555804800,5292.91,5314.35,5285.02,5302.87
1555819200,5303,5304.77,5275.94,5281.01
1555833600,5281.01,5286.9,5182.5,5219.99
1555848000,5217.5,5243.14,5165,5239.42
1555862400,5239.4,5243.97,5190,5218.37
1555876800,5218.44,5273.13,5194.45,5256.14
1555891200,5257.41,5268.94,5208.35,5217.2
1555905600,5218.32,5255,5218,5242.31
1555920000,5243.65,5294.72,5240,5275
1555934400,5275,5348.39,5261,5279.69
1555948800,5280.58,5400,5250.9,5354.67
1555963200,5354.69,5398,5330,5357.14
1555977600,5357.14,5437.77,5332.41,5414.5
1555992000,5414.5,5600,5413.14,5508.44
1556006400,5508.42,5547.83,5462,5513.97
1556020800,5513.97,5562.03,5505.1,5536.31
1556035200,5536.31,5589,5515.76,5568.08
1556049600,5568.5,5568.86,5465.01,5493.31
1556064000,5490.91,5549.4,5430.6,5531.32
1556078400,5531.32,5582.2,5370,5421.59
1556092800,5420.61,5457.82,5333.35,5385.09
1556107200,5385.63,5449.9,5381.49,5425.25
1556121600,5425,5439.98,5340.1,5399.75
1556136000,5400,5419,5380,5415
1556150400,5415,5437.46,5388.4,5413.88
1556164800,5413.14,5428.61,5368,5406
1556179200,5406,5443.17,5350.07,5441.79
1556193600,5441.81,5446.44,5404.36,5432
1556208000,5432,5491.84,5425.94,5468.38
1556222400,5469,5482.14,5102,5219.9
1556236800,5220.47,5510,5161.62,5344.39
1556251200,5342.9,5387.92,5271,5293.36
1556265600,5292.16,5341.46,5288.99,5332.67
1556280000,5333.3,5339.55,5274,5285.07
1556294400,5285.17,5288.37,5195.89,5260.61
1556308800,5260.46,5340,5257.48,5314.1
1556323200,5315,5326.12,5287,5288.27
1556337600,5287.5,5325.59,5261.29,5323
1556352000,5322.98,5323.08,5270,5277.51
1556366400,5277.54,5309.67,5257.67,5282.54
1556380800,5282.64,5342.34,5282.54,5328.9
1556395200,5328.9,5342.5,5286.06,5295.69
1556409600,5295.69,5319.78,5280,5305.91
1556424000,5306.57,5321.54,5289.23,5319.37
1556438400,5319.37,5340,5306.37,5334.77
1556452800,5334.76,5336.91,5282.58,5333.68
1556467200,5333.68,5334.42,5259.48,5290
1556481600,5291.17,5316.8,5262.3,5307.52
1556496000,5309.81,5327.97,5297.33,5318.75
1556510400,5318.31,5332,5299.58,5301.46
1556524800,5301.45,5310.09,5241,5279.41
1556539200,5279.41,5279.41,5178.8,5231.96
1556553600,5231.97,5274.65,5211.02,5239.89
1556568000,5239.89,5246.92,5185,5238.14
1556582400,5238.14,5264.01,5205.72,5217.99
1556596800,5217.6,5235,5192.15,5222
1556611200,5222,5288.48,5204.39,5285.68
1556625600,5282.32,5339.98,5254.68,5312.19
1556640000,5313,5316.89,5283.12,5292.53
1556654400,5292.53,5338.54,5290,5320.81
1556668800,5321.94,5374.18,5316.2,5348.95
1556683200,5348.92,5357,5337.62,5353.4
1556697600,5352.6,5366.9,5326.05,5362.14
1556712000,5363.42,5364,5333,5355.35
1556726400,5355.34,5402,5342.75,5367.41
1556740800,5365.98,5393.54,5355,5383.2
1556755200,5383.2,5394,5373.2,5387.54
1556769600,5387.51,5415,5370,5406.31
1556784000,5408.04,5460,5405.3,5446.38
1556798400,5444.72,5535.6,5418.1,5523.99
1556812800,5523.99,5538,5472.28,5506.98
1556827200,5506.01,5520,5484.01,5492.87
1556841600,5494.81,5600,5477.57,5579.46
1556856000,5579,5700,5566,5695.09
1556870400,5695.66,5844,5653.74,5750.99
1556884800,5750.07,5843,5749.32,5787
1556899200,5786.31,5807,5725,5757.84
1556913600,5758.53,5801.25,5742,5772.69
1556928000,5770.62,5900,5768.73,5844.18
1556942400,5841.5,5844.34,5755.48,5814.01
1556956800,5815.54,5820,5756,5789.55
1556971200,5789.55,5795.99,5587.45,5641.19
1556985600,5641.73,5694.3,5624.89,5681.14
1557000000,5681.12,5874.34,5679.88,5829.45
1557014400,5829.83,5839.9,5760,5813.21
1557028800,5814.14,5830.67,5738.02,5755
1557043200,5754.13,5798.82,5710.63,5767.54
1557057600,5768.35,5808.22,5750,5770.04
1557072000,5768.53,5786.75,5696,5768.63
1557086400,5768.63,5818,5760.64,5775.62
1557100800,5773.18,5796.59,5642.5,5695.31
1557115200,5693.03,5738.67,5619.14,5636
1557129600,5634.82,5710,5619.48,5701.67
1557144000,5701.67,5740.23,5673,5730.98
1557158400,5731,5805,5730.25,5790.41
1557172800,5790.35,5797.2,5732,5747.79
1557187200,5749.92,5988,5747.74,5957
1557201600,5955.91,5980,5905,5935.25
1557216000,5935.25,5968,5912.23,5947.64
1557230400,5945.8,6028.41,5840,5919.93
1557244800,5919.93,5965,5880.13,5922.87
1557259200,5923.45,5969.22,5820,5846.34
1557273600,5846.34,5901,5772.2,5879.44
1557288000,5879.64,5928.65,5871.55,5903.86
1557302400,5903.39,5959.99,5865,5936
1557316800,5936,5967,5896,5953.94
1557331200,5953.07,5970,5914.5,5951.65
1557345600,5951.57,6014.72,5910.01,5987.29
1557360000,5986.66,6114.73,5983.71,6075.14
1557374400,6072.89,6135.56,6068,6102.36
1557388800,6102.36,6147.55,6060,6086.98
1557403200,6087.78,6089.09,6025,6058.91
1557417600,6058.91,6150,6056.55,6135.25
1557432000,6136.92,6224.55,6123.43,6209.18
1557446400,6209.95,6365.01,6172,6337.99
1557460800,6339.49,6390,6232.24,6371.44
1557475200,6371.44,6387,6265.63,6307.19
1557489600,6307.22,6370.67,6266.16,6353.82
1557504000,6353.82,6468.92,6342.2,6410.57
1557518400,6410.55,6423,6270.03,6373.33
1557532800,6375.16,6611.64,6372.85,6578.71
1557547200,6580.84,6952.63,6574.05,6801.67
1557561600,6801.09,6833,6656.55,6754.55
1557576000,6754.57,6905.57,6705.36,6905.57
1557590400,6905.57,6979.99,6848,6900
1557604800,6901.19,7343.99,6885.29,7076.22
1557619200,7076.24,7230,6876.12,7159.56
1557633600,7160.22,7513.91,7158.54,7480.47
1557648000,7480.47,7521.78,6966,7169.23
1557662400,7162.66,7242,6750,6839.83
1557676800,6842.5,7088.4,6795,7032.64
1557691200,7028.79,7170,6863,6967.31
1557705600,6968.24,7080,6870,7024.14
1557720000,7024.15,7170,6990,7023.98
1557734400,7026.29,7294.77,6983.91,7224.94
1557748800,7225.24,7869.08,7202.93,7771.91
1557763200,7769.11,7895.99,7662.02,7844.36
1557777600,7845.84,8100,7568,7790.71
1557792000,7795.62,8027.85,7755.79,7928.51
1557806400,7931,8322.31,7900,8321.66
1557820800,8321.66,8366,7910.99,8059.98
1557835200,8057.18,8205,7935,7950
1557849600,7950,8048,7659.42,7740.75
1557864000,7738.25,7999.99,7599.56,7947.56
1557878400,7945.26,8116.28,7883.38,7946.71
1557921600,7946.71,8047,7850,7991.95
1557936000,7993.74,8240,7905.59,8167
1557950400,8167,8249,8044.11,8169.87
1557964800,8169.08,8320,8137.68,8233.98
1557979200,8235,8235,7870.01,8019.37
1557993600,8018.61,8079,7767,7870
1558008000,7870,8030.91,7725,8006.67
1558022400,8008.56,8034.69,7790.02,7858.68
1558036800,7856.75,7960,7705,7866.59
1558051200,7868.67,7925,7000,7344.03
1558065600,7343.94,7490,7150.33,7298.93
1558080000,7299.87,7325.54,7056,7150.19
1558094400,7154.18,7277,6913,7094.43
1558108800,7096.02,7219.94,6980.02,7136.72
1558123200,7135.73,7375,7070,7355.26
1558137600,7355.28,7434.61,7227,7361.3
1558152000,7358.04,7458,7279.2,7302.99
1558166400,7309.01,7374,7156.61,7304.51
1558180800,7305.09,7393.01,7256.63,7344
1558195200,7344,7375.22,7230,7237.98
1558209600,7237.98,7343.99,7230,7257.45
1558224000,7257.32,7931.51,7243.08,7903.22
1558238400,7904,7997,7815.97,7907.22
1558252800,7909.14,8092.9,7867.65,7964.41
1558267200,7961.72,7991.18,7765,7962.78
1558281600,7961.19,8049,7850.99,7952.48
1558296000,7951.7,8275.09,7892.46,8148.48
1558310400,8147.94,8156.03,7780,8030.04
1558324800,8030.04,8109.81,7829.79,7871.41
1558339200,7870.01,7939.04,7777.77,7835.87
1558353600,7832.5,7896.4,7553,7834.51
1558368000,7833.71,7880.92,7672.78,7801
1558382400,7802.09,8080,7778,7938.15
1558396800,7937.16,7998,7800,7889.07
1558411200,7889.09,7942,7790.05,7895.06
1558425600,7895.02,7980.9,7771,7848.37
1558440000,7847.92,7971,7793.38,7890.49
1558454400,7890.62,8005.12,7852.9,7966.45
1558468800,7966.44,8042.32,7865.2,7904.87
1558483200,7904.48,7988,7882.95,7895.17
1558497600,7895.35,7936,7830.23,7882.22
1558512000,7881.19,7924.97,7730,7802.31
1558526400,7802.95,8016,7760,7939.6
1558540800,7939.96,7948.97,7835.48,7901.69
1558555200,7901.2,7917.68,7465,7628.43
1558569600,7627.8,7685.6,7533,7660.98
1558584000,7661.45,7683.52,7547.33,7587.89
1558598400,7587.88,7645,7461,7589.1
1558612800,7588.04,7808.88,7552.53,7754.09
1558627200,7754.07,7849,7702,7759.18
1558641600,7759.16,7940.98,7745.7,7851.51
1558656000,7849.95,7910,7800,7847.08
1558670400,7848.13,7880,7766,7852.27
1558684800,7853.13,8000,7849.84,7977.95
1558699200,7978.65,8094,7918.99,8046.06
1558713600,8047.79,8130,7960.34,8023.88
1558728000,8023.9,8096.74,7892,7964.87
1558742400,7964.52,8033.48,7930,7975.29
1558756800,7976.96,8016.83,7908.34,7958.93
1558771200,7958.62,8091.8,7935.89,8044.02
1558785600,8044.02,8065.98,7965.22,8017.39
1558800000,8017.39,8057.11,7939,7967.77
1558814400,7970.5,8052.6,7968.29,8025.41
1558828800,8023,8047.5,7952.48,7965
1558843200,7964.85,8008.68,7919.64,7969.79
1558857600,7969.78,7997.85,7833.42,7907.98
1558872000,7908.16,7994,7863.48,7983.18
1558886400,7983.18,8499,7940.5,8480
1558900800,8480,8740,8418.9,8614.43
1558915200,8612.54,8842.57,8589,8664.56
1558929600,8662.96,8735.14,8590,8696.03
1558944000,8694.83,8710,8640.01,8686.99
1558958400,8686.99,8882.61,8685.95,8799
1558972800,8798.96,8908.32,8600,8762.57
1558987200,8761,8823.52,8660,8756.32
1559001600,8752.52,8798.49,8716.32,8763.31
1559016000,8761.23,8783,8625,8721.54
1559030400,8721.54,8743.85,8647.1,8734.36
1559044800,8734.35,8756.95,8510.63,8684.17
1559059200,8684.78,8790,8617.02,8689.64
1559073600,8689.66,8740,8656.85,8715.64
1559088000,8716.87,8716.87,8611,8646.01
1559102400,8643.82,8661.1,8406.6,8547
1559116800,8548.31,8687.55,8527.23,8621
1559131200,8621,8750,8610.99,8681.21
1559145600,8683.97,8726.99,8628,8677.51
1559160000,8677.5,8700,8601,8645.68
1559174400,8646.5,8718.71,8541.33,8672.47
1559188800,8675.39,8757.33,8653.74,8696.71
1559203200,8699.1,8775,8660,8724.75
1559217600,8724.54,8942.05,8680,8941.25
1559232000,8941.25,9074.26,8513.38,8620.22
1559246400,8620.21,8621.98,8005,8269.54
1559260800,8267.1,8388,8200,8263.84
1559275200,8263.84,8320.12,8108.5,8311.72
1559289600,8311.72,8360.3,8226.18,8284.46
1559304000,8284.09,8459.41,8268.85,8349.52
1559318400,8348.72,8474.97,8288.92,8442.75
1559332800,8444.72,8594,8420.03,8555
1559347200,8555,8591.83,8491.52,8552.75
1559361600,8548.55,8580,8445.5,8539.26
1559376000,8539.22,8626,8504.06,8566
1559390400,8563.02,8577,8442.36,8530.21
1559404800,8530.21,8583.99,8468,8530.11
1559419200,8532.51,8600,8500.25,8544.07
1559433600,8545.1,8598,8524,8544.1
1559448000,8545.93,8736.2,8540.4,8703.51
1559462400,8702.37,8753.01,8668.83,8722.04
1559476800,8723,8814.78,8561.47,8678.22
1559491200,8677.22,8703.33,8614.1,8669.18
1559505600,8669.18,8756.28,8647.37,8725.98
1559520000,8726,8800.95,8617.32,8660.47
1559534400,8660.5,8676.77,8321.5,8470
1559548800,8469.98,8548.08,8412.96,8507.84
1559563200,8505.1,8567,8330,8473.66
1559577600,8471.88,8583,8435,8570.88
1559592000,8570.89,8580.22,8080.8,8115.82
1559606400,8115.66,8115.66,7780.4,7895.93
1559620800,7895.91,8007.28,7800,7892.6
1559635200,7893.1,8007,7887.9,7943.56
1559649600,7943.56,8050,7877.85,7941.11
1559664000,7941.91,7976.99,7531.11,7621.46
1559678400,7621.51,7740.8,7481.02,7687.03
1559692800,7687.04,7859.99,7687.04,7796.61
1559707200,7796.36,7838.49,7678.23,7823.93
1559721600,7824.03,7888,7750,7791.35
1559736000,7790.75,7815,7572.78,7625.05
1559750400,7627.97,7836.44,7622.01,7783.05
1559764800,7783.06,7896.7,7609.81,7776.5
1559779200,7778.08,7868.13,7742.12,7851.95
1559793600,7851.86,7856.36,7750,7761.7
1559808000,7761.82,7840.62,7740.4,7831.51
1559822400,7831.96,7849,7565.25,7694.84
1559836800,7694.84,7714.27,7444.58,7595.86
1559851200,7592.95,7807,7572.49,7786.7
1559865600,7787.57,7849.99,7737.49,7786.7
1559880000,7786.33,7993.32,7757.93,7940.31
1559894400,7940.31,8000,7873.9,7893
1559908800,7892.76,7954.7,7884.75,7928.86
1559923200,7928,8100,7890,7937.85
1559937600,7937.72,8055,7928,7980.53
1559952000,7978.94,8044.65,7912.65,7927.52
1559966400,7927.39,7991.55,7850,7910.04
1559980800,7910.04,8000,7896.94,7980.59
1559995200,7981.33,7986.22,7825,7919.43
1560009600,7919.1,7919.58,7751,7809.25
1560024000,7810.54,7943.72,7806.95,7893.62
1560038400,7895.28,7935,7831,7873.31
1560052800,7873.37,7908,7842,7899.01
1560067200,7898.92,7925.99,7835,7852.63
1560081600,7850.12,7852.6,7665.43,7716.72
1560096000,7718.92,7759,7571.55,7732.06
1560110400,7732.06,7739.12,7506.66,7628.13
1560124800,7627.57,7682.42,7511,7654.46
1560139200,7654.69,7737.38,7603.89,7698.71
1560153600,7698.08,7954.7,7596,7902.36
1560168000,7902.67,8020,7852.56,7914.45
1560182400,7914.45,7982.85,7877.41,7945.81
1560196800,7947.67,7989.89,7867,7982.75
1560211200,7981,8010,7897,7932.34
1560225600,7932.36,7940.97,7860.17,7897.56
1560240000,7897.56,7936.08,7706.83,7769.27
1560254400,7767.55,7800.7,7730,7761.53
1560268800,7761.92,7900.98,7692.23,7868.87
1560283200,7868.69,7947.98,7856.11,7884.9
1560297600,7884.9,8045,7788.99,7959.76
1560312000,7959.28,7974.46,7901.33,7960.16
1560326400,7958.01,8012,7856.73,7967.8
1560340800,7967.91,8200,7909.9,8140.57
1560355200,8141.89,8169.96,8068.29,8118.56
1560369600,8118.54,8135,8039.49,8127.64
1560384000,8127.64,8147.26,8026,8082.01
1560398400,8082.01,8118,8062.08,8097.99
1560412800,8097.9,8112.99,8040.15,8086.43
1560427200,8087.59,8219.49,8010.03,8172.11
1560441600,8172.74,8279.63,8135.01,8225.41
1560456000,8225.62,8309.82,8180.3,8218.54
1560470400,8216.44,8243.03,8144.32,8197.81
1560484800,8197.28,8244.18,8173.05,8239.29
1560499200,8238.14,8298.15,8231.6,8257.18
1560513600,8256.59,8458.58,8251.58,8385.16
1560528000,8385.93,8434.12,8311,8385.88
1560542400,8385.86,8684.41,8384.98,8650
1560556800,8650.88,8670.32,8567.63,8595.21
1560571200,8595.01,8720,8584.36,8657.15
1560585600,8657.15,8676.67,8594.34,8632.1
1560600000,8633.26,8799,8581.48,8750.71
1560614400,8753.05,8864.99,8735,8810
1560628800,8809.28,8842.48,8725.17,8808.7
1560643200,8810.77,8978.05,8760,8971.83
1560657600,8970.32,9333,8953.43,9245.42
1560672000,9247,9310,8900,9087.12
1560686400,9087.77,9279.98,9011.66,9201.73
1560700800,9202.37,9210.01,8839,8924.39
1560715200,8924.39,9070,8820.67,8953.33
1560729600,8953,9180,8950,9134.4
1560744000,9131.33,9212.66,9082,9121.17
1560758400,9121.17,9292,9106.31,9249.6
1560772800,9249.6,9379.38,9051,9158.42
1560787200,9161.99,9340.74,9114.16,9278.2
1560801600,9278.04,9444,9159.08,9313.96
1560816000,9312.13,9336.36,9180.9,9238.33
1560830400,9238.99,9267.73,8975.06,9084.63
1560844800,9082.25,9250,9063.28,9174.99
1560859200,9174.16,9199.34,8955.8,9086.62
1560873600,9084.71,9124.13,8950,9073.65
1560888000,9071.63,9142.64,8953.43,9081.55
1560902400,9081.97,9170,9036.71,9139.53
1560916800,9139.55,9206.28,9125,9170.67
1560931200,9171.02,9193.03,9087,9136.65
1560945600,9137.73,9158.68,8988,9088
1560960000,9088.83,9158.68,9050,9132.33
1560974400,9134.32,9304,8960,9255.49
1560988800,9253.76,9350,9217.92,9331.6
1561003200,9331.84,9344.95,9232.22,9248.25
1561017600,9248.26,9269.97,9175.2,9250.1
1561032000,9250.08,9400.66,9215.84,9377.75
1561046400,9375.63,9518,9284.81,9497.5
1561060800,9497.5,9590,9440,9517.12
1561075200,9518.06,9798,9518.06,9750
1561089600,9750,9761.93,9617.46,9719.45
1561104000,9718.44,9826.06,9667.25,9808.89
1561118400,9807.66,9904,9642.12,9787.83
1561132800,9790.39,9930,9789.86,9890.28
1561147200,9890.25,10174.99,9844,10159.86
1561161600,10159.86,10951.81,9921.72,10579.96
1561176000,10575.97,10760,10512,10670
1561190400,10675.64,10946.99,10632.9,10867.04
1561204800,10867.04,11160,10310,10798.78
1561219200,10804.24,11003.98,10500,10684.7
1561233600,10684.97,10787.11,10410,10729.5
1561248000,10729,10963.25,10670,10797.89
1561262400,10797.98,10846.55,10680.19,10743.21
1561276800,10740.65,10782.49,10555.18,10658.81
1561291200,10658.81,10828.61,10650.02,10812.32
1561305600,10812.32,11134.7,10721.11,11058.32
1561320000,11058.49,11392.64,10780,10906.07
1561334400,10905.95,10905.96,10620.8,10720.64
1561348800,10720.34,10876.96,10674.55,10816.17
1561363200,10814.8,11023.39,10810,10938.17
1561377600,10937.34,11000,10800,10936.87
1561392000,10933.85,11143.63,10861.34,10944.73
1561406400,10945,11100,10865.07,11056.59
1561420800,11056.59,11262.99,11026,11172.19
1561435200,11171.71,11435,11157.91,11377.6
1561449600,11377.6,11499.24,11240.64,11418.37
1561464000,11418.37,11436,11130.01,11385.31
1561478400,11385.05,11503.71,11266,11411.95
1561492800,11411.76,11850,11385.4,11820.86
1561507200,11821.28,12293.92,11741,12269.41
1561521600,12271,13000,12200,12541.39
1561536000,12549.79,12777.55,12373,12696.8
1561550400,12693.77,12982.35,12588,12889.05
1561564800,12889.05,13964.74,12811.77,13960.76
1561579200,13960.76,13970,11801,13093.8
1561593600,13098.38,13478.04,12500,12982.04
1561608000,12993.75,13154.69,12100,12499.95
1561622400,12495.13,12516.73,11450,12261.63
1561636800,12255.58,12360,11575,11830
1561651200,11830,11948.63,10680.04,11022.01
1561665600,11029.96,11566,10525.1,11329.99
1561680000,11329.99,11771.98,11080,11370
1561694400,11370,11662,10982.88,11430
1561708800,11425.81,12203,11425.8,12178.85
1561723200,12178.81,12190.14,11639,11989.22
1561737600,11989.78,12400,11801.05,12368.43
1561752000,12366.71,12480,12137.7,12400.63
1561766400,12407.06,12441.54,11500,11616.29
1561780800,11622.19,11922.48,11475.02,11873.61
1561795200,11877.5,12033,11595.57,12023.91
1561809600,12020.4,12199,11886,11939.62
1561824000,11939.62,12100.57,11702,11900
1561838400,11900,12244,11826.92,11903.13
1561852800,11903.13,12180,11901.3,12133.8
1561867200,12133.8,12170,11651.98,11731.19
1561881600,11728.81,11881,11501.1,11624.1
1561896000,11626.52,11728.87,11040,11164.45
1561910400,11164.01,11443.98,10933,11301
1561924800,11300.49,11534.05,10766.03,10854.1
1561939200,10854.1,11282.28,10719,11142.98
1561953600,11139.37,11224.35,10900,10983.7
1561968000,10983.7,11189.99,10902.59,11022.65
1561982400,11020.87,11041.42,10050,10396.98
1561996800,10390.17,10480,10030,10258.02
1562011200,10259,10700,10258.07,10624.93
1562025600,10624.9,10700,10216,10339.07
1562040000,10340.51,10390,9760.02,9866.96
1562054400,9866.7,10350,9727,9989.1
1562068800,9993.96,10657.62,9918,10632.17
1562083200,10632.16,10898.99,10423.13,10784
1562097600,10785.1,10938.75,10592.64,10842.85
1562112000,10844.98,11453.86,10841.04,11289.48
1562126400,11289.46,11513,11200.17,11217.7
1562140800,11217.7,11347,10878.75,11162.35
1562155200,11166.54,11460,11123.43,11422.43
1562169600,11421.93,11444.42,11017.59,11257.82
1562184000,11256.97,11991.89,11205,11940
1562198400,11940,12000,11711.09,11850
1562212800,11848.71,11865.01,11550,11669.23
1562227200,11669.23,11740.95,11457.91,11672.13
1562241600,11672.47,11889,11644.02,11707.42
1562256000,11707.42,11858.39,11600,11805.42
1562270400,11805.43,11805.44,11055,11145.67
1562284800,11145.67,11294.89,11002.63,11154.56
1562299200,11155.59,11227.49,10796.44,10982.73
1562313600,10985.22,11340.45,10851.03,11175
1562328000,11177.11,11406.83,11082.29,11233.74
1562342400,11235.28,11321.78,11030,11111.55
1562356800,11110.47,11144.64,10805.1,10970.73
1562371200,10982.41,11477.24,10964.51,11444.45
1562385600,11445.81,11544,11285.01,11384.07
1562400000,11384.13,11485,11262,11369.79
1562414400,11370,11621.67,11282.08,11574.32
1562428800,11575,11665,11409.63,11493.34
1562443200,11490.48,11497.74,11050,11256.49
1562457600,11256.45,11258.54,11094.37,11149.05
1562472000,11149.04,11324.99,11127,11198.99
1562486400,11197.09,11354.18,11114.09,11324.3
1562500800,11324.17,11448.59,11165.7,11222.58
1562515200,11223.64,11522.22,11119.6,11474.18
1562529600,11474.18,11538,11263,11406.24
1562544000,11410,11460,11220,11346.34
1562558400,11346.5,11453.68,11301,11420.55
1562572800,11420.52,11923.68,11335.06,11884.8
1562587200,11882.69,11905.95,11761.1,11832.52
1562601600,11831.86,12300,11750.86,12185.57
1562616000,12185.57,12338.03,12032,12238.6
1562630400,12238.6,12750.95,12170.01,12655.53
1562644800,12655.52,12794.73,12321,12424.71
1562659200,12426.83,12655.23,12068,12255.71
1562673600,12257.56,12395,12104.78,12339.33
1562688000,12338.62,12615.2,12260,12494.73
1562702400,12494.47,12648.58,12302.57,12543.41
1562716800,12548.51,13110.1,12510.52,12968.57
1562731200,12968,13068.78,12760,12860.89
1562745600,12860.86,13147.08,12819.66,12970.23
1562760000,12970.97,13130,12121.21,12367.91
1562774400,12368.3,12372.56,11901,12070.96
1562788800,12070.96,12212.29,11569,12108.37
1562803200,12108.11,12111.73,11622.04,11702.04
1562817600,11701.17,11738.46,11200,11586.18
1562832000,11585.6,11626.76,11292,11600
1562846400,11602.59,11782,11410,11489.66
1562860800,11495.43,11750,11370.66,11562.07
1562875200,11563.42,11624.87,11000,11342.89
1562889600,11342.88,11520,11111.13,11186.81
1562904000,11189.51,11720,11073,11651.35
1562918400,11651.35,11749,11541,11654.69
1562932800,11654.67,11717.35,11429.02,11475
1562947200,11476.07,11649.98,11401.1,11590
1562961600,11590.64,11885,11586,11757.22
1562976000,11757.22,11799.98,11510,11586.71
1562990400,11582.06,11660,11433.95,11464.61
1563004800,11466.07,11592.09,11185,11303.01
1563019200,11301.56,11448.77,11259.92,11413.9
1563033600,11415,11479.78,11015.05,11187.4
1563048000,11187.4,11450,10830,11355.76
1563062400,11355.78,11452,11251.82,11281.73
1563076800,11281.12,11346.23,11085.23,11126.8
1563091200,11126.82,11190.08,10505,10681.52
1563105600,10680,10751.1,10295,10413.12
1563120000,10413.18,10686.87,10312,10488.17
1563134400,10488.17,10733.37,10103,10174.18
1563148800,10174.18,10267.84,9860,10244.81
1563163200,10244.49,10344.82,10051,10322.7
1563177600,10322.7,10389.06,10127.1,10298.05
1563192000,10299.23,10615,10059.24,10569.22
1563206400,10569.99,10956,10371,10844.45
1563220800,10844.99,11100,10730.33,10838.72
1563235200,10833.78,11028,10625.4,10694.64
1563249600,10694.1,10806.18,10460,10717.04
1563264000,10718.53,10850,10580,10682.8
1563278400,10682.74,10684.93,10311.13,10492.77
1563292800,10492.77,10496.15,9501,9694.73
1563307200,9694.73,9792.08,9350.01,9439.59
1563321600,9430.17,9630,9214,9399.45
1563336000,9398.6,9608.47,9303,9549.98
1563350400,9549.98,9609.91,9060,9157.02
1563364800,9157.04,9805,9060,9720.2
1563379200,9720.01,9957,9633.42,9731.54
1563393600,9731.55,9949,9552.89,9667.92
1563408000,9668.86,9808.1,9521,9708.19
1563422400,9708.55,9996.52,9619.69,9790.97
1563436800,9788.61,9870,9659.14,9749.38
1563451200,9751.31,10455,9252,10437.93
1563465600,10443.04,10725,10342.83,10486.53
1563480000,10492.54,10788,10472.84,10627.16
1563494400,10628.64,10706.93,10490.1,10577.81
1563508800,10575.8,10645,10363.38,10600.29
1563523200,10599.32,10769.71,10210.39,10282.65
1563537600,10282.77,10650,10121.84,10417.22
1563552000,10417.22,10478,10300.81,10393.6
1563566400,10391.96,10576.92,10381.77,10504.29
1563580800,10505.78,10588,10350,10507.49
1563595200,10507.49,10689,10460,10560.04
1563609600,10558.94,10616.69,10433.01,10571.65
1563624000,10568.2,10700,10462.02,10615.46
1563638400,10613.43,10995,10565.01,10898.66
1563652800,10898.66,11068.99,10656.85,10740.23
1563667200,10740.27,10817.9,10550,10575.15
1563681600,10577.36,10667.33,10530,10582.45
1563696000,10581.54,10745.98,10460.01,10585.11
1563710400,10585.11,10596.43,10334,10444.56
1563724800,10443.54,10515.36,10288,10406.53
1563739200,10407.3,10649.88,10385,10589.45
1563753600,10590.15,10683.16,10552,10614.74
1563768000,10613.47,10642.66,10511,10603.21
1563782400,10603.39,10620,10407.3,10562
1563796800,10559.64,10588,10167.1,10238.43
1563811200,10240.81,10430,10100,10162.66
1563825600,10163.75,10394,10125,10340.31
1563840000,10343.08,10343.97,10203.05,10255.54
1563854400,10255.11,10259.33,9970,10041.62
1563868800,10041.61,10102.9,9883,10025
1563883200,10025,10068,9870.58,9932.36
1563897600,9930.59,10179,9900,10149.29
1563912000,10147.69,10227.98,9822,9864.91
1563926400,9864.78,9870.22,9615,9650.84
1563940800,9650,9778.23,9593.06,9710.82
1563955200,9711.85,9797,9619.49,9721.48
1563969600,9721.5,9937,9667.03,9911.66
1563984000,9911.67,9928.74,9525,9650.99
1563998400,9650.97,9848,9566.29,9763.28
1564012800,9763.4,10175,9720.03,10090.19
1564027200,10090.12,10110.01,10005.1,10046.96
1564041600,10045.64,10140,10038,10066.42
1564056000,10066.18,10156.6,9905,9987.9
1564070400,9987.92,10077.64,9801,9857.82
1564084800,9857.21,9949.99,9798.89,9879.87
1564099200,9882.15,9882.15,9637,9697
1564113600,9694.63,9789.82,9657,9764.36
1564128000,9764.18,9815,9735.89,9791.64
1564142400,9791.33,9852.49,9704,9794.01
1564156800,9794.01,9889.98,9737.16,9839
1564171200,9838.98,9860,9738,9824
1564185600,9824,10188.66,9815,10103
1564200000,10103.02,10118.55,10025.16,10055.33
1564214400,10057.32,10088,9440,9525.81
1564228800,9525.81,9526,9333,9427.69
1564243200,9428.52,9481.73,9377,9411.61
1564257600,9411.26,9541.47,9343.3,9476.52
1564272000,9478.92,9505.51,9370,9480.56
1564286400,9480.56,9578.17,9470,9493.11
1564300800,9494.49,9579,9430.17,9534.98
1564315200,9535,9559.18,9475.75,9522.47
1564329600,9522.91,9594.99,9515.46,9555.68
1564344000,9555.69,9580,9165,9541.54
1564358400,9541.54,9729,9493.25,9638.46
1564372800,9636.62,9684.7,9570,9625.95
1564387200,9624.79,9650,9395,9484.96
1564401600,9484.51,9635.96,9470.21,9539.64
1564416000,9538.24,9693.98,9411.31,9487.63
1564430400,9489.81,9549,9450,9507.64
1564444800,9509.07,9539,9402,9441.29
1564459200,9441.04,9530,9427,9501.29
1564473600,9501.29,9564.86,9450,9522.9
1564488000,9524.81,9714.28,9514,9682.35
1564502400,9684.58,9714,9502.21,9598.52
1564516800,9598.87,9629,9512.66,9574.21
1564531200,9575,9720,9555,9668.96
1564545600,9670.28,9809.99,9641.21,9733.71
1564560000,9734.86,9786.12,9718.59,9758.1
1564574400,9758.1,10086.79,9755.64,10049.64
1564588800,10049.7,10109.8,9931,9979.89
1564603200,9982.43,10091.73,9966.18,10080.53
1564617600,10080.53,10155.06,9966.38,9988.02
1564632000,9989.61,9999.96,9863.46,9960.19
1564646400,9961.34,9994,9903.69,9962.86
1564660800,9962.86,10060,9956,10013.86
1564675200,10011.48,10341.78,9991.66,10283.73
1564689600,10283.71,10467.86,10270.3,10374.99
1564704000,10375,10440.61,10281.35,10335.77
1564718400,10335.8,10570,10314.8,10531.45
1564732800,10533.19,10540.18,10435.78,10467.17
1564747200,10467.08,10643.56,10462.17,10612.14
1564761600,10612.1,10670,10350,10444.41
1564776000,10444,10545,10351.24,10523.75
1564790400,10523.75,10838.98,10497.93,10778.52
1564804800,10780.68,10862.43,10720,10827.78
1564819200,10828.29,10875.89,10700,10743.92
1564833600,10741.97,10828.55,10662.15,10733.05
1564848000,10733.17,10904.77,10710,10850.6
1564862400,10851.14,10889.77,10773,10816.86
1564876800,10816.86,10897,10700,10755.02
1564891200,10754.99,10757.24,10552,10670
1564905600,10668.74,10742.29,10629.46,10668.56
1564920000,10669.23,10973.53,10630.84,10944.15
1564934400,10944.22,10992.1,10851,10921.14
1564948800,10921.14,11040,10777,10929.23
1564963200,10929.99,11648,10927.8,11562.97
1564977600,11564.87,11848,11484.65,11671.2
1564992000,11673.31,11778.76,11550.44,11777.64
1565006400,11776.52,11810.61,11653.12,11749.97
1565020800,11747.58,11937.52,11715,11752.44
1565035200,11751.5,11858.2,11700,11828.8
1565049600,11830,11839.82,11570,11709.82
1565064000,11708.3,12330.7,11650.62,12185.24
1565078400,12185.37,12295,11600,11777.65
1565092800,11775.79,11800,11570.03,11700
1565107200,11700,11836,11634.21,11710
1565121600,11709.62,11747,11226.7,11481.69
1565136000,11481.69,11694.02,11382.84,11640.43
1565150400,11640.01,11725.27,11525.96,11538.61
1565164800,11541.53,11745.81,11463.14,11743.94
1565179200,11743.09,12141.17,11611,11662.75
1565193600,11662.75,11822,11487,11792.77
1565208000,11792.25,12079.51,11616,11975.03
1565222400,11975.04,12017.75,11843,11955.96
1565236800,11956.03,11972.2,11757,11919.98
1565251200,11919.98,11975,11786,11826.85
1565265600,11825.67,11923,11645,11692.81
1565280000,11692.82,11799.22,11521,11615.82
1565294400,11614.59,12060,11550,11999.77
1565308800,11994.17,12045.68,11778,11871.07
1565323200,11873.46,11934.35,11804,11873.42
1565337600,11873.42,11970,11700,11705.01
1565352000,11705.03,11896.46,11700,11743.37
1565366400,11743.33,11910,11700,11837.18
1565380800,11837.21,11965,11825.6,11879.99
1565395200,11879.98,11985,11751.61,11839.03
1565409600,11837.66,11890.2,11794,11829.75
1565424000,11828.87,11904.36,11350,11395.23
1565438400,11395.23,11517,11310,11413.87
1565452800,11413.13,11431.65,11270,11329.1
1565467200,11331.56,11397,11270,11309.31
1565481600,11309.24,11465,11286.3,11399.1
1565496000,11398.4,11424.94,11330.11,11371.71
1565510400,11370.44,11482.86,11112.11,11469.94
1565524800,11469.63,11482.65,11350.01,11378
1565539200,11378.51,11445.57,11360,11383.14
1565553600,11385.44,11600,11301,11549.97
1565568000,11539.08,11577.89,11410,11446.44
1565582400,11447,11471.29,11340,11411.97
1565596800,11411.98,11415.01,11305.55,11328.01
1565611200,11328.01,11425,11235.32,11399.11
1565625600,11400,11449.15,11375,11443.89
1565640000,11446.1,11474.03,11375.28,11396.08
1565654400,11398.35,11456.16,11355.99,11394.06
1565668800,11394.06,11402.39,11311,11364.96
1565683200,11364.96,11364.96,11200,11280.39
1565697600,11280.12,11298.93,10911,10951.09
1565712000,10952.74,10993,10788.45,10936.18
1565726400,10936.28,10981.69,10858.04,10892.71
1565740800,10893.36,10897.48,10541,10656.83
1565755200,10654.92,10670.79,10546.15,10620
1565769600,10619.98,10632.74,10410,10556.7
1565784000,10554.72,10697,10462,10514.08
1565798400,10514.05,10629,10100,10137.77
1565812800,10140.74,10283.94,9928.1,10050.37
1565827200,10055.16,10234.08,10030.52,10095.05
1565856000,10085.65,10219.7,9945.86,10158.55
1565870400,10160.14,10180,9911,10094.59
1565884800,10092.96,10165,9980,10106.68
1565899200,10106.68,10460,10090.57,10293.93
1565913600,10296.77,10417,10250,10324.61
1565928000,10327.02,10342.2,9750,9937
1565942400,9937.57,10225,9810,10148.92
1565956800,10146.73,10469,10037.97,10386.04
1565971200,10388.99,10536.03,10306,10451.75
1565985600,10451.75,10515,10222,10331.54
1566000000,10331.15,10421.92,10201,10284.87
1566014400,10285.33,10398.99,10252.88,10357.99
1566028800,10356.73,10465.14,10314.21,10333.23
1566043200,10330.76,10371,10252.36,10312.27
1566057600,10312.29,10357,10000,10167.24
1566072000,10167,10250,10049,10216.02
1566086400,10216.05,10278.88,10102.56,10113.99
1566100800,10112.97,10201.14,10080,10139.41
1566115200,10139.43,10439.93,10095.25,10394
1566129600,10392.92,10500,10354.14,10386.42
1566144000,10388.53,10467.47,10335,10371
1566158400,10372.07,10435,10285.01,10306.78
1566172800,10306.17,10439.99,10258.6,10398.23
1566187200,10398.23,10735.99,10350,10722.1
1566201600,10724.59,10780,10635.62,10672.81
1566216000,10670.77,10749,10591.41,10707.8
1566230400,10706.56,10825.1,10580,10685.88
1566244800,10685.59,10930,10618.01,10915.54
1566259200,10914.73,10949.96,10766,10788.84
1566273600,10788.97,10837.77,10714,10808.74
1566288000,10810,10811.56,10560,10708.82
1566302400,10708.82,10752,10580,10744.54
1566316800,10744.54,10797.44,10684,10734.1
1566331200,10734,10842.03,10650,10760.51
1566345600,10760.51,10804.13,10225.02,10323.18
1566360000,10322.05,10330.75,10111,10138.99
1566374400,10138.99,10254.97,10081,10179.01
1566388800,10179.01,10183.79,9921.16,9986.77
1566403200,9986.77,10158,9858,10106.28
1566417600,10107.14,10198.85,9980,10142.57
1566432000,10140.82,10163.56,9762,9872.48
1566446400,9872.72,10045,9860,9973.83
1566460800,9972.33,10070,9880.01,9966.53
1566475200,9966.68,10183.69,9950,10112.65
1566489600,10112.64,10242,10060,10161.22
1566504000,10164.91,10210,10089.28,10099.88
1566518400,10099.9,10156.94,10019.79,10134.81
1566532800,10139.33,10232,10089,10206.15
1566547200,10206.15,10208.83,10060,10116.96
1566561600,10115.9,10445,10093.04,10397.55
1566576000,10397.71,10444.32,10365.01,10403.81
1566590400,10402.01,10437.14,10265.29,10389.55
1566604800,10388.16,10419.42,10275.12,10346.8
1566619200,10346.28,10363.84,10236.28,10294.85
1566633600,10294.85,10294.85,9890,10007.79
1566648000,10007.09,10023.95,9933,9993.17
1566662400,9992.7,10125.6,9948.08,10101.93
1566676800,10101.95,10194.73,9969.38,10134.35
1566691200,10134.61,10168.26,10020.02,10120.47
1566705600,10120.51,10135.72,10010.11,10103.98
1566720000,10104,10163.99,10041.8,10117.62
1566734400,10115,10333,9966,10066.87
1566748800,10066.86,10141.88,9971.18,10061.23
1566763200,10061.23,10179,9906.97,10142.69
1566777600,10142.69,10604,10137.93,10276.8
1566792000,10276.82,10416,10255.13,10339.89
1566806400,10339.63,10448.47,10286,10389.59
1566820800,10389.59,10414.94,10286.12,10333.46
1566835200,10338.2,10399.82,10230,10325
1566849600,10325,10412,10200,10372.25
1566864000,10373.6,10391.08,10112,10200
1566878400,10200,10255.96,10127,10180.65
1566892800,10180.65,10215.98,10101,10130.63
1566907200,10130.63,10209.7,10051.08,10188.06
1566921600,10190.73,10244,10106.33,10164.01
1566936000,10163.99,10211.98,10117.46,10185.05
1566950400,10185.69,10189.27,10078.57,10095.57
1566964800,10094.09,10219.47,10060,10157.65
1566979200,10157.48,10165.99,10105.01,10147.74
1566993600,10146.42,10299,10142.92,10239.73
1567008000,10239.73,10274,9601.01,9683.94
1567022400,9685.23,9766.07,9647.15,9721
1567036800,9721,9724,9528.88,9589.98
1567051200,9589.98,9646.38,9320,9396.5
1567065600,9396.5,9498.98,9394.05,9467.76
1567080000,9466.45,9617.9,9376.99,9507.01
1567094400,9506.64,9569.61,9432.45,9509.04
1567108800,9509.99,9537.46,9447.11,9498.44
1567123200,9499.01,9540,9350.41,9468.47
1567137600,9468.5,9554,9440.75,9470
1567152000,9470.62,9630,9470,9574.75
1567166400,9572.26,9620,9548,9588.33
1567180800,9589.1,9604.03,9450.35,9571.66
1567195200,9572.13,9696,9555,9584.54
1567209600,9582.76,9655.77,9566.42,9611.26
1567224000,9611.02,9625,9576.71,9591.58
1567238400,9588.25,9591.6,9520.58,9553.85
1567252800,9553.22,9610,9545.61,9595
1567267200,9594.96,9627.07,9556,9569.34
1567281600,9568.53,9684.51,9420.75,9587.47
1567296000,9588.74,9642.58,9579.34,9623.02
1567310400,9623.02,9630.21,9595.87,9608.1
1567324800,9608.06,9610.19,9550,9571.05
1567339200,9571.99,9659,9545.46,9604.26
1567353600,9601.38,9632,9520,9616.96
1567368000,9615.3,9830,9597.89,9724.98
1567382400,9723.59,9793,9712.5,9743.16
1567396800,9741.76,9775,9735,9746.59
1567411200,9747.2,9846,9735,9827.91
1567425600,9826.27,9953.99,9776.07,9879
1567440000,9879,10184.62,9878.56,10163.68
1567454400,10163.64,10450,10157.58,10340
1567468800,10340,10475,10282.01,10385
1567483200,10385.33,10427.46,10353.02,10368.72
1567497600,10368,10475,10272,10424.5
1567512000,10424.5,10773,10394.08,10687.23
1567526400,10684.69,10713,10592.02,10647.37
1567540800,10646.29,10720,10468.06,10615.28
1567555200,10611.85,10650,10400.01,10604.74
1567569600,10603.92,10641.88,10531.02,10568
1567584000,10569.1,10578.86,10451.13,10523.84
1567598400,10520.96,10535,10369.89,10406.6
1567612800,10406.69,10712,10405,10695.23
1567627200,10698.81,10799,10485.07,10567.02
1567641600,10565.92,10575.2,10487.16,10550.37
1567656000,10550,10636.95,10511,10541.35
1567670400,10540.99,10648,10450,10568.1
1567684800,10567.51,10594,10511,10541.22
1567699200,10541.22,10900,10461.37,10533
1567713600,10532.94,10607.69,10491.36,10564.49
1567728000,10563.13,10698,10548.51,10639.64
1567742400,10639.61,10777.01,10637.11,10716.51
1567756800,10715.87,10880,10674,10834.87
1567771200,10834.37,10905.87,10666,10843
1567785600,10843.13,10857.84,10293.34,10372.75
1567800000,10374.17,10415.25,10150,10298.73
1567814400,10298.71,10380.81,10288.57,10333.84
1567828800,10334.63,10394.29,10301.11,10365.51
1567843200,10366.24,10476.06,10329.86,10417.1
1567857600,10417.12,10469.86,10367.75,10455.64
1567872000,10455.02,10558,10355,10465.72
1567886400,10465.76,10533.33,10450,10455.88
1567900800,10455.9,10559.01,10452.01,10541.4
1567915200,10542.56,10592.5,10502,10518.46
1567929600,10518,10528.68,10208,10387
1567944000,10386.98,10421,10353.79,10389.24
1567958400,10389.24,10430.08,10305,10340.06
1567972800,10340.39,10417.71,10320.98,10381.18
1567987200,10381.24,10404.74,10262,10298.96
1568001600,10300.22,10330.33,10090,10147.36
1568016000,10147.63,10480,10068.5,10413.26
1568030400,10413.28,10417.33,10290,10321.1
1568044800,10321.26,10338.14,10175.75,10312.7
1568059200,10311.44,10373,10211,10303.12
1568073600,10302.58,10384.99,10261,10309.98
1568088000,10310.75,10331.71,10225,10271.14
1568102400,10272.64,10290,10193.55,10252.38
1568116800,10251.22,10271.62,10161.51,10175.07
1568131200,10176.26,10238.26,9953,10026.31
1568145600,10025.6,10130,9996.36,10098.15
1568160000,10098.19,10293,10050.58,10093.04
1568174400,10093.35,10102.54,9880,10066
1568188800,10066.38,10141.98,9982.78,10068.05
1568203200,10063.07,10108.09,9973.25,9990.07
1568217600,9990.57,10126,9923,10074.46
1568232000,10074.5,10184.93,10063.04,10158.33
1568246400,10158.75,10205.22,10081.93,10114.07
1568260800,10113.6,10128,10040,10079.79
1568275200,10079.79,10189.92,10074.87,10170.47
1568289600,10169.45,10370,10168.97,10326.52
1568304000,10326.53,10350,10225.8,10300.63
1568318400,10301.57,10448.81,10299.49,10415.01
1568332800,10415.01,10439,10326.35,10364.02
1568347200,10364.32,10399.19,10266.66,10283.16
1568361600,10282.73,10327.2,10250.12,10305.45
1568376000,10306.84,10347.07,10266.82,10296.3
1568390400,10296.3,10312.36,10185.11,10210.6
1568404800,10210.59,10369.23,10153,10342.06
1568419200,10344.13,10354.94,10267.01,10281.22
1568433600,10281.2,10331.52,10261.12,10319
1568448000,10319.84,10348,10287.8,10293.45
1568462400,10293.69,10399,10222.33,10356.32
1568476800,10357.78,10400,10325.25,10363.73
1568491200,10363.73,10419.99,10310,10335.02
1568505600,10332.81,10360,10289.45,10303.36
1568520000,10303.38,10328.75,10265.9,10308.42
1568534400,10307.84,10322,10270,10298.02
1568548800,10297.51,10325.11,10252.15,10307.97
1568563200,10307.12,10332.45,10280,10295.88
1568577600,10295.41,10317.96,10265.23,10302.01
1568592000,10303.34,10355,10300.01,10301.76
1568606400,10302.09,10326.5,10280,10302.25
1568620800,10302.43,10317.22,10275,10283.79
1568635200,10282.4,10282.41,10112.15,10117.49
1568649600,10119.73,10161.99,10078,10121.39
1568664000,10121.39,10330,10120,10251.31
1568678400,10249.68,10262.42,10169.51,10225.3
1568692800,10223.76,10232.15,10165,10203.61
1568707200,10203.09,10206.48,10128.01,10162.88
1568721600,10162.84,10245,10151.8,10200.6
1568736000,10201.43,10265.07,10199.03,10257.94
1568750400,10257.94,10275,10169,10187.82
1568764800,10187.48,10258.02,10182.28,10206.44
1568779200,10205.98,10229,10186.86,10199.92
1568793600,10199.97,10200,10150,10158.9
1568808000,10156.86,10215.99,10100,10173.4
1568822400,10173.34,10210,10132.01,10171.84
1568836800,10172.17,10210,10137.77,10156.99
1568851200,10156.41,10185.4,9653,9823.81
1568865600,9822.7,9919.01,9777,9875.49
1568880000,9874.15,9898.28,9813.73,9857.56
1568894400,9857.56,9896.44,9847.74,9882
1568908800,9882.01,10100,9875,10086.42
1568923200,10086.41,10325,10086.41,10244.29
1568937600,10243.7,10281,10151,10213.72
1568952000,10214.08,10223.81,10150,10157.22
1568966400,10157.25,10189.5,10125,10172.75
1568980800,10173.82,10231,10140,10179.82
1568995200,10181.15,10189.42,10061.39,10161.53
1569009600,10161.35,10187,10066.66,10168.59
1569024000,10167.92,10176.7,10115.54,10125.64
1569038400,10126.86,10127.57,9957,10081.42
1569052800,10081.47,10082.73,9982.01,10046.56
1569067200,10046.58,10072.51,9900,10037.09
1569081600,10038.43,10058.38,9960,10016.73
1569096000,10016.98,10026.41,9941.8,9986.39
1569110400,9985.15,10004.33,9861.55,9873.17
1569124800,9872.77,10053.84,9853.97,10026.57
1569139200,10026.43,10089,9975.35,10003.44
1569153600,10003.44,10058.79,9925.5,9990.64
1569168000,9989.87,10029.13,9945.61,9990.04
1569182400,9989.45,10075.77,9982.32,10028.87
1569196800,10028.05,10049.99,9942.55,9980.27
1569211200,9980.84,9990.98,9866,9908.94
1569225600,9908.94,9971.81,9904.01,9915.08
1569240000,9916.35,9955,9711,9867.01
1569254400,9867.32,9884.96,9776,9806.08
1569268800,9806.19,9840,9615.77,9702.25
1569283200,9702.2,9794.99,9604,9719.98
1569297600,9719.99,9792,9686.83,9755.74
1569312000,9755.88,9771.64,9681,9726.04
1569326400,9726.04,9730.42,9410,9527.31
1569340800,9529.38,9603.08,7800,8367.78
1569355200,8362.08,8765,8128,8493.14
1569369600,8497.55,8730,8490.47,8565.61
1569384000,8565.61,8590,8310,8328.16
1569398400,8328.16,8460,8215.64,8326.64
1569412800,8324.15,8455,8240.7,8299.95
1569427200,8299.94,8412,8230,8348.64
1569441600,8349.89,8629.96,8328,8430.05
1569456000,8430.05,8444.3,8317.47,8361.42
1569470400,8362.32,8432.21,8335,8378.98
1569484800,8379.62,8465.99,8365.81,8386.35
1569499200,8386.39,8439.99,7849.99,7920
1569513600,7920.08,8165.53,7750,8131
1569528000,8131.99,8159,8003.64,8063.73
1569542400,8063.49,8096.07,7912.95,8022.87
1569556800,8022.47,8087.06,7953.08,8057.51
1569571200,8057.51,8130,7947,7987.65
1569585600,7988.18,8100,7852.15,7981.71
1569600000,7978.53,8063.75,7932.18,7991.24
1569614400,7991.65,8265,7977,8177.91
1569628800,8177.47,8211.79,8120.02,8163.49
1569643200,8166.62,8237.41,8140.05,8213.24
1569657600,8215.44,8249,8121,8134.89
1569672000,8134.89,8138.39,8001.09,8069.47
1569686400,8067.54,8183.9,8040,8146.83
1569700800,8146.83,8315,8060.02,8198.81
1569715200,8199.38,8229.13,8120.31,8132.03
1569729600,8130.04,8143.43,8040,8086.51
1569744000,8086.59,8116,8031.25,8074.16
1569758400,8073.86,8078,7890,7965.57
1569772800,7965.56,8035,7917.84,7950.69
1569787200,7953.09,8131.03,7918.98,8043.82
1569801600,8043.04,8056.55,7955,7972.13
1569816000,7972.11,7975,7710,7794.42
1569830400,7794.74,8099,7775.02,8031.3
1569844800,8033.33,8300,7982.56,8283.85
1569859200,8284.01,8337.26,8188,8269.53
1569873600,8269.34,8295,8163.36,8289.34
1569888000,8289.97,8500,8173.05,8396.93
1569902400,8397.21,8470.5,8340.74,8407.12
1569916800,8405.87,8412.72,8282.06,8353.42
1569931200,8353.35,8428.02,8270.22,8365.5
1569945600,8365.87,8497,8225.38,8302.6
1569960000,8302.6,8399,8265.08,8292.44
1569974400,8292.67,8330,8205,8244.94
1569988800,8244.48,8258.9,8151.22,8204.36
1570003200,8204.36,8289,8202,8269.04
1570017600,8268.67,8300,8187.29,8239.98
1570032000,8239.98,8271,8182.15,8257.26
1570046400,8257.05,8373.91,8213.08,8359.94
1570060800,8360,8393,8307.77,8327.52
1570075200,8327.65,8367.57,8241,8261.43
1570089600,8261.43,8299.24,8185.38,8217.02
1570104000,8218.66,8247.4,8060,8108.14
1570118400,8108.98,8210,8088,8146.04
1570132800,8145.01,8280,8115,8223.96
1570147200,8224.43,8232.41,8050,8104.53
1570161600,8104.81,8148,8005,8138.69
1570176000,8136.98,8178.96,8084.18,8151.4
1570190400,8150.59,8186.36,8122,8148
1570204800,8147.13,8207.77,8125,8183.5
1570219200,8183.9,8217.47,8130.02,8137.13
1570233600,8137.09,8149.99,8093.99,8137.83
1570248000,8137.81,8145,8091.72,8108
1570262400,8108.69,8112.48,8070,8081.75
1570276800,8081.2,8091.47,8012.98,8082.93
1570291200,8079.05,8100,8031,8066.36
1570305600,8066.07,8183.41,8058.33,8126.19
1570320000,8127.55,8153.87,8011.68,8042.99
1570334400,8042.97,8077.6,7910,7963.17
1570348800,7963.11,7965,7860,7941.91
1570363200,7942.72,8050,7861.01,8009.85
1570377600,8008.52,8026.77,7785,7892.11
1570392000,7889.06,7925,7800.52,7854.25
1570406400,7855.3,7907.86,7762,7864.91
1570420800,7864.96,7888.09,7801.41,7866.88
1570435200,7867.2,8060,7866.52,7984.8
1570449600,7984.78,8224.44,7983.59,8176.93
1570464000,8177.23,8299.92,8133.51,8211
1570478400,8211,8255.44,8175.37,8190.09
1570492800,8190.82,8325,8186.45,8258.79
1570507200,8258.75,8290.18,8194,8202.82
1570521600,8202.38,8219.98,8126.81,8179
1570536000,8179.01,8246,8130,8185.81
1570550400,8185.37,8210,8157.07,8163.38
1570564800,8166.59,8210,8088.75,8168.39
1570579200,8170.79,8203.7,8116.82,8119.76
1570593600,8119.7,8195.98,8115,8179.6
1570608000,8178.66,8239,8156.95,8185.9
1570622400,8185.88,8663.92,8160,8550
1570636800,8552.46,8670,8483.42,8581.98
1570651200,8579.75,8618.19,8524,8560.74
1570665600,8562.15,8592,8484.3,8543.51
1570680000,8544.42,8644,8531,8613.73
1570694400,8614.73,8622.63,8462,8524.3
1570708800,8526.02,8555.4,8414.52,8540.69
1570723200,8540.73,8573.93,8482.2,8554.13
1570737600,8554.96,8589.81,8520,8558.03
1570752000,8557.82,8572.91,8475,8553.35
1570766400,8552.47,8779.51,8359,8387.69
1570780800,8387.69,8389.37,8261.54,8297.5
1570795200,8299.43,8360,8270.16,8343.47
1570809600,8343,8374,8277.77,8344.01
1570824000,8342.96,8357.79,8212.38,8258.5
1570838400,8257.95,8331.26,8250,8308.3
1570852800,8308.32,8358.99,8305.07,8338.62
1570867200,8338.66,8369.98,8291,8321.41
1570881600,8321.06,8400,8305.39,8372.42
1570896000,8372.44,8398.22,8285,8309.86
1570910400,8311.65,8345.34,8292.7,8300.09
1570924800,8301.98,8366,8276.33,8340.07
1570939200,8341.26,8356.72,8306.46,8321.08
1570953600,8319.7,8383,8316.15,8347.32
1570968000,8348.31,8439.32,8344.39,8403.8
1570982400,8401.88,8451.37,8401.67,8434.02
1570996800,8434.02,8436.19,8160,8275.01
1571011200,8275.24,8309,8241.9,8289.03
1571025600,8289.01,8333.42,8271,8305.76
1571040000,8305.76,8325.62,8277,8280.32
1571054400,8280.08,8291.47,8242.22,8251.94
1571068800,8254.05,8388.85,8203,8327.96
1571083200,8327.96,8350,8251.89,8348.2
1571097600,8346.86,8403,8311.11,8315.19
1571112000,8316.26,8340.84,8266.61,8281.04
1571126400,8280.72,8321.64,8258.4,8295.85
1571140800,8295.87,8360,8235.21,8316.94
1571155200,8318.32,8323.8,8090,8177.59
1571169600,8177.1,8182.77,8124.87,8159.29
1571184000,8159.3,8181.16,8144.35,8167.51
1571198400,8166.57,8177.27,8120,8134.93
1571212800,8134.89,8162,8010,8056
1571227200,8055.66,8056,7923.5,7953.15
1571241600,7953.06,8023,7917,7957.69
1571256000,7958.16,8023,7957.55,7991.74
1571270400,7995.02,7997.4,7952.63,7968.88
1571284800,7968.71,7990,7929.03,7975.28
1571299200,7974.42,8118.86,7971.8,8067.2
1571313600,8066.66,8091.6,8016.01,8069.39
1571328000,8069.69,8124.92,8042.03,8059.92
1571342400,8059.32,8076.73,8032.54,8070.58
1571356800,8070.71,8115,8050,8064.81
1571371200,8065.65,8072.54,7856.89,7911.6
1571385600,7911.59,7942,7816.01,7920.42
1571400000,7920.6,7975,7884.01,7920.01
1571414400,7920,7983.32,7905,7941.55
1571428800,7941.55,7978,7915.02,7947.01
1571443200,7946.89,7957.99,7892,7938.23
1571457600,7939.56,7957.73,7913.16,7928.7
1571472000,7929.81,7998.9,7920,7943.34
1571486400,7943.34,8098.1,7866.92,7990.92
1571500800,7993.26,7999.38,7937.69,7971.81
1571515200,7972.19,7978.52,7891.76,7948.01
1571529600,7949.87,7953.21,7870,7901.68
1571544000,7902.09,7940.47,7899.14,7905.17
1571558400,7907.14,7985,7883,7942.99
1571572800,7942.99,8043.44,7936.32,8026.46
1571587200,8026.47,8239,8006.45,8235
1571601600,8235,8297,8165.36,8223.35
1571616000,8223.35,8251.41,8183,8219.65
1571630400,8220.57,8249.18,8201.63,8223.8
1571644800,8223.11,8286.28,8189.89,8235
1571659200,8234.89,8333,8145,8191.25
1571673600,8191.24,8199.32,8142.03,8183.16
1571688000,8183.56,8229.88,8176.95,8197.27
1571702400,8197.28,8208.45,8159.96,8201.54
1571716800,8202.09,8226.57,8187.49,8208.6
1571731200,8208.6,8278.97,8208.51,8276.16
1571745600,8276.17,8297.99,8165,8210.31
1571760000,8210.76,8223.24,8156,8167.91
1571774400,8167.91,8168.72,8000,8020
1571788800,8020.06,8047.59,7930,7954.34
1571803200,7953.58,7984.2,7920,7957.19
1571817600,7957.34,8011.96,7945.31,7963.57
1571832000,7962.23,7963.98,7400,7425.95
1571846400,7425.96,7535.55,7300,7482.9
1571860800,7482.9,7498.99,7386.37,7466.62
1571875200,7468.47,7497.96,7400,7410.88
1571889600,7410.94,7441.67,7337.99,7420.89
1571904000,7420.36,7478,7389.2,7421.83
1571918400,7421.09,7503.68,7413.43,7436.82
1571932800,7436.82,7479,7421.07,7471.3
1571947200,7471.3,7471.96,7403.76,7412.41
1571961600,7412.41,7459.29,7411.94,7440
1571976000,7440.02,7469,7361,7462.79
1571990400,7461.72,7642.58,7439,7581.1
1572004800,7578,8403.95,7578,8263.16
1572019200,8262.95,8799,8247.3,8634.87
1572033600,8634.87,8706.07,8535,8655.02
1572048000,8655.88,10370,8470.38,9554.05
1572062400,9554.05,9777,9301.01,9481.47
1572076800,9481.47,9486.58,8970,9224.22
1572091200,9224.13,9444.44,9051,9196.53
1572105600,9194.94,9247.94,8855.5,8996.16
1572120000,8998.79,9289.7,8994.79,9230
1572134400,9230,9369.8,9096,9131.61
1572148800,9130.26,9206.13,9074.34,9149.08
1572163200,9148.84,9642.99,9147.29,9275.83
1572177600,9275.71,9610,9211.19,9526.44
1572192000,9523.98,9794.98,9376,9712.73
1572206400,9712,9749,9420,9529.93
1572220800,9528.23,9902.1,9527.17,9615.45
1572235200,9615.73,9679.26,9322.52,9426.11
1572249600,9426.18,9468.75,9265,9407.91
1572264000,9407.91,9415,9254,9376.21
1572278400,9376.22,9478.93,9320.23,9397.73
1572292800,9397.73,9483.49,9160,9205.14
1572307200,9204.45,9306.43,9188.8,9285
1572321600,9285.78,9550,9283.93,9441.68
1572336000,9441.56,9490.1,9351,9432.27
1572350400,9434.93,9469.27,9265.83,9340.06
1572364800,9341.66,9397,9072,9225.09
1572379200,9227.76,9482,9214.47,9407.62
1572393600,9407.62,9409.84,9245.01,9276.93
1572408000,9279.24,9331.72,9151,9161.3
1572422400,9164.71,9248.79,9018,9097.69
1572436800,9096.23,9172.41,9001.01,9093.72
1572451200,9093.72,9204.65,9012.07,9202.09
1572465600,9201.17,9225,9128.07,9154.72
1572480000,9154.02,9204.97,9051.01,9100.02
1572494400,9100.01,9209,9074.74,9098.32
1572508800,9096.02,9149.42,8913,9109.53
1572523200,9109.53,9405,9108.42,9213.98
1572537600,9213.98,9264.04,9193.1,9211.04
1572552000,9211.02,9243.47,9013,9140.85
1572566400,9140.86,9144.7,9043.85,9063.13
1572580800,9064.12,9137,9030,9099
1572595200,9099.43,9279,9088.88,9163.16
1572609600,9164.56,9248.51,9061.65,9082.43
1572624000,9082.43,9213.57,9060,9170.49
1572638400,9170.09,9277.16,9167.15,9231.61
1572652800,9231.4,9270.76,9209.16,9236.67
1572667200,9236.27,9242.95,9186.21,9213.97
1572681600,9213.97,9255,9194.19,9241.14
1572696000,9242.1,9373.74,9201.02,9324.36
1572710400,9323.01,9338.81,9264.59,9315.92
1572724800,9315.2,9318.73,9270.52,9289.52
1572739200,9289.85,9362.57,9288.11,9330.32
1572753600,9329.75,9330.4,9225.01,9239.61
1572768000,9239.6,9241,9109,9156.52
1572782400,9155.26,9186.63,9101,9177.68
1572796800,9177.94,9180,9112.95,9135.12
1572811200,9135.11,9236,9066.14,9194.71
1572825600,9196.46,9209.82,9133,9152.73
1572840000,9152.16,9197.34,9115.84,9179.42
1572854400,9179.66,9273,9143.68,9260.2
1572868800,9260.2,9324.41,9228,9295.16
1572883200,9295,9325,9245.17,9262.63
1572897600,9262.37,9513.68,9260,9393.35
1572912000,9392.4,9454.95,9353.45,9404.24
1572926400,9404.02,9404.06,9175.76,9225
1572940800,9225.06,9331,9193.76,9286.04
1572955200,9286.04,9389.94,9217,9369.61
1572969600,9369.61,9408.14,9255.37,9388.57
1572984000,9388.57,9415.33,9275,9308.66
1572998400,9307.73,9332.94,9266.16,9305
1573012800,9304.57,9440.91,9296.96,9389.65
1573027200,9389.65,9406,9332,9369.1
1573041600,9369.1,9391.75,9303,9334.93
1573056000,9334.92,9340,9250.01,9293.5
1573070400,9292.96,9363.58,9272.52,9339.05
1573084800,9339.16,9375,9275.12,9300.09
1573099200,9300.09,9314.97,9215,9258.95
1573113600,9258.96,9273.12,9151,9197.11
1573128000,9197.53,9240,9119,9191.93
1573142400,9192,9234.34,9178.05,9201.23
1573156800,9201.09,9265.88,9101,9216.2
1573171200,9214,9257.47,9176.45,9239.98
1573185600,9239.96,9261,9110,9144.4
1573200000,9144.42,9158.75,8955,9026.27
1573214400,9026.27,9035,8696,8821.14
1573228800,8820.76,8857.14,8715,8807.26
1573243200,8807.25,8904.5,8768.9,8773.73
1573257600,8773.74,8842.49,8730.5,8836.48
1573272000,8836.04,8880,8805.58,8823.73
1573286400,8822.91,8864.34,8807,8817.7
1573300800,8818.27,8874.9,8774,8800.75
1573315200,8800.75,8827.09,8724.88,8757.7
1573329600,8757.7,8831,8756.61,8809.41
1573344000,8809.18,8810.43,8750,8773.33
1573358400,8773.33,8890,8772.46,8848.11
1573372800,8847.65,8888,8811,8829.51
1573387200,8829.75,8859.39,8783.5,8800.64
1573401600,8800,9147.19,8787.37,9048.29
1573416000,9048.29,9099.92,9023,9039.47
1573430400,9040.16,9072.32,9003.88,9019.57
1573444800,9019.78,9035.64,8744.33,8814.44
1573459200,8812.8,8813.62,8618.68,8726.74
1573473600,8726.17,8754.23,8690,8723.59
1573488000,8723.59,8800,8697.95,8763.76
1573502400,8763.3,8765.3,8699,8733.27
1573516800,8733.36,8778.26,8705,8740.65
1573531200,8740.65,8796,8723.88,8772.37
1573545600,8772.29,8775.31,8712.35,8748.77
1573560000,8748.77,8888,8567.6,8705.27
1573574400,8703.61,8789.6,8683.39,8774.51
1573588800,8774.13,8824.24,8755,8821.94
1573603200,8821.91,8844.99,8760.58,8767
1573617600,8767.01,8767.47,8702,8744.26
1573632000,8744.87,8811.24,8731.46,8773.07
1573646400,8773.1,8803,8732,8751.18
1573660800,8751.98,8785,8739.05,8778.4
1573675200,8778.7,8796.16,8755.23,8777.12
1573689600,8777.54,8800,8735.98,8759.2
1573704000,8759.64,8770.11,8650,8668.36
1573718400,8665.56,8667.87,8582.6,8636.54
1573732800,8636.12,8706.17,8606.01,8643.57
1573747200,8643.58,8670,8630.67,8649.02
1573761600,8649,8684.98,8644.74,8646.68
1573776000,8646.38,8659.41,8517,8558.15
1573790400,8558.13,8610.97,8531.61,8574.77
1573804800,8574.76,8790,8569.98,8630.54
1573819200,8630.5,8689,8400,8479.88
1573833600,8479.45,8498.53,8430.83,8485.57
1573848000,8486.08,8532.74,8451.94,8471.73
1573862400,8471.62,8490,8400,8451.13
1573876800,8452.26,8508.53,8449.55,8474.82
1573891200,8475.34,8543,8452.23,8479.03
1573905600,8478.79,8526.24,8455.86,8489.4
1573920000,8489.47,8502.95,8466.61,8472.29
1573934400,8472.3,8492.49,8453.6,8491.02
1573948800,8490.74,8519.53,8472.61,8482.02
1573963200,8482.01,8491.51,8407,8425.81
1573977600,8427.3,8591.83,8350.68,8521.26
1573992000,8521.26,8574.37,8511.26,8529.99
1574006400,8529.52,8567.55,8525.16,8553.19
1574020800,8552.96,8635,8455.55,8502.4
1574035200,8502.87,8503.52,8415,8475.78
1574049600,8474.69,8492,8423.44,8452.03
1574064000,8451.23,8499,8425,8443.77
1574078400,8443.9,8465.48,8370.45,8408.99
1574092800,8408.99,8437.22,8060,8213.95
1574107200,8213.42,8246,8169.03,8187.17
1574121600,8186.5,8218.63,8132.51,8153.23
1574136000,8153.23,8171.19,8092.5,8128.06
1574150400,8128.06,8179.72,8003,8073.88
1574164800,8074.42,8123.34,8010.1,8101.43
1574179200,8100.63,8156.47,8049.03,8109.63
1574193600,8109.69,8165.02,8077.61,8133.64
1574208000,8133.83,8158.36,8095,8130.37
1574222400,8129.72,8148.16,8078.9,8121.47
1574236800,8121.47,8134,8038.4,8088.41
1574251200,8089.06,8160,8063.02,8127.68
1574265600,8127.32,8264.29,8072.56,8088.62
1574280000,8088.61,8116,8066,8098.01
1574294400,8098.56,8134.73,8080.35,8125.98
1574308800,8125.2,8129.26,8075.23,8088.58
1574323200,8088.29,8095,7855,7870.66
1574337600,7869.66,7920,7500,7631.44
1574352000,7631.43,7669.47,7526.45,7629.81
1574366400,7629.8,7660,7566,7627.74
1574380800,7627.79,7692.18,7588,7599.85
1574395200,7599.77,7632.03,7401,7556.41
1574409600,7556.4,7750,6940,7106.71
1574424000,7102.88,7159.56,6790,7124.35
1574438400,7125.22,7350,7098.9,7297.91
1574452800,7297.91,7378.25,7156.36,7268.23
1574467200,7268.23,7292.51,7143,7271.94
1574481600,7271.94,7300.69,7158.31,7171.3
1574496000,7171.3,7215,7080.01,7171.92
1574510400,7171.92,7333.5,7139.75,7291.2
1574524800,7288.96,7344.48,7230.65,7285.68
1574539200,7285.56,7326,7237.78,7311.57
1574553600,7311.1,7330.39,7185,7202.05
1574568000,7202.04,7231.56,7150,7180.14
1574582400,7178.99,7271.73,7100,7203.04
1574596800,7203.39,7205.86,6959.57,6981.27
1574611200,6983.23,7113,6912,7028.78
1574625600,7028.78,7087,6861,6903.28
1574640000,6900.23,6941.68,6615,6713.49
1574654400,6717.21,6730,6515,6672.01
1574668800,6671.7,6988,6632.98,6879.02
1574683200,6879.02,7285.22,6870.66,7252.95
1574697600,7253.25,7377.69,7147.34,7192.7
1574712000,7192.87,7241.44,7090.17,7109.57
1574726400,7109.99,7245.88,7051,7245.85
1574740800,7245.83,7340,7126,7176.35
1574755200,7176.32,7270,7021.64,7170.52
1574769600,7170.41,7220,7017.48,7095.34
1574784000,7097.48,7149.25,7030.94,7076.69
1574798400,7076.96,7178.71,7064,7156.14
1574812800,7154.75,7177.76,7044,7071.27
1574827200,7071.66,7120.6,7034,7069.4
1574841600,7069.4,7168.76,6840,7147.74
1574856000,7147.85,7366,7118,7305.58
1574870400,7304.22,7654.33,7210.09,7563.81
1574884800,7563.85,7655,7475,7508.52
1574899200,7507.9,7569.19,7462.05,7489.17
1574913600,7489.07,7544.65,7414.02,7494.57
1574928000,7495.99,7541.27,7439.41,7479.54
1574942400,7479.08,7640.49,7418,7609.28
1574956800,7613.67,7643,7526.02,7608.44
1574971200,7608.01,7622.67,7360,7419.49
1574985600,7418.52,7517.54,7362.3,7488.05
1575000000,7485.11,7533.48,7440,7509.14
1575014400,7509.14,7600,7491.66,7514.24
1575028800,7514.23,7830,7413,7807.99
1575043200,7808.06,7850,7675,7711.93
1575057600,7711.9,7767.95,7664,7739.68
1575072000,7740.99,7770,7715.72,7740.22
1575086400,7740.24,7763.82,7714.74,7748.92
1575100800,7748.92,7810,7623.38,7656.21
1575115200,7656.23,7717.15,7510,7539.4
1575129600,7539.33,7613.2,7441,7506.4
1575144000,7506.4,7561.95,7472.74,7541.89
1575158400,7540.63,7541.85,7228.99,7289.06
1575172800,7287,7347,7245,7277.44
1575187200,7277.45,7390,7210,7313.8
1575201600,7314.98,7477.29,7267.52,7306.22
1575216000,7306.21,7362.48,7275.24,7358.39
1575230400,7355.83,7436.81,7306.18,7390.89
1575244800,7391.5,7420.56,7347.21,7358.84
1575259200,7359.36,7375.25,7151.1,7252.96
1575273600,7252.96,7369,7181.01,7297.91
1575288000,7297.91,7358,7236.56,7308.76
1575302400,7309.32,7330.03,7257.22,7273.98
1575316800,7273.29,7350,7273.29,7294.28
1575331200,7294.42,7400,7292,7349.18
1575345600,7349.5,7357.75,7262.02,7293.83
1575360000,7293.15,7323.98,7241.35,7266.7
1575374400,7263.97,7356.13,7262.81,7335.43
1575388800,7335.36,7356.87,7301.64,7320.98
1575403200,7320.99,7341,7283.02,7292.71
1575417600,7292.71,7294.03,7102,7150.49
1575432000,7150.91,7166.21,7111.11,7130.6
1575446400,7130.64,7233.77,7067,7200.34
1575460800,7200.62,7750,7197.71,7466.66
1575475200,7466.78,7499.63,7438,7479.55
1575489600,7479.52,7480.22,7100,7194.32
1575504000,7194.59,7243.57,7162,7223.6
1575518400,7223.58,7376.72,7150,7306.73
1575532800,7306.96,7433,7287.96,7370.45
1575547200,7369.36,7485,7315,7336.99
1575561600,7335.91,7405,7265,7374.81
1575576000,7374.38,7447.4,7334.4,7389
1575590400,7389,7433.99,7313.91,7371.9
1575604800,7371.9,7410,7332,7367.54
1575619200,7367,7443.15,7305,7338.66
1575633600,7338.68,7429.4,7337.56,7375.1
1575648000,7375.11,7590.03,7372.92,7433.09
1575662400,7433.09,7550,7421.08,7527.47
1575676800,7527.8,7566.32,7500,7529.74
1575691200,7528.62,7619.62,7508.88,7521.48
1575705600,7521.36,7549.71,7470.16,7524.98
1575720000,7523.68,7551.8,7498.03,7510.07
1575734400,7510,7530,7476,7520
1575748800,7520,7522.99,7472.01,7488.21
1575763200,7487.31,7499.75,7374.86,7403.91
1575777600,7404.99,7453.99,7382.33,7434.63
1575792000,7434.63,7542.16,7411.91,7520.03
1575806400,7520.03,7564,7488.2,7546
1575820800,7546,7552.77,7502.6,7515.99
1575835200,7516.31,7552,7505,7510.11
1575849600,7510.11,7541.9,7451,7510.32
1575864000,7510.93,7531.87,7458,7470.67
1575878400,7468.36,7496,7440.04,7471.25
1575892800,7471.24,7650,7390,7424
1575907200,7423.91,7450.54,7350,7374.3
1575921600,7374.25,7382.49,7273,7338.64
1575936000,7338.64,7407.6,7310.01,7382.63
1575950400,7383.74,7399.08,7333.98,7351.61
1575964800,7351.17,7368.44,7288,7342
1575979200,7341.75,7355,7213,7234.13
1575993600,7236.4,7261.52,7157.1,7231.23
1576008000,7230.95,7257.34,7185.16,7224.13
1576022400,7224.15,7275.5,7190.17,7211.97
1576036800,7213.44,7230.21,7180,7220.12
1576051200,7220.12,7249.72,7202.01,7227.36
1576065600,7227.36,7267.01,7125.66,7174
1576080000,7174.03,7217.5,7153.03,7200.23
1576094400,7200.69,7210,7170,7210
1576108800,7210,7295,7080.3,7156.03
1576123200,7156.05,7177.46,7140,7151.05
1576137600,7150.36,7217.99,7115,7192.93
1576152000,7192.93,7222.15,7140,7191.56
1576166400,7190.98,7226.79,7175.96,7204.73
1576180800,7204.75,7261.95,7186.12,7198.08
1576195200,7197.76,7236.5,7190.76,7229.1
1576209600,7229.1,7249.81,7208.01,7236.3
1576224000,7235.21,7255,7205.67,7221.9
1576238400,7221.29,7268.01,7208.2,7253.03
1576252800,7253.03,7309.05,7224,7253.87
1576267200,7253.87,7266.87,7230.64,7258.48
1576281600,7257.37,7271.77,7232.09,7254.63
1576296000,7255.21,7270,7242.02,7252.08
1576310400,7252.05,7252.8,7150,7185.94
1576324800,7185.49,7189.48,7026,7060.03
1576339200,7061.61,7104.25,7012,7072.66
1576353600,7072.66,7093.99,7062.56,7064.05
1576368000,7064.14,7072.85,7008.35,7056.97
1576382400,7057.49,7200.3,7035.37,7142
1576396800,7142,7177.15,7084.51,7110.61
1576411200,7111.11,7149,7061.05,7119.1
1576425600,7119.11,7131.92,7082,7114.49
1576440000,7114.68,7141.67,7097.41,7118.59
1576454400,7119.6,7132.52,7062.55,7079.98
1576468800,7078.83,7100,7042.49,7067.74
1576483200,7066.97,7125.6,7051,7091.85
1576497600,7091.92,7150,7074,7089.45
1576512000,7090.73,7117,6850,6902.16
1576526400,6902.68,6919.98,6836,6891.72
1576540800,6891.44,6910.78,6856,6886.76
1576555200,6886.76,6904.91,6859.48,6877.47
1576569600,6877.46,6942.21,6856,6935.09
1576584000,6935.13,6940.84,6685,6696.2
1576598400,6696.32,6743.6,6590.21,6619.71
1576612800,6619.69,6702,6560,6623.82
1576627200,6623.84,6725.69,6600.52,6686.91
1576641600,6686.89,6717.56,6590.01,6619.51
1576656000,6619.06,6668.84,6608.44,6615.24
1576670400,6615.24,6863.08,6435,6823.49
1576684800,6824.55,6966.05,6770,6956.86
1576699200,6956.09,7440,6941,7277.83
1576713600,7277.83,7380,7122.5,7158.94
1576728000,7158.94,7167.85,7076.65,7092.54
1576742400,7091.31,7200,7038.31,7150
1576756800,7150.56,7234,7060.01,7145.84
1576771200,7145.99,7185,7111,7177.05
1576785600,7177.89,7181.99,7128.02,7150.3
1576800000,7151.31,7160,7079.5,7134.14
1576814400,7134.14,7160,7082.38,7145.07
1576828800,7145.09,7175.67,7091.76,7149.5
1576843200,7149.87,7220,7136.75,7155.19
1576857600,7155.4,7205,7133,7184.15
1576872000,7183.99,7214.26,7166.23,7187.83
1576886400,7188.01,7190.58,7142.3,7156.01
1576900800,7156.03,7175.43,7124.45,7132.95
1576915200,7132.95,7157,7105,7145.99
1576929600,7145.97,7152.12,7118.05,7139.32
1576944000,7139.32,7154.23,7126,7145.82
1576958400,7145.04,7180,7122,7132.75
1576972800,7131.59,7148.82,7122.47,7137.26
1576987200,7136.94,7192.99,7125,7181.85
1577001600,7180.32,7200.3,7145.84,7165.36
1577016000,7164.4,7197,7155.62,7186.82
1577030400,7186.78,7456.67,7165,7398.35
1577044800,7399.46,7518.54,7374.16,7501.44
1577059200,7500.71,7634.55,7500.36,7590.02
1577073600,7589.55,7593.5,7441.6,7494.21
1577088000,7494.91,7564.93,7485.83,7553.11
1577102400,7553.03,7612,7475.65,7585.87
1577116800,7585.87,7695.38,7355,7432.07
1577131200,7432.38,7433.9,7265.84,7317.09
1577145600,7317.3,7339.5,7285,7313.8
1577160000,7313.88,7342.27,7227.35,7264.92
1577174400,7264.91,7416.53,7226.13,7373.54
1577188800,7373.55,7436.68,7241.58,7277.52
1577203200,7277.47,7311.31,7157.04,7253.77
1577217600,7253.92,7280,7198.52,7255.77
1577232000,7255.77,7267.39,7213.12,7229.58
1577246400,7229.99,7271.77,7201,7252.19
1577260800,7252.16,7267.85,7210.45,7217.03
1577275200,7216.92,7256,7170.73,7189.56
1577289600,7189.58,7247,7128.86,7239.02
1577304000,7238.02,7269.99,7168.42,7204.63
1577318400,7205.01,7219.99,7177.14,7183.01
1577332800,7182.84,7223.15,7176.8,7209.2
1577347200,7209.2,7240.76,7185.8,7188.02
1577361600,7189.06,7244,7183.27,7231.45
1577376000,7231.83,7435,7197.02,7301.38
1577390400,7296.1,7331.42,7157.12,7202
1577404800,7202,7249,7190,7232.02
1577419200,7232.04,7243.79,7175,7188.63
1577433600,7188.42,7216.26,7076.42,7137.72
1577448000,7136.38,7271.89,7092.99,7238.42
1577462400,7237.75,7275.86,7177.14,7216.1
1577476800,7215.05,7261,7212.78,7254.74
1577491200,7254.77,7340,7238.67,7288
1577505600,7288,7360,7276.72,7302.99
1577520000,7302.53,7329.47,7261.57,7308.28
1577534400,7308.32,7359.9,7285,7304.27
1577548800,7304.24,7365.01,7275.07,7344.77
1577563200,7344.7,7355,7296.52,7316.14
1577577600,7315.36,7316.14,7288,7307.27
1577592000,7307.06,7323.99,7292.84,7315
1577606400,7315.5,7360.67,7308.92,7345.83
1577620800,7346.08,7419.02,7322.9,7394.13
1577635200,7395.03,7480,7380.47,7473.05
1577649600,7472.13,7528.45,7345.8,7388.24
1577664000,7388.43,7389.83,7312,7349.51
1577678400,7349.54,7408.24,7345.22,7385.29
1577692800,7385.27,7385.29,7293.12,7315.11
1577707200,7314.74,7343.99,7251,7262.08
1577721600,7261.1,7270,7220,7240.99
1577736000,7241.15,7288.88,7235.1,7246
1577750400,7246,7269,7200,7236.39
1577764800,7236.6,7268.48,7228.4,7250.37
1577779200,7250.3,7256.94,7217.5,7243.39
1577793600,7243.64,7320,7188.88,7195.96
1577808000,7195,7225.62,7145.01,7173.32
1577822400,7173.75,7208.41,7165.1,7195.23
1577836800,7195.24,7245,7175.46,7225.01
1577851200,7225,7236.27,7199.11,7209.83
1577865600,7209.83,7237.73,7180,7197.2
1577880000,7197.2,7255,7196.15,7234.19
1577894400,7234.2,7249.99,7214,7229.48
1577908800,7229.48,7242.98,7175.15,7200.85
1577923200,7200.77,7212.5,7120.37,7129.61
1577937600,7129.25,7161,7105,7110.57
1577952000,7110.98,7180,7109.11,7139.79
1577966400,7139.73,7163.4,7107.43,7130.98
1577980800,7130.37,7146.85,6924.74,6983.27
1577995200,6982.63,6985,6941.27,6965.71
1578009600,6965.49,6966.8,6871.04,6952.04
1578024000,6952.04,7264.71,6948.64,7203.21
1578038400,7202.28,7371.92,7202.28,7340.46
1578052800,7340.46,7380,7229.3,7320.18
1578067200,7320.17,7405,7280,7343.08
1578081600,7343.62,7361,7260.01,7344.96
1578096000,7345,7350,7280.85,7333.11
1578110400,7333.14,7369.28,7312.65,7348.11
1578124800,7348.04,7369.63,7302.1,7336.45
1578139200,7336.75,7339.58,7291,7318.99
1578153600,7318.98,7404,7272.21,7334.83
1578168000,7334.89,7367.31,7310.67,7354.11
1578182400,7354.19,7482.87,7354.11,7475.99
1578196800,7476,7495,7437.4,7463.63
1578211200,7463.64,7472,7400,7422.33
1578225600,7422.27,7476.31,7415,7468.42
1578240000,7467.91,7484,7421.77,7444.14
1578254400,7444.71,7445,7318,7358.75
1578268800,7357.64,7580,7346.76,7540.9
1578283200,7540.9,7554.61,7496,7507.91
1578297600,7508.18,7582.27,7507.39,7544.72
1578312000,7544.72,7622,7465.44,7519.99
1578326400,7519.05,7561,7509.43,7539.9
1578340800,7539.74,7795.34,7534.9,7758
1578355200,7758.9,8000,7758.29,7894.9
1578369600,7894.71,7905.5,7821,7883.37
1578384000,7883.11,7965,7855,7895.14
1578398400,7895.13,7915.77,7740.29,7764.59
1578412800,7764.04,8137,7723.71,8073.69
1578427200,8073.69,8207.68,7945.72,8145.28
1578441600,8145.92,8455,8142,8300.34
1578456000,8300.34,8377,8277.21,8297.26
1578470400,8297.27,8370,8264.86,8332.47
1578484800,8332.2,8418.61,8184,8305.97
1578499200,8306.09,8335.79,7963.05,7963.35
1578513600,7963.56,8125.57,7870,8055.98
1578528000,8054.72,8055.96,7928,7954.72
1578542400,7954.96,7978.31,7896,7949.84
1578556800,7949.57,7955.83,7852.01,7878.56
1578571200,7878.02,7945,7871,7907.05
1578585600,7907.05,7957.48,7778,7917.54
1578600000,7917.55,8000,7750,7817.76
1578614400,7817.74,7854.06,7770,7818.02
1578628800,7818.06,7819.84,7711.76,7752.98
1578643200,7753.05,7854.44,7672,7841.69
1578657600,7841.03,8086.85,7811,8066.6
1578672000,8067.5,8140.11,7909.98,8059.49
1578686400,8058.05,8199,7981.59,8197.02
1578700800,8198.86,8253.26,8119.75,8158.49
1578715200,8158.83,8179.94,8044.65,8074.18
1578729600,8074.17,8129.97,8010,8045.95
1578744000,8045.89,8135,8018.41,8099.73
1578758400,8099.16,8221.55,8070,8151.78
1578772800,8151.77,8286.34,8003.16,8020.01
1578787200,8020.01,8110.92,7960,8091.33
1578801600,8090.7,8153.84,8070.98,8097.51
1578816000,8097.51,8164.08,8080.01,8114.08
1578830400,8114.08,8185,8113.11,8152.7
1578844800,8152.63,8197,8072,8132.01
1578859200,8131.4,8185,8091.22,8184.98
1578873600,8184.97,8196,8086.39,8105.77
1578888000,8105.73,8126.31,8057.59,8075.26
1578902400,8075.26,8134.6,8065,8075.01
1578916800,8076.86,8114.48,8055.89,8084.89
1578931200,8085.07,8129.45,8071.12,8111.83
1578945600,8111.83,8160,8101,8110.34
1578960000,8110.34,8488.11,8105.54,8461.84
1578974400,8461.83,8573,8453.35,8509.99
1578988800,8509.85,8561,8470,8526.87
1579003200,8526.87,8760,8480,8675.48
1579017600,8673.18,8850,8520,8767.56
1579032000,8765.51,8880,8666.22,8810.01
1579046400,8814.64,8900,8701,8727.61
1579060800,8727,8741.75,8564,8627.13
1579075200,8626.8,8810,8605.03,8730
1579089600,8730,8916.48,8720.38,8762.74
1579104000,8762.73,8820,8676.08,8761.57
1579118400,8761.57,8876.4,8738.37,8821.41
1579132800,8820.01,8859.81,8586,8640.01
1579147200,8640.01,8730,8615,8680
1579161600,8679.99,8725,8600.4,8724.91
1579176000,8724.82,8789,8640.35,8710.02
1579190400,8710.01,8720.82,8626,8705
1579204800,8705.01,8757,8672,8720.01
1579219200,8720.15,8840.4,8672.44,8786.43
1579233600,8786.43,8997,8760,8933.95
1579248000,8935.54,9041.65,8880.5,8903.45
1579262400,8903.53,8919.41,8765,8850.83
1579276800,8851.39,8955.55,8813,8879.71
1579291200,8879.63,8961.6,8861.66,8913.28
1579305600,8913.27,8988.88,8855.55,8925.99
1579320000,8926.07,8926.95,8806.38,8843.63
1579334400,8843.63,8919,8818,8879.79
1579348800,8879.29,8964,8869.98,8903.26
1579363200,8903.27,8935.17,8848.8,8907.93
1579377600,8907.79,8960,8889,8915.96
1579392000,8915.09,9198.98,8888.02,9157.61
1579406400,9157.74,9165,9041,9084.36
1579420800,9083.8,9127.36,8524.2,8681.44
1579435200,8681.16,8684.76,8559.02,8631.95
1579449600,8630.98,8676.05,8610,8645.57
1579464000,8646.67,8758.84,8466,8701.7
1579478400,8701.72,8735.84,8627.94,8667.56
1579492800,8667.64,8694,8632.76,8665.14
1579507200,8665.24,8682.92,8595,8615.25
1579521600,8615.71,8678.55,8521.28,8675.38
1579536000,8675.45,8709.31,8640.15,8673.67
1579550400,8673.51,8746.99,8616,8642.35
1579564800,8642.35,8683,8618,8674.1
1579579200,8674.09,8699.84,8623.64,8634.7
1579593600,8634.16,8677.12,8602.8,8656.76
1579608000,8656.76,8676.95,8634.62,8645.06
1579622400,8645.1,8663.47,8488,8531.86
1579636800,8530.75,8789,8529.11,8736.03
1579651200,8736.04,8758.08,8701,8715.77
1579665600,8715,8818,8706.07,8740.27
1579680000,8740.49,8746.34,8622,8659.87
1579694400,8659,8681.08,8636.31,8655.37
1579708800,8655.32,8710.45,8590,8670.39
1579723200,8670,8686.22,8645.8,8682.36
1579737600,8682.77,8691.81,8568.26,8597.23
1579752000,8598,8613.38,8502,8581.75
1579766400,8581.71,8624.51,8400,8423
1579780800,8422.98,8488,8326,8359.42
1579795200,8357.81,8380,8306.39,8370.98
1579809600,8369.9,8445,8345.79,8404.52
1579824000,8404.52,8419.86,8275.5,8320.57
1579838400,8320.59,8353.91,8295.92,8340
1579852800,8338.53,8418,8238,8412.77
1579867200,8413.42,8515,8369.72,8506.44
1579881600,8507.8,8528.02,8445.14,8498.76
1579896000,8498.5,8519.75,8413.36,8439
1579910400,8438.99,8451.26,8254.9,8297.62
1579924800,8298.08,8357.89,8282.25,8316.2
1579939200,8316.72,8382.97,8306.65,8316.44
1579953600,8316.44,8358.94,8286.87,8335.14
1579968000,8334.6,8375,8325,8362.91
1579982400,8362.25,8420,8340,8340.58
1579996800,8340.01,8386.8,8293.66,8368.82
1580011200,8368.21,8395,8343.2,8385.17
1580025600,8384.85,8482.8,8382.48,8479.15
1580040000,8479.15,8488,8436,8459.67
1580054400,8459.66,8618,8454.01,8569.1
1580068800,8566.99,8618.13,8550.55,8615
1580083200,8614.39,8704,8614.39,8670.1
1580097600,8670.11,8686.86,8630.84,8658.01
1580112000,8658.01,8750,8535,8735.67
1580126400,8735.67,8796.95,8700.41,8779.67
1580140800,8779.68,8988,8749.2,8932.12
1580155200,8932.11,9000,8890.1,8907.57
1580169600,8907.57,9166,8907.56,9111.95
1580184000,9111.59,9136.76,8930.67,9039.92
1580198400,9039.68,9117.47,8942,9082.13
1580212800,9081.34,9188,8958,9024.58
1580227200,9025.47,9045.88,8862.4,9010.86
1580241600,9010.23,9400,9007.74,9374.21
1580256000,9375.34,9420.82,9261.32,9343.5
1580270400,9343.75,9393.04,9314,9365
1580284800,9365,9434.94,9216,9303.15
1580299200,9303.16,9351.5,9250.05,9285.01
1580313600,9285,9415,9265,9393.98
1580328000,9393.73,9449.24,9288.75,9301.53
1580342400,9301.57,9333.97,9204.44,9280.3
1580356800,9281.63,9399,9277.23,9391.02
1580371200,9391.55,9408.36,9315,9338.21
1580385600,9338.21,9412.35,9306,9386.88
1580400000,9385.41,9530,9220,9506.82
1580414400,9506.32,9578,9466.66,9513.21
1580428800,9511.52,9530.22,9390.07,9444
1580443200,9444.69,9448.68,9320,9374.56
1580457600,9375.5,9414.94,9270.4,9328.41
1580472000,9328.39,9345.82,9210.01,9339.19
1580486400,9339.19,9367.5,9256.24,9302.67
1580500800,9303.72,9430,9300.59,9352.89
1580515200,9351.71,9464.53,9341.17,9432.33
1580529600,9431.75,9454.77,9377.77,9423.01
1580544000,9423.02,9425.76,9321.41,9354.66
1580558400,9354.65,9375,9281,9333.91
1580572800,9333.73,9420.98,9327,9367.09
1580587200,9367.76,9409.99,9350,9384.61
1580601600,9384.41,9387.03,9245.75,9266.83
1580616000,9266.79,9385,9120,9370.53
1580630400,9370.53,9450,9346,9435.54
1580644800,9435.79,9477.03,9363.89,9446.77
1580659200,9446.8,9460,9395.46,9438.08
1580673600,9437.9,9454.87,9322,9331.51
1580688000,9331.59,9618.79,9288,9385.59
1580702400,9386.24,9426.6,9346.09,9368.16
1580716800,9368.16,9399.42,9303.2,9351.48
1580731200,9352,9373.97,9265,9270
1580745600,9270,9331.5,9234,9316.7
1580760000,9316.04,9344.02,9251.01,9292.24
1580774400,9291.35,9350,9262.14,9282.95
1580788800,9282.96,9318.89,9227.58,9278.63
1580803200,9278.63,9327,9108,9182.81
1580817600,9182.81,9236.72,9093.01,9206.47
1580832000,9207.02,9240,9173.9,9186.37
1580846400,9186.72,9220.19,9151,9197.02
1580860800,9197.02,9245.87,9177.22,9239.19
1580875200,9239.19,9300,9216.75,9274.53
1580889600,9274.39,9421.75,9232.75,9418.48
1580904000,9419.17,9494.2,9410,9485.08
1580918400,9484.22,9744.45,9472.3,9655.99
1580932800,9655.93,9725,9565.14,9612.04
1580947200,9612.03,9650,9526.35,9635.7
1580961600,9635.2,9697.78,9607.52,9628.8
1580976000,9629.85,9707.21,9605.55,9698.89
1580990400,9698.66,9862.57,9638,9786.88
1581004800,9786.87,9839.63,9717.85,9747.29
1581019200,9747.29,9801.98,9660,9772
1581033600,9772,9855,9752.65,9779.78
1581048000,9779.73,9819.99,9741.17,9801.83
1581062400,9801.83,9885,9766.31,9809.33
1581076800,9810.01,9845,9730.54,9802.02
1581091200,9802.01,9836.27,9764,9775.59
1581105600,9775.08,9831,9730,9813.73
1581120000,9813.87,9830.06,9667.11,9714.11
1581134400,9714.14,9796.88,9700.02,9771.39
1581148800,9771.39,9845,9769.51,9810.02
1581163200,9810.02,9866,9750,9829.47
1581177600,9829.5,9888,9810.1,9862.69
1581192000,9862.15,9940,9840,9895.05
1581206400,9895.04,10052.67,9880.75,10052.63
1581220800,10052.66,10166,10040,10127.87
1581235200,10127.87,10151.04,10050,10109.52
1581249600,10108.61,10145.64,10000.1,10097.1
1581264000,10097.1,10125.79,10053.69,10074.85
1581278400,10074.85,10160,10053,10151.75
1581292800,10151.72,10188,10060,10090.47
1581307200,10090.44,10105.54,9756,9968.99
1581321600,9967.94,9971.48,9765,9821.43
1581336000,9821.41,9925.63,9777.6,9865.05
1581350400,9865.06,9893.17,9800.02,9829.56
1581364800,9831.67,9894.56,9813,9851.83
1581379200,9851.74,9862.18,9700,9733.39
1581393600,9733.43,9787.07,9715,9739.94
1581408000,9739.87,9815,9730.89,9801.04
1581422400,9801.02,10194,9787.88,10164.99
1581436800,10165,10323.59,10160.15,10247.73
1581451200,10246.59,10260,10168.75,10223.08
1581465600,10223.08,10320,10223.08,10263
1581480000,10263.08,10450,10256.65,10366
1581494400,10366.62,10371.72,10226.44,10343.4
1581508800,10343.4,10415,10250,10314.56
1581523200,10314.56,10374.94,10294,10313.47
1581537600,10313.49,10410,10303,10326.46
1581552000,10325.33,10440.67,10310.51,10379.74
1581566400,10379.61,10491,10326.49,10338.96
1581580800,10338.94,10366.53,10080,10151.11
1581595200,10151.66,10500,10100.2,10254.93
1581609600,10254.23,10292.99,10145.5,10250.31
1581624000,10251.15,10265,10181.88,10229.63
1581638400,10227.78,10290,10178.27,10258.7
1581652800,10258.66,10280,10111.37,10124.98
1581667200,10124.98,10298,10111.57,10269.24
1581681600,10269.52,10360.2,10224,10249.94
1581696000,10249.94,10375.45,10243.72,10341.64
1581710400,10340.15,10381.56,10280.11,10344.36
1581724800,10344.36,10375,10203.52,10272.39
1581739200,10273.09,10279,10190.9,10221.76
1581753600,10221.03,10274.18,10211.82,10229.36
1581768000,10229.36,10259.97,9801,9983.18
1581782400,9983.24,10095,9811.84,9893.99
1581796800,9893.52,9949,9870.33,9904.72
1581811200,9904.46,10050,9853.02,10000.58
1581825600,10000.62,10033.33,9937,9959.51
1581840000,9959.58,10017,9901.28,9922.63
1581854400,9922.63,9974.98,9825.16,9858.54
1581868800,9858.54,9909,9638.12,9745.57
1581883200,9745.91,9996.58,9729.96,9917.27
1581897600,9910.7,9964.16,9758.59,9808.4
1581912000,9807.74,9842.34,9710,9753.26
1581926400,9753.01,9832.92,9568,9609.94
1581940800,9609.94,9669.99,9452.67,9633.45
1581955200,9635.27,9725.79,9576.03,9666.15
1581969600,9667.34,9727.41,9607.05,9706
1581984000,9706,9759,9624.7,9724.82
1581998400,9724.86,9815,9720,9790.58
1582012800,9790.9,9794.99,9631,9702.27
1582027200,9703.85,9875.51,9576.01,9830.68
1582041600,9830.69,10048,9815.9,10043.49
1582056000,10043.08,10250,10036.72,10164.71
1582070400,10164.78,10186.35,10079.25,10149.63
1582084800,10150.48,10164.93,10027,10059.3
1582099200,10059.08,10161.99,10011.06,10148.93
1582128000,10149.99,10250,10131.25,10139.22
1582142400,10138.59,10156.48,9350,9593.79
1582156800,9594.65,9668,9500,9571.5
1582171200,9571.5,9630.33,9538,9607.23
1582185600,9606.78,9650,9540.17,9565.39
1582200000,9565.49,9619.83,9518.08,9574.26
1582214400,9574.43,9699,9400,9551.96
1582228800,9553.69,9663.14,9537,9596.42
1582243200,9597.21,9714.06,9569.42,9708.17
1582257600,9707.39,9733,9650,9673.43
1582272000,9673.43,9719,9613,9694.56
1582286400,9694.56,9755.51,9660,9722.56
1582300800,9722.62,9742.33,9660,9681.84
1582315200,9681.84,9720,9550.21,9677.05
1582329600,9677.05,9709.17,9637,9665.9
1582344000,9665.44,9668.81,9560.02,9590.9
1582358400,9590.26,9658.09,9578.9,9634.61
1582372800,9633.1,9670,9607.42,9630.19
1582387200,9631.05,9680,9600.01,9666.93
1582401600,9667.91,9697,9644.47,9650.86
1582416000,9650.85,9797.97,9645,9787.08
1582430400,9786.5,9920,9786.46,9880.7
1582444800,9880.71,9990,9810.07,9825.57
1582459200,9825.39,9907.65,9800,9861.9
1582473600,9861.9,9896,9846.1,9871.76
1582488000,9871.75,9971.17,9835.51,9936.4
1582502400,9936.4,9990,9600,9753.71
1582516800,9753.64,9762.91,9667.71,9752.83
1582531200,9752.81,9820,9694.74,9811.38
1582545600,9811.98,9843.5,9668,9703.28
1582560000,9703,9731.6,9473.56,9601.09
1582574400,9601.14,9671.98,9563.32,9656.13
1582588800,9655.52,9671.12,9567.22,9579.44
1582603200,9579.94,9604.99,9486.18,9520.16
1582617600,9520.06,9645,9488,9627.22
1582632000,9626.43,9675,9360,9397.47
1582646400,9395.19,9460.56,9281,9359.95
1582660800,9359.95,9426.02,9250,9315.84
1582675200,9316.48,9377.44,9111,9170.13
1582689600,9170.13,9220,9120,9148.08
1582704000,9148.08,9225,9102,9158.37
1582718400,9158.36,9303.36,8979.03,8995.29
1582732800,8995.75,9030,8633.63,8831.14
1582747200,8831.14,8864,8713.03,8785.25
1582761600,8786,8792.52,8531,8739.68
1582776000,8739.68,8838.28,8667.58,8814.05
1582790400,8814.21,8859.42,8730,8804.36
1582804800,8804.27,8941.91,8747.03,8847.16
1582819200,8847,8971.77,8846.71,8915.34
1582833600,8915.34,8917.66,8650,8823.21
1582848000,8823.25,8900,8784.01,8837.51
1582862400,8837,8860,8695.1,8728.74
1582876800,8728.39,8779.55,8541.1,8585.96
1582891200,8586.43,8724.64,8445,8715.94
1582905600,8715,8738,8485,8577.21
1582920000,8577.21,8799,8567.97,8692.91
1582934400,8690.8,8773.17,8656,8714.73
1582948800,8714.53,8790,8696.42,8745.81
1582963200,8745.82,8763.71,8600,8696.98
1582977600,8696.95,8698.87,8572.22,8650
1582992000,8650,8676,8591.47,8671.41
1583006400,8670.64,8671.61,8523.55,8523.61
1583020800,8523.61,8675,8511.11,8620.36
1583035200,8620.17,8634.73,8520.58,8541.16
1583049600,8541.15,8650,8518,8648.37
1583064000,8647.42,8750,8535.24,8557.8
1583078400,8557.8,8582.73,8411,8542.2
1583092800,8541.22,8591.82,8470,8531.88
1583107200,8530.3,8651.9,8498,8601.99
1583121600,8601.99,8699.5,8596.36,8625.39
1583136000,8625.39,8776.98,8619.63,8758.35
1583150400,8758.39,8885,8718.95,8829.21
1583164800,8829.21,8917.99,8818.66,8883.12
1583179200,8882.88,8965.75,8850,8915.24
1583193600,8911.18,8919.65,8804.16,8866.6
1583208000,8865.9,8867.89,8746.42,8756.08
1583222400,8755.64,8866.96,8735.37,8858.22
1583236800,8858.45,8898.74,8675.45,8753.01
1583251200,8753.01,8781.25,8651,8713.97
1583265600,8714.11,8790,8683.24,8760.07
1583280000,8760.07,8835.01,8728,8790.18
1583294400,8788.99,8848.29,8774.58,8816.27
1583308800,8816.32,8829.4,8694.07,8717.12
1583323200,8717.21,8782.31,8660,8700
1583337600,8700,8746,8665,8739.58
1583352000,8738.94,8761.52,8688.03,8750.87
1583366400,8750.99,8941.53,8746.54,8869.82
1583380800,8869.68,8942,8862,8895.05
1583395200,8895.24,9122.62,8891.36,9100.89
1583409600,9100.59,9136.63,9011.98,9085.48
1583424000,9085.52,9150.9,9062.76,9150.9
1583438400,9150.8,9159.42,9015,9054.68
1583452800,9054.64,9081.94,8985.5,9033.59
1583467200,9032.87,9138.31,9013.05,9100.91
1583481600,9101.62,9170,9070,9127.92
1583496000,9129.12,9130.29,9000,9001.4
1583510400,9001.7,9101.35,9000,9085.12
1583524800,9084.62,9137.5,9058.3,9131.88
1583539200,9130.89,9143.55,9073.03,9089.95
1583553600,9089.57,9107.25,9050,9085.23
1583568000,9085.23,9116.97,9072.65,9089
1583582400,9089,9135.94,9069.3,9113.61
1583596800,9113.46,9188,8835,8884.79
1583611200,8884.91,8919,8853.93,8886.66
1583625600,8885.25,8886.76,8695.73,8747.58
1583640000,8746.92,8754.99,8701,8740.29
1583654400,8740.59,8752.36,8670,8741.53
1583668800,8741.3,8747.43,8321,8400.83
1583683200,8400.85,8403,8149.27,8280.11
1583697600,8281.51,8300,8000,8033.31
1583712000,8034.76,8179.31,7970,8063.52
1583726400,8063.52,8066.39,7675.28,7899.71
1583740800,7899.72,7991.08,7760,7804.92
1583755200,7803.64,7946,7632.01,7765.32
1583769600,7765.32,7903.52,7689,7842.03
1583784000,7842.04,7947.57,7791.4,7929.87
1583798400,7929.87,7969.87,7850,7907.16
1583812800,7908.29,7952.65,7866.04,7900.14
1583827200,7900.89,8114.1,7875,8065.02
1583841600,8064.83,8149,7739.97,7767.28
1583856000,7766.29,7985,7728.01,7978.8
1583870400,7978.94,8038.11,7869.79,7894.56
1583884800,7894.57,7965.49,7865.01,7924.78
1583899200,7923.8,7943.42,7813,7860.93
1583913600,7861.62,7921.12,7750,7821.86
1583928000,7821.68,7895.87,7736,7778.76
1583942400,7778.76,7843,7590,7828.23
1583956800,7828.23,7980,7798.13,7934.52
1583971200,7934.58,7966.17,7558,7662.73
1583985600,7662.11,7662.8,7342.43,7392.13
1584000000,7392.12,7466,5550,6067.01
1584014400,6064.27,6307.59,5734.69,6132.13
1584028800,6132.13,6229.97,5947.72,6037.45
1584043200,6036.28,6059.99,4410,4800
1584057600,4800.01,5523.23,3782.13,5167.26
1584072000,5159.09,5444,4674,5385.87
1584086400,5386.11,5700,5126,5403.56
1584100800,5403.56,5955,4920,5212.37
1584115200,5207.63,5525,4807,5391.08
1584129600,5397.16,5699,5187.39,5578.6
1584144000,5576.05,5640.52,5322.02,5573.97
1584158400,5573.67,5573.71,5371.76,5500.4
1584172800,5500.61,5530,5173,5448.38
1584187200,5448.23,5450,5268.82,5311.38
1584201600,5310.96,5498,5256,5386.85
1584216000,5386.84,5423.5,5055.13,5172.06
1584230400,5172.48,5273.37,5093.1,5178.64
1584244800,5178.64,5332.04,5178.64,5272.23
1584259200,5272.35,5487,5213.16,5429.99
1584273600,5430,5594,5221,5324.48
1584288000,5324.92,5397,5260,5312.35
1584302400,5312.33,5940,5160,5361.3
1584316800,5360.33,5365.42,5188,5273.34
1584331200,5272.23,5297.8,4778,4785.67
1584345600,4789.99,4950,4442.12,4565.59
1584360000,4565.63,5175,4500,5151.39
1584374400,5144.53,5200,4828,4939.25
1584388800,4942.5,5060,4820,5028.97
1584403200,5028.86,5400,4921.45,5311.16
1584417600,5314.84,5415.87,5205,5343.72
1584432000,5345.19,5440,5160,5267.61
1584446400,5266.9,5376.83,5051,5362.99
1584460800,5363.84,5479,5290,5375.11
1584475200,5375.25,5525,5305.59,5312.64
1584489600,5312.64,5419.03,5268.8,5394.15
1584504000,5394.02,5436.17,5104.92,5148.73
1584518400,5148.73,5248,5010.98,5140.39
1584532800,5141.48,5390,5009.37,5328.89
1584547200,5328.59,5349,5140.54,5328.51
1584561600,5329.23,5412,5257.52,5393.04
1584576000,5393.26,5450,5252.53,5286.84
1584590400,5286.84,5435.44,5277.45,5414.19
1584604800,5414.19,5661,5376.1,5621.86
1584619200,5622.15,5920,5608.21,5895.1
1584633600,5895.71,6359.45,5798.26,6215.57
1584648000,6216.08,6400,6125.76,6162.37
1584662400,6162.05,6269.24,6055.55,6156.35
1584676800,6156.42,6350,6115.99,6318.39
1584691200,6318.41,6900,6310.58,6659.99
1584705600,6659.99,6714.53,6420,6614.66
1584720000,6614.32,6664.99,6153.74,6187.59
1584734400,6184.53,6374.99,5670,6208.36
1584748800,6204.57,6380,6062.03,6267.45
1584763200,6269.34,6330.18,6026,6151.16
1584777600,6151.17,6170,5860.02,6118.72
1584792000,6116.58,6275,6089.94,6212.08
1584806400,6213.48,6264.52,6043,6216.27
1584820800,6216.11,6456.98,6080,6186.98
1584835200,6187.04,6363.76,6104,6351.93
1584849600,6351.77,6407.87,6264.24,6289.34
1584864000,6289.34,6317.74,6126.15,6153.57
1584878400,6153.77,6156.53,5915,6076.14
1584892800,6076.14,6139,5863,5911.03
1584907200,5911.11,6145,5734.01,5816.19
1584921600,5816.05,5990,5688,5955.36
1584936000,5955.21,5993.24,5845,5855.59
1584950400,5855,5930,5728.99,5843.29
1584964800,5842.14,6600,5841.73,6231.74
1584979200,6230.41,6379,6225.36,6266.28
1584993600,6266.27,6509.03,6260.5,6467.31
1585008000,6465.25,6666,6464,6522.52
1585022400,6522.51,6618,6371.33,6566.06
1585036800,6563.82,6833,6563.58,6731
1585051200,6733.16,6765,6461.01,6587.52
1585065600,6587.63,6739.17,6510.01,6697.39
1585080000,6697.39,6792.15,6610.69,6744.72
1585094400,6744.69,6746.7,6524.16,6557.75
1585108800,6557.76,6720,6530.98,6675.21
1585123200,6676.93,6957.96,6450,6521.36
1585137600,6522,6799,6500,6617.27
1585152000,6617.19,6705.96,6575,6622.38
1585166400,6622.1,6705,6552,6677.43
1585180800,6677.42,6780,6652.76,6725.65
1585195200,6726.05,6761.79,6554.21,6589.92
1585209600,6591.91,6669.42,6570.05,6603.31
1585224000,6603.41,6688,6510,6617.04
1585238400,6617.91,6680,6592.23,6657.93
1585252800,6658.01,6765,6650,6737.36
1585267200,6737.27,6842.59,6735.36,6793
1585281600,6793,6826.84,6620,6699.92
1585296000,6699.91,6703.81,6599.61,6620.58
1585310400,6620.59,6666.04,6573.41,6622.86
1585324800,6622.87,6687.3,6591.06,6657.02
1585339200,6656.63,6700,6261,6359.11
1585353600,6359.11,6360,6068.88,6116.92
1585368000,6116.88,6203.47,6095,6184.31
1585382400,6184.31,6319.86,6165,6236.78
1585396800,6237.01,6274.12,6155.39,6215
1585411200,6215,6249.71,6024,6210.77
1585425600,6210.5,6295,6167.7,6236.65
1585440000,6236.65,6266,6177.78,6202.95
1585454400,6203.93,6213.5,6116,6153.9
1585468800,6153.6,6210,6082.6,6138.35
1585483200,6138.36,6155,6067.6,6129.79
1585497600,6129.91,6164.94,5885.47,5905.29
1585512000,5906.39,5963.93,5866.56,5881.42
1585526400,5880.5,6028.83,5857.76,6009.09
1585540800,6009.28,6330.01,5991.04,6242.69
1585555200,6242.69,6395,6230.24,6355.56
1585569600,6355.55,6444,6260.62,6343.58
1585584000,6343.9,6402.41,6303.34,6366.74
1585598400,6366.5,6599,6363.78,6394.38
1585612800,6394.45,6523.23,6380,6439.47
1585627200,6439.47,6473.68,6378,6445.09
1585641600,6445.11,6505.5,6330.01,6387.19
1585656000,6387.73,6500,6321.4,6454.12
1585670400,6454.12,6486.6,6401,6463.47
1585684800,6465.32,6494.9,6386.89,6410.44
1585699200,6412.14,6426.52,6239.34,6368.68
1585713600,6368.74,6376.28,6271.14,6331.96
1585728000,6330.87,6330.87,6257.32,6296.87
1585742400,6297,6340.81,6170,6230.09
1585756800,6230.01,6230.01,6150.11,6200.81
1585771200,6200.11,6679.94,6193.1,6642.92
1585785600,6643.36,6744,6551,6606.05
1585800000,6606.05,6679.79,6565,6644
1585814400,6643.99,6720,6602.58,6690.6
1585828800,6690.6,6831.59,6620.34,6805
1585843200,6805,7198,6723,6803.25
1585857600,6801.41,6867.97,6651,6794.09
1585872000,6793.86,6829.61,6723.12,6782.44
1585886400,6782.44,6955,6746.16,6931.46
1585900800,6931.74,7048,6867,7004.42
1585915200,7004.94,7013.87,6672.1,6711.9
1585929600,6713.34,6810.24,6602.1,6768.15
1585944000,6768.14,6813,6667.33,6734.1
1585958400,6732.97,6802.94,6666.44,6696.19
1585972800,6696.51,6766.83,6685.2,6729.54
1585987200,6729.54,6900,6650.01,6697.01
1586001600,6696.68,6764.94,6665,6730.01
1586016000,6730.01,6807,6711.76,6747.35
1586030400,6747.35,6990.41,6730,6856.99
1586044800,6857.41,6895.54,6788.1,6797.03
1586059200,6797.37,6840,6744,6773.22
1586073600,6773.56,6843.59,6745.87,6776.6
1586088000,6777.11,6822.52,6758,6784.74
1586102400,6783.64,6840,6677.52,6792.99
1586116800,6792.39,6810,6721.58,6772.78
1586131200,6772.78,6888,6765,6843.82
1586145600,6843.83,7100.39,6843.83,7031.54
1586160000,7030.48,7148,7010,7099
1586174400,7099.01,7163,7030.02,7143
1586188800,7142.99,7309,7080,7265.86
1586203200,7265.86,7355.14,7183.66,7329.9
1586217600,7329.9,7454,7254.79,7322.07
1586232000,7322.08,7388,7226.07,7378.08
1586246400,7377.26,7440,7318.12,7381.01
1586260800,7381.03,7459.69,7260,7318.04
1586275200,7318.3,7388.04,7280.12,7287.55
1586289600,7287.62,7293.29,7077,7197.32
1586304000,7197.32,7388,7150,7353.41
1586318400,7352.7,7420,7282,7321.85
1586332800,7320.76,7342.91,7216.23,7292.92
1586347200,7292.26,7342.45,7200,7276.83
1586361600,7277.42,7349.99,7251.64,7306.09
1586376000,7307.6,7390,7290,7361.28
1586390400,7360.26,7371.92,7260,7286.34
1586404800,7286.35,7339.09,7234.96,7330
1586419200,7329.99,7349,7150,7183.98
1586433600,7184,7350,7108.08,7282.68
1586448000,7283.13,7314.12,7232,7262.85
1586462400,7262.85,7315,7241,7283.54
1586476800,7283.54,7295.75,7157.45,7175.78
1586491200,7175.77,7175.78,6870,6922.98
1586505600,6922.89,6958.22,6853.7,6898.24
1586520000,6898.24,6930,6739.98,6766.43
1586534400,6766.76,6948,6740.09,6900.31
1586548800,6900.13,6931.93,6818.88,6858.92
1586563200,6858.92,6920,6836.41,6907.82
1586577600,6907.08,6944.3,6860,6876.7
1586592000,6876.43,6896.78,6830,6878.21
1586606400,6878.38,6888.92,6802.8,6831.28
1586620800,6831.32,6859,6771.44,6803.22
1586635200,6803.22,6887.05,6760,6876.83
1586649600,6876.84,6906.26,6789,6806.49
1586664000,6806.5,6845.67,6780,6828.64
1586678400,6828.64,6878,6820,6847.18
1586692800,6846.83,7034.75,6846.66,7018.99
1586707200,7018.99,7177,7012,7112.13
1586721600,7112.13,7159.86,6885,6903.79
1586736000,6903.79,6903.79,6575,6675.52
1586750400,6675.53,6738.34,6638,6699.34
1586764800,6699.39,6833,6655.33,6771.01
1586779200,6771.01,6809.97,6603,6765.65
1586793600,6765.66,6803,6725,6772.74
1586808000,6772.72,6891.1,6772.67,6837.91
1586822400,6838.04,6918.41,6802.1,6885.07
1586836800,6885.29,6921.35,6815.77,6817.77
1586851200,6817.77,6878.01,6754.28,6827.82
1586865600,6827.78,6949,6797.41,6906.38
1586880000,6906.4,6978,6859.59,6918.18
1586894400,6918.18,6932.65,6825.15,6868.7
1586908800,6868.57,6918.52,6810.06,6906.56
1586923200,6906.56,6933,6858.63,6862.05
1586937600,6862.06,6880,6750,6783
1586952000,6782.86,6783.47,6680.1,6701.9
1586966400,6701.9,6773.89,6690,6730.01
1586980800,6730.01,6761.99,6605,6621.24
1586995200,6621.25,6667.94,6468.27,6651.87
1587009600,6651.69,6980,6621.35,6892.4
1587024000,6893.24,7147.28,6871.13,7023.99
1587038400,7023.98,7093,6930,7045.51
1587052800,7046.29,7095,6952.2,7070.79
1587067200,7071.01,7190,6970.03,7101.94
1587081600,7101.99,7138.26,7015.01,7086.18
1587096000,7086.18,7087.76,7015,7043.38
1587110400,7043.17,7126.33,7026.09,7074.61
1587124800,7075.23,7100,6972.98,7037.94
1587139200,7037.95,7090.39,7022.5,7072.71
1587153600,7071.48,7148.12,7015,7027.55
1587168000,7026.78,7109.99,7014.4,7086.8
1587182400,7085.86,7120,7077.44,7089.72
1587196800,7089.78,7120.93,7054.11,7104.52
1587211200,7104.52,7268.9,7078.74,7243.37
1587225600,7243.65,7255,7155.01,7211.2
1587240000,7211.2,7293.08,7199,7248.6
1587254400,7248.6,7266.15,7180,7229.96
1587268800,7229.27,7243.79,7100,7146.77
1587283200,7145.49,7186,7123.18,7163.19
1587297600,7162.66,7170,7055.6,7097.33
1587312000,7097.34,7170.58,7086,7134.28
1587326400,7134.25,7210,7104.28,7120.74
1587340800,7121.4,7187,7082,7161.03
1587355200,7161.55,7220,7154.01,7184.94
1587369600,7185.18,7188.32,6955.37,6966.55
1587384000,6965.42,7094.26,6912.34,7071.4
1587398400,7071.4,7087.85,6766.43,6768.88
1587412800,6768.94,6894.32,6751,6826.83
1587427200,6828.98,6917,6811.05,6857.92
1587441600,6857.92,6902,6830.29,6878.68
1587456000,6878.62,6892.9,6762,6793.29
1587470400,6792.79,6875,6782,6830.8
1587484800,6830.79,6940,6811.11,6864.92
1587499200,6863.95,6915.4,6830,6841.37
1587513600,6841.36,6888,6818,6862.24
1587528000,6862.24,6964.84,6842.53,6942.11
1587542400,6941.78,6974.57,6918.07,6955.8
1587556800,6955.81,7132,6928.43,7112.2
1587571200,7112.15,7156.38,7062.6,7085.57
1587585600,7085.56,7131.67,7079.41,7125.14
1587600000,7125.12,7183,7100,7113.27
1587614400,7113.27,7138,7020,7061.54
1587628800,7061.35,7144,7046.21,7133.39
1587643200,7133.89,7738,7108.23,7530.1
1587657600,7528.78,7600,7485,7522.01
1587672000,7522,7616.16,7420,7482.39
1587686400,7483.96,7550,7457.95,7523
1587700800,7522.95,7586.92,7491.59,7568.68
1587715200,7568.68,7615.96,7480,7494.03
1587729600,7494.03,7529,7388,7503.12
1587744000,7503.13,7544.17,7478.07,7521.58
1587758400,7521.65,7550,7467.09,7505
1587772800,7505,7512,7431.07,7480.78
1587787200,7480.68,7594,7480.68,7561.48
1587801600,7561.68,7601.5,7512,7532.97
1587816000,7532.35,7705,7513,7528.84
1587830400,7528.85,7566.59,7476.54,7542.81
1587844800,7542.82,7560,7500,7538.67
1587859200,7539.03,7583,7522.17,7565.71
1587873600,7565.71,7566.53,7525,7546.66
1587888000,7546.67,7678,7530,7660.4
1587902400,7660.39,7700,7480,7545.01
1587916800,7545.01,7658,7534.07,7646.63
1587931200,7647.46,7695,7577.27,7693.1
1587945600,7693.1,7792.02,7643.75,7733
1587960000,7733.01,7748.22,7630,7697.91
1587974400,7697.77,7738,7664.66,7717.89
1587988800,7717.89,7725,7606,7675.58
1588003200,7675.59,7720,7633.99,7698.32
1588017600,7698.74,7779,7680.32,7774.62
1588032000,7773.51,7780,7665,7701.29
1588046400,7701.6,7725,7659.12,7705.99
1588060800,7705.99,7753,7680,7728.62
1588075200,7728.62,7764.1,7665.21,7716.91
1588089600,7717.12,7746,7706.26,7717.04
1588104000,7716.84,7770,7703.91,7738.98
1588118400,7738.58,7850,7710.05,7815.3
1588132800,7815.38,7966,7800.56,7945
1588147200,7945,8174.85,7928,8126.98
1588161600,8126.97,8387.97,8119.6,8357.06
1588176000,8358.6,8952.89,8325.23,8721.22
1588190400,8721.22,8932,8681,8778.57
1588204800,8778.58,9300.87,8707.11,9288.98
1588219200,9289.97,9460,9011.54,9177.01
1588233600,9177.95,9222.91,8542.57,8839.63
1588248000,8837.98,8915,8696.55,8776.95
1588262400,8776.94,8859.11,8401,8836.01
1588276800,8836.01,8882.78,8573.98,8620
1588291200,8620,8762.04,8613.56,8675.35
1588305600,8675.1,8835.7,8674.01,8767.18
1588320000,8767.18,9059.18,8745.01,8995.66
1588334400,8995.73,9022,8716.28,8726.84
1588348800,8726.88,8780,8655.31,8727.82
1588363200,8727.97,8893.43,8663.28,8826.96
1588377600,8825.67,8856.4,8753,8834.08
1588392000,8834.29,8856.76,8782.62,8799.01
1588406400,8799,8887,8768,8834
1588420800,8834.84,8967.62,8834.84,8936.41
1588435200,8936.41,9010,8811,8878.11
1588449600,8878,8985,8860,8972.05
1588464000,8972.58,9200,8937,9132.95
1588478400,9133.25,9150.23,8911.35,8990.75
1588492800,8990.75,9140,8966.22,9045.5
1588507200,9045.62,9094,8712,8813
1588521600,8812.78,8906,8781.2,8872.34
1588536000,8871.31,8955,8790,8894.16
1588550400,8894.15,8936.1,8630.55,8730.84
1588564800,8730.85,8741.99,8522,8648.41
1588579200,8648.42,8716.8,8594.26,8672.36
1588593600,8672.57,8860,8646.52,8848
1588608000,8848,8887,8743.58,8830.14
1588622400,8828.94,8950,8825,8871.96
1588636800,8871.92,8928.35,8815,8850
1588651200,8850,9118.58,8849.97,9013.55
1588665600,9013.66,9085,8760,8844.73
1588680000,8845.64,8950,8806.12,8842.34
1588694400,8842.72,8938,8818.41,8905
1588708800,8905.01,9044,8887,9021.83
1588723200,9021.36,9069,8906.21,8979.73
1588737600,8979.74,9050,8960.69,9018.18
1588752000,9018.05,9349,8995.93,9313
1588766400,9313.96,9380,9125,9273.39
1588780800,9273.4,9315.23,9190.51,9237.73
1588795200,9237.74,9395,9079,9142.92
1588809600,9143.4,9374.93,9021,9290.39
1588824000,9290.21,9323.51,9230.9,9309.92
1588838400,9308.56,9340,9247.1,9280.01
1588852800,9280.05,9590,9262,9515.51
1588867200,9516.43,9950,9503.34,9863.93
1588881600,9863.93,10067,9721.01,9986.4
1588896000,9986.3,10035.96,9822.5,9930.69
1588910400,9930.69,9933.94,9705,9810.14
1588924800,9810.34,9964.99,9807.98,9899.75
1588939200,9899.35,10006.98,9780,9941.21
1588953600,9942.07,9995,9860.52,9945.99
1588968000,9946,10000.52,9780,9800.01
1588982400,9800.02,9914.25,9728.46,9863.02
1588996800,9863.02,9878.99,9561,9592.77
1589011200,9594.7,9718.97,9520,9638.85
1589025600,9638.85,9719.22,9600.6,9688.62
1589040000,9688.55,9795,9672,9744.77
1589054400,9745.11,9773.09,9525,9539.4
1589068800,9539.1,9574.83,8117,8622.78
1589083200,8622.73,8835,8470.3,8812.28
1589097600,8812.27,8900,8645,8737.35
1589112000,8736.57,8817,8560,8650.96
1589126400,8652.27,8686.87,8255,8502.94
1589140800,8500.66,8837.28,8500.66,8722.77
1589155200,8722.77,8805.14,8658.56,8696.64
1589169600,8696.24,8732.23,8613.01,8664.32
1589184000,8664.32,8990,8478,8927.43
1589198400,8926.17,9168,8725.35,8882.96
1589212800,8882.97,8924.48,8200,8746.86
1589227200,8745.25,8807,8459.28,8561.52
1589241600,8562.04,8742.43,8528.78,8716.07
1589256000,8716.75,8785,8614.98,8656.05
1589270400,8655.76,8828.72,8632.93,8800.92
1589284800,8800.91,8944.72,8659,8867.72
1589299200,8867.72,8978.26,8775,8792.19
1589313600,8792.19,8851.92,8730.06,8810.79
1589328000,8810.99,8972.46,8792.99,8912.19
1589342400,8911.99,8940.58,8859.25,8867.2
1589356800,8867.2,9048.62,8826.72,9035.98
1589371200,9036.38,9188,8982.75,9136.85
1589385600,9136.85,9165.73,9036.2,9151.24
1589400000,9151.25,9398,9136.75,9309.37
1589414400,9309.35,9386.62,9256.76,9352.38
1589428800,9352.38,9547,9267,9508.56
1589443200,9508.56,9939,9467.5,9686.71
1589457600,9686.71,9759.99,9541.01,9748.98
1589472000,9748.99,9783.01,9569.47,9660
1589486400,9658.59,9874.3,9599.84,9791.98
1589500800,9791.97,9845.62,9256.12,9472.97
1589515200,9472.97,9729.81,9370.38,9674.33
1589529600,9673.45,9710,9480,9592.38
1589544000,9593.53,9616.65,9413.93,9475.53
1589558400,9476.33,9534.78,9331.66,9337.83
1589572800,9337.86,9487.58,9150,9316.42
1589587200,9315.96,9458.16,9220,9405.68
1589601600,9405.68,9588,9367.13,9390.02
1589616000,9390.03,9458,9315,9414.53
1589630400,9414.54,9534.85,9330,9380.75
1589644800,9380.42,9419,9262,9329.78
1589659200,9329.78,9442.98,9294.17,9381.27
1589673600,9380.81,9579.16,9322.1,9545.58
1589688000,9544.49,9573.63,9475,9540.99
1589702400,9540.98,9554.73,9436,9522.08
1589716800,9522.5,9888,9521.45,9822.32
1589731200,9822.64,9840,9685,9771
1589745600,9771.29,9798.49,9595.2,9680.04
1589760000,9681.11,9950,9680.13,9860.51
1589774400,9860.51,9910,9730,9785.71
1589788800,9785.7,9796.91,9464.23,9634.89
1589803200,9634.89,9735,9565.1,9670.96
1589817600,9670.97,9720,9550.01,9701.7
1589832000,9701.7,9755,9650,9733.93
1589846400,9733.93,9742.95,9493.03,9530
1589860800,9530.51,9625,9474,9573.99
1589875200,9573.99,9897.21,9570.11,9751.98
1589889600,9752.24,9762,9561,9687.06
1589904000,9687.06,9729.35,9622.33,9644.13
1589918400,9644.92,9794,9620.49,9775.53
1589932800,9775.13,9800,9707,9724.4
1589947200,9724.09,9842,9651,9764.51
1589961600,9764.51,9810,9715,9731.21
1589976000,9731.22,9799,9326,9414.5
1589990400,9414.51,9547.32,9352.27,9531.99
1590004800,9531.99,9598,9435.87,9511.43
1590019200,9511.43,9578.47,9447.26,9483.37
1590033600,9483.37,9532.39,9400,9457.83
1590048000,9457.88,9505.57,9228,9389.97
1590062400,9389.97,9395.43,8949.74,9084.38
1590076800,9082.5,9135.09,8815,9065.53
1590091200,9065.81,9164.99,9011.21,9068.65
1590105600,9067.51,9133.62,8953.91,8995.55
1590120000,8995,9120,8933.52,9081.81
1590134400,9081.81,9206.92,9044.94,9166
1590148800,9166,9222.95,9079.78,9222.69
1590163200,9222.95,9271,9141.51,9173.72
1590177600,9173.72,9215,9130.6,9170
1590192000,9170,9307.85,9169.99,9286.61
1590206400,9286.11,9300,9207.38,9255.28
1590220800,9255.7,9255.7,9096.07,9172.25
1590235200,9172.26,9220,9070,9198.78
1590249600,9198.78,9209.06,9125,9180.98
1590264000,9180.97,9247.63,9152.44,9179.15
1590278400,9179.01,9231,9120.77,9192.76
1590292800,9192.77,9297,9184,9255.53
1590307200,9255.54,9298,9100,9119
1590321600,9119,9179.31,9000,9055.74
1590336000,9055.6,9055.61,8853.21,9018.45
1590350400,9017.37,9080.99,8700,8720.34
1590364800,8718.14,8822.9,8642.72,8786.57
1590379200,8786.57,8874.41,8761.07,8867.31
1590393600,8867.31,8881.24,8668.29,8752.41
1590408000,8753.2,8857,8728.41,8782.44
1590422400,8781.22,8979.66,8762.27,8928.06
1590436800,8928.06,8950,8860.98,8900.35
1590451200,8900.35,8930,8822.74,8903.76
1590465600,8903.75,8965,8860.05,8957.49
1590480000,8956.83,9017.67,8832.38,8869.15
1590494400,8869.32,8914.56,8705,8726.6
1590508800,8726.6,8820,8700,8800
1590523200,8800,8880,8799.99,8841.18
1590537600,8841,8897.8,8811.73,8828.9
1590552000,8829.12,8887.75,8825,8844.28
1590566400,8844.89,9170,8844,9150.74
1590580800,9148.87,9225,9120,9148
1590595200,9148.01,9218.92,9135.88,9159.99
1590609600,9159.99,9205.42,9052.32,9204.07
1590624000,9204.07,9280.78,9155.67,9172.91
1590638400,9171.6,9201.72,9120.01,9150.44
1590652800,9150.06,9280,9110,9266.89
1590667200,9267.22,9518,9251.65,9499.81
1590681600,9499.81,9537.8,9391.38,9452.25
1590696000,9452.24,9625.47,9410.01,9575.89
1590710400,9575.87,9605.26,9461.07,9521.26
1590724800,9521.26,9553.47,9471.99,9523.5
1590739200,9523.63,9593.69,9335,9403.87
1590753600,9403.98,9478,9330,9412
1590768000,9412.55,9457.69,9393.29,9404.98
1590782400,9404.99,9452.36,9372,9427.07
1590796800,9426.6,9433.48,9331.23,9396.18
1590811200,9396.63,9600,9391.63,9528.69
1590825600,9528.73,9583,9459.93,9554.17
1590840000,9554.51,9570,9495,9540.6
1590854400,9540.6,9554.98,9512.04,9535.14
1590868800,9535.13,9740,9400,9697.72
1590883200,9697.72,9700,9552.92,9576.79
1590897600,9576.78,9613.65,9516.38,9565.13
1590912000,9565.13,9605.69,9500,9588.96
1590926400,9588.95,9638,9436.96,9480
1590940800,9480.41,9536.69,9460,9514.74
1590955200,9514.73,9525.22,9381.41,9448.27
1590969600,9448.27,9571.66,9421.67,9555.79
1590984000,9556.14,9619,9526.2,9571.47
1590998400,9571.18,9581.99,9511,9513.22
1591012800,9512.8,9590.26,9491.45,9546.98
1591027200,9548.18,9612.76,9536.99,9572.48
1591041600,9572.5,10380,9558.57,10200.77
1591056000,10202.71,10228.99,10041.59,10096.86
1591070400,10096.87,10134.27,10070.03,10118.86
1591084800,10119.12,10156.78,10090,10115.56
1591099200,10116.68,10190,9266,9468.81
1591113600,9468.08,9540,9424.17,9508.83
1591128000,9507.69,9552.91,9400,9518.04
1591142400,9518.02,9540,9469.63,9491.99
1591156800,9491.58,9539,9365.21,9506.32
1591171200,9506.94,9622.01,9492.06,9618.57
1591185600,9617.92,9646.43,9486.05,9559.29
1591200000,9560.17,9622.44,9529,9577.18
1591214400,9577.18,9690,9558.24,9666.24
1591228800,9666.32,9687.93,9600.01,9665.37
1591243200,9665.36,9677.46,9617.27,9649.6
1591257600,9649.59,9653.27,9450,9622.08
1591272000,9622.18,9840.79,9605,9829.39
1591286400,9829.4,9881.63,9725,9817.64
1591300800,9817.65,9860,9728.1,9789.06
1591315200,9788.14,9846.16,9750,9796.59
1591329600,9797.04,9826.33,9725,9774.64
1591344000,9774.27,9854.75,9581,9696.6
1591358400,9697.79,9727.97,9624.24,9711.75
1591372800,9711.76,9755.82,9693.13,9725
1591387200,9724.99,9735.43,9619.47,9621.16
1591401600,9621.17,9644.34,9531.05,9636.18
1591416000,9636.17,9640,9580,9609.84
1591430400,9609.85,9699,9580,9693.85
1591444800,9693.85,9735,9625.33,9651.67
1591459200,9651.59,9677,9583.93,9657.39
1591473600,9658.15,9729.74,9633.7,9666.3
1591488000,9666.85,9701.61,9624,9685.69
1591502400,9685.79,9717,9597,9658.99
1591516800,9658.99,9679.89,9555,9575.59
1591531200,9576.57,9602.9,9372.46,9500.03
1591545600,9500.04,9800,9454.98,9773.81
1591560000,9775.51,9802,9675.55,9746.99
1591574400,9746.99,9779.99,9698.06,9725.83
1591588800,9725.48,9760,9714.78,9727.51
1591603200,9727.51,9800,9633,9742.69
1591617600,9742.68,9751.78,9651,9705.51
1591632000,9706.3,9746,9661,9694.65
1591646400,9694.64,9800,9676.58,9782.01
1591660800,9782,9877,9570,9679.22
1591675200,9678.95,9706.87,9653.75,9681.75
1591689600,9681.81,9728,9624.53,9721.24
1591704000,9721.23,9748.95,9672,9719.89
1591718400,9719.89,9744.51,9681.94,9731.15
1591732800,9731.15,9829,9694,9772.43
1591747200,9772.44,9810,9735.59,9754.5
1591761600,9754.5,9790,9720,9747.89
1591776000,9747.88,9765.79,9706.04,9729.6
1591790400,9728.41,9779,9720,9758.33
1591804800,9758.32,9992.72,9704.18,9852.18
1591819200,9852.17,9913,9821.95,9885
1591833600,9885.22,9964,9860,9889.17
1591848000,9889.16,9906,9758,9796.47
1591862400,9796.29,9821.91,9755.52,9788.57
1591876800,9787.58,9796.29,9502,9521.11
1591891200,9521.54,9569.97,9113,9280.93
1591905600,9280.93,9375.01,9230,9280.4
1591920000,9278.88,9396,9232.51,9363.44
1591934400,9364.15,9463,9345.4,9439
1591948800,9439.48,9516.95,9433.73,9495.6
1591963200,9495.6,9557.12,9360.81,9417.81
1591977600,9417.98,9457.99,9301,9431.21
1591992000,9431.11,9488.15,9409.85,9465.13
1592006400,9464.96,9477.18,9398.49,9408.54
1592020800,9408.54,9448.99,9362.08,9437.9
1592035200,9437.69,9470,9380,9405.1
1592049600,9405.13,9468,9390.05,9437.42
1592064000,9437.42,9494.73,9386.21,9404.08
1592078400,9404.13,9480.46,9351,9473.34
1592092800,9473.34,9480.99,9425.15,9434.81
1592107200,9434.81,9444.46,9380,9414.63
1592121600,9414.55,9443.46,9388,9426.34
1592136000,9426.61,9438.71,9311.02,9419.36
1592150400,9419.36,9431.74,9366.66,9394.04
1592164800,9394.05,9409.88,9245,9342.1
1592179200,9342.1,9370.81,9122,9163.99
1592193600,9164.09,9225.85,8910.45,9123.3
1592208000,9123.3,9165,9068,9117.69
1592222400,9117.69,9310.96,9043.19,9298
1592236800,9298.01,9450,9281.81,9418.57
1592251200,9418.57,9495,9392.18,9426.02
1592265600,9426.05,9582.05,9373.09,9562.51
1592280000,9562.52,9577.33,9455,9504.09
1592294400,9504.1,9543.47,9464.01,9509.94
1592308800,9509.17,9589,9400,9452.62
1592323200,9452.18,9512.31,9430,9507.52
1592337600,9507.87,9537.5,9478.61,9525.59
1592352000,9526.97,9535.43,9420,9460.37
1592366400,9460.36,9534,9435,9513
1592380800,9513,9525,9466,9478.61
1592395200,9478.61,9565,9366.09,9399.24
1592409600,9399.2,9430.04,9298.4,9300.83
1592424000,9302.13,9473.33,9236.61,9465.14
1592438400,9465.13,9471.39,9401.41,9431.28
1592452800,9431.48,9455,9407.12,9440.34
1592467200,9440.82,9489,9380,9432.67
1592481600,9432.67,9445,9381,9385.99
1592496000,9385.99,9419.64,9335.5,9397.99
1592510400,9397.99,9416.65,9280,9386.32
1592524800,9386.32,9388.71,9215.79,9274.26
1592539200,9274.27,9335.02,9257.3,9299.52
1592553600,9299.53,9438.3,9274.2,9385.84
1592568000,9385.84,9423,9346.27,9383.32
1592582400,9383.35,9386.83,9267.81,9307.37
1592596800,9307.36,9354.4,9260,9310.23
1592611200,9310.23,9350,9286.97,9330.65
1592625600,9330.64,9333.42,9293.4,9302.88
1592640000,9303.41,9380,9170.95,9325.87
1592654400,9325.87,9335.07,9232.33,9259.78
1592668800,9258.82,9319.45,9241,9286.54
1592683200,9286.46,9395,9286.46,9358.95
1592697600,9358.95,9400,9344.13,9371.78
1592712000,9371.82,9422,9356.05,9368.98
1592726400,9369.46,9385.26,9331,9358.5
1592740800,9358.5,9393,9321.71,9373.33
1592755200,9373.33,9379.58,9302,9351.13
1592769600,9351.14,9354.29,9281.54,9294.69
1592784000,9294.69,9399.99,9277.09,9385.69
1592798400,9385.69,9450,9376.14,9419
1592812800,9419.01,9473.03,9399.8,9459.4
1592827200,9459.84,9509.73,9442.51,9492.26
1592841600,9492.25,9629.34,9474.13,9563.47
1592856000,9563.51,9780,9563.47,9685.69
1592870400,9685.69,9720,9604.04,9658.22
1592884800,9657.87,9667.86,9620.07,9663.63
1592899200,9663.63,9664.96,9577.03,9633.16
1592913600,9634.09,9692.42,9613.56,9691.99
1592928000,9691.99,9695,9638.89,9640.48
1592942400,9640.02,9660.98,9590,9624.89
1592956800,9624.33,9665,9612.88,9651.16
1592971200,9651.23,9670,9500,9512.82
1592985600,9512.82,9550,9313,9331.32
1593000000,9331.32,9430,9208,9249.93
1593014400,9249.97,9343.02,9238.96,9299
1593028800,9299,9328.46,9233.35,9296.49
1593043200,9298.33,9306.82,9009.69,9100.36
1593057600,9100.13,9198,9090.17,9173.48
1593072000,9173.7,9332.94,9173.55,9255.49
1593086400,9255.79,9269.7,9160.03,9236.77
1593100800,9236.88,9296.69,9212,9287.06
1593115200,9286.39,9340,9215,9249.49
1593129600,9249.49,9298,9182.5,9246.83
1593144000,9246.03,9272.12,9100.18,9146.09
1593158400,9147.2,9256.75,9091.55,9189.38
1593172800,9189.38,9232.5,9045.45,9152.01
1593187200,9152.16,9181.61,9091,9166.8
1593201600,9166.81,9218,9147.85,9162.21
1593216000,9162.21,9187.15,9105,9160.25
1593230400,9160.25,9196.24,9134.48,9174.25
1593244800,9174.37,9196,9120,9159.97
1593259200,9159.97,9178.16,9113,9130.76
1593273600,9130.82,9149.49,8833,8938.04
1593288000,8937.45,9099,8900.22,9012
1593302400,9012,9015,8948.06,8971.8
1593316800,8971.86,9034.65,8961.21,9023.09
1593331200,9023.42,9083.57,9003.09,9052.81
1593345600,9052.8,9179.05,9020.44,9159.42
1593360000,9159.27,9191,9102.5,9112.64
1593374400,9112.12,9146,9075.94,9116.35
1593388800,9116.16,9148.61,9083.52,9097.01
1593403200,9097.01,9134.24,9062.39,9096.95
1593417600,9096.91,9142,9061.26,9097.38
1593432000,9097.37,9135.36,9024.67,9124.75
1593446400,9124.43,9180,9102.03,9158.1
1593460800,9158.1,9238,9146.91,9192.56
1593475200,9192.93,9205,9155.06,9161.65
1593489600,9161.67,9178.87,9111.94,9144.88
1593504000,9144.34,9174,9113.55,9148.9
1593518400,9148.89,9189,9064.89,9169.57
1593532800,9169.99,9179.29,9095.12,9134.73
1593547200,9134.29,9172.44,9125,9138.55
1593561600,9138.08,9146.67,9080.1,9138.59
1593576000,9138.55,9162.85,9125.31,9135.37
1593590400,9135.37,9200,9133.1,9158.98
1593604800,9159.06,9268.38,9135.07,9263.94
1593619200,9263.83,9292,9232.7,9240.01
1593633600,9240.01,9259.97,9210.16,9232
1593648000,9231.99,9261.96,9215.12,9237.88
1593662400,9237.88,9260.84,9166.6,9208
1593676800,9208.33,9220,9170.01,9197.01
1593691200,9196.79,9257.72,9025,9048.92
1593705600,9048.92,9082.24,8940,9055.15
1593720000,9055.14,9150,9035,9086.54
1593734400,9086.54,9123.07,9064.67,9092.84
1593748800,9093.77,9118.36,9076.03,9105.05
1593763200,9105.25,9125,9038.7,9097
1593777600,9097,9122,9075,9100.39
1593792000,9100.38,9114,9067.67,9085.72
1593806400,9085.7,9104,9037.47,9058.26
1593820800,9057.79,9099,9045.34,9085.02
1593835200,9084.96,9095,9067.19,9073.54
1593849600,9073.6,9085,9051.43,9057.69
1593864000,9058.42,9085,9040.04,9066.01
1593878400,9066,9190,9061.55,9129.31
1593892800,9129.31,9146.86,9108.33,9135.46
1593907200,9135,9145.24,9112.38,9129.8
1593921600,9128.98,9132.44,9040,9061.99
1593936000,9062.17,9074.85,8980,9034.48
1593950400,9034.54,9068,8997.93,9028
1593964800,9028.25,9053.64,9018.05,9029.23
1593979200,9029.23,9108.46,8893.03,9069.41
1593993600,9069.41,9119.12,9055.92,9087.91
1594008000,9087.91,9240,9078.68,9200.08
1594022400,9200.08,9229.96,9172,9222.96
1594036800,9223,9320,9195.71,9305.02
1594051200,9305.02,9349,9262.44,9289.65
1594065600,9289.62,9375,9255.92,9344.2
1594080000,9342.47,9379.42,9256.4,9295.58
1594094400,9295.58,9307.53,9238,9262.01
1594108800,9262.02,9275.33,9220.04,9270.52
1594123200,9270.52,9290.28,9236,9275.66
1594137600,9275.64,9284.07,9230,9238.5
1594152000,9238.5,9270,9203,9257.39
1594166400,9257.4,9322.59,9231,9311.23
1594180800,9311.23,9320,9253.51,9284.15
1594195200,9284.14,9310,9238,9309.83
1594209600,9309.83,9470,9284,9411.72
1594224000,9411.38,9445,9381.6,9430
1594238400,9430,9468,9406.48,9436.06
1594252800,9436.06,9440.79,9360,9385.02
1594267200,9385.02,9419.61,9375.95,9402.32
1594281600,9402.58,9405,9326,9401.71
1594296000,9401.7,9432.92,9160,9208.58
1594310400,9208.58,9239.53,9185.33,9218.14
1594324800,9218.21,9253.9,9206.62,9232.43
1594339200,9232.42,9237.55,9193.11,9222.7
1594353600,9222.62,9227.46,9125,9154.99
1594368000,9154.99,9205.26,9153.38,9161.49
1594382400,9161.49,9249,9160.59,9245.92
1594396800,9245.91,9252.41,9206,9235.57
1594411200,9235.58,9317.48,9210,9288.34
1594425600,9288.34,9299.28,9257.54,9268.2
1594440000,9268.19,9279.56,9253.13,9268.8
1594454400,9268.22,9269.98,9178.25,9200.37
1594468800,9200.37,9235.63,9195,9226.65
1594483200,9226.65,9253.79,9201.94,9205.11
1594497600,9205.1,9253,9201.55,9234.03
1594512000,9234.02,9294,9230.61,9272.47
1594526400,9272.47,9286.69,9242.9,9255.92
1594540800,9255.95,9273.2,9241.51,9245.28
1594555200,9245.28,9345,9182,9215.69
1594569600,9215.75,9235,9157.5,9220.28
1594584000,9220.28,9327,9212.83,9302.75
1594598400,9303.31,9321.34,9265.53,9271.99
1594612800,9271.99,9291,9244.55,9270.01
1594627200,9270.01,9318,9264.17,9309.04
1594641600,9309.03,9343.82,9278,9290.38
1594656000,9290.38,9323,9200.89,9235.07
1594670400,9234.56,9271.85,9217.76,9242.62
1594684800,9242.61,9246.72,9211.25,9217.11
1594699200,9217.16,9218.59,9151,9181.01
1594713600,9181.2,9238.59,9113,9232.95
1594728000,9232.81,9242,9182.02,9219.21
1594742400,9219.27,9275,9209.37,9268.92
1594756800,9268.89,9279.54,9235.79,9255.85
1594771200,9255.85,9276.49,9227.71,9234.85
1594785600,9234.86,9249.47,9218.67,9231.21
1594800000,9231.2,9249.98,9188,9219.27
1594814400,9219.22,9248,9197,9204.98
1594828800,9204.98,9225.06,9160.57,9185.46
1594843200,9185.46,9237.27,9179.06,9197.6
1594857600,9197.6,9226.15,9177.77,9203.59
1594872000,9203.58,9216.82,9084,9123.69
1594886400,9123.69,9140,9047.25,9081.61
1594900800,9081.62,9130.1,9069.31,9125.26
1594915200,9125.25,9153,9112.09,9126.13
1594929600,9126.13,9147.9,9091.1,9133.72
1594944000,9133.72,9142.06,9105.11,9119.81
1594958400,9119.81,9133.93,9089.81,9109.94
1594972800,9109.94,9142.07,9095.23,9138.92
1594987200,9138.92,9186.83,9138.92,9148.37
1595001600,9148.16,9170,9128,9164.75
1595016000,9164.74,9180,9144.05,9154.32
1595030400,9154.31,9168.88,9121.1,9135.02
1595044800,9135.01,9146.34,9127.73,9132.37
1595059200,9132.36,9219.3,9123.92,9159.9
1595073600,9159.91,9175,9153.42,9169.57
1595088000,9169.57,9200,9147.92,9163.84
1595102400,9163.85,9179.29,9156.49,9170.28
1595116800,9170.3,9180.79,9140.38,9153.41
1595131200,9153.41,9160,9139.27,9154.78
1595145600,9154.79,9156.2,9101.35,9124.41
1595160000,9124.41,9136.81,9110,9119.89
1595174400,9120.59,9171.11,9116.31,9165.44
1595188800,9165.45,9232.27,9153.27,9208.99
1595203200,9208.99,9221.52,9174.35,9191.99
1595217600,9191.98,9194.31,9171.22,9180.72
1595232000,9180.72,9190,9131,9147.75
1595246400,9147.72,9179.75,9140.82,9173.75
1595260800,9173.82,9203.6,9146.43,9158.65
1595275200,9158.64,9185,9141.19,9160.78
1595289600,9160.78,9195.41,9152.8,9180.83
1595304000,9180.71,9353,9173.34,9315.29
1595318400,9315.28,9350,9302.55,9344.63
1595332800,9344.64,9437.73,9325,9338
1595347200,9337.99,9391.83,9318.35,9354.35
1595361600,9354.35,9391.25,9352.27,9390
1595376000,9390,9392.82,9349.46,9359.06
1595390400,9359.05,9367.5,9261,9302
1595404800,9302,9354.58,9291.22,9344.68
1595419200,9344.69,9354,9311.11,9338.14
1595433600,9338.14,9385,9325.27,9373.88
1595448000,9373.88,9544,9360,9518.16
1595462400,9518.16,9533.7,9461,9491.99
1595476800,9492,9509.97,9462,9491.67
1595491200,9491.66,9527,9480,9507.01
1595505600,9507.01,9585,9440.33,9524.99
1595520000,9525,9664,9510.67,9595.8
1595534400,9595.67,9610,9567.24,9603.27
1595548800,9603.27,9606.83,9535.75,9561.55
1595563200,9561.59,9571.04,9463.44,9508.02
1595577600,9508.02,9560,9477.35,9532.09
1595592000,9532.09,9566.38,9497.44,9551.68
1595606400,9551.69,9589,9520,9581.76
1595620800,9581.76,9637,9513,9537.8
1595635200,9538.1,9623.51,9513,9581.58
1595649600,9581.59,9624.13,9564.82,9568.5
1595664000,9568.5,9606.9,9559.84,9574.29
1595678400,9574.29,9610.92,9552.29,9593.19
1595692800,9593.2,9708.81,9573.61,9674.14
1595707200,9674.14,9732.9,9668.88,9700.42
1595721600,9700.42,9704.08,9650,9677.69
1595736000,9677.69,9736,9660.35,9716.54
1595750400,9716.53,10111,9702.97,9970.87
1595764800,9970.86,9990,9810.5,9961.83
1595779200,9961.83,9988,9845.2,9866
1595793600,9866,9940,9840.9,9931.54
1595808000,9931.54,10315,9917.21,10248.84
1595822400,10248.85,10319.89,10138.86,10157.95
1595836800,10157.95,10328,10120,10255.92
1595851200,10255.93,10440,10223.2,10299.9
1595865600,10299.99,10950,10294.42,10792
1595880000,10792,11394.86,10680,11029.96
1595894400,11029.96,11242.23,10828,10971.42
1595908800,10970.88,11045.31,10835,10881.62
1595923200,10881.62,11023,10565,10983.9
1595937600,10983.89,11180,10907,11150.26
1595952000,11150.25,11176.61,10840,10993.97
1595966400,10993.98,11050,10856.17,10906.27
1595980800,10906.27,11000,10831.55,10978.27
1595995200,10978.02,11079.97,10812,11015.11
1596009600,11015.29,11149.66,10916,11101
1596024000,11101,11296.74,10970.2,11162.01
1596038400,11161.86,11282.82,11105,11204.59
1596052800,11204.95,11342.82,11042.82,11100.53
1596067200,11100.52,11121.5,10937,10983.56
1596081600,10983.56,11045,10893.3,10941.64
1596096000,10941.64,11010.31,10887.28,10926.03
1596110400,10925.82,11040.01,10831,11010.73
1596124800,11010.73,11136,10971.48,11116.82
1596139200,11116.82,11170,11057.81,11099.61
1596153600,11099.79,11135.2,10960,10977.08
1596168000,10976.26,11153.3,10974,11131.11
1596182400,11131.11,11226,11087.12,11218.86
1596196800,11218.86,11370,11111,11346.9
1596211200,11346.89,11444,11211.37,11317.26
1596225600,11316.77,11425,11279.44,11335.46
1596240000,11335.46,11405.93,11220,11366.16
1596254400,11366.16,11745,11335,11657.35
1596268800,11657.34,11730.92,11552.5,11657
1596283200,11657,11698.88,11490,11632.89
1596297600,11632.89,11850,11561,11769.59
1596312000,11769.09,11861,11653.06,11801.17
1596326400,11801.17,12000,11740,12000
1596340800,11999.96,12123.46,10518.5,11323.78
1596355200,11325.95,11342.83,10931,11109.86
1596369600,11105.54,11179.1,10960,11083.63
1596384000,11083.62,11283.41,11064.01,11202.8
1596398400,11202.8,11219.48,11000,11071.35
1596412800,11071.36,11207.88,10936,11136.47
1596427200,11136.27,11244.99,11126.44,11197.11
1596441600,11196.93,11243,11120.69,11231.14
1596456000,11231.15,11385,11191.31,11382.37
1596470400,11382.37,11473,11324.92,11399.46
1596484800,11399.46,11416,11133.75,11219.81
1596499200,11219.68,11414.98,11215.66,11261.43
1596513600,11261.61,11327.13,11185,11291.84
1596528000,11291.85,11319.37,11000,11117.51
1596542400,11117.91,11233.64,11012.23,11210.91
1596556800,11210.91,11267,11130,11221.37
1596571200,11221.38,11269.45,11151.8,11191.97
1596585600,11191.99,11240.7,11093,11240.56
1596600000,11240.56,11325.71,11227.9,11278.18
1596614400,11278.18,11450,11274.84,11438.06
1596628800,11438.07,11693.94,11391.59,11661.3
1596643200,11662.01,11715,11611.53,11645
1596657600,11645,11780.93,11505,11744.91
1596672000,11744.91,11799,11600.36,11646.04
1596686400,11645.78,11680,11562.5,11628.51
1596700800,11628.51,11754.68,11626.49,11692.49
1596715200,11692.49,11878.26,11690.32,11837.56
1596729600,11837.56,11900,11777.03,11863.72
1596744000,11863.84,11886.16,11620,11762.46
1596758400,11762.47,11909.94,11735,11825
1596772800,11824.99,11844.08,11725.01,11779.98
1596787200,11779.87,11847,11680,11755.31
1596801600,11755.31,11770.65,11458,11641.7
1596816000,11641.69,11663,11322,11489
1596830400,11488.9,11640,11469.27,11594.23
1596844800,11594.36,11659.18,11526.68,11544.34
1596859200,11544.35,11623.23,11512,11586.07
1596873600,11586.08,11801.72,11562.17,11775.52
1596888000,11775.52,11808.27,11706.39,11738.1
1596902400,11738.39,11759.16,11585,11713.42
1596916800,11713.38,11783.69,11665.2,11761.41
1596931200,11761.02,11797.11,11672,11730.52
1596945600,11730.52,11741.29,11633,11704.07
1596960000,11704.07,11718.21,11605,11686.08
1596974400,11686.08,11687.85,11536.02,11567.43
1596988800,11567.42,11674.56,11521.97,11628.98
1597003200,11629.01,11695,11623.46,11681.68
1597017600,11681.69,12067.35,11681.68,12009.4
1597032000,12009.4,12049.5,11922.91,11968.89
1597046400,11968.89,12006.29,11450,11733.03
1597060800,11733.13,11968,11705.51,11920.67
1597075200,11920.66,11950,11811,11863.03
1597089600,11863,11892.92,11766,11892.92
1597104000,11892.9,11935,11811.48,11833.81
1597118400,11833.81,11861.67,11705,11748.05
1597132800,11748.05,11768.81,11642.45,11741.48
1597147200,11741.47,11741.47,11372,11480.79
1597161600,11480.78,11559.97,11285,11387.05
1597176000,11387.05,11423.02,11125,11392.08
1597190400,11392.09,11420,11219.16,11380.89
1597204800,11380.89,11476.41,11150,11446.91
1597219200,11446.91,11536,11419.99,11460.44
1597233600,11460.44,11617.52,11421.55,11581.45
1597248000,11581.54,11615,11470,11568.98
1597262400,11568.98,11595,11482.57,11564.33
1597276800,11564.34,11656.99,11522.47,11567.21
1597291200,11567.21,11589,11490.52,11513.43
1597305600,11513.43,11622.1,11270.36,11552.11
1597320000,11552.12,11585.01,11382.56,11499.78
1597334400,11499.79,11541.8,11442.34,11506.17
1597348800,11506.18,11792.96,11506.17,11780
1597363200,11779.77,11828,11653,11723.23
1597377600,11723.24,11759,11634.03,11696.98
1597392000,11697.36,11774.99,11662,11760.81
1597406400,11760.81,11762.32,11635.02,11740.35
1597420800,11740.35,11850,11706.43,11801.94
1597435200,11801.94,11825.36,11701,11760.54
1597449600,11760.55,11980,11759.69,11888.67
1597464000,11888.67,11922,11811,11891.32
1597478400,11891.32,11934.55,11815.82,11843.02
1597492800,11843.03,11895.97,11680,11851.99
1597507200,11851.98,11901.42,11810.5,11837.11
1597521600,11837.1,11977,11745,11852.4
1597536000,11852.4,11930,11768.78,11928.99
1597550400,11928.99,11931.72,11853.09,11858.89
1597564800,11858.89,11885.44,11723.19,11750.65
1597579200,11750.65,11877.05,11686,11859.91
1597593600,11859.91,11898.88,11801.31,11818.3
1597608000,11818.11,11916.16,11790.03,11911
1597622400,11910.99,11933.15,11769.78,11844.71
1597636800,11844.72,11858.91,11785.23,11807.21
1597651200,11806.94,11920,11806.91,11908.65
1597665600,11908.67,12455,11780,12421.55
1597680000,12421.84,12468,12262.78,12328.53
1597694400,12328.53,12406.86,12210,12281.13
1597708800,12281.15,12387.77,12269.73,12299.43
1597723200,12299.43,12310,12192,12260.77
1597737600,12260.91,12296.69,12157.24,12170.43
1597752000,12165.76,12259.99,11817.93,11934.41
1597766400,11934.41,12040,11850.02,11982
1597780800,11981.99,12087,11942.8,11945.01
1597795200,11945.1,12020.08,11822,11837.11
1597809600,11837.11,11874.24,11612.71,11823.34
1597824000,11823.34,11865,11733.01,11842.48
1597838400,11842.15,11914.67,11700,11726.5
1597852800,11726.38,11800,11639.81,11649.84
1597867200,11649.79,11773.57,11561,11754.59
1597881600,11754.38,11825.78,11690.75,11699.79
1597896000,11699.79,11792.62,11668,11703.88
1597910400,11703.88,11817.13,11685,11817.13
1597924800,11817.14,11888,11738.81,11854.35
1597939200,11854.34,11880.01,11814.34,11843.09
1597953600,11843.09,11880,11804.67,11853.55
1597968000,11853.54,11878,11778.44,11866.58
1597982400,11866.58,11870,11805.55,11838.07
1597996800,11838.08,11838.19,11688.04,11715.61
1598011200,11715.6,11774.92,11626,11720
1598025600,11720.01,11767.5,11605.42,11670.83
1598040000,11670.89,11710.79,11485.81,11531.34
1598054400,11531.23,11543.15,11376.81,11474.02
1598068800,11474.02,11589.56,11411.87,11579.61
1598083200,11579.6,11640,11544,11560.99
1598097600,11561,11642.81,11560.59,11583.1
1598112000,11583.1,11618.4,11553.77,11590.26
1598126400,11590.26,11686,11570.27,11662.96
1598140800,11663.51,11688.81,11584.6,11599.18
1598155200,11599.18,11623.5,11555.26,11616.46
1598169600,11616.46,11619.88,11514.13,11526.53
1598184000,11526.54,11669.89,11521.43,11653.25
1598198400,11653.26,11693.72,11619.61,11684.97
1598212800,11684.98,11718.07,11638.58,11648.13
1598227200,11648.12,11689,11585.09,11684.4
1598241600,11684.4,11775,11641.1,11758.58
1598256000,11758.57,11824.9,11758.57,11793.05
1598270400,11793.04,11820,11726.42,11764.03
1598284800,11764.04,11786.51,11699.04,11748.39
1598299200,11748.38,11790,11705.45,11748.2
1598313600,11748.19,11767.85,11656.54,11669.58
1598328000,11669.57,11699.98,11550,11586.41
1598342400,11586.41,11659.15,11510.57,11614.44
1598356800,11614.44,11614.44,11328.03,11419.41
1598371200,11419.42,11443.14,11117.64,11294
1598385600,11294,11388,11221.03,11318.42
1598400000,11318.42,11400,11250,11365.23
1598414400,11365.24,11395,11296.14,11348.06
1598428800,11348.05,11445.02,11327.09,11378.58
1598443200,11378.59,11500,11244,11475.92
1598457600,11475.92,11539.32,11428.93,11460.05
1598472000,11460.04,11507.16,11432.33,11461.43
1598486400,11461.42,11480.59,11359.14,11384.6
1598500800,11384.6,11414.7,11332.48,11406.17
1598515200,11406.17,11444.96,11301,11310.01
1598529600,11310.01,11592.2,11256.06,11323.22
1598544000,11323.21,11366.49,11125,11244.09
1598558400,11244.09,11341.71,11223.94,11330.38
1598572800,11330.38,11398.93,11276.89,11380.08
1598587200,11380.09,11444.96,11360.92,11379.63
1598601600,11379.63,11474.4,11354.63,11471.99
1598616000,11471.99,11534.06,11396.71,11529.63
1598630400,11529.3,11542.65,11462.45,11498.13
1598644800,11498,11535.72,11457.23,11526.91
1598659200,11526.9,11540.07,11462.51,11501.61
1598673600,11501.61,11580.02,11479.41,11558.28
1598688000,11558.28,11569.72,11417.04,11447.38
1598702400,11447.38,11516,11433.69,11500.99
1598716800,11500.98,11549,11475.81,11522.11
1598731200,11522.12,11534.98,11458.09,11465.84
1598745600,11465.84,11650,11458,11612.72
1598760000,11612.61,11626.53,11565.01,11592.91
1598774400,11592.9,11613.05,11548.78,11603.09
1598788800,11603.09,11665.11,11557.69,11616.2
1598803200,11616.21,11685,11580,11642.59
1598817600,11642.59,11719,11588.55,11711.16
1598832000,11711.17,11726.89,11667.85,11679.09
1598846400,11679.08,11705.99,11594.06,11618.65
1598860800,11618.64,11710,11570,11680.58
1598875200,11680.72,11800.77,11661.11,11742.16
1598889600,11742.15,11751.36,11690,11725
1598904000,11725,11731.49,11614.9,11649.51
1598918400,11649.51,11703,11515,11691.49
1598932800,11691.43,11940,11672.17,11923.74
1598947200,11923.74,11950,11834.01,11868.99
1598961600,11868.98,12044.67,11797.26,12039.33
1598976000,12039.33,12050.85,11947.19,11957.41
1598990400,11957.41,12050,11851,11921.97
1599004800,11921.97,11954.57,11825,11835.01
1599019200,11835.02,11900,11718.16,11722.84
1599033600,11723.59,11747.99,11160.1,11406.02
1599048000,11406.01,11470.65,11193.79,11329.67
1599062400,11329.66,11400,11234.65,11389.21
1599076800,11389.21,11439,11302,11388.54
1599091200,11388.54,11446.13,11331.49,11350.56
1599105600,11350.57,11422,11237,11400.84
1599120000,11400.44,11462.6,11180.97,11208.02
1599134400,11208.01,11249.97,10460,10670.28
1599148800,10670.28,10769.52,10550,10682.69
1599163200,10682.69,10794.62,9960.8,10140.85
1599177600,10138.29,10351.06,10068,10265.42
1599192000,10265.41,10338.98,10093.1,10295.59
1599206400,10295.59,10528.97,10292.48,10422.17
1599220800,10422.52,10497.84,9875.5,10424.67
1599235200,10424.67,10598,10303.56,10570.13
1599249600,10570.13,10627.05,10430.2,10446.25
1599264000,10446.25,10565.68,10383.96,10408.46
1599278400,10408.46,10500.44,10362.2,10406.77
1599292800,10406.77,10406.77,10123,10225.66
1599307200,10225.65,10347.87,9975,10273.89
1599321600,10274.13,10298.99,9825,9956.66
1599336000,9956.66,10200,9878.58,10166.69
1599350400,10166.69,10245.75,10052.92,10163.72
1599364800,10163.71,10250,9994.86,10230.37
1599379200,10230.36,10285,10165.29,10266.32
1599393600,10266.32,10300,10120.19,10173.37
1599408000,10173.44,10280,10141.28,10258.3
1599422400,10258.3,10347.14,10180.17,10256.2
1599436800,10255.89,10312,10180,10204.1
1599451200,10203.89,10240.82,10052.38,10113.56
1599465600,10113.81,10184.53,9995.08,10026.46
1599480000,10026.47,10166.66,9875,10144.01
1599494400,10144,10232,10124,10148.47
1599508800,10148.48,10410.75,10086.28,10373.44
1599523200,10373.45,10438,10295.57,10302.81
1599537600,10302.82,10318.97,10220,10264.5
1599552000,10264.29,10333.4,9930,9982.99
1599566400,9981.74,10153.96,9920.32,10098.58
1599580800,10098.58,10168.81,9935,9991.21
1599595200,9991.21,10218,9850,10126.65
1599609600,10126.66,10149.25,9981.01,10026.68
1599624000,10026.69,10197.57,10002.66,10190
1599638400,10190,10274.59,10140.22,10221.37
1599652800,10221.47,10280.62,10165.99,10246.11
1599667200,10246.11,10343,10200,10276.77
1599681600,10276.46,10298.1,10169.91,10219.2
1599696000,10219.29,10414.08,10070.83,10371.23
1599710400,10371.23,10418,10251,10275.29
1599724800,10275.22,10321.2,10230.31,10292.62
1599739200,10292.61,10483.35,10283.16,10414.16
1599753600,10414.15,10442,10250.02,10270.01
1599768000,10270.09,10355.37,10262.43,10336.87
1599782400,10336.86,10380.34,10209.75,10220.76
1599796800,10220.77,10291.94,10200,10260.75
1599811200,10260.76,10333.91,10250,10252.6
1599825600,10252.6,10331.79,10250.55,10318.76
1599840000,10318.77,10345.31,10267.67,10323.2
1599854400,10323.2,10397.6,10305.39,10387.89
1599868800,10387.89,10397.86,10322.03,10342.33
1599883200,10342.33,10370,10306.34,10343.98
1599897600,10343.97,10359.48,10320.18,10341.59
1599912000,10341.58,10380,10269.25,10359.99
1599926400,10360,10477.97,10348.89,10461.39
1599940800,10461.24,10473.33,10408,10440.92
1599955200,10440.67,10559.12,10400.04,10556.26
1599969600,10556.4,10580.11,10520,10542.27
1599984000,10542.27,10560,10303.28,10324.89
1599998400,10324.88,10352.21,10258,10280.14
1600012800,10280.15,10323.67,10200,10309.05
1600027200,10309.05,10332.84,10284.74,10332.83
1600041600,10332.84,10371.03,10240.34,10348.14
1600056000,10348.14,10404,10316.18,10399.32
1600070400,10399.31,10479,10212.34,10469.82
1600084800,10469.92,10706.91,10450.31,10698.03
1600099200,10698.03,10750,10640,10665
1600113600,10665,10747.36,10618.82,10671.77
1600128000,10671.77,10839,10650,10755.13
1600142400,10755.12,10784.23,10688.94,10741.37
1600156800,10741.37,10882,10606.48,10821.15
1600171200,10821.15,10930.04,10736.63,10784.46
1600185600,10785.23,10827.61,10700,10783.36
1600200000,10783.35,10886.39,10716.95,10785.31
1600214400,10785.23,10791.72,10661.22,10779.41
1600228800,10779.61,10939.6,10758.59,10915.49
1600243200,10916.09,10930,10827,10898.99
1600257600,10899,11016.69,10860,11004.99
1600272000,11004.99,11093,10960.03,10982.2
1600286400,10982.2,11047.84,10941.35,10954.01
1600300800,10954.01,11045.46,10869,10872.09
1600315200,10872.3,10929.99,10842.77,10882.39
1600329600,10882.38,10905,10781,10877.65
1600344000,10877.65,10885.47,10745.83,10838.31
1600358400,10838.3,10926.82,10794.23,10916.63
1600372800,10916.63,10968.95,10903.51,10939.99
1600387200,10940,10960,10883.2,10924.36
1600401600,10924.22,10985,10870.01,10954.14
1600416000,10954.14,11038.03,10925.62,10977.26
1600430400,10977.4,11003.09,10870.37,10899.37
1600444800,10899.42,10900,10812.84,10866.55
1600459200,10866.55,10944.79,10850,10933.39
1600473600,10933.4,10977.75,10929.88,10976
1600488000,10975.99,10980,10898.11,10900.29
1600502400,10900.28,11150,10887.37,11140
1600516800,11139.69,11179.79,11043,11090.56
1600531200,11090.57,11119.93,11011.31,11054.2
1600545600,11054.21,11087.99,11026.4,11080.65
1600560000,11080.64,11080.64,10899.33,10948.81
1600574400,10948.8,10995.31,10933,10962.61
1600588800,10962.6,10984,10925.27,10951.17
1600603200,10951.17,10958.18,10775,10834.58
1600617600,10834.62,10903.77,10723,10871.03
1600632000,10871.03,10938.02,10813.51,10920.28
1600646400,10920.28,10978,10894.42,10962.76
1600660800,10962.76,10988.86,10889,10902.58
1600675200,10902.58,10912.62,10580,10636.47
1600689600,10636.46,10638.1,10296.35,10418.76
1600704000,10418.77,10499,10356.54,10498.55
1600718400,10498.55,10533.46,10410,10417.22
1600732800,10417.22,10491.32,10353,10449.95
1600747200,10449.94,10502.79,10360,10372.9
1600761600,10372.91,10503,10372.9,10452.26
1600776000,10452.11,10520,10416,10451.07
1600790400,10451.06,10506.22,10447.53,10491.97
1600804800,10491.98,10572.71,10453,10529.61
1600819200,10529.61,10533.94,10471.72,10476.01
1600833600,10476,10490.84,10380.47,10428.64
1600848000,10428.63,10496.2,10403.95,10474.45
1600862400,10474.46,10537.15,10444.41,10453.2
1600876800,10453.02,10494.72,10255.53,10293
1600891200,10293,10324.3,10136.82,10241.46
1600905600,10241.46,10344.64,10190.93,10301.75
1600920000,10301.75,10356.47,10271,10341.68
1600934400,10341.69,10440,10283.89,10410.01
1600948800,10410,10557.19,10331.93,10545.36
1600963200,10545.07,10743.59,10540.02,10653.82
1600977600,10653.87,10795.24,10605,10736.32
1600992000,10736.33,10760.53,10663.14,10667.47
1601006400,10667.47,10703.12,10614.58,10686.94
1601020800,10686.93,10686.94,10556.66,10630
1601035200,10630,10684.09,10556.24,10647.61
1601049600,10647.62,10744.18,10625.16,10718.31
1601064000,10718.43,10754.21,10650,10686.67
1601078400,10686.57,10746.66,10644.68,10704.86
1601092800,10704.85,10820.94,10687.38,10705.84
1601107200,10705.84,10728.77,10661.7,10709.94
1601121600,10709.93,10742.02,10664.97,10721
1601136000,10721,10774.45,10682.78,10718.55
1601150400,10718.54,10751.12,10701.18,10728.6
1601164800,10728.59,10799,10720.02,10781.2
1601179200,10781.2,10794.99,10620,10671.28
1601193600,10671.28,10678,10608.67,10623.5
1601208000,10623.62,10766.41,10594.82,10754.82
1601222400,10754.82,10777,10700.73,10732
1601236800,10732.01,10784.61,10704.45,10774.25
1601251200,10774.26,10950,10774.26,10885.14
1601265600,10885.21,10916.6,10836,10854
1601280000,10854,10902.49,10830,10877.91
1601294400,10877.91,10941.99,10837.12,10901.9
1601308800,10901.89,10918.57,10836.08,10869
1601323200,10868.63,10888.59,10626,10696.12
1601337600,10696.11,10732.02,10656.82,10689.94
1601352000,10689.94,10747.88,10668.26,10726.99
1601366400,10727,10797,10707,10758.92
1601380800,10758.91,10790.98,10711.48,10725.94
1601395200,10725.94,10766,10635.87,10737.49
1601409600,10738.98,10867.54,10738.97,10840.48
1601424000,10840.58,10849.34,10737.01,10742.08
1601438400,10742.23,10765.78,10675.29,10706.68
1601452800,10706.56,10730,10665.13,10681
1601467200,10680.53,10793.8,10670,10777.39
1601481600,10777.39,10799,10681.73,10706.48
1601496000,10706.48,10785,10685.62,10776.59
1601510400,10776.59,10857.47,10776.59,10798.18
1601524800,10798.38,10844.71,10790.85,10824.75
1601539200,10824.75,10920,10811.52,10903.16
1601553600,10903.16,10908.23,10712,10716.23
1601568000,10716.23,10716.23,10437,10617.74
1601582400,10617.74,10634.98,10567.37,10619.13
1601596800,10619.13,10654.83,10584,10649.06
1601611200,10649.06,10664.64,10385.02,10490.88
1601625600,10490.88,10495,10374,10436.63
1601640000,10436.63,10600,10431.28,10512.74
1601654400,10512.74,10563,10492,10515.04
1601668800,10515.04,10580,10463.02,10570.4
1601683200,10570.4,10576.87,10521.88,10552.24
1601697600,10552.24,10563.24,10496.46,10527.75
1601712000,10527.75,10564,10498.97,10536.65
1601726400,10536.65,10553.83,10517.87,10541.98
1601740800,10541.97,10603.56,10535.04,10582.62
1601755200,10582.57,10588.43,10530,10542.06
1601769600,10542.07,10559.73,10517.87,10545.49
1601784000,10545.48,10637.35,10544.4,10612.83
1601798400,10612.83,10625,10570.47,10600.75
1601812800,10600.75,10622.45,10575,10591.45
1601827200,10591.45,10696.87,10581.26,10673.26
1601841600,10673.26,10690.75,10637.33,10666.63
1601856000,10666.62,10741.63,10655.64,10665.88
1601870400,10665.88,10695.81,10615.64,10686.31
1601884800,10686.31,10696.67,10658.95,10666.53
1601899200,10666.53,10777.37,10654.96,10726.02
1601913600,10726.01,10745.3,10680,10730.78
1601928000,10730.78,10798,10727.8,10792.21
1601942400,10792.2,10800,10738.08,10765.29
1601956800,10765.3,10784.02,10705.27,10711.15
1601971200,10711.15,10754.71,10650.46,10697.33
1601985600,10697.19,10760,10621,10735.01
1602000000,10735.01,10751.23,10537.99,10571.36
1602014400,10571.35,10615.24,10525,10599.66
1602028800,10599.65,10606.45,10546.17,10575.51
1602043200,10575.51,10630,10570.6,10618.69
1602057600,10618.69,10627.88,10569.99,10600.41
1602072000,10600.41,10649.37,10592,10629.6
1602086400,10629.7,10681.87,10601,10650.34
1602100800,10650.9,10673.59,10641,10666.39
1602115200,10666.4,10670.89,10616,10639.8
1602129600,10639.8,10645.09,10563.01,10592.21
1602144000,10592.22,10630.18,10530.41,10606.17
1602158400,10606.17,10935,10593.51,10896.96
1602172800,10896.96,10945,10842.65,10878.83
1602187200,10878.82,10950,10860,10925.57
1602201600,10925.44,10940.85,10861,10887.19
1602216000,10887.18,10902.74,10829,10894
1602230400,10893.99,11100,10864.05,11050.43
1602244800,11050.44,11104.64,11035.86,11086.58
1602259200,11086.15,11100,11012.19,11034.28
1602273600,11034.28,11092.76,11015,11050.64
1602288000,11050.64,11491,11050.51,11412.96
1602302400,11412.96,11424.32,11266,11381.3
1602316800,11381.35,11394.33,11215,11317.46
1602331200,11317.47,11413.66,11284.63,11349.2
1602345600,11349.2,11374.39,11308.05,11351.09
1602360000,11351.09,11376.47,11262.25,11293.22
1602374400,11293.22,11395.8,11270.7,11332
1602388800,11332.01,11373.97,11301,11350.01
1602403200,11350.01,11410,11327.05,11372.5
1602417600,11372.51,11445,11336.17,11405.47
1602432000,11405.46,11430,11315.01,11334.02
1602446400,11334.03,11395.32,11221,11369.02
1602460800,11369.02,11410.3,11345.56,11385
1602475200,11385.01,11413.9,11330.4,11379.34
1602489600,11379.34,11393.83,11172,11244.41
1602504000,11244.41,11590,11236.13,11549.38
1602518400,11549.39,11579.64,11526.89,11546.93
1602532800,11546.93,11720.01,11477,11528.25
1602547200,11528.24,11544.87,11413,11458.24
1602561600,11458.24,11520,11426.49,11452
1602576000,11452.21,11557,11370.55,11486.36
1602590400,11486.37,11507.2,11300,11385.15
1602604800,11385.15,11435.26,11340.78,11387.83
1602619200,11387.83,11460.16,11386.26,11420.56
1602633600,11420.57,11486.96,11390,11390
1602648000,11390,11427.62,11361,11415.04
1602662400,11415.03,11448,11357,11362.92
1602676800,11362.93,11547.98,11280,11320.76
1602691200,11320.76,11369.79,11287.01,11342.25
1602705600,11342.25,11434.47,11336.93,11417.89
1602720000,11417.89,11427.98,11354.46,11378.96
1602734400,11378.96,11422.93,11366.3,11396.83
1602748800,11396.82,11403.83,11250.83,11315.37
1602763200,11315.38,11416.15,11275.01,11398.22
1602777600,11398.6,11535,11363.37,11520.93
1602792000,11520.93,11617.34,11400.86,11505.12
1602806400,11505.13,11541.15,11470,11507.97
1602820800,11507.97,11507.97,11200,11305.87
1602835200,11305.87,11397.18,11212,11369.34
1602849600,11369.27,11394.69,11281.65,11331.19
1602864000,11331.19,11367.91,11299.87,11308.11
1602878400,11308.23,11349,11273.75,11319.32
1602892800,11319.24,11363.26,11272.48,11363.01
1602907200,11363,11379.92,11334.61,11344.98
1602921600,11344.99,11358.88,11308.63,11343.13
1602936000,11343.29,11402.42,11255,11337.54
1602950400,11337.54,11360,11300,11342.21
1602964800,11342.21,11373.18,11325,11360.2
1602979200,11360.31,11398,11346.22,11368.02
1602993600,11368.02,11464.99,11366.87,11455.4
1603008000,11455.4,11477.96,11398.41,11420.62
1603022400,11420.62,11482.24,11407.61,11446.68
1603036800,11447.05,11478.47,11429.88,11432.24
1603051200,11432.23,11505,11413.96,11503.14
1603065600,11503.14,11535,11407.96,11416.71
1603080000,11416.25,11467.1,11407.96,11462.39
1603094400,11462.39,11532.01,11447.23,11477
1603108800,11477,11820,11472.46,11800
1603123200,11800,11823.99,11661.61,11689.99
1603137600,11689.98,11775,11660.47,11751.47
1603152000,11751.46,11765.96,11677.59,11741
1603166400,11741,11849,11707.01,11735.46
1603180800,11735.45,11934,11702.13,11778.86
1603195200,11778.85,11985.98,11765,11926.4
1603209600,11926.02,12038.38,11881,11912.35
1603224000,11912.42,11961.16,11855,11909.99
1603238400,11910,12240,11886.95,12182.31
1603252800,12182.3,12295,12122.63,12198.15
1603267200,12198.14,12379,12129.72,12335
1603281600,12334.36,12840,12275.58,12735
1603296000,12735,12899.99,12617.48,12680.75
1603310400,12680.74,13217.68,12640.27,12780.96
1603324800,12780.75,12940,12684.3,12718.26
1603339200,12718.26,12823.67,12678.08,12751.55
1603353600,12751.54,13024.52,12700,12967.01
1603368000,12967.01,12975.58,12801,12930
1603382400,12930,13150,12915.22,13072.48
1603396800,13072.47,13185,12915,12968.52
1603411200,12968.84,13002.33,12831.13,12960.01
1603425600,12960.02,12990,12862.82,12883.62
1603440000,12883.61,13027.69,12851.11,12968.96
1603454400,12968.96,13012.06,12890.85,12921.09
1603468800,12921.1,12950.72,12720.08,12918.99
1603483200,12919.02,12974,12868.01,12923.07
1603497600,12923.06,13011.16,12870,12967.74
1603512000,12967.74,13000,12914.17,12924.79
1603526400,12924.79,12999,12906.42,12990.9
1603540800,12990.9,13166.73,12930,13100
1603555200,13100,13144.51,13025.42,13118.24
1603569600,13118.24,13129,13031.46,13111.73
1603584000,13111.73,13350,13067.39,13295.5
1603598400,13295.5,13343.2,12888,13027.24
1603612800,13027.24,13027.93,12895.09,12951.73
1603627200,12951.73,13016.18,12932,12940.74
1603641600,12940.51,13046.51,12910.54,13042.16
1603656000,13042.17,13047.8,12981.2,13028.83
1603670400,13029.64,13131.96,12971,13094.53
1603684800,13094.33,13151.51,13010,13037.08
1603699200,13037.08,13180,12930,13145
1603713600,13145.01,13238.81,12900,12978.41
1603728000,12978.4,13043.01,12765,13004.5
1603742400,13004.49,13086.42,12983.26,13052.19
1603756800,13052.15,13129.19,13019.87,13083.24
1603771200,13083.24,13160,13061.01,13144.58
1603785600,13144.59,13497,13084.72,13449.8
1603800000,13449.8,13631,13320.27,13609.24
1603814400,13609.24,13745,13500,13656.89
1603828800,13656.9,13789.29,13569.28,13636.17
1603843200,13636.16,13859.48,13601,13779.99
1603857600,13780,13825,13506,13664.37
1603872000,13664.36,13705.59,13306.01,13318.33
1603886400,13318.33,13374.87,12888,13221.26
1603900800,13221.26,13255,13000.01,13165.31
1603915200,13165.32,13307.35,13100,13266.4
1603929600,13266.4,13308.54,13167,13280.99
1603944000,13280.98,13326.39,13120.88,13138.87
1603958400,13138.87,13208.77,13041.18,13052.06
1603972800,13051.68,13481.56,12920.77,13436.95
1603987200,13436.94,13642.91,13395.99,13492.51
1604001600,13492.5,13549.91,13380.5,13455.7
1604016000,13455.69,13669.98,13285,13432.34
1604030400,13432.34,13497.74,13115,13218.96
1604044800,13218.96,13369.47,13147.66,13347.79
1604059200,13347.8,13550,13221.35,13549.98
1604073600,13549.6,13582,13462.41,13536.44
1604088000,13536.44,13666.66,13466,13560.1
1604102400,13560.1,13740,13411.5,13491.54
1604116800,13491.55,13613.87,13452.5,13576.14
1604131200,13576.14,14100,13572.4,13940
1604145600,13940,13941.21,13730,13852.02
1604160000,13852.01,13883.55,13675.13,13781.87
1604174400,13781.87,13890,13745.39,13791
1604188800,13791,13895,13641,13690.01
1604203200,13690.01,13809.16,13603,13792.51
1604217600,13792.51,13812,13655.01,13696.58
1604232000,13696.58,13860,13668.09,13800.01
1604246400,13800,13833.26,13761.87,13789.88
1604260800,13789.79,13864,13639.55,13761.5
1604275200,13761.49,13830,13648.09,13697.54
1604289600,13697.54,13759.26,13640,13740.99
1604304000,13740.99,13741,13357.42,13402.18
1604318400,13402.18,13541.85,13195.05,13499
1604332800,13498.6,13555.41,13447.81,13553.65
1604347200,13553.65,13700,13534.15,13549.37
1604361600,13549.63,13642,13310,13391.96
1604376000,13391.95,13454.01,13284.99,13444.3
1604390400,13443.3,13604,13404.45,13532.14
1604404800,13532.15,13798,13471,13710.38
1604419200,13710.39,13780,13680.34,13721.27
1604433600,13721.27,14066.11,13650,14023.53
1604448000,14023.53,14044.55,13700,13897.51
1604462400,13897.51,13928.26,13525,13600.46
1604476800,13600.46,13756.97,13569.51,13720.99
1604491200,13721,13925,13701,13911.47
1604505600,13911.47,14259,13881.05,14102.26
1604520000,14102.26,14250,13931.64,14144.01
1604534400,14144.01,14372.73,14093.56,14311.29
1604548800,14311.09,14508.25,14250,14475.87
1604563200,14476.18,14740,14337.45,14717.6
1604577600,14717.61,15148,14600,15080.26
1604592000,15080.25,15300,14550,15120.88
1604606400,15120.89,15750,14992.12,15590.02
1604620800,15590.02,15960,15388,15430.48
1604635200,15431.23,15783.62,15419.32,15733.3
1604649600,15731.56,15739,15274.05,15572.36
1604664000,15572.35,15710,15350,15411.27
1604678400,15410.42,15560,15398.01,15435.99
1604692800,15436,15675,15166,15579.92
1604707200,15579.93,15753.52,15489.97,15545.2
1604721600,15545.2,15617.49,15415,15444.41
1604736000,15444.33,15583.15,15388.03,15515.95
1604750400,15515.95,15550,15170,15337.91
1604764800,15338.47,15410,14560,14643.52
1604779200,14643.52,14949,14344.22,14818.3
1604793600,14818.3,15120,14703.88,14957.41
1604808000,14957.42,15092.18,14906.16,14931.53
1604822400,14931.71,15192.5,14848,15171
1604836800,15171.11,15443,15106.01,15353.48
1604851200,15353.49,15650,15239.08,15339.47
1604865600,15339.48,15534.88,15250,15475.1
1604880000,15475.1,15595,15374.26,15434.08
1604894400,15434.08,15491.37,15282.35,15303.26
1604908800,15303.27,15840,15140,15802.39
1604923200,15802.4,15808.4,14940.54,15000.96
1604937600,15000.96,15449.84,14805.54,15360
1604952000,15360,15492.67,15211.22,15328.41
1604966400,15328.41,15429,15182.06,15334.91
1604980800,15334.91,15441.18,15247.21,15274.74
1604995200,15274.75,15460,15155,15279.24
1605009600,15279.24,15393.65,15072.46,15167.49
1605024000,15167.12,15342,15111.2,15297.94
1605038400,15297.94,15394,15260.17,15297.21
1605052800,15297.21,15499.58,15272.68,15401.9
1605067200,15401.9,15441.37,15322.02,15400.51
1605081600,15400.5,15680,15363.37,15574.48
1605096000,15574.48,15718.91,15477,15667.27
1605110400,15667.5,15965,15639.21,15807.58
1605124800,15807.58,15886,15576.04,15684.24
1605139200,15684.25,15711.77,15440.64,15628.14
1605153600,15628.14,15945,15591.54,15862.75
1605168000,15862.75,16160.89,15600,15762.55
1605182400,15762.55,16144.5,15747.14,16125.01
1605196800,16125,16199,15882,16063.81
1605211200,16063.81,16340.7,16030.65,16291.86
1605225600,16291.85,16473.39,16263.06,16432.99
1605240000,16432.99,16480,16172.41,16253.3
1605254400,16253.31,16357.86,16070.17,16225
1605268800,16225,16310,16066.09,16100.17
1605283200,16100.16,16297.04,15952.35,16282
1605297600,16282,16355,16178,16320.7
1605312000,16320.04,16326.99,16141,16178.62
1605326400,16178.63,16204.77,16023,16089
1605340800,16088.99,16132.37,15750,15925.44
1605355200,15925.43,16055,15832.13,15951.92
1605369600,15951.92,16026.29,15670,15881.33
1605384000,15881.32,16140.99,15853.85,16070.45
1605398400,16069.56,16105.66,15868.31,15929.47
1605412800,15929.48,16099,15883.01,16030.9
1605427200,16030.9,16180,15939.24,15953.72
1605441600,15953.73,16110.02,15923,16027.19
1605456000,16027.19,16064.59,15850,15855.29
1605470400,15855.29,16010,15774.72,15957
1605484800,15957,16048.55,15864,16006.5
1605499200,16006.5,16291.99,15980.88,16235.71
1605513600,16235.71,16390,16164.55,16235.68
1605528000,16235.67,16469,16235.2,16450
1605542400,16450,16847.8,16434.89,16779.01
1605556800,16778.93,16880,16578,16713.57
1605571200,16713.08,16830,16570,16573.58
1605585600,16573.57,16774.99,16538,16750
1605600000,16750,17000,16633.37,16995.06
1605614400,16994.11,17373,16920,17322.19
1605628800,17321.55,17858.82,17231.53,17685.22
1605643200,17685.23,17723.28,17456.52,17659.38
1605657600,17659.38,18067.21,17601,18030.71
1605672000,18030.7,18476.93,17214.45,18063.7
1605686400,18063.69,18260,17853.01,18249.99
1605700800,18249.99,18250,17271.02,17873.88
1605715200,17873.89,18000,17553.8,17659.9
1605729600,17659.9,17855,17490,17776.12
1605744000,17777.75,18058.58,17573.31,17915.46
1605758400,17915.81,17921.97,17590.7,17649.94
1605772800,17650.03,17778.04,17335.65,17765.33
1605787200,17765.32,18179.8,17653.24,18045
1605801600,18045.01,18119.98,17869.76,17955.8
1605816000,17955.79,18100,17681.36,17802.82
1605830400,17802.81,18037.5,17740.04,17955.06
1605844800,17955.06,18404.68,17941.66,18212
1605859200,18210,18360.68,18101.05,18263.5
1605873600,18263.69,18739.9,18150.22,18668.56
1605888000,18668.56,18815.22,18401,18627.38
1605902400,18627.57,18740,18473.94,18655.67
1605916800,18655.66,18965.9,18620.46,18659.48
1605931200,18659.47,18739.76,18444.74,18669.99
1605945600,18670,18783.76,18486.56,18531.06
1605960000,18531.06,18824.68,18308.58,18790.01
1605974400,18790,18907.38,18580,18679.97
1605988800,18679.97,18745.47,18525,18703.8
1606003200,18703.8,18750,18350,18559.91
1606017600,18559.91,18611,18255.93,18498.31
1606032000,18498.31,18503.14,17610.86,17887.82
1606046400,17891.76,18333.52,17820,18295.4
1606060800,18295.41,18630.03,18258.11,18573.58
1606075200,18573.59,18683.77,18367.82,18414.43
1606089600,18413.88,18523.09,18000,18369
1606104000,18367.49,18556.83,18308,18458.13
1606118400,18458.12,18766,18453.55,18567.7
1606132800,18567.7,18700,18222.22,18261.86
1606147200,18261.86,18461.91,18134.11,18444.44
1606161600,18444.45,18485.01,18262,18368
1606176000,18368.01,18530,18207.98,18338.52
1606190400,18338.23,18450,18018,18369.36
1606204800,18369.35,19100,18369.35,19064.99
1606219200,19064.99,19418.97,18979.99,19358.57
1606233600,19358.56,19410,19074.4,19160.01
1606248000,19160.01,19248.28,18842.31,19160.01
1606262400,19160,19218.12,18734.22,18808.03
1606276800,18808.04,19050.73,18625,18975.13
1606291200,18975.12,19345.99,18970.01,19281.55
1606305600,19281.55,19484.21,19100,19126.84
1606320000,19126.84,19196.33,18811,18981.29
1606334400,18981.29,19096.63,18500.27,18719.11
1606348800,18718.83,18915.03,17200,17927.98
1606363200,17927.98,18100,17435,17619.9
1606377600,17610.92,17620.19,16334,17100
1606392000,17100,17395.47,16720,16905.18
1606406400,16906.23,17036.65,16188,16516.87
1606420800,16516.86,17294.88,16513.35,17149.47
1606435200,17149.47,17457.62,17012.56,17078.11
1606449600,17078.11,17340.49,17037.57,17094.18
1606464000,17095.47,17200,16620,16789.37
1606478400,16789.46,17083.35,16438.08,16498.85
1606492800,16501.1,16866.66,16465.48,16803.14
1606507200,16803.14,17235.7,16634.34,17139.52
1606521600,17139.53,17190,16923.5,16990.27
1606536000,16990.27,17067.14,16872,17014.72
1606550400,17014.72,17257.97,16865.56,17160.29
1606564800,17160.29,17530.46,17070,17517.04
1606579200,17517.04,17840,17516.52,17814.5
1606593600,17814.5,17880.49,17612.33,17719.85
1606608000,17719.84,17886.21,17517,17867.48
1606622400,17867.48,17867.49,17666,17817.34
1606636800,17817.34,18250,17803.78,18090.44
1606651200,18089.75,18194.13,17882.82,18119.97
1606665600,18119.97,18147,17926,18042.86
1606680000,18042.85,18360.05,18027.82,18184.99
1606694400,18185,18593.81,18184.99,18579.5
1606708800,18579.67,18677,18450,18623
1606723200,18623.05,18655,18326.03,18600.95
1606737600,18600.94,19863.16,18600.94,19291.88
1606752000,19291.88,19579,19011.1,19259.98
1606766400,19259.98,19747.05,19170.78,19695.87
1606780800,19695.87,19720,19340,19419.74
1606795200,19419.73,19546.81,19281.38,19515.63
1606809600,19515.62,19888,18886,19425
1606824000,19425.4,19489.3,18001.12,19263.37
1606838400,19263.36,19325.83,18611.88,19069.79
1606852800,19069.79,19211,18725,18764.96
1606867200,18764.96,18972.12,18433,18618.25
1606881600,18618,19135,18330,19124.48
1606896000,19124.49,19342,18977.03,19127.31
1606910400,19127.31,19250.7,18728.38,18891.57
1606924800,18891.57,19139.06,18770,19101.1
1606939200,19101.1,19260,19044.85,19204.09
1606953600,19204.08,19299,18940,19087
1606968000,19087.01,19250,18867.2,19208.11
1606982400,19208.11,19450,19097.6,19396.5
1606996800,19396.49,19536.2,19219.78,19535
1607011200,19535,19598,19194.06,19414.29
1607025600,19414.29,19540,19306.27,19421.9
1607040000,19422.34,19527,19122.74,19162.62
1607054400,19162.62,19367.05,19122.48,19283.94
1607068800,19283.94,19447.14,18700,18833.25
1607083200,18834.48,19146.22,18686.38,18943.35
1607097600,18944.06,19078.68,18817,19038.73
1607112000,19038.73,19045.34,18565.31,18650.52
1607126400,18650.51,18880,18500,18818.85
1607140800,18818.05,18990.08,18800,18911.31
1607155200,18911.3,19177,18911.3,19013.43
1607169600,19013.43,19150,18941.74,19110.78
1607184000,19111.13,19172.37,19026,19119.19
1607198400,19119.19,19157.52,18977.16,19147.66
1607212800,19147.66,19342,19131.02,19183.39
1607227200,19183.39,19260,19105,19230.99
1607241600,19230.99,19251,18950.87,19089.16
1607256000,19089.15,19152.38,18857,19125.83
1607270400,19125.84,19213.09,19018,19132.62
1607284800,19132.62,19420,19045,19359.4
1607299200,19358.67,19420.91,19157.55,19282.68
1607313600,19282.68,19399,19233.36,19371.3
1607328000,19371.24,19386.15,19090,19103.58
1607342400,19103.79,19257.03,19095.72,19213.9
1607356800,19213.9,19241.39,18902.88,18967.01
1607371200,18967.01,19217.64,18935.06,19166.9
1607385600,19166.9,19235.6,19132.67,19154.73
1607400000,19154.73,19294.84,19091,19143.1
1607414400,19143.1,19168.88,18700,18762.96
1607428800,18762.95,18974.83,18610,18809.91
1607443200,18809.91,18937.81,18745.31,18795.74
1607457600,18795.74,18848,18200,18324.11
1607472000,18324.11,18380,18032,18300.01
1607486400,18300,18308.39,17830,17924.07
1607500800,17924.06,18379.87,17650,18244.95
1607515200,18244.94,18523.99,18169.1,18349.5
1607529600,18349.5,18435,18165,18260.03
1607544000,18260.02,18639.57,18211.78,18541.28
1607558400,18541.29,18557.32,18303.28,18409.77
1607572800,18409.78,18493.28,18278.44,18335.91
1607587200,18335.91,18480,18070,18192.49
1607601600,18192.5,18290.63,17911.12,18134.08
1607616000,18132.11,18403.28,18076.07,18403.1
1607630400,18403.11,18435.74,18220,18254.63
1607644800,18254.81,18292.73,17715.6,17990.88
1607659200,17990.69,18048.6,17700.51,17811.95
1607673600,17811.96,18001.15,17572.33,17647.71
1607688000,17647.71,18132,17617,18104.74
1607702400,18104.74,18111.55,17852,17977
1607716800,17975.08,18184,17925.37,18036.53
1607731200,18036.53,18375,18020.7,18282.02
1607745600,18282.01,18400,18261.32,18380.85
1607760000,18380.85,18513.66,18318.98,18506.1
1607774400,18506.1,18525.33,18308.82,18399.01
1607788800,18399.01,18850,18362.42,18805.29
1607803200,18805.29,18948.66,18729.09,18808.69
1607817600,18808.69,18875,18711.12,18784.42
1607832000,18784.56,19306.27,18768.19,19247.68
1607846400,19249.21,19370,19179.5,19316.81
1607860800,19316.8,19411,19080,19211.34
1607875200,19211.34,19385,19155,19193.78
1607889600,19193.28,19225.63,18971,19174.99
1607904000,19174.99,19347,19000,19260.68
1607918400,19260.68,19282.11,19033.84,19155.8
1607932800,19155.8,19258.96,19051.11,19106.44
1607947200,19106.43,19300,19028.97,19200.07
1607961600,19200,19237.79,19113.08,19175.88
1607976000,19175.88,19349,19130.85,19273.14
1607990400,19273.69,19570,19243.64,19479.7
1608004800,19479.69,19497.36,19050,19197.6
1608019200,19197.59,19350,19074,19293.54
1608033600,19293.54,19433,19256.27,19403.31
1608048000,19403.31,19545,19328.06,19530.38
1608062400,19530.38,19547,19276,19426.43
1608076800,19426.43,19488.02,19278.6,19346.52
1608091200,19346.51,19454.93,19300.3,19423.96
1608105600,19423.95,19860,19370.62,19739.78
1608120000,19739.78,20799,19680,20661.37
1608134400,20661.37,20865.43,20550,20736.87
1608148800,20736.87,21560,20711,21335.52
1608163200,21335.52,22166,21230,21753.26
1608177600,21752.65,22488,21735.09,22478.76
1608192000,22478.75,23800,21801,22752.16
1608206400,22752.15,23369,22600,23333.8
1608220800,23333.81,23699.7,22500,22899.08
1608235200,22898.47,23106.34,22311.1,22797.16
1608249600,22797.15,23248.99,22470.35,22811.59
1608264000,22811.58,23168.59,22772.05,23055.98
1608278400,23055.98,23285.18,22691.61,22886.17
1608292800,22886.18,23073.25,22350,22549
1608307200,22549,22829.04,22463.59,22762.28
1608321600,22762.28,23143.56,22650.29,23107.39
1608336000,23107.39,23225,22902.1,23098.04
1608350400,23098.05,23138,22821,22853.75
1608364800,22853.75,23080.45,22750,22888.54
1608379200,22888.53,23650,22886.79,23552.01
1608393600,23552,24171.47,23456.55,23791.91
1608408000,23791.82,24065.41,23719.25,23821.61
1608422400,23821.6,23836.48,23180.88,23346.48
1608436800,23346.25,23646.31,23060,23628.88
1608451200,23628.89,23791,23358.78,23553.02
1608465600,23553.02,23910,23296,23868.09
1608480000,23868.08,23995.97,23625.41,23930
1608494400,23928.8,24295,23090,23455.52
1608508800,23455.54,24016.93,23287.94,23945.29
1608523200,23945.3,24102.77,23700,23980
1608537600,23979.99,24075.94,22350,22645.85
1608552000,22646.7,22665.35,21815,22646.53
1608566400,22693.65,22988.6,22621.44,22816.62
1608580800,22816.63,23254.33,22699.99,22719.71
1608595200,22719.88,22970,22428.86,22851.2
1608609600,22851.19,23076.77,22500,22655.83
1608624000,22655.82,23155,22353.4,23119.48
1608638400,23119.47,23628.89,23062.01,23342.58
1608652800,23342.68,23520,23224.4,23404.27
1608667200,23404.27,23837.1,23277.72,23810.79
1608681600,23810.79,24050,23551.86,23706.72
1608696000,23706.72,23711.17,23319.11,23555.73
1608710400,23555.54,23735.51,22810,23064.01
1608724800,23064.01,24100,22931,23449.66
1608739200,23449.66,23678.49,23350,23556.91
1608753600,23556.91,23625,22600,23232.76
1608768000,23232.39,23242.04,22703.42,22894.28
1608782400,22894.28,23219.38,22786.67,23173.38
1608796800,23173.38,23479.26,23049.95,23218.68
1608811200,23218.67,23425.95,23012.29,23232.12
1608825600,23232.12,23460.97,23108.01,23287.15
1608840000,23287.16,23794.43,23258.35,23729.2
1608854400,23728.99,23827.54,23433.6,23481.21
1608868800,23481.2,23681.19,23451.79,23649.82
1608883200,23650.99,24681,23600,24574.4
1608897600,24574.4,24642.34,23785.5,24025.13
1608912000,24025.13,24520,23987.16,24449.66
1608926400,24449.66,24789.86,24198.6,24712.47
1608940800,24712.47,25039.96,24500,24909.79
1608955200,24909.8,24933,24652.54,24784.48
1608969600,24784.48,25000,24562.5,24834.36
1608984000,24834.36,25673.52,24734.94,25629.99
1608998400,25629.99,26000,25575,25931.02
1609012800,25931.02,26867.03,25810.56,26493.39
1609027200,26493.4,26963.46,26427.16,26568.08
1609041600,26568.24,27777.82,26567.81,27639.38
1609056000,27639.39,28422,26566,27646.48
1609070400,27647.55,27777,26600,27359.62
1609084800,27360.09,27490,26600,27081.67
1609099200,27081.98,27095.18,25700,26281.66
1609113600,26281.54,27356.3,26101,27275.65
1609128000,27275.66,27332,26798.94,27001.31
1609142400,27001.32,27080,26557.73,26859.07
1609156800,26859.07,27500,26711.57,26916.32
1609171200,26916.32,27236.71,26743,26996.74
1609185600,26996.73,27163.77,26415.09,27079.41
1609200000,27079.42,27116.78,26433.78,26444.6
1609214400,26445.5,26583.65,25880,26435.63
1609228800,26436.53,26900,26434.49,26876.4
1609243200,26874.55,27100,26433,26614.97
1609257600,26615.28,26943.89,26204.99,26931.62
1609272000,26931.51,27410,26743.42,27385
1609286400,27385,28239,27374.87,28065.54
1609300800,28066.57,28598.74,27722.22,28386.62
1609315200,28389.02,28579.92,27320,27838.82
1609329600,27836.95,28291.82,27577,28153.76
1609344000,28153.75,28900.05,27887,28776.46
1609358400,28776.45,28996,28534.7,28875.54
1609372800,28875.55,29300,28120.67,29024
1609387200,29024.01,29285,28738.1,29155.25
1609401600,29155.24,29210.83,28580,28910.3
1609416000,28910.29,28989.03,27850,28770
1609430400,28782.01,29000,28311,28897.83
1609444800,28897.84,29169.55,28780,28923.63
1609459200,28923.63,29470,28690.17,29278.4
1609473600,29278.41,29395,28806.54,29092.83
1609488000,29092.84,29402.57,28872.24,29313.49
1609502400,29313.49,29600,29030.14,29188.67
1609516800,29188.67,29360,28624.57,29029.04
1609531200,29029.04,29338.89,28880.37,29331.69
1609545600,29331.7,29469,28946.53,29351.95
1609560000,29351.95,29820.5,29220,29750
1609574400,29751.47,29899,29473.91,29755
1609588800,29754.99,31800,29741.39,31691.29
1609603200,31691.09,33300,31616.42,33027.2
1609617600,33027.2,33061.37,30300,32178.33
1609632000,32176.45,32884.09,31962.99,32573.87
1609646400,32576.11,34778.11,32450,34452.34
1609660800,34451.78,34670.41,33403,34413.53
1609675200,34413.53,34600,32727,33506.62
1609689600,33505.15,33822.69,32267,32772.21
1609704000,32775.1,33861.92,32600,33000.05
1609718400,33000.05,33588,32400.25,33505.16
1609732800,33505.15,33600,31505,32068.84
1609747200,32068.84,32567.88,28130,30743.06
1609761600,30742.99,32185.67,30454.25,31745.72
1609776000,31745.71,31920,30626.36,31665.51
1609790400,31665.52,32031.01,30856.08,31988.71
1609804800,31989.75,32853.38,31130.86,31200
1609819200,31190.04,31538.45,29900,30817.77
1609833600,30817.78,31821.94,30817.78,31776.66
1609848000,31776.66,32375.07,31111.78,32099.98
1609862400,32099.97,34187.09,31763.23,33697.75
1609876800,33693.8,34360,33318,33949.53
1609891200,33949.53,34170,33288,34117.59
1609905600,34116.76,35766.58,34109.83,34676.4
1609920000,34666.8,35200,33357.9,34918.53
1609934400,34918.54,35088,34052.42,34566.19
1609948800,34566.18,35695,34372.92,34816.72
1609963200,34818.95,36939.21,34280,36769.36
1609977600,36769.36,37699,36422.71,37454.48
1609992000,37452.62,37700.8,36710,36859.85
1610006400,36863.04,37913.72,36300,37822.09
1610020800,37825.64,38970.42,37518,38970.42
1610035200,38970.41,40365,36500,39062
1610049600,39061.99,39969,38352.88,39432.28
1610064000,39432.48,39699.87,36500,38347.1
1610078400,38347.11,39143.8,37563.92,38930.55
1610092800,38929.56,41500.45,38222,41286.67
1610107200,41286.67,41950,39777,40829.08
1610121600,40829.07,41600,39800,40365.09
1610136000,40365.09,40937.77,38652,40582.81
1610150400,40586.96,40976.13,39500,40211.59
1610164800,40209.91,40490,38720,39638.61
1610179200,39639.21,41237.44,39290.86,40565.77
1610193600,40565.77,41380,40200,40525.15
1610208000,40525.16,40880,39869,40665.91
1610222400,40665.91,40781.69,39928.91,40088.22
1610236800,40088.22,41350,40087.15,40316.64
1610251200,40320.67,41073.26,40050,40978.57
1610265600,40978.57,41060,38888,39181.76
1610280000,39175.09,40126,38450,39671.81
1610294400,39671.82,39757.55,37111,37456.77
1610308800,37472.4,39000,35111.11,38150.02
1610323200,38150.02,38264.74,33600,35438.23
1610337600,35438.23,35999.95,32538,34375.34
1610352000,34372.25,36360,34020,34198.56
1610366400,34198.55,35110,31115,31580
1610380800,31582.82,33585.17,30420,32254.62
1610395200,32254.63,35638.55,31408.07,35404.47
1610409600,35410.37,35547.19,33677.03,34984.96
1610424000,34984.95,36628,34520.69,36413.6
1610438400,36413.6,36499.98,34757,35410.99
1610452800,35410.99,35688.82,32531,33829.4
1610467200,33829.4,35550,33819.11,34685.11
1610481600,34686.1,35051.02,33260.74,34051.24
1610496000,34049.15,34375.51,32380,33818.5
1610510400,33818.5,35180.67,32800,34986.9
1610524800,34986.9,35250,34200,34385.48
1610539200,34385.48,35100,34017,34673.9
1610553600,34673.9,36188,34388.53,36002.25
1610568000,36002.24,37850,35704.21,37371.38
1610582400,37371.38,38172.22,37000,37045.13
1610596800,37045.13,38596.92,36701.23,38198.34
1610611200,38199.52,38786.1,37862.04,38365.86
1610625600,38365.86,40100,37707,39546.01
1610640000,39546.01,40000,39212.15,39876.98
1610654400,39876.97,39935.1,38259.25,39144.5
1610668800,39145.21,39747.76,38450,38700
1610683200,38700,38853.09,37554.94,38473.08
1610697600,38473.07,38780,37923,38108.88
1610712000,38108.87,38194.04,35258,35610.72
1610726400,35610.79,36433.51,34408,35217.26
1610740800,35218.94,36888,34801.15,36742.22
1610755200,36737.43,37669,35852.93,36532.92
1610769600,36532.92,36959.61,35520,36574.86
1610784000,36565.74,37950,36375.88,37680
1610798400,37680,37886,36671.2,37461.99
1610812800,37463.46,37713.94,36200,36376.39
1610827200,36376.39,36800,35357.8,35994.98
1610841600,35994.98,36744.05,35520,36177
1610856000,36177,36382.38,34518.04,34760.9
1610870400,34760.91,35400,33850,35267.17
1610884800,35270,35973.89,34666,35728.47
1610899200,35728.47,36166.47,35514.99,35633.91
1610913600,35633.9,36852.5,35506,35828.61
1610928000,35824.99,36208,34842.99,35106.25
1610942400,35108.27,36278.68,34800,36104.61
1610956800,36100.55,36650,35771.6,36442.08
1610971200,36443.91,37469.83,36047.89,36405.98
1610985600,36405.99,36565,35400,35956.14
1611000000,35951.83,36777.77,35755.01,36631.27
1611014400,36622.46,37280,36364.43,36465.3
1611028800,36468.31,37233.87,36002.01,37168.82
1611043200,37167.92,37535.27,36750,37266.49
1611057600,37263.73,37449,36610,37329.4
1611072000,37329.4,37850,36052.04,36279.82
1611086400,36281.66,36777.88,35844.06,35891.49
1611100800,35901.94,36415.31,35000,35062.49
1611115200,35062.49,35909.95,34737,35677.14
1611129600,35672.86,35939.12,34000,34426.17
1611144000,34426.17,35142.18,34020,34192.17
1611158400,34193.11,35311,33400,35197.12
1611172800,35197.12,35670,34482.75,35468.23
1611187200,35468.23,35600,34230.76,34571.09
1611201600,34572.42,35019.01,33971.41,34624.27
1611216000,34624.27,34681.73,32009.68,32208.62
1611230400,32206.89,32784.31,31037,31384.09
1611244800,31384.19,32751.24,31038.51,32468.66
1611259200,32468.66,32550,30071,30850.13
1611273600,30851.99,31029.79,28850,30943.4
1611288000,30943.4,32152.9,30615.22,30842.45
1611302400,30846.59,31997,30500,31710.88
1611316800,31712.09,32767.44,31286,32458.42
1611331200,32462.79,33655.79,31955.67,33589.52
1611345600,33589.52,33826.53,32580,32945.17
1611360000,32950,32974.89,32053.33,32365.01
1611374400,32365,33456,32267.07,32931.18
1611388800,32931.17,33104.94,31511.24,31645.49
1611403200,31643.9,32289.25,31390.16,31877.1
1611417600,31877.1,32500,31759.65,32348.79
1611432000,32348.78,32538.61,31812.5,32078
1611446400,32078,32480.06,31630,32480.05
1611460800,32480.06,33071,32346.44,32801.15
1611475200,32797.21,33030,32465,32833.37
1611489600,32833.37,32931.59,31858.68,31957.05
1611504000,31956.9,32139.6,30900,31306.29
1611518400,31306.29,32369.59,31250.26,32259.9
1611532800,32259.45,33674.48,32175.61,33568.18
1611547200,33568.17,33797.96,33045,33346.95
1611561600,33347.19,33548,32750.09,33185.26
1611576000,33185.25,34875,33050,34458.31
1611590400,34458.31,34600,33373.92,33411.54
1611604800,33411.54,33473.92,31910,32254.2
1611619200,32254.19,32827.33,31458,31518.66
1611633600,31520.25,32312.46,31100,31643.61
1611648000,31643.61,32450,31373,31796.95
1611662400,31798.65,31972.73,30837.37,31750.23
1611676800,31750.24,32403.88,31300.69,32208.33
1611691200,32208.33,32921.88,31855.71,32467.77
1611705600,32464.01,32557.29,31568.28,31800.86
1611720000,31801.27,32030.28,31350,31743.33
1611734400,31743.33,31749.28,30578.94,30639.05
1611748800,30635.74,31057,29241.72,30322.61
1611763200,30322.59,30948,29500,30740.33
1611777600,30731.57,31649.99,30084.24,30366.15
1611792000,30362.19,31526.78,29842.1,31404.25
1611806400,31406.9,31876.63,31045.7,31170.53
1611820800,31170.2,31600,30812.26,31437.37
1611835200,31437.37,32203.38,31161.96,31926.49
1611849600,31926.49,32747.78,31650,32564.71
1611864000,32564.71,33783.98,32392.34,33364.86
1611878400,33368.18,34310,33330.93,33733.58
1611892800,33728.99,33934.48,31915.4,32266.35
1611907200,32266.36,37990,32006.91,37025.32
1611921600,37023.83,38531.9,36456.78,37129.4
1611936000,37129.4,37569,33500,34318.57
1611950400,34322.5,35354.94,33700,34252.2
1611964800,34246.28,34933,32825,33273.36
1611979200,33273.36,34200,33001.52,34046.8
1611993600,34046.82,34424.7,33510,33660.4
1612008000,33660.4,34500,33410.63,34210.2
1612022400,34210.18,34400.02,33520,34286.5
1612036800,34286.5,34800,33966.4,34262.88
1612051200,34262.89,34342.69,33655,33930.21
1612065600,33930.22,34127.65,33450,33607.98
1612080000,33607.68,33832.94,33205,33563.23
1612094400,33563.24,34220,32554,32862.66
1612108800,32862.65,33077.9,32171.67,32808.8
1612123200,32807.29,33255.49,32461.23,33092.98
1612137600,33092.97,33830,32296.16,33573.97
1612152000,33573.25,34427,33284.24,33803.97
1612166400,33802.6,34717.27,33589.23,34183.33
1612180800,34183.33,34460,33160,33160.17
1612195200,33160,34100,33133.26,33838.13
1612209600,33838.13,34039,33430.76,33526.37
1612224000,33517.09,34161.39,33418,33550.32
1612238400,33554.08,34400,33500,34223.38
1612252800,34223.38,35668.1,34080,34720.15
1612267200,34722.97,35200,34333,34708.47
1612281600,34708.47,35800,34556.85,35762.03
1612296000,35762.05,35984.33,35466,35466.24
1612310400,35472.71,36500,35362.38,36403.47
1612324800,36403.47,36845,36231.66,36297.57
1612339200,36297.58,36299.98,35511,35969.41
1612353600,35969.41,36917.27,35810.9,36850
1612368000,36850,37221.42,36643.07,36788.89
1612382400,36788.89,37662.63,36644.44,37618.87
1612396800,37620.26,38288,37363.17,37498.78
1612411200,37498.78,38195,37326.83,37843.4
1612425600,37843.4,38708.27,36662.45,37321.75
1612440000,37319.43,37763.57,36161.95,36564.23
1612454400,36564.23,37499.99,36399.79,37467.18
1612468800,37467.18,37783.83,36841.77,36936.66
1612483200,36936.65,37400,36570,37366.02
1612497600,37366.01,37727.22,36995.27,37653.98
1612512000,37659.64,37800,37200,37691.32
1612526400,37691.32,38310.12,37527.14,37960.76
1612540800,37960.76,38163.34,37230,37608.92
1612555200,37608.91,38309,37485.94,38290.24
1612569600,38289.32,39666,38215.94,39384.74
1612584000,39386.92,39488.62,38600,39359.12
1612598400,39362.27,40479.86,39297.75,40199.99
1612612800,40199.52,40866.66,39836.72,40864.73
1612627200,40865.12,40955.51,39940.44,40179.42
1612641600,40179.42,40469.19,39035.33,39186.94
1612656000,39181.01,39611.04,38344,38841.46
1612670400,38839.52,39094.36,37923,39030
1612684800,39030,39700,38762.16,39046.6
1612699200,39044.37,39272.69,37580,37921.11
1612713600,37921.12,38444,37351,38050
1612728000,38050,39080,37660.97,38795.69
1612742400,38795.69,39130,37988.89,38076.06
1612756800,38073.02,39391.78,37992.39,39269.95
1612771200,39269.78,39498.99,38844.75,39423.08
1612785600,39423.08,44918,39094.01,43716.32
1612800000,43703.23,44280,42521.62,43051.95
1612814400,43049.98,46794.45,42905.29,46374.87
1612828800,46374.86,47498,45500,46599.51
1612843200,46599.51,48142.19,46198.76,47505.4
1612857600,47505.39,47928.23,45560.97,46380.92
1612872000,46390.95,47083.84,44961.09,46773.63
1612886400,46773.63,47433.78,46011,47060.18
1612900800,47060.38,47499.43,46201.37,46420.42
1612915200,46420.42,46900,45979.58,46221.07
1612929600,46225.71,46944.07,45589.98,46563.69
1612944000,46565.11,47310,46262.22,46586.56
1612958400,46586.55,46593.34,43727,44353.04
1612972800,44354.5,45239.98,43800,45190.05
1612987200,45190.05,45322.09,44355,44807.58
1613001600,44807.58,45051.27,43994.02,44582.07
1613016000,44583.71,45129.59,44397.62,44700.01
1613030400,44700,46546.47,44500,46061.49
1613044800,46061.48,48399,46060.03,47960.85
1613059200,47960.86,48298,46900,47754.03
1613073600,47754.02,48678.9,46542.29,47969.51
1613088000,47968.66,48985.8,47338.35,47587.31
1613102400,47587.31,47587.31,46789,47318.81
1613116800,47318.02,47999,47027.03,47562.42
1613131200,47560.06,48140,46125,47021.05
1613145600,47021.05,47980,46915.32,47272.95
1613160000,47272.96,48150,47140.26,47287.6
1613174400,47298.15,48150,47200,47829.22
1613188800,47829.21,47934.14,46990,46995.72
1613203200,46995.01,47569.03,46251,46589.2
1613217600,46586.23,47300,46202.53,47076.01
1613232000,47076.02,47400.14,46708.94,46870.15
1613246400,46871.95,47397.36,46653.58,47153.69
1613260800,47156.78,47730,47014.17,47267.21
1613275200,47267.2,49404.94,47220.42,48725.18
1613289600,48725.18,49349.76,48389.55,49055.16
1613304000,49055.17,49707.43,48101.38,48541.18
1613318400,48537.96,49100,48400.31,48693.39
1613332800,48693.38,49300,48505.79,48577.79
1613347200,48580.47,49010.92,45570.79,47120.3
1613361600,47120.31,47441.02,46174.78,47267.06
1613376000,47270.5,47999,47112.38,47802.66
1613390400,47802.67,48219.23,47423.99,47938.83
1613404800,47938.84,48800,47938.83,48657.31
1613419200,48657.31,48801,47643,47911.1
1613433600,47911.1,49670,47003.62,49624.03
1613448000,49624.02,49998,48550,49163.46
1613462400,49161.75,49318.47,48700,48915.48
1613476800,48915.49,50689.18,48403.21,48956.91
1613491200,48956.91,49291,47750,48537.39
1613505600,48536.35,49290,48173.81,49133.45
1613520000,49133.45,50274.88,48947,49657.38
1613534400,49657.84,51266.09,49106.75,51112.39
1613548800,51116.77,51678.36,50628.58,51273.46
1613563200,51270.86,51633.17,50542.3,51169.97
1613577600,51169.97,52395,50780,52142.35
1613592000,52142.36,52618.74,51893.34,52119.71
1613606400,52117.67,52530,51933.24,52032.64
1613620800,52032.64,52298,51295,51901.96
1613635200,51901.95,52168.75,51133,51374.07
1613649600,51375.12,52285,50901.9,51585.29
1613664000,51585.29,52177.75,51450,51760.01
1613678400,51760.01,52195.12,51510,51552.6
1613692800,51552.61,51943.99,50710.2,51245
1613707200,51247.86,51894.77,50918,51727.08
1613721600,51727.09,52984.99,51649.82,52710
1613736000,52709.99,53886.07,52315.37,53863.19
1613750400,53863.82,55843.78,53605.58,54990.01
1613764800,54994.85,56368,54800,55906
1613779200,55906,56609.14,55322,55706.07
1613793600,55711.9,56144.87,55185.98,55207.92
1613808000,55207.93,56388.37,55030,56355.91
1613822400,56355.94,57700.46,55722.11,56145.97
1613836800,56136.55,57425,56136.55,56975.12
1613851200,56975.12,57050,53863.93,55841.19
1613865600,55841.19,56900,55477.59,56505.22
1613880000,56505.22,56959.71,55863.54,56091.76
1613894400,56092.02,57827,55821.03,57284.79
1613908800,57284.78,57555,56589,57313.99
1613923200,57313.99,58352.8,57006.16,58072.62
1613937600,58072.62,58247.84,56935.03,57408.57
1613952000,57412.35,57508.47,55351.15,55860.12
1613966400,55858.99,56550,55102.77,56422.92
1613980800,56422.23,56623.69,53505.7,54524.94
1613995200,54515,54695.66,47622,53236.69
1614009600,53236.69,53847.56,51570,53581.69
1614024000,53587.41,54989.46,53279.02,54087.67
1614038400,54087.67,54183.59,50901,51906.36
1614052800,51900.73,52311.71,48615,49640.33
1614067200,49642.92,50027.01,44892.56,46369.29
1614081600,46359.14,49600,45788.1,48602.03
1614096000,48602.02,49247.69,45500,45523
1614110400,45523.02,48938.85,45251,48891
1614124800,48891,50993.57,46988.69,50874.99
1614139200,50869.77,51357,49456,50090.57
1614153600,50090.61,51374.99,49799.29,50360.02
1614168000,50360.02,51294,48450,49819.5
1614182400,49819.49,50150,48811.26,48959.93
1614196800,48959.93,49747.49,48028.18,49676.2
1614211200,49676.21,50884.88,49517.01,50206.97
1614225600,50206.97,50568.97,49533.44,50395.99
1614240000,50395.58,50513.35,48581.71,50294.8
1614254400,50299,52041.73,50077,50849.99
1614268800,50850,51370.18,49226.09,49443.86
1614283200,49442.2,49550.01,46674.34,47073.73
1614297600,47073.73,47800,46000,47330.24
1614312000,47331.34,47786.5,44106.78,44973.68
1614326400,44986.99,46880.4,44939.19,46427.65
1614340800,46427.65,47853.13,45800,47594.65
1614355200,47590.66,48424.11,46602.62,46959.17
1614369600,46959.18,47115.38,45000,46276.87
1614384000,46276.88,48085.47,46156.24,47423.08
1614398400,47423.07,48394,46712.18,47158.53
1614412800,47153.01,47640.03,46224.84,47299.99
1614427200,47299.99,47800,46337.53,46528.64
1614441600,46528.82,47450.26,46271,47405.39
1614456000,47405.38,47557.14,45000,46106.43
1614470400,46103.67,46638.46,44444,44629.17
1614484800,44632.7,45600,43738.65,44400.83
1614499200,44400.83,45530.62,44375.02,45284.86
1614513600,45287.25,45500.17,43168,43391.14
1614528000,43391.14,44521.66,43000,44405.32
1614542400,44402.88,45919.61,44088,45135.66
1614556800,45134.11,46796.94,44950.53,46336.37
1614571200,46336.38,46688.13,45641.02,46288.18
1614585600,46291.87,48050,46272.1,47722.78
1614600000,47722.42,49298,47450.32,49188
1614614400,49187.99,49469.99,48019.06,48262.83
1614628800,48262.66,49790,47876,49587.03
1614643200,49595.76,50200,48710,48974.75
1614657600,48974.74,49402.07,48301.36,48331.61
1614672000,48331.6,49265.54,48270.69,48844.13
1614686400,48844.14,49699.99,48380.83,48676.08
1614700800,48676.09,48718.18,47144.22,47467.43
1614715200,47467.43,48489.24,47047.6,48440.65
1614729600,48436.61,49000.51,48100.71,48704.75
1614744000,48704.75,49960,48653.09,49752.97
1614758400,49752.97,51777,49752.97,51666.33
1614772800,51665.83,52640,50481,50767.36
1614787200,50767.35,51600,50260,50857.17
1614801600,50857.17,51356.86,50301.5,50349.37
1614816000,50349.37,51773.88,49401.3,49574.89
1614830400,49574.89,49870,49010.1,49696.49
1614844800,49701.37,50756.23,48524.86,49323.32
1614859200,49323.31,50569.41,48721.43,49412.6
1614873600,49412.6,50033.92,47588.52,48000.36
1614888000,48000.37,48710.94,47500,48374.09
1614902400,48374.09,48376.2,46300,47289.81
1614916800,47289.81,47547,46500,47380
1614931200,47380,47523.59,46418.12,47478.87
1614945600,47478.86,48728.21,46974.32,47867.45
1614960000,47867.45,49400,46885,49295.47
1614974400,49285.76,49448.93,48579.59,48751.71
1614988800,48746.81,49156,48350,48657.72
1615003200,48657.72,49117.32,48115.83,48820.12
1615017600,48820.13,49100,48000,48171.01
1615032000,48171.02,48212.85,47070,47267.88
1615046400,47267.88,48690.6,47104.85,48341.01
1615060800,48341,49200,48223.36,48882.2
1615075200,48882.2,49900.99,48882.2,49551.44
1615089600,49551.43,50179.17,49111.11,50052.68
1615104000,50041.84,51148.22,50041.84,50705.52
1615118400,50705.52,51250,50130.65,50585.23
1615132800,50585.23,51352.1,50250,50381.68
1615147200,50381.69,51450.03,49758.01,50971.75
1615161600,50959.11,51847.38,50234.98,50598.49
1615176000,50598.49,50944,49521.2,49755.24
1615190400,49755.24,50560,49274.67,50496.82
1615204800,50490.39,51233,50100.01,51054.99
1615219200,51055,51485.35,50550.01,51310.82
1615233600,51310.82,52402.78,51236.2,52375.17
1615248000,52375.18,54100,51789.41,53840.62
1615262400,53840.63,54448,53409.57,53546.9
1615276800,53546.89,54355,53274.96,54233.32
1615291200,54235.88,54815.84,53538.77,54097.02
1615305600,54097.03,54338,53626.97,54108.79
1615320000,54108.79,54895,53882.52,54884.5
1615334400,54874.67,55813.09,53134.8,53467.8
1615348800,53468.33,54407.74,53005,54173.38
1615363200,54177.47,55444,54032.38,54858.47
1615377600,54858.47,56489.66,54834,56328.81
1615392000,56328.81,57387.69,56100,56739.4
1615406400,56739.4,57225.73,55530.01,55851.59
1615420800,55851.59,56499.98,55170.22,55992.6
1615435200,55992.6,56179.87,55005,55034.2
1615449600,55034.21,56270.75,54272.82,56227.34
1615464000,56233.42,57238.5,55702.09,56347.19
1615478400,56347.19,57682,56269.76,56827.84
1615492800,56823.78,58150,56560,57773.16
1615507200,57773.15,58081.51,56624,57104.17
1615521600,57107.14,57430,56350,56670.9
1615536000,56670.9,57095.76,55826.05,56500
1615550400,56499.99,57095.41,54962.84,56956.95
1615564800,56956.96,57768,56712.51,56942.41
1615579200,56942.41,57500,56262.14,57221.72
1615593600,57221.72,57307.2,56078.23,56694.32
1615608000,56694.32,57389.58,56257.47,57343.7
1615622400,57343.7,60200,57126.2,59849.74
1615636800,59853.58,60500,59232.53,59692.99
1615651200,59693,60864.97,59458.67,60773.56
1615665600,60773.56,61844,60605.5,61188.39
1615680000,61188.38,61724.79,60724.26,61356.31
1615694400,61356.3,61595.09,60455.28,60494.8
1615708800,60494.8,61110.53,59354.62,60308.31
1615723200,60308.3,60550,59470,59681.26
1615737600,59681.21,60369.99,59300,59931.7
1615752000,59928.71,60750,58966.78,58968.31
1615766400,58976.08,60491.47,58705.47,60379.99
1615780800,60379.99,60633.43,57253,57789.76
1615795200,57789.75,58350,54600,56150.79
1615809600,56150.8,57312.47,55050,56224.13
1615824000,56224.14,56700,55478.01,56570.36
1615838400,56570.37,56940,55537,55605.2
1615852800,55605.2,56140.55,53271.34,54272.86
1615867200,54272.66,55491,53607.93,55239.81
1615881600,55239.81,56400,55079.63,55471.21
1615896000,55464.11,55913.57,54596.89,55844.92
1615910400,55844.92,56087.02,54950.16,55731.36
1615924800,55731.36,56938.29,55673.23,56900.75
1615939200,56900.74,57189.43,55401.02,55506.23
1615953600,55506.23,56326.53,55185.42,55821.01
1615968000,55819.23,56052.63,54326.27,54840
1615982400,54840.01,55413.63,54123.69,54930
1615996800,54930,58201.58,54740,57867.42
1616011200,57867.42,58974.73,57601.92,58912.97
1616025600,58912.97,59561.54,58606.1,58712.33
1616040000,58712.34,59200,58119,58355.15
1616054400,58355.14,58660,57870.38,58170.37
1616068800,58168.69,59637.39,57500,59533.68
1616083200,59533.67,60129.97,57200,57293.79
1616097600,57294.12,58146.6,57023,57648.16
1616112000,57641,57898.48,56270.74,57779.84
1616126400,57779.84,58492.85,57603.92,57834.04
1616140800,57834.04,58888,57499.63,58831.33
1616155200,58831.34,59249.5,57950.59,58971.5
1616169600,58977.04,59180,58345.14,58826.56
1616184000,58826.56,59468,58000,58030.01
1616198400,58030.01,58913.98,57820.17,58367.74
1616212800,58367.75,58606.63,57980,58402.41
1616227200,58402.41,59299,58402.4,59242.47
1616241600,59242.91,59880,58610.62,59244.52
1616256000,59244.51,59474.89,58901.66,59272.82
1616270400,59272.83,59381.7,57966.85,58102.28
1616284800,58100.02,58589.1,57363.07,57790
1616299200,57790,57797.45,56668,56972.68
1616313600,56972.68,57325.45,55450.11,56267.65
1616328000,56270.13,57539,55870.23,57159.04
1616342400,57159.04,57676,56750,57513.18
1616356800,57517,58113,57128.89,57351.56
1616371200,57351.56,57647.89,56289,57563.63
1616385600,57564.17,57895.78,57315.22,57576.5
1616400000,57576.51,58430.73,57024.13,57713.79
1616414400,57713.79,57761,56521.01,57083
1616428800,57082.99,57195,55508,55524.99
1616443200,55524.99,56000,53650,54083.25
1616457600,54083.25,55344.26,53777.68,54684.83
1616472000,54683.6,54780.02,53000,54161.34
1616486400,54166.12,54865.37,53821.79,54249.81
1616500800,54249.8,55450,54234.96,55165.19
1616515200,55165.2,55830.9,54825.42,55008.46
1616529600,55008.45,55080.16,54190.1,54340.89
1616544000,54342.8,54769.44,53511.39,54350.54
1616558400,54350.54,55612.92,53700,55464.2
1616572800,55464.46,56662.08,55452.14,56541.03
1616587200,56536.08,57200,56000,56298.12
1616601600,56298.12,56422.02,54666.66,54736.53
1616616000,54736.52,54743.38,51700,52303.65
1616630400,52303.66,52900,51500,52122.86
1616644800,52131.51,53287,51905.58,52270.71
1616659200,52270.72,53160.85,52101,52163.19
1616673600,52163.2,52408.64,50427.56,50996.15
1616688000,50996.15,52532,50550,52195.19
1616702400,52195.19,52720.24,51220.72,51293.78
1616716800,51293.78,52723.68,51214.6,52407.19
1616731200,52407.19,53600.9,52172.34,53569.85
1616745600,53569.24,53826.48,52570,52710.96
1616760000,52710.95,53542,52508.19,53308.27
1616774400,53315.54,54060.24,52888.81,53778.55
1616788800,53773.38,55073.46,53773.38,55025.59
1616803200,55025.59,55555,54495.12,54760.97
1616817600,54759.96,55378.7,54660.11,54950.28
1616832000,54950.27,55146.23,54311.6,54442.89
1616846400,54442.89,55041.79,53950,54961.85
1616860800,54961.85,56271,54949.27,55765.01
1616875200,55765.01,56700.36,55675,55817.14
1616889600,55817.14,56200,55572,56052.05
1616904000,56052.52,56496,55831.43,56200.66
1616918400,56200.66,56559.75,55683.56,55787.03
1616932800,55787.02,56375.19,55291.13,56354.35
1616947200,56356.98,56490,54691.84,55208.69
1616961600,55208.7,55884.4,54743.18,55777.63
1616976000,55777.65,56013.76,54977.8,55371.6
1616990400,55371.61,56167.37,54800.01,55911.99
1617004800,55911.99,58350,55911.99,57854.32
1617019200,57854.14,58405.82,57267.98,57719.74
1617033600,57719.74,58290,57170,57676.42
1617048000,57676.41,57900,57103.43,57635.47
1617062400,57635.46,57769.01,57117.36,57181.33
1617076800,57181.33,58277,57071.35,58116.17
1617091200,58116.16,59335,57726.72,59240.34
1617105600,59240.33,59368,58500,58526.42
1617120000,58526.43,59107.84,58470,59060
1617134400,59060,59086.65,58380.02,58746.57
1617148800,58746.57,59050,58369,58608.63
1617163200,58608.62,59800,57500.18,58173.83
1617177600,58173.82,58275.45,56769,58015.02
1617192000,58015.02,59430.54,57641.06,59304.75
1617206400,59304.76,59648.52,58453.3,58553.12
1617220800,58553.12,59289.45,58328.55,58740.55
1617235200,58739.46,59314.53,58720.82,59119.02
1617249600,59119.02,59232.59,58500.2,58817.77
1617264000,58817.78,59490,58115,58584.32
1617278400,58584.32,59263.3,58375,58974.65
1617292800,58974.66,59146.77,57935.45,58918.99
1617307200,58918.99,59069.74,58524.7,58720.44
1617321600,58720.45,60200,58455.1,59869.79
1617336000,59869.79,59997,59307.35,59417.63
1617350400,59421.21,59685,59218,59542.78
1617364800,59542.78,59624.86,58827.66,59480.06
1617379200,59480.06,59600,58525.01,58850
1617393600,58850,59219,58428.57,58950.01
1617408000,58950.01,59450.08,58931.3,59221.53
1617422400,59221.52,59531.74,59180,59298.85
1617436800,59301.8,59791.72,58750.96,59255.02
1617451200,59256.07,59454.83,58800,58829.99
1617465600,58829.99,59143.71,57707.7,58597.04
1617480000,58597.04,58597.04,56880,57051.94
1617494400,57051.95,57583.32,56388,57492.42
1617508800,57492.42,57723.48,57139.02,57614.52
1617523200,57614.52,57787.79,57033.85,57275.55
1617537600,57278.23,58492.85,57000,57918.11
1617552000,57918.11,58280,57684.29,57953.86
1617566400,57953.86,58300,57826.16,58202.01
1617580800,58202.01,58387.35,57320,57467.12
1617595200,57467.12,57618,56790.57,57250
1617609600,57250,57766.84,56777.77,57756.36
1617624000,57756.36,59272,57746.74,59018.29
1617638400,59020,59240,58610,59005.2
1617652800,59005.21,59130,58479.59,59129.99
1617667200,59129.99,59495.24,58600,58608.7
1617681600,58610.19,59031.66,58349,58576.59
1617696000,58576.59,59000,58300,58541.34
1617710400,58541.34,58998,57413.02,57818.53
1617724800,57818.54,58282.12,57722.23,58225
1617739200,58225.01,58311.91,57483.71,57991.15
1617753600,57990.03,58200.01,57161.86,57922.75
1617768000,57922.74,58655,57268,57850.57
1617782400,57850.57,57938.77,55700,56320.47
1617796800,56320.47,56937.15,55612,56451.45
1617811200,56451.46,56850,55473,56153.83
1617825600,56153.84,56570.24,55717.15,55953.45
1617840000,55953.44,56700,55700,56540.62
1617854400,56540.62,57333.85,56529.78,57025.71
1617868800,57023.63,57267.49,56330.77,56421.18
1617883200,56421.17,57912.02,56311.77,57768.13
1617897600,57769,58153.31,57538.52,57734.94
1617912000,57732.53,58100,57449.04,58077.52
1617926400,58077.52,58419.45,57806.03,57985.71
1617940800,57985.71,58314,57654,58051.42
1617955200,58048.7,58894.9,57669.58,58527.19
1617969600,58527.2,58783.47,58024,58240
1617984000,58239.99,58528,57870.57,58370.59
1617998400,58370.59,58600,57873.31,58142.54
1618012800,58142.55,59238.27,57900.01,59229.5
1618027200,59229.5,61500,59229.5,60480.4
1618041600,60480.4,60997.18,60338.54,60575.94
1618056000,60575.94,60800,59811.74,60247.26
1618070400,60247.26,60550,59550,59567.38
1618084800,59567.38,59842.63,58374.61,59769.13
1618099200,59769.13,60699,59544.94,60268.58
1618113600,60268.58,60328,59339.83,59655.49
1618128000,59655.5,60144.7,59450,59721.84
1618142400,59721.85,59844,59232.52,59645.46
1618156800,59645.45,60190,59405.18,59705.53
1618171200,59705.53,60130.57,59433.29,60002.43
1618185600,59998.8,60456.29,59586.01,60368.96
1618200000,60368.95,61300,60020,60711.01
1618214400,60711,60878.25,59350.59,60241.5
1618228800,60241.5,60584.28,59610.96,59986.83
1618243200,59986.82,60223,59680.9,60090.41
1618257600,60090.42,60241.32,59759.05,59860
1618272000,59860.01,61100,59805.15,60493.43
1618286400,60493.43,61415.5,60330.74,61050.99
1618300800,61050.99,63287.88,61046.45,62942.21
1618315200,62942.21,63657.86,62500,63331.83
1618329600,63331.83,63777.77,62530,62997.02
1618344000,62997.02,63666,62842.99,63575
1618358400,63575.01,63869.99,63063.32,63749.19
1618372800,63749.19,64854,63605.85,64288.8
1618387200,64288.8,64787.98,63012.84,64511.21
1618401600,64509.48,64640.58,62345.67,63045.02
1618416000,63045.03,63764.62,61301,62150.04
1618430400,62150.03,63062.38,61873.51,62959.53
1618444800,62959.53,63491.45,62333.55,63056.61
1618459200,63056.62,63460.22,62706.4,62842.56
1618473600,62842.56,63137.92,62020,62361.12
1618488000,62359.11,63074.05,62347.36,62715.18
1618502400,62715.17,63573.02,62308,63363.29
1618516800,63363.29,63800,62963.78,63159.98
1618531200,63158.74,63520.61,62684.01,62937.91
1618545600,62942.41,62961.81,61025,61414.83
1618560000,61414.88,61607.83,60000,60853.81
1618574400,60853.8,61627,60250,61551.62
1618588800,61551.62,61877,61105,61713.43
1618603200,61713.42,62087.98,61333,61334.8
1618617600,61334.81,62506.05,61114.14,62372.27
1618632000,62372.27,62464.38,61857.55,62114.99
1618646400,62114.99,62458.28,60700.55,60886.91
1618660800,60886.93,61222,60094,60264.66
1618675200,60264.65,60785,59580.91,60705.02
1618689600,60705.02,60955,59969.98,60006.66
1618704000,60006.67,60499,50931.3,55014.46
1618718400,55000.01,56527.04,53924.76,56180.34
1618732800,56184.51,56498,53064.66,53308.92
1618747200,53299.32,55774.23,53200,55452.45
1618761600,55452.45,55967.66,54859.75,55720.66
1618776000,55720.66,56688.28,55537.48,56150.01
1618790400,56150.01,57291,55690.62,57030.9
1618804800,57030.9,57485.46,56410.68,57323.35
1618819200,57323.34,57526.81,56120.03,57107.4
1618833600,57107.41,57142.2,54221.58,54585.22
1618848000,54581.82,56100,54351.67,55930.94
1618862400,55930.94,56600,55517.45,55633.14
1618876800,55633.14,55792.15,54237.04,54764.12
1618891200,54764.13,55486.31,53329.96,54410.57
1618905600,54410.57,56419.13,54230.38,56266.83
1618920000,56266.83,56455.93,54649.58,55323.19
1618934400,55323.18,56782,55099.63,56572.44
1618948800,56572.44,57076.24,56090,56425
1618963200,56425,56757.91,55170.61,55204.6
1618977600,55204.6,55822.77,54968.69,55304.04
1618992000,55304.04,55750,54276.85,54563.37
1619006400,54563.36,56346.7,54300,56153.75
1619020800,56149.93,56339.98,55129,55478.7
1619035200,55478.7,55481.16,53536.02,53787.63
1619049600,53787.62,54638,52569.17,53497.09
1619064000,53494.63,54850,53450,54144.99
1619078400,54146.01,55223,53080,54866.62
1619092800,54866.63,55521.48,54310.04,54651.64
1619107200,54651.63,55166.19,52222.17,52923.54
1619121600,52923.54,52932.39,50500,51690.96
1619136000,51690.95,52131.85,48555,50298.76
1619150400,50298.76,50572.08,47700,47942.44
1619164800,47936,50269.17,47500,50070.36
1619179200,50070.36,50300,48541,49836.62
1619193600,49836.63,50920,49470.26,50876.72
1619208000,50876.71,51301.34,50140,51125.14
1619222400,51110.56,51166.22,49304.06,50109.93
1619236800,50109.92,50631.16,49649.7,49805.2
1619251200,49798.96,50217.89,48657.14,49073.71
1619265600,49072.12,50360.63,48900,50212.03
1619280000,50210.01,50888,49650,50667.75
1619294400,50667.79,51000,49900,50047.84
1619308800,50047.84,50452.85,49600,49615.54
1619323200,49626.76,49705.04,49600.24,49683.94
1619337600,49683.95,50280,49161.94,49550.73
1619352000,49550.74,50567.91,49450,50257.97
1619366400,50257.97,50434,49295.09,49333.01
1619380800,49333.01,49593.18,46930,49066.77
1619395200,49066.76,52500,48753.44,52398.99
1619409600,52398.99,53080,52000,52801.37
1619424000,52801.37,53685,52275,53598.39
1619438400,53598.39,53950,53200,53571.12
1619452800,53571.13,54356.62,52868.07,54036.19
1619467200,54038.21,54250,52600.36,54001.39
1619481600,54001.38,54160.61,53267.71,53460.3
1619496000,53460.3,54933.74,53222,54545.01
1619510400,54545,55242.32,54248.92,55152.43
1619524800,55152.43,55300,54258.32,54981.87
1619539200,54981.86,55081.61,54258.4,54761.7
1619553600,54761.7,55460,54738.43,55011.97
1619568000,55011.97,55738,54769.42,54774.05
1619582400,54774.05,54995.07,53813.16,54255.98
1619596800,54255.98,55087.85,53917.64,54853.26
1619611200,54853.26,55327,54111.11,54338.14
1619625600,54338.14,55432,54245.33,55411.97
1619640000,55407.03,56428,54002,54846.22
1619654400,54846.23,55195.84,54046.33,54265.1
1619668800,54265.1,54493.87,53482.22,54465.14
1619683200,54465.27,54739.43,53759.98,54300.16
1619697600,54300.16,54531.89,53303.68,53703.11
1619712000,53703.11,53816.19,52476.69,52860.02
1619726400,52860.02,53650.63,52330.94,53555
1619740800,53555,53816.36,53013.01,53679.03
1619755200,53679.04,54558.8,53673.05,54343.11
1619769600,54343.11,54792.33,54051.11,54230.63
1619784000,54230.64,57258.15,54170.89,57180.06
1619798400,57180.05,57385,56277.39,57007.38
1619812800,57007.38,57963,56374.21,57694.27
1619827200,57697.25,58458.07,57421.05,58178.67
1619841600,58177.59,58422.31,57585.55,57725.14
1619856000,57725.14,57930,57116.16,57816.9
1619870400,57816.91,58043.01,56956.14,57356.58
1619884800,57356.59,57998.97,57218,57770.31
1619899200,57770.32,57939,57243.65,57800.37
1619913600,57797.35,57911.02,56323.66,56450.19
1619928000,56450.19,57129,56171.31,56633.02
1619942400,56633.03,57090,56035.25,57090
1619956800,57090,57286.96,56231.55,56595.2
1619971200,56595.2,56968.56,56317.59,56836.4
1619985600,56836.39,57141.05,56212,56578.21
1620000000,56578.21,58289.99,56525,57925.8
1620014400,57925.79,58848,57696.7,58787.87
1620028800,58787.88,58981.44,58277.12,58657.63
1620043200,58657.64,58770,57260,57601.83
1620057600,57603.33,58170,57169,57564.87
1620072000,57564.86,57575.05,56435,57169.39
1620086400,57169.39,57200,54580,55452.17
1620100800,55452.16,56361.82,55122,55917.97
1620115200,55917.98,56637.89,55555,56143.42
1620129600,56143.43,56321.18,53526,53799.33
1620144000,53802.54,54745.81,53201.01,54541.13
1620158400,54539.73,54824,53046.69,53200.01
1620172800,53205.05,55415.83,52900,54795.19
1620187200,54798.87,55285.71,53922.84,54858.35
1620201600,54858.35,55809.24,54679.13,55108.95
1620216000,55108.95,57712.06,55032.65,57636.74
1620230400,57635.89,58069.82,57043,57136.04
1620244800,57136.04,57619.86,56576.04,57436.11
1620259200,57436.11,57570,56570.66,56797.09
1620273600,56797.09,57568.42,56331.66,56814.79
1620288000,56814.79,58360,56772.75,57988
1620302400,57988,58099,56763,57088.49
1620316800,57088.48,57475,55200,56128.42
1620331200,56128.42,56794.4,55674.13,56393.68
1620345600,56393.68,57122.17,55476.74,55705.67
1620360000,55705.67,56280.88,55241.63,55766.34
1620374400,55766.33,56784,55570.35,56464.74
1620388800,56464.74,57680,56228.24,57519.24
1620403200,57519.25,58650,57132.65,57584.01
1620417600,57584.01,58074.31,56749.75,57314.75
1620432000,57315.49,58400,56900,58099.98
1620446400,58099.86,58599.99,57500,58463.06
1620460800,58463.06,59379.26,58305,58556.09
1620475200,58556.09,59438.64,57472.95,57599.87
1620489600,57599.86,59300,57560.63,59030.56
1620504000,59030.56,59500,58466,58862.05
1620518400,58866.53,59300,58325.09,58632.78
1620532800,58635.72,58974.91,57575,57965.59
1620547200,57965.59,58400,57535.61,57907.49
1620561600,57907.49,58000,56235.66,57379.58
1620576000,57379.58,57883.11,57048.96,57266.97
1620590400,57266.97,58439.7,57179.18,58240.84
1620604800,58240.83,59444.9,58009.96,59356.76
1620619200,59356.77,59500,58355.79,58370.17
1620633600,58370.17,58593.79,57301.81,58070.63
1620648000,58070.63,58320,56700,58296.36
1620662400,58296.35,58593.7,55516.85,55733.76
1620676800,55733.76,56269.89,53400,55816.14
1620691200,55816.14,56435.48,54370,55142.46
1620705600,55142.44,55846.9,54589,55740.09
1620720000,55737.89,56190,55125.71,55210.47
1620734400,55210.47,56176,54766.44,56052.82
1620748800,56052.83,56850,55750,56608.94
1620763200,56608.93,56862.43,56168.98,56670.02
1620777600,56670.02,57872.18,56555.12,57756.94
1620792000,57756.95,58000.01,56882,57101.07
1620806400,57101.08,57195.5,55950.45,56421.46
1620820800,56421.45,56900,55232.56,55479.13
1620835200,55479.13,55677.31,53500,54432.39
1620849600,54437,54751.92,48600,49631.32
1620864000,49537.15,50829.98,46000,50461.99
1620878400,50461.99,51367.19,50282,50879.72
1620892800,50879.73,50950,48457.12,49777.01
1620907200,49777.01,50884.34,49458.68,49627.64
1620921600,49627.63,50429.99,47000,48568.85
1620936000,48569.97,49879.77,48350,49670.97
1620950400,49671.92,50390.7,49021.01,49157.93
1620964800,49157.94,50286.26,48799.75,49987.2
1620979200,49987.19,50958.32,49880,50538.14
1620993600,50538.13,51483,50037,51211.98
1621008000,51211.98,51322.41,50083.8,50138.09
1621022400,50141.33,50294.6,49030,49841.45
1621036800,49844.16,50700,49269.78,49627.01
1621051200,49627.02,49861.2,48400,48469.28
1621065600,48469.71,49298.59,47721.84,48929.74
1621080000,48929.73,49697.63,48527.07,48982.99
1621094400,48983,48994.27,46900,48108.4
1621108800,48108.4,48738.75,46555,46762.99
1621123200,46762.99,48406.44,46467,48383.46
1621137600,48386.62,49500,48034.82,49375.28
1621152000,49375.28,49795.89,48656,49014.99
1621166400,49014.99,49249.06,47566.01,47727.26
1621180800,47727.26,48097.59,44444.44,45549.26
1621195200,45553.24,46480,43825.39,46431.5
1621209600,46426.83,46686,42777,42915.46
1621224000,42915.46,45400,42196.97,45149.18
1621238400,45143.28,45800,44291.84,45731.39
1621252800,45733.55,45791.04,43156,43362.75
1621267200,43357,44400,42001,44197.73
1621281600,44197.73,44939.2,42500,43538.04
1621296000,43538.02,45281.34,43150.79,44779.83
1621310400,44774.78,45799.29,44738.26,45172.7
1621324800,45172.69,45662.14,44607.08,45321.02
1621339200,45318.76,45341.84,42507,42969.47
1621353600,42969.46,43825.65,42371.96,43262.71
1621368000,43262.7,43522.64,42250.02,42849.78
1621382400,42849.78,43584.9,40125,40591.15
1621396800,40591.99,40846.97,38550,40371.44
1621411200,40354.98,40888,36333,38700
1621425600,38700,39295.51,30000,37318.52
1621440000,37310.14,40442,36111,39342.93
1621454400,39337.45,40200,36600.01,36690.09
1621468800,36671.23,38599,34850,38341.04
1621483200,38340.01,40780.87,38202.11,39959.68
1621497600,39959.67,40690.56,38700,40475.17
1621512000,40476.68,42451.67,40086.09,41432.88
1621526400,41432.88,41450,38110,40116.04
1621540800,40116.04,41900,39383.52,40526.64
1621555200,40525.39,42200,40408.84,40666.91
1621569600,40662,40800,39222,39842.57
1621584000,39842.58,41230.67,39277,41124.29
1621598400,41124.3,41789.4,36444.44,36794.57
1621612800,36803.28,37825.75,35501.01,36062.12
1621627200,36062.13,37447,33488,37252.01
1621641600,37263.35,38100,36517.03,36951.85
1621656000,36947.31,37219.45,35200.62,36269.28
1621670400,36266.36,38827.52,36258.96,38157.76
1621684800,38157.75,38829,37000,38162.4
1621699200,38161.92,38600,37158.14,37286.65
1621713600,37286.65,38400,37268.76,37449.73
1621728000,37458.51,38270.64,36668.99,37421.59
1621742400,37421.59,37421.59,35530,35927.69
1621756800,35927.7,35930.89,33800.59,35389.1
1621771200,35386.8,35800,32600,33318.09
1621785600,33316.42,33900,31111.01,33051.73
1621800000,33047.33,35000,33045.31,34655.25
1621814400,34681.44,35889,34664.77,35251.37
1621828800,35250.56,36887,34031,36645.79
1621843200,36645.79,37922.18,35877.52,37600.01
1621857600,37600.01,38637.7,37266.58,37539.63
1621872000,37539.64,39787.96,36818.55,39606.1
1621886400,39606.11,39920,37955.42,38796.29
1621900800,38810.99,39791.77,37800.5,38304.51
1621915200,38306.43,39200,37608,38985.06
1621929600,38993.91,39110,36486,36537.16
1621944000,36537.17,38481.18,36419.62,38277.57
1621958400,38277.55,38299.88,37011,37292.69
1621972800,37292.69,38753.98,37250.01,38324.72
1621987200,38324.72,39693.66,37800.44,39503.98
1622001600,39503.98,40755,39000,40445.79
1622016000,40445.79,40841,39379.79,39850.65
1622030400,39850.66,40289.75,38440,38758.61
1622044800,38758.62,39350,37900.03,38485.1
1622059200,38476.74,39450.69,38280.19,39241.91
1622073600,39241.92,39243.1,37134.27,37621.56
1622088000,37623.64,38407.42,37204.76,38275.47
1622102400,38275.47,39888.02,37826.08,39690.01
1622116800,39690,40411.14,39256.59,39667
1622131200,39666.99,39721.28,38500,38768.35
1622145600,38768.36,39187.35,38195.19,38529.98
1622160000,38529.99,38877.83,37687.77,38237.18
1622174400,38237.1,38237.1,36442,36975.93
1622188800,36975.65,37250,35100,35351.65
1622203200,35351.65,37279.98,35168.24,36749.31
1622217600,36751.59,36845.93,35551.06,35789.3
1622232000,35789.31,36240,34684,35663.49
1622246400,35661.79,36774.44,35617.87,36458.77
1622260800,36458.77,37338.58,35604.3,36145.02
1622275200,36145,36350,34567.89,35375
1622289600,35375,35402.34,33800,34416.27
1622304000,34416.26,35049,33632.76,34025.43
1622318400,34025.44,35100,33752.3,34605.15
1622332800,34605.15,34974.99,33379,34770.12
1622347200,34770.13,36232.09,34631.73,35998.33
1622361600,35996.12,36420,35546.42,36359.44
1622376000,36359.44,36488,35100,35477
1622390400,35477,36284.44,35300,36077.59
1622404800,36077.59,36350,35500,35641.27
1622419200,35641.26,36000,34250.55,34489.57
1622433600,34489.58,35975,34153.84,35850.17
1622448000,35850.17,37195,35588.08,36836.46
1622462400,36836.46,37278.03,36333.44,36961.16
1622476800,36961.16,37457.07,36510.01,36863.67
1622491200,36865.75,37499,36557.3,37253.81
1622505600,37253.82,37894.81,36478,36704.99
1622520000,36706.8,37443.72,36561.89,36831.58
1622534400,36831.58,36939.81,35902.43,36596.62
1622548800,36596.63,37440,35666,36235.29
1622563200,36235.28,36492.89,35716.66,35973.87
1622577600,35973.86,36800,35873.08,36693.09
1622592000,36694.85,36900,35920,36472.39
1622606400,36472.38,37400,36472.38,37220
1622620800,37219.99,37538.07,36851.45,37203.08
1622635200,37203.08,38225,37058.61,38040.7
1622649600,38040.69,38200,37727.37,37884.57
1622664000,37884.58,37929.97,37320,37568.68
1622678400,37568.68,37903.14,37170,37634.57
1622692800,37635.24,39039.19,37600,38634.09
1622707200,38634.77,39476,38518.96,38781.75
1622721600,38781.75,39265.25,38288,38535.61
1622736000,38535.6,38997,38431.03,38596.64
1622750400,38596.65,39450,38532.31,39246.79
1622764800,39246.78,39289.07,37320.26,37933.72
1622779200,37933.73,37939.25,36218.21,36610.29
1622793600,36606.8,37028.65,36072.82,36585.66
1622808000,36585.67,37139,35555.15,36948.85
1622822400,36948.86,37248.94,36708,36800.99
1622836800,36801,37246.99,36462.42,36829
1622851200,36829.15,37846.6,36613.22,37410
1622865600,37410.04,37925,37410.04,37582.14
1622880000,37582.13,37850,35667,35869.42
1622894400,35869.42,36435,35250,36321.42
1622908800,36321.42,36324.2,35692.04,35778.94
1622923200,35777.61,36016.1,34800,35513.2
1622937600,35516.07,36257.34,35405.61,35989.67
1622952000,35988.56,36480,35701.04,36132.57
1622966400,36132.52,36414.55,35800.93,35868.13
1622980800,35868.12,36429.28,35450,36157.47
1622995200,36157.47,36317.81,35705,35747.15
1623009600,35747.14,35995.28,35222,35796.31
1623024000,35796.31,36900,35498.62,36392.93
1623038400,36392.94,36545.01,35850.66,36139.99
1623052800,36139.99,36591.72,35900.52,36376.47
1623067200,36376.47,36777.47,35860.5,36035.51
1623081600,36035.35,36079.63,35328.02,35634.46
1623096000,35634.45,35744.52,33300,33552.79
1623110400,33556.96,34068.01,32351,32817.09
1623124800,32817.09,33246.09,32123,32966.7
1623139200,32966.7,33373.01,32651.52,33089.99
1623153600,33084.43,33179.23,31000,31705.24
1623168000,31705.25,32999.35,31563.52,32864.18
1623182400,32864.19,33841.98,32661.95,33380.81
1623196800,33380.8,33540.47,32396.82,32863.07
1623211200,32862.25,34512.95,32536.49,34169.05
1623225600,34168.11,35045.55,33808,34972.42
1623240000,34972.42,36736,34512.94,36357.11
1623254400,36356.42,37000,35650.16,36260.45
1623268800,36260.45,37534.79,36112,37388.05
1623283200,37388.05,37666.11,36751.07,36959.69
1623297600,36959.7,37220.99,36500,36962.14
1623312000,36962.12,38491,36242.57,37818.54
1623326400,37819.27,38198.23,36612,36896.75
1623340800,36896.65,37150,36100,36675.09
1623355200,36675.1,37088,35782,36675.72
1623369600,36677.83,37300,35936.77,36754.4
1623384000,36754.41,37435,36390.32,37147.55
1623398400,37147.56,37680.4,36921,37378.82
1623412800,37378.82,37589,36747.62,36818.41
1623427200,36818.42,37419.01,36511.52,37246.77
1623441600,37246.76,37498.58,36745,37331.98
1623456000,37331.98,37463.63,35277,35571.19
1623470400,35572.84,35726.68,35000,35289.06
1623484800,35289.06,35900,34600.36,35596.7
1623499200,35597.5,36238,35315,35384.96
1623513600,35384.96,35997.67,35300,35730
1623528000,35730.01,36143.93,35420.32,35546.11
1623542400,35546.12,35926.96,34816.02,34867.8
1623556800,34867.81,35499.86,34757,35280.02
1623571200,35282.02,36099,35171.55,35904.03
1623585600,35904.02,36150,35670,36034.97
1623600000,36034.96,37750.14,35970,37650
1623614400,37650,39380,37636.18,39020.57
1623628800,39020.56,39800,38730,38975.14
1623643200,38975.14,39700,38782.34,39555.24
1623657600,39555.25,39629.01,38820,39166.33
1623672000,39166.33,41064.05,39040,40685.37
1623686400,40685.37,40740.03,39323.1,39716.06
1623700800,39716.06,40605.87,39602,40516.29
1623715200,40516.28,40900,39856.6,40404.86
1623729600,40403.13,40580,40100,40365.74
1623744000,40367.41,40400,39531,39839.9
1623758400,39839.9,40450,39720,40065.01
1623772800,40065.01,41330,39768,39958.01
1623787200,39957.76,40365.27,39506.4,40144.04
1623801600,40143.8,40181.95,39610,40013.63
1623816000,40013.64,40527.14,39840,40126.87
1623830400,40126.87,40260.14,38877.46,39080.01
1623844800,39080.01,39504.99,38565,38775.66
1623859200,38775.66,39735.52,38301.68,38680.11
1623873600,38680.1,38925,38116.01,38349.01
1623888000,38349,38978.75,38213.23,38865.05
1623902400,38865.05,39400,38644.4,39207.36
1623916800,39208.67,39559.88,39057.27,39146.36
1623931200,39148.26,39195.9,38411.39,39007.91
1623945600,39008.01,39111.56,37505,37702.53
1623960000,37702.53,38258,37365,38092.97
1623974400,38092.97,38202.84,37213,37926.79
1623988800,37926.78,38148.11,37377,37715.03
1624003200,37715.04,38029.99,37063.8,37821.95
1624017600,37818.57,37948.55,36278.5,36355.1
1624032000,36355.97,36818.44,35129.29,35327.24
1624046400,35323.65,35928.39,35232.26,35819.84
1624060800,35820.48,36297.3,34803.52,35103.44
1624075200,35103.44,35873.9,34961.39,35785.96
1624089600,35785.95,35995,35561.81,35940.22
1624104000,35940.22,36457,35550,36114.85
1624118400,36114.85,36210,35360.08,35943.65
1624132800,35943.65,36200,35394.75,35483.72
1624147200,35483.72,35800,35119.21,35527.24
1624161600,35527.25,35922,35363.02,35637.71
1624176000,35637.72,35693.88,33724.48,33872.9
1624190400,33870.56,34666,33336,34422.71
1624204800,34422.11,35700.92,34289,35502.82
1624219200,35502.83,36137.72,35380,35600.16
1624233600,35600.17,35750,34566.82,34649.63
1624248000,34651.86,34725.82,32266,33025.5
1624262400,33025.5,33577.12,31710,32520.56
1624276800,32530.68,33222.22,31927.91,32687.99
1624291200,32685.84,33000,32034.52,32563.89
1624305600,32563.89,32800,31251.23,31608.93
1624320000,31614.12,33260,31168,33018.22
1624334400,33018.21,33109.81,32479,32648.98
1624348800,32647.96,32658.63,31112,31243.41
1624363200,31236.53,31980,28805,31708.08
1624377600,31707.56,33298.78,31620,32404.06
1624392000,32404.06,32987,32150,32509.56
1624406400,32509.56,34444,31683,33966.43
1624420800,33969.69,34392.1,33574.11,33982.26
1624435200,33982.26,34500,33650.21,33911.39
1624449600,33911.4,34881,33400.3,33490.14
1624464000,33490.14,33947.17,32870.99,32879.97
1624478400,32882.5,33785.26,32749.01,33678.07
1624492800,33675.07,33879.99,32339.82,32589.2
1624507200,32589.2,33280.55,32286.57,32853.74
1624521600,32853.74,33930.23,32820.61,33850.77
1624536000,33850.78,34583.58,33756.04,33886.52
1624550400,33888.81,35298,33751,34857.73
1624564800,34854.63,34999.09,34512,34663.09
1624579200,34663.08,35500,34251,35052.07
1624593600,35057.7,35100,33961.48,34283.82
1624608000,34281.37,34480,33234.37,33311.96
1624622400,33311.96,33600.77,32351,32607.07
1624636800,32607.07,32910.64,31500,32220.74
1624651200,32222.91,32369,31275,31584.45
1624665600,31576.09,32268.91,31300,31977.59
1624680000,31979.71,32730,30573.77,30720.37
1624694400,30713.54,31883.6,30151,31777.73
1624708800,31777.9,31985,30505,31523.5
1624723200,31526.88,31910,30776.63,31573.98
1624737600,31573.97,32300.24,30905.78,32283.65
1624752000,32283.65,33200,31973.45,33146.91
1624766400,33146.91,33499,32811.9,33283.17
1624780800,33291.81,33451,32268,33246.55
1624795200,33246.56,33574.32,32717.52,33200.02
1624809600,33200.06,33400,32574.28,32815.19
1624824000,32815.18,34749,32357.13,34700.34
1624838400,34702.49,34972.28,34254.75,34398.36
1624852800,34395.03,35297.71,34275.87,35028.69
1624867200,35028.69,35172.21,33960,34107.2
1624881600,34107.2,35000,33862.72,34969.99
1624896000,34969.98,35030.92,33931,34441.77
1624910400,34441.77,34819,34112.03,34494.89
1624924800,34494.89,35169.56,34225.43,34577.16
1624939200,34577.09,35448,34534,34849.27
1624953600,34849.2,35768.9,34730,35555.62
1624968000,35555.64,36428,35343.12,36248.99
1624982400,36248.99,36600,36050,36382.39
1624996800,36382.39,36488.7,35700.01,35911.73
1625011200,35911.72,36100,34936,35119.99
1625025600,35119.99,35290.97,34666,35250.54
1625040000,35250.54,35333.33,34401.01,34849.99
1625054400,34849.99,35010.85,34083.92,34193.44
1625068800,34193.44,34899,34017.55,34743.56
1625083200,34743.56,35194.04,34391.43,35045
1625097600,35045,35057.57,34120,34120.01
1625112000,34120.01,34467.09,33312.52,33348.3
1625126400,33350,33749,33001,33717.52
1625140800,33717.52,33917.93,33055,33432.54
1625155200,33432.54,33654.49,32711,33091.48
1625169600,33091.48,33649,33091.48,33504.69
1625184000,33502.33,33977.04,32767.74,32907.22
1625198400,32907.22,33500.36,32699,33358.26
1625212800,33358.32,33620,32770,33023.01
1625227200,33023.35,33724.34,32872,33704.91
1625241600,33704.9,33795.16,33109.76,33327.71
1625256000,33327.71,33898.95,33041.65,33786.55
1625270400,33786.54,33914.6,33316.73,33524.47
1625284800,33524.48,34663.48,33444.25,34499.54
1625299200,34499.53,34780,34406,34608.04
1625313600,34608.04,34816.5,34470,34608.48
1625328000,34608.48,34945.61,34485.49,34745.98
1625342400,34745.99,34914.76,34250.48,34669.13
1625356800,34669.12,34771.64,34357.15,34641.61
1625371200,34641.62,35727,34621.41,35600.63
1625385600,35603.02,35687.18,35364.21,35512.34
1625400000,35512.34,35572.72,35230.76,35513.29
1625414400,35513.28,35687.54,35385,35575.01
1625428800,35575.01,35967.85,35135,35286.51
1625443200,35288.13,35293.78,34180.18,34350.89
1625457600,34351.25,34415.64,34000,34256.17
1625472000,34257.37,34558.99,33300,33379.96
1625486400,33379.96,33777,33301.22,33585.91
1625500800,33585.89,34274.33,33125.55,34117.97
1625515200,34117.98,34210,33670.01,33690.14
1625529600,33690.15,34169.1,33634.76,33920.69
1625544000,33920.69,34959.73,33908.09,34874.85
1625558400,34874.85,35118.88,33730,34067.31
1625572800,34067.31,34516.38,33800.01,34042.43
1625587200,34042.44,34190,33532,34019.99
1625601600,34019.99,34323.77,33628.81,34220.01
1625616000,34220.02,34530,33941,34446.5
1625630400,34445.55,34919.28,34373.02,34710.38
1625644800,34710.4,34989,34457.11,34827.96
1625659200,34827.97,35059.09,34477.13,34528.6
1625673600,34528.6,34784,34412.43,34628.72
1625688000,34628.71,34628.71,33777.77,33862.12
1625702400,33862.11,33929.64,33066,33305.65
1625716800,33305.66,33512.53,32242.07,32487.57
1625731200,32487.56,32748.88,32077,32696.44
1625745600,32696.43,32988.87,32350,32900.01
1625760000,32900.05,33177.06,32641.36,33003.52
1625774400,33002.45,33067.09,32508,32875.71
1625788800,32875.71,33100,32261.07,32941.81
1625803200,32941.81,33310,32742,32910.21
1625817600,32902.13,33065,32598,32774.99
1625832000,32774.99,33682.43,32635.08,33558.67
1625846400,33558.81,33696.4,33287,33445.31
1625860800,33445.31,34100,33374.83,33815.81
1625875200,33815.81,34262,33631,33800.03
1625889600,33800.04,33909.67,33458.84,33766.01
1625904000,33766.01,33950,33565,33793.94
1625918400,33793.95,33943.4,33634.16,33862.54
1625932800,33862.55,34192,33223.31,33409.92
1625947200,33411.41,33698.99,33004.78,33502.87
1625961600,33502.87,33817.83,33387.72,33448.97
1625976000,33448.97,33642.74,33306.47,33508.83
1625990400,33508.82,33870,33424.84,33814.84
1626004800,33814.82,33994.69,33654.36,33948.68
1626019200,33948.68,34123.08,33779.68,33894.57
1626033600,33894.57,34666,33710.94,34258.99
1626048000,34259,34537.39,34006.92,34447.92
1626062400,34447.92,34678.43,34160.39,34281.74
1626076800,34281.74,34488.27,33525.66,33530
1626091200,33530,33636.92,33316.2,33337.49
1626105600,33337.49,33441,32750,32822.85
1626120000,32822.85,33284.99,32658.34,33086.63
1626134400,33086.94,33229,32830.98,33071.14
1626148800,33071.13,33333.33,32742.01,33180.08
1626163200,33180.11,33340,32912.29,33042.61
1626177600,33042.61,33049,32280,32790.08
1626192000,32791.71,32956.26,32231.42,32309.69
1626206400,32309.69,32750,32202.25,32729.77
1626220800,32729.12,32807.41,31650.61,31830.01
1626235200,31830.01,32015.98,31655.83,31920.01
1626249600,31920.01,32707.27,31550,32451.99
1626264000,32450.95,32959.21,32280,32786
1626278400,32786.01,33114.03,32564.44,32729.76
1626292800,32729.77,33063.82,32681,32820.02
1626307200,32820.03,33185.25,32580.12,32641.65
1626321600,32641.66,32691.42,32359.65,32469.5
1626336000,32468.3,32620.31,31800,31880.5
1626350400,31880.5,32152.97,31455,31677.01
1626364800,31678.5,31800,31133,31533.62
1626379200,31538.92,31898,31503.35,31880
1626393600,31874.49,32049.45,31556.95,31914.89
1626408000,31914.9,32020,31548.15,31774.49
1626422400,31779.98,31779.99,31020,31086.53
1626436800,31086.52,32212.52,31067.43,32127.39
1626451200,32127.4,32249.18,31810,31911.34
1626465600,31911.34,31987,31336.98,31383.87
1626480000,31383.86,31642.64,31164.31,31306.56
1626494400,31306.57,31590.94,31190,31513.64
1626508800,31513.64,31955.92,31250,31391.33
1626523200,31391.34,31772.02,31341.16,31764.75
1626537600,31763.98,31920,31537,31834.33
1626552000,31834.33,31898.5,31480.66,31520.07
1626566400,31520.07,32435,31463,32166
1626580800,32166,32190.45,31680.01,31712.1
1626595200,31712.1,31868.53,31565.58,31801.01
1626609600,31801.79,31849.54,31108.97,31365.6
1626624000,31365.6,31763.11,31290,31643.8
1626638400,31642.91,31943,31420,31778.56
1626652800,31778.57,31861.79,31431.87,31541.57
1626667200,31541.58,31899,31523.28,31604.33
1626681600,31604.32,31669.73,31155,31265.92
1626696000,31267.84,31375,30407.44,30687.96
1626710400,30687.84,30857.61,30520.01,30744.97
1626724800,30744.84,30984.4,30691.72,30839.65
1626739200,30839.65,31063.07,29501,29600.46
1626753600,29600.46,29938.71,29505.95,29821.73
1626768000,29821.72,29888.18,29278,29692.79
1626782400,29693.63,29988,29279.13,29888.36
1626796800,29890.8,29984.82,29605,29780.86
1626811200,29780.87,29994.41,29500,29790.35
1626825600,29790.34,29910,29482.61,29845.1
1626840000,29845.11,30942.42,29830.51,30817.84
1626854400,30817.84,31655,30716.37,31534.11
1626868800,31534.12,31969.99,31419.6,31933
1626883200,31934.54,32858,31584.52,31627.57
1626897600,31627.58,32247.63,31516.3,32144.51
1626912000,32144.51,32376.78,31777,31929.64
1626926400,31929.64,32344.9,31860,32129.75
1626940800,32129.74,32259,31708,31913.64
1626955200,31913.64,32584.06,31724.39,32504.82
1626969600,32504.83,32591.35,32222,32376.93
1626984000,32376.93,32487.19,32051.85,32287.83
1626998400,32287.58,32799,32201.02,32594.46
1627012800,32592.21,32915,32360.67,32490
1627027200,32489.99,32540.2,32210,32296.51
1627041600,32296.51,32599.86,32214.32,32315
1627056000,32314.99,32334.68,31924.32,32248.63
1627070400,32248.64,33650,32193.06,33634.09
1627084800,33634.1,33780.23,33401.14,33669.98
1627099200,33669.98,33934.25,33571.73,33806.5
1627113600,33806.49,34065.71,33542.4,33867
1627128000,33867,34047.86,33720.01,33847.51
1627142400,33847.51,34500,33703.73,33846.16
1627156800,33846.16,34283.42,33667.01,34258.14
1627171200,34261.51,34436.44,33851.12,34160.85
1627185600,34160.85,34785.33,34064.71,34695.51
1627200000,34695.51,34800,34238.56,34399.04
1627214400,34399.04,34434.06,33862.45,34174.08
1627228800,34174.08,34600,34090.63,34353.25
1627243200,34353.24,35398,34300,35381.02
1627257600,35381.02,39799.97,35205.78,38283.98
1627272000,38283.97,39265.17,37724.03,38150
1627286400,38149.99,38738.51,37661.7,38473.61
1627300800,38473.61,38880,37902,38562.21
1627315200,38562.21,40550,38492.31,39365.15
1627329600,39361.36,39510.96,36764.93,37237.6
1627344000,37241.33,37523.75,36383,36823.8
1627358400,36823.81,37325.71,36675.34,37115.11
1627372800,37115.1,38069.32,36969.52,38064.87
1627387200,38064.87,38771.91,37707.66,38209.58
1627401600,38209.58,38315.81,37350,37800.49
1627416000,37800.49,39542.61,37798.02,39457.87
1627430400,39456.61,40350,38904.11,39817.56
1627444800,39817.56,40183.67,39226.76,39895.88
1627459200,39897.97,40900,39359.21,40750.84
1627473600,40750.84,40871.59,39329.4,39689.04
1627488000,39689.04,40680.07,38772,40388.61
1627502400,40388.61,40388.61,39586.2,40019.56
1627516800,40019.57,40278.48,39200,39609.78
1627531200,39609.78,40270.53,39491.99,39934.62
1627545600,39935,40640,39501.78,39769.99
1627560000,39769.99,40143.74,39450,39939.33
1627574400,39939.32,40177,39390,39659.84
1627588800,39659.84,40419.3,39489.55,40016.48
1627603200,40018.49,40250,39742.59,39969.99
1627617600,39969.99,40030,39582.96,39726.01
1627632000,39726,39763.14,38313.23,38642.46
1627646400,38650,39161.97,38528.6,39073.85
1627660800,39072.65,39871.45,38871.74,39853.72
1627675200,39860.64,42316.71,39685,42206.37
1627689600,42206.36,42448,41627.6,41810.01
1627704000,41810,41876.34,41181,41540.32
1627718400,41540.31,41980,41337.02,41592.15
1627732800,41592.14,41746.64,41000.15,41537.83
1627747200,41535.71,41625.71,41033,41303.63
1627761600,41303.64,41984.73,41132.51,41461.83
1627776000,41461.84,42599,41120,42435.13
1627790400,42430.41,42441.26,41580,41701.26
1627804800,41701.25,41948,41325,41587.01
1627819200,41587,41810,41160,41286.98
1627833600,41286.99,41489.07,40600,41263.35
1627848000,41263.34,41500,39422.01,39845.44
1627862400,39850.27,40099.36,39250,39785.59
1627876800,39785.6,40480.01,39591.51,40104.45
1627891200,40104.45,40171.87,39319,39542.42
1627905600,39542.43,39818.18,38907.51,39705.12
1627920000,39705.12,39975.96,39012.17,39177.85
1627934400,39177.85,39545.24,38690,39147.82
1627948800,39146.86,39780,38512,38655.74
1627963200,38658.48,38828.59,37955.52,38593.44
1627977600,38593.43,38809,38315,38490.01
1627992000,38490.02,38703,37703.75,38169.44
1628006400,38169.45,38550.24,37642.03,38011.37
1628020800,38008.8,38643,37870,38207.05
1628035200,38207.04,38566.82,37890.54,37976.81
1628049600,37976.82,38213.99,37674.18,37828.84
1628064000,37828.84,38260,37508.56,38160.06
1628078400,38160.06,39472.47,38154.32,39302
1628092800,39302,39850,39240.2,39752.17
1628107200,39752.17,39969.66,39517.19,39723.18
1628121600,39723.17,39849.61,39167,39435.09
1628136000,39438.06,39530.6,38722,38870.59
1628150400,38870.58,38958.64,37821,38008.38
1628164800,38008.45,39370,37332.7,38750.01
1628179200,38750,41350,38737.31,40692.24
1628193600,40692.24,41290.01,40666.1,40862.46
1628208000,40862.46,41015.99,39900.39,40219.47
1628222400,40219.47,41199.99,39853.86,40729.59
1628236800,40731,41120,40387.77,40507.56
1628251200,40507.56,42455.73,40300,42199.98
1628265600,42199.97,43392.43,42199.97,42901.17
1628280000,42901.18,42967.68,42393.02,42836.87
1628294400,42836.87,43770.03,42579.16,43691.86
1628308800,43691.95,43930.4,43040,43207.89
1628323200,43207.89,43989.49,43110.01,43800.03
1628337600,43800.03,44555,43000,43370.23
1628352000,43370.23,44059.21,42446.41,43931.41
1628366400,43931.41,44700,43470,44572.54
1628380800,44572.54,44776,43785,44322.42
1628395200,44322.42,45310,44155.21,44804.51
1628409600,44804.51,45014.45,44071.82,44452.06
1628424000,44452.05,45198.27,43737,43984.55
1628438400,43988.88,44391.35,43261,43715.1
1628452800,43715.1,44581,43541.05,43794.37
1628467200,43794.36,43960.84,42779,43496.09
1628481600,43496.09,43845.39,43234,43800.74
1628496000,43800.74,46048.5,43600.92,45930.01
1628510400,45930.01,46250,45254.11,45870.75
1628524800,45870.76,46454.15,45671.24,45979.85
1628539200,45981.05,46412.99,44900,46253.4
1628553600,46248.87,46700,45629.67,45708.76
1628568000,45707.12,46023.92,45300,45948
1628582400,45948,46171.42,45192.79,45345.05
1628596800,45345.05,46097.99,44856,45165.73
1628611200,45161.75,45565.18,44589.46,45495.73
1628625600,45495.73,45906.54,45233.9,45584.99
1628640000,45585,45996.77,45341.14,45585.66
1628654400,45585.66,46433.67,45434.85,46349.25
1628668800,46349.26,46571.42,45850,45924.08
1628683200,45922.33,46743.47,45800,46456.02
1628697600,46456.91,46607.94,46205.37,46448
1628712000,46448.01,46680,45510.66,45511
1628726400,45510.67,46218.12,45392.44,45927
1628740800,45927,46016.57,44833.4,45243.61
1628755200,45243.61,45662.74,44600,44752.56
1628769600,44752.56,44968.29,43920,44196.19
1628784000,44196.19,44512.2,43770,44371.32
1628798400,44371.8,44549.99,43855.88,44399
1628812800,44400.06,44922,44217.39,44847.26
1628827200,44847.27,46336,44847.27,46103.51
1628841600,46103.5,46537.15,45959.9,46138.47
1628856000,46138.46,46666,46128.18,46357.15
1628870400,46357.15,46630,46222.31,46459.86
1628884800,46459.86,47886,46390,47800
1628899200,47799.99,47834.12,47382,47540
1628913600,47540,47722.98,47430,47616.12
1628928000,47616.12,48144,45971.03,46569.99
1628942400,46570.54,46950,46100,46944.47
1628956800,46944.47,47374.67,46568.21,47033.76
1628971200,47033.77,47213.88,46331.28,47068.51
1628985600,47068.5,47372.27,46802,46874.81
1629000000,46877.72,46888,45519,45742.92
1629014400,45738.34,46167.26,45555.55,45923.57
1629028800,45923.57,46498.89,45500,46167.9
1629043200,46173.49,46428.21,45649.82,46341.8
1629057600,46337.77,47299.15,46254.24,46973.82
1629072000,46973.82,48053.83,46741.44,47357.62
1629086400,47357.62,47719.3,47182.35,47309.85
1629100800,47309.85,47661.38,47000,47516.95
1629115200,47516.95,47709.12,45951.73,46344.03
1629129600,46344.03,46666,46067.51,46092.99
1629144000,46092.98,46337.62,45660,45901.29
1629158400,45901.3,46620,45239.45,46417
1629172800,46417,46600,45636.97,45947.49
1629187200,45947.49,47160,45885.01,46849.43
1629201600,46845.15,47082.6,45659,45730
1629216000,45730,46222.4,45287.55,45465.01
1629230400,45465.01,45543.44,44376,44695.95
1629244800,44695.95,45135.4,44203.28,45055.78
1629259200,45055.78,45500,44853.8,44951.32
1629273600,44951.31,45560,44650,44746.59
1629288000,44746.6,45833,44650.01,45820
1629302400,45820,46000,44772.65,44901.12
1629316800,44901.11,45192.89,44401,44705.29
1629331200,44699.37,45234.56,44044.65,44046.97
1629345600,44046.97,44660.9,43927.7,44660.01
1629360000,44660.01,45000,44175.47,44215.25
1629374400,44215.24,45800,44123.65,45779.58
1629388800,45779.59,46757.01,45405.86,46710
1629403200,46710,47033,46340.12,46760.62
1629417600,46760.62,47390,46622.99,47054.74
1629432000,47054.75,47246.39,46700.24,46833.48
1629446400,46833.48,47357.67,46720,46922.34
1629460800,46922.34,48720.29,46888.19,48718.38
1629475200,48718.38,49096.34,48289.43,48684.16
1629489600,48684.16,49382.99,48598.01,49322.47
1629504000,49322.47,49357.62,48670.1,48828.17
1629518400,48828.17,48990,48555,48944.23
1629532800,48944.22,49400,48222,48501.87
1629547200,48501.88,49405.52,48434.07,49180.98
1629561600,49180.98,49757.04,48765,48978.68
1629576000,48978.68,49390,48806.58,48821.87
1629590400,48821.88,49162.51,48601,48790
1629604800,48790,49272.7,48781.1,49195.01
1629619200,49195.01,49500,48900,49132.04
1629633600,49132.04,49210.93,48050,48526.61
1629648000,48526.62,48835.83,48168.01,48647.85
1629662400,48647.84,49489.73,48239.03,49239.22
1629676800,49239.22,50350,49070.01,50260
1629691200,50260,50399,49952.89,50130.05
1629705600,50130.05,50500,49975,50394.85
1629720000,50394.85,50459.93,49309.07,49537.97
1629734400,49536.85,49799.55,49077,49239.69
1629748800,49240.01,49739.37,49029,49488.85
1629763200,49488.85,49687.49,48776.26,49331.16
1629777600,49331.17,49860,49166.88,49770.13
1629792000,49770.13,49846,49060,49429.99
1629806400,49430,49455.92,48210.98,48310.74
1629820800,48310.73,48422.12,47749.1,48243.2
1629835200,48243.2,48404.19,47600,47674.01
1629849600,47674.01,48290.2,47652.36,47975.93
1629864000,47975.93,48603.84,47886.12,48144.58
1629878400,48144.58,48169.43,47126.28,47570.01
1629892800,47570.01,48900,47324.99,48822.49
1629907200,48817.41,49172.58,48507.71,48652.14
1629921600,48652.13,49264.3,48601.47,48973.32
1629936000,48973.32,49352.84,47829.61,47911.79
1629950400,47911.8,48055.55,46560.01,46891.75
1629964800,46891.75,47206.46,46693.68,46835.89
1629979200,46835.9,47431.17,46250,46800
1629993600,46800,47123.65,46485.16,46939.75
1630008000,46934.22,47439,46818,46843.87
1630022400,46843.86,47665.48,46348,46822.23
1630036800,46822.24,47546.18,46572.36,47483.44
1630051200,47479.77,47794.96,46989.48,47453.83
1630065600,47453.82,48451.51,47032.63,48184.67
1630080000,48184.66,48546.42,47969.42,48293.69
1630094400,48293.68,49149.93,48155,49069.9
1630108800,49069.9,49299,48835,48852.99
1630123200,48853,49079.84,48626.49,48950
1630137600,48949.03,49072.07,48627.31,48674.72
1630152000,48670.48,49200,48346.88,48811.12
1630166400,48811.12,49172.31,48500,48651.93
1630180800,48651.94,48975.16,48578.29,48895.35
1630195200,48895.35,49632.27,48067.53,48227.31
1630209600,48223.59,48600,47762.54,48480.1
1630224000,48480.11,48650.84,48140,48159.98
1630238400,48159.98,48561.46,48105.03,48474.95
1630252800,48474.96,48877.88,48329.22,48799.27
1630267200,48799.28,49385.42,48366.71,48767.83
1630281600,48767.84,48888.61,47803,47964.04
1630296000,47964.02,48139.63,47610.6,47930.4
1630310400,47933.16,48200,47620.05,47902.76
1630324800,47902.76,48089.3,47370,48019.64
1630339200,48012.78,48620,47956.63,48619.99
1630353600,48619.99,48696.87,46853,46982.91
1630368000,46982.91,47220.97,46700,47150.68
1630382400,47150.68,47900,46823.88,47761.26
1630396800,47761.26,48072.92,47137,47969.51
1630411200,47969.51,48246.11,47180,47397.13
1630425600,47397.13,47568.85,47001,47300.01
1630440000,47300,47345,46744.57,47100.89
1630454400,47100.89,47321.42,46512,47043.65
1630468800,47043.65,47473.28,46969.56,47171.01
1630483200,47171,47770,47111.25,47713.31
1630497600,47713.3,47836.69,47252,47488.49
1630512000,47488.5,49156,47386.66,48150
1630526400,48147.25,48873.89,48096.68,48810.52
1630540800,48810.51,49870,48584.06,49561.24
1630555200,49557.88,50450,49303.48,49846.27
1630569600,49846.27,50199,49658.99,50072.61
1630584000,50072.61,50450.13,49244.35,49540.7
1630598400,49540.7,49744.83,49186,49340.05
1630612800,49340.06,49841.41,49224.92,49246.64
1630627200,49246.63,49500,48316.84,49476.83
1630641600,49476.83,49755,49215.81,49305.11
1630656000,49305.1,50485,49255.57,50168.54
1630670400,50168.55,51000,49888.24,50550.44
1630684800,50550.45,50720,50210.67,50528.49
1630699200,50528.5,50534.32,49570,49999.14
1630713600,49998,50350.47,49575.83,50277.43
1630728000,50282.19,50463.08,50109.04,50187.29
1630742400,50187.3,50535.69,49690,49902.94
1630756800,49902.94,50317.05,49750,49873.53
1630771200,49873.52,50043.49,49370,49974.82
1630785600,49974.83,50262.95,49724.22,49915.64
1630800000,49917.54,50299.31,49657.14,49663.21
1630814400,49663.22,50040.01,49450,49857.14
1630828800,49857.14,50390.01,49810,50198.78
1630843200,50198.78,50494.11,50014.21,50214.95
1630857600,50214.95,50875.08,50120,50684.56
1630872000,50684.56,51900,50636.1,51756.88
1630886400,51756.88,51943.28,51447.89,51595.29
1630900800,51595.29,51994.37,51550,51796.19
1630915200,51796.18,52188.8,51282.05,51400.67
1630929600,51400.68,51721.94,50969.33,51604.45
1630944000,51604.45,52032.74,51478.63,51715.39
1630958400,51715.4,52780,51625.98,52663.9
1630972800,52666.2,52920,52336.1,52654.16
1630987200,52654.16,52731,52061.42,52344.08
1631001600,52344.08,52366.46,50402,50941.48
1631016000,50943.75,51124.91,42843.05,46656.07
1631030400,46656.07,47544.93,45901.57,46694.59
1631044800,46691.58,47186.3,46080.01,46863.73
1631059200,46868.57,47340.99,46234.29,46450.41
1631073600,46450.4,46825.5,45007,45080.3
1631088000,45075.72,46780,44412.02,46394.09
1631102400,46394.82,46900,45583,46087.35
1631116800,46082.9,46530,45860.01,46436.32
1631131200,46436.31,46779,45827.9,46048.31
1631145600,46048.31,46374.23,45513.08,46001.11
1631160000,46001.16,46358.4,45883.42,46275
1631174400,46275.01,46560,45888.38,46293.15
1631188800,46293.15,47240.68,45599,47001.65
1631203200,47001.65,47399.97,46460.87,46574.75
1631217600,46567.2,46646.56,46051.21,46395.14
1631232000,46395.14,47033,46262.01,46719.71
1631246400,46719.71,46817.99,45900,46160.55
1631260800,46160.55,46390,45623.44,46331.86
1631275200,46331.85,46494.99,44738.9,45420.86
1631289600,45420.86,45819.93,45308,45649.78
1631304000,45649.78,45831,44132.29,44850.91
1631318400,44842.2,45498.27,44722.22,45191.88
1631332800,45191.89,45469.85,44765.52,45043.97
1631347200,45043.97,45727.49,44835.29,45555.04
1631361600,45555.68,45796.93,45379.64,45573.99
1631376000,45573.99,45987.93,45300,45357.06
1631390400,45360.57,45450,44974.79,45173.69
1631404800,45173.68,45343.6,44742.06,45316.28
1631419200,45316.27,45500,45044,45357.02
1631433600,45357.03,46200,45301.1,46085.9
1631448000,46085.91,46270.56,45738,45886.99
1631462400,45890.61,46146.89,45761.01,45902.87
1631476800,45902.87,46460,44900,46025.24
1631491200,46025.23,46285.71,44555,44617.79
1631505600,44614.68,44974.19,44174,44470.63
1631520000,44470.62,44915,44164.2,44859.24
1631534400,44859.24,46880,43370,44361.31
1631548800,44361.97,44813.55,44167.01,44741.66
1631563200,44741.66,45500,44738.34,44940.73
1631577600,44940.72,45363.93,44594.44,45186.85
1631592000,45186.85,45881.6,45050.1,45720.02
1631606400,45720.03,46178.43,45678.01,45973.8
1631620800,45973.79,46950,45756.16,46754.42
1631635200,46754.43,46888.88,46331.01,46474.89
1631649600,46474.89,47250,46376.99,47111.52
1631664000,47103.28,47470,46938.22,47075.48
1631678400,47075.47,47221.54,46682.32,47172.84
1631692800,47172.84,47699,47013,47560.74
1631707200,47560.74,48370.31,47282.79,48288
1631721600,48287.99,48429.87,47835.36,48075.44
1631736000,48075.44,48500,47900,48121.41
1631750400,48121.4,48192.06,47337.58,47615.08
1631764800,47615.07,48557,47583.11,48343.52
1631779200,48343.52,48356.01,47623,47895.01
1631793600,47895.01,48226.38,47211.35,48020.24
1631808000,48020.24,48166.66,47269,47430.01
1631822400,47430,47942.41,47021.1,47737.82
1631836800,47737.81,48094.26,47450.44,47899.83
1631851200,47899.83,48150,47652.51,47719.73
1631865600,47719.73,47989.2,47278.9,47403.56
1631880000,47403.56,47656.35,47126.1,47527.52
1631894400,47527.52,47730,46750.47,47501.68
1631908800,47501.68,47578.94,46699.56,47299.98
1631923200,47299.98,47987.49,47035.56,47924.57
1631937600,47924.57,48843.2,47919.91,48622.01
1631952000,48622.01,48824.54,48315,48367.16
1631966400,48367.16,48680,48249.16,48414.99
1631980800,48414.99,48518.99,48062.63,48266
1631995200,48266,48369.37,47800.51,48292.74
1632009600,48292.75,48372.83,47591.83,47844.88
1632024000,47844.88,48218.97,47763.85,48157.7
1632038400,48157.7,48333,47180.32,47327.73
1632052800,47327.73,47770,47069.01,47646.72
1632067200,47646.71,47785,47287.91,47376.72
1632081600,47376.72,47666.01,46829.18,47241.75
1632096000,47241.75,47347.25,45100,45542.76
1632110400,45542.75,45836.85,44444,44824.89
1632124800,44830.01,45295,43240.33,43739.75
1632139200,43734,44135,42500,43844.88
1632153600,43844.88,44250,42888,43850.25
1632168000,43850.26,43968.67,42551.11,43015.62
1632182400,43016.64,43111,40200,42683.01
1632196800,42683.02,43340,42172.24,43301.07
1632211200,43301.08,43639,43050,43288.97
1632225600,43288.97,43550,42146.13,43072.81
1632240000,43072.81,43295.66,41502,42013.63
1632254400,42010.81,42331.87,39600,40734.38
1632268800,40734.09,42420.75,40565.39,42052.09
1632283200,42055.55,42749.4,41820.01,42540
1632297600,42541.23,42618.55,41841.46,41928.32
1632312000,41928.31,43296,41874.65,43222.96
1632326400,43222.96,44000.55,42855.01,43384.9
1632340800,43384.93,43673.42,43006,43543.61
1632355200,43546.37,44191.42,43069.09,44074.57
1632369600,44074.58,44386.6,43685.8,44229.99
1632384000,44229.99,44297.25,43361,43648.15
1632398400,43648.15,44258.11,43394,43747.63
1632412800,43747.63,44936.77,43602,44767.57
1632427200,44767.56,44978,44358,44865.26
1632441600,44865.26,44978.53,44205,44283.03
1632456000,44283.04,45200,43889.64,44818.46
1632470400,44818.46,45075,40675,41527.5
1632484800,41527.5,42679.93,40843.82,41944.01
1632499200,41944,42533.47,41742.01,42371.43
1632513600,42371.43,43200,42303.78,42810.57
1632528000,42810.58,42950,42024.54,42608.11
1632542400,42608.11,42860.94,42206.43,42372.02
1632556800,42369.52,42966.84,41646.28,42485.03
1632571200,42485.03,42765.54,42156.33,42669.96
1632585600,42669.97,42813.34,42348.39,42665.95
1632600000,42665.95,42808.29,42375,42670.64
1632614400,42670.63,42735.05,41904.02,42212.4
1632628800,42212.41,42302.79,40750,41231.34
1632643200,41227.07,43746.9,41037.13,43063.57
1632657600,43063.57,43467.22,43063.57,43343.73
1632672000,43343.73,43543.99,43078.33,43252.54
1632686400,43255.32,43950,42673.67,43160.9
1632700800,43160.9,44350,42933,44038.75
1632715200,44038.74,44250,43662,43688.03
1632729600,43685.34,44129.28,43367.57,43747.69
1632744000,43747.68,44089.75,43045.53,43293.26
1632758400,43293.27,43416.42,42850,43011.82
1632772800,43011.82,43400,42098,42147.35
1632787200,42147.35,42703.65,41942,42558.4
1632801600,42558.41,42787.38,41650,41775.25
1632816000,41777.79,42174.26,41514.12,42101.49
1632830400,42105.61,42593.69,41278.49,41447.18
1632844800,41447.18,41763.97,41115,41601.99
1632859200,41601.8,42017.33,40888,41026.54
1632873600,41025.01,42274.76,40753.88,42199.99
1632888000,42199.99,42476.26,42000,42450.25
1632902400,42442,42500,42000,42399.98
1632916800,42399.98,42590,41619.99,41698.98
1632931200,41698.97,41824.01,41052.4,41207.86
1632945600,41207.87,41580.67,40900,41524.28
1632960000,41524.29,43729.68,41410.17,43591.23
1632974400,43591.24,43830,43217.16,43286.88
1632988800,43286.88,43446.77,42697.01,43072.29
1633003200,43072.29,43777,42850,43149.02
1633017600,43149.02,44141.37,42819.86,43532.31
1633032000,43532.32,43915.89,43100,43824.1
1633046400,43820.01,44059,43283.03,43635.79
1633060800,43635.79,44836,43456.46,44788.42
1633075200,44788.42,47786.7,44700,47488.08
1633089600,47488.07,47886.11,46763.68,47363.68
1633104000,47363.69,48190,47232.98,48030
1633118400,48029.99,48495,47710.01,48141.61
1633132800,48141.6,48224.01,47443.98,47520.84
1633147200,47520.84,47900,47430.18,47725.01
1633161600,47725,47899.01,47478.44,47683.45
1633176000,47683.46,48336.59,47616.8,47828.52
1633190400,47831.94,48267,47650,48239.99
1633204800,48240,48300,47500,47634.9
1633219200,47634.89,47963,47088,47898.66
1633233600,47894.44,48100,47788.34,47895.99
1633248000,47896,48048,47600,47974.86
1633262400,47974.86,48150,47799.18,47879.82
1633276800,47879.81,49228.08,47821.96,48774.76
1633291200,48774.76,48837.88,47601.89,48200.01
1633305600,48200.01,48280.71,47336,47468.79
1633320000,47468.79,47865.51,47234.21,47838.54
1633334400,47838.54,47962.51,47352.77,47585.85
1633348800,47585.84,48500,46891,47758.23
1633363200,47758.22,49536.12,47694.41,49380
1633377600,49380,49498.78,48556.09,49224.94
1633392000,49224.93,49799,49022.4,49306.68
1633406400,49306.68,49664.14,49088,49476.51
1633420800,49476.52,50350,49376.06,49877.06
1633435200,49877.06,50388,49575.94,49793.57
1633449600,49793.57,51388,49640.36,51190.11
1633464000,51190.11,51886.3,51104.47,51471.99
1633478400,51471.99,51600,50917.73,51513.81
1633492800,51512.13,51828,51088,51449.99
1633507200,51450,51500,50382.41,51306.56
1633521600,51306.57,55555,51259.84,54984.19
1633536000,54984.2,55109.67,54446.54,55049.99
1633550400,55049.99,55750,54812,55315
1633564800,55315,55332.31,54112,54810.94
1633579200,54810.93,55237.04,54235.33,54755.92
1633593600,54755.91,54778.91,53786.13,54305.54
1633608000,54305.53,54700,53357,53899.99
1633622400,53902.39,54330,53400,53962.76
1633636800,53962.75,54640.3,53607.27,53785.22
1633651200,53785.22,54429.99,53691.02,53815.22
1633665600,53815.21,54967.97,53617.61,54829.39
1633680000,54829.38,56100,54753.66,55242.72
1633694400,55242.71,55300,54024.84,54324.84
1633708800,54324.83,54700,54042.38,54686.48
1633723200,54686.48,54774.35,53775.83,53951.43
1633737600,53955.67,54699,53661.67,54560.58
1633752000,54562.58,55100,54384.27,54917.55
1633766400,54917.56,55340.3,54490.55,54792.68
1633780800,54792.68,55489,54792.68,54977.29
1633795200,54977.29,55149.96,54592.21,54656.81
1633809600,54656.81,55165,54323,54949.72
1633824000,54949.72,55199,54080,55049.15
1633838400,55049.16,56074.43,54850,55668.81
1633852800,55668.81,55928,54680,55144.99
1633867200,55145,55551.38,54638,55373.01
1633881600,55370.28,55523.36,55000,55450.25
1633896000,55450.25,56561.31,54333.85,54659
1633910400,54659.01,56750,54415.06,56507.09
1633924800,56505.05,57049,56142.85,56789.76
1633939200,56789.76,56879.95,55862.78,56407.51
1633953600,56406.68,57678,56092.33,57490.18
1633968000,57490.17,57839.04,57168.67,57488.33
1633982400,57488.33,57506.84,56800,57471.35
1633996800,57471.35,57471.35,56400,56711.35
1634011200,56711.36,57680,56558,57342.79
1634025600,57342.79,57618.99,56680,57240.14
1634040000,57240.14,57450,56010,56303.2
1634054400,56300.66,56376.74,55154.72,55329.78
1634068800,55329.78,56548.99,53879,55996.93
1634083200,55996.91,56599.99,55825.9,56277.78
1634097600,56277.79,56365,54562.34,54612.61
1634112000,54612.6,55295.7,54167.19,55210.79
1634126400,55210.8,56440.75,54521.74,56168.85
1634140800,56168.85,57300,56072.75,57259.77
1634155200,57259.77,57777,56607.27,57367
1634169600,57370.83,58532.54,57138.72,58065.99
1634184000,58065.99,58169.99,57333.33,57367.3
1634198400,57367.3,58150,57189,57622.42
1634212800,57622.42,57986.2,56947.59,57331.31
1634227200,57331.3,58086.98,56818.05,57833.12
1634241600,57833.11,57867.11,57207.89,57347.94
1634256000,57347.94,59453.75,56850,59431.71
1634270400,59431.7,59998,59142.86,59231.5
1634284800,59231.5,59537.61,58739.17,59527.99
1634299200,59527.99,60361.5,59187.66,60038.36
1634313600,60038.36,61880,60001.91,61446.32
1634328000,61446.33,62933,60797.01,61672.42
1634342400,61672.42,61771.65,61120,61655.99
1634356800,61655.99,62378.42,61551.31,61733.96
1634371200,61733.96,62062.55,61324.79,61597.26
1634385600,61597.26,61605.81,60398.73,60941.04
1634400000,60941.04,61215.64,60150,60834.34
1634414400,60834.34,61300,60500,60875.57
1634428800,60875.57,61405.94,60475.76,61115.85
1634443200,61115.86,61249.93,60299.33,60329.54
1634457600,60329.54,61465.9,60322.85,60939.89
1634472000,60939.9,61326.64,60471.97,60764.12
1634486400,60764.13,61080,60379.56,60519.48
1634500800,60519.48,61718.39,58963,61528.33
1634515200,61528.32,62578.91,61406.27,62123.87
1634529600,62123.87,62695.78,61775.38,61885.42
1634544000,61885.43,62464.01,60579.02,60933.04
1634558400,60933.04,62213.73,59844.45,62003.03
1634572800,62003.04,62377.73,61034.05,61434.63
1634587200,61434.64,62104.72,61106.4,62009.84
1634601600,62005.6,62998,61526.62,62588.86
1634616000,62588.86,62820.2,61986.85,62297.06
1634630400,62297.06,62574.42,61743.61,62128.39
1634644800,62128.39,63278.61,61322.22,62395.99
1634659200,62395.99,64299,62311.02,64177.15
1634673600,64170.58,64486,63590,64280.59
1634688000,64280.59,64375.34,63699.6,63844.67
1634702400,63844.67,64200.69,63481.4,63999.97
1634716800,63999.98,64250,63697.69,63791.1
1634731200,63788,67000,63760,66875.83
1634745600,66875.84,66940.73,66104.32,66397.59
1634760000,66397.6,66444.47,65462,66001.41
1634774400,66001.4,66033.64,64062.82,65069.02
1634788800,65069.03,65272.86,64142.01,65100.7
1634803200,65100.7,66639.74,64175,64827.9
1634817600,64836.51,65599.98,62000,62971.2
1634832000,62971.2,63645.1,62188,62802.07
1634846400,62801.57,63186.94,62000,62193.15
1634860800,62193.15,63351.02,62000,63237.9
1634875200,63237.9,63408.85,62464.6,63371.33
1634889600,63371.33,63732.39,62874.71,63376.8
1634904000,63376.81,63709.5,60478.1,60690.94
1634918400,60690.94,61390.07,60000,61032.7
1634932800,61032.71,61240,60129.63,60688.22
1634947200,60688.23,61258.43,60358,61236.52
1634961600,61236.52,61567.11,60705,60880
1634976000,60879.99,61688,59562.15,61552.23
1634990400,61552.24,61747.64,60710.36,61446.87
1635004800,61449.99,61632.29,60902,61008.02
1635019200,61008.02,61455.27,60817.46,61286.75
1635033600,61286.75,61500,60820,61227.76
1635048000,61227.77,61250,60572.2,60687.82
1635062400,60687.82,61273.69,60157.14,60281
1635076800,60281,60848.18,59632.47,59859.97
1635091200,59859.98,60745.12,59510.63,60643.09
1635105600,60643.09,61400,60566.65,60852.22
1635120000,60852.22,62250,60650,62084.26
1635134400,62084.68,62900,61764.45,62660.65
1635148800,62660.65,63200,62450.91,62759.19
1635163200,62759.19,63638,62578.64,63606.87
1635177600,63606.86,63710.63,62635.72,62688
1635192000,62688,63329.48,62530,63078.78
1635206400,63078.78,63293.48,62619.42,62758.02
1635220800,62758.01,62815.98,62184.01,62432.54
1635235200,62432.54,63110,62423.71,62739.98
1635249600,62739.99,62882.99,61800,62514.59
1635264000,62514.59,62743.86,61826.08,62000
1635278400,62000.01,62300.27,59817.55,60328.81
1635292800,60328.81,60840,60138.4,60714.34
1635307200,60714.33,61496,59908.61,59949.93
1635321600,59949.99,59953.94,58000,58564
1635336000,58564,59449,58270,58819.14
1635350400,58819.15,59170,58101,59062.32
1635364800,59062.31,59587.35,58390.91,58413.44
1635379200,58413.44,59162.02,58075.62,58839.8
1635393600,58839.8,59248.6,58685,58993.71
1635408000,58993.71,61257.82,58988.04,60960.61
1635422400,60960.62,61800,60857,61138.62
1635436800,61138.61,61478.42,57820,61289.13
1635451200,61288.87,62499,60333,60575.89
1635465600,60575.9,62100,60174.81,61642.99
1635480000,61642.98,61698.51,60350.44,60569.05
1635494400,60569.81,61358.28,60420.01,60940.91
1635508800,60940.9,62553.96,60699.62,62299.99
1635523200,62299.99,62980,61905.55,62545.11
1635537600,62545.11,62718.87,62037.8,62253.71
1635552000,62253.7,62359.25,61604.98,61679.95
1635566400,61679.95,61914.14,61272.15,61597.19
1635580800,61597.19,61989.99,61054.48,61595.01
1635595200,61595.01,62253,60673,61377.19
1635609600,61377.2,61793,61074.51,61730.85
1635624000,61730.84,61960,61175.01,61859.19
1635638400,61859.19,62405.3,61581.96,61697.84
1635652800,61697.85,61746.28,61065.76,61362.61
1635667200,61362.6,61369.36,60279.63,60467.81
1635681600,60467.81,60800.22,59945.36,60460.23
1635696000,60460.23,60906.79,60200,60689.95
1635710400,60689.95,61620.06,60521.33,61299.8
1635724800,61299.81,61735.3,59700,59922.98
1635739200,59915.12,62298,59405,62178.31
1635753600,62176.29,62437.74,61630.18,61807.99
1635768000,61808,62190,61300.01,61550.89
1635782400,61550.88,61571.46,60322.67,61435.98
1635796800,61435.97,61454.76,60411,60911.11
1635811200,60911.12,61566,60624.68,61074.5
1635825600,61074.5,61824.66,61053.21,61521.13
1635840000,61521.13,63597.8,61356.45,62913.3
1635854400,62913.3,64270,62881.46,64018.73
1635868800,64018.74,64267.36,63195.61,63576.05
1635883200,63576.05,63610,62584.5,63219.99
1635897600,63220.57,63500,62722.4,63210.41
1635912000,63210.4,63500,62728,63394.63
1635926400,63394.62,63399.71,62872.94,63108.43
1635940800,63107.29,63133.99,61579.57,62190
1635955200,62189.99,63333,60382.76,62800
1635969600,62799.99,63200,62555,62896.48
1635984000,62896.49,63086.31,62178,62420
1635998400,62420,62826.95,61819.51,61853.79
1636012800,61853.78,62325.75,61230.66,61447.22
1636027200,61447.23,62370,60775,61035.01
1636041600,61035.01,61376.02,60677.01,61249.34
1636056000,61249.33,61530.27,61000,61395.01
1636070400,61395.01,62332.04,60820,62203.8
1636084800,62203.79,62595.72,61880.88,62128.71
1636099200,62128.7,62229.45,61191.28,61259.63
1636113600,61259.63,61928.37,60750,60782.17
1636128000,60782.99,61431.29,60730,61090.69
1636142400,61090.69,61324.1,60721,60937.12
1636156800,60940.18,61277.77,60777,61109.52
1636171200,61109.51,61560.49,60511.01,60790.88
1636185600,60790.87,61350,60081.21,60327.47
1636200000,60327.47,60756.84,60050,60648.59
1636214400,60648.58,61186.08,60400,61175.4
1636228800,61175.41,61489.63,61099.01,61470.61
1636243200,61470.62,62328.06,61322.78,62133.04
1636257600,62133.03,62292.31,61700.02,61759.87
1636272000,61759.87,62350,61468.48,61911.4
1636286400,61911.41,62137,61650,61938.01
1636300800,61938,62499.44,61931.68,62265.57
1636315200,62265.57,63286.35,62159.29,63273.59
1636329600,63273.58,65639.08,63273.58,65199.99
1636344000,65200,66342.58,65050.77,65941.89
1636358400,65941.88,66423,65600.01,66037.21
1636372800,66037.21,66524.43,65122,66379.41
1636387200,66382.01,66538.53,65743.17,65835.01
1636401600,65835.01,67789,65500,67525.83
1636416000,67525.82,68524.25,67015.2,68490
1636430400,68490,68520,67627.14,67852.56
1636444800,67852.56,68238,67300,67594.98
1636459200,67594.98,68116.56,66610,66771.1
1636473600,66771.11,67238.39,66222.4,66800.21
1636488000,66800.21,67800.27,66653,66947.66
1636502400,66947.67,67378.7,66355.05,66487.23
1636516800,66487.23,66750.11,66233,66426.43
1636531200,66426.42,67099,66357,66546.8
1636545600,66546.81,69000,65888,68348.63
1636560000,68349.42,68775.51,66542.85,66650.99
1636574400,66650.98,67047.27,62822.9,64882.43
1636588800,64882.42,65062.79,64100,64746.18
1636603200,64746.17,65414.94,64383.46,65228.4
1636617600,65228.41,65600.07,64550.55,65255.88
1636632000,65255.87,65474.47,64402.49,64799.6
1636646400,64799.59,65249,64573.99,65119.99
1636660800,65119.99,65309.13,64628.39,64774.26
1636675200,64774.25,65450.7,64052,64826.63
1636689600,64826.63,65075.79,64202.68,64488.12
1636704000,64488.11,64957.97,63501,63753.19
1636718400,63753.19,64200,62900,63155.94
1636732800,63155.95,64089.99,62278,63845.01
1636747200,63845,64890,63704.8,64122.23
1636761600,64122.22,64455,63576.1,63773.94
1636776000,63773.93,64123,63510,64029.99
1636790400,64029.99,64081.5,63360.22,63554.23
1636804800,63554.23,64843,63427.86,64688.99
1636819200,64689,65000,63829.01,63941.65
1636833600,63941.65,64550.5,63918.89,64380
1636848000,64380.01,65320,64380,64637.81
1636862400,64637.81,65201.72,64400,64627.58
1636876800,64627.58,64800,64056,64445.07
1636891200,64445.07,64799,64000,64070.41
1636905600,64070.41,64422.35,63576.27,64170
1636920000,64169.99,65550.51,64040.47,65519.1
1636934400,65519.11,66200,65519.1,65712.65
1636948800,65712.66,66000,65475.01,65579.71
1636963200,65579.71,66401.82,65244.47,65733.06
1636977600,65734.45,65946.63,63993.17,64288.16
1636992000,64288.16,64444.61,63624.54,64265.9
1637006400,64265.91,64265.91,63400,63606.74
1637020800,63606.73,63617.31,60422.2,60907.41
1637035200,60907.4,61600,60293.06,60805.27
1637049600,60804.07,61470.41,58574.07,60574.49
1637064000,60576.76,61427,60020,60669.14
1637078400,60669.15,60923.18,59728.27,60204.47
1637092800,60204.47,61199.65,59105.26,60058.87
1637107200,60058.87,60437.68,58553.12,59039.99
1637121600,59042,60142.85,58580,59688
1637136000,59691.9,60840.23,58373,60762.83
1637150400,60762.33,60822.27,59334.23,59664.49
1637164800,59664.5,60672.13,59404.75,60212.49
1637179200,60212.48,60575.08,59620.66,60344.87
1637193600,60344.86,60976,59840,59840.01
1637208000,59840.01,60096.12,59500,59734.2
1637222400,59734.21,59970.82,58962.77,59213.49
1637236800,59213.49,59935,57650,58100.04
1637251200,58100.05,58486.09,56592.06,57928
1637265600,57928,58484.94,56474.26,56891.62
1637280000,56891.62,57517.14,55600,55900
1637294400,55900,56498,55817.79,55987.83
1637308800,55987.83,57487.2,55986.05,56989.59
1637323200,56987.25,58173.94,56700,57887.98
1637337600,57887.96,58320,57599.57,58033.05
1637352000,58033.06,58120,57531.13,58052.24
1637366400,58057.1,58979.97,57932.61,58513.1
1637380800,58513.1,58849.63,58230,58380.06
1637395200,58380.06,58800,58315.75,58625.67
1637409600,58625.67,58834.98,57483.42,57588.37
1637424000,57588.38,59625,57353,59430.04
1637438400,59430.04,59845,59308.09,59707.51
1637452800,59707.52,59770.78,58500,58674.67
1637467200,58674.67,59238.32,58555,58982.74
1637481600,58982.74,59409.61,58486.65,58692.91
1637496000,58692.91,59294.88,58657.22,59199.26
1637510400,59199.26,60029.76,59122.38,59314.13
1637524800,59314.12,59696.69,58500,58622.02
1637539200,58617.7,58757.14,56959.07,57383.39
1637553600,57383.4,57780,56766.58,57259.54
1637568000,57259.54,57830.99,56952.35,57180.51
1637582400,57180.52,59444,56580.01,58194.79
1637596800,58194.78,58250,55800,55993.03
1637611200,55993.04,56711.96,55610,56247.18
1637625600,56243.83,57258.56,55971.97,56947.82
1637640000,56947.82,57037.06,55809.45,56006.74
1637654400,56006.74,58009.99,55317,56149.51
1637668800,56147.19,57749.5,56093.55,56883.07
1637683200,56883.07,57854.39,56883.06,57778.2
1637697600,57778.21,57850.01,57380.49,57541.27
1637712000,57541.26,57735,56136,56399.99
1637726400,56399.99,56797.02,56214.85,56497.47
1637740800,56497.46,57560,56311,56613.63
1637755200,56613.64,57166.23,55837,56727.53
1637769600,56727.53,57116.46,56477.01,56825.13
1637784000,56825.13,57476.03,56722,57138.29
1637798400,57138.29,58270,57108.74,57749.99
1637812800,57749.99,57825,57000,57648.89
1637827200,57648.9,58482.66,57329.75,58009.99
1637841600,58009.99,59137.76,57900.16,59048.5
1637856000,59048.5,59390,58667.01,58853.83
1637870400,58853.84,59398.9,58519.54,58960.36
1637884800,58960.37,59150,57857,57900.91
1637899200,57900.9,58013.39,56636.57,56957.86
1637913600,56966.32,56966.32,53680.45,53719.3
1637928000,53719.31,54878.38,53500,54341.55
1637942400,54341.54,54648.93,53927.44,54326.76
1637956800,54326.77,54584.74,53521,53726.53
1637971200,53723.72,54641.99,53610,54347.07
1637985600,54347.06,54613.84,54200,54394.56
1638000000,54394.55,55280,54300,54605.73
1638014400,54605.73,55223,54500,54898.22
1638028800,54898.23,55224.44,54651,54935.91
1638043200,54935.91,55065,54011.01,54721.03
1638057600,54716.47,54821,53666.6,54137.31
1638072000,54137.31,54636.65,53923.04,54515.61
1638086400,54515.6,54933.8,54130.72,54493.09
1638100800,54493.1,54635.52,54029.99,54296.14
1638115200,54296.14,54967.5,53256.64,54617.85
1638129600,54617.85,57445.05,54617.84,57274.88
1638144000,57274.89,58242.09,57136.56,57359.02
1638158400,57359.02,57688,57200,57515.13
1638172800,57512.17,57642.85,56666.67,56883.29
1638187200,56883.29,57500,56799.21,57125.93
1638201600,57125.93,58865.97,57000.01,57880.67
1638216000,57880.67,58400,57667,57776.25
1638230400,57776.25,57964.18,56770.01,57092.92
1638244800,57092.91,57282.11,55875.55,56510.08
1638259200,56510.08,57713.91,56236.54,57602.45
1638273600,57602.45,59176.99,57102.05,57238.84
1638288000,57233.8,58380.41,56500,57629.99
1638302400,57629.99,57786.08,56762.39,56950.56
1638316800,56950.56,57686.12,56630,57362.01
1638331200,57362.04,57415.16,56666.66,57163.87
1638345600,57163.87,57850,56717.22,57157.93
1638360000,57160.66,58819.45,57000,58614.49
1638374400,58614.49,59053.55,57000.89,57427.9
1638388800,57427.91,57459.36,56458.01,57184.07
1638403200,57184.07,57375.47,55777.77,56300.12
1638417600,56300.12,56976.25,56219.58,56810.43
1638432000,56810.42,57175.65,56038.15,56314.2
1638446400,56309.51,57367.67,56012.82,56520.81
1638460800,56516.95,56945.52,56001,56616.28
1638475200,56616.27,57221,56365,56480.34
1638489600,56484.26,56772.24,56050.81,56323.01
1638504000,56318.89,57045.44,56229.98,56733.69
1638518400,56733.7,57330,56426.35,56959.77
1638532800,56959.77,57600,55722,55975.32
1638547200,55975.33,55975.33,53750,53838.65
1638561600,53838.66,54251,51680,53601.05
1638576000,53601.05,53859.1,52000,52000
1638590400,52000.01,52606.98,42000.3,47242.74
1638604800,47242.75,47918.05,46131.71,46489.67
1638619200,46489.66,48573.78,46489.66,48203.73
1638633600,48203.74,49444,47742.09,49250
1638648000,49249.99,49487.76,48447.5,49152.47
1638662400,49152.46,49699,48315.41,49170.79
1638676800,49170.78,49666.94,48831.61,49289.18
1638691200,49289.17,49573.23,48700,49242.58
1638705600,49236.24,49699.05,47727.21,47951.57
1638720000,47951.57,49351.29,47894.84,48902.45
1638734400,48902.44,49546.69,48498.45,49396.33
1638748800,49396.32,49438.18,48273.58,49018.47
1638763200,49018.46,49258.44,47731,48412.66
1638777600,48412.66,49409.79,47100,48577.78
1638792000,48577.78,48967.98,47822.39,48942.68
1638806400,48942.67,49366,48653.05,49103
1638820800,49103,50891.11,48760,50441.92
1638835200,50441.91,51430,50332.62,50945.03
1638849600,50945.02,51335.16,50797.86,50907.27
1638864000,50907.27,51500,50810.03,51456.2
1638878400,51456.21,51936.33,50611.04,51734.15
1638892800,51734.15,51866.88,50666,50884.48
1638907200,50884.49,51006.2,50039.74,50588.95
1638921600,50588.95,50795.45,50100,50110.91
1638936000,50110.9,50700,50077,50480.93
1638950400,50480.92,50620.2,48824.69,49186.51
1638964800,49186.5,51200,48600,50640.1
1638979200,50640.09,50865.8,50052.12,50423.21
1638993600,50423.2,50896.08,50079.78,50471.19
1639008000,50471.19,50797.76,49425.74,49513.35
1639022400,49517,50350,49184.49,50016.89
1639036800,50016.86,50016.89,48898,49160.53
1639051200,49160.54,49670.5,48048,48464.09
1639065600,48462.08,48838.29,47500,47613.53
1639080000,47615.89,48468.11,47320,47545.59
1639094400,47535.9,48788.29,47439.29,48373.48
1639108800,48373.48,48573.77,47550,47694.62
1639123200,47694.62,48728,47587.39,48711
1639137600,48711,50125,47744.19,47979.22
1639152000,47979.23,48326.05,47251.06,48098.84
1639166400,48098.84,48522.5,46852,47140.54
1639180800,47140.54,48683.7,46751,48296.99
1639195200,48297,48881.99,47765.33,48021.76
1639209600,48021.75,48900,47843.1,48240.44
1639224000,48240.43,48943.92,48160,48747.02
1639238400,48745.11,49276,48385.98,48407.25
1639252800,48407.25,49485.71,48390.22,49389.99
1639267200,49389.99,49699.95,49022.9,49305.7
1639281600,49305.71,49359.86,48824.09,49301.21
1639296000,49301.2,49376.79,48638,49124.33
1639310400,49124.33,49934.59,49107.33,49623.26
1639324800,49623.26,50777,49501.69,50221.05
1639339200,50221.05,50547.07,49862.75,50053.9
1639353600,50053.9,50189.97,48430.13,48873.19
1639368000,48873.2,49350.9,48554.77,48740.01
1639382400,48740.01,49171.57,48145,48847.26
1639396800,48845,49000,47012.03,47252.02
1639411200,47252.02,47932.19,45672.75,46739.36
1639425600,46739.35,47288.19,46214.13,46702.75
1639440000,46702.76,47226.32,46290,46952
1639454400,46952.01,47176.22,46306.8,47000
1639468800,46999.99,47740,46789.69,47622
1639483200,47617.99,47959.77,46617.25,46853.86
1639497600,46853.87,47148,46429.88,46859.4
1639512000,46859.42,48700.41,46839.78,48343.28
1639526400,48336.95,48761,47836,48262.41
1639540800,48262.4,48450,47928.64,48209.51
1639555200,48209.51,48850,48069.68,48132.54
1639569600,48132.54,48300,46587,46632.31
1639584000,46632.3,49259.98,46547,48674.9
1639598400,48674.9,49500,48527.01,48864.98
1639612800,48864.98,49269.03,48709.7,48819.6
1639627200,48819.59,49072.3,48502.26,48712.23
1639641600,48712.23,49436.43,48608.62,49207.79
1639656000,49207.79,49266.6,48243.58,48585.81
1639670400,48578.61,48717.43,47666,47866.01
1639684800,47866.01,48387.54,47511,47632.38
1639699200,47632.38,47995.96,47390.43,47766.07
1639713600,47766.07,47953.22,46749.55,47007.25
1639728000,47007.25,47298.54,46769.89,47112.43
1639742400,47112.43,47363.36,45456,46528.83
1639756800,46528.83,47440.1,46400,46765.66
1639771200,46765.66,47093.16,45565.58,46131.2
1639785600,46133.83,46545.83,45500,46283.05
1639800000,46283.04,46858.27,46072.33,46364.08
1639814400,46364.09,47392.37,46194.44,47070.44
1639828800,47070.43,47219.16,46560.83,46858.55
1639843200,46858.56,46992.14,46325.61,46643.68
1639857600,46643.68,47100,46525,46834.48
1639872000,46834.47,47990.75,46406.91,47712.38
1639886400,47714.61,48074.16,47445.16,47515.09
1639900800,47515.09,47641.77,46807.27,47152.72
1639915200,47155.24,48300.01,46867.01,47239.8
1639929600,47239.81,47500,46580,46673.93
1639944000,46673.94,47550,46482.9,46681.23
1639958400,46681.24,47200,46220,46687.22
1639972800,46687.22,47049.87,46103,46429.19
1639987200,46429.19,46554,45750,46092.6
1640001600,46092.6,46313.89,45558.85,45974.08
1640016000,45974.09,46690,45863.72,46585.55
1640030400,46585.56,47537.57,46585.55,46914.16
1640044800,46914.17,48085,46630,47928.47
1640059200,47928.48,48824.16,47927.05,48579.77
1640073600,48579.77,49000,48438.49,48866.92
1640088000,48866.92,49328.96,48265.24,48418.49
1640102400,48418.48,48876.94,48332.5,48619.79
1640116800,48619.8,49287.93,48461.47,48889.88
1640131200,48887.59,49576.13,48600,49249
1640145600,49249,49347.9,48914.07,49206.42
1640160000,49206.43,49535,48830.29,48981.99
1640174400,48981.98,49123.62,48421.87,48879.28
1640188800,48879.28,49245.81,48506.01,48931.99
1640203200,48931.99,49144.99,48555,48588.16
1640217600,48588.17,48731.71,47920.42,48524.11
1640232000,48524.11,48584.71,48031.45,48129.6
1640246400,48129.61,48541.86,48060,48354.77
1640260800,48354.76,48859.61,48323.98,48819.33
1640275200,48819.33,51375,48677.52,51109.99
1640289600,51110,51209.3,50501,50838.81
1640304000,50838.82,51527.58,50644.48,51029.99
1640318400,51030,51109.09,50736.11,50994.75
1640332800,50994.75,51550,50858,50993.88
1640347200,50993.89,51244.22,50384.43,50956.68
1640361600,50956.68,51810,50735.87,51126.4
1640376000,51126.4,51236.15,50500,50820
1640390400,50819.99,51131.25,50600,50844.14
1640404800,50844.13,51084.13,50656.43,50919.17
1640419200,50919.18,51009.29,50555,50682.97
1640433600,50682.97,50934.78,50631.55,50659.91
1640448000,50659.91,51156.23,50142.32,50889.15
1640462400,50889.15,51080,50335.67,50399.66
1640476800,50399.67,50672.93,49610,49675.56
1640491200,49675.56,49977.07,49600.95,49930.39
1640505600,49930.39,50169.17,49412,49748.89
1640520000,49748.89,50281.08,49642.11,50049.34
1640534400,50049.34,50465.54,50018.38,50342.51
1640548800,50342.51,51280,49914.73,50775.49
1640563200,50775.48,51150,50449,51009.02
1640577600,51009.02,51093.86,50631,50694.83
1640592000,50694.83,50900,50499.77,50759.45
1640606400,50759.46,51677,50567.07,51450.57
1640620800,51450.58,52088,51200,51204.64
1640635200,51204.65,51365.76,50622,50701.44
1640649600,50701.44,50704.05,49500,49828.06
1640664000,49828.07,49828.07,48657.12,49227.13
1640678400,49227.14,49444.46,48755.32,49200.39
1640692800,49200.39,49371.18,48301.88,48937.48
1640707200,48937.47,48974.85,47313.01,47689.46
1640721600,47689.46,48142.78,47320,47543.74
1640736000,47543.74,48139.08,47450.01,48001.01
1640750400,48001.01,48056.28,47522.89,47570.03
1640764800,47570.03,48092.1,47398.46,47737.95
1640779200,47737.96,48030.05,46586.62,47959.36
1640793600,47959.36,48038.92,47024.27,47148.61
1640808000,47148.62,47709.2,46096.99,46464.66
1640822400,46464.66,46844.8,45900,46504
1640836800,46504,47105.37,46490.01,46980.71
1640851200,46980.71,47566,46659.13,47515.45
1640865600,47515.45,47719.37,47118.69,47159.41
1640880000,47159.42,47900,47092.13,47558.35
1640894400,47558.35,47682.07,46729,47120.87
1640908800,47120.88,47500,46825.38,47201.85
1640923200,47201.84,47550,46836.86,47191.09
1640937600,47191.08,48548.26,47065.3,47975.76
1640952000,47975.76,48170,47830.64,48005.37
1640966400,48005.37,48118.45,45678.96,45728.28
1640980800,45728.28,46569.97,45678,46216.93
1640995200,46216.93,46949.99,46208.37,46813.2
1641009600,46813.21,47555.55,46591.23,47194.73
1641024000,47194.73,47344.69,46715.39,46758.87
1641038400,46758.87,47491.14,46756.3,47219.04
1641052800,47219.04,47954.63,47186.07,47329.78
1641067200,47329.79,47814,47222.22,47722.65
1641081600,47722.66,47750,47269.47,47329.47
1641096000,47329.47,47415.73,46770.23,47173.45
1641110400,47173.44,47499.45,46970.05,47235.5
1641124800,47238.89,47447,47013.5,47340.47
1641139200,47340.47,47990,46654,46907.68
1641153600,46907.67,47469.34,46815.17,47286.18
1641168000,47286.18,47289.11,46722.39,46793.26
1641182400,46793.27,47211.09,46750,47051.37
1641196800,47051.36,47431.67,46778,47378
1641211200,47378,47570,46575.25,46693.45
1641225600,46693.44,46790,46263.29,46360.01
1641240000,46360.01,46576.94,45696,46446.1
1641254400,46446.1,46549.19,45934.5,46313.97
1641268800,46313.96,46600.21,45996.26,46550
1641283200,46549.99,46772.41,46300,46733.77
1641297600,46733.78,47557.54,46410,46925.35
1641312000,46925.34,46984.99,45500,46052.36
1641326400,46052.35,46428.27,45760.05,45832.01
1641340800,45832.01,46549,45722.21,46422.55
1641355200,46422.56,46527.39,46246.01,46407.51
1641369600,46407.5,47070,46110,46270.99
1641384000,46271,46822.17,45803.67,46622.53
1641398400,46622.53,46674.37,44500,44685.93
1641412800,44685.93,44847.99,42500,43451.13
1641427200,43451.14,43816,42803.37,42835
1641441600,42835,43275.8,42600.05,43245.25
1641456000,43245.26,43273.87,42430.58,42878.34
1641470400,42878.33,43267.09,42632.44,42950.01
1641484800,42950.02,43508.78,42725.09,43438.1
1641499200,43438.11,43581.3,43007.81,43082.31
1641513600,43082.3,43145.83,41577.77,41803.11
1641528000,41803.11,41950,41000,41706.71
1641542400,41706.71,42883.47,41607.5,42258.62
1641556800,42258.62,42766.17,40610,41319.11
1641571200,41310.85,42315.85,40917.66,41775.38
1641585600,41775.38,42054,41336.82,41566.48
1641600000,41566.48,42246.37,41558,41810.91
1641614400,41810.92,41999.99,41739,41913.58
1641628800,41913.59,42200,41767.16,41940.22
1641643200,41940.22,42063.23,41400,41613.33
1641657600,41609.6,41740.53,40501,40831.07
1641672000,40831.06,42300,40720,41679.74
1641686400,41679.74,42170.11,41388.13,41833.89
1641700800,41833.9,42103.31,41681.17,41791.51
1641715200,41791.5,41990,41410,41857.62
1641729600,41857.62,41923.39,41200.02,41621.11
1641744000,41621.11,42740,41556.49,42695.26
1641758400,42695.27,42786.7,41766.43,41864.62
1641772800,41864.62,42037.05,41601,41967.59
1641787200,41967.59,42248.5,41811.7,42042.38
1641801600,42042.38,42116.61,41455,41565.34
1641816000,41565.33,41616.72,39650,40984.33
1641830400,40984.34,42121.63,40564.89,41297.15
1641844800,41297.15,41985,41158.99,41822.49
1641859200,41822.49,42400.01,41544.64,42277.98
1641873600,42277.99,42387.78,41971.37,42211.05
1641888000,42212.21,42627.66,41575,41809.99
1641902400,41809.99,42200,41268.93,41733.93
1641916800,41733.92,43100,41680.44,42972.05
1641931200,42972.04,43095.26,42597.41,42729.29
1641945600,42729.29,42965,42450,42605.02
1641960000,42605.01,42867.55,42463.13,42561.67
1641974400,42561.66,43443.6,42508.69,42935.92
1641988800,42935.92,44078.4,42874.01,43560.29
1642003200,43560.29,43886.26,43317,43743.11
1642017600,43743.1,44322,43629.39,43902.66
1642032000,43902.65,44075.42,43422.72,43509.93
1642046400,43505.99,43795.44,43483.2,43699.99
1642060800,43699.99,44014.51,43500,43602.31
1642075200,43603.58,44500,42871.01,43200
1642089600,43200.01,43500,42535,42700.67
1642104000,42700.67,42888.18,42311.22,42560.11
1642118400,42558.35,42784,42362.91,42623.87
1642132800,42623.87,42978.1,42599.99,42660.01
1642147200,42660,42688.84,41826.82,42012.94
1642161600,42012.94,43347.42,41725.95,43109
1642176000,43109,43408,42777,43077.93
1642190400,43077.93,43448.78,43000,43059.96
1642204800,43059.96,43174,42864.49,42927.96
1642219200,42927.95,43099.81,42712.94,43088.12
1642233600,43088.12,43283.83,42884.01,43017.59
1642248000,43017.59,43406.96,42555,43401.21
1642262400,43401.21,43564.15,43233.33,43528.34
1642276800,43528.33,43800,43071.11,43084.29
1642291200,43084.29,43153.63,42838,42977.22
1642305600,42977.22,43253.68,42850.16,43202.21
1642320000,43202.21,43305,42759,42968.29
1642334400,42968.3,43416.05,42581.79,43219.53
1642348800,43219.54,43475,42790.02,42824.79
1642363200,42824.79,43263.15,42750.25,43071.66
1642377600,43071.66,43176.18,42624.11,42647.4
1642392000,42647.4,42967.99,42300,42656.03
1642406400,42656.03,42900,42567.93,42671.31
1642420800,42671.3,42793.16,42385,42477.66
1642435200,42477.67,42538.47,41822.74,42238.31
1642449600,42238.31,42392.66,41540.42,42201.62
1642464000,42201.63,42436.66,41972.71,42040.54
1642478400,42040.53,42337.3,41886.25,42061.94
1642492800,42065.42,42065.42,41453,41854.14
1642507200,41854.13,41950,41250,41587.27
1642521600,41587.26,41799.08,41381.66,41699.61
1642536000,41695.59,42691,41500.99,42352.12
1642550400,42352.12,42500,41582.99,41706.41
1642564800,41706.41,41849.94,41161.2,41287.1
1642579200,41287.1,42178.48,41138.56,42033
1642593600,42033,42559.13,41832.13,41981.27
1642608000,41981.27,42355.9,41697.46,41873.79
1642622400,41872.45,41993.98,41548,41660.01
1642636800,41660,42082.26,41639.88,41924.97
1642651200,41924.97,42148,41768.48,42058.31
1642665600,42058.31,42232.76,41807.94,42129.44
1642680000,42129.45,43456,41900.05,43308.69
1642694400,43308.7,43505,42805,42917.32
1642708800,42917.31,42996.64,40553.31,40680.91
1642723200,40680.92,41100,38220,38465.65
1642737600,38465.65,39177.2,38437.15,39134.55
1642752000,39136.31,39320,38668.19,38898.18
1642766400,38898.19,39042.4,37710,38857.26
1642780800,38857.24,39071.13,37850,37984.12
1642795200,37984.11,38470,35440.45,36445.31
1642809600,36445.31,36835.22,36009.98,36341.64
1642824000,36340.43,36423.82,35112.84,35400.02
1642838400,35400.01,35948.01,34008,35406.76
1642852800,35406.76,36192.76,34805.32,34838.68
1642867200,34838.69,35501.96,34243.38,34528.62
1642881600,34528.61,35729.03,34415.95,35071.42
1642896000,35071.42,35526.28,34811,35051
1642910400,35051.01,35758.64,34940.09,35571.19
1642924800,35571.19,36150.76,35325.03,35686.29
1642939200,35686.29,36080.5,35050.4,35287.58
1642953600,35282.66,35450,34601.01,34775.45
1642968000,34775.45,36499,34707.58,36244.55
1642982400,36244.55,36251.5,35160.51,35338.26
1642996800,35338.25,35473.45,34811.87,34888.81
1643011200,34887.9,35562.15,33029.54,33697.11
1643025600,33697.12,34388.38,32917.17,34233.95
1643040000,34237.31,36436,33803.13,36066.4
1643054400,36066.4,37550,35951.13,36660.35
1643068800,36660.35,36691.87,35955.43,36424.49
1643083200,36424.5,36496.62,35701,36044.01
1643097600,36044.01,36800,36003.3,36406
1643112000,36406,37149.42,35967.33,36530
1643126400,36530,37545.14,36492.48,37067.13
1643140800,37067.13,37103.15,36421.56,36958.32
1643155200,36958.32,37522.24,36550.2,37389.76
1643169600,37389.77,37974.43,37109.37,37338.59
1643184000,37338.6,38248.92,37324.58,38072.77
1643198400,38072.77,38499,37475.01,37985
1643212800,37985.01,38919.98,37311.58,37579.9
1643227200,37576.67,37580.03,36234.63,36809.34
1643241600,36807.24,37080,35507.01,35745.7
1643256000,35745.7,36303.8,35692.61,36173.87
1643270400,36177.17,36781.79,35815.8,36679.98
1643284800,36679.98,37199,36423.46,36639.43
1643299200,36639.43,36787.77,35883.82,36209.2
1643313600,36209.19,37234.47,35538.75,37160.1
1643328000,37160.11,37467.98,36500,37351.83
1643342400,37351.83,37500,36777.77,36799.82
1643356800,36799.82,36882.22,36287.03,36448.28
1643371200,36447.67,37300,36155.01,37188.98
1643385600,37188.99,37376.7,36765.05,37222.86
1643400000,37222.85,38000,37134.65,37716.56
1643414400,37716.57,37983.41,37448.58,37737.73
1643428800,37737.72,37925,37589.44,37836.99
1643443200,37836.98,37923,37544.94,37736.07
1643457600,37736.06,38198.82,37268.44,37566.82
1643472000,37567.98,37950,37317.37,37853
1643486400,37853,38720.74,37816.21,38166.84
1643500800,38166.83,38281.24,37737.49,37917.13
1643515200,37917.13,38300,37901.17,38244.98
1643529600,38244.98,38359.26,37795,38110.02
1643544000,38110.03,38153.82,37712.05,37980.09
1643558400,37977.47,38074.76,37442.52,37512.37
1643572800,37512.37,38230,37351.63,37881.76
1643587200,37881.75,37951.07,36632.61,37025.68
1643601600,37025.68,37196.91,36811.48,37121.83
1643616000,37121.84,37399.93,36880,37265.16
1643630400,37265.15,37900,36724,37722.91
1643644800,37722.91,38744,37671.46,38415.79
1643659200,38415.79,38737.99,38236.69,38466.9
1643673600,38466.9,38649.9,38175.86,38596.82
1643688000,38596.82,38644.57,38240,38440.77
1643702400,38440.76,39100,38000,38425.06
1643716800,38425.05,39034.47,38190.42,38630.33
1643731200,38630.32,39265.2,38341.06,38378.09
1643745600,38378.1,38889,38369,38694.59
1643760000,38694.59,38855.92,38374.78,38552.87
1643774400,38552.87,38555.33,38196.42,38284.69
1643788800,38282.14,38597.95,38225,38490
1643803200,38490,38773.41,37361.49,37429.78
1643817600,37429.78,37674.34,37066.66,37566.56
1643832000,37566.56,37662.14,36586.95,36896.36
1643846400,36896.37,37049.65,36720.01,36820.83
1643860800,36822.5,37093.03,36780.04,37024.16
1643875200,37024.16,37106.91,36250.73,36785
1643889600,36785,36976.89,36250,36910.05
1643904000,36910.06,37104.6,36449.43,36551.7
1643918400,36551.71,37387,36270,37311.61
1643932800,37311.98,37445.5,37026.73,37297.62
1643947200,37297.61,38222,37245,37869.31
1643961600,37869.31,38236.08,37763.74,37810
1643976000,37810,39819.91,37290.2,39490.87
1643990400,39490.88,40877,39442.89,40727.91
1644004800,40727.92,41772.33,40382.84,41574.25
1644019200,41571.7,41913.69,41173.36,41447.85
1644033600,41447.85,41748.18,41369.69,41379.99
1644048000,41379.99,41669,41099.92,41430
1644062400,41430,41899.54,41326.17,41761.85
1644076800,41761.87,41854.81,40843.01,41544.9
1644091200,41544.9,41771.85,41349.81,41382.59
1644105600,41382.6,41640,41340.35,41444.04
1644120000,41444.03,41714.18,41305.29,41612.33
1644134400,41612.32,41700.01,41444,41522
1644148800,41522,42168,41116.56,41519.49
1644163200,41519.48,41747.4,41417.23,41717.94
1644177600,41717.93,42656,41478.86,42380.87
1644192000,42380.87,42944.2,41645.85,42818.99
1644206400,42819,43000,42551.96,42723.92
1644220800,42723.91,42767.69,42234.09,42720.03
1644235200,42720.03,43895.02,42490.02,43835.59
1644249600,43835.59,44500.5,43484.91,44252.8
1644264000,44252.31,44438.93,43742.9,43839.99
1644278400,43839.99,44185,43555.72,44178.57
1644292800,44178.57,45492,44073.73,44855
1644307200,44855,44919.77,43520.96,43988.3
1644321600,43988.3,43988.31,42854.81,43429.31
1644336000,43429.32,43685.2,42666,42998.65
1644350400,43000.53,44393.36,42938.36,44042.99
1644364800,44043,44341.88,43117.92,43343.28
1644379200,43343.28,43918.52,43125,43807.75
1644393600,43807.75,43939,43181.91,43715.45
1644408000,43715.46,44471.4,43617.61,43867.63
1644422400,43867.63,44700,43579.66,44463.43
1644436800,44466.23,44799,44189,44372.72
1644451200,44372.71,44400,43542.14,43775.42
1644465600,43775.42,44131.6,43575.22,44092.42
1644480000,44092.43,45177.96,44055.86,44834.09
1644494400,44834.09,45669.71,43174.01,44947.1
1644508800,44947.12,45821,44341.07,44373.97
1644523200,44373.95,44601.14,43333.42,43495.44
1644537600,43495.44,43749.86,42600,43343.71
1644552000,43342.92,43416.22,42814.23,43359.25
1644566400,43359.24,43600,42851,43357.53
1644580800,43357.53,43920,43253.31,43669.01
1644595200,43669.02,43767.16,42050,42742.63
1644609600,42742.63,42865.58,41938.51,42373.73
1644624000,42373.73,42485.66,42156.99,42288.46
1644638400,42288.45,42428.3,41688.88,42103.94
1644652800,42103.94,42459.06,41888.82,42406.48
1644667200,42406.48,42445.85,41800.13,42123.93
1644681600,42123.92,43079.49,41995.2,42662.47
1644696000,42662.47,42752.99,41700,42217.87
1644710400,42217.87,42508.47,42057.26,42230
1644724800,42229.99,42490.01,42119.35,42412.4
1644739200,42412.39,42654.64,42243.48,42470.73
1644753600,42470.72,42760,42138.17,42559.97
1644768000,42559.97,42580,41870,42031.16
1644782400,42031.17,42497.85,41929.42,42053.66
1644796800,42053.65,42180.04,41550.56,41916.43
1644811200,41916.42,42368.21,41734.7,42314.42
1644825600,42314.42,42415,41922.48,42117.87
1644840000,42112.71,42842.4,41961.13,42584.97
1644854400,42584.97,42818.35,41803.17,42119.31
1644868800,42119.31,42800,41933.95,42535.94
1644883200,42535.94,43700,42427.03,43567.76
1644897600,43567.75,43781.97,43397.1,43691.57
1644912000,43691.57,44425.85,43608.67,44233.6
1644926400,44233.6,44500,44024.03,44198.96
1644940800,44198.97,44259.37,43846.07,43993.95
1644955200,43993.94,44751.4,43941.28,44544.86
1644969600,44544.85,44549.97,43877.18,43971.26
1644984000,43971.27,44191.77,43673.92,44184.2
1644998400,44184.19,44327.55,43876,44173.15
1645012800,44173.15,44214.11,43307,43598.63
1645027200,43598.62,44344.64,43350,44220
1645041600,44219.99,44376.58,43823.09,43873.56
1645056000,43873.56,44164.71,43575.04,43583.05
1645070400,43580,43950,43350,43919.46
1645084800,43919.46,44022.36,42900,43164.05
1645099200,43164.05,43340.65,41700,41925.44
1645113600,41925.44,42111,40750.02,41201.62
1645128000,41204.22,41204.22,40073.21,40515.7
1645142400,40515.71,40950,40300,40691.98
1645156800,40691.97,40780.64,40493.31,40665.81
1645171200,40665.81,40959.88,40101.01,40178.94
1645185600,40178.95,40799,39616.72,39832.03
1645200000,39832.02,40438.27,39450,40216.8
1645214400,40216.79,40286.09,39711.31,39974.44
1645228800,39974.45,40307.22,39915.89,40125.12
1645243200,40125.13,40444.32,40060.88,40263.71
1645257600,40263.7,40301.11,39648.6,39842.54
1645272000,39842.53,40076.94,39639.03,39969.93
1645286400,39969.92,40345.62,39850,39974.66
1645300800,39974.66,40140,39800,40079.17
1645315200,40079.17,40125.44,39700,39794.59
1645329600,39794.59,39843.59,38581.1,38796.64
1645344000,38796.63,38836.18,38000,38343.99
1645358400,38343.99,38616,38022,38335.04
1645372800,38337.2,38507.31,38180.1,38397.22
1645387200,38397.22,38979.12,38048.49,38386.89
1645401600,38386.89,39388,38182.98,38919.25
1645416000,38919.25,39494.35,38909.26,39294.07
1645430400,39294.06,39362.15,37348.49,37577.33
1645444800,37576.1,39283.07,37213.63,38827.94
1645459200,38827.93,39141.41,37500,38135.21
1645473600,38135.2,38448.27,36800,37008.16
1645488000,37008.16,37468.35,36350,36591.06
1645502400,36591.06,37250.23,36515.87,36771.66
1645516800,36771.65,37865,36756.53,37519.48
1645531200,37519.47,38298.48,37274.38,37759.9
1645545600,37759.9,38169.08,37380,38065.32
1645560000,38065.32,38429,37755.01,38230.33
1645574400,38230.33,38354.56,37528.33,37750.67
1645588800,37750.66,38213.11,37712.93,38151.17
1645603200,38151.16,39125.47,38081.12,38782.91
1645617600,38782.91,39249.93,38450,38512.51
1645632000,38512.51,38780,37536,37615.81
1645646400,37615.81,37796.36,37036.79,37250.01
1645660800,37250.02,37427.81,34720.53,34936.89
1645675200,34936.9,35515.83,34322.28,35312.05
1645689600,35312.04,35885,34818.09,35442.22
1645704000,35442.23,36100,35035,35919.96
1645718400,35919.96,37366.36,35721.96,37300
1645732800,37300,39843,37286.02,38327.21
1645747200,38328.68,39030.01,38138.54,38923.36
1645761600,38923.37,38942.46,38291.61,38466.24
1645776000,38466.25,38876.91,38014.37,38745.01
1645790400,38745,39683.53,38700,39410.92
1645804800,39415.46,39588.82,38537.91,38676.14
1645819200,38676.13,39600,38601,39219.17
1645833600,39219.16,40348.45,39076.14,39390.33
1645848000,39390.33,39468.73,38910.11,39200
1645862400,39200,39546,38573.18,38928.21
1645876800,38928.22,39378.6,38772.15,39215.66
1645891200,39215.66,39440,38823.08,39254.12
1645905600,39254.12,39700,38911,39116.72
1645920000,39116.73,39256.58,38189.19,38606.81
1645934400,38606.8,38875.99,38458.8,38790.93
1645948800,38790.92,39548.17,38621.57,39479.8
1645963200,39479.8,39855.7,38565.14,39357.03
1645977600,39357.03,39450.94,37500,37606.49
1645992000,37604.4,38299.39,37000,37699.07
1646006400,37699.08,38483.53,37450.17,37793.8
1646020800,37793.8,38478.28,37451.56,38347.58
1646035200,38347.58,38672.96,38088.71,38333.65
1646049600,38333.65,40898,37934.89,40824.96
1646064000,40824.96,41463.41,40693.18,41329.44
1646078400,41329.44,44225.84,41248.41,43160
1646092800,43160,43750,42855.2,43147.71
1646107200,43147.71,43562.35,43040.15,43492.96
1646121600,43492.96,43887,42809.98,43609.96
1646136000,43609.96,44949,43350,43643.69
1646150400,43643.69,44078.65,43111.46,43719.49
1646164800,43719.49,44506.65,43684.16,44421.2
1646179200,44421.2,44750,43819.97,44324.65
1646193600,44324.64,44534.79,43653.63,43973.09
1646208000,43973.09,44341.25,43738.27,44103.28
1646222400,44103.29,45400,43334.09,44126.52
1646236800,44126.51,44498.02,43433,43704.42
1646251200,43704.41,44380,43681.3,43892.98
1646265600,43892.99,44063.15,43193.52,43305.77
1646280000,43305.76,43696.83,42915.06,43477.05
1646294400,43477.04,43621.22,43064.46,43382.23
1646308800,43382.23,44101.12,42348.56,42547.34
1646323200,42547.34,42750,42055.64,42226.74
1646337600,42226.74,42703.65,41832.28,42454
1646352000,42454,42527.3,41069.91,41449.94
1646366400,41449.93,41499.48,41100,41436.98
1646380800,41436.98,41904.88,40863.01,41662.07
1646395200,41662.06,41833,40550.04,40694.32
1646409600,40694.32,40958.66,39665.72,39782.13
1646424000,39782.13,39879.48,38550,39148.66
1646438400,39148.65,39197.94,38564.04,39050.62
1646452800,39050.61,39140.51,38407.59,39016.73
1646467200,39016.74,39294.47,38784.69,39129.59
1646481600,39129.58,39371.15,38889.75,39160.01
1646496000,39160,39613.24,39122.33,39433.71
1646510400,39433.71,39583.66,39281.23,39397.96
1646524800,39397.97,39693.87,39275,39300.54
1646539200,39300.53,39656.89,38814.73,39387.57
1646553600,39387.56,39387.57,38088.57,38352.48
1646568000,38352.48,39056.16,38296.12,38862.61
1646582400,38862.62,39368.4,38518.56,38670.66
1646596800,38670.65,39273.79,38127,38420.81
1646611200,38420.8,38555.85,37578.03,37869.45
1646625600,37869.46,38247.48,37760.08,37895.24
1646640000,37895.24,38399.54,37649.46,38337.05
1646654400,38337.05,39285,38337.05,39071.48
1646668800,39071.49,39547.57,37192.78,37308.94
1646683200,37308.94,38517.82,37155,37988
1646697600,37988.01,38972.08,37867.65,38695.87
1646712000,38696.56,38831.7,38001,38547.79
1646726400,38547.79,39186.58,38460.28,38983.05
1646740800,38983.05,39226.99,38307.07,38658.34
1646755200,38658.34,39362.08,38139.84,38764.88
1646769600,38764.87,38897.68,38388.73,38730.63
1646784000,38730.63,41448.84,38656.45,41217.73
1646798400,41217.73,41884,41217.72,41791.1
1646812800,41791.1,42438.81,41626.28,42151.66
1646827200,42151.65,42594.06,41626.86,42520.99
1646841600,42520.99,42558.96,41773.19,42204.65
1646856000,42204.65,42320,41683.06,41941.71
1646870400,41941.7,42039.63,40545.08,40768.51
1646884800,40768.5,40834.93,38848.48,39238.9
1646899200,39238.9,39317.32,38782.14,39076.38
1646913600,39076.39,40292.44,38539.73,39179.54
1646928000,39179.55,39567.05,38904.63,39430.56
1646942400,39431.8,39680,39050,39422
1646956800,39422.01,39439.65,38223.6,38714.97
1646971200,38714.97,39348.87,38337.03,39132.09
1646985600,39132.1,40219.34,38806.86,39893.68
1647000000,39894.08,40236.26,38908,39080.26
1647014400,39080.26,39094.84,38500,38792.59
1647028800,38792.58,39177.48,38308.83,38729.57
1647043200,38729.57,39327.99,38660.52,39088.94
1647057600,39088.93,39261.46,38931.8,39104.99
1647072000,39104.99,39284.46,38957.47,39079.16
1647086400,39079.17,39262.95,38678.22,39042.04
1647100800,39042.05,39486.71,38930.71,39030.08
1647115200,39030.08,39210,38730.67,38807.36
1647129600,38807.35,39276.28,38703.73,39194.08
1647144000,39194.07,39310,39069,39089.77
1647158400,39089.76,39129.22,38601.81,38741.12
1647172800,38741.13,39074.93,38370,38936
1647187200,38936,39067,38851,38869.02
1647201600,38869.02,38869.03,37578.51,37777.34
1647216000,37777.35,38357.75,37555,38144.05
1647230400,38144.06,39184.66,38126.29,39078.92
1647244800,39078.91,39299.98,38842.89,38897.64
1647259200,38897.64,39174.79,38612.01,38964.25
1647273600,38964.26,39055,38415.4,38813
1647288000,38814.18,39947.12,38606.41,39671.37
1647302400,39671.37,39804.68,38636.7,38768.41
1647316800,38768.41,38990.61,38098.33,38439.5
1647331200,38439.5,38786.74,38254.35,38645.01
1647345600,38645.01,39270.24,38465.7,39017.11
1647360000,39017.11,39805.43,38926.15,39735.71
1647374400,39735.71,39887.61,39232.61,39280.33
1647388800,39280.33,41718,38828.48,39160
1647403200,39160,39676.65,38911,39581
1647417600,39581.01,40731.3,39563.63,40521.6
1647432000,40521.6,41194.6,40252.06,40611.67
1647446400,40611.67,40950,39311.53,40880.17
1647460800,40880.17,41471.36,40766.19,41114
1647475200,41114.01,41393.01,40820,41014.71
1647489600,41014.71,41478.82,40543.52,40726.05
1647504000,40726.06,40899.92,40500,40748.51
1647518400,40748.5,41233.27,40704.89,40798.56
1647532800,40798.56,40890.11,40565.39,40871.85
1647547200,40871.86,41068.9,40639.77,40917.9
1647561600,40917.89,40933.11,40215.59,40522.19
1647576000,40522.18,40897,40432.35,40570.67
1647590400,40570.67,40750,40135.04,40390.41
1647604800,40390.4,41072.96,40300,40931.08
1647619200,40931.08,42063.97,40904.98,42042.72
1647633600,42042.71,42325.02,41625.36,41757.51
1647648000,41757.51,42000,41499.29,41793.66
1647662400,41793.65,41944.64,41535.22,41610
1647676800,41609.99,41791.52,41575.06,41721.78
1647691200,41721.78,42085.62,41652.9,41937.68
1647705600,41937.68,42163.5,41802.02,42034.88
1647720000,42034.87,42400,41715.43,42201.13
1647734400,42201.13,42296.26,41770.38,41942.34
1647748800,41941.99,42007.99,41751.99,41863.99
1647763200,41863.99,41937.99,41575,41586.86
1647777600,41586.85,41699,41252.67,41340.3
1647792000,41340.3,41502.83,40911,41379.03
1647806400,41379.03,41677.65,41092.02,41262.11
1647820800,41262.11,41451.51,40467.94,40832.93
1647835200,40832.93,41136.17,40714.81,41102.01
1647849600,41102,41492.14,41084.01,41244.28
1647864000,41244.27,41544.22,40738.48,41224.48
1647878400,41224.48,41240.31,40759.18,41180.55
1647892800,41180.54,41370,40950,41002.25
1647907200,41002.26,42497,40875.51,42236.46
1647921600,42236.46,43361,41995.01,42215.94
1647936000,42215.95,43030.2,42085.74,42983
1647950400,42983,43199,42561.28,42573.81
1647964800,42573.8,42711.37,42263.01,42284.41
1647979200,42284.4,42872.17,42258.68,42364.13
1647993600,42364.13,42529.99,41884,42073.94
1648008000,42073.93,42259.38,41751.47,42107.74
1648022400,42107.73,42345.32,41878.82,42039.78
1648036800,42039.77,42737.39,41881,42618.18
1648051200,42618.18,42775.1,42050.37,42216.79
1648065600,42216.79,43025.96,42189.73,42882.76
1648080000,42882.76,43276.12,42650,42712.87
1648094400,42712.87,43478,42712.87,43077.74
1648108800,43077.75,43220,42840.92,42968.42
1648123200,42968.42,44036.93,42560.46,44000.01
1648137600,44000,44220.89,43757.1,43908.3
1648152000,43908.31,44100,43807.27,43991.46
1648166400,43991.46,44398.53,43854.38,43968.16
1648180800,43968.17,44200,43901.1,43904.97
1648195200,43904.97,44664.2,43579,44585.28
1648209600,44585.28,45094.14,44187.69,44318.21
1648224000,44318.21,44596.29,44013.11,44444.95
1648238400,44444.94,44646.06,44230.59,44313.16
1648252800,44313.16,44453.48,44071.97,44394.03
1648267200,44394.04,44548.24,44355.98,44510.07
1648281600,44510.07,44578,44318.94,44334.49
1648296000,44334.5,44397.78,44153.94,44205.31
1648310400,44205.3,44464.92,44140.76,44367.49
1648324800,44367.49,44792.99,44255,44511.27
1648339200,44511.27,44950,44484.11,44713.01
1648353600,44713.01,44759.17,44542.01,44734.06
1648368000,44734.06,44747.94,44469.38,44569.5
1648382400,44569.5,44933.45,44421.46,44857.52
1648396800,44857.53,45036.04,44740,44830.66
1648411200,44830.66,46999,44678.12,46827.76
1648425600,46827.76,47650,46663.56,47049.4
1648440000,47049.4,47371.99,46716.83,46989.24
1648454400,46989.24,47383.05,46845.98,47252.54
1648468800,47252.54,47908.05,47123.54,47422.51
1648483200,47422.51,48189.84,47300.65,47956.28
1648497600,47956.28,48094.11,46885.44,47122.21
1648512000,47122.21,47606.01,47050,47335.06
1648526400,47335.06,47753.75,47320.65,47344.44
1648540800,47344.45,47963.24,47334.69,47896.1
1648555200,47896.09,48096.47,47345,47440
1648569600,47440,47871.02,47105.5,47701.49
1648584000,47701.49,47726,46950.85,47434.8
1648598400,47434.79,47457.16,46445.42,47435.46
1648612800,47435.46,47580,47140.46,47384.44
1648627200,47384.44,47500,47064.81,47319.91
1648641600,47319.92,47344.5,46869,47160.81
1648656000,47160.82,47700.22,46831.81,47073.89
1648670400,47073.89,47292.68,46850,47067.99
1648684800,47067.99,47425.21,46973.91,47095.56
1648699200,47095.55,47170.71,46898.12,47160.76
1648713600,47160.75,47386.7,47000,47152.01
1648728000,47152,47600,46230,46453.81
1648742400,46453.81,46492.65,45500,45581.97
1648756800,45581.98,45849.99,45200,45510.34
1648771200,45510.35,45644.86,44200,44599.98
1648785600,44599.98,45110.81,44547.11,45015.69
1648800000,45015.68,45323.91,44990.48,45064.26
1648814400,45064.25,46720.09,44701.01,46532
1648828800,46531.99,46602,45893.98,46361.68
1648843200,46361.68,46439.56,46075.85,46283.49
1648857600,46283.49,47213,46081.93,46599.93
1648872000,46599.93,46684.4,46410.63,46584.49
1648886400,46584.49,46753.15,46490,46542.84
1648900800,46542.84,46941.11,46130.03,46295.06
1648915200,46295.06,46487.01,45620,46120.24
1648929600,46120.25,46350,45756.94,45811
1648944000,45810.99,46065.83,45530.92,45943.25
1648958400,45943.26,46570,45927.83,46363.82
1648972800,46363.83,46446.8,46076.92,46252.59
1648987200,46252.59,46723,46188,46412.49
1649001600,46412.49,46770.65,46220.16,46405.5
1649016000,46405.49,47444.11,46248.84,46407.35
1649030400,46407.36,46461.14,45744.77,46005.44
1649044800,46005.43,46293.38,45834.39,46173.99
1649059200,46174,46287.97,45787,46160.09
1649073600,46160.08,46359,45555,45633.88
1649088000,45633.88,45940.35,45118,45925.76
1649102400,45925.77,46890.71,45626.02,46580.51
1649116800,46580.5,46777.77,46412.62,46645.82
1649131200,46645.83,46884.49,46549.82,46709.99
1649145600,46710,46740,46522.52,46683.37
1649160000,46683.37,47200,45667.4,45763.72
1649174400,45763.73,46191,45457.89,46032.5
1649188800,46032.49,46107.58,45353.81,45497.55
1649203200,45497.54,45506.67,44412,45215.88
1649217600,45215.88,45507.14,45119,45276.04
1649232000,45276.04,45453.94,44665.91,44819.19
1649246400,44819.19,44999.99,43705.64,44168.35
1649260800,44168.36,44298.61,43177.11,43754.57
1649275200,43754.56,44041.1,43121,43170.47
1649289600,43170.47,43559.09,42727.35,43294.04
1649304000,43294.04,43545.74,43210.47,43445.33
1649318400,43445.34,43834.52,43269.5,43766.74
1649332800,43766.75,43900.99,43024.86,43331.81
1649347200,43331.82,43819.99,43266.68,43388.92
1649361600,43388.93,43750,43208,43444.19
1649376000,43444.2,43694.15,43305.57,43605.96
1649390400,43605.95,43780.32,43416.74,43763.52
1649404800,43763.53,43970.62,43260.76,43298.79
1649419200,43298.79,43961.99,42751.01,43648.01
1649433600,43648.01,43714.97,42414,42730.84
1649448000,42730.84,42870.7,42107.14,42252.01
1649462400,42252.02,42466.87,42125.48,42380
1649476800,42380,42640,42341.79,42481.09
1649491200,42481.08,42540,42322.72,42445.1
1649505600,42445.09,42522.44,42158.67,42260.77
1649520000,42253.02,42631.69,42183.6,42511.94
1649534400,42511.95,42800,42390,42753.97
1649548800,42753.96,42896.64,42591,42785.72
1649563200,42785.72,42799,42575.4,42633.59
1649577600,42633.59,42716.75,42433.49,42680.36
1649592000,42680.35,42850,42525,42747.47
1649606400,42747.48,43310.15,42659.64,43235.77
1649620800,43235.77,43410.3,41868,42158.85
1649635200,42158.85,42414.71,41755,42111.22
1649649600,42111.21,42350.29,42084.56,42305.75
1649664000,42305.74,42350,40968.11,41067.63
1649678400,41067.64,41246.61,40560,40581.51
1649692800,40581.52,40896.83,39770.35,39985.33
1649707200,39985.34,40269.6,39200,39530.45
1649721600,39530.45,39852.95,39290,39747.13
1649736000,39747.14,40196.39,39624.71,40183.97
1649750400,40183.97,40464,40016.09,40378
1649764800,40378,40699,39800,40179.13
1649779200,40179.12,40376.8,39261.39,39303.1
1649793600,39303.1,40289.02,39254.63,40074.94
1649808000,40074.95,40275,39588.54,40076.05
1649822400,40076.05,40228.41,39858.34,40130
1649836800,40129.99,40212.75,39656.1,39722.64
1649851200,39722.63,41411,39622.87,41158.18
1649865600,41158.18,41561.31,40829,41059.3
1649880000,41059.31,41404.58,41000,41147.79
1649894400,41147.78,41500,41064.35,41320
1649908800,41320,41413.11,41156.9,41271.66
1649923200,41271.66,41324.93,40851.5,40919.99
1649937600,40919.99,41300,39925.21,39964.02
1649952000,39964.01,40069,39551.94,39775.82
1649966400,39775.81,40017.26,39662.46,39942.38
1649980800,39942.37,40207.25,39766.4,40200.94
1649995200,40200.95,40449.96,39953.2,40239.43
1650009600,40239.43,40399,40036.06,40220
1650024000,40220,40870.36,39900,40412.2
1650038400,40412.21,40650.01,40203.68,40313.35
1650052800,40313.35,40602,40281.35,40551.9
1650067200,40551.9,40709.35,40410.75,40434.12
1650081600,40434.11,40563.46,40353.54,40393.77
1650096000,40393.77,40492.91,40277,40416.95
1650110400,40416.94,40577.57,39991.55,40062.68
1650124800,40062.67,40250,40005.78,40210
1650139200,40210.01,40699.55,40185.45,40378.71
1650153600,40378.7,40423,40122.05,40230.86
1650168000,40230.87,40430,40226.55,40285.15
1650182400,40285.15,40529.79,40280,40464.77
1650196800,40464.77,40595.67,40200,40445.3
1650211200,40445.3,40476.07,39833.31,40370.46
1650225600,40370.46,40459.52,39546.17,39678.12
1650240000,39678.11,39896.98,39580.05,39813.17
1650254400,39813.17,39847.24,38536.51,38919.85
1650268800,38919.85,39138.49,38799,38998.54
1650283200,38998.54,39620.8,38998.54,39254.5
1650297600,39254.5,41116.73,39000,40680.68
1650312000,40680.68,41099,40632.51,40801.13
1650326400,40801.13,41263.43,40601,40693.79
1650340800,40693.79,40883.99,40571,40683.14
1650355200,40683.13,41026.89,40580,40687.3
1650369600,40687.3,41760,40662.26,41445.87
1650384000,41445.88,41547.65,41167.92,41417.24
1650398400,41417.23,41539.9,41212.94,41493.18
1650412800,41493.19,41541.23,41229.96,41386.14
1650427200,41386.14,41631.47,41261.58,41340.05
1650441600,41340.04,42199,41302.02,42090
1650456000,42090.01,42173.38,41054.1,41261.73
1650470400,41261.72,41452.46,40820,41193.89
1650484800,41193.89,41645.09,41140,41358.19
1650499200,41358.19,41785.48,41320.47,41693.58
1650513600,41693.58,41940,41419.2,41855.69
1650528000,41855.69,42690,41741.1,42440
1650542400,42440.01,42976,42085.65,42135.33
1650556800,42135.34,42184.04,41207.22,41218.81
1650571200,41218.82,41309.67,39751,40480.01
1650585600,40480.01,40658.19,40232.63,40502.11
1650600000,40502.1,40795.06,40293,40709.59
1650614400,40709.6,40783.54,40138.03,40585.54
1650628800,40585.54,40640,39320.02,39433.6
1650643200,39433.6,39786.62,39177,39502.92
1650657600,39502.92,39835.23,39401,39709.18
1650672000,39709.19,39872.64,39406.25,39463.02
1650686400,39463.01,39687.77,39285,39600.98
1650700800,39600.98,39686.64,39501.41,39602.93
1650715200,39602.93,39820.62,39535.22,39792.65
1650729600,39792.65,39980,39658.09,39755.32
1650744000,39755.31,39948.27,39327.58,39441.6
1650758400,39441.61,39828,39414.18,39776.57
1650772800,39776.56,39815.42,39629.99,39751.38
1650787200,39751.38,39803.74,39544.91,39609.11
1650801600,39609.11,39940,39351.58,39656.49
1650816000,39656.49,39807.94,38929.62,39703.74
1650830400,39703.74,39771.6,39426.01,39450.13
1650844800,39450.12,39500.84,38674,39253.71
1650859200,39253.7,39256.28,38200,38453.92
1650873600,38453.92,38947.89,38209.36,38832.29
1650888000,38832.29,39420,38578.6,38976.76
1650902400,38976.76,40384.61,38911.57,40225.97
1650916800,40225.98,40616,40046.34,40426.08
1650931200,40426.08,40773.65,40374.23,40535.29
1650945600,40535.29,40690.47,40375.01,40584.5
1650960000,40584.5,40797.31,40229.41,40467.03
1650974400,40467.03,40625,38550,38563.94
1650988800,38563.94,38886.51,37842.49,38270.03
1651003200,38270.03,38463.4,37702.26,38112.65
1651017600,38112.64,38486.87,37881.31,38343.18
1651032000,38343.17,39113.72,38311.3,39112.74
1651046400,39113.06,39221.65,38645.42,39017.19
1651060800,39017.19,39474.72,38435.95,39005.76
1651075200,39005.77,39309,38668.2,38858.26
1651089600,38858.27,39399.99,38831.73,39235.72
1651104000,39235.72,39689.49,39152.96,39342.07
1651118400,39342.06,39660,39226.49,39385.01
1651132800,39385.01,39882.38,39359.63,39679.31
1651147200,39679.31,40300,38881.43,39438.01
1651161600,39438.12,40372.63,39314.05,39983.77
1651176000,39983.77,40216.27,39606.92,39742.07
1651190400,39742.06,39925.25,39286.01,39533.01
1651204800,39533.02,39641.3,39368.97,39610.14
1651219200,39610.14,39634.12,38616.46,38749.54
1651233600,38749.54,39406.37,38634.52,39004.86
1651248000,39004.87,39078.3,38175,38331.54
1651262400,38331.55,38665.36,38310.9,38596.11
1651276800,38596.11,38795.38,38551.12,38656.37
1651291200,38656.37,38778.79,38493.52,38650.34
1651305600,38650.35,38688.72,38536.66,38580.01
1651320000,38580,38638.38,38156.04,38466.56
1651334400,38466.56,38610.15,38201.78,38466.83
1651348800,38466.82,38466.83,37578.2,37630.8
1651363200,37630.8,38077.1,37386.38,38041.44
1651377600,38041.44,38165.12,37885.3,37970.27
1651392000,37970.27,38094.16,37866.62,37942.78
1651406400,37942.78,38641.46,37841.9,38490
1651420800,38490.01,38675,37750,37807.87
1651435200,37807.87,38630,37686.26,38468.35
1651449600,38468.35,38810.73,38376.38,38674.1
1651464000,38674.11,39167.34,38600.03,38881.47
1651478400,38881.46,39075,38482.41,38528.77
1651492800,38528.78,39155.47,38242.51,38696.05
1651507200,38696.05,38868.88,38052,38563.38
1651521600,38563.39,38908.56,38280.76,38525.16
1651536000,38525.16,38625,38317.06,38521.64
1651550400,38521.63,38579.77,38385.67,38559.99
1651564800,38559.99,38651.51,38261.16,38570.01
1651579200,38570.01,38607.09,38152,38326.36
1651593600,38326.37,38396.05,37517.8,37717.49
1651608000,37717.5,38036.46,37530.01,37728.95
1651622400,37728.95,38100,37670,38013.62
1651636800,38013.62,38757.27,37944.25,38701.32
1651651200,38701.32,39100,38670,39002.3
1651665600,39002.31,39182,38658.96,38973.2
1651680000,38973.2,40023.77,38590.97,39859.22
1651694400,39859.23,39942.35,39614.54,39690
1651708800,39690,39798.09,39536.66,39729.41
1651723200,39729.4,39845.51,39516.92,39588.84
1651737600,39588.85,39629.85,39407.17,39492.83
1651752000,39492.84,39545.66,36514.29,36909.67
1651766400,36909.67,37322,35571.9,36316
1651780800,36316.01,36600,36132.85,36552.97
1651795200,36552.97,36675.63,36163.44,36461.82
1651809600,36461.81,36550,35833.01,36371.94
1651824000,36371.94,36514.63,35587.1,35780.84
1651838400,35780.83,36436.2,35258,36004.34
1651852800,36004.33,36239.4,35834.03,36001.35
1651867200,36001.34,36116.81,35863.59,36013.77
1651881600,36013.77,36077.98,35760,35812.21
1651896000,35812.22,35961.05,35722.24,35921.6
1651910400,35921.6,36146.3,35879.96,36055.86
1651924800,36055.86,36085.5,35866,35962.47
1651939200,35962.47,35997.14,35852.06,35876.36
1651953600,35876.37,35876.37,34785,35472.39
1651968000,35472.4,35514.22,34210,34480.24
1651982400,34480.23,34952.5,34318.46,34596.55
1651996800,34596.55,34870.88,34501.57,34786.24
1652011200,34786.25,34843.01,34301.01,34357.92
1652025600,34357.91,34763.34,33713.95,34587.64
1652040000,34587.64,34640,33930,34038.4
1652054400,34038.39,34243.15,33267.26,33563.15
1652068800,33563.15,33838.42,33340.29,33523.27
1652083200,33523.27,33777,32650.39,33122.31
1652097600,33122.31,33424.21,32061.29,32341.53
1652112000,32341.53,32588.2,30334.07,30944.82
1652126400,30940.62,31899.99,30033.33,30076.31
1652140800,30074.23,31463.42,29730.4,30642.55
1652155200,30642.55,32658.99,30600,31609.78
1652169600,31609.79,32016.66,31240,31622.24
1652184000,31622.24,32383.8,30819.98,31320
1652198400,31320,31805.15,30962.9,31330.03
1652212800,31330,31353.43,30147.78,31017.1
1652227200,31017.11,31691.89,30626.22,31205.96
1652241600,31205.95,31888.85,30200,30614.99
1652256000,30614.99,32162.59,30376.61,31533.15
1652270400,31533.14,32000,29039.54,30977.61
1652284800,30977.61,31131.58,29190,29372.22
1652299200,29372.21,29652.63,27785,29103.94
1652313600,29103.94,30243,28367.07,28406.15
1652328000,28406.15,28643.93,26700,28193.4
1652342400,28193.4,29294,27477.7,28472.98
1652356800,28472.98,29813,27902.95,29021.27
1652371200,29021.26,29967.03,28186.74,28641.15
1652385600,28640,29300,28001,29029.75
1652400000,29029.74,30800,28751.67,30582.54
1652414400,30582.54,31083.37,30154.24,30171.13
1652428800,30171.13,30767.38,30171.13,30668.08
1652443200,30668.07,31033,30227.62,30339.99
1652457600,30340,30537.78,29382.66,30084.11
1652472000,30084.1,30139.16,29200,29287.05
1652486400,29287.05,29824.69,29219.37,29569.89
1652500800,29569.89,29611.7,29200,29431.59
1652515200,29431.58,29599.51,28830,29074.24
1652529600,29074.24,29260.29,28660.76,28818.06
1652544000,28818.05,29942.82,28630,29338.78
1652558400,29338.79,30343.27,29300,30086.74
1652572800,30086.74,30273.21,29553.47,29721.65
1652587200,29721.66,30061.54,29480,29825.99
1652601600,29826,30327.68,29547.48,30241.46
1652616000,30241.46,30561.37,29782.01,30013.47
1652630400,30013.46,30500,29936.49,30457.88
1652644800,30457.88,31460,30355.22,31328.89
1652659200,31328.89,31328.9,30211.32,30323.23
1652673600,30323.23,30473.31,29258,29593.89
1652688000,29593.89,30205,29433.9,29950.95
1652702400,29950.95,30252.77,29313.48,29676.56
1652716800,29676.56,29985.3,29087.04,29576.7
1652731200,29576.7,30259.78,29543.46,29874.01
1652745600,29874.01,30508,29780.97,30363.59
1652760000,30363.59,30578.14,30244.52,30412.06
1652774400,30412.05,30788.37,30271.21,30319.47
1652788800,30319.48,30748,29944.48,30153.74
1652803200,30153.74,30320,29450.38,30097.09
1652817600,30097.1,30669,30045.85,30444.93
1652832000,30444.93,30709.99,29732.49,29831.4
1652846400,29831.4,30090.51,29682.97,29910.25
1652860800,29910.25,30046.79,29742.99,29833.58
1652875200,29833.59,29909.66,28875,28984.99
1652889600,28984.98,29538.19,28750,29276.55
1652904000,29276.55,29411.07,28654.47,28715.32
1652918400,28715.33,29337.52,28691.38,29196.78
1652932800,29196.77,29432.8,29029.88,29192.13
1652947200,29192.13,29540,28855.42,29500.2
1652961600,29499.81,30545.18,29353.82,30389.45
1652976000,30389.45,30456.56,29961.7,29967.4
1652990400,29967.4,30486.57,29950.45,30319.23
1653004800,30319.22,30777.33,30130.48,30175.03
1653019200,30175.04,30362.16,29850.51,30256.74
1653033600,30256.74,30535.4,30110.04,30414.07
1653048000,30414.06,30449.98,29071.39,29152.9
1653062400,29152.9,29359.23,28730,29291.55
1653076800,29291.55,29391.4,29123.77,29201.01
1653091200,29201.01,29347.52,28947.28,29258.18
1653105600,29258.17,29566,29205.23,29423.18
1653120000,29423.18,29481.1,29168.68,29288
1653134400,29288,29645.7,29190,29552.47
1653148800,29552.47,29656.18,29390.62,29464.31
1653163200,29464.32,29538.66,29311.07,29445.06
1653177600,29445.07,29545.75,29331.26,29363.5
1653192000,29363.5,29457.89,29255.11,29441.78
1653206400,29441.78,30311.31,29421.53,29897.52
1653220800,29897.52,30236.63,29668.51,29844.01
1653235200,29844.01,30177.93,29738.57,29936.01
1653249600,29936.02,30487.99,29910.14,30293.94
1653264000,30293.93,30459.56,30048.77,30171.32
1653278400,30171.32,30670.51,30101.07,30457.01
1653292800,30457.01,30616.18,30281.89,30397.11
1653307200,30397.12,30625.98,29967.07,30373.53
1653321600,30373.53,30529.9,29078.3,29089.9
1653336000,29089.91,29499.03,28866.35,29109.15
1653350400,29109.14,29326.74,29056.7,29299.92
1653364800,29299.91,29439.26,29241.61,29404.55
1653379200,29404.54,29430.83,29123.89,29295.74
1653393600,29295.75,29650,28669,29382.31
1653408000,29382.32,29593.77,29101,29391.62
1653422400,29391.62,29845.86,29250.22,29654.58
1653436800,29654.58,30222.87,29557.36,30198.09
1653451200,30198.09,30223.74,29666.67,29701.46
1653465600,29701.47,29941.41,29294.21,29409.01
1653480000,29409.01,29909,29339.57,29629.36
1653494400,29629.35,30034.37,29430.54,29599.1
1653508800,29599.1,29880,29537.31,29542.15
1653523200,29542.14,29886.64,29503.72,29837.16
1653537600,29837.16,29876.72,29337.77,29733.7
1653552000,29733.71,29744.25,28877,28998.4
1653566400,28998.4,29495,28019.56,29393.1
1653580800,29393.1,29787.69,29370,29379.76
1653595200,29379.76,29682.84,29174,29201.35
1653609600,29201.35,29390.34,28840.39,29020.01
1653624000,29020.01,29214,28643.89,28992.99
1653638400,28993,29142.75,28779.4,28912.96
1653652800,28912.95,29397.66,28639.26,28850.45
1653667200,28850.46,29056,28282.9,28880
1653681600,28880,29025,28504.64,28629.8
1653696000,28629.81,28854.05,28450,28819.2
1653710400,28819.2,28949.39,28754.4,28885.72
1653724800,28885.71,28930.81,28766.68,28828.02
1653739200,28828.02,29266,28795.78,28988.21
1653753600,28988.2,29067.01,28784.48,29019.82
1653768000,29019.81,29154.61,28960,29031.33
1653782400,29031.33,29045.34,28839.21,28984.32
1653796800,28984.31,29060.32,28914.96,29008.35
1653811200,29008.35,29235.76,28952.7,29213.85
1653825600,29213.85,29489,29166.51,29215.98
1653840000,29215.97,29355.5,29077.98,29126.41
1653854400,29126.4,29587.78,29091.67,29468.1
1653868800,29468.1,30400,29299.62,30353.07
1653883200,30353.07,30928.71,30236.55,30636.12
1653897600,30636.12,30765.09,30556.63,30665.37
1653912000,30665.38,30931,30269.22,30634.08
1653926400,30634.08,30878.1,30566.54,30643.11
1653940800,30643.1,32222,30500,31734.22
1653955200,31734.23,31861.55,31440.52,31772.82
1653969600,31772.81,31800.67,31434.66,31573.77
1653984000,31573.76,31842.69,31496.09,31767
1653998400,31766.99,32181.37,31200.01,32058.53
1654012800,32058.52,32399,31570.53,31625.71
1654027200,31625.71,31936.5,31584.29,31801.04
1654041600,31801.05,31982.97,31614.01,31627.3
1654056000,31627.29,31670,31371.45,31482.43
1654070400,31482.42,31709.99,31444,31609.16
1654084800,31609.15,31901.34,30600,30742.59
1654099200,30742.59,30744.19,29901.29,30126.72
1654113600,30126.71,30162.44,29301,29805.83
1654128000,29805.84,29903.74,29594.55,29730.12
1654142400,29730.12,30123.35,29650.93,29968.26
1654156800,29968.27,30210.18,29865,30173.67
1654171200,30173.66,30387.84,29597.01,30212.73
1654185600,30212.73,30408.54,29977.45,30293.01
1654200000,30293,30689,30235.7,30452.62
1654214400,30452.63,30699,30359.54,30529.96
1654228800,30529.96,30561.32,30282.29,30443.74
1654243200,30443.7,30529.07,29680,29758.19
1654257600,29758.2,29889.49,29282.36,29506.24
1654272000,29506.25,29677.14,29401,29572.52
1654286400,29572.52,29887.56,29558.3,29700.21
1654300800,29700.21,29763.35,29500,29560.12
1654315200,29560.12,29734.49,29546.78,29700.96
1654329600,29700.96,29800,29594.91,29681.69
1654344000,29681.68,29988.88,29485,29858.8
1654358400,29858.79,29858.8,29613.26,29655.41
1654372800,29655.41,29977.99,29632.05,29864.04
1654387200,29864.03,29897.18,29678.5,29766.95
1654401600,29766.95,29819.85,29645.67,29645.67
1654416000,29645.68,29742.13,29531.42,29718.69
1654430400,29718.69,29981,29626.65,29972.22
1654444800,29972.23,30189,29761,30049.86
1654459200,30049.85,30127.47,29815.75,29919.21
1654473600,29919.2,31276.87,29890.23,31251
1654488000,31250.99,31434.75,31148.43,31292.77
1654502400,31292.76,31599.37,31281,31396.71
1654516800,31396.72,31765.64,31162.55,31541.42
1654531200,31541.41,31555.75,31000.01,31470.72
1654545600,31470.72,31599.85,31272.39,31373.1
1654560000,31373.1,31381.03,29218.96,29563.62
1654574400,29563.61,29632.49,29401,29585.12
1654588800,29585.12,29733.63,29345,29521.5
1654603200,29521.51,30041.25,29401.44,29891.17
1654617600,29891.17,31429.85,29747.62,31059.71
1654632000,31059.71,31589.6,30300,31125.33
1654646400,31125.32,31327.22,29843.88,30026.72
1654660800,30026.71,30686.63,29872.55,30561.77
1654675200,30561.77,30616.85,30336.81,30410.85
1654689600,30410.85,30901.67,30051.16,30476.77
1654704000,30476.77,30552.64,29916.45,30140.14
1654718400,30140.14,30499,30102.86,30204.77
1654732800,30204.77,30323.51,30070.24,30293.49
1654747200,30293.5,30487.54,30235.85,30487.54
1654761600,30487.53,30700,30251.89,30299.47
1654776000,30299.46,30389.05,29944.1,30302.24
1654790400,30302.23,30450,29976,30017.12
1654804800,30017.12,30250,29970.51,30109.93
1654819200,30109.93,30382.8,29578.96,30114.38
1654833600,30114.38,30226.79,30042.13,30052.43
1654848000,30052.44,30114.25,29868,30020.56
1654862400,30020.56,30184.4,29222.67,29454.53
1654876800,29454.52,29484.45,28850,28980.02
1654891200,28980.03,29400,28970,29091.88
1654905600,29091.87,29315.21,29047.93,29272.43
1654920000,29272.43,29440.41,29251.17,29326.83
1654934400,29326.83,29345.11,28590,28734.01
1654948800,28734.01,28870,28251,28405.54
1654963200,28405.55,28794.46,28099.99,28595.28
1654977600,28595.27,28683.54,28250.04,28424.7
1654992000,28424.71,28544.96,27249,27553.23
1655006400,27553.22,27677.18,27190,27645.89
1655020800,27645.88,27726.15,27342.82,27457.39
1655035200,27457.39,28347.89,26890,28094.42
1655049600,28094.42,28238.58,27423.73,27424.71
1655064000,27424.71,27557.05,26560,26574.53
1655078400,26574.53,26895.84,24900,25520.05
1655092800,25520.05,26257.31,24555,24811.59
1655107200,24811.59,24941.17,23500,23729.43
1655121600,23729.43,24376.09,22600,23271.54
1655136000,23271.53,24204.55,23101.01,23218.22
1655150400,23215.97,23787.3,21925.77,22487.41
1655164800,22485.27,22796.71,20846,22127.91
1655179200,22127.92,23362.88,21763.71,22877.52
1655193600,22877.52,22979.96,21725.22,21994.56
1655208000,21994.56,22800,21811.01,22680.38
1655222400,22680.38,22777.07,22126.4,22196.28
1655236800,22190.93,22344,21358,22136.41
1655251200,22136.42,22297.37,21406.68,21455.8
1655265600,21455.8,21490.67,20652.18,20722.92
1655280000,20722.92,21290,20111.62,21177.03
1655294400,21177.04,21798.95,21045.13,21419.1
1655308800,21419.09,22496.52,20250,21632.04
1655323200,21632.03,22800,21450,22583.72
1655337600,22583.72,22995.73,22167.08,22211.62
1655352000,22211.62,22361.98,21646.64,21764.17
1655366400,21764.18,21888,20852.35,21044.55
1655380800,21044.56,21510.2,20745,21074.77
1655395200,21074.77,21500,20818,20875.48
1655409600,20875.48,21048.38,20232,20401.31
1655424000,20400.6,21059.68,20246.66,20383.38
1655438400,20383.37,21286.01,20326,21100.64
1655452800,21100.65,21365.43,20847.49,20972.04
1655467200,20972.04,21047.41,20386.93,20663.7
1655481600,20661.95,20791.96,20440.92,20515.59
1655496000,20515.59,20723,20368.2,20468.81
1655510400,20468.81,20792.06,20322.08,20459.65
1655524800,20459.65,20537.34,19066.8,19258.58
1655539200,19258.58,19540,18742.5,19243.98
1655553600,19243.99,19291.99,18942.75,18953.76
1655568000,18953.76,19101.28,18031.13,18067.6
1655582400,18067.61,19493.23,17622,18970.79
1655596800,18970.79,19198,18224.98,18311.09
1655611200,18311.1,18621.57,17960.41,18306.93
1655625600,18307.39,20150,18264.67,19692.5
1655640000,19692.49,19945.88,19130.84,19824.97
1655654400,19824.96,20344.91,19350.08,20124.08
1655668800,20124.07,20815.95,20050.47,20574
1655683200,20574,20687.99,19637.03,19980.49
1655697600,19980.49,20258.29,19776.58,20086.63
1655712000,20086.62,21022,20023.14,20801.79
1655726400,20801.79,21090,20364.33,20824.74
1655740800,20824.74,20832.82,19832.95,20072.81
1655755200,20072.8,20784.77,20001.53,20573.89
1655769600,20573.9,20783.99,20348.4,20614.04
1655784000,20614.04,21333,20474.41,21120.28
1655798400,21120.28,21500.01,20911.13,20962.42
1655812800,20962.42,21723,20853.36,21392.19
1655827200,21392.18,21550.39,20870.01,20888.64
1655841600,20888.63,21054.99,20551,20723.52
1655856000,20723.51,20736.68,20253.96,20317.88
1655870400,20317.89,20595.42,19950.34,20099.62
1655884800,20099.62,20676.7,20038.85,20506.3
1655899200,20506.3,20900,20035.54,20080.1
1655913600,20080.85,20380,19840.86,20117.34
1655928000,20117.34,20239.87,19770.51,19987.99
1655942400,19988,20612.22,19890.07,20213.79
1655956800,20213.78,20657.14,20168.26,20461.83
1655971200,20461.83,20812.12,20454.32,20638.79
1655985600,20638.89,20829.21,20287.41,20351.91
1656000000,20351.91,20945.55,20170,20910.06
1656014400,20910.06,21233,20672.72,21110.13
1656028800,21110.12,21369.85,20973.68,21073.73
1656043200,21073.73,21168.13,20736.72,20913.72
1656057600,20913.73,21326.52,20745.01,21169.53
1656072000,21169.53,21457,20822.9,20884.17
1656086400,20884.17,21267.36,20784.76,21253.61
1656100800,21253.79,21558.41,21146,21237.69
1656115200,21237.68,21379.65,21121.72,21300.62
1656129600,21300.62,21614.5,21180.4,21508.13
1656144000,21508.09,21555.71,21318.63,21340.22
1656158400,21340.22,21372.89,20906.62,20961.89
1656172800,20961.89,21271.62,20915,21206.2
1656187200,21206.21,21588.43,21146.04,21491.19
1656201600,21491.18,21544.49,21282.13,21426.23
1656216000,21426.23,21526,21336.96,21396.52
1656230400,21396.52,21777,21365.15,21708.6
1656244800,21708.6,21888,21197.12,21326.11
1656259200,21325.98,21445.88,21115.3,21283.6
1656273600,21283.6,21425,20964.73,21038.07
1656288000,21038.08,21190.1,20926.01,21171.32
1656302400,21171.33,21404.52,21142.86,21363.22
1656316800,21363.23,21539.85,21285.48,21304.55
1656331200,21304.56,21343.83,20590,20754.73
1656345600,20754.74,20945,20510,20855.37
1656360000,20855.38,20966.73,20680,20742.56
1656374400,20742.57,20873.82,20510,20735.03
1656388800,20735.03,20933,20703.3,20879.39
1656403200,20879.39,21212.1,20870.01,20998.13
1656417600,20998.14,21129.19,20588,20606.4
1656432000,20606.4,20771.8,20218,20255.01
1656446400,20255.01,20463.2,20202.01,20281.29
1656460800,20281.28,20398,20152,20282.96
1656475200,20282.96,20381.1,19889,20093.75
1656489600,20093.74,20233.98,19854.92,20104.8
1656504000,20104.81,20254.2,19892.97,20084.48
1656518400,20084.48,20268,19921.85,20223.63
1656532800,20223.63,20432.31,20052.74,20123.01
1656547200,20123,20179.08,19951.08,20077.01
1656561600,20077.01,20091.15,19310,19435.9
1656576000,19435.89,19440.73,18921.59,19101.36
1656590400,19101.35,19341.26,18756.71,19143.98
1656604800,19143.97,19295.89,18850.21,18927.34
1656619200,18927.33,19980,18626,19942.21
1656633600,19942.21,20918.35,19658.97,19730.76
1656648000,19730.77,19773.71,19315.91,19579.11
1656662400,19579.11,19821.28,18975,19191.03
1656676800,19191.02,19669.22,19130.21,19290.94
1656691200,19290.95,19544.52,19253.01,19390.17
1656705600,19390.17,19686.71,19221.03,19279.8
1656720000,19279.8,19387.44,19063.52,19130.9
1656734400,19130.9,19299,19112.51,19126.81
1656748800,19126.81,19285.01,18977.01,19195.21
1656763200,19195.21,19467.39,19152.13,19229.39
1656777600,19229.39,19408.01,19191.91,19273.27
1656792000,19273.27,19383.01,19200,19252.81
1656806400,19252.82,19307.42,19173.46,19264.29
1656820800,19264.29,19400,18781,19139.74
1656835200,19139.75,19155.44,18930.19,19089.8
1656849600,19089.79,19136.43,18964,19046.78
1656864000,19046.78,19565.05,19011.66,19492.16
1656878400,19492.15,19647.63,19213.58,19315.83
1656892800,19315.83,19343.43,19055.31,19103.54
1656907200,19103.54,19189,19082.92,19120.6
1656921600,19120.6,19855.7,19110.04,19806.49
1656936000,19806.48,20143.02,19496.84,19801.47
1656950400,19801.48,20050,19676.9,19829.99
1656964800,19829.98,20354.01,19733.95,20236.71
1656979200,20236.71,20478.4,20159.59,20312.98
1656993600,20312.99,20470.78,20177,20215.69
1657008000,20215.68,20215.69,19478,19520.39
1657022400,19520.4,19594.52,19304.4,19519.98
1657036800,19519.98,20500,19479.53,20398.21
1657051200,20398.21,20750,20103.05,20175.83
1657065600,20175.84,20414.01,19761.25,19951.47
1657080000,19951.47,20337.84,19864.45,20162.22
1657094400,20162.21,20303.65,20033.37,20103.43
1657108800,20103.44,20366.2,19961.02,20148.86
1657123200,20148.85,20478.08,20133.55,20328.55
1657137600,20328.55,20675.22,20277.04,20564.51
1657152000,20564.51,20594.77,20385.87,20480.61
1657166400,20480.6,20493.72,20251.68,20440.01
1657180800,20440.01,20619.5,20391.16,20507.83
1657195200,20507.83,21035,20378.16,20888.44
1657209600,20888.44,21837.74,20837.67,21812.47
1657224000,21812.46,21838.1,21526.4,21624.98
1657238400,21624.99,22527.37,21578.14,22130.56
1657252800,22130.57,22242.29,21710.56,21797.64
1657267200,21797.65,21822.1,21317,21583.98
1657281600,21583.99,22130,21189.26,21962.52
1657296000,21964.3,21979.51,21550,21811.9
1657310400,21811.9,22045.91,21580.71,21594.75
1657324800,21594.75,21696.39,21403.24,21612.62
1657339200,21612.62,21728.63,21485.82,21654.72
1657353600,21654.72,21778.73,21322.12,21447.29
1657368000,21447.29,21717.62,21379.64,21546.9
1657382400,21545.89,21980,21517.87,21621.4
1657396800,21621.49,21754,21546.06,21591.83
1657411200,21592.15,21607.65,21091.81,21294.98
1657425600,21295.76,21373.48,21161.36,21338.12
1657440000,21339.46,21424.67,21161.67,21301.84
1657454400,21301.84,21345.14,20835.73,20899.76
1657468800,20898.44,21052.47,20655,20920.54
1657483200,20921.4,21180.92,20698.9,20862.47
1657497600,20861.11,20868.48,20453.36,20540.69
1657512000,20540.68,20606.11,20353.72,20439.91
1657526400,20439.17,20632.59,20411.56,20473.06
1657540800,20474.55,20762.02,20271.1,20437.44
1657555200,20440,20716.29,20400,20509.47
1657569600,20509.47,20565.05,19875.23,19963.61
1657584000,19963.61,20006.54,19786.46,19942.33
1657598400,19942.33,20059.42,19620,19730.99
1657612800,19731,19836.6,19558.12,19773.9
1657627200,19775.56,20010,19695.3,19886.33
1657641600,19886.33,20007.23,19278,19398.74
1657656000,19398.74,19555,19240,19328.75
1657670400,19331.28,19582.51,19265.4,19473.68
1657684800,19473.68,19875,19420,19705.25
1657699200,19707.06,19930,19670.02,19843.89
1657713600,19845.33,20128.39,18910.94,19456.2
1657728000,19454.99,20046.15,19230,19652.15
1657742400,19652.15,20366.61,19584.37,20234.87
1657756800,20234.87,20435.72,20164.06,20224.24
1657771200,20224.24,20276.9,19894.76,19990.72
1657785600,19990.72,20057.03,19635.22,19738.13
1657800000,19738.13,20466,19616.07,20390.5
1657814400,20390,20900,20143.96,20605.75
1657828800,20608.36,20720,20438.12,20588.84
1657843200,20588.84,20833,20382.29,20611.83
1657857600,20613.21,20936,20494.29,20835.38
1657872000,20835.38,21059.32,20720.16,20769.74
1657886400,20769.74,21090,20759.39,20792.19
1657900800,20792.19,21189,20636.7,21165.85
1657915200,21165.85,21200,20760,20830.04
1657929600,20830.04,20865.38,20600,20738
1657944000,20738,20764.83,20478.61,20546.18
1657958400,20546.18,20685.9,20539.85,20616.69
1657972800,20616.69,20957.46,20588.72,20943.02
1657987200,20943.02,21588.94,20921.07,21192.04
1658001600,21190,21345.99,20911.64,21195.6
1658016000,21195.6,21460.85,21082.8,21324.18
1658030400,21322.27,21684.54,21231.01,21467.61
1658044800,21467.61,21549,21209.71,21456.79
1658059200,21459.35,21500,21075.07,21170.09
1658073600,21170.09,21355,20824,21026.85
1658088000,21029.12,21080,20750.01,20798.16
1658102400,20799.58,21379.99,20762.45,21280.02
1658116800,21282.6,22400,21170.01,22245.93
1658131200,22245.93,22515,21960.71,22133.31
1658145600,22132.08,22777.63,21898,22675.83
1658160000,22675.83,22713.28,21388,21617.92
1658174400,21617.92,22650,21434.35,22432.58
1658188800,22432.58,22961.72,21807.46,21903.55
1658203200,21903.55,22133.89,21579.54,21764.88
1658217600,21764.88,22230,21696.6,21974.49
1658232000,21977.19,23199.9,21971.84,23136.08
1658246400,23128.31,23706.26,22950.21,23401.99
1658260800,23399.88,23800,23147.14,23396.62
1658275200,23398.48,23522.4,22922,23436.85
1658289600,23438.01,23864.15,23303.43,23381.18
1658304000,23381.18,23888.04,23313.9,23728.55
1658318400,23728.55,24276.74,23567.91,24172.63
1658332800,24172.64,24201.94,23400,23660.38
1658347200,23663.24,23799.62,22906.19,23223.3
1658361600,23223.3,23442.77,22666,22777.2
1658376000,22779.12,23099.51,22638.53,22931.56
1658390400,22929.28,23074.12,22466.34,22606.04
1658404800,22607.92,22850,22341.46,22642.34
1658419200,22639.37,23207.94,22632.72,23194.4
1658433600,23194.4,23308.8,22931.35,23152.19
1658448000,23152.19,23352.53,22861.43,22909.9
1658462400,22907.25,23320,22805.89,23118.79
1658476800,23121.63,23634.4,23068,23610.58
1658491200,23612.15,23756.49,23227.81,23290.68
1658505600,23290.71,23344.62,22543.64,22586.26
1658520000,22582.88,22785.95,22500,22684.83
1658534400,22684.83,22904.39,22550.14,22808.55
1658548800,22808.55,23000.77,22675.12,22770.52
1658563200,22771.94,22877.26,22210.67,22227.53
1658577600,22230.28,22389.53,22039.89,22215.61
1658592000,22216.9,22332,21934.57,22272.5
1658606400,22272.5,22559,22221.54,22451.07
1658620800,22448.58,22677.37,22288,22331.86
1658635200,22331.86,22839.99,22257.15,22701.6
1658649600,22704.09,22822.81,22480,22657.63
1658664000,22657.63,22911.31,22444,22847.08
1658678400,22847.08,22880.87,22630,22700.4
1658692800,22699.12,23014.64,22513.7,22579.68
1658707200,22577.13,22666,21753.57,21867.75
1658721600,21867.75,22002.62,21737.82,21962.33
1658736000,21962.33,22110.98,21868.36,21941.25
1658750400,21942.18,22003.12,21683.4,21895.79
1658764800,21893.94,22021.47,21552.53,21890.17
1658779200,21892.66,22259.98,21250,21310.9
1658793600,21310.9,21347.82,20856.48,21141.53
1658808000,21141.53,21272.21,21017.21,21066.86
1658822400,21066.86,21161.37,20932.7,21090.22
1658836800,21090.22,21196.58,20706.5,20746.81
1658851200,20746.81,21083.49,20734.79,20915.57
1658865600,20911.55,21300,20809.53,21254.67
1658880000,21254.67,21284,21042.53,21076.86
1658894400,21076.86,21451.33,21059,21347.36
1658908800,21346.11,21439.29,21129.65,21200.23
1658923200,21200.6,21547.53,21157.07,21530.86
1658937600,21530.86,23112.63,21455.25,22773.62
1658952000,22773.62,22997.17,22576,22952.45
1658966400,22954.31,23460.58,22701.44,23133.45
1658980800,23133.45,23273.81,22887,22925.1
1658995200,22925.1,23138.28,22816.26,23114.52
1659009600,23116.19,23992,22582.13,23745.57
1659024000,23747.85,24106.96,23662.52,23794.26
1659038400,23792.1,24199.72,23711,23842.93
1659052800,23845.25,23947.73,23701,23912.85
1659067200,23912.7,24442.66,23820.27,23943.26
1659081600,23941.63,24131.54,23530.96,23720.56
1659096000,23718.71,24222,23414.03,24010.74
1659110400,24012.76,24051.22,23606.18,23895.13
1659124800,23895.14,24138.69,23700,23773.75
1659139200,23777.28,23968.9,23674.14,23801.35
1659153600,23802.8,23914,23650,23880.76
1659168000,23878.58,24073.05,23732.56,23956.38
1659182400,23956.38,24668,23916.97,24529.1
1659196800,24526.57,24593.02,23862,23920.65
1659211200,23923.74,24078.94,23502.25,23643.51
1659225600,23644.64,23886.92,23520,23737.4
1659240000,23739.41,23842.2,23670,23713.1
1659254400,23713.1,23860,23558.21,23801.07
1659268800,23802.56,23861.83,23605.21,23774.97
1659283200,23774.97,24194.82,23400,23845.88
1659297600,23843.69,23892.43,23227.31,23293.32
1659312000,23296.36,23466.55,23257.37,23375.62
1659326400,23376.59,23425,23112,23322.05
1659340800,23323.26,23379,22939.57,23227.79
1659355200,23227.79,23509.68,22961.6,23326.73
1659369600,23325.19,23355,22850,22953.59
1659384000,22955.37,23417.11,22908.45,23268.01
1659398400,23266.9,23447.62,22780,22853.11
1659412800,22851.34,22937.5,22715.61,22887.8
1659427200,22889.62,22973.08,22654.37,22882.61
1659441600,22882.61,23151.24,22666.05,22979.5
1659456000,22977.78,23459.89,22870.1,22951.21
1659470400,22951.21,23148.6,22910,22987.79
1659484800,22985.93,23079.39,22681.22,22862.72
1659499200,22863.65,23074.86,22802,22989.96
1659513600,22989.16,23471.5,22987.46,23402.83
1659528000,23405.14,23647.68,23207.29,23352.76
1659542400,23352.76,23574.98,23256.87,23462
1659556800,23460.51,23486.48,22720,22818.37
1659571200,22816.91,23223.32,22791.46,23095.74
1659585600,23095.74,23185.35,22815.35,22947.92
1659600000,22947.92,22956.41,22767.86,22885.01
1659614400,22885.01,23148.99,22750,22931.68
1659628800,22931.68,22980,22400,22451.24
1659643200,22451.28,22670,22449.09,22622.98
1659657600,22622.41,23200,22586.95,23175.32
1659672000,23173.9,23432.51,23065.82,23186.08
1659686400,23185.08,23441.1,23095.17,23405.13
1659700800,23403.67,23472.86,22879.42,22988.25
1659715200,22988.26,23104,22754.13,22932.83
1659729600,22931.23,23329,22839.27,23312.42
1659744000,23313.56,23354.36,23152.42,23173.65
1659758400,23173.65,23236.93,23140.02,23205.87
1659772800,23204.77,23258.61,23100,23157.42
1659787200,23157.42,23236.49,23153.59,23202.21
1659801600,23201.18,23256.37,22982.49,23185.12
1659816000,23186.32,23220,22909.52,22954.21
1659830400,22954.21,23051.92,22844.62,22990.1
1659844800,22990.1,23029.62,22938.47,23015.95
1659859200,23014.6,23055,22890.52,23038.48
1659873600,23038.48,23184.21,23010.84,23023.14
1659888000,23021.97,23300,22994,23161.02
1659902400,23162.46,23402,23051.71,23174.39
1659916800,23174.39,23350,23154.25,23306.63
1659931200,23306.62,23852.43,23278.14,23807.68
1659945600,23807.53,24189.43,23771.01,24166.12
1659960000,24166.12,24245,23892.57,23991.38
1659974400,23991.38,24011.93,23793.33,23926.83
1659988800,23926.84,24104.55,23670.88,23810
1660003200,23810.98,23869.96,23626.87,23828.96
1660017600,23828.98,23933.25,23754.51,23878.12
1660032000,23878.12,23890.47,23182.55,23263.92
1660046400,23263.34,23327.07,22865,23075
1660060800,23075,23132.11,22970,23053.82
1660075200,23053.82,23265,23050,23149.95
1660089600,23151.32,23151.32,22664.69,22863.75
1660104000,22863.75,23011.5,22829.17,22963.67
1660118400,22963.67,23204,22961.96,23123.95
1660132800,23122.36,24178,23004.58,23997.1
1660147200,23997.1,24092.52,23475.4,23638.95
1660161600,23638.95,24226,23622.96,23954.05
1660176000,23954.05,24491.22,23912.39,24324.38
1660190400,24324.37,24745,24287.47,24431.88
1660204800,24431.88,24685.2,24345.08,24559.37
1660219200,24559.37,24918.54,24280.18,24343.68
1660233600,24343.68,24418.5,24081.22,24221.81
1660248000,24222.73,24334.46,23852.13,23934.39
1660262400,23933.09,24097.97,23761.84,24010.11
1660276800,24011.25,24060,23880,23960.99
1660291200,23960.99,24143,23583,23672.99
1660305600,23672.98,24012.21,23653.66,23980.66
1660320000,23979.58,24271.58,23952.03,24177.57
1660334400,24177.57,24456.5,24048.29,24403.68
1660348800,24401.7,24811.24,24334.37,24796.53
1660363200,24796.53,24888,24552.13,24572.12
1660377600,24574.03,24653.48,24291.22,24435.91
1660392000,24435.91,24600.88,24300,24512.66
1660406400,24512.66,24593.37,24336.16,24398.56
1660420800,24398.56,24545,24319.09,24441.38
1660435200,24443.06,24640,24343.3,24570.02
1660449600,24570.33,25047.56,24500,24873.32
1660464000,24873.32,24883.24,24524.32,24564.49
1660478400,24564.5,24593.43,24400,24524.54
1660492800,24525.51,24568.74,24144,24284.07
1660507200,24284.07,24435,24172.4,24305.24
1660521600,24305.25,25211.32,24164.1,24867.39
1660536000,24866.12,24982.7,23944.62,24027.05
1660550400,24027.05,24314.28,23869.46,24049.48
1660564800,24048.91,24265.74,23900,24226
1660579200,24226,24281.1,23965,23982.54
1660593600,23983.54,24192.83,23773.22,24094.82
1660608000,24093.04,24247.49,23853,24083.42
1660622400,24083.25,24144.77,23795.67,24066.93
1660636800,24067.77,24150,23968.78,24038.03
1660651200,24036.86,24094.13,23671.22,23901.27
1660665600,23901,24058,23691.06,23930.24
1660680000,23930.24,23994,23809,23854.74
1660694400,23856.15,24085,23824.99,24006.66
1660708800,24006.66,24446.71,23759.3,23786.42
1660723200,23788.32,23924.97,23690.79,23746.65
1660737600,23746.65,23760.68,23321.6,23391.9
1660752000,23391.9,23638.84,23236,23275.04
1660766400,23276.89,23417.44,23180.4,23342.66
1660780800,23342.66,23516.44,23285.23,23433.31
1660795200,23434.25,23466.67,23325.01,23414.21
1660809600,23414.21,23582.35,23344.2,23534.43
1660824000,23534.43,23600,23355.73,23452.28
1660838400,23451.45,23469.27,23235.28,23344.88
1660852800,23344.88,23448,23111.04,23191.2
1660867200,23191.45,23208.67,22711.11,22769.05
1660881600,22768.97,22837.34,21447.76,21905.88
1660896000,21907.37,21915.88,21261.96,21467.91
1660910400,21467.91,21605.71,21265.77,21443.36
1660924800,21443.36,21660.73,21149.95,21329.66
1660939200,21329.65,21382.5,20783.57,20834.39
1660953600,20834.39,21212.67,20792.92,21140.34
1660968000,21139.97,21370,21077.56,21307.25
1660982400,21307.99,21315,21118.5,21233.66
1660996800,21233.66,21382.85,21200,21299.44
1661011200,21300.5,21360,20941.63,20988.36
1661025600,20988.52,21250.51,20761.9,21140.07
1661040000,21140.07,21330.55,21118.71,21208.72
1661054400,21210.06,21285.08,21069.11,21251.38
1661068800,21250.21,21570,21224.48,21524.39
1661083200,21525.57,21587.74,21314.88,21420.2
1661097600,21419,21557.26,21330.75,21512.01
1661112000,21512.01,21800,21277.73,21515.61
1661126400,21516.7,21530.03,21360.41,21414.86
1661140800,21413.67,21494.44,21058.62,21097.72
1661155200,21098.01,21338.75,20890.18,21248.71
1661169600,21249.78,21444.72,21086.54,21400.47
1661184000,21400.47,21548.71,20963,21057.25
1661198400,21055.48,21423.74,21045,21399.83
1661212800,21400.75,21468.51,21218.28,21239.18
1661227200,21239.18,21318.84,20890.14,21305.34
1661241600,21305.34,21550,21286,21456.34
1661256000,21455.97,21684.87,21327.95,21474.67
1661270400,21473.01,21602.49,21358.38,21522.01
1661284800,21522.01,21654.91,21428,21529.12
1661299200,21529.11,21555.84,21145,21264.01
1661313600,21264.01,21504.97,21237.57,21317.85
1661328000,21319.27,21476.23,21261,21438.92
1661342400,21439.84,21645.65,21373.43,21618.45
1661356800,21618.46,21900,21605,21707.58
1661371200,21709.32,21761.92,21361.6,21368.08
1661385600,21368.05,21637.89,21310.15,21468.93
1661400000,21468.12,21762,21461.53,21743.29
1661414400,21744.22,21819.88,21611.22,21720.31
1661428800,21720.31,21779,21483.38,21565.12
1661443200,21563.92,21646.27,21422.43,21605.2
1661457600,21607.25,21685,21514.89,21559.04
1661472000,21559.04,21614.89,21431.22,21552.17
1661486400,21552.17,21564.82,21326.66,21452.9
1661500800,21452.9,21468.76,21106.31,21189.77
1661515200,21191.27,21886.77,20635.12,20781.08
1661529600,20780.86,20832.23,20529.74,20644.47
1661544000,20643.01,20749.98,20107.9,20241.05
1661558400,20239.14,20402.93,20135.04,20203.18
1661572800,20204.23,20277.38,19920,20272.25
1661587200,20269.9,20279.61,20135.89,20211.21
1661601600,20211.21,20242.02,19800,19977.36
1661616000,19976.08,20100,19838.8,20018
1661630400,20018,20103.57,19858.43,20037.6
1661644800,20037.6,20171.18,19926.78,19990.58
1661659200,19991.39,20085,19937.9,20056.62
1661673600,20055.85,20107.52,19943,20034.97
1661688000,20033.87,20059.99,19811,20022.03
1661702400,20022.03,20155.62,19955.1,19973.76
1661716800,19972.31,20049.96,19520,19555.61
1661731200,19555.61,19966.56,19550.79,19868.14
1661745600,19866.29,19941.22,19739.74,19897.01
1661760000,19897.01,19923.63,19762.3,19825.09
1661774400,19824.2,20384.25,19805,20262.28
1661788800,20263.62,20433.62,20078.92,20098.65
1661803200,20098.65,20351.53,20075,20285.73
1661817600,20287.2,20298.75,20110,20273.36
1661832000,20273.36,20576.25,20257.32,20434.16
1661846400,20433.65,20511.3,20331.99,20403.8
1661860800,20403.8,20450,19650,19756.24
1661875200,19756.24,20099.81,19540,19947.2
1661889600,19947.2,20059.66,19745.43,19811.66
1661904000,19813.03,20459.32,19797.94,20402.87
1661918400,20401.46,20490,20188,20258.09
1661932800,20258.09,20410.21,20123.09,20314.78
1661947200,20314.78,20423.38,19870,20140.63
1661961600,20142.26,20328.46,19881.22,20228.57
1661976000,20228.57,20299.97,19966,20050.02
1661990400,20048.44,20208.37,19917.01,20022.97
1662004800,20023.82,20139,19801.38,19895.66
1662019200,19894.97,20126.23,19820.6,20074.01
1662033600,20074.91,20096.39,19652.79,19782.59
1662048000,19783.03,19938,19565.66,19871.68
1662062400,19871.68,20180,19841.45,20131.46
1662076800,20132.64,20245.89,19957.78,20157.01
1662091200,20157.01,20298,20037.14,20111.24
1662105600,20111.24,20179.19,19991,20090.81
1662120000,20090.81,20441.26,20020.06,20355.85
1662134400,20355.85,20387.3,19755.29,19910.43
1662148800,19909.23,20026.66,19858.4,19951.86
1662163200,19950.98,20055.93,19866.77,19899.69
1662177600,19899.69,19968.11,19754.77,19815.63
1662192000,19815.63,19868.86,19726.1,19798.76
1662206400,19798.73,19904.68,19748.88,19772.95
1662220800,19772.95,19835,19652.72,19710
1662235200,19710,19850,19677.29,19831.9
1662249600,19832.45,19861.94,19740.07,19772.79
1662264000,19772.81,19812.19,19615,19632.4
1662278400,19630.95,19852.92,19583.1,19850.79
1662292800,19849.89,19940,19650,19789.9
1662307200,19790.84,19956.54,19722,19882.69
1662321600,19883.18,20029.23,19815,20000.3
1662336000,20000.3,20057.27,19809.56,19884.91
1662350400,19884.88,19913.09,19681.22,19750
1662364800,19750.51,19805.47,19633.83,19701.95
1662379200,19701.95,19950.7,19667.02,19854.59
1662393600,19854.59,19912.4,19670.14,19708.64
1662408000,19708.64,19870.8,19697.1,19796.84
1662422400,19795.34,20180,19673.44,19790.01
1662436800,19790.01,19948.14,19730.74,19905.79
1662451200,19906.88,20030.82,19860.66,19918.33
1662465600,19918.33,19993.67,19663.7,19818.37
1662480000,19818.37,19855,18733.97,18824.41
1662494400,18823.48,19120,18649.51,18790.61
1662508800,18790.61,18873.17,18510.77,18745.85
1662523200,18745.01,18843.68,18671.22,18800.43
1662537600,18799.61,18859.98,18691.22,18739.59
1662552000,18739.78,18968.58,18674.33,18871.35
1662566400,18870.6,19200,18850.42,18992.38
1662580800,18992.37,19464.06,18987.89,19292.84
1662595200,19292.85,19384.81,19151.48,19218.4
1662609600,19218.4,19391.22,19056,19171.66
1662624000,19171.6,19397.71,19142.29,19311.15
1662638400,19311.6,19378.19,19012,19250.81
1662652800,19250.81,19354.04,19093.13,19352.38
1662667200,19352.38,19458.25,19251.9,19319.77
1662681600,19320.54,19956.12,19291.75,19950.73
1662696000,19949.59,20800,19928.47,20631.76
1662710400,20631.76,21200,20625.26,20937.72
1662724800,20937.72,21337.72,20912.37,21266.79
1662739200,21266.76,21437.9,21129,21291.62
1662753600,21291.62,21597.22,21186.07,21360.11
1662768000,21361.62,21391.65,21163.25,21303.07
1662782400,21301.88,21672.24,21251.59,21283.87
1662796800,21283.89,21393.99,21253.5,21285.11
1662811200,21285.11,21363.01,21111.13,21219.36
1662825600,21220.18,21646,21171.44,21579.1
1662840000,21579.1,21810.8,21361.64,21648.34
1662854400,21647.21,21682.6,21450.01,21542.42
1662868800,21542.42,21643.61,21350,21611.49
1662883200,21610.82,21726.6,21557.38,21613.03
1662897600,21613.03,21753.75,21455,21643.16
1662912000,21642.07,21860,21530,21617.99
1662926400,21617.99,21850,21456.67,21826.87
1662940800,21826.87,22374,21538.51,21656.87
1662955200,21656.43,22232.09,21627.34,22193.64
1662969600,22195.78,22472.68,21970.43,22312.75
1662984000,22313.57,22488,22000,22114.5
1662998400,22112.59,22454,22010.96,22426.08
1663012800,22428.25,22480.71,22252.37,22395.74
1663027200,22395.44,22445.86,22054.07,22231.58
1663041600,22232.72,22627,22178.57,22273.09
1663056000,22271.59,22713.92,22182.09,22522.74
1663070400,22522.74,22799,20751,20829.77
1663084800,20829.77,20927.73,20030,20283.58
1663099200,20284.89,20421.15,19860,20173.57
1663113600,20173.62,20541.48,20042.15,20323.04
1663128000,20323.04,20405.77,20130.98,20243.89
1663142400,20243.22,20419.83,20091.19,20225.35
1663156800,20224.74,20389.99,20070,20178.79
1663171200,20178.16,20238.71,19617.62,19952.11
1663185600,19951.83,20393.37,19851.21,20226.71
1663200000,20227.17,20270.61,19920,20023.59
1663214400,20023.59,20330.24,19955.43,20204.23
1663228800,20204.23,20225,20025,20148.35
1663243200,20149.59,20194.12,19497,19737.36
1663257600,19737.36,19947.56,19644.1,19782.36
1663272000,19780.71,19894.99,19578,19701.88
1663286400,19701.88,19814.99,19582.05,19744.77
1663300800,19744.77,19859.99,19728,19739.1
1663315200,19739.1,19890,19610.13,19867.82
1663329600,19868.75,19875.61,19442.76,19661.24
1663344000,19661.24,19661.89,19320.01,19618.91
1663358400,19617.34,19819.22,19612.42,19803.3
1663372800,19803.3,20071.09,19770,19884.93
1663387200,19884.5,19988.89,19785.49,19842.09
1663401600,19842.22,19916.61,19806.64,19810.22
1663416000,19810.22,20037.99,19748.08,19963.34
1663430400,19963.34,20189,19935.08,20009.21
1663444800,20009.27,20145.76,19940,20113.62
1663459200,20112.61,20117.26,19949.95,20000.33
1663473600,20000.33,20098,19953.58,20053.17
1663488000,20052.57,20102.16,19765.01,19922.92
1663502400,19922.29,20029.81,19725,19814.63
1663516800,19814.63,19879.44,19562.45,19725.87
1663531200,19725.58,19753.95,19335.62,19416.18
1663545600,19417.45,19518.17,18670,18776.93
1663560000,18775.89,18879.08,18232.56,18468.74
1663574400,18468.74,18800,18367.88,18684.87
1663588800,18685.77,19433.48,18676.47,19080.49
1663603200,19081.24,19560.35,18877,19514.8
1663617600,19514.8,19686.2,19413.53,19537.02
1663632000,19537.02,19634.62,19174.74,19364.19
1663646400,19364.19,19589,19233.38,19357.93
1663660800,19358.87,19424.29,19150,19219.49
1663675200,19219.49,19269.17,18777,19238.1
1663689600,19238.09,19319.28,18711.87,18993.33
1663704000,18993.33,19093.45,18785.01,18875
1663718400,18874.31,19060.26,18829.3,19021.17
1663732800,19022.24,19135.57,18791.2,18947.82
1663747200,18946.8,19205.93,18823.53,19165.93
1663761600,19165.18,19477.77,19084.17,19191.17
1663776000,19191.81,19956,18666,19001.03
1663790400,19002.76,19072.72,18125.98,18461.36
1663804800,18461.36,18789.04,18356.39,18690.39
1663819200,18690.39,18969.87,18617.41,18934.29
1663833600,18934.29,19285.12,18906.1,19229.81
1663848000,19229.81,19317.66,18794.06,18986.89
1663862400,18985.96,19499,18780.01,19311.19
1663876800,19309.43,19550.17,19150,19401.63
1663891200,19401.63,19467,19225.73,19394.62
1663905600,19393.14,19500,19200,19223.27
1663920000,19223.27,19273.52,18835,18862.72
1663934400,18862.72,19077.02,18531.42,18711.86
1663948800,18712.08,18852.28,18572.55,18807.57
1663963200,18807.57,19406.73,18803,19289.91
1663977600,19288.57,19316.14,19029.8,19121.92
1663992000,19121.92,19189,18925.94,18997.14
1664006400,18996.63,19119.75,18940.23,19051.63
1664020800,19052.24,19225.92,19012.49,19124.14
1664035200,19124.14,19195,19050.03,19103.3
1664049600,19102.68,19150.81,18805.34,18920.5
1664064000,18921.99,19062,18913.43,19053.67
1664078400,19052.83,19132.21,18937.62,19098.09
1664092800,19098.09,19180.21,18982,19117.94
1664107200,19117.95,19144.23,18841.91,18988.74
1664121600,18988.74,19123.27,18850.01,18915.49
1664136000,18915.49,18953.56,18629.2,18807.38
1664150400,18809.13,18948.11,18721.02,18868.39
1664164800,18869.07,18935,18680.72,18911.18
1664179200,18911.18,19318.96,18803.13,18876.62
1664193600,18876.62,19280,18817.62,19113.48
1664208000,19113.48,19269.69,18967.59,19202.77
1664222400,19202.16,19246.33,19070.05,19227.82
1664236800,19226.68,20300,19187.63,20099.04
1664251200,20099.04,20350,19958.85,20183.74
1664265600,20183.74,20338.39,20091.3,20229.26
1664280000,20230.35,20385.86,19865,19887.73
1664294400,19887.78,19954.49,18816.32,19077.59
1664308800,19077.59,19169.39,18926.91,19079.13
1664323200,19078.1,19238.28,18471.28,18745.65
1664337600,18746.2,18883.04,18622,18781.48
1664352000,18782.49,19155.08,18565,18955.43
1664366400,18954.96,19500,18940.02,19487.79
1664380800,19487.79,19666.66,19256.07,19546.72
1664395200,19546.72,19790,19386.22,19412.82
1664409600,19412.82,19605,19277.01,19507.5
1664424000,19507.5,19629,19267,19359.71
1664438400,19360.4,19550,19301.27,19463.04
1664452800,19463.04,19476.16,18843.01,19288.85
1664467200,19288.78,19645.52,19117.5,19405.37
1664481600,19402.63,19620,19379.74,19591.51
1664496000,19590.54,19700,19311.99,19398.12
1664510400,19397.72,19640,19387.87,19571.35
1664524800,19570.74,19635.53,19400.32,19436.29
1664539200,19435.79,20185,19155.36,19756.01
1664553600,19756.02,19873.5,19470.29,19473.52
1664568000,19473.52,19542.72,19240.44,19422.61
1664582400,19422.61,19484,19351.02,19416.05
1664596800,19416.05,19423.63,19258.53,19309.84
1664611200,19309.84,19367.98,19159.42,19312.04
1664625600,19312.04,19400.02,19240.08,19330.95
1664640000,19332.42,19353.81,19206.63,19266.15
1664654400,19266.15,19342.63,19200,19310.95
1664668800,19312.24,19345.88,19236,19310.83
1664683200,19310.36,19395.91,19227.73,19285.26
1664697600,19284.93,19300.55,19036,19192.43
1664712000,19193.05,19247,19070,19143.94
1664726400,19143.97,19341.58,19129.97,19260.63
1664740800,19260.63,19304.06,18920.35,19056.8
1664755200,19057.74,19258.96,18959.68,19168.29
1664769600,19168.35,19315,19059.68,19197.73
1664784000,19197.73,19255.3,19122.67,19245.41
1664798400,19246.81,19498,19134.23,19335.92
1664812800,19336.75,19650,19310,19541.38
1664827200,19543.31,19719.1,19508.83,19629.08
1664841600,19629.08,19722.6,19490.6,19598.27
1664856000,19598.27,19975.43,19554,19968.01
1664870400,19967.69,20152,19808,19939
1664884800,19939,20270,19905.3,20099.7
1664899200,20099.71,20272.98,19872.02,20220.09
1664913600,20220.09,20475,20139.51,20337.82
1664928000,20337.82,20365.6,20142.95,20189.83
1664942400,20190.66,20299.99,20074.91,20226.58
1664956800,20227.2,20245.58,19952.12,20027.43
1664971200,20028.74,20071.44,19730,20001.7
1664985600,20001.7,20350,19950.05,20119.47
1665000000,20117.31,20215.17,19975.42,20158.26
1665014400,20158.26,20445.52,20140.38,20355.69
1665028800,20356.08,20456.6,20156,20218.43
1665043200,20218.43,20257.42,20080.01,20245.22
1665057600,20244.46,20324.94,19874.81,20010
1665072000,20010,20256,19946.76,20010.62
1665086400,20010.62,20072.03,19853,19960.67
1665100800,19960.67,20054.41,19940.9,19981.88
1665115200,19982.86,20011.76,19810,19928
1665129600,19928,20024.7,19913.63,19998.9
1665144000,20000.15,20068.82,19474.71,19577.65
1665158400,19577.34,19606.52,19320,19459.32
1665172800,19459.32,19645,19440.73,19530.09
1665187200,19530.09,19627.38,19494,19504.78
1665201600,19504.78,19544,19415.6,19499.94
1665216000,19500.64,19548,19450,19534.21
1665230400,19534.21,19543.23,19415,19487.88
1665244800,19487.88,19535.91,19438.99,19468.03
1665259200,19467.49,19480,19237.14,19417.96
1665273600,19416.52,19455,19327.77,19366.58
1665288000,19365.35,19439.87,19316.04,19407.96
1665302400,19407.96,19558,19373.49,19468.35
1665316800,19468.35,19550,19460.8,19535.77
1665331200,19535.77,19555.89,19353,19468.96
1665345600,19468.73,19500,19368.1,19439.02
1665360000,19439.96,19525,19401,19452.99
1665374400,19452.97,19477,19368.08,19412.25
1665388800,19412.25,19419.78,19107,19331.62
1665403200,19333.02,19441.99,19221.41,19269.02
1665417600,19269.02,19358.76,19098.21,19211.59
1665432000,19211.59,19282.14,19020.25,19131.87
1665446400,19131.87,19133.52,18950.01,19044.74
1665460800,19044.19,19117.89,19010,19084.1
1665475200,19082.28,19158.93,19031.23,19153.68
1665489600,19153.68,19268.09,18860,19147.6
1665504000,19147.6,19185.52,18918.01,18999.25
1665518400,18997.66,19064.99,18986.62,19060
1665532800,19060,19132.93,19024.65,19048.73
1665547200,19049.09,19203.14,19041.9,19112.41
1665561600,19111.5,19201.82,19089.51,19114.62
1665576000,19114.62,19182.18,18965.88,19137.32
1665590400,19137.36,19179.26,19041.74,19137.18
1665604800,19137.29,19238.31,19131.55,19155.53
1665619200,19155.1,19175.13,19017.8,19089.16
1665633600,19089.16,19112.68,18950,19005.29
1665648000,19005.29,19038.9,18566.66,18753.2
1665662400,18754.09,19049.99,18190,18958.59
1665676800,18958.59,19513.79,18895.08,19369.94
1665691200,19369.94,19494.56,19328.72,19375.13
1665705600,19375.58,19951.87,19338.07,19816.85
1665720000,19816.85,19849.79,19568.33,19642.35
1665734400,19642.2,19748.54,19530,19596.25
1665748800,19596.25,19854.48,19301,19358.59
1665763200,19358.59,19403.6,19106.16,19168.18
1665777600,19168.18,19217.64,19070.37,19176.93
1665792000,19176.93,19227.68,19133.24,19200.99
1665806400,19200.99,19211.98,19133.16,19169.79
1665820800,19170.43,19179.63,19037.39,19167.33
1665835200,19167.33,19199,19094.01,19127.95
1665849600,19127.95,19163.39,19052,19102.17
1665864000,19102.65,19131,18975.18,19069.39
1665878400,19068.4,19170.82,19063.74,19123.43
1665892800,19123.43,19162.82,19110.35,19134.31
1665907200,19134.31,19195,19087.37,19144.69
1665921600,19144.69,19172.55,19104.16,19158.49
1665936000,19158.49,19383.44,19118.4,19375.39
1665950400,19375.39,19425.84,19101,19262.98
1665964800,19262.98,19309.06,19152.03,19186.38
1665979200,19186.38,19318.28,19161.03,19295.58
1665993600,19295.58,19545.22,19244.03,19457.58
1666008000,19457.58,19676.96,19419.6,19535.19
1666022400,19535.19,19592.55,19441.87,19526.84
1666036800,19527.66,19626.91,19471.8,19549.86
1666051200,19548.48,19624.03,19480,19547.9
1666065600,19548.68,19706.66,19524.37,19664.92
1666080000,19665.95,19673,19470,19563.59
1666094400,19563.59,19680.49,19280.11,19375.01
1666108800,19375.71,19442,19091,19216.21
1666123200,19217.79,19433.43,19195.44,19327.44
1666137600,19327.44,19360.16,19213.99,19281.63
1666152000,19281.01,19308.34,19146.8,19218.11
1666166400,19218.59,19281.81,19140.01,19200.84
1666180800,19201.42,19301.69,19065.97,19266.43
1666195200,19267.94,19279.31,19095,19232.59
1666209600,19231.63,19249.51,19084.23,19123.97
1666224000,19123.35,19165.34,18900,19042.09
1666238400,19043.2,19210,19037.66,19145.94
1666252800,19145.1,19253.33,19105.99,19208.09
1666267200,19208.09,19347.82,19128.24,19253.3
1666281600,19253.88,19256.55,18964.02,19063.82
1666296000,19063.04,19098,18929.38,19041.92
1666310400,19041.92,19131.39,18999,19051.77
1666324800,19051.19,19084.17,18991.69,19027.86
1666339200,19028.68,19041.96,18900,18945.65
1666353600,18944.99,19174.16,18650,19168.25
1666368000,19168.44,19250,19089,19189.22
1666382400,19189.22,19249.73,19137.68,19164.37
1666396800,19164.37,19183.39,19112.72,19151.22
1666411200,19150.36,19177.01,19132.71,19163.58
1666425600,19163.58,19188,19140,19178.66
1666440000,19178.99,19257,19155,19235.65
1666454400,19234.8,19248.85,19134,19183.83
1666468800,19183.83,19224.99,19173.79,19204.35
1666483200,19204.29,19219.76,19163.32,19197.59
1666497600,19197.55,19221.71,19148.01,19162.37
1666512000,19162.16,19188.7,19125.63,19151.78
1666526400,19151.24,19213.14,19070.11,19190.14
1666540800,19190.14,19553.96,19169.18,19499.83
1666555200,19500.38,19695,19441.96,19570.4
1666569600,19570.4,19601.15,19342.33,19391.97
1666584000,19391.97,19392.41,19250.59,19322.4
1666598400,19322.4,19444.44,19292.3,19423.63
1666612800,19422.9,19450.9,19157,19301.96
1666627200,19301.96,19425.05,19223,19343.23
1666641600,19343.95,19419.15,19301.11,19329.72
1666656000,19330.6,19365.32,19250,19342.02
1666670400,19342.41,19377.1,19272.85,19306.75
1666684800,19306.34,19327.16,19237,19302.13
1666699200,19301.39,19811,19260.82,19748.48
1666713600,19748.48,20415.87,19718,20273.14
1666728000,20276.26,20296.92,19981.12,20080.07
1666742400,20079.02,20308,20050.41,20251.17
1666756800,20250.55,20382.56,20129.24,20344.76
1666771200,20344.05,20783.27,20281.79,20607.81
1666785600,20606.86,21020,20338.75,20846.66
1666800000,20846.66,20997.13,20639.98,20763.54
1666814400,20764.52,20907,20694.28,20771.59
1666828800,20771.61,20847.9,20581.49,20755.33
1666843200,20755.9,20872.21,20680.72,20710.02
1666857600,20711.12,20750.9,20451.71,20622.84
1666872000,20622.11,20780,20430,20563.09
1666886400,20564.08,20679.51,20497.62,20629.59
1666900800,20629.59,20637.9,20200,20295.11
1666915200,20295.11,20337.8,20160,20292.81
1666929600,20292.77,20312.32,20060,20080.01
1666944000,20080.01,20248.64,20026,20173.74
1666958400,20174,20588.88,20000.09,20484.59
1666972800,20483.96,20750,20450.5,20609.21
1666987200,20609.21,20735.86,20566,20591.84
1667001600,20591.84,20823.81,20554.01,20754.27
1667016000,20754.27,20777,20620.81,20772.27
1667030400,20772.27,21085,20650.21,20698.89
1667044800,20698.06,20947,20676.54,20923.33
1667059200,20922.25,20982.86,20757.26,20836.96
1667073600,20836.96,20899.99,20704.12,20809.67
1667088000,20809.68,20841.11,20701.15,20775.5
1667102400,20775.5,20931.21,20741.32,20850.85
1667116800,20850.84,20887.34,20632.73,20769.84
1667131200,20770.81,20781.5,20589.18,20676.7
1667145600,20676.72,20700.91,20550,20647.49
1667160000,20647.77,20739,20515,20627.48
1667174400,20627.48,20675,20427.23,20516.07
1667188800,20516.07,20593,20455,20546.65
1667203200,20547.08,20845.92,20449.86,20730.54
1667217600,20731.53,20755.73,20237.95,20401.53
1667232000,20402.6,20533,20328.68,20371.72
1667246400,20371.4,20524.76,20353.77,20490.74
1667260800,20490.74,20589.67,20440.64,20482.57
1667275200,20482.57,20662.8,20466.71,20599.51
1667289600,20598.74,20700,20489.92,20522.79
1667304000,20522.23,20570.07,20330.74,20444
1667318400,20444,20517.77,20372.85,20451.45
1667332800,20449.29,20503.51,20429.35,20483.62
1667347200,20482.81,20558.35,20407.66,20520.34
1667361600,20520.34,20563.36,20356.75,20421.64
1667376000,20421.64,20539.9,20339.99,20431.33
1667390400,20432.38,20457.29,20360,20409.03
1667404800,20409.03,20800,20048.04,20250.68
1667419200,20250.68,20282.6,20059.94,20151.84
1667433600,20151.84,20339.99,20120,20310.63
1667448000,20310.63,20393.32,20281.01,20303.09
1667462400,20302.35,20338.99,20052,20130.64
1667476800,20129.8,20339.86,20031.24,20248.62
1667491200,20249.18,20315.8,20177.1,20262.53
1667505600,20262.53,20271,20157.86,20207.82
1667520000,20207.12,20330.87,20180.96,20321.79
1667534400,20321.79,20688,20306.58,20611.56
1667548800,20611.56,20681.91,20546,20558.46
1667563200,20558.03,21302.05,20350,20838.7
1667577600,20837.54,21115.48,20669.57,21108.54
1667592000,21108.54,21209.16,21048.63,21148.52
1667606400,21148.52,21480.65,21080.65,21444.61
1667620800,21445.19,21467.93,21364.34,21384.42
1667635200,21384.92,21427.34,21234.9,21404.63
1667649600,21404.63,21420.84,21210.98,21299.22
1667664000,21299.22,21345.08,21261.56,21331.11
1667678400,21330.58,21380,21233.33,21299.37
1667692800,21299.37,21365.27,21189.44,21233.88
1667707200,21234.44,21252.54,21143.27,21194.49
1667721600,21193.88,21310,21173.03,21255.08
1667736000,21254.8,21289.49,21190.81,21241.1
1667750400,21241.85,21282.19,21152.46,21194.5
1667764800,21194.5,21211.62,20886.13,20905.58
1667779200,20905.58,21069.77,20820,20913.82
1667793600,20913.82,20918.33,20612.67,20635.74
1667808000,20635.1,20811.92,20571.52,20733.46
1667822400,20733.97,20798.74,20626.25,20764.95
1667836800,20764.95,20892.04,20652.52,20847.51
1667851200,20848.33,20890.71,20384.89,20591.13
1667865600,20590.67,20673.38,20116.13,20148.66
1667880000,20147.62,20242.4,19344,19796.9
1667894400,19796.9,19801.39,19580.33,19699.04
1667908800,19699.04,19746.78,19229,19520.97
1667923200,19522,20700.88,17166.83,18256.64
1667937600,18255.24,18730,17810.49,18547.23
1667952000,18545.38,18587.76,18000,18313.68
1667966400,18313.68,18517.58,18173.09,18240.72
1667980800,18239.34,18256.85,17250.33,17818.08
1667995200,17817.07,18015,16918.83,17116.08
1668009600,17119.61,17333.33,16441.53,16784.64
1668024000,16784.64,16900,15588,15922.81
1668038400,15922.68,16574.92,15754.26,16369.59
1668052800,16370.64,16920,16204.36,16752.1
1668067200,16752.36,16959.99,16258.74,16397.57
1668081600,16399.03,17960.04,16386.66,17554.06
1668096000,17556.12,17989,17120.94,17455.62
1668110400,17456.98,18199,17374.81,17601.15
1668124800,17602.45,17695,16888.76,17064.12
1668139200,17064.12,17483.9,17002.97,17404.08
1668153600,17404.09,17537,17209.2,17350.7
1668168000,17349.45,17544.9,16361.6,16871.27
1668182400,16871.27,17045.09,16543.95,16849.17
1668196800,16849.17,17148.96,16555.77,17070.31
1668211200,17069.98,17119.1,16774,16907.44
1668225600,16907.58,16938.2,16631.39,16822.02
1668240000,16822.02,16977.45,16727.13,16866.92
1668254400,16866.46,16996.35,16757,16935.74
1668268800,16935.74,16964.37,16830,16891.32
1668283200,16892.41,16897.68,16760,16812.08
1668297600,16813.16,16954.28,16774.07,16914.6
1668312000,16915.02,16926.15,16562.82,16774.99
1668326400,16774.99,16795.92,16435.23,16659.23
1668340800,16659.23,16714.26,16517.85,16580.79
1668355200,16579.49,16621.23,16461.16,16554.6
1668369600,16553.35,16583.15,16229,16329.85
1668384000,16331.78,16411.99,15911.61,16139.79
1668398400,16140.66,16889.97,15815.21,16824.78
1668412800,16822.96,16935.59,16640.01,16749.8
1668427200,16748.75,17190,16425.67,16595.84
1668441600,16593.77,16674.97,16181,16258.21
1668456000,16258.21,16765,16191.58,16619.46
1668470400,16617.72,16894.56,16527.72,16823.06
1668484800,16823.06,16946.32,16638.59,16844.63
1668499200,16845.34,16989,16708.31,16781.62
1668513600,16783.27,17134.69,16730,16987.03
1668528000,16988.07,17071.43,16614.61,16858.77
1668542400,16858.77,16939.99,16736.47,16900.57
1668556800,16900.57,17015.92,16765.64,16969.99
1668571200,16970.87,16979.22,16796.2,16824.69
1668585600,16824.69,16850.27,16650.29,16707.9
1668600000,16706.64,16721.23,16378.61,16431.7
1668614400,16431.7,16643.23,16401,16556.88
1668628800,16558.2,16773.09,16499.46,16662.76
1668643200,16661.61,16751,16505,16526.18
1668657600,16526.18,16624.12,16410.74,16611.9
1668672000,16611.9,16635.82,16471.36,16595.08
1668686400,16594.19,16717.49,16430,16536.71
1668700800,16534.61,16748.94,16517.36,16620.56
1668715200,16620.56,16749,16608.98,16692.56
1668729600,16692.56,17011,16682.06,16854.98
1668744000,16855.75,16869.08,16724.32,16745.1
1668758400,16745.84,16854.33,16680,16749.88
1668772800,16750.25,16818,16608.8,16696.86
1668787200,16695.06,16732.85,16546.04,16656.37
1668801600,16656.36,16727.99,16610,16700.45
1668816000,16699.43,16708.77,16573.94,16628.7
1668830400,16628.7,16649,16553.53,16599.31
1668844800,16598.98,16683.01,16580,16676.26
1668859200,16676.26,16686.86,16634.01,16655.65
1668873600,16655.65,16664,16608.35,16627.33
1668888000,16627.33,16822.41,16625.98,16700.68
1668902400,16700.68,16753.33,16666.47,16679.99
1668916800,16679.99,16738.76,16671,16722.9
1668931200,16722.2,16736.41,16462.46,16525.38
1668945600,16526.04,16628.49,16461,16580.53
1668960000,16580.53,16613.35,16530.22,16587.8
1668974400,16587.8,16595.85,16180,16280.23
1668988800,16279.5,16295,15897.15,16073.75
1669003200,16073.15,16319,15955.99,16039.73
1669017600,16040.73,16169.52,15964,16084.42
1669032000,16084.42,16284,16025.42,16130.45
1669046400,16130.45,16139.19,15589.68,15722.98
1669060800,15721.51,15894.74,15476,15781.29
1669075200,15781.29,15967.76,15746.16,15847.82
1669089600,15848.53,15882.87,15616.63,15760.42
1669104000,15760.42,15824.16,15660,15747.88
1669118400,15747.88,16315,15683.33,16241.3
1669132800,16241.3,16290.27,16049.87,16168.38
1669147200,16167.49,16254.99,16085.54,16226.94
1669161600,16227.96,16593.8,16160.2,16586.55
1669176000,16584.66,16662.1,16444,16583.84
1669190400,16583.84,16677.25,16500,16585.77
1669204800,16585.21,16604.1,16342.98,16427.11
1669219200,16427.09,16706,16320.02,16473.32
1669233600,16473.32,16676.72,16426.42,16603.11
1669248000,16603.11,16812.63,16533.65,16712.07
1669262400,16711.41,16740.01,16614.75,16623.9
1669276800,16622.38,16642.18,16493.81,16572.11
1669291200,16572.11,16606.52,16458.05,16558.11
1669305600,16559.01,16676,16517.99,16577.41
1669320000,16577.05,16639,16535.01,16598.95
1669334400,16599.55,16622.64,16470,16485.45
1669348800,16485.45,16502.19,16342.81,16461.66
1669363200,16462.22,16591.43,16407.72,16531.64
1669377600,16531.64,16584.48,16435.11,16513
1669392000,16513,16553.88,16458.46,16523.21
1669406400,16523.67,16666,16482.87,16522.14
1669420800,16521.35,16701.99,16509.6,16625.79
1669435200,16625.79,16651.84,16530,16583.75
1669449600,16584.13,16638.23,16556.66,16580.31
1669464000,16580.58,16680.57,16483.25,16512.86
1669478400,16512.35,16532.91,16420.45,16488.43
1669492800,16488.44,16549.66,16385,16458.57
1669507200,16457.61,16575.31,16446.59,16527.22
1669521600,16527.22,16600,16522.23,16562.98
1669536000,16562.98,16593.91,16513,16550.91
1669550400,16550.57,16586.74,16520,16574.28
1669564800,16573.76,16581.6,16520.88,16555.39
1669579200,16555.39,16597.36,16401,16428.78
1669593600,16428.77,16487.04,16051.9,16178.22
1669608000,16177.49,16246.98,16136,16222.06
1669622400,16224.14,16270.59,16178.24,16213.29
1669636800,16213.29,16310.43,16120.38,16146.26
1669651200,16146.26,16399.69,15995.27,16224.75
1669665600,16225.53,16271.09,16186,16212.91
1669680000,16212.18,16309.03,16100,16287.66
1669694400,16287.53,16541.59,16278.9,16463.31
1669708800,16463.95,16548.71,16430,16497.64
1669723200,16496.73,16508.04,16328.84,16393.48
1669737600,16394.34,16479.84,16342.59,16426.56
1669752000,16426.56,16526.91,16423.19,16442.53
1669766400,16442.91,17162.2,16428.3,16845.25
1669780800,16845.25,16920.16,16794.16,16884.18
1669795200,16883.87,16930.66,16835.75,16879.32
1669809600,16879.32,16897,16766.68,16865.64
1669824000,16865.64,17147.16,16705,17062.85
1669838400,17061.14,17249,17028.37,17163.64
1669852800,17165.53,17236.29,17088.01,17150.98
1669867200,17150.98,17168,17059.58,17070.21
1669881600,17070.21,17137.75,17042.37,17102.47
1669896000,17102.47,17324,16895.02,16977.67
1669910400,16977.6,17000,16897.15,16951.8
1669924800,16952.49,16987.29,16855.01,16977.37
1669939200,16978,17048.99,16857.89,16902.03
1669953600,16902.03,16973.72,16879.08,16955.82
1669968000,16955.42,17065,16936.15,16996.92
1669982400,16996.92,17105.73,16787.85,16938.94
1669996800,16938.94,16997.19,16902.1,16987.01
1670011200,16987.01,17099,16977.49,17092.74
1670025600,17092.13,17188.98,17011,17020.89
1670040000,17021.16,17036.24,16925.55,16964.51
1670054400,16964.51,16987,16880.88,16943.43
1670068800,16943.43,16983.77,16921.07,16961.49
1670083200,16961.04,16983.65,16937.84,16953.4
1670097600,16953.88,16959.61,16858.74,16885.2
1670112000,16885.2,17049.45,16878.25,16959.64
1670126400,16959.64,17068,16958.15,16996.39
1670140800,16996.39,17050,16905.01,16948.64
1670155200,16948.64,17067.45,16915,17029.88
1670169600,17029.88,17159,16972.36,17085.53
1670184000,17085.53,17202.84,17069.01,17105.7
1670198400,17106.65,17349.99,17076.85,17196.88
1670212800,17197.22,17424.25,17191.74,17313.93
1670227200,17313.34,17386,17281.42,17310.51
1670241600,17310.08,17313.48,17015.32,17083.92
1670256000,17083.92,17129.72,16867,16926.65
1670270400,16926.65,16989.59,16899.09,16966.35
1670284800,16966.35,17102.97,16965.98,17003.88
1670299200,17003.84,17023.41,16955.13,17001.17
1670313600,17001.17,17041.96,16906.37,16983.9
1670328000,16983.42,17032.95,16930,16985.27
1670342400,16985.27,17021.56,16912.24,16970.93
1670356800,16970.52,17107.01,16951.75,17088.96
1670371200,17088.96,17142.21,17018.94,17025.03
1670385600,17024.97,17046.48,16729.35,16763.03
1670400000,16763.03,16836.69,16678.83,16793.29
1670414400,16793.29,16897.38,16765.12,16837.48
1670428800,16837.48,16850.24,16778.21,16815.73
1670443200,16815.13,16865.81,16793.7,16836.64
1670457600,16836.64,16890.01,16780.01,16834.32
1670472000,16834.32,16851,16777,16825.55
1670486400,16825.55,16863.01,16733.49,16851.02
1670500800,16850.88,16957.79,16802.88,16917.4
1670515200,16917.39,17299,16909.46,17251.62
1670529600,17251.32,17297.65,17154.94,17224.1
1670544000,17224.1,17300,17186.5,17202.66
1670558400,17202.01,17235.85,17188,17211.93
1670572800,17211.65,17269.39,17200,17241.44
1670587200,17241.16,17360,17058.21,17181.5
1670601600,17181.5,17187.51,17119.03,17142.67
1670616000,17142.67,17158.22,17067.1,17128.56
1670630400,17128.56,17169.09,17116.4,17145.08
1670644800,17145.08,17178,17130.28,17154.06
1670659200,17154.06,17173.91,17112.52,17168.61
1670673600,17168.17,17225.12,17140.23,17207.7
1670688000,17207.69,17227.72,17160.14,17175.8
1670702400,17175.5,17183.87,17092,17127.49
1670716800,17127.49,17175,17121.92,17153.61
1670731200,17153.81,17200,17150.29,17180.88
1670745600,17180.88,17187.67,17140.01,17167.43
1670760000,17167.12,17169.8,17127.96,17153.52
1670774400,17153.52,17270.99,17136,17177.43
1670788800,17177.88,17179.4,17071,17085.05
1670803200,17085.05,17087.67,16871.85,16918.97
1670817600,16918.69,16948.66,16903.64,16923.94
1670832000,16923.61,17008.4,16903.49,16988.62
1670846400,16989.45,17054.79,16920.61,17010.81
1670860800,17010.19,17046.43,16981.03,17043.22
1670875200,17043.22,17241.89,17042.48,17209.83
1670889600,17208.93,17238.7,17119.02,17152.37
1670904000,17152.37,17208.47,17080.14,17165.17
1670918400,17164.82,17500,17155,17444.63
1670932800,17444.32,18000,17395,17752.94
1670947200,17753.54,17840,17618.38,17740.86
1670961600,17741.83,17818.99,17705.01,17774.7
1670976000,17775.82,17845,17750,17781.68
1670990400,17781.68,17817.46,17734.19,17806.01
1671004800,17805.54,17878.5,17785,17824.93
1671019200,17824.93,18116,17815.75,18061.83
1671033600,18061.83,18387.95,17709.62,17792.9
1671048000,17792.9,17947.33,17660.94,17803.15
1671062400,17804.01,17854.82,17561,17729.56
1671076800,17729.57,17746,17681.3,17691.45
1671091200,17690.84,17726,17610.22,17720.33
1671105600,17720.33,17725.93,17374.89,17429.05
1671120000,17428.43,17474.38,17314,17442.25
1671134400,17442.8,17457.44,17275.51,17356.34
1671148800,17356.96,17428.55,17345.15,17425.76
1671163200,17425.76,17531.73,17372.7,17503.35
1671177600,17503.36,17519.64,16918.97,17027.09
1671192000,17027.09,17085,16890.46,16972.34
1671206400,16972.33,16979.02,16732.36,16864.81
1671220800,16865.22,16956.55,16527.32,16632.12
1671235200,16631.5,16729.32,16579.85,16676.85
1671249600,16676.85,16772,16653.53,16745.54
1671264000,16746.15,16757.42,16661.71,16708.22
1671278400,16707.55,16729.18,16642,16700.26
1671292800,16700.78,16721.77,16647.15,16691.63
1671307200,16692.16,16796.82,16685.03,16776.52
1671321600,16777.54,16784.8,16702.23,16741.02
1671336000,16741.02,16804.7,16718.01,16750.83
1671350400,16750.83,16767.58,16663.07,16711.35
1671364800,16711.35,16738,16673.63,16683.84
1671379200,16683.83,16794.99,16676.15,16750.82
1671393600,16751.52,16863.26,16723.4,16738.21
1671408000,16739,16815.99,16627.35,16681.47
1671422400,16681.43,16750,16672.88,16722.23
1671436800,16722.23,16784,16707.1,16734.46
1671451200,16734.46,16765.71,16665.03,16669.08
1671465600,16668.23,16702.83,16505,16555.74
1671480000,16555.74,16649,16256.3,16438.88
1671494400,16438.88,16856.5,16397.2,16727.24
1671508800,16727.25,16880.58,16689.1,16802.83
1671523200,16802.23,16858.42,16763.78,16814.25
1671537600,16814.71,17061.27,16710.12,16918.83
1671552000,16918.15,16936.32,16767,16900.3
1671566400,16900.93,16926.99,16833.51,16895.56
1671580800,16896.15,16925,16794.84,16837.1
1671595200,16836.44,16856.84,16767.53,16816.18
1671609600,16816.18,16894.91,16795.69,16878.47
1671624000,16878.47,16914.72,16723,16861.13
1671638400,16860.51,16866.4,16728.09,16756.2
1671652800,16756.2,16835.11,16729.22,16824.67
1671667200,16824.68,16860.77,16809.78,16852.8
1671681600,16852.44,16859.54,16783.43,16826.87
1671696000,16826.23,16868.52,16801.3,16834.8
1671710400,16834.2,16845.45,16610.92,16636.54
1671724800,16636.54,16669.5,16559.85,16662.13
1671739200,16662.72,16852.79,16647.01,16821.43
1671753600,16821.9,16893.9,16770,16828.23
1671768000,16828.54,16856.54,16805.53,16848.01
1671782400,16848.45,16890.89,16810.23,16844.02
1671796800,16844.02,16955.14,16731.13,16832.16
1671811200,16832.15,16860.07,16816,16844.79
1671825600,16844.79,16851.57,16765.67,16778.5
1671840000,16778.52,16844.08,16776.62,16840.65
1671854400,16840.8,16857.37,16805.01,16848.26
1671868800,16848.26,16859.44,16817.99,16824.41
1671883200,16824.42,16840,16815.09,16836.35
1671897600,16835.93,16865,16823,16843.59
1671912000,16843.92,16869.99,16808.15,16836.12
1671926400,16835.73,16852.95,16823.02,16832.14
1671940800,16832.14,16843,16802,16821.97
1671955200,16821.97,16835.93,16815.4,16821.51
1671969600,16821.51,16857.96,16721,16793.09
1671984000,16793.49,16822.27,16727,16794.07
1671998400,16794.07,16846,16753.44,16832.11
1672012800,16832.11,16900,16820.75,16894.19
1672027200,16894.54,16924,16835,16843.65
1672041600,16843.76,16873.15,16818,16864.04
1672056000,16864.64,16868.34,16791,16809.51
1672070400,16809.51,16862.23,16798.38,16841
1672084800,16841,16944.52,16817.82,16919.39
1672099200,16919.39,16972.83,16839,16876.51
1672113600,16876.82,16897,16853.52,16869.19
1672128000,16869.68,16882.03,16806.57,16832.4
1672142400,16832.01,16839.49,16733.21,16799.78
1672156800,16799.92,16804.98,16592.37,16690.75
1672171200,16690.75,16723.24,16651.03,16706.36
1672185600,16706.06,16755.2,16559.79,16650.65
1672200000,16650.65,16678.85,16585.71,16647.16
1672214400,16647.16,16689.3,16632,16678.98
1672228800,16678.52,16785.19,16569.94,16578.52
1672243200,16578.02,16668,16563.63,16595.92
1672257600,16595.43,16615.67,16465.33,16547.31
1672272000,16547.32,16594,16488.91,16558.33
1672286400,16558.33,16583.87,16534.04,16556.37
1672300800,16556.37,16630,16517.54,16598.7
1672315200,16598.7,16664.41,16590.64,16616.6
1672329600,16616.6,16654.54,16590.82,16612.4
1672344000,16612.4,16654.51,16555.57,16633.47
1672358400,16633.47,16648.77,16579.75,16599.08
1672372800,16598.79,16615.35,16429,16474.93
1672387200,16475.1,16531.1,16458.25,16496.27
1672401600,16495.96,16580.7,16333,16555.26
1672416000,16555.26,16577,16515.45,16525.37
1672430400,16525.91,16677.35,16523.91,16607.48
1672444800,16607.48,16616.37,16550.01,16552.46
1672459200,16552.46,16568.12,16531,16565.09
1672473600,16564.81,16583.9,16540.01,16567.15
1672488000,16567.52,16644.09,16547.12,16590.1
1672502400,16590.1,16613.3,16565.1,16570.14
1672516800,16570.14,16574.97,16470,16542.4
1672531200,16541.77,16559.77,16508.39,16533.04
1672545600,16533.04,16550,16499.01,16526.19
1672560000,16525.7,16557,16505.2,16556.66
1672574400,16556.66,16572.94,16533.68,16558.73
1672588800,16558.73,16623.65,16558,16603.08
1672603200,16603.53,16628,16586.24,16616.75
1672617600,16617.17,16707.25,16548.7,16661.94
1672632000,16662.38,16769.51,16619.44,16721.28
1672646400,16721.27,16772.01,16704.07,16735.11
1672660800,16735.51,16750,16669.15,16734.66
1672675200,16734.66,16739.64,16707.12,16737.56
1672689600,16737.56,16799.23,16660.51,16672.87
1672704000,16672.78,16706.14,16647.81,16691.81
1672718400,16691.81,16778.4,16681.79,16729.74
1672732800,16730.15,16766,16698.15,16721.03
1672747200,16721.42,16773,16617.79,16676.94
1672761600,16677.54,16688.2,16605.28,16643.37
1672776000,16643.77,16695,16640.4,16675.18
1672790400,16675.65,16877.65,16652.66,16862.02
1672804800,16862.61,16910.98,16840.36,16869.44
1672819200,16869.49,16919,16831.13,16835.35
1672833600,16835.35,16863.09,16765.3,16854.05
1672848000,16853.55,16991.87,16787.85,16842.36
1672862400,16842.32,16869.56,16777,16850.36
1672876800,16850.36,16878.18,16807.72,16827.71
1672891200,16827.71,16849.37,16789.87,16823.64
1672905600,16823.05,16839,16780.75,16833.6
1672920000,16833.6,16879.82,16753,16842.94
1672934400,16842.94,16875.5,16800.5,16863.85
1672948800,16864.29,16873.52,16818.91,16831.85
1672963200,16831.85,16872.57,16802.01,16833.56
1672977600,16833.56,16837.87,16779.96,16794.06
1672992000,16794.33,16812.22,16709.88,16738.22
1673006400,16738.74,16849,16679,16840.82
1673020800,16840.1,16965.41,16805.04,16939.91
1673035200,16940.41,17041,16886.21,16950.65
1673049600,16950.31,16981.91,16930.46,16952.46
1673064000,16952.73,16954.45,16922.14,16948.09
1673078400,16948.18,16954.95,16908.07,16918.3
1673092800,16918.3,16947.7,16908,16940.42
1673107200,16940.6,16946.13,16916,16944.05
1673121600,16944.05,16951.92,16929.46,16943.57
1673136000,16943.83,16955,16911,16944.02
1673150400,16944.02,16957.12,16933.26,16953.77
1673164800,16953.77,16967.67,16925.05,16927.42
1673179200,16927.42,17019.79,16920.37,17000.43
1673193600,17000.43,17022.08,16916.1,16927.25
1673208000,16927.25,17176.99,16924.41,17127.83
1673222400,17127.83,17252.6,17104.66,17197
1673236800,17197,17262.56,17180,17198.48
1673251200,17198.01,17285.48,17186.95,17238.93
1673265600,17239.47,17335.35,17190.74,17268.49
1673280000,17268.49,17398.8,17268.02,17293.69
1673294400,17294.19,17313.3,17128,17178.26
1673308800,17179.04,17235,17146.34,17205.72
1673323200,17205.31,17233.91,17189.15,17203.2
1673337600,17203.2,17286.02,17187.73,17252.89
1673352000,17252.89,17375,17212.14,17327.7
1673366400,17327.7,17456.07,17282,17432.85
1673380800,17432.85,17499,17403.73,17440.66
1673395200,17440.64,17510,17366.58,17416.14
1673409600,17416.49,17462.99,17388,17446.65
1673424000,17447.02,17472.15,17408.68,17437.75
1673438400,17437.75,17437.75,17315.6,17332.43
1673452800,17331.9,17571.7,17320.42,17550.29
1673467200,17549.62,18000,17508.86,17943.26
1673481600,17943.26,18385.71,17907.25,18224.68
1673496000,18224.68,18241.43,18075.19,18138.22
1673510400,18138.21,18222.59,18071.06,18200.8
1673524800,18200.8,18380.47,17892.05,18086.62
1673539200,18087.28,19060,18054.61,18885.35
1673553600,18885.35,19117.04,18762,18846.62
1673568000,18846.62,18887,18714.12,18876.37
1673582400,18876.37,18883.79,18778.41,18824.25
1673596800,18825,19057.7,18810.01,18920.95
1673611200,18920.95,19310.91,18811.52,19261.19
1673625600,19261.19,19406.26,19060.15,19362.01
1673640000,19363.43,20000,19315.77,19930.01
1673654400,19930.01,21258,19888.05,20967.23
1673668800,20967.23,21033.64,20777.37,20897.36
1673683200,20897.36,21022.39,20225.06,20721.73
1673697600,20721.03,21200,20568.12,20786.74
1673712000,20785.85,20911.23,20660,20783.68
1673726400,20783.68,21072.27,20758,20954.92
1673740800,20952.76,21001.84,20551.01,20719.09
1673755200,20719.09,20789.58,20666.88,20735.69
1673769600,20735.69,20759,20573.13,20722.23
1673784000,20722.23,20994.05,20652.24,20908.28
1673798400,20906.97,21050.74,20665,20870.15
1673812800,20870.15,20952.37,20746.39,20871.5
1673827200,20872.99,21439.59,20770.2,21075.68
1673841600,21074.8,21260,21037.64,21109.23
1673856000,21109.4,21113.22,20666,20817.56
1673870400,20816.63,21053.89,20611.48,20994.17
1673884800,20995.37,21414.42,20916.43,21308.57
1673899200,21307.29,21474.05,21048.16,21185.65
1673913600,21185.65,21299.04,20841.31,21124.57
1673928000,21124.57,21236.62,21060.8,21133.65
1673942400,21133.65,21249.46,21082.48,21219.75
1673956800,21219.21,21647.45,21030,21176.06
1673971200,21176.06,21412,21084,21336.46
1673985600,21336.46,21413.15,21121.71,21134.81
1674000000,21132.29,21377.44,21103.15,21258.54
1674014400,21257,21320,21228.54,21307.94
1674028800,21307.94,21316.77,21151,21204.67
1674043200,21204.67,21650,20842,21042.73
1674057600,21042.73,21136.8,20407.15,20906.54
1674072000,20905.37,20938.67,20624.02,20677.47
1674086400,20677.47,20817.85,20659.19,20748.04
1674100800,20748.04,20874.81,20742.71,20818.95
1674115200,20818.94,20846.75,20706.9,20743.72
1674129600,20744.17,20960.23,20660.8,20876.44
1674144000,20876.44,21142.07,20791.13,21090.95
1674158400,21092.1,21192,20919.31,21071.59
1674172800,21071.59,21219.6,21013.96,21087.74
1674187200,21087.74,21127.33,20861.28,20959.44
1674201600,20958.43,20993.99,20898.79,20963.51
1674216000,20963.34,21247.55,20955.53,21144.77
1674230400,21145.05,21529,21140.99,21496.67
1674244800,21496.67,22755.93,21495.75,22667.21
1674259200,22666,22792.86,22422,22547.35
1674273600,22547.83,22670,22514.6,22638.36
1674288000,22638.36,23335.77,22595.23,22905.65
1674302400,22907.01,23280,22851.94,22998.9
1674316800,22998.9,23371.8,22980,23270.5
1674331200,23270.97,23299.55,22680.73,22783.55
1674345600,22783.35,22979.88,22602.55,22758.3
1674360000,22759.08,22967.33,22716.72,22895.2
1674374400,22895.49,22938.12,22726.02,22783.61
1674388800,22784.74,23078.71,22645.59,22794.51
1674403200,22794.63,22959.71,22687.13,22722.15
1674417600,22721.88,22773.89,22292.37,22707.88
1674432000,22706.02,22826.46,22646.43,22661.02
1674446400,22661.02,22794.33,22600.14,22695.9
1674460800,22696.61,22957.25,22662.38,22904.58
1674475200,22904.58,23115,22500,22853.14
1674489600,22855.44,23180,22654,22792.47
1674504000,22792.47,23044.56,22753.71,22916.45
1674518400,22917.81,23144.76,22864.67,23079.27
1674532800,23079.87,23162.2,23006.98,23054.08
1674547200,23054.7,23090.25,22770,22917.66
1674561600,22917.11,23035.31,22711,22931.36
1674576000,22931.36,23079,22785.59,23018.53
1674590400,23017.73,23080.45,22462.93,22632.89
1674604800,22631.94,22715.06,22300,22643.61
1674619200,22643.04,22772,22606.04,22712.45
1674633600,22711.85,22739.11,22475,22598.47
1674648000,22598.45,22745,22335,22577.86
1674662400,22578.79,22765.3,22510,22748.86
1674676800,22749.97,23816.73,22749.93,23060.94
1674691200,23060.42,23282.47,23041.14,23136.16
1674705600,23136.16,23197.8,22897.17,22966.73
1674720000,22965.81,23048.49,22850.01,22992.94
1674734400,22992.09,23250,22880.95,22958.02
1674748800,22955.16,23106.51,22853.81,23070
1674763200,23068.57,23195,22963.07,23009.65
1674777600,23009.65,23076.62,22534.88,22772.62
1674792000,22772.2,23100,22760.64,23072.77
1674806400,23072.29,23083.87,22903.03,22967.47
1674820800,22967.48,23148,22841.19,22933.96
1674835200,22932.2,23284.32,22924.01,23253.06
1674849600,23253.06,23500,22951.33,23074.16
1674864000,23074.16,23189,23042.54,23117.44
1674878400,23117.44,23133.4,22951.01,22991.51
1674892800,22991.86,23017.27,22905,22981.51
1674907200,22981.51,23044.12,22878.46,23012.54
1674921600,23012.02,23052.82,22975,23039.35
1674936000,23039.35,23042.91,22942,23022.6
1674950400,23021.4,23492,22967.76,23193.43
1674964800,23194.27,23268.51,23144.99,23203.86
1674979200,23203.39,23605.74,23153.64,23432.17
1674993600,23431.39,23666,23350.47,23525.09
1675008000,23525.09,23960.54,23472,23897.84
1675022400,23896.65,23910.6,23600,23742.3
1675036800,23743.37,23800.51,23567.1,23701.44
1675051200,23700.78,23769.32,23599.15,23642.81
1675065600,23642.81,23676.98,23017,23077.47
1675080000,23077.47,23301.82,22962.68,23178.51
1675094400,23178.51,23248.86,22627.9,22784.86
1675108800,22784.86,22840.69,22500,22826.15
1675123200,22827.38,22913.71,22714.77,22835.01
1675137600,22835.46,22989.48,22743.05,22978.24
1675152000,22978.24,22996.84,22810.03,22865.43
1675166400,22865.97,23206.84,22851.01,23121.8
1675180800,23121.8,23221.14,23081.08,23163.88
1675195200,23162.99,23320,22812.69,23125.13
1675209600,23125.13,23184.29,22997.1,23130.19
1675224000,23130.7,23167.39,23017.07,23076.68
1675238400,23076.67,23100,22919.33,23077.52
1675252800,23078.43,23144.85,22938.36,22979.73
1675267200,22979.73,23494.77,22760.23,23385.99
1675281600,23385.99,23812.66,23320.01,23732.66
1675296000,23731.41,24255,23690.02,23848.6
1675310400,23848.6,23921.1,23658.2,23781.12
1675324800,23780.65,23852.75,23750,23820.49
1675339200,23820.49,23945.68,23525,23839.5
1675353600,23839.5,24144.62,23725.76,23802.57
1675368000,23802.57,23924.81,23363.27,23488.94
1675382400,23489.33,23590.11,23411.47,23534.18
1675396800,23533.64,23566.18,23447.25,23456.23
1675411200,23456.22,23541.7,23322.3,23534.13
1675425600,23533.32,23710.8,23227.16,23603.36
1675440000,23604.62,23715.7,23300.76,23307.99
1675454400,23308.05,23472,23204.62,23431.9
1675468800,23431.9,23465.15,23331.16,23343.43
1675483200,23343.12,23361.33,23253.96,23329.18
1675497600,23329.18,23376.27,23292.19,23363.76
1675512000,23364.14,23587.78,23340.44,23421.45
1675526400,23421.45,23472.5,23358.57,23425.89
1675540800,23425.28,23449.96,23259.62,23326.84
1675555200,23327.66,23371.99,23230,23344.53
1675569600,23344.53,23433.33,23326.23,23377.4
1675584000,23377.03,23419.74,23345,23356.33
1675598400,23356.86,23374.8,23000.01,23096.16
1675612800,23096.92,23157.75,22743,22891.8
1675627200,22892.65,23030,22795.01,22932.91
1675641600,22932.91,23094.92,22823,22895.48
1675656000,22895.48,22928.2,22628.13,22879.69
1675670400,22880.91,22939.99,22735.46,22878.23
1675684800,22878.23,23054.66,22745.01,23041.39
1675699200,23042.86,23158.25,22921.25,23031.03
1675713600,23030.29,23032.13,22638,22762.52
1675728000,22762.52,22897.67,22745.78,22877.99
1675742400,22877.99,22986.71,22861.45,22910.91
1675756800,22910.91,23064.56,22862.85,22977.24
1675771200,22977.24,23042,22876.35,22904.89
1675785600,22904.89,23350.25,22769.05,23091.9
1675800000,23092.87,23309.29,23029.11,23240.46
1675814400,23242.42,23452,23225.19,23255.34
1675828800,23255.34,23287.3,23183.17,23232.68
1675843200,23233.23,23239.44,23132.21,23159.07
1675857600,23159.07,23199.58,22857,22872.28
1675872000,22871.28,23042.95,22665.85,22874.89
1675886400,22873.9,22980.3,22778.93,22963
1675900800,22961.85,23011.39,22424.48,22518.44
1675915200,22519.56,22737.48,22353.71,22676.41
1675929600,22676.41,22770,22663.32,22685.79
1675944000,22685.79,22831.41,22556.32,22610.94
1675958400,22610.94,22623.41,21881,22032.71
1675972800,22030.99,22084.46,21688,21796.35
1675987200,21797.83,21938.16,21756,21825.59
1676001600,21825.59,21926.2,21622.4,21911.71
1676016000,21910.61,21926.91,21713.96,21733.52
1676030400,21732.63,21901.24,21520,21654.09
1676044800,21652.75,21799,21558.13,21771.09
1676059200,21772.26,21790.92,21451,21625.19
1676073600,21625.19,21725.95,21599.78,21678.56
1676088000,21678.56,21715.38,21640.03,21692.63
1676102400,21692.63,21705,21658.01,21697.44
1676116800,21697.44,21777.54,21662.11,21735.78
1676131200,21735.78,21737.89,21618.23,21662.63
1676145600,21662.36,21906.32,21645.21,21862.55
1676160000,21862.02,21890.16,21766,21781.38
1676174400,21781.38,21817.15,21761.04,21798.42
1676188800,21798.42,21960,21798.01,21888.31
1676203200,21888.31,21995.6,21756.04,21945.3
1676217600,21944.14,22090,21914.07,21997.18
1676232000,21997.18,22028.78,21630,21783.54
1676246400,21782.37,21876.43,21622.47,21808.6
1676260800,21808.6,21894.99,21792.86,21867.69
1676275200,21867.74,21874.97,21433,21603.11
1676289600,21602.8,21701.34,21556,21563.02
1676304000,21561.84,21678,21351.07,21607.81
1676318400,21607.81,21845.79,21559.95,21773.97
1676332800,21774.63,21816.62,21677.47,21700.42
1676347200,21700.42,21789.46,21684.59,21768.48
1676361600,21767.56,21875.42,21666.39,21809.81
1676376000,21809.81,22319.08,21532.77,22041.45
1676390400,22040.52,22245,21917.31,22208.65
1676404800,22207.96,22285,22122.7,22199.84
1676419200,22199.84,22200.88,22047.28,22099.49
1676433600,22099.13,22199.29,22072.55,22109.89
1676448000,22109.89,22500,22089.11,22445.13
1676462400,22444.28,22916.98,22443.24,22809.46
1676476800,22809.46,23353.87,22745.03,23318.9
1676491200,23320.18,24380,23296.3,24324.05
1676505600,24322.87,24905,24278.58,24732.42
1676520000,24731.6,24756.35,24430.12,24612.95
1676534400,24611.51,24664.49,24509.07,24568.55
1676548800,24567.93,25091,24283.35,25072.67
1676563200,25072.67,25250,24606.14,24872.58
1676577600,24872.58,24879.81,23505.25,23517.72
1676592000,23517.72,23914.58,23339.37,23838.64
1676606400,23838.64,23883.12,23612,23637.04
1676620800,23635.84,23861.78,23532.69,23789.82
1676635200,23789.12,24280,23710,24130.5
1676649600,24130.5,24560.64,23917.65,24524.49
1676664000,24524.49,25021.11,24051.73,24569.97
1676678400,24568.24,24787.5,24503.49,24609.68
1676692800,24609.68,24676.9,24430,24519.01
1676707200,24519.01,24607.82,24436.46,24519.42
1676721600,24519.93,24734.32,24488.43,24668.26
1676736000,24667.02,24877,24567.9,24608.34
1676750400,24608.34,24666,24514.03,24631.95
1676764800,24632.05,24770.67,24622.18,24681.69
1676779200,24682.1,24850,24563.23,24582.62
1676793600,24582.62,24706.77,24560.47,24669.43
1676808000,24669.43,25046,24656.44,24922.21
1676822400,24922.21,25192,24277.53,24523.79
1676836800,24523.04,24580.28,24192.57,24271.76
1676851200,24272.51,24480.44,23840.83,24418.95
1676865600,24417.86,24555,24402.87,24503.65
1676880000,24503.65,24983.71,24373.33,24890
1676894400,24889,25121.23,24720,24942.87
1676908800,24942.87,24957.32,24622,24872.19
1676923200,24872.18,24887.2,24655,24842.2
1676937600,24843.89,25093.23,24781.5,24926.56
1676952000,24926.56,25050,24854.18,24999.95
1676966400,24999.77,25250,24555.55,24572.83
1676980800,24572.83,24790,24408,24558.09
1676995200,24556.81,24745.78,24279.35,24602.88
1677009600,24602.88,24639.56,24148.34,24452.16
1677024000,24450.67,24476.05,23855.55,24201.85
1677038400,24202.67,24221.6,23931,24060.95
1677052800,24059.73,24216.55,23860.61,24160.87
1677067200,24160.87,24235.37,23627.08,23713.61
1677081600,23714.94,23972.97,23574.69,23791.67
1677096000,23791.68,24218.92,23735.19,24182.21
1677110400,24182.21,24599.59,24124.33,24454.85
1677124800,24454.85,24526.08,24311.35,24376.27
1677139200,24377.12,24494.28,23647.46,23780.2
1677153600,23780.21,24228.44,23608,23950.92
1677168000,23951.83,24056,23725.1,23971.5
1677182400,23971.51,24069.87,23756.77,23940.2
1677196800,23940.2,24132.35,23890,23954.05
1677211200,23954.5,23986.12,23766.6,23830.32
1677225600,23831.22,23973.79,23754.03,23883.72
1677240000,23883.72,24027.44,23322.01,23351.31
1677254400,23349.25,23353.1,22841.19,23182.27
1677268800,23182.27,23332.79,22974.3,23185.29
1677283200,23184.04,23219.13,23045.33,23077.64
1677297600,23077.12,23129.65,23023.23,23117.16
1677312000,23117.1,23158.16,22906.5,22983.85
1677326400,22983.85,23086,22858.35,23006.18
1677340800,23006.18,23086.29,22912.1,22983.05
1677355200,22983.78,23185.99,22722,23157.07
1677369600,23157.07,23250,23059.18,23214.53
1677384000,23214.53,23227.17,23090,23154.57
1677398400,23154.57,23293.97,23112.35,23253.44
1677412800,23253.44,23331.26,23126.47,23247.23
1677427200,23247.96,23544.93,23137,23499.33
1677441600,23499.33,23689.99,23323.42,23554.85
1677456000,23554.85,23644.65,23432.76,23551.62
1677470400,23551.99,23561.34,23346.16,23423.31
1677484800,23423.88,23455.31,23332.65,23428.87
1677499200,23428.87,23897.99,23379.25,23559.4
1677513600,23557.66,23618.3,23150,23276.35
1677528000,23276.34,23582.98,23106.77,23492.09
1677542400,23492.09,23549.99,23349.57,23467.52
1677556800,23467.01,23470.44,23212.8,23236.68
1677571200,23235.63,23421.98,23200,23392.69
1677585600,23391.96,23579.12,23315.42,23518.3
1677600000,23519.08,23600,23205.06,23264.36
1677614400,23263.38,23343.55,23020.97,23141.57
1677628800,23141.57,23498,23020.03,23441.14
1677643200,23440.37,23847,23425.44,23716.06
1677657600,23716.06,24000,23673.44,23739.17
1677672000,23739.87,23888,23550.8,23711.09
1677686400,23711.09,23746.24,23328.16,23355.14
1677700800,23354.03,23674.6,23300,23628.97
1677715200,23629.76,23796.93,23423.17,23494.29
1677729600,23494.29,23546.82,23335.41,23391.87
1677744000,23391.87,23468.5,23337.37,23414.73
1677758400,23414.73,23434.26,23195.9,23361.11
1677772800,23361.1,23507.97,23231.29,23463.99
1677787200,23463.4,23567.52,23386.44,23465.32
1677801600,23465.32,23476.95,21971.13,22319.69
1677816000,22319.69,22411.36,22251.08,22360.78
1677830400,22360.78,22479.97,22300.14,22342.92
1677844800,22343.06,22498.99,22172.65,22336.33
1677859200,22335.84,22448.25,22229.25,22358.48
1677873600,22357.83,22378.22,22147,22354.34
1677888000,22354.34,22392.17,22323.05,22346.66
1677902400,22346.65,22410,22269.94,22359.09
1677916800,22359.44,22376.97,22322.3,22349.46
1677931200,22349.46,22398,22307.98,22317.87
1677945600,22317.38,22347.93,22227.2,22250.78
1677960000,22250.67,22359,22157.08,22346.57
1677974400,22346.57,22662.09,22189.22,22387.02
1677988800,22387.02,22470.93,22365.26,22375.7
1678003200,22375.7,22448.8,22316.63,22389.77
1678017600,22390.12,22494.96,22388.57,22436.18
1678032000,22436.7,22460.07,22374.6,22403.45
1678046400,22403.45,22560,22331,22430.24
1678060800,22430.24,22508,22258,22387.19
1678075200,22387.19,22436,22313.94,22392.74
1678089600,22392.74,22450,22355,22379.57
1678104000,22379.95,22602.19,22357.08,22553.42
1678118400,22554.43,22586.98,22358,22393.35
1678132800,22393.35,22450,22320.01,22410
1678147200,22409.41,22557.91,22377.69,22460.54
1678161600,22460.99,22479.85,22408.09,22419.71
1678176000,22420.29,22432.6,22321,22351.02
1678190400,22351.02,22489.88,21927,22320.9
1678204800,22321.98,22394.08,22054.92,22124.77
1678219200,22125.99,22230.51,21943,22197.96
1678233600,22198.56,22287,22084.3,22152.52
1678248000,22152.52,22167.73,21840.13,21971.03
1678262400,21971.83,22144.2,21944.55,22072.45
1678276800,22071.98,22229.04,21876.66,22140.8
1678291200,22139.97,22218.3,21944.25,21997.25
1678305600,21997.25,22133.75,21580,21705.44
1678320000,21704.37,21806.68,21629.43,21769.66
1678334400,21770.37,21774.69,21665.67,21688.54
1678348800,21688.54,21700,21527,21669.38
1678363200,21669.38,21834.99,21552.84,21648.57
1678377600,21647.42,21675.22,20766.2,20854.93
1678392000,20856.3,20867.3,20042.72,20362.22
1678406400,20362.21,20367.78,19776.22,20052.07
1678420800,20052.07,20065,19776.55,19953.58
1678435200,19953.58,19977,19549.09,19760.78
1678449600,19761.12,20321.19,19657.11,20004.96
1678464000,20004.96,20307.73,19824.06,20024.32
1678478400,20022.72,20240.4,19850,20150.69
1678492800,20150.69,20686.51,20135.05,20393.88
1678507200,20393.89,20435.43,19823.82,19850.81
1678521600,19850.81,20208.36,19765.03,20086.07
1678536000,20086.07,20205.46,20030,20061.98
1678550400,20062.77,20331.44,19992.24,20220.96
1678564800,20220.98,20529.91,20214.63,20455.73
1678579200,20455.73,20502.46,20303.53,20376.46
1678593600,20376.47,20440.8,20270.6,20346.71
1678608000,20346.71,20497.34,20333.8,20445.43
1678622400,20445.56,20466,20284.39,20358.96
1678636800,20359.59,21331.75,20341.85,20779.54
1678651200,20779.54,22150,20755.76,21997.11
1678665600,21998.05,22600,21860.74,22231.62
1678680000,22232.76,22506,22222.88,22458.72
1678694400,22458.87,22539.64,21813.88,22106.64
1678708800,22106.63,24500,21959,23981.72
1678723200,23981.72,24393.83,23755,24279.91
1678737600,24277.25,24311.99,23938,24113.48
1678752000,24112.27,24496.41,23986.02,24374.2
1678766400,24375.68,24820,24139.06,24247.64
1678780800,24246.75,24820,24118.28,24743.04
1678795200,24743.05,26386.87,24458.04,25894.67
1678809600,25894.67,26001.81,24212.49,25054.15
1678824000,25048.39,25167.9,23976.42,24670.41
1678838400,24670.41,25074.24,24284.6,24717.65
1678852800,24716.87,24918.59,24599,24871.28
1678867200,24872.54,24922.22,24255,24754.5
1678881600,24753.27,25196.97,24371.6,24471.01
1678896000,24471.01,24523,23896.95,24366.71
1678910400,24369.97,24633.02,24223,24285.66
1678924800,24285.66,24439.8,24123,24265.43
1678939200,24265.44,24685,24182,24614.27
1678953600,24615.79,25066.32,24374.35,24824.62
1678968000,24826.33,25032.74,24515.23,24888.44
1678982400,24889.94,25167.4,24620,24953.21
1678996800,24953.21,25090,24623.52,24998.78
1679011200,24998.78,25896,24890,25781.66
1679025600,25781.66,26196.4,25656,26058.45
1679040000,26060.07,26970,25918.02,26918.73
1679054400,26920.11,26935.12,26118.19,26421.34
1679068800,26419.28,26860.66,26264,26834.87
1679083200,26834.87,27756.84,26588.38,27395.13
1679097600,27395.13,27724.85,27060,27307.54
1679112000,27306.57,27612.31,27212.56,27359.89
1679126400,27360.43,27500,27055.83,27443.09
1679140800,27443.09,27637.2,27057,27226.23
1679155200,27227.63,27489.94,26578,27329.83
1679169600,27329.14,27449.95,26810,26907.49
1679184000,26907.49,27255.19,26901.02,27198.71
1679198400,27198.71,27291.4,26827.22,26974.81
1679212800,26973.76,27200,26872,27160.98
1679227200,27162.33,27750,27110.12,27546.62
1679241600,27546.62,28376,27470,28255.87
1679256000,28255.35,28390.1,27738,27972.87
1679270400,27972.87,28057.44,27124.47,27269.17
1679284800,27269.18,28268,27141.36,28183.13
1679299200,28183.13,28472,27919.66,28188.93
1679313600,28188.95,28258.58,27620,27694.46
1679328000,27698.15,28041.48,27461.35,27785.1
1679342400,27784.57,28186.71,27577.02,27717.01
1679356800,27717.01,27953.33,27664.51,27787.29
1679371200,27787.29,27968,27303.1,27505.25
1679385600,27505.25,28177,27393.52,28040.13
1679400000,28040.13,28244.87,27730,28041.06
1679414400,28041.06,28438.55,27935.07,28126.84
1679428800,28126.85,28214.99,27900,28105.47
1679443200,28107.81,28280,27945.44,28154.14
1679457600,28154.14,28288,28028.24,28103.69
1679472000,28103.68,28213.23,28000,28122.74
1679486400,28122.73,28736,28105.35,28595.07
1679500800,28595.06,28868.05,26650.27,26667.33
1679515200,26668.8,27437.98,26601.8,27250.97
1679529600,27250.97,27428.69,27105,27356.78
1679544000,27356.79,27700,27258,27631.93
1679558400,27631.93,27738.27,27439.5,27584.53
1679572800,27584.52,28750,27275.92,28580.87
1679587200,28580.86,28647.05,27772.22,28369.99
1679601600,28369.82,28438,27967.93,28295.41
1679616000,28295.42,28374.3,28134.86,28219.98
1679630400,28219.98,28335.32,28102.15,28274.59
1679644800,28274.58,28295.72,27934.48,28080
1679659200,28079.99,28253.01,27835,28018.04
1679673600,28018.04,28059.63,27523.81,27821.6
1679688000,27821.59,27860,27000,27454.47
1679702400,27454.46,27658.2,27420,27581.65
1679716800,27581.65,27608.2,27375.9,27485.36
1679731200,27485.37,27537.79,27309.8,27457.2
1679745600,27457.19,27787.33,27357.14,27647.43
1679760000,27647.44,27730,27159.57,27189.68
1679774400,27189.69,27529.29,27156.09,27462.95
1679788800,27462.96,27650,27417.76,27529.26
1679803200,27529.27,27570.93,27462.15,27504.94
1679817600,27504.94,27915.08,27480.01,27865.95
1679832000,27865.96,28194.4,27695,27803.89
1679846400,27803.89,27934.57,27635.18,27827.95
1679860800,27827.95,28143,27670.71,27968.05
1679875200,27968.05,28023.86,27781.6,27888.68
1679889600,27888.68,27935.17,27666,27808.81
1679904000,27808.8,27996.28,27768.55,27892.69
1679918400,27892.69,27923.42,26508.14,26903.62
1679932800,26903.63,27313.42,26858.79,26968.94
1679947200,26968.93,27255,26877.82,27124.91
1679961600,27124.9,27176.05,26800,26971.71
1679976000,26971.71,27142.25,26872.11,26962.88
1679990400,26962.89,27155.38,26631.78,27057.36
1680004800,27057.36,27210,26835.31,26998.63
1680019200,26998.63,27520,26745,27425.99
1680033600,27425.98,27492.8,27095.66,27261.07
1680048000,27261.06,27479.36,27240.1,27367.45
1680062400,27367.44,28164.48,27349.68,28086.82
1680076800,28086.82,28650,28040.34,28353.99
1680091200,28354,28590,28230.85,28442.79
1680105600,28442.8,28448.68,28135.82,28419.49
1680120000,28419.49,28500,28211,28348.6
1680134400,28348.6,29184.68,28090.06,28489.18
1680148800,28489.19,28775.6,28442.79,28725.01
1680163200,28725,28748.76,28500,28644.79
1680177600,28644.79,28691.45,28169.5,28300.33
1680192000,28300.32,28301.01,27686,27986.09
1680206400,27986.1,28197.96,27786.66,28028.53
1680220800,28028.53,28375,27916.34,28168.41
1680235200,28168.41,28219.36,27511.71,27738.48
1680249600,27738.48,27992.05,27688,27927.97
1680264000,27927.97,28656.69,27870.93,28494.99
1680278400,28495,28541.18,28262.87,28469.31
1680292800,28469.31,28632.94,28337.46,28465.36
1680307200,28465.36,28819.71,28408.57,28541.1
1680321600,28541.1,28625.1,28351.35,28424.99
1680336000,28424.98,28485.11,28360.65,28372.85
1680350400,28372.84,28473.9,28220.27,28400.07
1680364800,28400.07,28443.04,28280,28381.98
1680379200,28381.97,28577,28379.63,28452.73
1680393600,28452.74,28530,28355,28476.59
1680408000,28476.58,28490.4,28381.54,28416.38
1680422400,28416.37,28450.9,28306.8,28357.93
1680436800,28357.93,28361,28037.59,28124.81
1680451200,28124.8,28229.9,27856.43,27943.85
1680465600,27943.84,28203.35,27858.29,28171.87
1680480000,28171.87,28182.17,27560,27753.85
1680494400,27753.85,27962.9,27588,27958.74
1680508800,27958.73,28500.99,27958.73,28253.73
1680523200,28253.73,28375,27945.19,28051.48
1680537600,28051.48,28238.53,27875,28081.08
1680552000,28081.08,28093.56,27200.24,27800
1680566400,27800,27965,27662.79,27855.06
1680580800,27855.06,28145,27775.37,28021.3
1680595200,28021.31,28444.44,27931.2,28289.52
1680609600,28289.51,28399,27947.59,28030.04
1680624000,28030.05,28260,27971.07,28189.25
1680638400,28189.25,28305,28078.63,28165.47
1680652800,28165.47,28775,28099.68,28544.72
1680667200,28544.73,28624.35,28455,28525.21
1680681600,28525.2,28600,28450.5,28554.38
1680696000,28554.37,28750,27860,28031.09
1680710400,28031.09,28308.04,27805.1,28240.64
1680724800,28240.64,28300,28132.16,28170.01
1680739200,28170.01,28182.05,27878.6,28128.42
1680753600,28128.42,28130,27907.77,27910.97
1680768000,27910.97,28028.6,27711,27945.52
1680782400,27945.51,28181.05,27750,28090.39
1680796800,28090.39,28165.88,27950.9,28017.77
1680811200,28017.77,28121.87,27900,28033.82
1680825600,28033.83,28100,27926.52,28038.66
1680840000,28038.67,28062.73,27766.94,27839.78
1680854400,27839.79,27961.67,27785,27840.9
1680868800,27840.89,27984.75,27800,27944.1
1680883200,27944.09,27953.47,27856,27897.52
1680897600,27897.51,27980.74,27839.02,27906.33
1680912000,27906.34,28059.39,27859.02,28023.39
1680926400,28023.39,28154.99,27974.14,28086.22
1680940800,28086.22,28114.94,27990.57,28016.09
1680955200,28016.09,28057,27950,28014.7
1680969600,28014.71,28020,27872.11,27924.13
1680984000,27924.13,27987.41,27885.86,27938.38
1680998400,27938.38,28083.45,27924.9,28027.71
1681012800,28027.71,28067.46,27840.51,27903.02
1681027200,27903.01,27949.99,27800,27930.2
1681041600,27930.2,27973.39,27800,27891.91
1681056000,27891.91,28250,27876.68,28140.4
1681070400,28140.41,28530,28094.5,28323.76
1681084800,28323.76,28425.43,28244.18,28278.45
1681099200,28278.45,28325.43,28196.61,28284.57
1681113600,28284.57,28375.02,28275.01,28305.6
1681128000,28305.59,28575.04,28170,28439.38
1681142400,28439.39,29380,28356.51,29173.06
1681156800,29173.05,29770,29069.1,29637.34
1681171200,29637.35,30430,29590,30115.95
1681185600,30115.95,30169.14,29800,30106.89
1681200000,30106.9,30147.38,29974,30055.15
1681214400,30055.14,30280,29975,30194.22
1681228800,30194.23,30550,30040,30130.02
1681243200,30130.02,30274.19,29940,30200.42
1681257600,30200.43,30350.07,29811.82,29922.04
1681272000,29922.04,30070.42,29850,29987
1681286400,29986.99,30050.47,29895.98,30016.3
1681300800,30016.31,30486,29637.4,29964.02
1681315200,29964.03,30091.01,29760.13,29798.59
1681329600,29798.59,29979.74,29775.68,29888.07
1681344000,29888.07,30200,29854.59,30072.17
1681358400,30072.17,30128.59,29982.93,30068.6
1681372800,30068.6,30374.87,30039,30159.82
1681387200,30159.81,30595,30134.16,30441.43
1681401600,30441.43,30535.76,30262.4,30335.13
1681416000,30335.13,30394.7,30205,30373.84
1681430400,30373.84,30893.79,30310.03,30690.88
1681444800,30690.89,31000,30674.53,30733.72
1681459200,30733.73,30827.27,30657.14,30801.89
1681473600,30801.89,30850,30101,30237.89
1681488000,30237.88,30357.8,29966,30324.09
1681502400,30324.09,30522.07,30272.25,30466.93
1681516800,30466.93,30595.6,30278.08,30376.14
1681531200,30376.13,30467.92,30337.97,30433.3
1681545600,30433.29,30470,30364.7,30385.3
1681560000,30385.31,30444,30285,30325.27
1681574400,30325.27,30339.35,30202,30331.74
1681588800,30331.74,30360.19,30236.39,30295.09
1681603200,30295.1,30319.04,30120,30249.37
1681617600,30249.36,30399.4,30245.82,30344.97
1681632000,30344.97,30353.96,30220.4,30226.45
1681646400,30226.46,30362,30160.4,30332.98
1681660800,30332.98,30549.99,30259.69,30309.06
1681675200,30309.05,30407.98,30192,30304.65
1681689600,30304.66,30316.06,29740.64,29982.8
1681704000,29982.8,30007.56,29832,29838.3
1681718400,29838.3,29922.5,29366,29570.81
1681732800,29570.8,29593.14,29240.65,29358.31
1681747200,29358.3,29580.17,29330.85,29467.24
1681761600,29467.25,29536.93,29391.92,29430.27
1681776000,29430.27,29500,29096.78,29446.99
1681790400,29447,29803,29442.56,29775.62
1681804800,29775.61,30381.68,29693.1,30380.59
1681819200,30380.59,30485,30099.37,30184.86
1681833600,30184.85,30274.21,29945.58,30221.52
1681848000,30221.53,30450,30150,30380.01
1681862400,30380.01,30413.53,30126,30211.23
1681876800,30211.23,30325.51,29980,30077.76
1681891200,30077.76,30077.76,29000,29310.65
1681905600,29310.64,29500,29100,29260.44
1681920000,29260.43,29370,29080,29227.07
1681934400,29227.06,29315.61,28520,28797.1
1681948800,28797.1,29000,28549,28862.52
1681963200,28862.51,29088.3,28818.8,28869.66
1681977600,28869.66,28951,28590,28607.13
1681992000,28607.12,28978.69,28334,28506.69
1682006400,28506.7,28658.81,28010,28104.38
1682020800,28104.38,28365.5,28012,28243.65
1682035200,28243.65,28374.02,28090,28321.41
1682049600,28321.42,28348,27815.89,28155.03
1682064000,28155.02,28237.3,27919.69,28066.21
1682078400,28066.22,28308.45,27962.65,28040.7
1682092800,28040.7,28090.54,27184.54,27279.91
1682107200,27279.9,27409.62,27125,27262.84
1682121600,27262.84,27367.77,27140.35,27322.16
1682136000,27322.15,27397.63,27225,27277.76
1682150400,27277.75,27324.58,27184.24,27286.65
1682164800,27286.65,27562.17,27231,27488.93
1682179200,27488.93,27804.38,27484.63,27622.61
1682193600,27622.61,27882.72,27566.91,27816.85
1682208000,27816.85,27816.85,27415.56,27557.84
1682222400,27557.83,27751.47,27531.85,27718.9
1682236800,27718.89,27777,27482.79,27642.9
1682251200,27642.89,27735.25,27311.25,27474.47
1682265600,27474.47,27689.83,27330,27465.77
1682280000,27465.78,27650.28,27402.88,27590.6
1682294400,27590.59,28000,27427.3,27790.48
1682308800,27790.49,27800,27350,27451.97
1682323200,27451.98,27553.24,27157.14,27550.84
1682337600,27550.83,27720.57,27200,27267.05
1682352000,27267.06,27579.8,26942.82,27383.29
1682366400,27383.28,27560.73,27320.47,27510.93
1682380800,27510.93,27590.28,27313.74,27345.72
1682395200,27345.71,27459.58,27240.8,27266.54
1682409600,27266.54,27443.63,27192,27390.96
1682424000,27390.96,27482.71,27199.17,27345
1682438400,27345,27790.19,27316.2,27611.4
1682452800,27611.39,28399.99,27611.01,28300.79
1682467200,28300.8,28481,28244.62,28309.1
1682481600,28309.09,28599,28301.05,28376.18
1682496000,28376.19,29138.83,28371.99,28952.32
1682510400,28952.31,30036,28952.31,29820.03
1682524800,29820.02,29900,27694.06,27884.24
1682539200,27884.25,28739.99,27235,28415.29
1682553600,28415.29,29480.5,28378.86,28885.79
1682568000,28885.78,29278.88,28632.25,28893.83
1682582400,28893.84,29139.85,28780.45,28934.21
1682596800,28934.21,29555,28661.58,29149.73
1682611200,29149.74,29890,29013.44,29673.98
1682625600,29673.98,29783.15,29255.53,29472.77
1682640000,29472.77,29599.54,29330,29420.52
1682654400,29420.52,29566.92,29396.89,29488.83
1682668800,29488.83,29495.34,29137.76,29235.36
1682683200,29235.36,29467.36,28891,29146.89
1682697600,29146.88,29437.81,29101.28,29328.53
1682712000,29328.53,29429.36,29276.75,29311.7
1682726400,29311.69,29400,29195.58,29345.74
1682740800,29345.75,29448.88,29289.44,29345.54
1682755200,29345.54,29360,29234.39,29332.11
1682769600,29332.11,29393.39,29210.24,29271.21
1682784000,29271.21,29309.05,29031,29240.67
1682798400,29240.68,29265,29138.25,29230.45
1682812800,29230.45,29230.49,29079.59,29178.87
1682827200,29178.88,29295.96,29171.22,29266.43
1682841600,29266.43,29348.31,29160.53,29197.01
1682856000,29197.02,29969.39,29182.74,29655.18
1682870400,29655.18,29870.22,29211.28,29361.13
1682884800,29361.13,29486.5,29160.96,29233.21
1682899200,29233.2,29337.34,28369.95,28561.06
1682913600,28561.07,28713.94,28250.15,28629.09
1682928000,28629.08,28670.1,28487.42,28523.86
1682942400,28523.85,28629.42,28075.36,28170.64
1682956800,28170.64,28410.95,27799.99,27843.36
1682971200,27843.35,28159.26,27666.95,28068.26
1682985600,28068.26,28145.6,27918.49,28043.76
1683000000,28043.75,28164.55,27872,28057.47
1683014400,28057.47,28133.33,27939.4,28084.83
1683028800,28084.83,28767.08,27910,28540.68
1683043200,28540.69,28879.88,28431.48,28686.14
1683057600,28686.13,28815.43,28616.08,28669.86
1683072000,28669.85,28689.35,28336.3,28520.9
1683086400,28520.89,28680,28427.56,28653.8
1683100800,28653.81,28767.93,28526.18,28543.74
1683115200,28543.73,28583.33,28113.69,28311.51
1683129600,28311.52,28800,28211.08,28322.98
1683144000,28322.97,29266.66,28285.19,29026.16
1683158400,29026.16,29195.94,28950.98,29096.86
1683172800,29096.85,29237.73,29038.31,29058.19
1683187200,29058.2,29379.83,28982.58,29154.66
1683201600,29154.65,29232.87,28663.64,28866.19
1683216000,28866.2,28972.92,28673.59,28895.12
1683230400,28895.31,28920,28748,28838.16
1683244800,28838.16,29531,28819.77,29198.23
1683259200,29198.22,29275,29029.87,29062.29
1683273600,29062.29,29195.97,29022.27,29149.36
1683288000,29149.36,29439.99,28800,29356.45
1683302400,29356.44,29677,29315.78,29561.66
1683316800,29561.66,29650,29450.69,29505.61
1683331200,29505.6,29820,29337.83,29353.61
1683345600,29353.62,29437.01,29250.65,29363.35
1683360000,29363.34,29367.2,29132.14,29266.15
1683374400,29266.16,29267.24,28300,28576.61
1683388800,28576.62,28964.68,28535.26,28842.82
1683403200,28842.82,28880.49,28642,28848.2
1683417600,28848.19,29138.29,28744.08,28798.56
1683432000,28798.57,28952.56,28787.02,28910.41
1683446400,28910.42,28960.03,28705.12,28840.06
1683460800,28840.07,29095.88,28840,28942.67
1683475200,28942.66,29029.11,28770.69,28907.73
1683489600,28907.73,28952.87,28395.23,28430.1
1683504000,28430.09,28631.01,28004.23,28199.71
1683518400,28199.72,28262.19,27830.85,27975.48
1683532800,27975.47,27989.11,27577.01,27934.09
1683547200,27934.09,28082.14,27669.5,27887.58
1683561600,27887.58,27930.21,27289.39,27340.72
1683576000,27340.72,27699.8,27262,27668.79
1683590400,27668.8,27749.34,27534.55,27629.34
1683604800,27629.35,27673.72,27437.32,27666.64
1683619200,27666.63,27728.99,27517.7,27678.31
1683633600,27678.31,27818,27370.01,27400.39
1683648000,27400.39,27750,27353,27716.32
1683662400,27716.32,27775.18,27521.49,27628.27
1683676800,27628.28,27849.94,27620.19,27685.29
1683691200,27685.29,27720.97,27529.88,27542.26
1683705600,27542.26,27679.1,27474.91,27677.09
1683720000,27677.08,28331.42,27635.81,28153.2
1683734400,28153.21,28299.15,26777,27692.26
1683748800,27692.27,27982.23,27219,27598.75
1683763200,27598.74,27622.68,27367.76,27446.9
1683777600,27446.9,27553.21,27395.88,27450.07
1683792000,27450.07,27490.29,27257.98,27405.61
1683806400,27405.62,27630.14,26952,27179.42
1683820800,27179.43,27219.52,26702.05,26843.05
1683835200,26843.06,27060.47,26807.22,26968.62
1683849600,26968.61,27091.12,26528.01,26584.32
1683864000,26584.33,26710,26120.74,26311.52
1683878400,26311.51,26437,26234.79,26348.01
1683892800,26348.02,26614.67,26271.65,26320.84
1683907200,26320.83,26500,25811.46,26459.62
1683921600,26459.63,26894.9,26360.85,26795.01
1683936000,26795.01,26983.98,26692.03,26808.27
1683950400,26808.27,26870.19,26695.41,26771.88
1683964800,26771.87,26877,26746.53,26823.94
1683979200,26823.93,26904.98,26736,26816.25
1683993600,26816.25,27045.45,26757.32,26837.94
1684008000,26837.93,26939.4,26750,26775.28
1684022400,26775.27,26874.42,26560.53,26865.03
1684036800,26865.04,26898.87,26793.53,26855.21
1684051200,26855.22,26886.73,26790.02,26805.98
1684065600,26805.97,27200,26744.7,27082.02
1684080000,27082.01,27135.04,26827.23,26878.97
1684094400,26878.96,26961.55,26842.57,26917.62
1684108800,26917.61,27290.93,26726,27232.8
1684123200,27232.8,27550.03,27180.01,27407.48
1684137600,27407.47,27485.5,27315.55,27336.12
1684152000,27336.12,27534,27221.2,27396.8
1684166400,27396.81,27663.59,27317.9,27418.24
1684180800,27418.24,27418.24,27126.73,27162.14
1684195200,27162.15,27296.89,26852.11,27130
1684209600,27130.02,27252.59,26993.71,27252.58
1684224000,27252.58,27286.08,26987.02,27059.03
1684238400,27059.03,27137.69,26900,27038.02
1684252800,27038.01,27151.51,26880,26933.05
1684267200,26933.06,27049.74,26897.34,27033.84
1684281600,27033.85,27238.55,26982.93,27060.04
1684296000,27060.05,27100,26760,26845.14
1684310400,26845.14,26914.3,26573.62,26637.62
1684324800,26637.61,26836.06,26544.71,26796.93
1684339200,26796.93,27447.29,26741.36,27385.09
1684353600,27385.09,27500,27274.45,27405.61
1684368000,27405.62,27485.33,27286.58,27365.69
1684382400,27365.69,27454.14,27152.29,27391.61
1684396800,27391.61,27440.01,27334.02,27398.97
1684411200,27398.97,27472.14,27021.95,27086.77
1684425600,27086.78,27118.36,26361.2,26734.01
1684440000,26734.01,27065.27,26691.2,26821.28
1684454400,26821.28,26929.04,26749.33,26834.73
1684468800,26834.73,26960.24,26812.03,26851.38
1684483200,26851.39,26926.61,26790.72,26855.89
1684497600,26855.9,27183.6,26630,26883.65
1684512000,26883.65,26973.56,26780.73,26834.46
1684526400,26834.47,26921.21,26807.73,26880.26
1684540800,26880.26,26908.42,26825.11,26865.58
1684555200,26865.59,26873.63,26835.1,26854.98
1684569600,26854.98,26917.38,26854.97,26880.06
1684584000,26880.05,26976,26875.51,26945.66
1684598400,26945.67,27150,26913.25,27063.03
1684612800,27063.04,27129.36,26967.18,27102.43
1684627200,27102.42,27277.55,27063.09,27176.22
1684641600,27176.22,27176.22,27047.88,27054.99
1684656000,27055,27085.81,26776.23,26829.94
1684670400,26829.93,26977,26803.58,26898.97
1684684800,26898.97,26933.33,26832.98,26902.12
1684699200,26902.13,26926.29,26666.03,26747.78
1684713600,26747.78,26779.54,26538.21,26644.8
1684728000,26644.8,26913.14,26643.12,26843.13
1684742400,26843.12,26900,26767.34,26826.78
1684756800,26826.79,27099.89,26702.91,26877.18
1684771200,26877.17,26930,26781.99,26862.43
1684785600,26862.43,26959.52,26833.21,26849.27
1684800000,26849.28,27442.03,26798.11,27366.67
1684814400,27366.67,27495.83,27205.01,27304.4
1684828800,27304.4,27349,27250.32,27337.36
1684843200,27337.36,27386.26,27175.19,27320.05
1684857600,27320.04,27328.48,27100.79,27181.22
1684872000,27181.23,27249.38,27151.38,27219.61
1684886400,27219.61,27219.61,26649.88,26786
1684900800,26786.01,26830.42,26613,26678.67
1684915200,26678.67,26839.02,26670,26742.24
1684929600,26742.25,26742.25,26080.5,26314.69
1684944000,26314.69,26397.64,26159.97,26252.33
1684958400,26252.34,26486.46,26242.62,26329.01
1684972800,26329,26394.37,25871.89,26183.72
1684987200,26183.73,26300,26126.76,26131.27
1685001600,26131.27,26335.16,26128.37,26296.62
1685016000,26296.61,26499.99,26168.6,26226.12
1685030400,26226.12,26631.98,26207.47,26468.68
1685044800,26468.67,26551.02,26432.46,26473.79
1685059200,26473.8,26539.34,26350,26435.14
1685073600,26435.14,26534.05,26327.24,26501.33
1685088000,26501.34,26549,26423.62,26463.29
1685102400,26463.29,26932.16,26355.81,26750.21
1685116800,26750.22,26837.34,26610.49,26767.21
1685131200,26767.22,26807.5,26686,26705.92
1685145600,26705.93,26782.73,26633,26752
1685160000,26752,26786.51,26710,26722.8
1685174400,26722.8,26732.66,26666.37,26699.02
1685188800,26699.02,26777.77,26551,26690.05
1685203200,26690.06,26846,26620.35,26729.6
1685217600,26729.6,26895,26726.01,26854.27
1685232000,26854.28,27247.1,26764.36,27187.23
1685246400,27187.24,27285.52,27128.41,27226.37
1685260800,27226.38,27344.23,27136.01,27153.76
1685275200,27153.76,27280,27100.02,27272.17
1685289600,27272.17,27746.33,27212.91,27525.99
1685304000,27525.99,28261.32,27525.99,28065
1685318400,28065.01,28447.14,27914.28,27954.99
1685332800,27954.99,28047.01,27841,27907.87
1685347200,27907.86,27971.01,27745.78,27913.87
1685361600,27913.87,27949.7,27588,27630.51
1685376000,27630.5,27737.99,27524.6,27637.94
1685390400,27637.94,27818,27554.57,27736.4
1685404800,27736.39,27940.55,27584.45,27829.23
1685419200,27829.23,27848.28,27672.93,27733.22
1685433600,27733.22,28038.59,27712.19,28021.4
1685448000,28021.39,28027.78,27615,27673.08
1685462400,27673.08,27862.84,27554,27850.2
1685476800,27850.21,27855.13,27651.17,27694.4
1685491200,27694.39,27835.51,27571.04,27657.3
1685505600,27657.29,27677.67,26968.49,27167.9
1685520000,27167.91,27203.73,26994.33,27097.18
1685534400,27097.18,27231.34,26851,26911.54
1685548800,26911.55,27123.43,26839.01,27010.57
1685563200,27010.57,27299.99,27005.16,27210.35
1685577600,27210.36,27350,26605.05,26779.94
1685592000,26779.93,26883.6,26746,26802.67
1685606400,26802.66,26951.07,26790.96,26892.96
1685620800,26892.95,26981.34,26782.53,26894.48
1685635200,26894.47,27175,26656,26862.68
1685649600,26862.68,26942.98,26713.34,26817.93
1685664000,26817.93,27017,26505,27000
1685678400,27000.01,27213,26949.4,27049.65
1685692800,27049.65,27183.07,27049.38,27130.75
1685707200,27130.75,27240,26860.71,27095.92
1685721600,27095.93,27287.64,27006.22,27239.02
1685736000,27239.03,27300,27143.37,27242.59
1685750400,27242.59,27242.6,27092,27143.2
1685764800,27143.2,27212.78,27105.73,27174.42
1685779200,27174.42,27181,27112.73,27129.79
1685793600,27129.78,27333.29,27126.85,27305.26
1685808000,27305.27,27318.63,27025.59,27096.36
1685822400,27096.37,27124.68,26914.93,27069.22
1685836800,27069.22,27100.43,26951,27061.38
1685851200,27061.37,27163.94,27027,27150.45
1685865600,27150.46,27249.86,27123.81,27198.55
1685880000,27198.54,27298,27160.11,27179
1685894400,27179,27222,27155,27213.11
1685908800,27213.11,27455.02,27043.65,27115.21
1685923200,27115.2,27129.33,26791.04,26843.58
1685937600,26843.57,26870.54,26740.38,26829.99
1685952000,26830,26840.77,26668,26773.39
1685966400,26773.39,26817.61,26000,26007.53
1685980800,26007.53,26074.51,25388,25629.99
1685995200,25630,25858.42,25509.98,25728.2
1686009600,25728.2,25801.09,25601,25730.83
1686024000,25730.83,25821.41,25706.18,25722.33
1686038400,25722.34,25797,25640.33,25686.64
1686052800,25686.64,26143.69,25351.02,26066.11
1686067200,26066.12,27216.89,26066.11,27080.13
1686081600,27080.12,27355.33,26857.92,27230.08
1686096000,27230.07,27391.77,26720.47,26909.01
1686110400,26909.01,26980.04,26753.01,26795.87
1686124800,26795.87,26968,26352,26896.14
1686139200,26896.14,26932.1,26236,26349.52
1686153600,26349.52,26553.78,26240.47,26482.42
1686168000,26482.43,26493.3,26125.01,26339.34
1686182400,26339.34,26470,26210,26344.17
1686196800,26344.16,26523.93,26290.19,26444.69
1686211200,26444.68,26504.94,26368.04,26432
1686225600,26432.01,26810,26300,26721.68
1686240000,26721.69,26732.24,26414.02,26539.9
1686254400,26539.86,26649.97,26488.01,26498.61
1686268800,26498.62,26596.58,26269.91,26483.7
1686283200,26483.69,26576.55,26424.35,26493.43
1686297600,26493.44,26685.43,26491.66,26610.19
1686312000,26610.18,26783.33,26452.86,26477.37
1686326400,26477.36,26529.54,26383.05,26407.15
1686340800,26407.15,26500,26397.11,26477.81
1686355200,26477.8,26533.87,26266,26323.07
1686369600,26323.07,26349.17,25456.41,25651.09
1686384000,25651.08,25750.25,25561.25,25731.4
1686398400,25731.41,25731.41,25572.94,25628.8
1686412800,25628.81,26154,25358,25750
1686427200,25750.01,25932.02,25679.59,25841.21
1686441600,25841.22,25864.32,25695,25727.51
1686456000,25727.51,25834.59,25634.7,25741.33
1686470400,25741.32,25842.44,25695,25796.06
1686484800,25796.05,25806.11,25672.68,25751.36
1686499200,25751.36,26106.66,25738.07,26030.89
1686513600,26030.89,26206.88,25745.03,25925.55
1686528000,25925.54,26028.5,25602.11,25791.29
1686542400,25791.29,25905.63,25744.06,25802.98
1686556800,25802.97,26106.48,25780,25988.83
1686571200,25988.82,25993.6,25734.47,25824.63
1686585600,25824.63,25966.18,25652.04,25824.23
1686600000,25824.23,25970.05,25804.3,25905.19
1686614400,25905.2,26157.99,25818.07,26063.85
1686628800,26063.85,26133.03,25973.7,26073.92
1686643200,26073.91,26272.25,26060.77,26191.81
1686657600,26191.81,26433.21,25712.57,25759.54
1686672000,25759.54,25978.37,25739.38,25902.84
1686686400,25902.83,25959.26,25808.1,25934.25
1686700800,25934.24,26055.99,25911.6,25985.07
1686715200,25985.06,26005.36,25837.13,25897.72
1686729600,25897.71,26028.58,25885.35,25975.71
1686744000,25975.71,26085.33,25927.22,25986.75
1686758400,25986.74,26098,25753.38,25874.59
1686772800,25874.58,25879.69,24820.56,25128.6
1686787200,25128.6,25206.52,25030.01,25065.35
1686801600,25065.35,25072.35,24872.35,24983.8
1686816000,24983.81,25050,24800,25014.97
1686830400,25014.97,25108.54,24921.11,24959.95
1686844800,24959.96,25518.49,24929,25455.49
1686859200,25455.49,25759.01,25220.25,25598.49
1686873600,25598.49,25606.59,25440.39,25561.74
1686888000,25561.75,25629.73,25475.84,25537.01
1686902400,25537,25624.38,25462.03,25474.51
1686916800,25474.51,25896.78,25175.56,25840.01
1686931200,25840,26518,25774.02,26382.43
1686945600,26382.43,26464.58,26287.97,26345
1686960000,26345.01,26372.4,26181,26262.16
1686974400,26262.17,26839.99,26246,26593.57
1686988800,26593.58,26657.09,26473.5,26507.76
1687003200,26507.75,26585.48,26311,26410.82
1687017600,26410.82,26538.37,26378.95,26475.3
1687032000,26475.31,26595.13,26465.42,26516.99
1687046400,26516.99,26548.63,26378.98,26548.45
1687060800,26548.46,26680,26472.03,26584.98
1687075200,26584.99,26596,26456.83,26500
1687089600,26500,26573.35,26444,26562.09
1687104000,26562.09,26657.99,26525.99,26650
1687118400,26650.01,26700,26255.85,26339.97
1687132800,26339.98,26469.58,26256.61,26403.36
1687147200,26403.36,26478.87,26369,26428.01
1687161600,26428,26459.18,26364.4,26447.73
1687176000,26447.73,26576.87,26348.01,26444
1687190400,26443.99,27068.09,26308.45,26682.28
1687204800,26682.29,26859.36,26652.19,26844.35
1687219200,26844.35,27179.03,26798.68,26896.52
1687233600,26896.53,27033.24,26755,26832.44
1687248000,26832.45,26912,26702.47,26907.99
1687262400,26907.99,27134.73,26652,27071.93
1687276800,27071.94,28140,27001.73,27982.77
1687291200,27982.77,28402.74,27872,28307.99
1687305600,28308,29088.09,28257.99,28711.15
1687320000,28711.15,29005,28680,28872.28
1687334400,28872.28,29221.99,28787.7,28930
1687348800,28930,30000,28875.81,29851.58
1687363200,29851.58,30800,29763.37,30112.03
1687377600,30112.02,30195.77,29800,29993.89
1687392000,29993.89,30500,29891.15,30296.01
1687406400,30296,30350,30010,30100.75
1687420800,30100.75,30244,29840.09,29928
1687435200,29928.01,30351.14,29525.61,29850.65
1687449600,29850.65,30234.83,29821.5,30213.11
1687464000,30213.11,30256.76,29880,29884.92
1687478400,29884.92,30054,29800,30007.96
1687492800,30007.97,30082.25,29904.29,29931.99
1687507200,29932,30195,29906.71,30140.87
1687521600,30140.86,31400,29911.07,31238
1687536000,31238.01,31431.94,30615.33,30880.87
1687550400,30880.88,30950,30453.1,30688.5
1687564800,30688.51,30794.11,30410,30730.01
1687579200,30730,30788,30552.01,30567.58
1687593600,30567.58,30742.73,30552.78,30684.38
1687608000,30684.37,30800,30282.07,30398.71
1687622400,30398.72,30709.36,30250,30627.84
1687636800,30627.84,30627.85,30408.95,30527.43
1687651200,30527.44,30783.68,30465.41,30748.46
1687665600,30748.46,31046.01,30666.87,30723.78
1687680000,30723.78,30761.7,30584.51,30716.03
1687694400,30716.03,30739.8,30462,30585.16
1687708800,30585.16,30655.11,30328,30429.78
1687723200,30429.78,30571.89,30277.49,30462.66
1687737600,30462.67,30550,29963.6,30296.36
1687752000,30296.35,30580,30164.79,30404.29
1687766400,30404.28,30428.36,30130,30322.89
1687780800,30322.89,30666,30257.02,30419.62
1687795200,30419.63,30432,29930,30243.97
1687809600,30243.97,30290,30099,30267.99
1687824000,30267.99,30496.88,30226.17,30371.57
1687838400,30371.56,30470.8,30233.58,30411.22
1687852800,30411.23,30786.99,30336,30729.1
1687867200,30729.09,30994.97,30383,30498.74
1687881600,30498.74,30769.96,30455.5,30648.03
1687896000,30648.03,30736.24,30554.09,30692.44
1687910400,30692.44,30709.74,30336.36,30452.75
1687924800,30452.74,30488.83,30155.75,30186.13
1687939200,30186.14,30388,30150.98,30310.73
1687953600,30310.73,30490.86,30009,30411.06
1687968000,30411.07,30466.36,29858.8,30100
1687982400,30099.99,30218.55,29948.82,30077.41
1687996800,30077.4,30245.9,30049.98,30176
1688011200,30176,30421.48,30141.05,30340.29
1688025600,30340.29,30750,30337.23,30670.94
1688040000,30670.95,30843.98,30400,30478.8
1688054400,30478.79,30663.37,30416.63,30584.99
1688068800,30584.99,30639.9,30250,30447.31
1688083200,30447.31,30883.68,30347.17,30745.05
1688097600,30745.06,31282,30610.01,30765.09
1688112000,30765.1,30963.2,30717.5,30910.01
1688126400,30910.01,31137.36,29500,30067.72
1688140800,30067.72,30748.08,29925.5,30372.36
1688155200,30372.37,30544.44,30340.46,30472
1688169600,30471.99,30534.74,30375.85,30398.01
1688184000,30398.02,30472.69,30320.57,30459.88
1688198400,30459.87,30600,30420.77,30523.02
1688212800,30523.02,30661.6,30503.94,30572.58
1688227200,30572.59,30633.92,30543.99,30609.51
1688241600,30609.51,30612.68,30548.88,30585.9
1688256000,30585.9,30649.99,30463.16,30509.31
1688270400,30509.3,30553.17,30470.01,30513.01
1688284800,30513.01,30552,30484,30544.74
1688299200,30544.74,30628,30155,30498.01
1688313600,30498,30693.14,30366.65,30557.74
1688328000,30557.74,30791,30425.47,30617.03
1688342400,30617.02,30800.01,30587.77,30756.65
1688356800,30756.65,30795.8,30606,30667.19
1688371200,30667.19,30700.92,30583.01,30625.22
1688385600,30625.22,31170,30570.27,31068.64
1688400000,31068.64,31380,30800.8,31255.84
1688414400,31255.83,31299.16,30900,31156.2
1688428800,31156.2,31350.69,31096.48,31195.69
1688443200,31195.68,31212.26,30879.29,30911.41
1688457600,30911.4,31080,30867.68,31067.99
1688472000,31067.99,31080,30886,30964.37
1688486400,30964.38,31130,30620,30696.84
1688500800,30696.84,30843.73,30668.5,30766.51
1688515200,30766.52,30878.07,30752,30868.71
1688529600,30868.71,30869.57,30762,30774.25
1688544000,30774.24,30810.34,30350,30404.3
1688558400,30404.31,30452,30200,30356.11
1688572800,30356.11,30591.57,30333.7,30431.95
1688587200,30431.95,30539.13,30383.83,30504.81
1688601600,30504.8,30560.51,30327,30490.85
1688616000,30490.85,30857.89,30438.26,30803.19
1688630400,30803.2,31500,30701,30846.55
1688644800,30846.55,30887.1,29888,30407.01
1688659200,30407,30464.13,30157.41,30309.88
1688673600,30309.88,30345.18,29850.45,29895.43
1688688000,29895.42,30165.64,29701.02,30135.4
1688702400,30135.41,30300,29930.53,30007.4
1688716800,30007.41,30199,29970,30118.7
1688731200,30118.7,30443.75,30041.05,30390.83
1688745600,30390.83,30449,30116,30246.2
1688760000,30246.21,30346.06,30214.16,30344.7
1688774400,30344.7,30386.81,30257.07,30274.83
1688788800,30274.82,30279.19,30145.21,30193.36
1688803200,30193.36,30313.98,30156.23,30201.71
1688817600,30201.72,30239.37,30152.19,30208
1688832000,30208.01,30318.25,30044.47,30112
1688846400,30112,30289.99,30054.06,30284.63
1688860800,30284.63,30402.98,30246.47,30287.99
1688875200,30287.99,30299.89,30233.33,30265
1688889600,30265,30310,30240,30266.69
1688904000,30266.7,30445.52,30190,30349.47
1688918400,30349.47,30349.74,30204,30242.42
1688932800,30242.43,30249.99,30061.12,30160.71
1688947200,30160.71,30240,29950,30156.17
1688961600,30156.17,30160,30050.29,30112.1
1688976000,30112.11,30245.9,30000.02,30240
1688990400,30240,30362,30143.21,30312.81
1689004800,30312.82,30840,30241,30837.4
1689019200,30837.4,31045.78,30190,30411.57
1689033600,30411.57,30600,30363.29,30476
1689048000,30475.99,30658,30430.88,30535.38
1689062400,30535.38,30567.32,30344.28,30404.31
1689076800,30404.31,30813.63,30300,30596.45
1689091200,30596.44,30693.87,30405,30581.99
1689105600,30582,30650,30501.56,30622.1
1689120000,30622.1,30671.38,30497.95,30588.32
1689134400,30588.32,30849.01,30565.53,30740
1689148800,30740,30809.13,30656,30776.25
1689163200,30776.25,30983.25,30461.59,30524.63
1689177600,30524.63,30538.44,30210,30287.47
1689192000,30287.48,30419.99,30238.28,30380
1689206400,30380,30433.25,30274,30298.01
1689220800,30298.01,30426.91,30251,30366.02
1689235200,30366.01,30637.06,30345.05,30543.99
1689249600,30543.99,31170,30459.91,30917.48
1689264000,30917.48,31804.2,30718.27,31606.01
1689278400,31606,31691.46,31000,31454.23
1689292800,31454.23,31630,31333,31460
1689307200,31459.99,31469,31075.25,31098.74
1689321600,31098.75,31287.85,31083.95,31209.59
1689336000,31209.58,31360.11,31050,31240.48
1689350400,31240.49,31275.5,29900,30115.17
1689364800,30115.18,30319.03,29985.31,30312.01
1689379200,30312,30390.9,30200,30292.91
1689393600,30292.9,30366.83,30257.45,30338
1689408000,30338,30371.67,30263.25,30311.99
1689422400,30311.99,30365.04,30250.99,30303.41
1689436800,30303.4,30358.18,30256.89,30326.47
1689451200,30326.47,30326.47,30269.96,30289.52
1689465600,30289.52,30335,30064.29,30188
1689480000,30188,30311.99,30134.59,30265.22
1689494400,30265.23,30350,30265.22,30306.01
1689508800,30306.01,30441.46,30273.08,30379.95
1689523200,30379.96,30403.13,30200.43,30252.93
1689537600,30252.94,30361,30122.95,30231.99
1689552000,30232,30336.96,30176.03,30312.66
1689566400,30312.66,30323.05,30232.06,30281
1689580800,30281.01,30328,29965.39,30161.7
1689595200,30161.7,30308,30032,30174.83
1689609600,30174.84,30241.03,29659.2,29884.39
1689624000,29884.4,30285.71,29881.41,30138
1689638400,30138.01,30239.78,30073.96,30073.96
1689652800,30073.97,30118.19,29921.54,29968.13
1689667200,29968.13,30111.68,29810,29884.01
1689681600,29884,30034.15,29675,29912
1689696000,29912.01,29964.99,29512,29715.99
1689710400,29715.98,29865,29690.65,29859.13
1689724800,29859.14,30076.71,29839.5,30059.11
1689739200,30059.1,30189.09,29966.48,30000.68
1689753600,30000.68,30046,29867.17,30012.63
1689768000,30012.62,30128,29761.96,29956.46
1689782400,29956.46,30100,29870,30044.31
1689796800,30044.31,30054,29830.36,29909.21
1689811200,29909.21,30047.95,29881.29,29948.01
1689825600,29948,30246.98,29926.88,30202.77
1689840000,30202.78,30417.46,30166.67,30284.9
1689854400,30284.9,30316,29627.04,29810.18
1689868800,29810.17,29872.71,29570.96,29756
1689883200,29756,29888,29669.56,29800
1689897600,29800,29953.01,29726.34,29897.62
1689912000,29897.62,29904,29751.9,29766.81
1689926400,29766.81,29851.37,29729.76,29778.51
1689940800,29778.51,29913.94,29778.5,29866
1689955200,29866,30061.7,29770,29875.99
1689969600,29875.99,29955,29833.93,29901.72
1689984000,29901.72,29999,29896,29903.41
1689998400,29903.4,29990,29848,29944.77
1690012800,29944.78,29979.92,29864.48,29886.94
1690027200,29886.93,29907.35,29828.77,29900.24
1690041600,29900.23,29908.71,29801.66,29836
1690056000,29836,29839.75,29625.1,29794
1690070400,29793.99,29893.77,29730,29845.72
1690084800,29845.71,29980.88,29845.71,29916
1690099200,29916,29959,29884,29888.58
1690113600,29888.59,29931.51,29852.29,29897.64
1690128000,29897.64,30350,29897.63,30093.12
1690142400,30093.12,30143.5,29920.37,30083.75
1690156800,30083.75,30099.58,29669.83,29716.01
1690171200,29716,29870,29660,29828
1690185600,29828,29832.54,29000,29269.99
1690200000,29269.99,29270,28861.9,29093.78
1690214400,29093.78,29157.15,29000,29117.99
1690228800,29117.99,29210,29090.36,29176.5
1690243200,29176.5,29183.34,29047.65,29111
1690257600,29111,29165.3,29074.55,29142.46
1690272000,29142.46,29282,29120,29128.29
1690286400,29128.29,29340.57,29082.84,29181.51
1690300800,29181.5,29376,29181.5,29198.83
1690315200,29198.82,29255.99,29183.93,29228.91
1690329600,29228.91,29412.88,29096.94,29242.81
1690344000,29242.8,29320.84,29180,29216.61
1690358400,29216.61,29240.54,29160.33,29175.39
1690372800,29175.39,29354,29166.36,29324
1690387200,29324.01,29499,29195,29401.93
1690401600,29401.93,29690,29280.01,29351.96
1690416000,29351.95,29450.44,29302.01,29405.78
1690430400,29405.78,29499.41,29378.6,29412.17
1690444800,29412.18,29567.49,29396,29507.03
1690459200,29507.02,29507.03,29236.78,29292.01
1690473600,29292,29333.22,29083.85,29163.83
1690488000,29163.83,29238,29133.5,29222.78
1690502400,29222.78,29305.3,29188.15,29253.85
1690516800,29253.84,29266,29135.15,29140.8
1690531200,29140.79,29246.08,29123.12,29206.59
1690545600,29206.58,29542.22,29206.58,29387.99
1690560000,29387.99,29399.98,29194.05,29316
1690574400,29316,29364.46,29284.68,29314.14
1690588800,29314.14,29396.15,29296,29371.89
1690603200,29371.9,29406.92,29295,29295.01
1690617600,29295,29330.55,29256.18,29267.16
1690632000,29267.16,29335.25,29261.87,29292.34
1690646400,29292.34,29349.62,29290.6,29338.02
1690660800,29338.03,29380.92,29338.02,29352.9
1690675200,29352.9,29352.92,29306.03,29314.92
1690689600,29314.93,29331.98,29268.65,29294.31
1690704000,29294.3,29326.47,29232.22,29314
1690718400,29314,29449,29278.38,29349.37
1690732800,29349.36,29405.66,29113.51,29202.28
1690747200,29202.28,29284,29033.24,29281.09
1690761600,29281.09,29530,29264,29421.99
1690776000,29422,29443.68,29360.66,29373.61
1690790400,29373.62,29420.06,29332.32,29405.99
1690804800,29405.99,29473.97,29225.97,29247.98
1690819200,29247.99,29274.99,29101.8,29157.48
1690833600,29157.49,29295.24,29115.64,29232.25
1690848000,29232.26,29347.16,28720,28835
1690862400,28835.01,28970.81,28803.5,28937.3
1690876800,28937.31,28995.59,28862.18,28862.19
1690891200,28862.19,28980,28585.7,28954
1690905600,28953.99,29335,28864.01,29274.41
1690920000,29274.42,29739.25,29180,29705.99
1690934400,29705.99,30047.5,29622.5,29632.96
1690948800,29632.96,29719.77,29564,29577.26
1690963200,29577.25,29577.26,29378.62,29562.49
1690977600,29562.49,29603.8,29169.04,29321.4
1690992000,29321.39,29364,28927.5,29151.56
1691006400,29151.57,29233.06,29066.35,29186.01
1691020800,29186,29275.8,29126.34,29182.14
1691035200,29182.13,29192,29013.04,29044.17
1691049600,29044.16,29197.78,28968,29146.01
1691064000,29146.01,29433.33,29078.43,29259.07
1691078400,29259.07,29368.86,29137.55,29281.32
1691092800,29281.32,29361.14,29165.46,29193.64
1691107200,29193.65,29251.68,29100,29161.29
1691121600,29161.28,29253.02,29134.7,29212.92
1691136000,29212.91,29263.52,29137,29167.51
1691150400,29167.51,29333.08,29130,29274.28
1691164800,29274.28,29286.7,28950,29032.06
1691179200,29032.05,29130.35,28807.54,29113.99
1691193600,29114,29152.23,29065.11,29094.53
1691208000,29094.52,29097.72,29035,29052.81
1691222400,29052.81,29090.39,29044.37,29048
1691236800,29048.01,29082.13,28978.64,29041.49
1691251200,29041.49,29099,29009.37,29067.35
1691265600,29067.36,29092.38,29052.5,29072.13
1691280000,29072.13,29078.95,29036,29063.99
1691294400,29064,29107.48,29045.96,29092.68
1691308800,29092.68,29142,29047.82,29078.01
1691323200,29078.01,29078.01,28991.88,29012.93
1691337600,29012.92,29102.91,29000.52,29088
1691352000,29088,29205.09,29038.13,29088.42
1691366400,29088.43,29229.62,29018.25,29162.67
1691380800,29162.66,29197.82,29050.77,29094.09
1691395200,29094.09,29153.86,29045.14,29091.44
1691409600,29091.44,29150,28788.73,28858.44
1691424000,28858.45,29186.74,28701.03,29154.91
1691438400,29154.91,29276.78,29121.12,29211.06
1691452800,29211.06,29260.1,29146.45,29195.08
1691467200,29195.09,29331.24,29181.81,29187.62
1691481600,29187.62,29441.96,29171.47,29438.63
1691496000,29438.63,29674.7,29354,29535.39
1691510400,29535.38,29950,29535.38,29884.24
1691524800,29884.23,30244,29685.76,29770.42
1691539200,29770.41,29883.1,29613,29716.01
1691553600,29716,29821.29,29673.34,29818
1691568000,29818.01,29914.19,29740.01,29888.32
1691582400,29888.32,30160,29676.86,29761.7
1691596800,29761.7,29774,29396.95,29416.22
1691611200,29416.21,29626,29376.67,29581.99
1691625600,29581.99,29660.06,29566.66,29582.63
1691640000,29582.63,29616.98,29491.11,29512
1691654400,29511.99,29559.98,29476,29504.01
1691668800,29504.01,29738,29400,29466
1691683200,29465.99,29478.07,29320.2,29444.52
1691697600,29444.52,29488.29,29422.71,29455.75
1691712000,29455.76,29498.17,29352.47,29412
1691726400,29412,29490,29380.04,29417.28
1691740800,29417.28,29452.33,29350,29445.96
1691755200,29445.96,29564.52,29354,29395.89
1691769600,29395.9,29431.03,29252.45,29396.76
1691784000,29396.76,29444.73,29396.76,29426.03
1691798400,29426.02,29460.73,29381.56,29402.07
1691812800,29402.06,29426.68,29384.82,29421.49
1691827200,29421.48,29434.35,29390.57,29429.85
1691841600,29429.85,29458.1,29408.28,29438.81
1691856000,29438.81,29481.35,29411.58,29416.16
1691870400,29416.17,29433.16,29400,29430.17
1691884800,29430.18,29455.21,29400,29418.56
1691899200,29418.56,29418.57,29363,29396.36
1691913600,29396.37,29416.53,29375.49,29383.38
1691928000,29383.39,29393.76,29362,29374.2
1691942400,29374.19,29474.65,29328.21,29442.91
1691956800,29442.91,29446,29272.32,29303.84
1691971200,29303.85,29429.95,29102.45,29399.91
1691985600,29399.91,29469.63,29392.6,29422.01
1692000000,29422.01,29495.76,29383.63,29409.99
1692014400,29410,29672,29332.61,29599.99
1692028800,29600,29695.32,29257,29360.54
1692043200,29360.54,29471.31,29338.12,29430.93
1692057600,29430.92,29454.23,29371.99,29402.01
1692072000,29402,29435.02,29351.33,29408.84
1692086400,29408.83,29457.44,29358,29366
1692100800,29365.99,29499.26,29315,29332.66
1692115200,29332.67,29369.23,29059.6,29181.73
1692129600,29181.73,29243.08,29135.81,29200
1692144000,29200.01,29259.85,29184.96,29228.51
1692158400,29228.51,29235.54,29111,29197.67
1692172800,29197.67,29216.46,29100,29164.67
1692187200,29164.67,29211.34,29047.09,29106.55
1692201600,29106.55,29235,28956,29111.7
1692216000,29111.69,29139.99,28723.08,28730.51
1692230400,28730.51,28783.48,28342,28657.31
1692244800,28657.3,28706.31,28601.87,28621.99
1692259200,28622,28635.3,28483.89,28545.11
1692273600,28545.1,28573.55,27888,27934.02
1692288000,27934.02,28089.78,27700,27894.01
1692302400,27894,27920.23,25166,26623.41
1692316800,26623.41,26832.6,26321.18,26398
1692331200,26397.99,26610,26157.71,26429.99
1692345600,26430,26609.65,26381.6,26494
1692360000,26494,26500,25931.95,26002
1692374400,26001.99,26313.33,25619,26065.01
1692388800,26065.01,26243.8,26006.01,26054
1692403200,26054,26154.57,25924,25967.51
1692417600,25967.51,26009.18,25801.09,25917.99
1692432000,25918,25999.01,25884,25900.08
1692446400,25900.07,26226.04,25872.06,26216.01
1692460800,26216.01,26281,26026.96,26125.62
1692475200,26125.61,26156,26033.16,26100.01
1692489600,26100.01,26207.88,26046.4,26105.24
1692504000,26105.23,26160.16,26047.41,26088.44
1692518400,26088.44,26198.72,26058.98,26176.7
1692532800,26176.69,26217.52,25971.05,26106.83
1692547200,26106.83,26162.34,26002.51,26137.25
1692561600,26137.25,26299,26137.25,26189.99
1692576000,26190,26195.12,26070,26090.66
1692590400,26090.66,26189.04,26000,26023.34
1692604800,26023.33,26088.32,25880.2,26031.6
1692619200,26031.61,26198.89,25812,25939.59
1692633600,25939.59,26164,25937.6,26097.74
1692648000,26097.73,26258.42,26082.25,26126.92
1692662400,26126.92,26139.42,26025.54,26055.99
1692676800,26056,26117.28,26000,26106.69
1692691200,26106.69,26112.44,26027.22,26049.64
1692705600,26049.63,26100.23,25914.03,25936.61
1692720000,25936.62,26054.73,25726.29,25779.99
1692734400,25780,26070.04,25300,26056
1692748800,26055.99,26187.99,25990.15,26006.32
1692763200,26006.32,26183.91,25976.72,26057.13
1692777600,26057.12,26096,25902.62,25939.49
1692792000,25939.49,26185,25812.82,26144
1692806400,26143.99,26819.27,26127.24,26632
1692820800,26632.01,26723.99,26222.43,26432.72
1692835200,26432.71,26547.89,26345.76,26442.01
1692849600,26442.01,26516,26384,26477.38
1692864000,26477.39,26577.87,26409.4,26444.02
1692878400,26444.02,26444.02,25990.72,25996.34
1692892800,25996.35,26163,25864,26039.44
1692907200,26039.44,26207.15,25936.01,26180.05
1692921600,26180.05,26187.34,26011.41,26106
1692936000,26106,26111.11,25974.22,25980.5
1692950400,25980.5,26128.75,25980.49,26096.4
1692964800,26096.41,26314.05,25777.15,25932.01
1692979200,25932.01,26066.62,25832.25,25972.36
1692993600,25972.37,26085.2,25957.4,26060.01
1693008000,26060,26125.77,26027.2,26087.15
1693022400,26087.16,26088,26048,26050.81
1693036800,26050.82,26060,26001.83,26045.87
1693051200,26045.86,26078,25985.92,26054
1693065600,26054,26060,26004.77,26034.21
1693080000,26034.22,26047.62,25988.2,26017.37
1693094400,26017.38,26030.55,25966.11,26021.96
1693108800,26021.96,26055.54,26021.96,26043.61
1693123200,26043.61,26095.6,26033.78,26060.44
1693137600,26060.44,26182.23,26052.8,26122.15
1693152000,26122.14,26179,26037.27,26125.49
1693166400,26125.48,26133.71,26040.17,26101.77
1693180800,26101.78,26105,25986.41,26012.98
1693195200,26012.98,26038.83,25872.05,25934.12
1693209600,25934.13,26004,25864.5,26000.99
1693224000,26000.99,26253.99,25991.44,26104.17
1693238400,26104.16,26191.79,25918,25996.26
1693252800,25996.27,26178.83,25946.18,26120
1693267200,26120,26206.24,26066.36,26083.19
1693281600,26083.18,26095.08,25990.58,26004.2
1693296000,26004.2,26046,25922,25975.55
1693310400,25975.54,27692,25964.79,27423.44
1693324800,27423.44,28142.85,27350.01,27831.33
1693339200,27831.33,27883.61,27532.79,27716.34
1693353600,27716.34,27768.57,27280.99,27391.13
1693368000,27391.14,27476.03,27371.94,27436.25
1693382400,27436.25,27499,27310.05,27338.51
1693396800,27338.52,27464.45,27017.24,27201.63
1693411200,27201.63,27286.88,27067.9,27178.28
1693425600,27178.27,27337.78,27178.27,27299.99
1693440000,27299.99,27303.36,27178.88,27217.27
1693454400,27217.28,27294.97,27215,27261.03
1693468800,27261.03,27587.51,27184.99,27303.96
1693483200,27303.95,27315.47,26803.73,26922.01
1693497600,26922.01,26924.87,25928,26162.79
1693512000,26162.79,26194.86,25655.01,25940.78
1693526400,25940.77,26100,25931.11,26081.01
1693540800,26081,26095,25978,25990.92
1693555200,25990.92,26072.34,25957.37,26047.49
1693569600,26047.5,26156,25566.53,25811
1693584000,25811,25964.17,25333.75,25645.66
1693598400,25645.65,25937.42,25565.55,25805.05
1693612800,25805.04,25840,25752.47,25798.08
1693627200,25798.07,25853.03,25766.75,25795.47
1693641600,25795.46,25860,25774.81,25813.54
1693656000,25813.55,25987.5,25785.64,25894.76
1693670400,25894.77,25937.91,25763.2,25833.39
1693684800,25833.4,25907.09,25817.84,25869.51
1693699200,25869.52,25907.53,25826.29,25863.91
1693713600,25863.91,25956.24,25863.9,25956.22
1693728000,25956.23,25956.3,25877.3,25943.38
1693742400,25943.39,26085.01,25807.32,25873.5
1693756800,25873.5,26039.99,25800,26011.16
1693771200,26011.16,26135,25927.94,25971.21
1693785600,25971.21,26108.02,25877.66,25987.56
1693800000,25987.56,26018.12,25912.21,25964.96
1693814400,25964.97,26011.24,25865.57,25892.49
1693828800,25892.49,25966.8,25717.04,25814.23
1693843200,25814.24,25948.15,25810,25893.18
1693857600,25893.19,25920,25631.21,25826.02
1693872000,25826.03,25844.48,25562.62,25692.45
1693886400,25692.45,25756.72,25678.06,25735.56
1693900800,25735.57,25812.09,25654,25783.68
1693915200,25783.69,25915.49,25625.03,25759.37
1693929600,25759.38,25845,25683.93,25683.93
1693944000,25683.93,25802.73,25675,25792.1
1693958400,25792.11,25870.51,25773.12,25782.86
1693972800,25782.87,25792.25,25723.65,25728.93
1693987200,25728.93,25777.2,25715.16,25733.29
1694001600,25733.28,25778,25540,25588.02
1694016000,25588.01,26040,25372.51,25689.54
1694030400,25689.54,25786.51,25655.02,25759.95
1694044800,25759.95,25839.5,25724.78,25837.88
1694059200,25837.88,25850,25745.94,25762.89
1694073600,25762.89,25762.9,25691.07,25708.6
1694088000,25708.6,25834.52,25615.38,25779.35
1694102400,25779.35,25977.75,25773.52,25880.01
1694116800,25880.01,26443.14,25858.21,26255
1694131200,26255,26445.5,26198.91,26252.8
1694145600,26252.81,26385,26190,26256.22
1694160000,26256.21,26266.93,25647.26,25839.51
1694174400,25839.52,25955,25795.45,25844.64
1694188800,25844.64,25895.63,25719.8,25895.62
1694203200,25895.63,25934.36,25850.13,25910.5
1694217600,25910.5,25910.5,25850.82,25875
1694232000,25874.99,25894.21,25836.49,25886.15
1694246400,25886.14,25907.75,25849.05,25863.03
1694260800,25863.03,25928.66,25796.64,25894.09
1694275200,25894.1,25945.09,25845.7,25868.43
1694289600,25868.42,25919.5,25857.74,25901.61
1694304000,25901.6,25902.68,25825.8,25861.39
1694318400,25861.39,25873.96,25750.35,25852.25
1694332800,25852.25,25872.11,25795.33,25795.33
1694347200,25795.33,25834.82,25712.6,25775.01
1694361600,25775.02,25860,25570.57,25800
1694376000,25799.99,26033.66,25771.3,25841.61
1694390400,25841.6,25876.73,25652.78,25740.39
1694404800,25740.38,25900.69,25720.82,25813.65
1694419200,25813.65,25830.95,25577.3,25601.27
1694433600,25601.27,25755.09,24951,25115.97
1694448000,25115.98,25250.49,24990.38,25020.66
1694462400,25020.66,25217,24901,25162.52
1694476800,25162.53,25950,25131.48,25797.97
1694491200,25797.98,25990,25612.7,25822.71
1694505600,25822.71,26331.38,25735.29,26098.99
1694520000,26098.98,26392,26033.73,26205.97
1694534400,26205.98,26567,25882.43,26066.33
1694548800,26066.34,26159.11,25790,25840.1
1694563200,25840.1,25985.91,25764.17,25879.24
1694577600,25879.24,26109.94,25850.91,25879.91
1694592000,25879.91,26247.79,25866.17,26198.41
1694606400,26198.41,26387.76,26016.22,26241.31
1694620800,26241.31,26405.22,26055,26140.01
1694635200,26140,26305.46,26140,26222
1694649600,26222,26541.77,26126.77,26265.68
1694664000,26265.69,26390.1,26163.96,26344.45
1694678400,26344.44,26489.5,26270,26446.15
1694692800,26446.15,26798.5,26342.08,26693.97
1694707200,26693.97,26860.49,26546.6,26678.14
1694721600,26678.13,26723.64,26473,26522.73
1694736000,26522.73,26624.52,26448.19,26615.39
1694750400,26615.4,26655.84,26550.99,26565.69
1694764800,26565.69,26690,26375.01,26425.16
1694779200,26425.17,26526.99,26224,26321.21
1694793600,26321.2,26444.45,26315.02,26397.38
1694808000,26397.38,26888,26373.21,26600
1694822400,26599.99,26777,26571.42,26616.43
1694836800,26616.44,26621.36,26467.45,26494.5
1694851200,26494.5,26581.98,26445,26524.09
1694865600,26524.08,26576.38,26481.87,26507.12
1694880000,26507.12,26622.22,26496.14,26532.8
1694894400,26532.79,26579.99,26507,26559.67
1694908800,26559.67,26559.68,26416.16,26529.25
1694923200,26529.25,26570,26490.88,26495.93
1694937600,26495.94,26623.25,26493.13,26566.67
1694952000,26566.68,26600,26525.28,26549.98
1694966400,26549.98,26551,26464.64,26505.15
1694980800,26505.14,26534.09,26399,26527.51
1694995200,26527.5,26750,26377.35,26658.66
1695009600,26658.66,26800,26567.09,26710.67
1695024000,26710.67,27240,26684.02,27196.98
1695038400,27196.98,27409,27130,27269.42
1695052800,27269.43,27310,26631,26814.79
1695067200,26814.78,26881.45,26728,26762.51
1695081600,26762.5,26840.67,26667.79,26818.42
1695096000,26818.41,26874.73,26750.88,26847.21
1695110400,26847.21,27466,26847.21,27237.56
1695124800,27237.57,27480,26881.37,27422.24
1695139200,27422.24,27483.57,27069.9,27185.44
1695153600,27185.43,27222.81,26990.01,27210.26
1695168000,27210.25,27388.63,27085,27119.48
1695182400,27119.48,27159.91,26936.79,27105.62
1695196800,27105.61,27197.66,26950,27098.08
1695211200,27098.07,27237.87,26997.94,27180.63
1695225600,27180.62,27300,26800,26930.61
1695240000,26930.62,27241.31,26921.7,27125
1695254400,27125.01,27159.6,26936.66,27035
1695268800,27034.99,27103.17,26979.92,26990.11
1695283200,26990.11,27017,26618.9,26730.78
1695297600,26730.77,26776.98,26377.7,26584.02
1695312000,26584.01,26696.6,26545.82,26599.95
1695326400,26599.95,26621.57,26497.94,26568.08
1695340800,26568.08,26670.13,26468.77,26627.77
1695355200,26627.77,26705.46,26573.93,26674.8
1695369600,26674.8,26743.38,26590,26640.26
1695384000,26640.26,26698.29,26556.6,26631.01
1695398400,26631.01,26644.98,26531.01,26540.1
1695412800,26540.1,26597.96,26488,26580.14
1695427200,26580.14,26614.98,26524.59,26532.2
1695441600,26532.21,26586.75,26509,26585.31
1695456000,26585.32,26594.78,26554.49,26575.21
1695470400,26575.21,26588.5,26546.2,26581.55
1695484800,26581.55,26632.81,26559.83,26610.09
1695499200,26610.09,26612.61,26558.07,26575.96
1695513600,26575.97,26590.01,26558.85,26570.93
1695528000,26570.93,26573.7,26549.31,26563.44
1695542400,26563.43,26611.8,26563.43,26596.71
1695556800,26596.71,26628.8,26563.8,26578.06
1695571200,26578.06,26738.54,26335.81,26449.17
1695585600,26449.18,26521.67,26122.08,26248.38
1695600000,26248.39,26343.1,26000,26157.45
1695614400,26157.44,26195.44,26040.12,26189.21
1695628800,26189.21,26233.43,26020.01,26075.41
1695643200,26075.4,26300,25990.46,26243.72
1695657600,26243.73,26425.63,26222.32,26331.83
1695672000,26331.84,26446.15,26263.83,26304.81
1695686400,26304.8,26397.46,26234.37,26353.87
1695700800,26353.87,26363.84,26253.64,26272.01
1695715200,26272,26334.75,26188.26,26273.83
1695729600,26273.82,26306.39,26088.34,26126.66
1695744000,26126.66,26295.99,26115,26247.7
1695758400,26247.7,26288.68,26100,26221.67
1695772800,26221.68,26289.5,26202.96,26278.04
1695787200,26278.03,26289,26231.74,26246.34
1695801600,26246.35,26848.07,26223.72,26766.7
1695816000,26766.69,26850,26169.38,26304.42
1695830400,26304.42,26313.79,26112.06,26267.8
1695844800,26267.81,26385,26226.91,26372.99
1695859200,26373,26557.75,26342.4,26379.15
1695873600,26379.15,26513.46,26347.17,26459.99
1695888000,26459.99,26623.84,26389.29,26476.93
1695902400,26476.93,27064,26460,27020
1695916800,27019.99,27308.48,26848.71,27100
1695931200,27100,27166.42,26895,27021.39
1695945600,27021.39,27134.16,26859.7,26957.99
1695960000,26958,27244.89,26895.94,27179.98
1695974400,27179.99,27179.99,26963.7,26970.78
1695988800,26970.78,27149.05,26665.16,26888.57
1696003200,26888.57,26954.09,26750,26926.52
1696017600,26926.53,26984.99,26866.13,26906.96
1696032000,26906.96,26946.98,26886.31,26915.3
1696046400,26915.3,26958.04,26911.51,26931.75
1696060800,26931.76,26997,26923.18,26936.02
1696075200,26936.02,27094.99,26903.01,26996.29
1696089600,26996.29,27043.61,26970.72,27020.7
1696104000,27020.7,27081.78,26946.73,26962.56
1696118400,26962.57,27048,26954.09,27044.76
1696132800,27044.77,27158.59,27020.9,27107.95
1696147200,27107.94,27289.08,27086.74,27187.71
1696161600,27187.71,27229.29,27083.24,27153.18
1696176000,27153.17,27155,27035.78,27103.02
1696190400,27103.02,28065.51,27033.1,27992.57
1696204800,27992.58,28210,27826.65,28126.54
1696219200,28126.54,28430,27910.95,28311.91
1696233600,28311.91,28484.28,28187.69,28198.04
1696248000,28198.05,28580,27983,28026.31
1696262400,28026.3,28123.39,27631.41,27964.99
1696276800,27965,27965.94,27281.44,27494.51
1696291200,27494.51,27640,27381.48,27601.55
1696305600,27601.54,27676.52,27521.43,27540.64
1696320000,27540.65,27642.83,27475,27559.99
1696334400,27560,27579.7,27234.55,27345
1696348800,27345,27486.2,27250,27275
1696363200,27275,27469.65,27160.5,27426.46
1696377600,27426.45,27510.29,27202,27430.43
1696392000,27430.43,27454.98,27350.75,27453.78
1696406400,27453.77,27643.09,27434.1,27572.43
1696420800,27572.43,27633.42,27329.85,27404.22
1696435200,27404.21,27839.72,27400.94,27618.1
1696449600,27618.1,27831.51,27564.71,27778.57
1696464000,27778.57,27896.07,27650.01,27651.73
1696478400,27651.73,27702.2,27550.77,27607.98
1696492800,27607.98,27774.55,27593.23,27725.68
1696507200,27725.68,28120.39,27403.59,27555
1696521600,27555,27617.57,27352,27471.28
1696536000,27471.28,27509.45,27388,27410.39
1696550400,27410.39,27590,27389.99,27559.2
1696564800,27559.2,27651,27464.48,27638.52
1696579200,27638.51,27801,27588.53,27760
1696593600,27760,28044.86,27175.94,27941.12
1696608000,27941.12,28038,27789.14,27952.36
1696622400,27952.35,28295,27877.6,27931.09
1696636800,27931.1,27955.9,27842.08,27900.41
1696651200,27900.41,27944.84,27875,27890.8
1696665600,27890.79,28029.67,27880.01,27942.12
1696680000,27942.12,27986.27,27895.28,27939.8
1696694400,27939.8,27964.2,27850,27865.48
1696708800,27865.49,27959.75,27856.66,27956.67
1696723200,27956.67,28095.14,27943.9,28064.87
1696737600,28064.87,28076.04,27878.06,27905.61
1696752000,27905.61,27937.5,27775,27811.63
1696766400,27811.63,27999.72,27687.5,27892.74
1696780800,27892.74,27948.68,27807.82,27894.99
1696795200,27894.99,27980,27800,27917.05
1696809600,27917.06,27987.93,27796.53,27921.73
1696824000,27921.72,27944,27808.4,27813.27
1696838400,27813.27,27842.03,27412.21,27468.92
1696852800,27468.91,27578.81,27374.73,27443.31
1696867200,27443.32,27750.03,27260,27616.66
1696881600,27616.66,27653.27,27556.2,27590.12
1696896000,27590.12,27697.56,27492.6,27632.32
1696910400,27632.32,27706.34,27579.87,27651.45
1696924800,27651.46,27735,27500,27508.87
1696939200,27508.86,27630,27338.87,27408.01
1696953600,27408.01,27511.96,27298,27397.3
1696968000,27397.31,27470.01,27322.69,27390.12
1696982400,27390.12,27477.39,27011.01,27016.05
1696996800,27016.04,27143.91,26964.89,27021.95
1697011200,27021.95,27332,27017,27196.26
1697025600,27196.26,27262.45,26727.56,26779.46
1697040000,26779.45,26795.63,26538.66,26763.2
1697054400,26763.19,26885.41,26680,26875.52
1697068800,26875.52,26947.04,26735.83,26847.07
1697083200,26847.07,26920.81,26783.14,26810.66
1697097600,26810.66,26867.14,26655.6,26837.84
1697112000,26837.84,26862.74,26621.76,26675
1697126400,26674.99,26804.99,26555,26712.9
1697140800,26712.91,26775,26706.44,26759.63
1697155200,26759.63,26876.06,26750,26781.69
1697169600,26781.69,26943,26773.84,26875
1697184000,26874.99,26903.94,26737.4,26820.92
1697198400,26820.91,26966.85,26685.96,26706.83
1697212800,26706.83,26807.1,26685,26778.57
1697227200,26778.57,27130,26747.24,26862
1697241600,26862,26989.58,26845,26930.78
1697256000,26930.77,26939.35,26841.76,26868.8
1697270400,26868.8,26900,26847.87,26872.35
1697284800,26872.35,26943.39,26850.44,26942.56
1697299200,26942.56,26953.18,26850,26864.29
1697313600,26864.29,26883.57,26789,26852.48
1697328000,26852.48,26916.77,26815.76,26880.46
1697342400,26880.46,26889.22,26871.86,26882.52
1697356800,26882.51,26919,26843.79,26852.47
1697371200,26852.48,26965.28,26808.25,26898.87
1697385600,26898.87,27081,26893.41,27043.75
1697400000,27043.75,27293.33,27015,27154.15
1697414400,27154.14,27285.91,27112.66,27235.92
1697428800,27235.92,27980,27193.98,27849.06
1697443200,27849.05,27902.99,27641.72,27749.6
1697457600,27749.61,30000,27709.04,28064.16
1697472000,28064.16,28808.51,28064.16,28468.85
1697486400,28468.86,28643,28230.37,28500.78
1697500800,28500.77,28549.34,28231.01,28269.99
1697515200,28270,28475.82,28069.32,28430.63
1697529600,28430.62,28609.38,28350.11,28422.63
1697544000,28422.63,28580.34,28135.35,28461.72
1697558400,28461.72,28613.65,28306.42,28516.47
1697572800,28516.47,28556.56,28373.33,28395.91
1697587200,28395.91,28514.66,28320.29,28514.42
1697601600,28514.43,28982.36,28441.71,28494.55
1697616000,28494.55,28599,28236.41,28340.64
1697630400,28340.65,28405.29,28142.87,28247.45
1697644800,28247.46,28437.41,28230.2,28245.62
1697659200,28245.63,28374.27,28190.81,28320
1697673600,28320,28418,28100.66,28260
1697688000,28260,28349.39,28230,28330.82
1697702400,28330.82,28514.21,28280.96,28450.69
1697716800,28450.7,28814.14,28420,28680.09
1697731200,28680.09,28916.89,28457.56,28750.75
1697745600,28750.75,28882.07,28598.6,28713.71
1697760000,28713.71,29400,28578.29,29235.38
1697774400,29235.37,29400,29111.28,29240.51
1697788800,29240.52,30207.55,29227.75,29839.99
1697803200,29839.99,29910,29380,29550.98
1697817600,29550.98,29592.71,29321,29561.41
1697832000,29561.4,29790.59,29513.5,29669.04
1697846400,29669.05,29699.68,29464.77,29604.43
1697860800,29604.42,29730.88,29541.86,29695.8
1697875200,29695.8,29878.83,29634.56,29804.99
1697889600,29804.99,29980,29678.69,29937.36
1697904000,29937.37,30379.99,29846,30145.04
1697918400,30145.03,30158.2,29850,29909.8
1697932800,29909.8,30075,29843.2,29907.38
1697947200,29907.38,30248,29640,29816.26
1697961600,29816.27,29991.05,29780.11,29909.67
1697976000,29909.66,29974.46,29781,29825.6
1697990400,29825.61,29946.77,29805.13,29842.75
1698004800,29842.75,30051.79,29714.28,29992.46
1698019200,29992.46,30799,29883.6,30736.69
1698033600,30736.68,30985.12,30426.82,30518.02
1698048000,30518.02,30784.54,30355.06,30657.04
1698062400,30657.04,30970,30395.01,30883.33
1698076800,30883.33,31440.06,30777,31354.42
1698091200,31354.42,34741.91,31318.88,33069.99
1698105600,33069.99,35280,32832.34,34061.6
1698120000,34061.59,34594.56,33706.32,33999.98
1698134400,33999.98,34876.4,33948.97,34542.91
1698148800,34542.9,34835.74,33200,33668.9
1698163200,33668.89,34386.12,33380.01,33796.5
1698177600,33796.5,34250,33485.1,33922.73
1698192000,33922.73,34399.82,33773.74,33999.39
1698206400,33999.39,34204.78,33679.05,33857.53
1698220800,33857.53,34446.42,33783,34199.2
1698235200,34199.2,35000,34199.19,34839.8
1698249600,34839.8,35132.85,34380.85,34738.54
1698264000,34738.54,34850.23,34250,34496.05
1698278400,34496.05,34824.13,34421.98,34793.29
1698292800,34793.29,34810,34410.02,34647.34
1698307200,34647.35,34745.86,33960.39,34102.66
1698321600,34102.66,34370,33862,34044.43
1698336000,34044.44,34123.6,33751,34044.02
1698350400,34044.02,34278,34023.74,34151.66
1698364800,34151.66,34171.28,33780,34117.08
1698379200,34117.09,34245,33921.84,33942
1698393600,33941.99,34177,33935.59,34047.01
1698408000,34047,34195.21,33820.48,33999.48
1698422400,33999.48,34033.48,33390.95,33698.54
1698436800,33698.54,33941.11,33679.44,33892.02
1698451200,33892.01,34146,33860,34060
1698465600,34059.99,34185,34019.33,34044.99
1698480000,34045,34493.33,34031.26,34175.84
1698494400,34175.85,34239.7,33907.79,34192.98
1698508800,34192.97,34219.58,34077,34112.07
1698523200,34112.07,34190,34060.78,34081
1698537600,34081.01,34099.62,33952,33970.87
1698552000,33970.87,34136.28,33930,34076.61
1698566400,34076.6,34321.89,34074.44,34253.81
1698580800,34253.81,34559.22,34253.8,34449.99
1698595200,34449.99,34750.11,34372,34561.97
1698609600,34561.97,34720,34400.61,34525.89
1698624000,34525.88,34570.51,34181.47,34270.42
1698638400,34270.42,34348.55,34114.74,34193.46
1698652800,34193.46,34679.81,34161.1,34608.51
1698667200,34608.51,34856,34470,34656.32
1698681600,34656.33,34656.33,34062.84,34432.11
1698696000,34432.12,34569.68,34320,34474.73
1698710400,34474.74,34600,34202.33,34209.33
1698724800,34209.32,34352.25,34082.89,34145.21
1698739200,34145.22,34535.75,34025,34488.27
1698753600,34488.26,34514,34130,34272.19
1698768000,34272.19,34588,34223.26,34540.3
1698782400,34540.3,34720.49,34430,34639.77
1698796800,34639.78,34668.05,34400,34418.4
1698811200,34418.39,34498.57,34316,34451.28
1698825600,34451.28,34493.48,34345,34424.07
1698840000,34424.07,35200,34097.39,34291.94
1698854400,34291.94,34738.07,34280.02,34557.67
1698868800,34557.67,35582,34540,35421.43
1698883200,35421.43,35984.99,35362,35571.68
1698897600,35571.68,35600,35063.25,35279.85
1698912000,35279.86,35478.02,35095,35373.56
1698926400,35373.56,35457.96,34537.99,34640.01
1698940800,34640.01,35017.42,34300,35000.01
1698955200,35000,35097.19,34706.51,34941.59
1698969600,34941.58,34946.5,34366.7,34681.92
1698984000,34681.91,34696.4,34310,34464.97
1698998400,34464.98,34626.12,34120,34252.4
1699012800,34252.39,34848.79,34150.68,34763.71
1699027200,34763.71,34822.15,34323.37,34530.71
1699041600,34530.71,34740,34485.65,34716.78
1699056000,34716.78,34786.68,34632.47,34708.9
1699070400,34708.91,35000,34585.18,34767.99
1699084800,34767.99,34884.93,34680.13,34712.37
1699099200,34712.37,34803.97,34644,34709.91
1699113600,34709.91,34795.46,34692.52,34730.73
1699128000,34730.74,35255,34708.54,35062.07
1699142400,35062.06,35300,34935,35277.01
1699156800,35277.02,35305.75,35043.92,35162.46
1699171200,35162.46,35188.68,35000.2,35085.98
1699185600,35085.97,35172.2,34757.47,34882.92
1699200000,34882.92,35278.54,34867.14,34988.21
1699214400,34988.2,35380,34448,35011.88
1699228800,35011.89,35118.71,34830,34978.38
1699243200,34978.38,35024.99,34725.9,34904.72
1699257600,34904.72,35276.33,34827.01,35232.45
1699272000,35232.45,35250,34902.06,35080.95
1699286400,35080.95,35111.1,34810.64,35054.68
1699300800,35054.67,35150,34892.03,35046.09
1699315200,35046.09,35053.41,34790.64,34919.01
1699329600,34919.01,34971.77,34822.36,34937.71
1699344000,34937.71,34975.9,34551,34627.83
1699358400,34627.83,34840.88,34523.06,34721.23
1699372800,34721.23,35579.7,34560,35453.98
1699387200,35453.98,35888,35200.18,35399.12
1699401600,35399.13,35419.29,35231.08,35269.68
1699416000,35269.69,35361.7,35167.78,35226.4
1699430400,35226.39,35437.09,35185.95,35330.79
1699444800,35330.8,35469.29,35100,35225.68
1699459200,35225.67,35768.84,35185,35621.99
1699473600,35622,36106,35390,35624.72
1699488000,35624.72,36550,35534.05,36438.37
1699502400,36438.38,36863.91,36415.01,36533.04
1699516800,36533.05,36990,36530,36805.71
1699531200,36805.71,37972.24,36759,37084.02
1699545600,37084.03,37211.1,35600,36382.2
1699560000,36382.21,36784.57,36139.57,36701.09
1699574400,36701.1,36919.06,36446.2,36733.27
1699588800,36733.27,36807.69,36427.61,36439.98
1699603200,36439.98,37147.2,36324.71,37071.09
1699617600,37071.1,37260.19,36822,37082.14
1699632000,37082.13,37455,37080,37225.96
1699646400,37225.96,37526,37070.19,37301.63
1699660800,37301.63,37408.26,36900.1,37039.97
1699675200,37039.97,37134.85,36920.73,37006.4
1699689600,37006.4,37056.25,36910,36988.52
1699704000,36988.51,37274.3,36951.1,37050.77
1699718400,37050.78,37175,37030.2,37148.79
1699732800,37148.79,37155,36666.93,37130
1699747200,37129.99,37180,36731.1,36988.77
1699761600,36988.76,37171.1,36913.28,37127.95
1699776000,37127.95,37132.36,37026.69,37055.5
1699790400,37055.49,37222.22,36931.1,37152.11
1699804800,37152.1,37200,37051.95,37105.01
1699819200,37105,37202.09,36938.23,37064.13
1699833600,37064.13,37417.99,36852.11,36914.01
1699848000,36914.01,37044.88,36755,36960.29
1699862400,36960.28,37050,36692.58,36810.02
1699876800,36810.02,36945.89,36534.04,36841.91
1699891200,36841.9,37031.45,36601,36844.98
1699905600,36844.98,36875,36333,36462.93
1699920000,36462.93,36490.22,36190.17,36448.07
1699934400,36448.08,36714.11,36381.1,36683.86
1699948800,36683.86,36744,36236.36,36259.18
1699963200,36259.17,36693.01,35889,36147.09
1699977600,36147.09,36417.23,34800,35293.99
1699992000,35294,35673.14,35214.39,35551.19
1700006400,35551.2,35665.45,35360,35381.99
1700020800,35382,35661.04,35375.38,35576.88
1700035200,35576.88,36278.62,35576.88,36240.94
1700049600,36240.95,36416.51,36002.35,36402.42
1700064000,36402.43,37774.14,36254,37499.99
1700078400,37499.99,37980,37306.49,37858.2
1700092800,37858.2,37929.54,37337.57,37454.98
1700107200,37454.99,37621.1,37307.55,37437.25
1700121600,37437.25,37544,37121.09,37247.48
1700136000,37247.49,37319.99,36256.15,36406
1700150400,36406,36642.31,35500,35921.01
1700164800,35921.01,36273.32,35666,36163.51
1700179200,36163.51,36673.69,36101.44,36483.99
1700193600,36484,36521.44,36145.55,36239.76
1700208000,36239.76,36464,36121,36372.83
1700222400,36372.82,36620,35861.1,36044.8
1700236800,36044.79,36800,35909.17,36322.4
1700251200,36322.4,36723.59,36308,36613.92
1700265600,36613.91,36613.92,36360.22,36371.81
1700280000,36371.8,36428,36178.58,36417.16
1700294400,36417.15,36538.61,36375.28,36402.8
1700308800,36402.79,36682.2,36347.69,36664.16
1700323200,36664.17,36845.49,36600.1,36679.1
1700337600,36679.09,36707.16,36443.1,36568.1
1700352000,36568.11,36573.44,36388.27,36521.11
1700366400,36521.11,36669,36489.02,36611.5
1700380800,36611.49,36716,36384.02,36453.62
1700395200,36453.63,36570,36385.7,36568.27
1700409600,36568.27,36986.44,36511.11,36948.97
1700424000,36948.97,37500,36800,37359.86
1700438400,37359.85,37382.68,37038.3,37114.34
1700452800,37114.34,37257.08,37040.17,37244.47
1700467200,37244.47,37420,37061.1,37147.5
1700481600,37147.51,37493.2,36677,37461.61
1700496000,37461.62,37750,36812.13,37569.23
1700510400,37569.23,37605.76,37271.1,37448.78
1700524800,37448.79,37649.44,37304.72,37464.86
1700539200,37464.86,37480.17,37241.25,37279.91
1700553600,37279.91,37418,37150,37174.97
1700568000,37174.97,37229.97,36250,36975.04
1700582400,36975.03,37500,36580,36980
1700596800,36979.99,37170,35735,35741.65
1700611200,35741.65,36380,35632.01,36380
1700625600,36379.99,36558.87,36325.44,36439.81
1700640000,36439.8,36773.53,36391.03,36463.93
1700654400,36463.94,36650,36239.2,36481.14
1700668800,36481.15,37431.21,36372.58,37289.98
1700683200,37289.98,37861.1,37214.81,37408.34
1700697600,37408.35,37535.1,37240,37299.69
1700712000,37299.7,37411.59,37267.07,37369.21
1700726400,37369.22,37653.44,37159.95,37370
1700740800,37370,37530,36870,36951.34
1700755200,36951.34,37350,36917,37281.42
1700769600,37281.42,37385,37203.65,37294.28
1700784000,37294.27,37494.57,37251.51,37315.65
1700798400,37315.64,37567.99,37300.39,37522.99
1700812800,37522.99,38035.46,37423.9,37741.99
1700827200,37741.99,38414,37600,38221.11
1700841600,38221.1,38349,37550.32,37766.11
1700856000,37766.11,37943.6,37580,37713.57
1700870400,37713.57,37839.44,37676.03,37798
1700884800,37797.99,37826.99,37720,37802.4
1700899200,37802.4,37828.93,37591.1,37652.51
1700913600,37652.51,37734.99,37620,37704.38
1700928000,37704.38,37835.39,37699.99,37819.43
1700942400,37819.43,37888,37711.76,37780.67
1700956800,37780.67,37784.63,37662.18,37730.38
1700971200,37730.39,37793.67,37694.48,37789.78
1700985600,37789.77,37814.63,37666.8,37679.31
1701000000,37679.3,37679.31,37287,37437.11
1701014400,37437.11,37500.2,37150,37380.07
1701028800,37380.07,37748,37320.3,37447.43
1701043200,37447.42,37569.23,37200,37309.25
1701057600,37309.26,37419.56,37051,37283.19
1701072000,37283.2,37466,36900,37035.95
1701086400,37035.95,37100,36715,36751.02
1701100800,36751.01,37143.43,36707,36877
1701115200,36877,37284,36792.51,37242.7
1701129600,37242.7,37343.57,37102.47,37129.56
1701144000,37129.55,37152.31,36868.41,37105.11
1701158400,37105.11,37262.02,36931.1,37251.42
1701172800,37251.43,37568.28,37142.81,37513.19
1701187200,37513.2,38377,37513.19,38114.26
1701201600,38114.26,38284.66,37670.97,37818.87
1701216000,37818.88,38093.72,37677.96,37940.49
1701230400,37940.49,38235.36,37871.1,38096.69
1701244800,38096.7,38450,37878.17,38104.65
1701259200,38104.65,38280,37570,37830.75
1701273600,37830.74,37932.77,37650,37874.2
1701288000,37874.19,37884.72,37580.85,37854.64
1701302400,37854.65,38051.84,37686.84,38051.84
1701316800,38051.84,38145.85,37767.11,37792.98
1701331200,37792.98,37905.26,37553.6,37885.15
1701345600,37885.15,37966.94,37500,37619.84
1701360000,37619.85,37807.37,37535,37749.34
1701374400,37749.34,37809.99,37604,37723.96
1701388800,37723.97,38082.42,37615.86,38043.05
1701403200,38043.04,38348,38022.67,38244.08
1701417600,38244.08,38833,38215,38580.17
1701432000,38580.17,38629.65,38219,38413.5
1701446400,38413.51,38999,38395,38762.4
1701460800,38762.4,38900,38645,38682.52
1701475200,38682.51,38795.05,38641.61,38782.27
1701489600,38782.27,38826.94,38702.47,38702.48
1701504000,38702.48,38789.52,38651.1,38740.16
1701518400,38740.17,38869.36,38708.64,38811.75
1701532800,38811.76,39705,38703.44,39420
1701547200,39419.99,39717.14,39286.54,39450.35
1701561600,39450.35,39555.53,39274.86,39381.11
1701576000,39381.12,39490,39315.39,39478.72
1701590400,39478.71,39544,39400,39479.7
1701604800,39479.69,39805.93,39381.34,39760.42
1701619200,39760.42,39841.1,39430.01,39565.99
1701633600,39565.99,40250,39552.98,39972.26
1701648000,39972.26,40884.98,39972.26,40709.77
1701662400,40709.77,41750,40700,41441.1
1701676800,41441.1,42154.83,41349.43,41596.01
1701691200,41596.01,41914.16,41144.87,41270.33
1701705600,41270.32,42049.97,41179.55,41987.28
1701720000,41987.29,42420,41717.64,41991.1
1701734400,41991.1,41991.1,41622.21,41829.99
1701748800,41829.98,41919.08,41414,41528
1701763200,41528,41758.77,41420,41726.09
1701777600,41726.09,42497,41694,42268.29
1701792000,42268.28,44100,42133.66,43814.36
1701806400,43814.37,44488,43395.99,44073.32
1701820800,44073.82,44146.08,43565.62,43736.06
1701835200,43736.06,43857.13,43444,43688.87
1701849600,43688.87,44297.21,43335.28,43839.21
1701864000,43839.22,44279.98,43721.73,43785.2
1701878400,43785.2,44146.71,43730.47,43984.71
1701892800,43984.71,44071,43600.78,43762.69
1701907200,43762.69,43999.84,43710,43926.84
1701921600,43926.85,44047.33,43838.19,43884.01
1701936000,43884.01,43896.48,42821.1,43188.03
1701950400,43188.03,43925,42955,43659.99
1701964800,43659.99,43755.26,43058.42,43203.58
1701979200,43203.57,43456.06,43079.98,43273.14
1701993600,43273.15,43524.99,43261.1,43366.01
1702008000,43366,43550,43117.38,43166.01
1702022400,43166.01,43729.73,43081.1,43653.82
1702036800,43653.82,44030.16,43453.02,43760.94
1702051200,43760.94,43970,43638.68,43945.11
1702065600,43945.12,44700,43945.11,44170.99
1702080000,44171,44281.23,44043.61,44139.38
1702094400,44139.38,44358.02,44093.82,44180.22
1702108800,44180.21,44191.58,43720,43817.35
1702123200,43817.35,44136.52,43741.52,44045.1
1702137600,44045.09,44082.19,43877.34,43924.39
1702152000,43924.4,44084.55,43584.51,43713.6
1702166400,43713.59,43864.04,43672,43845.32
1702180800,43845.32,44016,43824.31,43966.44
1702195200,43966.44,44049,43603.88,43738.02
1702209600,43738.03,43973.76,43731.84,43903.73
1702224000,43903.74,43931.13,43750,43797.1
1702238400,43797.1,44046,43563,43789.51
1702252800,43789.5,43804.5,40400,42309.58
1702267200,42309.57,42321.03,41620,42132.51
1702281600,42132.52,42481.1,41975.44,42344.01
1702296000,42344.01,42390.32,41655.18,41803.44
1702310400,41803.43,41857.08,40222,40779.99
1702324800,40779.99,41349.97,40554,41253.4
1702339200,41253.41,41938.8,41178.28,41735.29
1702353600,41735.29,42068.91,41376.19,41916.27
1702368000,41916.26,42104.12,41545.54,41584.57
1702382400,41584.58,42070.23,41161.1,41348
1702396800,41347.99,41457.35,40680,41137.99
1702411200,41137.99,41555,41042.08,41492.39
1702425600,41492.38,41506,40555,40829.36
1702440000,40829.35,41242,40628.64,41115.27
1702454400,41115.28,41280,40953.17,41004.69
1702468800,41004.69,41955.22,40984,41939.18
1702483200,41939.17,42886,41715.7,42734.01
1702497600,42734.01,43475.2,42571.57,42869.03
1702512000,42869.03,42948.55,42648.95,42713.86
1702526400,42713.86,43110,42682.78,42898.98
1702540800,42898.98,43311.1,42685.2,43267.06
1702555200,43267.07,43367.83,41400,42448.28
1702569600,42448.28,43420,42448.28,43094.13
1702584000,43094.13,43179.7,42851.48,43022.26
1702598400,43022.26,43080.81,42479.14,42795.94
1702612800,42795.94,42868.59,42515.94,42699.99
1702627200,42699.99,43026.33,42630.43,42776.03
1702641600,42776.04,42787.24,41666,41909.56
1702656000,41909.56,42192.48,41696.09,42096.08
1702670400,42096.08,42264.03,41896.92,41940.3
1702684800,41940.29,42410.99,41605,42333.79
1702699200,42333.79,42357.24,42141.82,42222.67
1702713600,42222.67,42339.55,42097.18,42331.99
1702728000,42332,42611.08,42243,42604
1702742400,42603.99,42724.43,42331.1,42351.73
1702756800,42351.74,42412.37,42118.45,42278.03
1702771200,42278.02,42298.82,41860.21,41925.55
1702785600,41925.55,42061.1,41771.62,41886.75
1702800000,41886.75,42016.83,41661.36,41960.07
1702814400,41960.07,42020.17,41510,41811.37
1702828800,41811.37,42424.07,41683.99,42105.91
1702843200,42105.91,42190.87,41252,41374.65
1702857600,41374.64,41470.1,40801,41090.92
1702872000,41090.92,41312.39,40999,41126.02
1702886400,41126.01,41270.27,40542.93,41105.12
1702900800,41105.12,41750,40888,41265.96
1702915200,41265.95,41735.5,41146.83,41701.1
1702929600,41701.11,42757.81,41576.52,42657.8
1702944000,42657.8,43497,42567.69,43082.2
1702958400,43082.21,43131.2,42815.27,43036.16
1702972800,43036.17,43268.74,42942,42976.11
1702987200,42976.1,43041.1,42232,42486.86
1703001600,42486.85,42646.66,41811.1,42341.96
1703016000,42341.96,42528.67,42121.12,42275.99
1703030400,42275.99,42493.2,42206,42419.75
1703044800,42419.75,43041,42376.15,42924.23
1703059200,42924.23,42998.08,42675,42864.44
1703073600,42864.43,44283,42757.32,44027.2
1703088000,44027.2,44250,43486,43738.01
1703102400,43738.01,43812.23,43230.17,43668.93
1703116800,43668.92,43731.08,43286.72,43649.37
1703131200,43649.36,43877.75,43451.44,43764.5
1703145600,43764.49,44100,43579.22,43931.6
1703160000,43931.6,44242.35,43380,43823.99
1703174400,43824,43927.7,43370.4,43588.8
1703188800,43588.79,44119.2,43554.01,43861.8
1703203200,43861.79,44251,43722.46,44008
1703217600,44008,44398.26,43534.47,43584.37
1703232000,43584.37,43839.22,43463,43753.94
1703246400,43753.95,43809.4,43412.54,43671.1
1703260800,43671.1,43992,43481.14,43640.79
1703275200,43640.79,44048.16,43617.44,43969.04
1703289600,43969.04,43988.68,43456,43526.43
1703304000,43526.43,43650.1,43291.1,43562.32
1703318400,43562.31,43669.88,43490.01,43547.78
1703332800,43547.78,43856,43547.77,43756.24
1703347200,43756.24,43850,43695.03,43703.81
1703361600,43703.82,43835.94,43632.77,43702.16
1703376000,43702.15,43907.57,43606.18,43834.48
1703390400,43834.48,43946,43401,43651.17
1703404800,43651.17,43694.72,43405,43634.2
1703419200,43634.19,43864.08,43560.74,43680.23
1703433600,43680.23,43713.86,43550,43618.07
1703448000,43618.08,43618.08,42500,42991.5
1703462400,42991.5,43158.59,42720.43,43152.78
1703476800,43152.78,43335.13,43101.53,43208.15
1703491200,43208.15,43291.05,43045.43,43171.11
1703505600,43171.11,43802.32,43080.01,43618
1703520000,43618.01,43710.01,43343.83,43474.25
1703534400,43474.25,43720.96,43328.14,43576.13
1703548800,43576.12,43592.68,43362.23,43451.46
1703563200,43451.45,43474.26,42545,42774.12
1703577600,42774.12,42798,42150,42685.55
1703592000,42685.56,42827.68,42250,42391.5
1703606400,42391.51,42434.2,41637.6,42109.11
1703620800,42109.11,42591.89,42055,42508.93
1703635200,42508.93,42541.1,42098.69,42234.66
1703649600,42234.65,42542,42200,42455.83
1703664000,42455.82,43220,42399.72,43019.11
1703678400,43019.11,43150,42706,42980.65
1703692800,42980.64,43215,42862.56,43154.34
1703707200,43154.34,43677,43121.45,43428.85
1703721600,43428.86,43787.57,43304.27,43408.41
1703736000,43408.4,43624.74,42794.11,43049.17
1703750400,43049.17,43192.17,42868.36,43059.98
1703764800,43059.98,43125.03,42401.01,42445.99
1703779200,42445.99,42725.3,42241.79,42610.64
1703793600,42610.64,42745.97,42334.99,42563.76
1703808000,42563.76,42800,42088.92,42697.42
1703822400,42697.42,42766.68,42222,42273.34
1703836800,42273.35,42934,42268.26,42862.01
1703851200,42862,43111,42106.64,42271.09
1703865600,42271.09,42351.1,41650,42116.51
1703880000,42116.51,42240,41300,42066.95
1703894400,42066.94,42209.22,41820,41972.81
1703908800,41972.81,42160,41930.43,41947.16
1703923200,41947.16,41988.62,41520.3,41893.96
1703937600,41893.96,42430,41882.71,42374.96
1703952000,42374.97,42612.32,42247.44,42361.13
1703966400,42361.13,42399.25,42079.97,42140.28
1703980800,42140.29,42433.49,41965.84,42176
1703995200,42175.99,42693,42156.09,42537.1
1704009600,42537.1,42899,42369.15,42518.36
1704024000,42518.36,42646.27,42352.76,42457.17
1704038400,42457.17,42719.8,42436.47,42619.04
1704052800,42619.04,42680.36,42056,42283.58
1704067200,42283.58,42775,42230.08,42330.49
1704081600,42330.5,42500,42180.77,42492.46
1704096000,42492.46,42762.39,42452.58,42690.2
1704110400,42690.21,42847.07,42580,42783.05
1704124800,42783.05,43550,42664.42,43517.99
1704139200,43517.98,44184.1,43361.6,44179.55
1704153600,44179.55,45500,44148.34,45402.38
1704168000,45402.38,45643.75,45121.96,45455.53
1704182400,45455.52,45879.63,45200,45433.99
1704196800,45433.99,45800,44833.33,45184.82
1704211200,45184.83,45399.84,44790.96,45039.49
1704225600,45039.49,45297.26,44600,44946.91
1704240000,44946.91,45410.91,44862.11,45262.69
1704254400,45262.7,45384.84,44940.93,45011.77
1704268800,45011.77,45500,43500,43702.88
1704283200,43702.89,43716,40750,43000.01
1704297600,43000.01,43567.92,42000,42596.67
1704312000,42596.66,42966.27,42518.7,42845.23
1704326400,42845.23,43220.56,42613.77,43102.8
1704340800,43102.79,43273.08,42756.97,42763.08
1704355200,42763.08,43233.81,42616.28,43176.32
1704369600,43176.33,44329.99,43097.06,44051.1
1704384000,44051.1,44437.5,43777.86,43956.48
1704398400,43956.48,44729.58,43890.9,44151.1
1704412800,44151.1,44284,42450,43465.21
1704427200,43465.21,43926,43187.89,43777.47
1704441600,43777.48,44324.8,43433,43771.34
1704456000,43771.34,44110.07,43100,43500.01
1704470400,43500.01,43808.07,43100.46,43600
1704484800,43600,44357.46,43580.51,44145.11
1704499200,44145.12,44214.42,43812.5,43931.1
1704513600,43931.1,43971.1,43397.05,43653.2
1704528000,43653.2,43771.1,43551.28,43671.96
1704542400,43671.97,43920.08,43527.27,43867.17
1704556800,43867.17,44148.58,43828.5,43906.36
1704571200,43906.35,43980,43611.19,43968.32
1704585600,43968.32,44259.29,43833.4,43940.41
1704600000,43940.41,44100,43843.52,44080
1704614400,44080,44167.81,43880.65,44061.1
1704628800,44061.1,44480.59,43945.15,44047.57
1704643200,44047.57,44262.53,43700,44244.77
1704657600,44244.77,44269.92,43572.09,43929.02
1704672000,43929.01,43986,43175,43518.2
1704686400,43518.2,44341.8,43430.79,43974.55
1704700800,43974.55,44688,43641.73,44635.99
1704715200,44636,45333,44350,44963.04
1704729600,44963.04,47248.99,44793.97,46979.35
1704744000,46979.36,47207.16,46653.84,46951.04
1704758400,46951.04,47150,46230,46926.96
1704772800,46926.96,46940,46599.43,46825.51
1704787200,46825.52,46874.94,46381.1,46615.99
1704801600,46616,47051.21,45450,46868.09
1704816000,46868.08,46975,46500,46876.01
1704830400,46876,47972,44748.67,46110
1704844800,46110,46249.14,45622,46117.1
1704859200,46117.1,46186,45734.56,45757.98
1704873600,45757.98,45861.1,45000,45515.89
1704888000,45515.88,45662.01,44300.36,45546.4
1704902400,45546.39,46666,45173.97,46489.18
1704916800,46489.19,47695.93,44800,46653.99
1704931200,46654,46750,46200,46502.16
1704945600,46502.17,46507.08,45618.1,46101.4
1704960000,46101.4,47150,46052,47060
1704974400,47059.99,48969.48,46463.19,46783.78
1704988800,46783.77,47022.07,45606.06,46692.3
1705003200,46692.29,46975,46084.69,46339.16
1705017600,46339.16,46515.53,45898,45994
1705032000,45994.01,46366,45742.49,46008.19
1705046400,46008.19,46267,45537.37,45954.35
1705060800,45954.35,46109,44333.44,44462.01
1705075200,44462,44675.88,43212,43472.55
1705089600,43472.56,43981.1,41500,42782.73
1705104000,42782.74,42997.29,42436.12,42609.94
1705118400,42609.94,43254.03,42555.84,43102.97
1705132800,43102.97,43254.96,42509.11,42624
1705147200,42624.01,43257,42505,43154.48
1705161600,43154.48,43185,42724.39,42786.25
1705176000,42786.25,43040.01,42699.52,42847.99
1705190400,42847.99,42890.23,42643.98,42681.82
1705204800,42681.82,43060,42562.56,43011.44
1705219200,43011.44,43079,42759.34,42829.99
1705233600,42829.99,43005.25,42710,42904.38
1705248000,42904.39,43010.84,42632.59,42660
1705262400,42660,42745.98,41720,41732.35
1705276800,41732.35,42640,41718.05,42565.99
1705291200,42565.99,42824.68,42499.01,42714.78
1705305600,42714.78,42775,42540,42697.99
1705320000,42698,42958.03,42163.32,42278.99
1705334400,42278.99,43400.43,42249,42992.67
1705348800,42992.67,43114.45,42342.18,42511.1
1705363200,42511.1,42939.5,42466.88,42924.56
1705377600,42924.57,42946.05,42606.92,42791.13
1705392000,42791.14,43153.66,42720.06,42900.54
1705406400,42900.55,43314.73,42050,43252.67
1705420800,43252.45,43434,42834.29,43166.11
1705435200,43166.1,43578.01,43060.69,43137.95
1705449600,43137.94,43198,42844.98,42849
1705464000,42849,42925.49,42619.6,42655.94
1705478400,42655.95,42850.55,42564,42680.16
1705492800,42680.16,42926.02,42365.58,42482.79
1705507200,42482.8,42745.99,42200.69,42611.11
1705521600,42611.1,42876.48,42450,42776.1
1705536000,42776.09,42784.4,42502.19,42592.05
1705550400,42592.04,42922,42589,42915.33
1705564800,42915.32,42930,42387.68,42544.59
1705579200,42544.6,42810,42353.8,42619.32
1705593600,42619.31,42619.32,40831.99,41022.32
1705608000,41022.33,41366.99,40683.28,41327.5
1705622400,41327.51,41370.99,40752.26,41055.87
1705636800,41055.88,41576,41038.81,41284.25
1705651200,41284.26,41509.69,41143.33,41475.37
1705665600,41475.37,41488.2,40718,40894.71
1705680000,40894.71,41979,40280,41814.27
1705694400,41814.27,42196.86,41517.6,41659.03
1705708800,41659.03,41700,41456.3,41634.65
1705723200,41634.64,41774,41564.81,41650.95
1705737600,41650.95,41668.66,41459.02,41580.83
1705752000,41580.82,41700,41478,41570.11
1705766400,41570.1,41684.94,41526.36,41632.96
1705780800,41632.97,41872.56,41610.54,41696.04
1705795200,41696.05,41730,41629.87,41680.82
1705809600,41680.83,41691.11,41564.29,41648.51
1705824000,41648.5,41826.97,41648.5,41719.89
1705838400,41719.9,41881.39,41605,41656.28
1705852800,41656.27,41729.77,41525,41719.4
1705867200,41719.39,41811.1,41500.98,41580.33
1705881600,41580.32,41689.65,41058.22,41197.04
1705896000,41197.04,41321.17,40684,41043.7
1705910400,41043.7,41047.51,40364.63,40815.99
1705924800,40815.92,41244.06,40350,40771.99
1705939200,40772,40874.99,39431.58,39820.31
1705953600,39820.31,40343.18,39480,39568.02
1705968000,39568.02,40118.87,39511.1,40000.44
1705982400,40000.43,40176.74,39665.02,39780
1705996800,39780.01,39860,38657,38845.56
1706011200,38845.56,39460,38555,39204
1706025600,39204,39654.34,38925.2,39148.07
1706040000,39148.07,39907.23,39032.02,39897.6
1706054400,39897.59,40250,39570.43,39614
1706068800,39614,40191.97,39557.01,39981.09
1706083200,39981.09,40555,39859.51,40209.34
1706097600,40209.34,40298.86,39766,40050.71
1706112000,40050.72,40207,39615.76,39803.05
1706126400,39803.04,40175.11,39484.19,40084.88
1706140800,40084.89,40178.84,39914,40012.01
1706155200,40012.01,40135.37,39792.01,40130
1706169600,40130,40300.24,39957.44,40178.07
1706184000,40178.07,40283.82,39623.4,39804.24
1706198400,39804.23,40044.91,39550,39989.25
1706212800,39989.25,39995.99,39637.99,39961.09
1706227200,39961.09,40245,39822.52,40067.52
1706241600,40067.52,40220,39896.84,39969.99
1706256000,39970,41348.13,39962.14,41289.52
1706270400,41289.52,41588,40914.5,41422.99
1706284800,41422.98,42193.8,41405.31,42064.49
1706299200,42064.48,42246.82,41800.02,41823.51
1706313600,41823.51,41933.17,41708,41815.01
1706328000,41815.01,41890,41602.01,41710.14
1706342400,41710.15,41800,41394.34,41761.23
1706356800,41761.22,41894.87,41714,41814
1706371200,41813.99,41986.06,41745.26,41910.47
1706385600,41910.48,42200,41910.47,42120.63
1706400000,42120.63,42244,41925,42231.83
1706414400,42231.84,42842.68,42228.64,42388.82
1706428800,42388.82,42698,42323.14,42471.98
1706443200,42471.98,42544,42155.55,42258.01
1706457600,42258,42354.7,41721.08,41785.92
1706472000,41785.91,42073.81,41620.81,42031.06
1706486400,42031.05,42504,41874.94,42331.2
1706500800,42331.19,42345.36,41988.88,42053.46
1706515200,42053.45,42381.1,41961.1,42246.95
1706529600,42246.95,42647.27,41804.88,42641.75
1706544000,42641.75,43313.8,42518,42995.99
1706558400,42995.99,43333,42982.66,43302.7
1706572800,43302.71,43787.35,43133.9,43519.71
1706587200,43519.71,43570.09,43259.26,43358.25
1706601600,43358.24,43564.85,43215.76,43537.74
1706616000,43537.75,43882.36,43114.13,43375.5
1706630400,43375.5,43599,43224,43547.98
1706644800,43547.99,43760,42683.99,42941.1
1706659200,42941.1,43107.77,42655.07,42930.07
1706673600,42930.06,43087.93,42871.1,43050.01
1706688000,43050.01,43091.1,42355,42647.98
1706702400,42647.98,43465.02,42521.31,43361.1
1706716800,43361.11,43745.11,43041.1,43334.64
1706731200,43334.63,43361.1,42276.84,42580
1706745600,42580,42687.63,41884.28,42015.65
1706760000,42015.65,42300,41889.95,42190.16
1706774400,42190.15,42331.1,42026.52,42087.52
1706788800,42087.52,42946.6,41944.89,42516.12
1706803200,42516.12,43285.13,42364,43218.94
1706817600,43218.94,43279.91,42872.91,43082.94
1706832000,43082.95,43432.63,43026.15,43037.25
1706846400,43037.25,43271.1,42943.71,43086.89
1706860800,43086.9,43199,42941.1,43148.41
1706875200,43148.42,43250,42546.79,43242.09
1706889600,43242.1,43488,42783.09,43061.97
1706904000,43061.98,43238.01,42900.48,43200
1706918400,43199.99,43380.01,43142,43173.94
1706932800,43173.95,43222.75,43040,43053.05
1706947200,43053.05,43125.28,42973.66,42995.04
1706961600,42995.04,43190,42880,43119.06
1706976000,43119.06,43270,43016.28,43061.09
1706990400,43061.09,43104.68,42953.33,43011.09
1707004800,43011.1,43068.79,42880.01,43027.16
1707019200,43027.16,43029.17,42720.07,42845.03
1707033600,42845.03,43119.04,42741.6,43060.1
1707048000,43060.09,43115.76,42845.51,42943.21
1707062400,42943.2,42969.79,42573.17,42636.44
1707076800,42636.43,42985.73,42222,42582.88
1707091200,42582.88,42729.02,42258.1,42718.31
1707105600,42718.31,43176.39,42642,43071.88
1707120000,43071.87,43268.98,42954.54,43194.08
1707134400,43194.08,43569.76,42600.11,42644.03
1707148800,42644.04,42869.66,42501,42765.36
1707163200,42765.35,42798.37,42330.52,42708.7
1707177600,42708.7,42960.01,42574,42851.11
1707192000,42851.1,42926.73,42667,42890
1707206400,42889.99,43119.9,42670.61,42826.96
1707220800,42826.96,43270.89,42658,43244.89
1707235200,43244.89,43399.98,43000,43278.78
1707249600,43278.79,43322,43032.71,43098.95
1707264000,43098.96,43192,42788,42800
1707278400,42799.99,43051.1,42794.67,42918.03
1707292800,42918.02,43200,42838.01,42928.29
1707307200,42928.28,43325.03,42890.51,43071.08
1707321600,43071.08,43710,43013.75,43615.47
1707336000,43615.47,44396.5,43615.47,44349.6
1707350400,44349.6,44780,44331.1,44540.99
1707364800,44540.98,44633.78,44427.01,44513.24
1707379200,44513.25,44885,44513.24,44698.97
1707393600,44698.97,45467.14,44606,45432.3
1707408000,45432.3,45498,44890,45284.14
1707422400,45284.13,45614.3,45227,45288.65
1707436800,45288.66,46384.27,45242.12,46060.74
1707451200,46060.74,46425.03,45855,46202
1707465600,46202.01,47299.88,46201.53,47180.02
1707480000,47180.01,47719.44,46652,47159.99
1707494400,47159.99,48200,47134,47509.48
1707508800,47509.48,47693.28,47035.92,47132.77
1707523200,47132.78,47504,47044.88,47376.62
1707537600,47376.62,47430.03,47145.4,47151.72
1707552000,47151.72,47274,46800,47182
1707566400,47182.01,47378.41,47105.44,47353.48
1707580800,47353.48,47660,47154.52,47531.09
1707595200,47531.09,48170,47454.37,47751.09
1707609600,47751.08,48557,47557.16,48519.61
1707624000,48519.6,48592.66,48061.1,48179.52
1707638400,48179.51,48438.81,47922.33,48411.71
1707652800,48411.71,48469.07,47931.82,48150.43
1707667200,48150.43,48394.29,47948.38,48284
1707681600,48283.99,48375,47971.18,48299.99
1707696000,48300,48826.81,48009.52,48145
1707710400,48145,48382.27,47755.81,48203.98
1707724800,48203.98,48311.15,47710.01,47903.03
1707739200,47903.04,49950,47841,49917.8
1707753600,49917.8,50334.82,49372.22,49532.03
1707768000,49532.02,50271.02,49532.02,49917.27
1707782400,49917.28,50368.61,49724.33,49789.99
1707796800,49790,50117.84,49789.99,49983.09
1707811200,49983.09,50247,49650,49988.12
1707825600,49988.12,49996,48400,48727.47
1707840000,48727.47,49268.21,48300.95,49036.73
1707854400,49036.74,49775,49011.1,49699.59
1707868800,49699.6,49712.94,49333,49518.61
1707883200,49518.61,49877.22,49225.01,49838.93
1707897600,49838.93,51723.08,49741.19,51555.12
1707912000,51555.12,52043.71,51276.24,51590
1707926400,51590,51750,51200.24,51678
1707940800,51677.99,51888,51464,51795.17
1707955200,51795.17,52500,51717.58,52343.32
1707969600,52343.32,52364.55,51634.01,51776.61
1707984000,51776.6,52498.12,51650,52330
1707998400,52330,52816.62,51721.31,51948.23
1708012800,51948.24,52380,51725,52002.01
1708027200,52002.01,52011.1,51314,51880
1708041600,51880.01,52328,51803.6,52280.25
1708056000,52280.25,52343.28,51700,51731.99
1708070400,51732,52435.86,51566,52213.86
1708084800,52213.87,52572.08,51592.88,51888.01
1708099200,51888.01,52245,51655,51756.29
1708113600,51756.29,52208.43,51681.1,52124.11
1708128000,52124.1,52162.82,51846.84,51968.75
1708142400,51968.75,52057.54,51792,51911.33
1708156800,51911.34,51911.34,51500,51690.48
1708171200,51690.47,51735.68,50625,50984.56
1708185600,50984.56,51444,50741.1,51394.43
1708200000,51394.44,52030.18,51303,51642.64
1708214400,51642.64,51798.99,51163.28,51479.99
1708228800,51479.99,51750.6,51405.52,51671.1
1708243200,51671.1,52069,51644,51832.01
1708257600,51832.01,51948.57,51535.01,51773.99
1708272000,51774,51980.73,51647.25,51758.12
1708286400,51758.13,52377,51587.4,52137.67
1708300800,52137.68,52428.78,51904.83,52063.81
1708315200,52063.8,52488.77,51989.21,52394.04
1708329600,52394.04,52450,52063.52,52336.22
1708344000,52336.22,52454.11,52027,52127.99
1708358400,52127.99,52230,51677,51820.61
1708372800,51820.61,52110,51705.11,51774.73
1708387200,51774.74,51832.01,51311,51580.23
1708401600,51580.23,52039.91,51510,51839.28
1708416000,51839.28,52380,51560,52286.8
1708430400,52286.8,52985,51340,51680
1708444800,51679.99,52138.31,50760.37,52101.11
1708459200,52101.1,52517.3,51901.1,52258.82
1708473600,52258.82,52366.8,51988.91,52001.99
1708488000,52002,52113.39,51452.45,51568.64
1708502400,51568.64,51787.04,50813,50965.53
1708516800,50965.53,51442.26,50625,51156
1708531200,51156,51427.43,50649.28,51058
1708545600,51057.99,51950.01,50862.5,51849.39
1708560000,51849.38,51878.18,51153.69,51586.1
1708574400,51586.1,51910.32,51352,51827.63
1708588800,51827.63,52034.12,51517.63,51622.04
1708603200,51622.05,51733.05,50940.78,51602.4
1708617600,51602.41,51750.01,51400,51509.99
1708632000,51509.99,52065.78,51184.04,51288.42
1708646400,51288.42,51548.54,50971.11,51100
1708660800,51100,51321.92,50889,50915.96
1708675200,50915.95,51263.22,50830,51218.95
1708689600,51218.94,51333.47,50800.32,50911.11
1708704000,50911.1,51195.18,50629.33,51099.09
1708718400,51099.09,51162.04,50521,50744.15
1708732800,50744.15,50907.14,50585,50849.97
1708747200,50849.96,51103.87,50826.47,51068.7
1708761600,51068.7,51172.06,50953,51119.79
1708776000,51119.79,51180.41,51032.34,51099.34
1708790400,51099.35,51698,51094.99,51557.07
1708804800,51557.08,51666,51437.84,51568.22
1708819200,51568.21,51898.72,51438.88,51624.99
1708833600,51625,51800.03,51509,51719.28
1708848000,51719.28,51777.64,51531.73,51645
1708862400,51645,51780,51436.67,51524.02
1708876800,51524.02,51738.85,51279.8,51672.96
1708891200,51672.97,51958.55,51640.88,51728.85
1708905600,51728.85,51796.5,51400,51555.59
1708920000,51555.6,51598.06,51288.18,51293.26
1708934400,51293.26,51374.66,50901.44,51090.01
1708948800,51090.01,52847.84,50957,52842.32
1708963200,52842.33,54512.02,52753.28,54487.11
1708977600,54487.1,54910,54258.2,54476.47
1708992000,54476.48,57073.84,54450.13,55667.6
1709006400,55667.6,56448,55576.12,56059.08
1709020800,56059.09,56818.02,56023.8,56527.79
1709035200,56527.8,57416.93,56457.26,56745.66
1709049600,56745.66,57588.15,56209,57339.68
1709064000,57339.69,57359,56579.84,57037.34
1709078400,57037.35,57101.1,56691.85,56916.4
1709092800,56916.39,58379.57,56894.16,58241.1
1709107200,58241.09,59494.06,58171.11,58941.11
1709121600,58941.11,61360,58891.1,60966.22
1709136000,60966.22,64000,58700,60951.11
1709150400,60951.1,62647.04,59797.57,62432.1
1709164800,62432.11,62438.22,61021.1,61561.33
1709179200,61561.34,63676.35,61334.59,62707.17
1709193600,62707.17,63340.95,62111.1,62936.02
1709208000,62936.02,63531.88,62051.11,62768.02
1709222400,62768.01,62879.3,60364.7,61600
1709236800,61599.99,62285.47,60584.07,61130.98
1709251200,61130.99,61749,60777,61105.91
1709265600,61105.92,61772.82,61061.11,61434
1709280000,61434,62243.53,61316.67,61863.72
1709294400,61863.71,62677.06,61131.01,61263.99
1709308800,61263.98,62494.31,61234,62215.5
1709323200,62215.51,63114.23,62215.5,62387.9
1709337600,62387.9,62433.19,61949.03,62307.45
1709352000,62307.45,62307.45,61752.3,62011.85
1709366400,62011.85,62123,61641.1,61826.32
1709380800,61826.32,62167.79,61561.12,61771.2
1709395200,61771.21,62114.77,61625,62114.77
1709409600,62114.76,62200,61685.01,61987.28
1709424000,61987.28,62000,61642.39,61931.09
1709438400,61931.09,62100,61320,61598
1709452800,61598.01,61890.96,61393.83,61831.1
1709467200,61831.1,62640.18,61821.09,62164.63
1709481600,62164.63,62989,62088,62730
1709496000,62730,63231.88,62580,63113.97
1709510400,63113.97,64268.24,62300,63458.72
1709524800,63458.71,64300,63210,64066.62
1709539200,64066.62,65555,64000.11,65230
1709553600,65229.99,66580.29,64533.67,66451.65
1709568000,66451.65,67524.99,66039.31,67405.26
1709582400,67405.25,68499,66755.79,68245.71
1709596800,68245.71,68686.8,67535.31,68113.94
1709611200,68113.95,68384.54,65089,66129.64
1709625600,66129.64,67150,65515.15,66656.31
1709640000,66656.32,69000,66370,66773.05
1709654400,66773.05,66996.36,59005,61410.98
1709668800,61410.98,64367.27,61167.91,63724.01
1709683200,63724.01,64146.45,62779.14,63263.21
1709697600,63263.22,66761.1,63263.21,66676.46
1709712000,66676.46,67641.1,66041.63,67301.31
1709726400,67301.31,67592.31,64664.92,66481.12
1709740800,66481.12,67465,66221.1,66739.48
1709755200,66739.49,67363.58,65714.17,66074.04
1709769600,66074.04,66467.88,65551,65847.29
1709784000,65847.3,66469.05,65657.59,66387.78
1709798400,66387.77,67275.2,66341.11,66905.34
1709812800,66905.34,67899,66541.1,67260.01
1709827200,67260.01,67980,67012,67498.02
1709841600,67498.03,67914.74,66810.32,66823.17
1709856000,66823.18,67256.18,66757,67156.09
1709870400,67156.09,67640.45,66782.22,67223.02
1709884800,67223.02,67753.4,67038.71,67741.21
1709899200,67741.22,69990,67150,67617.6
1709913600,67617.6,68864,66082.66,68863.99
1709928000,68864,69379,67807.58,68124.19
1709942400,68124.2,68279,67861.1,68247.34
1709956800,68247.34,68541.1,68133.27,68288.64
1709971200,68288.64,68453.12,67933.93,68299.99
1709985600,68300,68521.1,68100.01,68288.2
1710000000,68288.19,68325,68000,68193.51
1710014400,68193.51,68433.17,68193.51,68313.27
1710028800,68313.28,69216,68200,69136.79
1710043200,69136.78,69659.47,69024.62,69347.16
1710057600,69347.16,69887.61,69162,69568.46
1710072000,69568.45,69833.33,68641.1,69194.83
1710086400,69194.83,69768.58,69111.89,69400.19
1710100800,69400.19,69470.01,68094.75,68955.88
1710115200,68955.88,68955.9,67024.96,68604.42
1710129600,68604.41,71298,68445.91,71019.99
1710144000,71019.99,72226.3,71019.99,71487.2
1710158400,71487.21,72661.1,71304.2,72010
1710172800,72010.01,72800,71760,71970
1710187200,71970,72750,71836.36,72078.1
1710201600,72078.1,72470.41,71400,71619
1710216000,71619,72355.15,71301,72121.1
1710230400,72121.1,72376,71388,72023.82
1710244800,72023.82,73000,70800,71703.41
1710259200,71703.41,71829.11,68620.82,71349.99
1710273600,71349.99,71550.05,70607.86,71452.01
1710288000,71452,72217.79,71333.31,72057.43
1710302400,72057.43,73182.22,71920,72855.16
1710316800,72855.15,73650.25,72820,73065.41
1710331200,73065.4,73180,71634.52,72634.95
1710345600,72634.95,73394.19,72350,73349.24
1710360000,73349.24,73410.22,72788.15,73072.41
1710374400,73072.4,73288.3,72500,73267.08
1710388800,73267.08,73777,72680,73224
1710403200,73224,73528.11,72627,72884
1710417600,72884.01,73047.16,70543.64,70844.01
1710432000,70844,71458,68555,69415.09
1710446400,69415.09,71709.9,69303.75,71388.94
1710460800,71388.94,72419.71,66699,68224.01
1710475200,68224.01,68861.1,66904.98,68448.29
1710489600,68448.28,68600,65600,67757.76
1710504000,67757.75,68746.69,67424.79,68157.07
1710518400,68157.07,70650,67520.01,68964
1710532800,68964,69750,67413.8,69499.85
1710547200,69499.84,70043,68932.01,69200.08
1710561600,69200.07,69460.91,68600,69432.45
1710576000,69432.45,69436.24,67725.53,68256.01
1710590400,68256,68499.1,67524,68385.58
1710604800,68385.58,68407.94,66670,66911.52
1710619200,66911.51,67538.49,64780,65300.63
1710633600,65300.64,66576.39,65122.23,66538.99
1710648000,66538.99,66560,64533,65636.67
1710662400,65636.68,67515,65290,66955.49
1710676800,66955.49,68111.45,66436.92,67965.5
1710691200,67965.51,68693.75,67769.86,68536.73
1710705600,68536.72,68904.4,67953.35,68393.48
1710720000,68393.47,68425.97,66800,67972.01
1710734400,67972.01,68956,67704.01,68218.38
1710748800,68218.38,68483.96,67300,68253.4
1710763200,68253.39,68627.81,66628.68,67467.19
1710777600,67467.19,68079.52,66565.2,66936
1710792000,66936,67999,66935.99,67609.99
1710806400,67610,68124.11,64860,65876.01
1710820800,65876.01,65976.1,63577,64704.22
1710835200,64704.23,64710.69,62505,63081.34
1710849600,63081.34,64150,62410.78,64051.85
1710864000,64051.85,65756,63969.58,64391.99
1710878400,64392,64500.12,61555,61937.4
1710892800,61937.41,63466.21,61666,61860.81
1710907200,61860.82,63198.83,60775,62957.85
1710921600,62957.85,63957.74,62640,63392.94
1710936000,63392.95,64395,63066.6,63600.37
1710950400,63600.37,66000,62022,65784.46
1710964800,65784.47,68100,65656.41,67840.51
1710979200,67840.51,68240.47,66340,66654.45
1710993600,66654.46,67330,66072.2,66985.19
1711008000,66985.19,67659.53,66650,67044
1711022400,67044.01,67693.6,65885.96,66557.77
1711036800,66557.77,67000,64871.01,65223.74
1711051200,65223.73,65946.66,64529.01,65501.27
1711065600,65501.28,66160,65120.01,65981.99
1711080000,65981.99,66649.62,65756.64,66178.01
1711094400,66178.01,66363.1,64065.72,64233.9
1711108800,64233.9,64674.06,62601.11,63877.04
1711123200,63877.04,64126.09,62766.63,63866.93
1711137600,63866.94,63978.86,62260,63796.64
1711152000,63796.64,64374.91,63000,63556
1711166400,63556,64856.01,63506.5,64575.41
1711180800,64575.41,64857.14,64186.21,64629.62
1711195200,64629.61,65414.69,64278.15,65104.05
1711209600,65104.06,65999,64786.25,64872.9
1711224000,64872.9,65199.97,63861.66,63990.01
1711238400,63990.02,64723.16,63922.85,63962.98
1711252800,63962.98,64583.44,63772.29,64583.43
1711267200,64583.44,65368.66,64476,65334.01
1711281600,65334,65925.19,65177.28,65673.36
1711296000,65673.36,66045.99,64600.01,65843.02
1711310400,65843.02,67628.69,65730.6,67209.99
1711324800,67210,67350,66385.06,67350
1711339200,67350,67740,66710,66821.19
1711353600,66821.19,67344.23,66747.65,66810.15
1711368000,66810.15,70000,66780,69792.05
1711382400,69792.06,71000,69440.18,70960.89
1711396800,70960.89,71150,69562.09,69880.01
1711411200,69880,70606,69732.8,70423.11
1711425600,70423.11,71561.1,70260.3,70486.38
1711440000,70486.38,71280,70268.66,70693.16
1711454400,70693.17,71136.63,69280,70250
1711468800,70250.01,70499,69412,69477.67
1711483200,69477.66,70305.33,69401.72,69988
1711497600,69987.99,70739.65,69840,70387.99
1711512000,70388,70598,69640,69725.99
1711526400,69726,70359.97,69407,70220.73
1711540800,70220.73,71769.54,68534.01,68874
1711555200,68873.99,69406,68359.18,68652
1711569600,68652.01,69637.66,68630,69469.99
1711584000,69469.99,69980,68903.62,69290
1711598400,69290,70469.82,69280,70399.03
1711612800,70399.04,70962.63,70292.44,70647.18
1711627200,70647.18,71552.06,70348.75,71290.39
1711641600,71290.38,71320,70404,70798.26
1711656000,70798.26,71074.03,70541.9,70780.6
1711670400,70780.6,70916.16,70274.07,70442.22
1711684800,70442.23,70538.78,69746.33,69794
1711699200,69794.01,70318,69566,70142.78
1711713600,70142.78,70636.04,69009,69180
1711728000,69179.99,69666,69078.62,69665.99
1711742400,69665.99,69916.5,69290,69850.54
1711756800,69850.53,70177.87,69710,69773.99
1711771200,69774,70321.1,69755.98,69852.18
1711785600,69852.18,70183.67,69811.37,70183.55
1711800000,70183.54,70269.15,69925.87,69999.99
1711814400,69999.99,70280.06,69670,69896.34
1711828800,69896.34,69896.35,69540,69582.18
1711843200,69582.17,70165.86,69562.99,69916.61
1711857600,69916.6,70460,69874.54,70301.73
1711872000,70301.72,70470,70147.77,70369.99
1711886400,70369.99,70759.1,70289.72,70381.13
1711900800,70381.13,71227.22,70321.86,71023.5
1711915200,71023.51,71366,70639.93,71280.01
1711929600,71280,71288.23,70520.51,70588.01
1711944000,70588.01,70648.83,68888,69594.94
1711958400,69594.94,69799.98,69165.35,69460.01
1711972800,69460,70080,68161.48,68237.15
1711987200,68237.15,69816.24,68062.86,69648.01
1712001600,69648.01,69900,69327.66,69649.8
1712016000,69649.81,69674.23,66000,66703.97
1712030400,66703.97,67120,66120.75,66455.5
1712044800,66455.5,66705.08,65075,65622.69
1712059200,65622.69,66249.83,64588.58,64890
1712073600,64889.99,66200,64550,65914.9
1712088000,65914.91,66120,65200,65463.99
1712102400,65463.99,66288.88,64493.07,66225.79
1712116800,66225.79,66483.87,65920,66135.99
1712131200,66135.98,66642.36,65538.06,66059.76
1712145600,66059.75,66903.63,65635.01,65836.01
1712160000,65836.02,66550,65451.62,65784
1712174400,65784.01,66297.4,65476.63,65963.28
1712188800,65963.27,66354.83,65454.55,65620.01
1712203200,65620,66290.32,65064.52,66091.6
1712217600,66091.59,66468.99,66028,66353.67
1712232000,66353.68,67927.69,66330.56,67647.99
1712246400,67648,69309.91,67526.5,68500
1712260800,68500,68565.54,67320,68487.79
1712275200,68487.8,68756.67,67435.67,67863.99
1712289600,67864,68028,66380,66930.74
1712304000,66930.75,67684.26,66383.01,66478
1712318400,66478,68566.66,65952.56,68190.62
1712332800,68190.62,68380,67316,67412.4
1712347200,67412.41,67966.67,67342,67820.62
1712361600,67820.63,68065.2,67447.83,67788.01
1712376000,67788,68232.14,67602,67992.02
1712390400,67992.02,68120,67615.22,67668.16
1712404800,67668.16,68299,67527.78,68104
1712419200,68104.01,68484.09,67948.83,68259.98
1712433600,68259.99,69692,68166.66,68896
1712448000,68896,69777,68824,69408.05
1712462400,69408.04,69493.98,69053.97,69364.01
1712476800,69364,69555,69199.01,69357
1712491200,69357,69886.03,69210,69543.74
1712505600,69543.73,70326.29,68849.77,69068.01
1712520000,69068.01,69477.18,68901,69360.39
1712534400,69360.38,69841.03,69043.24,69458.95
1712548800,69458.95,70850,69280,70698.63
1712563200,70698.64,72650,70642,72404
1712577600,72404,72797.99,71245.17,71773.98
1712592000,71773.98,72104.05,71300,71766
1712606400,71766,72000,71500.37,71620
1712620800,71620,71758.19,70833.33,71285
1712635200,71285,71339.79,70110,70383.99
1712649600,70383.98,70905.26,69576.61,70794.85
1712664000,70794.84,70977,68535.03,69264
1712678400,69264,69320,68210,69000.77
1712692800,69000.78,69439.6,68888.47,69146
1712707200,69146,69594.15,68466.63,69150.18
1712721600,69150.18,69515,69005.55,69336.28
1712736000,69336.27,69336.28,68629.99,69043
1712750400,69043,69204.28,67518,68657.32
1712764800,68657.31,70098.89,68556,70083.99
1712779200,70084,71172.08,69581.03,70631.08
1712793600,70631.08,71062,70285.13,70851.67
1712808000,70851.66,71305.89,70378.11,70735.99
1712822400,70736,71256.27,69881.31,69983.16
1712836800,69983.16,71100,69567.21,70000
1712851200,70000,70529.73,69574.88,70459.67
1712865600,70459.67,70746.09,69804.87,70006.23
1712880000,70006.22,70996.91,70002.22,70977.27
1712894400,70977.27,71227.46,70566.02,70764.01
1712908800,70764,70972,70509.58,70904.01
1712923200,70904,70975.54,69236.95,69347.3
1712937600,69347.3,69580,65086.86,66843.98
1712952000,66843.98,67440,66680.84,67116.52
1712966400,67116.52,67168,65731.27,67160.55
1712980800,67160.55,67929,67012.67,67446.52
1712995200,67446.53,67825.91,67090.83,67360
1713009600,67360.01,67926,67169.97,67676
1713024000,67675.99,67752.85,63750.01,64788.01
1713038400,64788.01,65608.09,60660.57,63924.51
1713052800,63924.52,64303.87,62134,63437.55
1713067200,63437.55,64872.96,63394,64464.3
1713081600,64464.3,64887.99,63855.45,64166.05
1713096000,64166.05,64848.49,63437.55,64180.97
1713110400,64180.98,64747.25,62573.66,64168.62
1713124800,64168.62,65840,63326.42,65661.84
1713139200,65661.85,65867.45,64937.01,65138.19
1713153600,65138.2,66582.84,64683.01,66263.84
1713168000,66263.84,66867.07,65807.25,65860.12
1713182400,65860.12,66399,63810,64568.81
1713196800,64568.8,64868.28,62274.4,63301.11
1713211200,63301.11,63633.02,62632,63419.99
1713225600,63419.99,63899.69,62750,62956
1713240000,62956,63800,61680,63516.19
1713254400,63516.18,63660,61600,63094.77
1713268800,63094.76,63422.97,61735.42,61762.2
1713283200,61762.19,63280.75,61694.02,62721.43
1713297600,62721.43,64365,62555,63793.39
1713312000,63793.4,64295,63581.16,63842.02
1713326400,63842.03,64499,63181.81,63297.84
1713340800,63297.85,63587.88,62541.13,62595.04
1713355200,62595.04,62974.88,59888,60304.95
1713369600,60304.95,61956.42,59678.16,61022.35
1713384000,61022.36,61763.07,60777,61277.37
1713398400,61277.38,62229.9,60939.92,61988
1713412800,61987.99,62075.46,60803.35,61178.08
1713427200,61178.08,63072.27,60864,62597.92
1713441600,62597.92,64117.09,61580.71,63498.7
1713456000,63498.69,63866.19,62310.03,63477.04
1713470400,63477.04,63825.74,63162.77,63470.08
1713484800,63470.09,63470.09,59600.01,61785.14
1713499200,61785.14,65179,61739.68,64547.18
1713513600,64547.18,65450,64098.13,64870.74
1713528000,64870.73,65440.57,63820.57,64437.17
1713542400,64437.18,64808.54,63506.57,64325.25
1713556800,64325.26,64494.03,62953.9,63818.01
1713571200,63818.01,64263.41,63090.07,63956
1713585600,63956.01,64268.58,63815.53,63961.22
1713600000,63961.22,63988,63277,63707.17
1713614400,63707.18,64960.37,63575.83,64808.35
1713628800,64808.35,65419,64456.54,64866.44
1713643200,64866.45,65031.25,64555,64940.59
1713657600,64940.58,65695.56,64608,65170
1713672000,65170.01,65244.65,64843.98,65150.66
1713686400,65150.67,65440.95,64763.15,65234.01
1713700800,65234.02,65375.41,64778.69,65043.69
1713715200,65043.7,65087.92,64237.5,64538
1713729600,64538,65167.19,64362.5,64941.15
1713744000,64941.15,66090.69,64500,65703.5
1713758400,65703.49,66479.8,65509.24,65980
1713772800,65980.01,66204.44,65702,65877.47
1713787200,65877.47,66477.53,65626.87,65994.38
1713801600,65994.39,66824.28,65913.52,66524.77
1713816000,66524.77,67232.35,66342.1,66819.32
1713830400,66819.32,67183.01,66419.55,66435.01
1713844800,66435.01,66646,66020,66099.79
1713859200,66099.79,66310.44,65852.35,66043.99
1713873600,66043.99,67130,65765.81,66419.56
1713888000,66419.56,66905.99,66350.91,66484.43
1713902400,66484.43,66484.96,65980,66414
1713916800,66414,66900,66390,66608.14
1713931200,66608.14,67070.43,66552.37,66630.9
1713945600,66630.89,66743.01,66203.05,66571.52
1713960000,66571.52,66737,64519.03,64610.11
1713974400,64610.1,65156.95,63736.7,63976.06
1713988800,63976.05,64447.91,63606.06,64289.59
1714003200,64289.58,64741.47,63860,64282.01
1714017600,64282.02,64397.78,63824.07,64017.99
1714032000,64017.99,64192,63337.25,63861.23
1714046400,63861.24,64302.99,62794,64135.94
1714060800,64135.93,64975,63971.48,64747.11
1714075200,64747.12,65297.94,64447.75,64498.34
1714089600,64498.33,64662.53,63890.82,64381.24
1714104000,64381.25,64610.82,64000.02,64276.95
1714118400,64276.94,64581.52,64059.8,64244.02
1714132800,64244.03,64820.01,63297.48,63503.22
1714147200,63503.22,64162.5,63318.75,63742.05
1714161600,63742.07,64107.32,63689.22,63770.01
1714176000,63770,63923.41,62391.24,63082.01
1714190400,63082,63175,62808,62966.83
1714204800,62966.84,63060,62673.37,62862.14
1714219200,62862.13,63408.53,62810.29,62951.75
1714233600,62951.75,63650,62750,63352.11
1714248000,63352.11,63555.56,63157.98,63461.98
1714262400,63461.98,64370,63456.86,64021.62
1714276800,64021.62,64060,63800,63915.5
1714291200,63915.5,63979.27,63345.55,63484.01
1714305600,63484,63869.09,63415.6,63540
1714320000,63540,63976,63483.18,63730.49
1714334400,63730.49,63745.91,62781,63118.62
1714348800,63118.62,63367.05,62150.52,62279.67
1714363200,62279.68,62639.4,61923.13,62399.98
1714377600,62399.98,62673.18,62179.99,62256
1714392000,62256,63112.29,61765.53,63039.07
1714406400,63039.07,63221.74,62546.37,62987.37
1714420800,62987.37,64228.35,62820,63866
1714435200,63866,64734,62995.7,63647.99
1714449600,63647.99,63708.7,63069.68,63148.74
1714464000,63148.74,63244,61000,61204.42
1714478400,61204.41,61559.36,60546.22,60796.85
1714492800,60796.86,60947.55,59191.6,59292.95
1714507200,59292.95,61070.71,59274.75,60672
1714521600,60672.01,60841.63,59590,60246.03
1714536000,60246.02,60361.09,57100,57499.99
1714550400,57500,57909,56552.82,57898.47
1714564800,57898.46,58275.87,56674.51,56886
1714579200,56886,59468,56625.09,56954.47
1714593600,56954.46,58575.32,56760.02,58364.97
1714608000,58364.97,58610.55,56911.84,57442.88
1714622400,57442.88,57945.19,57202.49,57681.08
1714636800,57681.08,58689.55,57561.14,58559.66
1714651200,58559.66,59455,58222,59264.15
1714665600,59264.16,59575.29,58943.38,59351.11
1714680000,59351.1,59625,58637.62,59060.61
1714694400,59060.6,59999,58811.32,59720.3
1714708800,59720.3,59844.94,59061.63,59190.74
1714723200,59190.74,59575.48,58849.94,59291.09
1714737600,59291.1,62115.64,58991.99,61690.74
1714752000,61690.74,62179.99,61533.2,62067.32
1714766400,62067.32,63333,61974,62882.01
1714780800,62882.01,63595.14,62541.03,62724
1714795200,62724,63450,62686,62959.03
1714809600,62959.03,64540,62924.37,63873.31
1714824000,63873.3,64158.19,63434.53,63609.17
1714838400,63609.17,64019.83,63300.58,63921.18
1714852800,63921.17,64240.76,63550,63892.04
1714867200,63892.03,64188,62822.17,63235.93
1714881600,63235.93,63959,63119.32,63736.87
1714896000,63736.86,63937.17,63539.53,63859.63
1714910400,63859.63,64646,63618.91,64428.65
1714924800,64428.64,64554.68,63811.01,63879.94
1714939200,63879.94,64227.51,63582.08,64012
1714953600,64012,64465,63708.58,63866.59
1714968000,63866.59,64588,63768.72,64540.75
1714982400,64540.75,65500,63815.38,64203.56
1714996800,64203.55,64319.86,62909.61,63632.01
1715011200,63632.01,63747.59,62700,63220
1715025600,63220,63611.85,63051.94,63165.19
1715040000,63165.18,63967.19,62832.6,63239.49
1715054400,63239.5,63853.12,63092.76,63669.69
1715068800,63669.69,64422.41,63358,63490.43
1715083200,63490.43,64320,63050.77,63740.48
1715097600,63740.48,63895.46,62789.89,63060.01
1715112000,63060,63197.58,62261,62312.08
1715126400,62312.07,62973.18,62111,62893.99
1715140800,62894,63020.22,62020.09,62208
1715155200,62208,62519.7,62042,62243.4
1715169600,62243.4,62828,61761,62273.08
1715184000,62273.07,62760,61949.42,62179.45
1715198400,62179.45,62248.84,60888,61193.03
1715212800,61193.03,61806.98,61144.33,61680.4
1715227200,61680.4,61780.6,61129,61253.16
1715241600,61253.16,61447.06,60630,61053.99
1715256000,61053.99,62285,60882.19,62159.06
1715270400,62159.06,62668.67,61750,62454.92
1715284800,62454.92,63429.03,62346.36,63074.01
1715299200,63074,63094.01,62662.07,62916.16
1715313600,62916.16,63380,62660.42,63078.02
1715328000,63078.01,63320,62800,63299.63
1715342400,63299.63,63469.13,60690,60928.02
1715356800,60928.02,61294.82,60187.12,60716.97
1715371200,60716.96,61003,60456.91,60799.99
1715385600,60799.99,61096.27,60650,60731.9
1715400000,60731.89,61080,60712,61018.52
1715414400,61018.53,61058.75,60487.09,60684.01
1715428800,60684,61515,60643.94,61174.18
1715443200,61174.18,61410.09,61016,61144
1715457600,61144.01,61154.21,60743.51,60825.99
1715472000,60825.99,61104.05,60804,60930
1715486400,60930.01,61120,60610,60820
1715500800,60819.99,61366.59,60790.94,61146
1715515200,61145.99,61587.12,61090,61419
1715529600,61419.01,61888,61109.67,61406.1
1715544000,61406.11,61551.43,60910.58,61483.99
1715558400,61484,61812,60749.21,61170
1715572800,61170,62450,60797.79,62334.37
1715587200,62334.36,63295.48,62334.36,62738
1715601600,62737.99,63200,62399.35,63002
1715616000,63002,63450,62566.36,63172.69
1715630400,63172.7,63193.59,62715.57,62940.08
1715644800,62940.09,63118.36,62403.22,62488.46
1715659200,62488.46,62780.73,61404.34,62035.39
1715673600,62035.39,62045.8,61520.89,61798.57
1715688000,61798.57,62300,61142.77,61787.61
1715702400,61787.6,61816.34,61159.34,61596.52
1715716800,61596.51,61789.99,61472.41,61577.49
1715731200,61577.49,62033.48,61319.47,61949.99
1715745600,61949.99,62280.01,61818.18,62195.04
1715760000,62195.04,62999.44,61923.2,62467.18
1715774400,62467.18,65057.26,62402.03,64725.11
1715788800,64725.12,66419.15,64720,66006.23
1715803200,66006.23,66444.16,65738,66206.5
1715817600,66206.51,66666,65746.42,65975.39
1715832000,65975.39,66278.04,65652.92,66142.62
1715846400,66142.62,66585.7,66000,66503.8
1715860800,66503.81,66752.01,65361.51,65818.88
1715875200,65818.89,65827.47,64602.77,65186.85
1715889600,65186.84,65500,65050,65235.21
1715904000,65235.21,65901.46,65106.38,65584.53
1715918400,65584.53,66500,65367.51,66386.94
1715932800,66386.93,66564.23,66068.79,66218
1715947200,66217.99,67451.2,65828.03,67195.1
1715961600,67195.09,67300,66214.67,67047.99
1715976000,67047.99,67089.72,66669.72,67024
1715990400,67024,67095.88,66725.53,66945.05
1716004800,66945.06,67240.69,66730,66887
1716019200,66887.01,67400.01,66840,67190.82
1716033600,67190.81,67227.97,66600,66823.63
1716048000,66823.63,66992.53,66722,66912.62
1716062400,66912.62,67039.92,66810,66915.2
1716076800,66915.2,67294.35,66837.39,67170.21
1716091200,67170.2,67329.45,66930.4,67324.44
1716105600,67324.44,67700,66950,67330
1716120000,67330.01,67330.01,66677,66889.88
1716134400,66889.88,66990,65857.25,66034.01
1716148800,66034.01,66463,66000,66274.01
1716163200,66274,66768.87,66060.31,66675.22
1716177600,66675.21,67295.99,66279.64,66825.14
1716192000,66825.15,67349,66750,66994.2
1716206400,66994.2,67487,66753.42,67419.99
1716220800,67420,70000,67374.42,69999.99
1716235200,70000,71515.56,68905.67,71446.62
1716249600,71446.62,71979,70706,71284
1716264000,71283.99,71394.2,70826.92,70878.29
1716278400,70878.3,71474.92,70839.63,71130
1716292800,71130,71455.09,69685.01,69826.99
1716307200,69827,70263.03,69162.94,69285.99
1716321600,69285.99,70377.77,69240.57,70148.34
1716336000,70148.34,70368.6,69822.76,69955.72
1716350400,69955.72,70059.89,69165,69715
1716364800,69715,70275.14,69636.01,69736.13
1716379200,69736.14,70591,69435.3,70455.9
1716393600,70455.89,70666,69228.64,69637.47
1716408000,69637.48,69976,68842.19,69166.62
1716422400,69166.62,69626.87,69166.61,69446.14
1716436800,69446.14,69862.44,69347.17,69734.04
1716451200,69734.05,70061,69520.02,69982.72
1716465600,69982.72,70096.12,67610.95,68076
1716480000,68075.99,68167.97,66764.7,67199.98
1716494400,67199.98,68365.81,66312.16,67969.65
1716508800,67969.66,68017.56,67628.01,67891.83
1716523200,67891.83,67922.79,66816.21,67155.93
1716537600,67155.93,67523.78,66600.12,67349.99
1716552000,67350,68420,66921.97,68326.46
1716566400,68326.46,69250,67924.39,69115.98
1716580800,69115.98,69214,68524.94,68549.99
1716595200,68549.99,68910,68500,68757.85
1716609600,68757.84,68831.88,68615.56,68753.92
1716624000,68753.93,69610,68749.2,69104.67
1716638400,69104.68,69299.99,68847.65,68930.4
1716652800,68930.39,69266.66,68849.5,69155.32
1716667200,69155.32,69356.6,69050.01,69290.57
1716681600,69290.56,69319.31,68808.37,69073.62
1716696000,69073.62,69435.36,68928.22,69340.15
1716710400,69340.16,69562.23,68974.55,69134.91
1716724800,69134.91,69399,68668.6,68847.99
1716739200,68847.98,68973.15,68692.11,68903.54
1716753600,68903.53,68911.56,68128.01,68507.67
1716768000,68507.67,69298,68481.31,68873.43
1716782400,68873.43,68901.74,68321.95,68643.36
1716796800,68643.36,68944.2,68250,68434.26
1716811200,68434.26,70520.3,68384,70373.85
1716825600,70373.86,70687.56,69069,69260.01
1716840000,69260.02,69887.9,69177.01,69436.43
1716854400,69436.43,69591.81,67753,68050.3
1716868800,68050.3,68134,67486.65,67694
1716883200,67694.01,68902.71,67582.13,68389.87
1716897600,68389.87,68559.99,67529.62,68374.08
1716912000,68374.08,68598.33,67277.91,68424.29
1716926400,68424.28,68661.28,68124.04,68398.39
1716940800,68398.4,68923,68266.04,68829.42
1716955200,68829.41,68935.68,67936.35,67946.9
1716969600,67946.89,68033.33,67602.34,67763.59
1716984000,67763.59,68280,67262.34,67379.13
1716998400,67379.13,67742,67124.65,67266.78
1717012800,67266.78,67826.09,67151.35,67652.42
1717027200,67652.41,68199.97,67471.67,68118.2
1717041600,68118.2,68422.89,67508.42,67584.56
1717056000,67584.57,68100,67128,67817.01
1717070400,67817.01,68826.31,67755,68530.76
1717084800,68530.77,69500,68384,68653.02
1717099200,68653.02,68657.41,68050.01,68352.17
1717113600,68352.17,68729.73,68274,68535.81
1717128000,68535.81,68654.33,68075.99,68174.99
1717142400,68175,68461,67876,68349.73
1717156800,68349.73,69044.1,67200,67215.58
1717171200,67215.58,67999,66670,67681
1717185600,67681,67798,67239.19,67540.01
1717200000,67540.01,67757.14,67428.44,67715.31
1717214400,67715.31,67810,67575.23,67632.08
1717228800,67632.07,67760,67611.61,67660.57
1717243200,67660.57,67872.5,67640,67691.28
1717257600,67691.28,67900,67556.72,67753.76
1717272000,67753.76,67885,67700,67766.85
1717286400,67766.84,67910.55,67643.33,67789.47
1717300800,67789.48,67867.6,67720.41,67721
1717315200,67721.01,68320.08,67367.2,68251.52
1717329600,68251.53,68460,67800,68142.17
1717344000,68142.18,68200,67257.47,67736.95
1717358400,67736.95,67984.01,67577.65,67765.63
1717372800,67765.62,68793.97,67612.48,68382.81
1717387200,68382.8,69221,68285.29,68906.7
1717401600,68906.7,69333,68824,69080
1717416000,69080,70288,68500,69615.28
1717430400,69615.27,69715.61,68800,69204
1717444800,69204,69509.38,68730.51,68809.9
1717459200,68809.89,69370.01,68629.9,69170.22
1717473600,69170.22,69268.27,68745.68,69013.63
1717488000,69013.62,69191.99,68567.32,68955.85
1717502400,68955.84,70480,68843.73,70445
1717516800,70445,71063.45,70092.5,70423.6
1717531200,70423.61,70736,70168.67,70537.84
1717545600,70537.83,71275,70423.51,70947.58
1717560000,70947.58,71379.21,70826.15,71200
1717574400,71199.99,71243.6,70694.61,70971.71
1717588800,70971.7,71731.35,70383.66,71580
1717603200,71580.01,71758,70871.2,71279.95
1717617600,71279.95,71357.68,70700,71108
1717632000,71108,71237.02,70900,71050
1717646400,71050,71106.46,70800,71021.47
1717660800,71021.46,71204.59,70862.5,71170.01
1717675200,71170.01,71700,71000,71300
1717689600,71300,71379.93,70450,70479.49
1717704000,70479.49,70958.89,70117.64,70799.06
1717718400,70799.06,71015.2,70663.59,70989.68
1717732800,70989.69,71449.98,70989.68,71110
1717747200,71110.01,71700,71048.12,71699.99
1717761600,71700,71997.02,70633.21,71111.54
1717776000,71111.55,71208.89,68420,69255
1717790400,69255.01,69585.96,68978.52,69355.6
1717804800,69355.6,69525,69287.28,69432
1717819200,69432,69582.2,69232.15,69582.2
1717833600,69582.2,69582.2,69318.19,69365.93
1717848000,69365.94,69491.36,69168.02,69430.01
1717862400,69430.01,69490,69292.22,69460.01
1717876800,69460,69475.18,69290.28,69310.46
1717891200,69310.46,69346.9,69130.24,69259.38
1717905600,69259.38,69425.7,69234.73,69295.64
1717920000,69295.64,69397.19,69283.45,69367.69
1717934400,69367.68,69777,69250.01,69508.64
1717948800,69508.64,69857.14,69500,69710.26
1717963200,69710.26,69821.53,69590.33,69648.14
1717977600,69648.15,69801.34,69426,69613.2
1717992000,69613.2,69677.5,69249.99,69303.99
1718006400,69304,69550,69172.29,69473.89
1718020800,69473.89,70195.94,69201.59,70066.12
1718035200,70066.12,70141.1,69386.81,69490.8
1718049600,69490.81,69700.51,69334.46,69540
1718064000,69540,69590.01,67900,68464
1718078400,68464,68464,67325,67570.18
1718092800,67570.18,67662.49,66732,66890.01
1718107200,66890,67278.88,66051,66244.48
1718121600,66244.48,67586.64,66161.26,67407.01
1718136000,67407.02,67588.22,67173.92,67314.24
1718150400,67314.23,67596.15,66905,67407
1718164800,67407.01,67624.89,67195.97,67453.63
1718179200,67453.64,68059.01,67353.02,67778.43
1718193600,67778.43,69999,67736,69734
1718208000,69734,69862.4,67250,67532.92
1718222400,67532.92,68667.44,67413.51,68263.99
1718236800,68263.98,68393.63,66969.98,67474.94
1718251200,67474.95,67729.41,67300.3,67724.81
1718265600,67724.8,67971.2,67168,67739.99
1718280000,67740,68449.3,66368.76,66470.01
1718294400,66470.01,67080.13,66251.78,66604.01
1718308800,66604.01,66980,66530.84,66773.01
1718323200,66773.01,67027.32,66480,66744
1718337600,66744,67221.32,66707.76,66904.98
1718352000,66904.98,67256.32,66746.4,67036
1718366400,67035.99,67370.24,66344.67,66392
1718380800,66392,66520,65078,65520.02
1718395200,65520.02,66627.52,65480,66043.99
1718409600,66043.99,66290,65967.5,66267.87
1718424000,66267.87,66416.66,66065.8,66076.99
1718438400,66076.99,66348,66076.98,66319.95
1718452800,66319.94,66478.48,66153.84,66316.02
1718467200,66316.02,66360,66071.47,66154.7
1718481600,66154.7,66287.76,65857.1,66228.25
1718496000,66228.25,66269.74,66076.55,66146
1718510400,66145.99,66360.18,66034.5,66266.3
1718524800,66266.3,66770,66172.5,66492.83
1718539200,66492.83,66793.72,66480,66712.8
1718553600,66712.8,66744.71,66522,66562.52
1718568000,66562.52,66998.7,66460,66676.87
1718582400,66676.86,66913.69,66155,66222
1718596800,66222,66567.68,65939.67,66172
1718611200,66172,66317.64,65556,65817.2
1718625600,65817.2,65827.9,65130,65368
1718640000,65368,67298.81,65138,66691.99
1718654400,66691.99,66764.7,66164.01,66504.33
1718668800,66504.33,66588.23,64569,65500
1718683200,65500,65845.47,65344.24,65672.51
1718697600,65672.51,65750.01,65100,65366
1718712000,65366,65433.97,64261.12,64706
1718726400,64705.99,64904.91,64060,64412.19
1718740800,64412.18,65305,64178.1,65175.32
1718755200,65175.32,65603.91,64810.62,65404
1718769600,65404,65727.54,65158.05,65326.89
1718784000,65326.89,65544,65000,65210
1718798400,65210,65310.02,64756.28,64922
1718812800,64921.99,65284.37,64791.76,64882.01
1718827200,64882.02,65087.76,64666,64974.37
1718841600,64974.37,65407.4,64818.72,65189.99
1718856000,65190,65967.39,65070.91,65858.84
1718870400,65858.84,66482.94,65559.45,66169.85
1718884800,66169.86,66300.5,64658.06,64831.23
1718899200,64831.24,65217.21,64559.15,65050
1718913600,65049.99,65200.11,64848.7,64869.99
1718928000,64869.99,65066.66,64345,64506.14
1718942400,64506.15,64739.09,64190.76,64201.63
1718956800,64201.63,64372.15,63522.75,63770
1718971200,63770.01,64360,63379.35,63732.02
1718985600,63732.02,64264.95,63465.17,64232.01
1719000000,64232.01,64460.14,63828.09,64143.56
1719014400,64143.56,64342.54,63943.82,64327.45
1719028800,64327.46,64540.26,64253.07,64520
1719043200,64519.99,64546.81,64214.43,64265.26
1719057600,64265.27,64397.82,64246.52,64307.08
1719072000,64307.09,64362,64218.5,64295.01
1719086400,64295.01,64330,64246.01,64262.01
1719100800,64262.01,64521,64262,64416.14
1719115200,64416.14,64433.03,64349.49,64415.27
1719129600,64415.27,64437.28,64252.85,64341.45
1719144000,64341.46,64429.1,64049.41,64094
1719158400,64094.01,64187.62,63918.58,64149.78
1719172800,64149.78,64159,63178.32,63210.01
1719187200,63210.01,63369.8,62695.02,62862
1719201600,62862,62952,62160.72,62456
1719216000,62456,62975.6,60567.01,61291.95
1719230400,61291.95,61700,60670.36,60843.99
1719244800,60843.99,61044.44,59058,59306.72
1719259200,59306.72,60442.71,58402,60293.3
1719273600,60293.3,61598.87,60257.06,61302.59
1719288000,61302.59,61420,60624.63,60685.16
1719302400,60685.16,61583.18,60668.01,61187.64
1719316800,61187.64,62134,60953.23,61810
1719331200,61810,62420,61135.37,61975.46
1719345600,61975.46,62162.49,61664,61806.01
1719360000,61806.01,62487.81,61643.48,61936.07
1719374400,61936.07,61990,61520,61720.02
1719388800,61720.02,61754.6,61149.64,61445.26
1719403200,61445.26,61980,61182.8,61467.86
1719417600,61467.85,61547.02,60715.3,61000.01
1719432000,61000.01,61155.66,60712,60864.99
1719446400,60864.98,61300,60764.73,61037.31
1719460800,61037.31,61192,60606.63,60794.01
1719475200,60794.01,61455.15,60736.62,61196.02
1719489600,61196.01,62389.22,61154.6,61576
1719504000,61576,62015.52,61411.7,61450
1719518400,61450,61719.92,61338.56,61706.47
1719532800,61706.46,62225.31,61472.37,61828.17
1719547200,61828.17,61834.41,61236,61350.01
1719561600,61350.01,61792.34,61212.11,61690
1719576000,61690,61875,60751,61062.01
1719590400,61062,61119.58,60079.41,60123.73
1719604800,60123.73,60450,60063,60427.84
1719619200,60427.84,61009.29,60383.77,60762
1719633600,60762,61146.64,60704.46,61052.3
1719648000,61052.3,61224,60890.03,61102.33
1719662400,61102.33,61182.7,60949.67,61106
1719676800,61106,61124,60915.12,61057.39
1719691200,61057.38,61090,60839.51,60986.68
1719705600,60986.68,61078.01,60740.94,60898.32
1719720000,60898.32,61782,60712.21,61528.01
1719734400,61528.01,61713.65,61393.07,61560
1719748800,61560,61860,61346,61717.9
1719763200,61717.9,62109.81,61590.01,62026.83
1719777600,62026.83,63058.76,61835.2,62772.01
1719792000,62772.01,63818.33,62573.32,63437.69
1719806400,63437.69,63466.92,63223.2,63277.84
1719820800,63277.84,63314.99,62593.07,62662.09
1719835200,62662.09,63166.11,62497.2,63132.9
1719849600,63132.9,63861.76,62966.77,63226.78
1719864000,63226.78,63423.48,62804.6,62899.99
1719878400,62900,63288.83,62787.42,63138.67
1719892800,63138.68,63245.8,62580,62629.99
1719907200,62630,62866.2,62401.23,62832.01
1719921600,62832.01,63152,61823.74,61948.08
1719936000,61948.08,62368.81,61806.28,61939.1
1719950400,61939.1,62181.24,61875.55,62135.47
1719964800,62135.46,62285.94,60600,60987.99
1719979200,60988,61181.84,60816,60870.01
1719993600,60870.01,60978.19,59600,60386.01
1720008000,60386.01,60740.2,59752.29,60186.25
1720022400,60186.25,60655.56,59666,59671.1
1720036800,59671.11,60374.82,59400,60208.58
1720051200,60208.57,60498.19,57800.01,59102
1720065600,59102,59150,58104,58219.99
1720080000,58219.99,58506.18,56952,57761.94
1720094400,57761.95,58350.19,56771,58140
1720108800,58140,58676.24,57752.27,58283.62
1720123200,58283.62,58813.13,56866,57050.01
1720137600,57050.02,57546,55000,55227.99
1720152000,55228,55356.42,53485.93,54415.05
1720166400,54415.04,55650,53900,55486.5
1720180800,55486.51,56678.19,54828.52,56662
1720195200,56662.99,57040.02,55779.33,56465.42
1720209600,56465.41,56866,56315,56628.79
1720224000,56628.79,56998,56170.5,56410
1720238400,56409.99,56683.9,56018,56606
1720252800,56606,56876.33,56436.78,56731.42
1720267200,56731.42,57441.1,56500,57317.98
1720281600,57317.99,58113,57185.76,57857.99
1720296000,57857.99,58475,57806.92,58230.13
1720310400,58230.13,58449.46,57838,57963.45
1720324800,57963.46,58007.87,57073.36,57369.99
1720339200,57369.99,57911.71,57350.94,57460
1720353600,57460,57631.02,56563.46,56825.42
1720368000,56825.42,57392,56755.55,57151.1
1720382400,57151.1,57319.1,55724.37,55857.81
1720396800,55857.81,56023.07,54260.16,55160.01
1720411200,55160,55900,54963.62,55852.01
1720425600,55852,58236.73,55741.11,57154.01
1720440000,57154.01,57621.1,54800,55761.52
1720454400,55761.52,56574.99,55425.74,56477.31
1720468800,56477.3,56971.94,56200,56714.62
1720483200,56714.61,57362.66,56289.45,57168.36
1720497600,57168.36,57754,57011.5,57116.84
1720512000,57116.84,57900,57024.01,57428.01
1720526400,57428.01,58131.09,56903,57477.01
1720540800,57477,58296,57362.08,57862.01
1720555200,57862.01,58260,57704.3,58050
1720569600,58050,58208,57309.09,58180.01
1720584000,58180,59470,58180,58977.99
1720598400,58977.99,59032.82,58311.66,58492
1720612800,58492,58550,57471.12,57699.69
1720627200,57699.69,58019.89,57353.84,57392.03
1720641600,57392.03,57879.58,57157.79,57725.85
1720656000,57725.85,58407.05,57050,57568
1720670400,57568,58300,57488.28,58191.5
1720684800,58191.5,58936.52,58052,58777.99
1720699200,58777.99,59650,57266.58,57402.01
1720713600,57402.01,58000.61,57178,57378.01
1720728000,57378,57636,57150,57339.89
1720742400,57339.89,57571.86,56542.47,56914.01
1720756800,56914.01,57416.13,56716.68,57106.94
1720771200,57106.95,57334.32,56767.05,57203.54
1720785600,57203.54,58278,57000,58214
1720800000,58213.99,58526.68,57500,57576.01
1720814400,57576.01,57906.1,57150.06,57889.1
1720828800,57889.09,57991.5,57762.39,57814
1720843200,57814,58216.08,57756.63,58170.32
1720857600,58170.33,58854.98,57900.57,58534
1720872000,58534,58899.46,58434.38,58830.63
1720886400,58830.62,58964.89,58572.98,58624.38
1720900800,58624.38,59850,58288.19,59204.02
1720915200,59204.01,59838,59194.01,59466.15
1720929600,59466.16,60324.61,59418.68,60062.01
1720944000,60062.01,60400,59904,60099.1
1720958400,60099.1,60236.13,59466.67,60084
1720972800,60084,60184.99,59894.16,59915.99
1720987200,59916,61420.69,59880,60797.91
1721001600,60797.91,62796.01,60632.3,62647.87
1721016000,62647.87,63084,62433.01,62840.12
1721030400,62840.12,63243.71,62290,62454
1721044800,62454,63328,62444.67,63026
1721059200,63026.01,63820.15,62852,63342
1721073600,63342,64900,63251.65,64724.14
1721088000,64724.06,64955.49,64436.2,64752.14
1721102400,64752.14,64993.95,62721.79,62895.01
1721116800,62895.01,63872.2,62373.24,63746.11
1721131200,63746.11,64960.86,63063.83,64878.24
1721145600,64878.24,65200,64111.56,65165.43
1721160000,65165.42,65388.97,64115,65043.99
1721174400,65044,66128.63,64932.31,65701.66
1721188800,65701.66,65993.14,65198.62,65258
1721203200,65258.01,65500,64560,64723.73
1721217600,64723.73,65400,64537.41,64724.01
1721232000,64724.01,64766.99,63854,64585.78
1721246400,64585.78,64672.89,64058,64087.99
1721260800,64087.99,65133.3,63910,64865.08
1721275200,64865.09,65061.5,64402.35,64668
1721289600,64668,64950,64441.94,64758
1721304000,64758,65111.29,63400,63538.12
1721318400,63538.12,63958.51,63238.48,63555
1721332800,63555,64122.43,63438.21,63987.92
1721347200,63987.92,64368.62,63300.67,64325
1721361600,64324.99,64486,63600,63694.01
1721376000,63694.01,64182.77,63409.01,64116
1721390400,64115.99,65888,64005.57,65836.77
1721404800,65836.76,67386,65827.62,67157.26
1721419200,67157.25,67352.44,66616.19,66660
1721433600,66660.01,66822.22,66222.46,66602.01
1721448000,66602,66775.11,66436,66562.28
1721462400,66562.27,66733.09,66458.83,66483.69
1721476800,66483.69,66832,66273.62,66825
1721491200,66824.99,67598,66679.01,67224
1721505600,67224,67430.01,66790.9,67139.96
1721520000,67139.97,67436.22,66962,67171.33
1721534400,67171.33,67220.52,66592.1,66701.99
1721548800,66702,67062.77,66680,66879.99
1721563200,66879.99,67499.99,66616,67164
1721577600,67164,67713,65777,67422.02
1721592000,67422.03,68366.66,67274.69,68165.34
1721606400,68165.35,68474.55,67753.72,67880.01
1721620800,67880.01,67996.01,67122.22,67236
1721635200,67236.01,67599,66944.1,67516.01
1721649600,67516.01,67952.39,66559.97,67063.87
1721664000,67063.87,68250,66798.36,68232.07
1721678400,68232.08,68256,67224.11,67532.01
1721692800,67532,67750.98,67183.98,67473.99
1721707200,67473.98,67526.01,66256.39,66576
1721721600,66576,67166.01,66454,66676.01
1721736000,66676,67349.03,65962,66584.01
1721750400,66584.01,66780.01,65441.08,65536.01
1721764800,65536,66054,65472.54,65936.01
1721779200,65936,66146.01,65476.84,66052.71
1721793600,66052.71,66080.01,65610,66078
1721808000,66078,66600,66008,66367.99
1721822400,66368,67102.01,66093.99,66176
1721836800,66176,66709.55,65558.89,65652
1721851200,65652.01,66066.66,65111,65376
1721865600,65376.01,65620,63861,64093.59
1721880000,64093.58,64390,63800,64134
1721894400,64134,64480,63878,64096
1721908800,64096.01,65005,63456.7,64790.88
1721923200,64790.89,65187.82,64388.46,64692.01
1721937600,64692.01,66175.49,64425,65799.95
1721952000,65799.95,67480,65722.63,67042.01
1721966400,67042,67190,66870.82,66890.56
1721980800,66890.56,67498,66890.56,67322
1721995200,67321.99,68000,66892,67560.01
1722009600,67560,68144.01,67303.07,67990
1722024000,67990,68200,67413.5,67907.99
1722038400,67908,68081.57,67630,67798
1722052800,67797.99,68295.39,67782.73,68036.68
1722067200,68036.68,68275.64,67892.24,68209.88
1722081600,68209.88,69399.99,68195.43,68844
1722096000,68844,68990.03,67658.68,68246
1722110400,68246,69182.94,66650,67896.5
1722124800,67896.49,68285.43,67260.54,67940.95
1722139200,67940.94,68024.18,67066.66,67560.86
1722153600,67560.86,68000,67220,67836
1722168000,67836.01,68123.32,67577.63,67645
1722182400,67645,68318.43,67624,68112
1722196800,68112,68277.83,67801.62,68249.88
1722211200,68249.88,69800,68168,69347.67
1722225600,69347.66,69888,69263.07,69528.01
1722240000,69528.01,69838.62,69375,69580.01
1722254400,69580.01,70079.99,67668.34,68104
1722268800,68103.99,68118,66428,67303.05
1722283200,67303.05,67553.66,66600,66784.69
1722297600,66784.68,66886,65862,66610
1722312000,66610,67000,66322.49,66952
1722326400,66952,66999.92,66404.53,66574.01
1722340800,66574,66948,65555,66216.01
1722355200,66216.01,66550.01,65556.56,65931.02
1722369600,65931.03,66356.89,65302.67,66188
1722384000,66188,66413.28,65881.96,66058
1722398400,66058,66554.4,65496,66224
1722412800,66224,66374.01,65954.54,66094.01
1722427200,66094.01,66849.24,65963.25,66379.99
1722441600,66379.99,66836.3,64957.14,65256.83
1722456000,65256.83,65422,64530,64628
1722470400,64628.01,64841.29,63750,63936.01
1722484800,63936.01,64488,63584,64328.59
1722499200,64328.6,64701.41,64299.87,64674.25
1722513600,64674.26,64949.58,62666.07,62906.6
1722528000,62907.44,63509.83,62302,63422.01
1722542400,63422.01,65659.78,63336.61,65354.02
1722556800,65354.02,65596.14,63668,64609.18
1722571200,64609.17,64655.17,63807.29,64164.07
1722585600,64164.07,64974,64044,64660.01
1722600000,64660.01,65524.01,62432.9,63416.01
1722614400,63416,63611.24,62515,62633.57
1722628800,62633.58,63187.26,61230.01,61498.33
1722643200,61498.34,61975,60505,61895.99
1722657600,61895.99,61981.43,61398.01,61662.01
1722672000,61662.02,62002.39,61457.89,61919.38
1722686400,61919.38,62198.22,60833.33,60879
1722700800,60879.01,61288,59920,60246
1722715200,60246.01,60849.93,59850,60697.99
1722729600,60697.99,61117.63,60320,60735
1722744000,60735,60938.54,60260,60373.99
1722758400,60374,61000,60081.57,60896
1722772800,60896,61097.55,58960,59086.01
1722787200,59086.01,59497.21,57122.77,59257.66
1722801600,59257.67,59583,58001.81,58161
1722816000,58161,58305.59,52300.17,53890.87
1722830400,53890.87,54576.71,49000,52674.19
1722844800,52674.2,53218.37,50633.47,51340
1722859200,51340,54980,49542.83,54321.09
1722873600,54321.08,55600,52555,53470.09
1722888000,53470.08,55200,53462,54018.81
1722902400,54018.82,56276,53950,55665.73
1722916800,55665.73,56169.48,55255,55999.99
1722931200,55998.02,56122,54600.01,55210.01
1722945600,55210,56605.55,54371.94,56405.99
1722960000,56405.99,57040.99,56234.8,56765.48
1722974400,56769.98,56935.56,55800,56022.01
1722988800,56022,57287.99,55557.88,56862
1723003200,56862.01,57250,56544.7,56920.91
1723017600,56920.91,57736.05,56870.39,56963.38
1723032000,56963.39,57479.6,55650,56094.5
1723046400,56094.51,56300,54676.35,54759.22
1723060800,54760.97,55566.24,54558.62,55134.16
1723075200,55133.76,57636.36,54730,57049.74
1723089600,57049.74,57434.35,56670.47,57193.49
1723104000,57193.48,57670.04,56978.52,57320.51
1723118400,57320.51,59505,56700,59428.03
1723132800,59428.03,59863,59237.59,59414.51
1723147200,59414.52,62745.14,59297.34,61685.99
1723161600,61686,61744.37,60720,61358.39
1723176000,61358.39,61390.7,60588.63,60863.57
1723190400,60863.58,61210.31,60170.16,60655.24
1723204800,60655.25,61115.11,59535,59810.23
1723219200,59810.24,60750,59700,60681.42
1723233600,60681.79,60986.03,59909.16,60837.99
1723248000,60837.99,61470.58,60266.03,60437.84
1723262400,60437.85,60851.91,60242,60842
1723276800,60842.01,61116.65,60601.96,60920.88
1723291200,60920.88,60949.99,60400,60515.89
1723305600,60515.9,61196.63,60400,61016.45
1723320000,61016.44,61160,60757.39,60923.51
1723334400,60923.51,61382.73,60892,61085.01
1723348800,61085.01,61271.43,60881.36,61257
1723363200,61257,61858,60425,60669.15
1723377600,60669.14,60761.09,59941,60127.29
1723392000,60127.29,60350,59542.57,59621.11
1723406400,59621.11,59674.38,58286.73,58712.59
1723420800,58712.59,59088.33,58100.06,58509.5
1723435200,58509.5,58984.85,57642.21,58674.61
1723449600,58674.62,59990,58125.75,59851.7
1723464000,59851.71,60711.09,57800,60207.37
1723478400,60207.38,60420.34,58440.54,59043.98
1723492800,59043.99,59745.99,58555.26,59346.64
1723507200,59346.64,59923.28,58846.95,59040
1723521600,59040,59476,58830.23,59238.05
1723536000,59238.05,59331.99,58392.88,58830
1723550400,58830.01,59776.7,58709.57,59472.26
1723564800,59472.25,61578.1,59446.22,60820.15
1723579200,60820.16,61138.87,60389.75,60587.15
1723593600,60587.16,61302.88,60425.01,60952.83
1723608000,60952.83,61162.2,60637.3,60914.02
1723622400,60914.02,61453,60640.4,61296.87
1723636800,61296.88,61800,58823.52,59435.69
1723651200,59435.69,59462.61,58615.06,58891.13
1723665600,58891.13,59183.99,58433.18,58683.39
1723680000,58683.39,59044.44,58010,58442.98
1723694400,58442.99,58639,57713.88,58060.37
1723708800,58060.36,58872.85,57964.85,58745.36
1723723200,58745.36,59787.37,58532.42,59682.84
1723737600,59682.85,59849.38,56680,57047.46
1723752000,57046.34,57885,56078.54,57541.06
1723766400,57541.05,58517.47,57098.62,57890
1723780800,57890,58666.77,57800.47,58456.99
1723795200,58456.99,58683.47,58218.71,58400
1723809600,58400,58915.18,57526.31,58071.06
1723824000,58071.07,59817.76,58000,59683.39
1723838400,59683.39,59715.69,58703.99,58874.6
1723852800,58874.59,59389.18,58785.05,59158.37
1723867200,59158.36,59263.47,59051.98,59248
1723881600,59248,59477.16,59060,59137.12
1723896000,59137.12,59654.9,59100.28,59388.11
1723910400,59388.11,59700,59294.31,59473.19
1723924800,59473.19,59500,59113.68,59491.99
1723939200,59491.99,60259.01,59300,59337.42
1723953600,59337.41,59698,59256.56,59573.39
1723968000,59573.39,60200,59436,60024.01
1723982400,60024,60284.99,59669.85,59863.99
1723996800,59863.99,59945.83,59377.14,59708.38
1724011200,59708.38,59869.77,58408.92,58427.35
1724025600,58427.35,58763.83,58210.03,58736.85
1724040000,58736.85,58746,58359.5,58502.19
1724054400,58502.19,58671.38,57787.3,58396.95
1724068800,58396.94,58970,58029.77,58539.24
1724083200,58539.25,59290,58380,58967.53
1724097600,58967.54,59617.63,58914,59438.5
1724112000,59438.5,60910.55,59363.31,60619.18
1724126400,60619.19,61400,60576.06,60924.33
1724140800,60924.33,60975,60401.9,60518.82
1724155200,60518.83,60955.99,58680.01,58825.53
1724169600,58825.53,59597.28,58548.23,59511.99
1724184000,59512,59722.72,58802.35,59013.8
1724198400,59013.8,59519.99,58783.47,59320
1724212800,59320,59739.52,59183.13,59712
1724227200,59711.99,59924.13,59085.88,59361.14
1724241600,59361.14,60201.98,58850,59511.8
1724256000,59511.79,61625.2,59375,61570
1724270400,61570,61820.93,60902.13,61156.03
1724284800,61156.03,61229,59724.87,60548.9
1724299200,60548.9,61114.23,60459.98,60984.31
1724313600,60984.31,61400,60802.38,61336.09
1724328000,61336.09,61398.18,60100,60407.4
1724342400,60407.39,60600.2,60131,60308
1724356800,60307.99,60707.88,60288,60375.84
1724371200,60375.83,60968.24,60342.14,60593.31
1724385600,60593.31,61367.74,60582.68,61069.27
1724400000,61069.26,61337.57,60691.11,60741.68
1724414400,60741.68,62320.36,60741.68,61533.05
1724428800,61533.04,63819.16,61349.99,63628.84
1724443200,63628.84,64955,63484.18,64037.24
1724457600,64037.24,64206.7,63626.58,63832.01
1724472000,63832,64332,63822,64315
1724486400,64315,64494.5,63868,63905.01
1724500800,63905,64244,63872,63976
1724515200,63976,64444,63903.58,64210.6
1724529600,64210.6,64328,63531,64157.01
1724544000,64157.02,64507.04,64000,64101.01
1724558400,64101.01,64196,63785.76,63868.26
1724572800,63868.27,64010,63773.27,63873.91
1724587200,63873.92,64288,63805,64132.16
1724601600,64132.17,64248.66,64000,64187.41
1724616000,64187.42,65000,64122.49,64220
1724630400,64219.99,64481,63790,64114.99
1724644800,64115,64205.31,63420,63627.01
1724659200,63627.01,64039.2,63220.95,63859
1724673600,63859,63958.95,63061,63532.53
1724688000,63532.54,63878.78,63192.04,63342.99
1724702400,63342.99,63557.58,62800,62834
1724716800,62834,63212,62657,62970
1724731200,62970,63200,62701.06,62902.31
1724745600,62902.32,63000,62230,62417
1724760000,62416.99,62495,61473.03,61709.13
1724774400,61709.13,62196.75,61518.74,62102.01
1724788800,62102,62102.01,58034.01,59415
1724803200,59415,59650,58917.12,59629.01
1724817600,59629.01,59661,58516,58600.98
1724832000,58600.98,60234.98,58534.35,59935
1724846400,59934.99,60160,58443.07,59000
1724860800,59000,59849.99,57860,58898.85
1724875200,58898.85,59602,58623.01,59034.9
1724889600,59034.9,59320,58878.46,59141.1
1724904000,59141.11,59764,59049.79,59583.88
1724918400,59583.88,60477,59374,60067.06
1724932800,60067.06,61166.99,59990,60779.99
1724947200,60779.99,60960,58915.01,59258
1724961600,59257.99,59638.37,58713.09,59359.01
1724976000,59359,59487.64,58899.7,59032.01
1724990400,59032,59582.86,58685,59271.1
1725004800,59271.11,59674.42,59271,59396
1725019200,59396,59944.07,57946.01,58094.99
1725033600,58095,59371,57701.1,58700.02
1725048000,58700.02,59298.89,58700,59123.99
1725062400,59123.99,59462.38,59070.4,59232.01
1725076800,59232.01,59350,59043.12,59095
1725091200,59095.01,59188.9,58831.88,59120.99
1725105600,59120.99,59244.04,58892.15,59006.54
1725120000,59006.54,59140.01,58744,58856
1725134400,58856,59141.72,58763.29,58973.99
1725148800,58974,59076.59,58276.01,58524.21
1725163200,58524.21,58599.98,57777,58478.64
1725177600,58478.64,58504.81,57840,58240.52
1725192000,58240.51,58360.38,57201,58217
1725206400,58217,58788.93,57864.3,58514
1725220800,58514.01,58656.77,57205,57301.86
1725235200,57301.77,57767.14,57128,57742.01
1725249600,57742,57987.99,57362.06,57547.99
1725264000,57548,58680.76,57520.12,58422.01
1725278400,58422.01,58808,58104,58537.99
1725292800,58537.99,58666.64,58293.12,58439.99
1725307200,58440.03,59425.69,58384.61,59132.13
1725321600,59132.12,59809.65,59021.62,59110.99
1725336000,59111,59259,58872,59112
1725350400,59112.01,59195.63,58717,59072
1725364800,59072.01,59350,57568,57725
1725379200,57725.01,58251.09,57589.01,58046
1725393600,58045.99,58247,57415,57487.73
1725408000,57487.74,57943.53,55606,56653.98
1725422400,56653.99,56881,56201,56746
1725436800,56746,56909.94,56453,56573
1725451200,56573,58181.43,56187.61,58134
1725465600,58134,58519,57646,58058.01
1725480000,58058,58390,57792.46,57970.9
1725494400,57970.9,58327.07,56891.07,57135.42
1725508800,57135.42,57291.1,56541.68,57155.1
1725523200,57155.1,57232,56623,56698.01
1725537600,56698.01,57350,55817.51,55976.01
1725552000,55976.01,56710,55800,56060.01
1725566400,56060,56259.97,55643.65,56180
1725580800,56180,56858.88,55989,56588
1725595200,56588.01,56747.91,55280,55804.29
1725609600,55804.28,56262.11,55639,55999.09
1725624000,55999.09,57008,53808,54045.01
1725638400,54045,54435,53267.54,53534.28
1725652800,53534.27,53969.99,52550,53962.97
1725667200,53962.97,54095.65,53745.54,53818.91
1725681600,53818.92,54405.37,53814,54286
1725696000,54286,54492.98,54168.23,54326
1725710400,54326.01,54829,54326,54780
1725724800,54780,54850,54000,54404.01
1725739200,54404.01,54437.97,53814.01,54160.86
1725753600,54160.86,54509,53964,54402.99
1725768000,54402.98,54575,54261.1,54436.25
1725782400,54436.25,54722.85,54356,54556.08
1725796800,54556.08,54567,53640,53687
1725811200,53686.99,54531.1,53629.01,54337.01
1725825600,54337.02,55318,54184,54869.95
1725840000,54869.95,55370.23,54688.69,55115
1725854400,55115,55150,54591.96,54974.01
1725868800,54974.01,55555,54960,55264.87
1725883200,55264.87,55799,54804,55386
1725897600,55385.99,57177,55348.54,57089.54
1725912000,57089.53,58088,56810,57042
1725926400,57042.01,57065.34,56522.86,56524.74
1725940800,56524.74,57290,56386.4,57218.57
1725955200,57218.56,57378,56878.65,57228
1725969600,57228.01,57468.98,56502.31,56596
1725984000,56596.01,58044.36,56566,57952.01
1725998400,57952.01,57975.99,57453,57635.99
1726012800,57635.99,57750,56681.32,56819.55
1726027200,56819.56,56819.56,56100,56712
1726041600,56712.01,56895.82,56325.7,56797.99
1726056000,56798,57166.66,55545.19,56701.23
1726070400,56701.22,57981.71,56646,57585.5
1726084800,57585.5,57676.83,57211.1,57338
1726099200,57338,58470.01,57324,58232.72
1726113600,58232.73,58430.56,57836.28,58138.16
1726128000,58138.15,58350,57894,58057.99
1726142400,58058,58588,57345.23,57512.03
1726156800,57512.03,58450.99,57494.01,58388
1726171200,58388,58388,57781.1,58132.32
1726185600,58132.31,58290.4,57798.49,57845.97
1726200000,57845.97,58137.68,57742,58109.31
1726214400,58109.31,58350,57815,57871.1
1726228800,57871.1,59723.97,57632.62,59667.38
1726243200,59666.01,59999,59312.01,59743.99
1726257600,59743.99,60625,59633.4,60498
1726272000,60497.99,60610.45,60285.55,60329.37
1726286400,60329.38,60348.24,59900,60138.14
1726300800,60138.14,60156,59605.98,59706.39
1726315200,59706.4,60010,59626.01,59876
1726329600,59875.99,59983.39,59400,59810
1726344000,59810.01,60134.13,59774,59993.03
1726358400,59993.02,60280.06,59986.01,60155.93
1726372800,60155.93,60216,60032.9,60196
1726387200,60195.99,60204,59880,60000.51
1726401600,60000.51,60395.8,59871,60335.41
1726416000,60335.41,60352.65,59707.08,59878.22
1726430400,59878.23,59939.1,58691.05,59132
1726444800,59132,59210.7,58112,58575.09
1726459200,58575.09,58970,58312.54,58911.1
1726473600,58911.1,59179.35,58506,58663.99
1726488000,58664,58789.93,57553.38,57881.69
1726502400,57881.7,58263.84,57493.3,57943.99
1726516800,57943.99,58410,57608,58213.99
1726531200,58213.99,58343.99,57610.01,58060
1726545600,58060,58779.08,58028,58695.39
1726560000,58695.39,59300,58636.36,59080.99
1726574400,59080.99,61320,58872.02,61135.5
1726588800,61135.49,61261,59618.26,59967.99
1726603200,59967.98,60424.25,59715.42,60313.99
1726617600,60313.99,60769,59854.6,60509.99
1726632000,60510,60689.62,60199.68,60428.01
1726646400,60428.01,60428.01,59348.88,59846
1726660800,59846,60160,59308.61,59429.18
1726675200,59429.19,61318.6,59174.8,60057.99
1726689600,60057.99,61786.24,59473.68,61759.99
1726704000,61759.98,62589.52,61555,62117.99
1726718400,62117.98,62179.99,61814,62093.99
1726732800,62094,62727.52,61888.18,62645.44
1726747200,62645.44,63500.84,62582.14,63154.04
1726761600,63154.03,63850,62940,63251.99
1726776000,63251.99,63254.14,62650,62947.99
1726790400,62948,63750,62606,63742.16
1726804800,63742.15,64133.32,63390.32,63524.8
1726819200,63524.81,63700,63090.43,63440
1726833600,63440.01,63544.37,62553.9,63153.99
1726848000,63153.99,63282,62350,62809.13
1726862400,62809.13,63300,62709.3,63201.05
1726876800,63201.05,63310.37,62816.47,62889.57
1726891200,62889.58,63134,62758,63091.02
1726905600,63091.02,63136,62966.01,63089.77
1726920000,63089.76,63306,63036.92,63167.98
1726934400,63167.98,63400,63086,63203.59
1726948800,63203.59,63559.9,63058,63348.96
1726963200,63348.97,63450,62830.01,63106
1726977600,63106,63200,62838,62936
1726992000,62936,63034.99,62544.94,62784
1727006400,62784,62930,62429.16,62652.12
1727020800,62652.12,63229.5,62468.01,63160
1727035200,63160,64000,62357.93,63578.76
1727049600,63578.76,64745.88,62538.75,64354
1727064000,64354,64455.13,63400,63548.82
1727078400,63548.83,63710,63300,63435.04
1727092800,63435.03,63806,63059.93,63618
1727107200,63617.99,63825.96,63098.97,63298.56
1727121600,63300.01,63489,63088.69,63339.99
1727136000,63339.99,63401.21,62700,63124
1727150400,63124.01,63569.99,62900,63559.92
1727164800,63559.93,63948,63380,63478.34
1727179200,63478.35,63768,62731.1,63159.99
1727193600,63159.99,64375,63088.02,64292.34
1727208000,64292.35,64688,63966.66,64262.7
1727222400,64262.7,64817.99,63990.41,64460
1727236800,64460.01,64460.23,63645.49,63843.33
1727251200,63843.34,63915.07,63407.7,63838.01
1727265600,63838.01,63999,63283.37,63495.66
1727280000,63495.66,63670,63000,63181.5
1727294400,63181.51,63551.81,62947.08,63152.01
1727308800,63152.01,63544,62670,63514.34
1727323200,63514.35,63874.41,63340,63852.07
1727337600,63852.07,64500,63595.67,64393.99
1727352000,64393.98,65550,64150,65229.03
1727366400,65229.03,65839,64693.26,64711.06
1727380800,64711.07,65244,64633.52,65173.99
1727395200,65173.99,65425,64819.9,65366.01
1727409600,65366.01,65550,65099.99,65460.02
1727424000,65460.02,65986,65342.78,65437.35
1727438400,65437.36,66498,65314.31,66006.01
1727452800,66006.01,66360,65524,65657.99
1727467200,65657.99,65962,65625,65769.95
1727481600,65769.95,66260,65720,66063.76
1727496000,66063.76,66087,65738,65824.01
1727510400,65824.01,65824.01,65453,65798.01
1727524800,65798.01,65816,65422.23,65619.13
1727539200,65619.14,65823.08,65492.59,65724
1727553600,65724,65982.16,65432,65858
1727568000,65858,65984,65647.28,65815.92
1727582400,65815.93,65815.93,65432,65477.01
1727596800,65477.01,65720,65433,65691.92
1727611200,65691.92,65850,65576.21,65751.34
1727625600,65751.34,65972.17,65654.01,65958.82
1727640000,65958.81,66076.12,65528,65602.01
1727654400,65602.01,65618.8,64190,64553.68
1727668800,64553.68,64750.01,64310,64562.01
1727683200,64562.01,64576.01,63249.68,63819.44
1727697600,63819.45,64161.08,63508,63561.41
1727712000,63561.42,63738.25,63056,63488
1727726400,63488,63860,62856.3,63327.59
1727740800,63327.6,63744,63006.7,63723.48
1727755200,63723.47,64130.63,63652.06,64045.92
1727769600,64045.92,64118,63707.89,63734
1727784000,63734.01,63809.97,61814.01,62628.85
1727798400,62628.85,62778.73,61092,61755.99
1727812800,61755.99,61760.74,60164,60805.78
1727827200,60804.92,61883,60733.81,61750.47
1727841600,61750.46,61940,61350,61727.4
1727856000,61727.39,61914.34,60888.88,61164.01
1727870400,61164.01,61926.9,60524.21,61874.01
1727884800,61874.01,62390.31,60000,60190.01
1727899200,60190.01,60999.24,60128,60649.28
1727913600,60649.27,61464,60536,61463.99
1727928000,61464,61477.19,60814.12,60926
1727942400,60926,61070.47,60126.56,60764.74
1727956800,60764.73,60900,59828.11,60641.5
1727971200,60641.5,61058,59917.02,61036
1727985600,61036,61100,60596.4,60752.71
1728000000,60752.72,61272.73,60459.9,60951.99
1728014400,60951.99,61544.98,60936.66,61443.64
1728028800,61443.64,61646.27,61266.42,61449.84
1728043200,61449.84,62004.48,60753.97,61873.04
1728057600,61873.05,62468,61644.01,62368
1728072000,62368,62484.85,61965.14,62086
1728086400,62086,62214,61689.26,61861.99
1728100800,61861.99,62268.28,61824.01,62076.19
1728115200,62076.2,62326.48,62076.19,62180
1728129600,62179.99,62370.56,62100,62167.66
1728144000,62167.65,62180,61790,61848.48
1728158400,61848.48,62100,61700,62058
1728172800,62058.01,62150,61876,61878.66
1728187200,61878.66,62010,61798.97,61949.01
1728201600,61949.01,62176.75,61922,62101.92
1728216000,62101.92,62777,62065.31,62720.01
1728230400,62720.01,62975,62550,62631.38
1728244800,62631.38,62912.33,62302,62819.91
1728259200,62819.91,63970.19,62657.44,63530.51
1728273600,63530.51,63753.91,63300.48,63531.99
1728288000,63532,63706,62649.95,63135.44
1728302400,63135.45,64478.19,62825.37,63651.6
1728316800,63651.59,63906.57,62735.9,63382
1728331200,63381.99,63410,62128,62224
1728345600,62224.01,62820,62156.02,62629.8
1728360000,62629.8,62778.04,62005,62319.99
1728374400,62319.99,62670.16,62193.63,62624.01
1728388800,62624.02,63200,61864.89,62288.01
1728403200,62288.01,62598,61860.31,62245.53
1728417600,62245.99,62565.95,62026.13,62160.49
1728432000,62160.5,62494,62002.5,62394.07
1728446400,62394.07,62543.75,62200,62276.78
1728460800,62276.79,62287.07,62046.69,62200
1728475200,62199.99,62412.09,61634.61,62316
1728489600,62316,62350,60835,61031.98
1728504000,61031.99,61122.53,60301,60636.02
1728518400,60636.01,60956,60355,60865.29
1728532800,60865.29,61149.58,60814.9,60900
1728547200,60900.01,61321.68,60630.71,61262
1728561600,61262.01,61320,60444.99,60789.36
1728576000,60789.36,61030.31,58946,59727.28
1728590400,59727.27,60329.27,59586.29,60326.39
1728604800,60326.4,60768.64,60087.64,60614
1728619200,60614.01,60925.16,60578,60674.69
1728633600,60674.68,61263.4,60650.44,61174.87
1728648000,61174.88,62450,61129.72,62259.05
1728662400,62259.04,63417.56,62123,63086.01
1728676800,63086,63160,62357.7,62540
1728691200,62539.99,63073.78,62487.23,62568
1728705600,62568,62800,62565.51,62767.57
1728720000,62767.57,63260.53,62672.34,62936.91
1728734400,62936.91,63480,62824.03,63157.49
1728748800,63157.5,63400,62911,63000.01
1728763200,63000.01,63388,63000,63206.22
1728777600,63206.23,63285.72,62654.91,62712.31
1728792000,62712.31,62990,62707.21,62843.48
1728806400,62843.48,62962,62520.18,62561.33
1728820800,62561.34,62818,62050,62229.31
1728835200,62229.32,62887.78,62177.67,62734.32
1728849600,62734.31,63125,62610.67,62870.02
1728864000,62870.02,64392.49,62457.81,64299.99
1728878400,64300,64686,63778.62,64620.87
1728892800,64620.87,65188.57,64340.98,64920.06
1728907200,64920.05,66299.93,64660.56,65870
1728921600,65870,66072.3,65459,65939.4
1728936000,65939.41,66500,65730,66083.99
1728950400,66084,66330,65324.4,65400
1728964800,65399.99,65846,65201,65638.74
1728979200,65638.74,65850,65280,65399.69
1728993600,65399.68,67950,64800.01,66022
1729008000,66022.01,67390.89,65982.55,66970.18
1729022400,66970.18,67156.47,66130.64,67074.14
1729036800,67074.14,67561.04,66750.49,67095.98
1729051200,67095.99,67361.41,66775.67,66972.53
1729065600,66972.53,68424,66917.52,67894.72
1729080000,67894.73,68308.91,67117.18,67749.99
1729094400,67750,68100,67482,67728
1729108800,67728.01,67954.03,67500,67620.01
1729123200,67620,67939.4,67406.99,67601.4
1729137600,67601.4,67601.4,67087.35,67303.18
1729152000,67303.18,67530.01,66741.09,66872.43
1729166400,66872.44,67680,66666,67590.66
1729180800,67590.67,67590.67,66720,66840
1729195200,66840,67480,66827.68,67421.78
1729209600,67421.78,68260.92,67192.36,67555.4
1729224000,67555.41,68378.95,67544,67969.7
1729238400,67969.69,68050,67674.98,67702
1729252800,67702,68870.68,67642.71,68735.35
1729267200,68735.34,69000,68360,68608.01
1729281600,68608.01,68690,68204.1,68428
1729296000,68427.99,68693.26,68303.03,68450.01
1729310400,68450,68560,68302.31,68346.54
1729324800,68346.54,68475.7,68090.3,68090.3
1729339200,68090.3,68350,68088,68226.93
1729353600,68226.94,68242.43,68010,68181.98
1729368000,68181.98,68413.96,68168.45,68378
1729382400,68377.99,68446,68100,68188
1729396800,68188.01,68433.5,68176.26,68378
1729411200,68378.01,68500,68355,68420.01
1729425600,68420.01,68772.7,68198.22,68625.99
1729440000,68625.99,68660,68422,68508.29
1729454400,68508.3,69400,68461.93,69031.99
1729468800,69032,69519.52,68588.51,68939.99
1729483200,68940,69185.18,68488.33,68514
1729497600,68513.99,68661,68119.01,68238.01
1729512000,68238,68328.68,66840.67,67341.02
1729526400,67341.02,67941.17,66894,67763
1729540800,67763.99,67933.79,67366.66,67377.5
1729555200,67377.5,67694.92,66571.42,67390.02
1729569600,67390.01,67800,67278.02,67402
1729584000,67402,67526.67,66740,67299.15
1729598400,67299.15,67693.34,66644.18,67282.27
1729612800,67282.27,67635.72,66920,67482.98
1729627200,67482.99,67836.01,67292,67426
1729641600,67426.01,67472.83,66890,67082.1
1729656000,67082.1,67302.83,66800,66852.34
1729670400,66852.33,67048,66200,66414
1729684800,66414,66910.15,65923.01,66223.44
1729699200,66223.45,66573.58,65260,66472
1729713600,66472,66807.37,66338.99,66668.65
1729728000,66668.65,67612.12,66510,67213.16
1729742400,67213.16,67479.55,67068.75,67123.08
1729756800,67123.09,67322.26,66700,67285.99
1729771200,67286,67998,67262,67701.22
1729785600,67701.21,68323,67350.01,68309.79
1729800000,68309.79,68850,67978.04,68198.28
1729814400,68198.27,68286.56,67836,68008
1729828800,68007.99,68045.36,67250,67531.97
1729843200,67531.96,68183.78,67286.28,68105.79
1729857600,68105.79,68771.49,67429.87,67690.01
1729872000,67690.01,67890.52,66006.6,66850
1729886400,66849.99,67392.52,65596.29,66698.33
1729900800,66698.32,67050.2,66439.9,66914
1729915200,66914,67240.02,66784.26,67007.99
1729929600,67007.99,67264.34,66953.02,67138
1729944000,67138,67180,66744,66886.49
1729958400,66886.49,67181.82,66788,67177.99
1729972800,67178,67454.55,67084,67092.76
1729987200,67092.76,67325.46,66913.73,67289.57
1730001600,67289.57,67317.78,67120,67204.01
1730016000,67204,67266.49,67036.85,67128.04
1730030400,67128.03,67858,67121.45,67791.99
1730044800,67792,68000,67540.88,67850
1730059200,67850,68332.05,67688.09,68021.7
1730073600,68021.69,68116.78,67677.77,67727.59
1730088000,67727.59,68680,67618,68415.52
1730102400,68415.52,68833.57,68238.81,68753.78
1730116800,68753.78,69280,68426.67,68494.2
1730131200,68494.2,69900,68452.54,69629.98
1730145600,69629.99,70270,69427.79,69962.21
1730160000,69962.21,71587.88,69760,70938.14
1730174400,70938.15,71370,70837.83,71017.97
1730188800,71017.96,71578.95,70974,71452.01
1730203200,71452.02,72429.99,70929,72402.01
1730217600,72402,73620.12,72350.7,72536.16
1730232000,72536.38,72978.9,71864.65,72736.42
1730246400,72736.41,72785.72,72000.01,72234
1730260800,72234,72610,72100,72227.99
1730275200,72227.99,72604.97,71926.82,71983.99
1730289600,71984,72470,71436,72061.34
1730304000,72061.34,72197.5,71641.77,71822.01
1730318400,71822.01,72961,71644.19,72344.74
1730332800,72344.75,72599.99,72030.08,72353.74
1730347200,72353.75,72478,72150,72417.19
1730361600,72417.19,72700,72149.79,72226
1730376000,72226,72276,70431.77,70620
1730390400,70620.01,70949.51,70036,70092.07
1730404800,70092.07,70654.76,69685.76,70292.01
1730419200,70292.01,70470,68830,69369.99
1730433600,69369.99,69699.14,69080,69273.7
1730448000,69273.7,70228,69237.26,70002.01
1730462400,70002.01,71632.95,69044,69387.77
1730476800,69387.78,70515.16,68820.14,69268
1730491200,69268,69627,68854.5,69496.01
1730505600,69496,69914.37,69479.91,69599.99
1730520000,69599.99,69823.94,69446,69813.91
1730534400,69813.91,69838.62,69417.88,69608
1730548800,69608,69711.59,69000.14,69393.17
1730563200,69393.18,69616,69215,69510
1730577600,69510,69571.99,69149,69374.74
1730592000,69374.74,69391,67864.16,68379.89
1730606400,68379.9,68771.58,68303.99,68397.42
1730620800,68397.42,68603.58,68200.01,68358.86
1730635200,68358.86,68560,67478.73,68090.9
1730649600,68090.91,68693.81,67667.21,68679
1730664000,68679,69358,68492.82,68775.99
1730678400,68775.99,69500,68240.61,69047.86
1730692800,69047.86,69401.55,68618,68618
1730707200,68618,69036,68470,68792.71
1730721600,68792.72,69264.52,68202.99,68646.01
1730736000,68646.01,68814.32,67251.5,67856
1730750400,67856.01,68106.07,66835,67850.01
1730764800,67850.01,68255,67476.63,68243
1730779200,68243.01,68976,68218.51,68893.99
1730793600,68894,69100,68615.11,68810.03
1730808000,68810.03,70325.06,68666,69639.99
1730822400,69640,70577.91,68732.77,68995.99
1730836800,68995.99,69898.02,68786.91,69372.01
1730851200,69372.01,75000,69298,74348.53
1730865600,74348.53,75407.1,72727,73370.89
1730880000,73370.89,74475.47,72656.31,74272.01
1730894400,74272,74757.58,73488,74298
1730908800,74297.99,75850,74150,75823.55
1730923200,75823.55,76400,75507.1,75571.99
1730937600,75571.99,76022.79,75003.83,75048.01
1730952000,75048.01,75048.01,74416,74757.58
1730966400,74757.58,75150.11,74649.54,74746
1730980800,74745.99,76059.69,74512.19,76059.69
1730995200,76059.68,76718.99,75555.17,76530.39
1731009600,76530.4,76849.99,75494,75857.89
1731024000,75857.89,76358,75555,75890.79
1731038400,75890.79,76220,75686,76148.49
1731052800,76148.49,76320,75760,75934.46
1731067200,75934.47,76584.6,75630.76,76427.72
1731081600,76427.72,77199.99,75822.07,76912.58
1731096000,76912.58,77097,76300.23,76509.78
1731110400,76509.78,76639.84,76136,76341.47
1731124800,76341.47,76795.69,76294,76529.08
1731139200,76529.07,76735.59,76358.91,76487.11
1731153600,76487.11,76541.53,76272.72,76319.9
1731168000,76319.91,76700,75714.66,76204.92
1731182400,76204.91,76900,76179,76677.46
1731196800,76677.46,77498,76492,77205.96
1731211200,77205.97,79788.96,77138,78832.37
1731225600,78832.36,80040,78832.36,79844.01
1731240000,79844,80080,79200,79694.03
1731254400,79694.03,81069.99,79324.59,79748.99
1731268800,79748.99,81500,78473.13,80370.01
1731283200,80370.01,81846.71,80216.01,81612.23
1731297600,81612.23,81727.47,80432,81109.1
1731312000,81109.11,82380.94,81023.29,82134
1731326400,82133.99,84263.51,81460.19,84059.54
1731340800,84059.53,86650,83831.84,86102.21
1731355200,86102.21,89530.54,86052,88647.99
1731369600,88648,89470,86561.35,88047.46
1731384000,88047.45,89940,87700,88983.35
1731398400,88983.35,89372,85229,87155.55
1731412800,87155.55,87860,85072,86632
1731427200,86632,89764.38,85730.35,88704.28
1731441600,88704.28,89876.94,87379.59,87952.01
1731456000,87952,88562.94,87004,87136
1731470400,87136,87692.69,86127.99,87356
1731484800,87356.01,88083,87082.42,87669.39
1731499200,87669.4,92690,87502.49,92540.01
1731513600,92540,93265.64,89969.87,90193.51
1731528000,90193.5,91184.02,87970.98,90375.2
1731542400,90375.21,90566,89458.13,89937.02
1731556800,89937.03,90850,89104.54,90769.42
1731571200,90769.42,91657.77,90329.8,91491.86
1731585600,91491.85,91790,87829.57,87947.99
1731600000,87947.99,89775.24,87526.74,89463.99
1731614400,89463.99,89464,86668.21,87325.59
1731628800,87325.59,88473.7,87252,88218.21
1731643200,88218.22,88391.99,87073.38,87612
1731657600,87612.01,89771.99,87368,89741.25
1731672000,89741.24,90709.74,87754.45,88445.41
1731686400,88445.4,90844.9,88386.99,90377.89
1731700800,90377.89,91850,90324.85,91032.07
1731715200,91032.08,91709.06,90850,91252.03
1731729600,91252.04,91779.66,91064.24,91117.53
1731744000,91117.52,91598.13,90993.15,91169.69
1731758400,91169.69,91320,90056.17,90521.2
1731772800,90521.2,91396.03,90186.64,91100.24
1731787200,91100.23,91181.82,90300,90586.92
1731801600,90587.98,90888,89364,90247.86
1731816000,90247.86,90888,90158.56,90550.8
1731830400,90550.8,91449.99,90478.99,90684.19
1731844800,90684.19,91189.88,89925.91,90260.01
1731859200,90260.01,90640.18,89664.34,90044
1731873600,90044,90212.13,88722,89855.99
1731888000,89855.98,90935.44,89617.96,90668.58
1731902400,90668.58,92300,90438.85,91719.9
1731916800,91719.9,92211.99,90051.1,90275.13
1731931200,90275.13,92594,89376.9,92309.51
1731945600,92309.51,92584.95,89667.66,90608.26
1731960000,90608.26,91980,90224.02,90464.08
1731974400,90464.07,91529,90357,91428
1731988800,91428,92000,91238.09,91620.01
1732003200,91620,91950,91200,91652.02
1732017600,91652.01,92788,90975.8,92391.99
1732032000,92391.99,93905.51,92147.12,93227.87
1732046400,93227.87,93571.08,91320,92310.79
1732060800,92310.8,92418.68,91500,92039.99
1732075200,92039.99,92851.09,91850,92850.38
1732089600,92850.38,93669.98,92720,93454.65
1732104000,93454.65,94807.62,93314.49,94739.97
1732118400,94739.98,94831.97,93138,94000
1732132800,94000,94599.98,93770.07,94286.56
1732147200,94286.56,95904,94040,95798.12
1732161600,95798.12,97852,95798.11,96912.01
1732176000,96912.01,98384.86,96723.96,97974.99
1732190400,97975,98250,95600,96672
1732204800,96672,98988,96276.69,97829.83
1732219200,97829.84,98723.65,97533.18,98317.12
1732233600,98317.12,99299.99,97840,98836.5
1732248000,98836.49,99419.99,98517.21,99173.7
1732262400,99173.7,99267.19,98219.84,98870.38
1732276800,98870.39,98949,97122.11,98664
1732291200,98663.99,99588.01,98220,99079.74
1732305600,99079.74,99449,98535,98892
1732320000,98892,98908.85,98300,98666.67
1732334400,98666.66,98800,98284.61,98560.85
1732348800,98560.84,98623.76,98300,98429.99
1732363200,98430,98847.68,98400,98400
1732377600,98400.01,98459.56,97336.06,97504
1732392000,97504,98015.82,97136,97672.4
1732406400,97672.4,98564,97620.74,98200.1
1732420800,98200.1,98431.06,97872.2,98431.05
1732435200,98431.05,98472.98,97239.29,97280.03
1732449600,97280.04,97606.52,95900.01,95901.51
1732464000,95901.52,96747.98,95734.77,96320.02
1732478400,96320.01,98369.46,96195.47,97900.04
1732492800,97900.05,98050,96888,97898.8
1732507200,97898.81,98376.99,97491.66,98047.34
1732521600,98047.34,98871.8,97850,98188.09
1732536000,98188.09,98313.08,94525,96000.56
1732550400,96000.57,96500,94400,94669.48
1732564800,94669.49,95300,92600.19,93010.01
1732579200,93010.01,94923.69,92727.9,94464
1732593600,94464,94973.37,93500.08,93785.71
1732608000,93785.72,93785.72,91466.52,92356.85
1732622400,92356.84,93559,91739.7,92813
1732636800,92812.99,94685.6,91554.11,91683.89
1732651200,91683.9,92364,90791.1,91965.16
1732665600,91965.16,93037.38,91792.14,92588
1732680000,92588,93648,92361.66,93597.16
1732694400,93597.16,93885.6,93109.12,93367.99
1732708800,93367.99,95850,92847.84,95556.01
1732723200,95556,96631.68,95184.79,96627.99
1732737600,96627.99,97208.21,95731.72,95863.11
1732752000,95863.11,96564,94822.54,95471.43
1732766400,95471.44,95922.39,95063.15,95299.66
1732780800,95299.66,95780,94640,95452.01
1732795200,95452,96221.8,94900,95007.14
1732809600,95007.15,95435.68,94817,95119.48
1732824000,95119.48,96023.48,94698,95643.98
1732838400,95643.99,96859,95364.99,96590.36
1732852800,96590.35,96630.09,95600.03,95625.05
1732867200,95625.05,97358.21,95616,97237.91
1732881600,97237.91,98619.99,96768,98019.47
1732896000,98019.46,98440,96853.82,97329.73
1732910400,97329.73,97624.62,96981.01,97460
1732924800,97460,97463.95,96309.85,96640.02
1732939200,96640.02,97234.02,96532.7,96783.38
1732953600,96783.38,96968.78,96092.01,96267.99
1732968000,96267.99,96732.15,96242.14,96645.41
1732982400,96645.42,97062.5,96531.35,97019.68
1732996800,97019.69,97040,96320.99,96407.99
1733011200,96407.99,96672.49,95693.88,96336.75
1733025600,96336.76,96515.52,96195.99,96472.97
1733040000,96472.97,97179.04,96424.99,97108.89
1733054400,97108.89,97388.78,96660.88,97028.02
1733068800,97028.02,97523.41,96958.48,97178.73
1733083200,97178.73,97836,96800.01,97185.18
1733097600,97185.17,98130,96350,96483.75
1733112000,96483.75,96924,95749.97,95999.99
1733126400,95999.99,96112,94820.41,95128.68
1733140800,95128.67,97214.77,94766,97048
1733155200,97048.01,97356.69,94395,95816
1733169600,95816.01,96327.87,95112.01,95840.62
1733184000,95840.61,96305.52,95400,96079.36
1733198400,96079.36,96238.1,95277.35,95550
1733212800,95550,95662.94,94595.38,94988.01
1733227200,94988,96250,93578.17,95682.54
1733241600,95682.54,96169.99,94860,95428.6
1733256000,95428.61,96140.01,95272.5,95849.69
1733270400,95849.69,96614.16,95224.17,95770.32
1733284800,95770.32,96714.41,95717.54,96588.81
1733299200,96588.81,96950,96172,96190.41
1733313600,96190.41,96560,95352.41,95742.81
1733328000,95742.8,97232.01,94587.83,97209.64
1733342400,97209.64,99000,97128.52,98587.32
1733356800,98587.32,104088,97888.89,102964
1733371200,102964,103544.71,101324.16,102236.1
1733385600,102236.1,103159.76,102236.1,102566.91
1733400000,102566.91,103550,100925.97,101292.01
1733414400,101292,101999,98599.36,99028
1733428800,99028.01,99479.72,90500,96945.63
1733443200,96945.63,98828.7,95981.72,97735.29
1733457600,97735.29,98288,97370.19,98138.54
1733472000,98138.53,98705.23,97622.86,98069.62
1733486400,98069.61,99483.81,97512.26,99309.99
1733500800,99310,101799,98762.6,101439.99
1733515200,101439.99,101898.99,99053.03,99740.84
1733529600,99740.84,100428,99285.71,99299.63
1733544000,99299.64,99666.31,98844,99405.2
1733558400,99405.2,99821.83,99260,99620
1733572800,99620,99800,99036.01,99756.01
1733587200,99756,100263.64,99460.37,100077.45
1733601600,100077.45,100439.18,99595.11,99831.99
1733616000,99831.99,100328.88,99632.28,99934.82
1733630400,99934.83,100030,99336,99675.11
1733644800,99675.11,99844.28,98657.7,99701.16
1733659200,99701.17,100500,99357.16,99912.01
1733673600,99912.01,100198,99480,100100.98
1733688000,100100.99,101351,99736.06,101109.59
1733702400,101109.6,101215.93,98432.18,99090.84
1733716800,99090.84,99729.88,98328,99576.51
1733731200,99576.51,99679.71,98035.57,98088.47
1733745600,98088.47,100421.8,97508.58,97812
1733760000,97812,98398,97000,97070.32
1733774400,97070.33,97572.52,94150.05,97276.47
1733788800,97276.48,98138,95565.41,96931.99
1733803200,96931.99,97519.2,95900,97196.44
1733817600,97196.44,97937.5,96938.19,97722.52
1733832000,97722.53,98270,95555,95658.79
1733846400,95658.79,96500,94256.54,95856.5
1733860800,95856.5,97200.7,95616,96593
1733875200,96593,97625.76,95658.24,97398.43
1733889600,97398.42,97790.36,97181.7,97334.6
1733904000,97334.59,98472.57,97316.78,98292.61
1733918400,98292.61,100800,98072.33,100361.64
1733932800,100361.64,101141.01,99608.23,101122.71
1733947200,101122.71,101888,100866.42,101125
1733961600,101125,101829,100331.61,101025.87
1733976000,101025.88,101191.85,100402.82,100499.99
1733990400,100499.99,101126.54,100178.32,100358.42
1734004800,100358.42,101861.6,100348.35,101797.14
1734019200,101797.14,102540,99311.64,99481.32
1734033600,99481.33,100476.19,99465.33,100004.29
1734048000,100004.29,100356.85,99205,99729.09
1734062400,99729.09,100225.52,99500,100130
1734076800,100130.01,100789,99896,100353.37
1734091200,100353.37,101375.26,99700,99873.16
1734105600,99873.16,101895.26,99800,101462.34
1734120000,101462.34,101879.98,101090.9,101424.25
1734134400,101424.24,102650,101148.35,102088
1734148800,102088,102138,101590.9,101824
1734163200,101824,101863.64,101321,101583.99
1734177600,101584,101742.43,100826.38,101625.12
1734192000,101625.12,101737.7,100831.63,101313.54
1734206400,101313.54,101499.08,100609.41,101420
1734220800,101420,102196.97,101237.14,101733.82
1734235200,101733.83,102850,101534.01,101732.09
1734249600,101732.09,102691.01,101581.07,102671.44
1734264000,102671.44,103359.97,102473.01,102704.01
1734278400,102704,103490,102583.65,103252.95
1734292800,103252.96,105250,102621.5,104463.99
1734307200,104463.99,106648,104259.48,104582.28
1734321600,104582.28,105420.76,104469.89,104992.79
1734336000,104992.79,105016.85,103625.78,103757.99
1734350400,103758,106499.99,103333,106332.01
1734364800,106332,107793.07,105797.41,106583.12
1734379200,106583.13,106648.48,105480.02,106058.66
1734393600,106058.65,107000,105657.34,106866.49
1734408000,106866.5,107143.29,106368.45,106805.75
1734422400,106805.75,107550.02,106708.86,106808.31
1734436800,106808.31,108353,105725.99,106478.47
1734451200,106478.48,107633,106148,106475.89
1734465600,106475.89,106903.99,105321.49,106133.74
1734480000,106133.74,106524.98,104581.58,104763.98
1734494400,104763.99,104763.99,103137.82,104250.75
1734508800,104250.75,105033.33,103729.18,105028.33
1734523200,105028.33,105350,103650,104428.54
1734537600,104428.54,104999.98,102817.82,102817.82
1734552000,102817.82,102997.77,100000,100204.01
1734566400,100204.01,101310.25,98802,101193.15
1734580800,101193.15,101727.28,100629.99,101656.57
1734595200,101656.57,102609.72,101380.1,102449.99
1734609600,102450,102800.11,99500,100679.86
1734624000,100679.86,101200,96251.32,97199.72
1734638400,97199.72,98500,95700,97461.86
1734652800,97461.86,97814.09,96000,97106.02
1734667200,97106.02,98233,96374.03,97832.53
1734681600,97832.52,97864.91,92612.1,92723.98
1734696000,92723.99,97572,92232.54,96991.62
1734710400,96991.63,97748,96300,97116
1734724800,97116,97816.44,95393.84,97805.44
1734739200,97805.44,97813.59,97188.09,97487.46
1734753600,97487.47,99540.61,97378.5,99040
1734768000,99040,99187.95,97800,98262.08
1734782400,98262.08,98283.95,96398.39,97527.97
1734796800,97527.96,97723.18,96819.36,97269.03
1734811200,97269.03,98057.51,96539.91,97291.99
1734825600,97292,97448.08,96549.37,96994.37
1734840000,96994.37,97071.97,95890.28,96210.24
1734854400,96210.25,97351.57,96196.85,97101.28
1734868800,97101.29,97300,95109.13,95377.72
1734883200,95377.71,96444.45,94700,94836.55
1734897600,94836.55,95824,94250.35,95186.27
1734912000,95186.28,96043.99,93700.42,96025.15
1734926400,96025.15,96509.98,94705.07,95404.01
1734940800,95404.01,96538.92,95036.77,95932.42
1734955200,95932.41,96423,93107.52,93250.37
1734969600,93250.38,94260,92690,93044.79
1734984000,93044.79,95509.09,92520,94881.47
1734998400,94881.47,94881.47,93569.02,94348.75
1735012800,94348.75,94653.45,93810.45,94233.19
1735027200,94233.2,94635.7,93840,94398.6
1735041600,94398.6,98300,94075.1,98300
1735056000,98299.99,99487.99,97546.57,97581.09
1735070400,97581.1,99068.9,97250,98663.58
1735084800,98663.58,98878.44,97725.27,98029.48
1735099200,98029.49,98581.9,97844.18,98084.33
1735113600,98084.33,99349.31,97773.83,97907.61
1735128000,97907.61,98832.89,97632.02,98519.98
1735142400,98519.99,99299.99,98134.4,99018.52
1735156800,99018.52,99569.15,98384.61,99429.6
1735171200,99429.61,99963.7,98468.26,98995.17
1735185600,98995.18,98995.18,97711.17,97719.99
1735200000,97719.99,97772.13,95199.14,95695.81
1735214400,95695.81,96280.25,95234.93,96042.88
1735228800,96042.89,96621.95,95444.44,96102.25
1735243200,96102.24,96114.46,95302,95791.6
1735257600,95791.6,96443.68,95401.03,96417.84
1735272000,96417.84,96604.24,94646.03,95104.76
1735286400,95104.76,97544.58,95104.76,96952.38
1735300800,96952.38,97035.8,94011.11,94573.75
1735315200,94573.75,94996.16,93500.01,94750
1735329600,94750.11,94823.09,94100.6,94299.03
1735344000,94299.03,94720,94135.66,94594.91
1735358400,94594.91,94800,94307,94381.99
1735372800,94381.98,94883,94312.67,94754.83
1735387200,94754.83,95340.36,94375.8,94447.29
1735401600,94447.28,95245.24,94389.45,95027.76
1735416000,95027.75,95733.99,94878.26,95300
1735430400,95300,95340,94808,95172.4
1735444800,95172.41,95283.99,94971.44,95272.04
1735459200,95272.05,95315.5,95010,95032.57
1735473600,95032.58,95231.58,94010,94511.12
1735488000,94511.11,94578.89,93367.52,93612.89
1735502400,93612.89,93949.52,93009.52,93738.2
1735516800,93738.19,94274.29,93368.93,93722.71
1735531200,93722.72,94060.35,93240.03,93731.65
1735545600,93731.66,94068.56,93469.56,93923.14
1735560000,93923.14,94277.23,91530.45,92130.21
1735574400,92130.21,94684.09,91800,94417.04
1735588800,94417.04,95024.5,91901.57,92792.05
1735603200,92792.05,92907.03,92033.73,92509.59
1735617600,92509.6,93040.1,92344.07,92860.75
1735632000,92860.75,94741.68,92842.88,94232.68
1735646400,94232.68,96250,94232.67,95412
1735660800,95412,95590.52,93189.59,94166.88
1735675200,94166.88,94222.5,93375.38,93576
1735689600,93576,94509.42,93489.03,93838.04
1735704000,93838.04,93937.19,93500,93684.1
1735718400,93684.11,93756.02,92888,93444.64
1735732800,93444.65,94500,93407.07,94432.94
1735747200,94432.94,94823.75,93760.93,94627.07
1735761600,94627.08,95151.15,94542,94591.79
1735776000,94591.78,95516,94392,95010.33
1735790400,95010.34,96000,94984.84,95822
1735804800,95822.01,96876.38,95640.05,96732.99
1735819200,96733,97440.91,95924.6,96455.01
1735833600,96455.01,97777,96040.04,97317.74
1735848000,97317.74,97839.5,96666.66,96984.79
1735862400,96984.79,97342.44,96650,97062.3
1735876800,97062.3,97066.18,96280.65,96304
1735891200,96304,96830,96100.01,96757.58
1735905600,96757.57,97660,96472.43,97521.35
1735920000,97521.36,98976.91,97406.54,98592.01
1735934400,98592.02,98748,98067.99,98174.18
1735948800,98174.17,98314.15,97800,98200
1735963200,98200.01,98350.04,97862.87,98271.88
1735977600,98271.87,98306.22,97532.58,97889.39
1735992000,97889.4,98152.02,97514.79,97657.94
1736006400,97657.95,98350,97549.99,98166.26
1736020800,98166.26,98778.43,98143.2,98220.5
1736035200,98220.51,98391.59,98050,98187.96
1736049600,98187.97,98522.76,98187.96,98268.77
1736064000,98268.77,98268.78,97600,97641.63
1736078400,97641.62,98281.89,97276.79,98028.98
1736092800,98028.98,98332.54,97577.46,98079.63
1736107200,98079.64,98836.85,98024,98363.61
1736121600,98363.61,99333,97920,99037.57
1736136000,99037.57,99892,99037.57,99318.7
1736150400,99318.7,99625.69,98709.28,99259.99
1736164800,99259.99,102468.92,98711.94,102147.95
1736179200,102147.95,102480,101250,101817.22
1736193600,101817.22,102329.98,101600.05,102235.6
1736208000,102235.6,102724.38,101512.91,101708.08
1736222400,101708.09,102015.01,101582.79,101664.81
1736236800,101664.81,101995.64,100472.45,100830.86
1736251200,100830.86,100960.06,97153.5,97952.26
1736265600,97952.26,98347.81,96323.67,96451.98
1736280000,96451.99,97220.76,96181.81,96954.61
1736294400,96954.6,97268.65,96216.83,96525.2
1736308800,96525.2,96654.61,95250.76,95657.09
1736323200,95657.09,96132.47,94543.86,95134.92
1736337600,95134.92,96079.32,94624.43,95493.77
1736352000,95493.77,95555.25,92500.9,94243.89
1736366400,94243.89,95310.94,93600,95060.61
1736380800,95060.61,95382.32,93422.89,94027.9
1736395200,94027.91,94618.63,93186.38,93221.59
1736409600,93221.59,93877.46,92750,93465.23
1736424000,93465.23,94588.23,91800,94244.02
1736438400,94244.02,94685.25,91900.01,91909.59
1736452800,91909.59,92720.67,91203.67,92552.49
1736467200,92552.49,93727.83,92431.73,93696.13
1736481600,93696.13,95000,93500,94492.63
1736496000,94492.62,95293.4,94388.5,95073.95
1736510400,95073.95,95117.26,92206.02,93730.92
1736524800,93730.93,95836,93177.4,95327.06
1736539200,95327.07,95442.15,94586.02,94726.11
1736553600,94726.1,94746.37,94106.49,94206.95
1736568000,94206.96,94441.87,93831.73,94246.36
1736582400,94246.36,94791.67,94031.22,94625.65
1736596800,94625.66,94655.2,94307.25,94410.26
1736611200,94410.26,94708.12,93984.55,94249.26
1736625600,94249.27,95050.94,94200.89,94599.99
1736640000,94599.99,94699,94296.99,94622.4
1736654400,94622.4,94650,94274.01,94323.85
1736668800,94323.85,94393.57,93711.19,94255.1
1736683200,94255.1,95450.1,94173.48,95071.9
1736697600,95071.91,95314.12,94578.54,94650.26
1736712000,94650.26,94800,93800,94545.06
1736726400,94545.07,95940,93899.99,94269.23
1736740800,94269.23,94913.03,93281,93590.24
1736755200,93590.24,93661.55,90833.12,90851.22
1736769600,90851.23,93100,89256.69,92123.75
1736784000,92123.75,92534.1,91250,92312.18
1736798400,92312.18,94727.15,91908.2,94536.1
1736812800,94536.11,95280.8,94346.22,94861.4
1736827200,94861.39,95464.71,94753.42,94864
1736841600,94863.99,97371,94860.11,96548.04
1736856000,96548.04,97265.48,95748.93,96471.65
1736870400,96471.65,97088.57,95351.76,96537.8
1736884800,96537.23,96921.13,96152.31,96560.86
1736899200,96560.85,97554.63,96500,97317.12
1736913600,97317.12,97724.96,96750,97301.35
1736928000,97301.35,97524,96521,96762.18
1736942400,96762.19,99799.98,96539.77,98992.42
1736956800,98992.42,99990,98602.05,99844.9
1736971200,99844.91,100681.94,99460.8,100497.35
1736985600,100497.35,100866.66,99170,99478.03
1737000000,99478.04,99921.86,99322.19,99799.99
1737014400,99800,99820,98617.55,99158.71
1737028800,99158.7,99517.93,97335.13,99296.17
1737043200,99296.17,100448.72,99079.05,100417.2
1737057600,100417.2,100641.99,99377,99987.3
1737072000,99987.3,102148.13,99950.77,101051.73
1737086400,101051.73,101899.49,100952.1,101440.5
1737100800,101440.51,102581.45,101439.77,102237.6
1737115200,102237.6,104254.19,102195.9,104000
1737129600,104000,105865.22,103841.18,105834.93
1737144000,105834.93,105847.02,104065.25,104077.48
1737158400,104077.47,104656.87,103000.25,103559.82
1737172800,103559.82,103771.21,102602.48,102821.75
1737187200,102821.75,103883.01,102277.55,103589.29
1737201600,103589.29,104988.88,103107.65,104568.96
1737216000,104568.96,104719.29,103156.02,104382.01
1737230400,104382,104750,103765.44,104556.23
1737244800,104556.23,105458.55,104013.51,104984.01
1737259200,104984.01,105634.78,104191.19,105167.12
1737273600,105167.11,105496.03,103450.69,104363.23
1737288000,104363.24,105706.48,104300.75,104936.35
1737302400,104936.35,106200.74,104520.01,106200
1737316800,106200,106422.43,99651.6,101331.57
1737331200,101331.57,102321.42,99550,101891.93
1737345600,101891.94,109588,101535.28,107120.65
1737360000,107120.65,109193.23,107093.33,108239.19
1737374400,108239.19,108700.01,104480,104957.99
1737388800,104957.99,107050,100333,103691.63
1737403200,103691.64,104331,101701.01,102260.01
1737417600,102260,103260.1,100119.04,102936.01
1737432000,102936.01,102974.14,101111.68,101989.05
1737446400,101989.06,103973.02,101740.82,103758.25
1737460800,103758.25,105320,102803.43,103943
1737475200,103942.99,107240.81,103822.02,107031.34
1737489600,107031.34,107199.99,105420,106143.82
1737504000,106143.82,106394.46,105448.99,105600.01
1737518400,105600.01,105952,105043.88,105084.77
1737532800,105084.77,105464.83,104647.75,105100.39
1737547200,105100.38,105584.23,103662.58,104180.01
1737561600,104180.01,104754.64,103339.12,104630
1737576000,104630,104830.12,103611.66,103706.66
1737590400,103706.66,103819.99,102100,102461.25
1737604800,102461.24,102968.31,101575.5,102710.27
1737619200,102710.28,102724.94,101262.28,101944.49
1737633600,101944.5,106050.86,101281.62,105263.52
1737648000,105263.52,106850,103399.98,103770.04
1737662400,103770.05,106421.03,102195.7,103910.34
1737676800,103910.35,104298,102750,103891.75
1737691200,103891.75,105355,103804.77,105046.8
1737705600,105046.79,105759,104922.41,105420.1
1737720000,105420.11,106321.66,104669.17,105859.98
1737734400,105859.99,107120,105589,105760.94
1737748800,105760.93,105781,104456.89,104870.5
1737763200,104870.51,105280.82,104361.89,105202.4
1737777600,105202.4,105202.4,104216.81,104385.98
1737792000,104385.99,104700.01,104106.09,104670.99
1737806400,104670.99,105111.11,104456,104897.79
1737820800,104897.79,105286.52,104449.75,105055.16
1737835200,105055.16,105250,104696,104746.85
1737849600,104746.86,105273.24,104503.7,105062.42
1737864000,105062.41,105500,104950,104998.35
1737878400,104998.36,105221.36,104444.01,104818.69
1737892800,104818.68,105126.11,104703.58,104967.01
1737907200,104967.02,105260.36,104896,105081.63
1737921600,105081.64,105200,102520.44,102620
1737936000,102620.01,103260,100720.53,101395.64
1737950400,101395.64,101399.99,97777.77,99048.02
1737964800,99048.01,99533.33,98263.49,98761.13
1737979200,98761.12,102317.94,98714.28,101112.03
1737993600,101112.03,101250.56,98864,99700.02
1738008000,99700.01,102405,99606.46,102082.83
1738022400,102082.83,102892,101334.55,102636.32
1738036800,102636.32,103371.24,102527.39,102789.72
1738051200,102789.72,103181.82,102393.94,102762.01
1738065600,102762.02,103800,101815.26,102777.99
1738080000,102777.99,103108,101820.15,102424.24
1738094400,102424.24,102538,100272.68,101335.52
1738108800,101335.52,102319.69,101328.01,102038.2
1738123200,102038.21,102853.53,101955.51,102755.82
1738137600,102755.81,103000,102180.65,102646
1738152000,102646,102842.04,101582.37,101980.78
1738166400,101980.78,103999,101400.01,103583.99
1738180800,103584,104782.68,102868,103733.24
1738195200,103733.25,105300,103278.54,105196
1738209600,105196,105595.81,104799.66,105132.07
1738224000,105132.07,105534,104925.26,105300.63
1738238400,105300.63,106457.44,104660,105564
1738252800,105563.99,106013.01,104762.59,105711.27
1738267200,105711.28,105821.62,104693.82,104722.94
1738281600,104722.94,105029.72,103930.09,104344.46
1738296000,104344.46,104814.46,103972.13,104188.56
1738310400,104188.57,104848.65,103936.54,104736
1738324800,104736.01,106012,104106,105464.01
1738339200,105464,105574.4,102122,102312.32
1738353600,102312.31,102482.94,101560,102429.56
1738368000,102429.56,102783.71,102198.52,102249.19
1738382400,102249.19,102588.57,102118.56,102166.49
1738396800,102166.49,102276.99,101412,102028.81
1738411200,102028.82,102329.01,101730.79,102073.89
1738425600,102073.89,102297.99,101448,101669.6
1738440000,101669.6,101669.6,100279.51,100635.65
1738454400,100635.66,101456.6,99148.91,99206.86
1738468800,99206.85,100515.99,99031.19,99643.3
1738483200,99643.3,100100,98645,98864.6
1738497600,98864.6,99439.05,98157,99346.87
1738512000,99346.87,99361.97,96821.54,98273.16
1738526400,98273.17,98628.74,96150,97700.59
1738540800,97700.59,97782.79,91231,94038.74
1738555200,94038.75,95426.63,92646.36,95333.01
1738569600,95333.01,95950.68,94799.29,95107.89
1738584000,95107.89,99500,94131.14,98842
1738598400,98842,101880,98038.58,101880
1738612800,101879.99,102500.01,100918,101328.52
1738627200,101328.51,101732.31,100534.03,100629.7
1738641600,100629.7,100764.11,98229.82,98448.02
1738656000,98448.01,99445.17,97860,98967.7
1738670400,98967.7,100415,98275.98,99347.19
1738684800,99347.18,100777.93,98778.58,98859.77
1738699200,98859.78,99444.02,96150,97763.13
1738713600,97763.14,98930.44,97131.43,98040
1738728000,98040.01,98332.41,97352.77,97864.43
1738742400,97864.43,98256,97257.05,98198
1738756800,98198,99149,97734.69,98116.24
1738771200,98116.24,98277.02,96500,97370
1738785600,97370,97706.37,96155,96612.43
1738800000,96612.44,97493.07,96430.78,97355.67
1738814400,97355.66,98436.61,97273.71,98195.61
1738828800,98195.6,99120,97910.01,98877.99
1738843200,98877.99,99040.09,96930.17,97333.09
1738857600,97333.09,97547.71,95676.64,95983
1738872000,95982.99,97093.5,95800,96554.35
1738886400,96554.35,97805.6,96409.65,97444.04
1738900800,97444.04,97883.12,96566,96757.05
1738915200,96757.04,97750,96613.24,97750
1738929600,97749.99,100137.99,97165.51,98283.98
1738944000,98283.98,98563.55,96856.78,96898.56
1738958400,96898.56,96944.1,95620.34,96506.8
1738972800,96506.8,96880,96335.42,96699.23
1738987200,96699.24,96699.24,95785.09,96209.92
1739001600,96209.92,96293.48,95865.71,96120
1739016000,96120,96517.52,95688,95843.74
1739030400,95843.74,96750,95749.88,96579.99
1739044800,96579.99,96712,96358.5,96444.74
1739059200,96444.75,97300,96360.14,97300
1739073600,97299.99,97323.09,96777.77,97057.83
1739088000,97057.83,97294.46,96509.96,96554.01
1739102400,96554.01,96703.99,95700,96488.15
1739116800,96488.14,96567.8,95888.88,96064.74
1739131200,96064.73,96760,94713,96462.75
1739145600,96462.75,97131.47,95256,96814.98
1739160000,96814.97,97640.02,96632.81,97429.83
1739174400,97429.83,97954.69,97358.79,97661.16
1739188800,97661.15,98345,96866.66,97218.69
1739203200,97218.68,97643.29,96866.39,97376
1739217600,97376,97490.71,97128.79,97430.82
1739232000,97430.82,98149.92,97416.62,97607.3
1739246400,97607.31,98478.42,97558.99,98268.97
1739260800,98268.98,98330,97885.62,98151.52
1739275200,98151.51,98158.89,96595.33,97007.53
1739289600,97007.54,97045.53,94876.88,95040.82
1739304000,95040.81,96512.7,94928.47,95778.2
1739318400,95778.21,96263.99,95100,95299.27
1739332800,95299.28,96188.68,95267.71,96069.58
1739347200,96069.58,96469.78,95913.49,96094.65
1739361600,96094.65,96631.66,94088.23,95816.18
1739376000,95816.18,97700,95120.3,97205.06
1739390400,97205.06,98119.99,96854.97,97869.99
1739404800,97870,98083.91,97367.45,97498.42
1739419200,97498.43,97564.83,95800,96070.23
1739433600,96070.23,96336,95599.57,95925.11
1739448000,95925.12,96480.06,95336,95998
1739462400,95998,96361.58,95217.36,95627.76
1739476800,95627.75,96774.71,95600,96608.14
1739491200,96608.13,97190,96356.41,97129.98
1739505600,97129.98,97248.6,96561.36,96944.09
1739520000,96944.09,97196,96799.99,96887.56
1739534400,96887.55,97568.28,96252.82,96924.39
1739548800,96924.57,98826,96494.17,97940.45
1739563200,97940.44,98264.85,96697.56,97500.48
1739577600,97500.47,97972.26,97223.58,97653.19
1739592000,97653.19,97780.73,97345.5,97346.26
1739606400,97346.27,97731.09,97301.77,97615.59
1739620800,97615.59,97962.51,97426.57,97633.22
1739635200,97633.21,97714.39,97304.38,97531.9
1739649600,97531.91,97741.35,97414.05,97569.66
1739664000,97569.67,97704.47,97411.11,97547.17
1739678400,97547.17,97682.04,97212,97248.98
1739692800,97248.98,97388.89,97061.58,97336
1739707200,97335.99,97336,96645.35,96911.01
1739721600,96911.01,97169.15,96609.05,97058.47
1739736000,97058.47,97282.38,96046.18,96118.12
1739750400,96118.12,96638.05,96023.17,96215.33
1739764800,96215.32,96463.2,95800,96068.22
1739779200,96068.21,96395.68,95937.05,96063.18
1739793600,96063.17,97046.59,95564,95659.46
1739808000,95659.45,95945.49,95205,95531.36
1739822400,95531.36,96413.43,95488.9,95780
1739836800,95780.01,96322.97,95538.01,96200
1739851200,96200,96300.73,95254.12,95456.93
1739865600,95456.92,95872.17,95050,95640.34
1739880000,95640.35,96753.91,95200,95546.48
1739894400,95546.49,95633.15,93388.09,94104.14
1739908800,94104.15,95685,93730.72,95671.74
1739923200,95671.74,95961.54,95055,95710.26
1739937600,95710.25,95846.15,95029.99,95687.71
1739952000,95687.71,96468.99,95616.6,96422.6
1739966400,96422.6,96700,95536.36,95943.74
1739980800,95943.74,96480,95407.41,96206.54
1739995200,96206.54,96899.99,96058.38,96644.37
1740009600,96644.37,97362.83,96415.09,97055.25
1740024000,97055.24,97339.11,96781.57,96867.92
1740038400,96867.92,97384.03,96801.61,97207.92
1740052800,97207.93,98062.15,96799.42,96903.77
1740067200,96903.76,98518,96888,98422.8
1740081600,98422.8,98711.36,98000,98305
1740096000,98305.01,98505,98084.06,98141.99
1740110400,98141.99,98610.17,98117.73,98179.76
1740124800,98179.77,98896.81,98111.11,98629.3
1740139200,98629.31,99475,97177.31,98104.04
1740153600,98104.04,98757,95247.15,95285.11
1740168000,95285.11,96202.68,94871.95,96181.98
1740182400,96181.99,96455.97,95770.49,96299.07
1740196800,96299.08,96578.99,96273.85,96288.09
1740211200,96288.09,96611.53,96151,96580
1740225600,96580,96980,96485.37,96592
1740240000,96592.01,96823.53,96345.49,96639.99
1740254400,96640,96700,96472.22,96551.01
1740268800,96551.01,96650,96355.17,96414
1740283200,96414,96558.01,96143.99,96508.85
1740297600,96508.85,96508.86,96083.33,96115.99
1740312000,96115.99,96158.5,95414.25,95436.18
1740326400,95436.19,95876,95227.94,95755.99
1740340800,95756,96332.44,95522.78,96258
1740355200,96258,96500,95311,95433.21
1740369600,95433.21,95945,95078.01,95872.02
1740384000,95872.02,96177.18,95355,95821.45
1740398400,95821.45,96095.32,93817.06,94323.95
1740412800,94323.95,95194.59,93666.22,93943.51
1740427200,93943.52,94571.43,91349.26,91552.88
1740441600,91552.88,92540.69,90912.01,92153.93
1740456000,92153.93,92327.88,88200,89320.01
1740470400,89320.01,90000,86888.1,89239.39
1740484800,89239.39,89544.4,86050.99,87231.26
1740499200,87231.63,88065.45,86157.69,87947.25
1740513600,87947.24,89460.17,87622.64,88680.4
1740528000,88680.39,89414.15,88148.48,88900
1740542400,88900.01,89245.29,88392.45,88720.02
1740556800,88720.01,89314.45,88138,88616.8
1740571200,88616.8,88674,85418.72,87567.53
1740585600,87567.53,87806.62,83418,83856.99
1740600000,83856.98,85400,82256.01,84250.09
1740614400,84250.09,85466.55,84026.96,85226.32
1740628800,85226.32,86737,84694.29,86272.01
1740643200,86272.01,87078.46,85846.87,86698.6
1740657600,86698.6,86795.9,84640.75,85500.84
1740672000,85500.84,85691.51,83614.75,84113.98
1740686400,84113.98,84927.84,82716.49,84708.58
1740700800,84708.57,84892.85,79532,80452.44
1740715200,80452.89,80969.69,78820.06,79204.59
1740729600,79204.6,80854.46,78258.52,80513.38
1740744000,80512.97,84425.89,80075.47,84005.05
1740758400,84005.05,85120,83196.71,84449.99
1740772800,84450,84795.03,83600,84349.94
1740787200,84349.95,85678.11,83824.78,85330.84
1740801600,85330.83,86558,84740.15,84740.15
1740816000,84740.16,85508.79,84382.62,84632.79
1740830400,84632.79,84943.08,84334.39,84800
1740844800,84800.01,85591.84,84700,85485.41
1740859200,85485.41,86262.74,85285.88,86064.53
1740873600,86064.54,86498,85611.79,85873.07
1740888000,85873.06,86589.97,85531.87,86232.42
1740902400,86232.42,86263.23,85633.13,86105.89
1740916800,86105.88,88673.09,85050.6,87427.99
1740931200,87428,95000,87278.51,93522
1740945600,93522.01,94883.51,93502,94270
1740960000,94269.99,94416.46,92433.5,92709.98
1740974400,92709.98,93361.46,91181,92363.58
1740988800,92363.58,92917.99,91142,92739.99
1741003200,92740,93721.37,89117,90035.37
1741017600,90035.38,91000,85555.45,85606
1741032000,85606.01,87038.46,85117.11,86220.61
1741046400,86221.16,86807.98,82464.84,83983.72
1741060800,83983.73,84581.6,83140,83186.4
1741075200,83186.4,84373.84,83040.29,83937.94
1741089600,83937.93,84977.65,81500,82985.06
1741104000,82985.05,88487.91,82013.11,88206.19
1741118400,88206.19,88967.52,86582.27,87281.98
1741132800,87281.98,87888.88,86334.53,86843.4
1741147200,86843.4,87727.27,86722.81,87619.49
1741161600,87619.49,90660,87600,89814.26
1741176000,89814.26,90933.82,87926.06,88344.25
1741190400,88344.25,90475.3,87600,89750
1741204800,89750,91000,89677.8,90606.01
1741219200,90606,92025,89986.73,91605.01
1741233600,91605.02,92810.64,91265.96,91346.48
1741248000,91346.49,91667.5,90613.17,91350
1741262400,91350,91457.03,89117.68,90820.69
1741276800,90820.69,91066.44,87836,88526.18
1741291200,88526.23,90781.2,88461.22,89931.89
1741305600,89931.88,91283.02,84667.03,86991.25
1741320000,86991.26,88612.96,86857.14,88365.18
1741334400,88365.19,89704,87985.3,88966.96
1741348800,88966.96,91100,88022.47,88457.99
1741363200,88457.99,89023.41,86554.77,87820.1
1741377600,87820.09,88511,85573.07,86801.75
1741392000,86801.74,86897.25,85218.47,85919.12
1741406400,85919.12,86662,85653.66,86197.14
1741420800,86197.14,86450.01,85762.72,85955.88
1741435200,85955.89,86627.51,85808.82,86400
1741449600,86400,86500,85661.76,86233.52
1741464000,86233.52,86500,85852.12,86222.45
1741478400,86222.46,86500,85939.85,86115.71
1741492800,86115.71,86158.83,85809.48,86004.61
1741507200,86004.61,86098,84625.01,85024.01
1741521600,85024,85058.34,82711.5,83080.41
1741536000,83080.4,83758.22,82223,82640.86
1741550400,82640.86,83539.66,80000,80734.37
1741564800,80734.48,82744,80037.62,82047.49
1741579200,82047.49,82797.95,81977.27,82318.77
1741593600,82318.78,84123.46,81151,83582
1741608000,83582,83771.94,79177.03,80043.85
1741622400,80043.84,80250,77459.91,79060.84
1741636800,79060.84,79886.03,78409.4,78595.86
1741651200,78595.86,79938.27,76606,79522.29
1741665600,79522.29,80614.89,79439.9,80424.95
1741680000,80424.94,82092.34,80325.22,81720.34
1741694400,81720.33,82225.21,79058,81232.24
1741708800,81232.23,83617.4,80609.96,83104.01
1741723200,83104.01,83306.87,82550.52,82932.99
1741737600,82932.99,83783.26,82100.61,82127.72
1741752000,82127.73,82541.47,81296,82447.79
1741766400,82447.78,83076.79,82000.29,83004.45
1741780800,83004.45,84539.85,80607.65,81738.97
1741795200,81738.97,83165.46,81626.64,82915.93
1741809600,82915.94,83887.26,82709.36,83680.12
1741824000,83680.12,84336.33,83312.92,83577.14
1741838400,83577.14,83709.03,82851,83151.99
1741852800,83152,83522.61,82400.04,82975.86
1741867200,82975.86,83900,80954.29,81044.72
1741881600,81044.72,81264.73,79939.9,80211.4
1741896000,80210.4,81484.23,80189.89,81115.78
1741910400,81115.78,82270.51,80818.84,81888.77
1741924800,81888.77,82454.5,81780.08,82170.85
1741939200,82170.84,83348.46,82170.84,83253.15
1741953600,83253.15,85309.71,82640.59,84724.58
1741968000,84724.58,84950,83949.19,84554
1741982400,84554,84554.01,83717.69,83983.2
1741996800,83983.19,84676.28,83964.57,84491.99
1742011200,84492,84559,83791.09,83827.31
1742025600,83827.32,84184.58,83618,84103.74
1742040000,84103.74,84499.74,84010.58,84346.02
1742054400,84346.03,84498.72,84076.92,84299.98
1742068800,84299.99,84467.7,84237.58,84338.44
1742083200,84338.44,84393.72,83733.86,84332.34
1742097600,84332.35,84418,83972.57,84273.96
1742112000,84273.95,84335.43,82381.46,82410.02
1742126400,82410.01,83508.95,82400,83320.83
1742140800,83320.83,85117.04,82562.36,83098.47
1742155200,83098.47,83453.01,81981.12,82574.53
1742169600,82574.52,83725.39,82523,83675.65
1742184000,83675.64,83869.77,82682.62,83567.87
1742198400,83567.88,83783.02,83220.11,83514.73
1742212800,83514.73,84000,82456,83531.06
1742227200,83531.07,84756.83,83103.6,84482.55
1742241600,84482.55,84506.8,83746.12,84010.03
1742256000,84010.02,84021.74,82960,83147.6
1742270400,83147.6,83280,82244.68,83163.81
1742284800,83163.81,83452.3,82500,82581.1
1742299200,82581.09,82821.6,81134.66,81610.21
1742313600,81610.22,82476.26,81245.65,82317.21
1742328000,82317.2,82810.95,81870.23,82715.03
1742342400,82715.03,83280,82547.16,83037.17
1742356800,83037.17,83364.16,82792.91,83190
1742371200,83190,84119.09,83178.74,83881.4
1742385600,83881.4,84888,83510.21,84733.05
1742400000,84733.05,85950,83578.32,85433.38
1742414400,85433.38,87000,85200.1,86845.94
1742428800,86845.93,87453.67,85619.56,85891.02
1742443200,85891.01,86013.05,85430.38,85816.39
1742457600,85816.39,86300,84755.14,85502.17
1742472000,85502.16,86532.04,84565.16,84691.76
1742486400,84691.27,84908,83655.23,84174.79
1742500800,84176.87,84609.21,83922.01,84223.39
1742515200,84223.38,84850.33,84180.09,84451.96
1742529600,84451.97,84798.93,83700.47,83937.98
1742544000,83937.99,84337.66,83732.09,84046.52
1742558400,84046.52,84358.51,83175.25,83565.48
1742572800,83565.47,84435.87,83379,83956.36
1742587200,83956.35,84584,83813.21,84088.79
1742601600,84088.79,84338.98,83989.58,84256.74
1742616000,84256.73,84429.09,84153.21,84274.72
1742630400,84274.71,84539.17,84109,84239.25
1742644800,84239.24,84296.39,83975.42,84109.09
1742659200,84109.08,84320,84063.53,84171.59
1742673600,84171.59,84204.19,83625.1,83840.59
1742688000,83840.59,84277.07,83809.75,84224.39
1742702400,84224.39,84328.24,84070.22,84279.82
1742716800,84279.82,85027.32,84263.05,84679.99
1742731200,84680,85254.17,84573.4,85189.41
1742745600,85189.41,85413.05,84800,85011.19
1742760000,85011.2,86129.64,84923.91,86082.5
1742774400,86082.5,86641.13,85519.09,86532.07
1742788800,86532.07,87300,86532.06,86874.52
1742803200,86874.52,87909.99,86838.76,87689.52
1742817600,87689.52,88765.43,87138.6,88350.01
1742832000,88350.01,88536,87690.59,88222
1742846400,88222.01,88481.14,87050.6,87498.16
1742860800,87498.16,87679.25,86330.66,86520.88
1742875200,86520.89,86879.77,86310,86436.82
1742889600,86436.82,87500,86406.49,87370.43
1742904000,87370.44,88258.8,86929.46,87774.37
1742918400,87774.37,88321.27,87588.59,88116.23
1742932800,88116.23,88539.63,87132.65,87392.87
1742947200,87392.88,87892.14,87030.56,87153.51
1742961600,87153.5,88275,87052,88140.45
1742976000,88140.45,88259.81,87837.49,87954.96
1742990400,87954.97,88000,86434.36,86752.52
1743004800,86752.52,87058.4,85860,86567.19
1743019200,86567.18,87404.34,86520.1,86909.17
1743033600,86909.17,87756.39,86796.26,87670.18
1743048000,87670.17,87691.34,87249.68,87399.99
1743062400,87399.99,87597.6,86787,86943.52
1743076800,86943.51,87575,85800,86974.07
1743091200,86974.07,87429.21,86796,87060.41
1743105600,87060.4,87728.27,86943.04,87232.01
1743120000,87232.01,87515.67,86750,86787.16
1743134400,86787.17,86832.64,85162.48,85212.99
1743148800,85212.98,85441.25,84800,85255.26
1743163200,85255.25,85609.74,83953.86,84051.16
1743177600,84051.15,84217.61,83585,83790.73
1743192000,83790.74,84538.69,83697.83,84424.38
1743206400,84424.38,84624.73,83709.67,84166.3
1743220800,84166.3,84258.45,83662.86,83731.82
1743235200,83731.83,83947.42,82007,82293.56
1743249600,82293.56,82882.01,82145.22,82414.23
1743264000,82414.22,82758.41,81644.81,82758.4
1743278400,82758.4,82787.29,82258.86,82648.54
1743292800,82648.53,83503.53,82500,83088.81
1743307200,83088.82,83321.16,82868.96,83076.59
1743321600,83076.58,83534.64,82975.36,83111.76
1743336000,83111.76,83268.05,82543.83,82729.57
1743350400,82729.57,82908.11,82050.4,82548.81
1743364800,82548.8,82757.7,81565,82389.99
1743379200,82390,82444.89,81278.52,81530
1743393600,81530,82305.57,81400,81933.51
1743408000,81933.51,82272,81290.88,82205.51
1743422400,82205.5,83943.08,81656,83418.78
1743436800,83418.78,83694.29,82400,82462.27
1743451200,82462.26,82886.8,82265.1,82550.01
1743465600,82550,83256.8,82432.74,82962.84
1743480000,82962.84,83597.07,82886.87,83445.5
1743494400,83445.5,84504.74,83410,83930.3
1743508800,83930.31,85499.55,82544,85280.87
1743523200,85280.88,85493,84720,84972.01
1743537600,84972,85579.46,84773.58,85158.34
1743552000,85158.35,85255.95,84504.21,84550
1743566400,84550,84726.42,83904.72,84426.33
1743580800,84426.32,85450,84262.73,84566.91
1743595200,84566.91,87333,84462.69,86757.67
1743609600,86757.67,87333,86186.19,86900.02
1743624000,86900.01,88500,82320,82516.29
1743638400,82516.28,83998.02,82175.98,83483.97
1743652800,83483.97,83735.85,83000,83456.75
1743667200,83456.76,83788.23,83047,83096.01
1743681600,83096.01,83147.95,81211.24,82039.31
1743696000,82039.32,82448.21,81540,82008.7
1743710400,82009.76,83332.2,81800,83213.09
1743724800,83213.09,83413.46,82577.63,82818.52
1743739200,82818.53,84000,82615.36,83992.85
1743753600,83992.85,84720,81659,82680.45
1743768000,82680.44,83716,81849.05,82860
1743782400,82860,84620.01,82736,84009.99
1743796800,84010,84450,83492.95,83889.87
1743811200,83889.87,84266,83395.46,83624.01
1743825600,83624.01,83868,83297.66,83525.34
1743840000,83525.33,83894.7,83359.64,83452.69
1743854400,83452.69,83550.68,82379.95,82618.26
1743868800,82618.25,83146,82607.05,82860
1743883200,82859.99,83688,82833,83537.99
1743897600,83537.99,83817.63,83163.45,83344.14
1743912000,83344.14,83533.01,83024.96,83024.96
1743926400,83024.97,83172,82666,82855.99
1743940800,82855.99,82981.14,82217.83,82548.36
1743955200,82548.36,82554.15,78694.99,79614.35
1743969600,79614.34,79890.16,77153.83,78430
1743984000,78430,79347.46,77354,77707.77
1743998400,77707.78,77984,74508,75126.01
1744012800,75126.01,77577.88,75085.74,76685.62
1744027200,76685.62,81243.58,75789.01,78479.9
1744041600,78479.91,79365.46,77313.2,78130.44
1744056000,78130.43,80218.88,78102.91,79163.24
1744070400,79163.24,80867.99,78772.14,79904
1744084800,79904,80413.49,79219.9,79496
1744099200,79496.01,80077.65,78819.65,79982
1744113600,79982,80375,78175.14,78497.99
1744128000,78498,78522.72,76334.65,76854.05
1744142400,76854.05,77285.5,76239.9,76322.42
1744156800,76322.42,76868.28,74620,75073.33
1744171200,75073.34,77979.3,75000,77694.12
1744185600,77694.12,77880,75756.86,76230.01
1744200000,76230.01,78318.46,76010.21,77258
1744214400,77258.01,82990,77136,82332.08
1744228800,82332.08,83588,81987.89,82615.22
1744243200,82615.22,82753.21,81472.84,81775.2
1744257600,81775.2,82344.3,81292.99,81595.81
1744272000,81595.81,82130.43,81349,81882.01
1744286400,81882,82466.35,78606.06,78757
1744300800,78757.24,80058.96,78464.36,79649.34
1744315200,79647.37,80035.54,79377.04,79607.3
1744329600,79607.3,80906.63,78969.58,80842.99
1744344000,80843,81440.73,80512.22,81266.76
1744358400,81266.76,82985.71,80782.43,82129.67
1744372800,82129.67,83333,81341.22,82521.74
1744387200,82521.74,84220,82015.08,83858.28
1744401600,83858.28,84300,83162,83423.84
1744416000,83423.83,83572,82792.95,82973.13
1744430400,82973.14,83830.62,82856.86,83724.92
1744444800,83724.92,84031.87,83305.91,83528.3
1744459200,83528.3,85402.9,83474.94,85008.4
1744473600,85008.4,85258.29,84421.95,84943.4
1744488000,84943.39,85905,84877.61,85276.9
1744502400,85276.91,86100,84724.91,85432.31
1744516800,85432.31,85436.68,84399.42,84413.1
1744531200,84413.1,84949.86,84216.15,84528.66
1744545600,84528.66,84700,83480.67,83849.66
1744560000,83849.66,84990.22,83050,83981.31
1744574400,83981.32,84446.31,83034.23,83760
1744588800,83760,85544.3,83678,84566.03
1744603200,84566.04,85110,84211.06,84580.76
1744617600,84580.77,84965.34,84250,84927.55
1744632000,84927.56,85799.99,83709.25,84101.16
1744646400,84101.16,85208.1,83863.63,84923.07
1744660800,84923.07,84971.7,84424.52,84591.58
1744675200,84591.58,85415.1,84347.97,85379.96
1744689600,85379.97,85879.1,85157.6,85716.77
1744704000,85716.77,86000,85351,85589.23
1744718400,85589.23,86496.42,84623.73,84918.14
1744732800,84918.15,85146.55,83921.19,83998.52
1744747200,83998.51,84235.85,83600,83643.99
1744761600,83643.99,83960,83111.64,83695.66
1744776000,83695.66,83814,83212.64,83363.17
1744790400,83363.17,84127.05,83140.89,84048.11
1744804800,84048.36,85270.27,83512.2,84846.58
1744819200,84846.58,85500,83275,84334.01
1744833600,84334,84679.53,84024,84030.38
1744848000,84030.38,84496,83814.48,83994.23
1744862400,83994.23,85053.38,83900,84669.98
1744876800,84669.98,84764.44,84191.17,84562
1744891200,84562,84862.93,83736.26,84531.71
1744905600,84531.72,85470.01,84393.59,84849.06
1744920000,84849.05,85140,84720.21,84947.91
1744934400,84947.92,85132.08,84724.6,84828
1744948800,84827.99,84838.52,84413.23,84654.68
1744963200,84654.68,84764,84472.25,84669.11
1744977600,84669.11,84769.95,84338,84374.59
1744992000,84374.6,84649.99,84303.96,84562.83
1745006400,84562.83,84684.49,84342.15,84474.69
1745020800,84474.7,84986.76,84364.45,84883.71
1745035200,84883.72,85300,84883.71,85217.39
1745049600,85217.38,85436.72,85115.45,85217.4
1745064000,85217.4,85677.99,85070,85191.19
1745078400,85191.18,85330.06,84694.49,85085.55
1745092800,85085.56,85367.93,85015.63,85077.01
1745107200,85077,85320.76,85050.27,85168.81
1745121600,85168.82,85248,84678.18,84784.01
1745136000,84784.01,84785,83949.52,84129.83
1745150400,84129.82,84664,84099.3,84344.66
1745164800,84344.65,84664.09,84272.74,84651.61
1745179200,84651.61,85298,84616.73,85179.24
1745193600,85179.24,87640,85144.76,87205.56
1745208000,87205.56,87738,87038,87434.78
1745222400,87434.79,87795.26,86644.29,86971.92
1745236800,86971.92,88465.99,86779.97,88044.8
1745251200,88044.81,88270.88,86389.78,87415.1
1745265600,87415.09,87625.68,86887.15,87516.23
1745280000,87516.22,88877,87076.03,88157.55
1745294400,88157.55,88486,87953.86,88476.83
1745308800,88476.82,88701.93,88241.33,88614.1
1745323200,88614.09,91439.46,88482,90934.61
1745337600,90934.61,91695,90624.03,91414.79
1745352000,91414.78,93888,91060,93442.99
1745366400,93442.99,93909.05,92580.18,93168.91
1745380800,93168.91,94264,93017.46,94133.82
1745395200,94133.82,94521.79,93324.45,93466.01
1745409600,93466.01,94696.05,91935.41,93195.28
1745424000,93195.28,94219.93,92913.04,93497.88
1745438400,93497.88,93917.53,93238.1,93691.08
1745452800,93691.07,93787.65,92650,92673.95
1745467200,92673.95,92903.94,92101.63,92203.55
1745481600,92203.54,92657.69,91660.01,92619.94
1745496000,92619.94,93450,92434.78,93202.51
1745510400,93202.52,93649.56,92666.62,93556.12
1745524800,93556.12,94005,93024,93980.47
1745539200,93980.47,94444,92855.96,93311.83
1745553600,93311.83,93860,93013.56,93772.26
1745568000,93772.27,94660,93539.82,94635.67
1745582400,94635.67,95758.04,93929.41,95061.22
1745596800,95061.21,95554.99,94370.35,95291
1745611200,95291,95345.45,94441.61,94638.68
1745625600,94638.68,95199,94527.84,94739.99
1745640000,94739.99,94830.93,94380.72,94570.31
1745654400,94570.31,94733.54,93990.6,94144.06
1745668800,94144.07,94394,93870.69,94373.24
1745683200,94373.24,94378.87,94041,94307.5
1745697600,94307.51,94888,94087,94628
1745712000,94628,95369,94041.6,94156.21
1745726400,94156.22,94288.65,93655,94065.98
1745740800,94065.99,94331.85,93883.81,93920.01
1745755200,93920,94173.91,93602.58,93901.08
1745769600,93901.09,94434.79,93727.08,94433.5
1745784000,94433.49,94545.45,93641.7,93749.3
1745798400,93749.29,93987.3,92800.01,93849.93
1745812800,93849.93,94800,93849.93,94692.49
1745827200,94692.49,95550,94339.48,95319.99
1745841600,95319.99,95630,93583.9,93833.51
1745856000,93833.5,94920,93444,94787.2
1745870400,94786.73,95180,94305.95,95011.18
1745884800,95011.18,95461.53,94443.7,94658.76
1745899200,94658.75,94960,94200,94917.61
1745913600,94917.61,95285.71,94743.01,95129.74
1745928000,95129.74,95300,94531.85,94843.1
1745942400,94843.1,95459.99,94658.99,95300.79
1745956800,95300.79,95408,93742.54,94256.82
1745971200,94256.82,95111.01,94136.48,95032.84
1745985600,95032.84,95180,94500,94620.99
1746000000,94620.99,95228.45,94527.58,95176.66
1746014400,95176.66,95214.9,92910,94004.63
1746028800,94004.63,94500,93528.71,94152.01
1746043200,94152.01,94784.1,94005,94172
1746057600,94172,95040.3,94130.43,94782.6
1746072000,94782.6,95180,94714.38,95025.84
1746086400,95025.84,96396.31,94913.04,96180.01
1746100800,96180.01,97424.02,95769.66,96854.3
1746115200,96854.31,97367.26,96424.44,96523.26
1746129600,96523.26,96885.77,96184.19,96489.91
1746144000,96489.9,97233.1,96466.21,97102.32
1746158400,97102.32,97309.78,96350,96350
1746172800,96350.01,97100,96350,96928.97
1746187200,96928.97,97895.68,96650.94,97330.19
1746201600,97330.19,97783.02,96769.84,96924.23
1746216000,96924.23,97136,96561.57,96887.14
1746230400,96887.13,96935.67,96300.02,96337.5
1746244800,96337.5,96593,96132.67,96322.68
1746259200,96322.68,96421.91,95852.29,95942.02
1746273600,95942.01,96509.44,95880.65,96418.68
1746288000,96418.68,96428.33,95869.68,96354.34
1746302400,96354.34,96441.49,95753.01,95856.42
1746316800,95856.42,96304.48,95588,95722.23
1746331200,95722.22,96142.86,95692.7,95879.99
1746345600,95879.99,95923.54,95286.78,95423.2
1746360000,95423.19,95690.48,95209.07,95467.6
1746374400,95467.6,95640.98,95239.33,95584.07
1746388800,95584.07,95758.08,94151.38,94277.62
1746403200,94277.61,94808.4,93514.1,94031.47
1746417600,94031.47,94825.46,94020.66,94761.91
1746432000,94761.91,94798.01,93888,94038.18
1746446400,94038.19,94531.74,93613.66,93770.31
1746460800,93770.32,94900,93759.63,94347.17
1746475200,94347.16,95199,93876,94733.68
1746489600,94733.68,94926.99,94012.78,94454.01
1746504000,94454.01,94638.01,94308.63,94400.99
1746518400,94400.98,94400.99,93720.63,93812.54
1746532800,93812.53,94733.38,93377,94558.95
1746547200,94558.94,95157,94216,94963.5
1746561600,94963.5,96920.65,94452.75,96834.02
1746576000,96834.02,97732,96208.1,96506.9
1746590400,96506.9,97013.53,96310.89,96994.82
1746604800,96994.82,97111,96833.33,97047.43
1746619200,97047.43,97478.27,96713.14,96923.91
1746633600,96923.91,96961.04,95784.61,96180.01
1746648000,96180,97390,96076.92,97030.5
1746662400,97030.5,99222.22,96876.29,99152.79
1746676800,99152.79,99419,98723.25,99252.34
1746691200,99252.34,99888,99209.04,99409.14
1746705600,99409.15,101525.03,99090.66,100758.08
1746720000,100758.08,101707.02,100596,101299.99
1746734400,101300,104145.76,101285.71,103261.6
1746748800,103261.61,103268.44,102364,102451.04
1746763200,102451.04,104361.3,102374.03,103628.77
1746777600,103628.76,103930,102421,102958.31
1746792000,102958.31,103793.66,102411.99,102895.99
1746806400,102895.99,103370.54,102315.14,103189.17
1746820800,103189.17,103408,102727.25,102971.99
1746835200,102971.99,103265.82,102818.76,103226.24
1746849600,103226.25,104100,103034.5,103759.71
1746864000,103759.71,104079.37,103366,103434.94
1746878400,103434.94,103825.4,103100,103138.77
1746892800,103138.76,103619.68,103005.33,103191.35
1746907200,103191.35,104984.57,103068.87,104809.53
1746921600,104809.53,104972,103466.05,104007.03
1746936000,104007.03,104400,103345.06,103385.47
1746950400,103385.46,104777,103380.95,104652.01
1746964800,104652.01,104888,103775.91,104150
1746979200,104150,104832.82,103750,104420
1746993600,104420,104578.62,103569.77,104118
1747008000,104118,105086.42,103702.15,104100.13
1747022400,104100.13,105819.45,103750,104467.99
1747036800,104467.99,104736.45,103625,103762.9
1747051200,103762.89,104629.96,102388,102527.26
1747065600,102527.27,103088.88,100718.37,101860
1747080000,101859.99,103127.92,101770.2,102791.32
1747094400,102791.32,102791.32,101429.7,101719.4
1747108800,101719.4,102943.28,101610.56,102665.5
1747123200,102665.5,103822.03,102540.18,103729.2
1747137600,103729.2,103966,102811.32,103682.55
1747152000,103682.54,104976.25,103532.18,104792.22
1747166400,104792.21,104928,103869.01,104103.72
1747180800,104103.72,104115.86,103453.26,103587.44
1747195200,103587.44,103971,103381.02,103716.55
1747209600,103716.55,104145,102875.22,103944.93
1747224000,103944.93,104356.95,102833.55,103514.24
1747238400,103514.24,103720.44,102602.05,103321.72
1747252800,103321.73,103667.52,103304.66,103507.82
1747267200,103507.83,103866.51,102720,102753.63
1747281600,102753.62,102962.38,101724.17,101779.99
1747296000,101779.99,102441,101500,102371.61
1747310400,102371.62,103291.99,101383.07,103251.35
1747324800,103251.36,104192.7,102552.35,103157.26
1747339200,103157.26,103980.84,102708.46,103763.71
1747353600,103763.71,104466.01,103467.91,104023.49
1747368000,104023.49,104190.48,103694.18,103710.17
1747382400,103710.17,103900,103100.49,103651.71
1747396800,103651.72,104286,103343.07,104183.33
1747411200,104183.32,104550.33,103587,104032.6
1747425600,104032.6,104032.6,103397.5,103463.9
1747440000,103463.9,103600,102612.5,103508.48
1747454400,103508.48,103709.86,103285.71,103451.14
1747468800,103451.13,103568.58,102753.67,102994.17
1747483200,102994.18,103180,102640.02,102939.53
1747497600,102939.52,103350,102761.9,103158.6
1747512000,103158.6,103477.87,102900.72,103126.65
1747526400,103126.65,103409.98,103105.09,103295.7
1747540800,103295.7,103988,103295.69,103919.39
1747555200,103919.39,104088.2,103800,103800.54
1747569600,103800.55,105680,103701.4,105518
1747584000,105518,105980,103851.01,103883.97
1747598400,103883.98,106660,103285.71,106454.26
1747612800,106454.27,107108.62,103534.47,103605.88
1747627200,103605.9,103779.99,102000,103226.29
1747641600,103226.29,103425.53,102782.6,102963.41
1747656000,102963.4,104968.75,102126.16,104786.41
1747670400,104786.42,105561.76,104491.53,105517.7
1747684800,105517.64,105829.99,105016.27,105573.74
1747699200,105573.73,106853.27,105533.01,105761.92
1747713600,105761.92,106399,104928.44,105021.71
1747728000,105021.7,105416.66,104847.16,105203.76
1747742400,105203.75,105391.27,104184.72,105333.68
1747756800,105333.67,107238.37,105090.9,107026.47
1747771200,107026.47,107320,105935.83,106849.99
1747785600,106850,107206.94,106186.79,106843.59
1747800000,106843.6,107985.05,106454.54,106527.16
1747814400,106527.17,106797.98,106100.01,106546.44
1747828800,106546.43,109458,106329.47,108973.35
1747843200,108973.34,109845,106117.67,108603.79
1747857600,108603.79,110797.38,107725,109643.99
1747872000,109643.99,111880,109177.37,111780.84
1747886400,111780.84,111795.04,110461.87,111045.45
1747900800,111045.45,111326.2,110272.72,110981.97
1747915200,110981.98,111626.43,110550,111290.86
1747929600,111290.85,111980,110916.4,111188
1747944000,111188,111717.34,110763.27,111696.21
1747958400,111696.22,111800,111000.13,111100.01
1747972800,111100,111181.82,110407.89,110715.42
1747987200,110715.41,111381.61,108888,109076.35
1748001600,109076.36,109992.75,107316,108940
1748016000,108940,109809.53,108001,108716.07
1748030400,108714.01,108727.28,106800,107318.3
1748044800,107318.3,108367.54,106875.41,108366.3
1748059200,108366.31,108582.33,107566.37,107587.75
1748073600,107587.75,109506.03,107587.74,109208.56
1748088000,109208.57,109282.81,108540,108929.7
1748102400,108929.71,109200,108682.36,108960
1748116800,108960,109125,107500,107761.91
1748131200,107761.9,108257.14,107206,108095.75
1748145600,108095.76,108288.69,107454.54,107681.81
1748160000,107681.82,107700.65,106708.98,107260
1748174400,107259.99,107743.34,106600.64,106967.97
1748188800,106967.97,107940.95,106640.52,107717.01
1748203200,107717.02,109299.99,107176,109004.19
1748217600,109004.2,109844.91,108670.58,109623.53
1748232000,109623.54,110228.11,109365.29,110094.62
1748246400,110094.62,110173.92,109556.69,109772.72
1748260800,109772.73,110420.74,109494.74,110009.82
1748275200,110009.83,110422.22,108858.28,109130.44
1748289600,109130.44,109888.89,108940,109434.79
1748304000,109434.78,109666,107516.57,108892.16
1748318400,108892.15,109636.37,108550,109547.16
1748332800,109540,109899,109428.98,109585.49
1748347200,109585.49,110718,108670.29,110140.11
1748361600,110140.11,110499.64,109574.46,109877.87
1748376000,109877.87,109897.49,108600,108938.17
1748390400,108938.17,109284.7,108400,108863.64
1748404800,108863.64,109089.68,108624.43,108816.44
1748419200,108816.44,109130.44,108258.01,108870.38
1748433600,108870.39,109053.39,107045.45,107107.31
1748448000,107107.31,107842.29,106938.24,106946.01
1748462400,106946,108043.95,106769.43,107781.78
1748476800,107781.78,108484.61,107421.12,108044.88
1748491200,108044.87,108106.94,106948.01,107880.72
1748505600,107880.73,108891.91,107681.81,108779.84
1748520000,108779.83,108797.25,106474,107019.89
1748534400,107019.9,107168.23,105639.3,105731.74
1748548800,105731.74,106470.69,105322.86,105589.75
1748563200,105589.75,106214.93,104600.5,106024.33
1748577600,106024.33,106313.12,104727.72,105028.02
1748592000,105028.03,105981.75,104606.01,105880.51
1748606400,105880.5,106000,105047.61,105543
1748620800,105543,105560.98,103706.71,104640.5
1748635200,104640.49,104878.05,103621,103985.48
1748649600,103985.47,104292.69,103068.55,103684.01
1748664000,103684,103911.1,103487.99,103747.02
1748678400,103747.03,103809.51,103285.71,103498.18
1748692800,103498.17,104846.15,103480.11,104556.08
1748707200,104556.08,104780.49,104261.39,104698.02
1748721600,104698.03,104900,104473.2,104591.88
1748736000,104591.88,104647.11,103924.52,104381.03
1748750400,104381.03,104729.99,104195.12,104275.95
1748764800,104275.95,104459.07,103752.49,104082.68
1748779200,104082.67,104809.53,103783.01,104715.1
1748793600,104715.1,105299.21,104319.79,105121.94
1748808000,105121.95,105866.91,104893.72,105642.93
1748822400,105642.93,105735.42,104571.42,104829.27
1748836800,104829.27,105438.87,104610.13,105387.67
1748851200,105387.67,105935.63,103941,104047.64
1748865600,104047.63,104679.25,103659.88,104438.79
1748880000,104438.79,104731.95,104030.01,104425.63
1748894400,104425.64,105931.44,104425.64,105857.99
1748908800,105858,106500,105340.18,105482.02
1748923200,105482.03,105513.02,105116.2,105170.75
1748937600,105170.76,105349.94,104872.5,105287.24
1748952000,105287.24,106794.67,105031.6,106610.66
1748966400,106610.66,106666.67,105592.17,106238.81
1748980800,106238.81,106254.92,105266.02,105376.89
1748995200,105376.9,105839.63,105132.27,105519.27
1749009600,105519.26,105611.96,105250,105320.75
1749024000,105320.75,106000,105080.26,105084.36
1749038400,105084.36,105542,104179,105298.27
1749052800,105298.26,105483.14,104865.25,104913.52
1749067200,104913.52,105045.79,104407.16,104696.86
1749081600,104696.86,105240.84,104651.16,105047.15
1749096000,105047.15,105226.14,104380,104518.05
1749110400,104518.05,104920,104424.52,104827.8
1749124800,104827.79,105909.71,103900,104531.49
1749139200,104531.5,104598.87,101596.62,101914.77
1749153600,101914.76,102171.44,100372.26,101508.68
1749168000,101508.69,102520,101095.8,102493.3
1749182400,102493.3,103468.66,102387.38,103150.44
1749196800,103150.44,103991.45,103150.43,103927.99
1749211200,103927.99,105333,103513.7,105092.28
1749225600,105092.28,105284,104013.21,104219.8
1749240000,104219.8,104617.56,104167.98,104288.44
1749254400,104288.43,104910.77,103871.09,104871.58
1749268800,104871.59,105319.13,104643.62,104867.04
1749283200,104867.03,105264,104689.81,105150.01
1749297600,105150.01,105800,105150,105558.11
1749312000,105558.11,105884.46,105279.06,105725.91
1749326400,105725.91,105900,105534.88,105552.15
1749340800,105552.15,105786.33,105394.03,105471.59
1749355200,105471.59,105653.13,105408.38,105426.45
1749369600,105426.46,105720.94,104964.14,105686.71
1749384000,105686.71,106160.19,105520.25,105984.52
1749398400,105984.53,106360,105943.91,106289.99
1749412800,106289.99,106488.14,105545.71,105734
1749427200,105734.01,105966.33,105318.37,105659.13
1749441600,105659.14,105717.3,105319,105560.71
1749456000,105560.71,107806,105473.57,107759.21
1749470400,107759.21,108020,106860,107635.91
1749484800,107635.91,108767.24,107635.91,108564.72
1749499200,108565.86,110530.17,108456.08,110263.02
1749513600,110263.02,110311.82,109381.24,109568.02
1749528000,109568.03,109737.68,109095.67,109205.14
1749542400,109205.14,109851.8,109056.9,109541.28
1749556800,109541.93,109900.81,108331.03,109015.42
1749571200,109015.41,110400,108518.86,109526.3
1749585600,109526.3,110299.73,109239.68,110274.39
1749600000,110274.39,110274.4,109533.97,109722.95
1749614400,109722.95,109745.29,109373.67,109446.74
1749628800,109446.74,109675.69,109193.89,109252.09
1749643200,109252.1,110392.01,109008.82,109735.7
1749657600,109735.7,109815.84,108412.01,108742.37
1749672000,108742.37,109219.51,108064,108645.12
1749686400,108645.13,108813.55,107730,107860.05
1749700800,107860.04,107993.58,107320,107633.53
1749715200,107633.53,107835.83,106874.47,106900.95
1749729600,106900.95,107822.5,106600,107020.95
1749744000,107020.96,108450.16,106680,106788.8
1749758400,106789.8,106960.77,105671.72,105671.73
1749772800,105671.74,105694,102664.31,104277.22
1749787200,104277.22,104970.12,103782.75,104895
1749801600,104895.01,105434.34,104425.79,105039.48
1749816000,105039.48,105747.47,104118,105436.87
1749830400,105436.87,105981,104668.73,105110
1749844800,105110.01,106179.53,105020.87,106066.59
1749859200,106066.59,106252,105197.96,105228.82
1749873600,105228.83,105397.06,104792.98,105076.59
1749888000,105076.59,105132.36,104836.06,105082.01
1749902400,105082.01,105131.25,104615.38,104841.3
1749916800,104841.29,105045.78,104359.08,104645.67
1749931200,104645.66,105480,104300,105414.64
1749945600,105414.63,105680,105264.75,105473.55
1749960000,105473.54,106128.57,105200,105428
1749974400,105428,105482.4,104867.64,104970.51
1749988800,104970.51,105838.24,104955.48,105564
1750003200,105563.99,105777.09,105082.97,105294.19
1750017600,105294.19,105617.82,104494.53,105594.01
1750032000,105594.02,105970.59,104980.37,105921.84
1750046400,105921.85,107262.31,105874.48,107061.8
1750060800,107061.8,107255.01,106582.25,106883.99
1750075200,106884,107784.26,106495.09,107424.96
1750089600,107424.96,108888,107309.15,108652
1750104000,108652.01,108952.38,106700,106794.53
1750118400,106794.53,107771.34,106115.35,107590.41
1750132800,107590.41,107711.06,106481.6,106758.52
1750147200,106758.52,106822.78,105508.23,105641.47
1750161600,105641.48,105862.03,104130.95,104241.63
1750176000,104241.62,105336.82,103371.02,104686.12
1750190400,104686.12,104898.81,104203.85,104551.17
1750204800,104551.17,105240,104379.52,105184.84
1750219200,105184.84,105550.27,104713.24,104973.24
1750233600,104973.24,105310.62,104175.87,104840.59
1750248000,104840.58,105325.83,103814.04,104801.01
1750262400,104801.01,104836.64,103500,103808.41
1750276800,103808.41,105139.87,103652,104886.78
1750291200,104886.79,105226.17,104457.12,105100.02
1750305600,105100.01,105220,104617.69,104642.85
1750320000,104642.85,105073.53,104631.26,104776.23
1750334400,104776.23,104917.05,104078,104096.93
1750348800,104096.94,104814.73,103929.27,104250.44
1750363200,104250.45,104898.31,104150,104658.59
1750377600,104658.59,104820,104391.38,104596.63
1750392000,104596.64,105825.66,104238.02,105811.74
1750406400,105811.74,106524.65,105757.48,105977.82
1750420800,105977.82,106149.17,103888,104217.99
1750435200,104218,104269.64,102345,103307.22
1750449600,103307.21,103828,102963.67,103297.99
1750464000,103297.98,103691.67,103127.48,103495.87
1750478400,103495.86,103599.04,103330,103458.5
1750492800,103458.5,103982.64,103458.49,103874.64
1750507200,103874.63,103946.47,103281.82,103560.9
1750521600,103560.9,103640,102210.43,102245.1
1750536000,102245.11,102888.88,100837.9,102120.01
1750550400,102120.02,103399.62,101839.96,102375.4
1750564800,102375.4,102946.47,102256.01,102424.61
1750579200,102424.61,102804.05,102080,102739.48
1750593600,102739.47,102831,98889.35,98906.21
1750608000,98906.21,100380,98673.66,98882.84
1750622400,98882.85,101034.65,98200,100963.87
1750636800,100963.87,101620,100494.25,101154.14
1750651200,101154.13,102137,100980,101931.04
1750665600,101931.04,102080,101102.76,101289.01
1750680000,101289,102613.09,100792.16,101420.7
1750694400,101420.71,103300,99613.33,103161.29
1750708800,103161.3,106074.2,102880,105333.93
1750723200,105333.94,105500,104720.82,104919.6
1750737600,104919.6,105811,104704.91,104933.74
1750752000,104933.74,105571.4,104622.02,105170
1750766400,105169.99,105731.92,104800.98,105244.73
1750780800,105244.72,106290,105172.64,105643.19
1750795200,105643.2,106119.11,105435.45,106083
1750809600,106083,106791.18,105808.03,106232.01
1750824000,106232.01,106702,106001,106600.01
1750838400,106600,107237.44,106343.13,107198.02
1750852800,107198.02,108135.3,106752.36,107028
1750867200,107027.99,107905.37,106931,107761.68
1750881600,107761.67,108000,107079.9,107340.58
1750896000,107340.59,108272.45,107105.43,107853.79
1750910400,107853.79,108085.92,107520,107813.99
1750924800,107813.99,108174.86,107117.65,107325.41
1750939200,107325.42,107765.55,106562.5,107313.6
1750953600,107313.61,107669.74,107009.28,107532.98
1750968000,107532.97,108000,106850,106947.06
1750982400,106947.06,107515.28,106438.33,107477.76
1750996800,107477.76,107735.34,106850,106869.71
1751011200,106869.72,107159.95,106679.98,106983.6
1751025600,106983.6,107407.14,106356.76,107308.25
1751040000,107308.25,107709.22,106446.45,106801.02
1751054400,106801.02,107277.99,106794.33,107047.59
1751068800,107047.58,107347.1,106811.51,107300.13
1751083200,107300.13,107496.12,107183.29,107485
1751097600,107485.01,107493.07,107252.6,107373.39
1751112000,107373.39,107577.75,107084.15,107449.28
1751126400,107449.28,107542.5,107225.74,107225.74
1751140800,107225.74,107378.37,107154.62,107296.79
1751155200,107296.79,107500,107172.52,107210.78
1751169600,107210.78,107402.18,107205.82,107402.18
1751184000,107402.17,108484,107402.17,108477.11
1751198400,108477.12,108528.5,107650,107750.72
1751212800,107750.72,107792.05,107316.46,107406.81
1751227200,107406.8,108436.47,107250,108356.93
1751241600,108356.93,108789.99,108255.81,108503.74
1751256000,108503.74,108538.76,107481.31,107614.08
1751270400,107614.07,107964.33,107400,107654.2
1751284800,107654.21,107858.79,106733.33,107580.46
1751299200,107580.47,107807.94,107116.4,107745.97
1751313600,107745.97,107764.73,106900.02,107146.5
1751328000,107146.51,107540,107026.93,107192.38
1751342400,107192.39,107203.11,106615.97,107178.99
1751356800,107178.99,107178.99,106301.86,106605.8
1751371200,106605.79,107179.99,105623.39,105955.18
1751385600,105955.19,106287.95,105387.68,105398.53
1751400000,105398.52,106100,105250.85,105681.14
1751414400,105681.13,106216.08,105100.19,106194.7
1751428800,106194.7,107186.78,106131.55,107080
1751443200,107080,107860.23,107080,107479.99
1751457600,107479.98,108759.2,107186.1,108737.74
1751472000,108737.75,109730,108650.97,109676.14
1751486400,109676.14,109676.14,108720,108849.6
1751500800,108849.59,109115.03,108530.4,108628.21
1751515200,108628.2,109548,108566.14,109280
1751529600,109279.99,110273.21,109279.99,109599.19
1751544000,109599.18,110529.18,108749.99,109127.84
1751558400,109127.85,109910.1,109020.8,109803.41
1751572800,109803.41,110000,109510,109584.78
1751587200,109584.77,109767.59,109103.71,109235.57
1751601600,109235.58,109329.6,108700,108700
1751616000,108700,109111,108518.83,108888
1751630400,108888,108978.64,107505,107573.29
1751644800,107573.29,107922.5,107245,107469.23
1751659200,107469.22,108279.33,107440.63,107984.24
1751673600,107984.25,108259.99,107756.31,108154.72
1751688000,108154.72,108420.56,108000,108053.46
1751702400,108053.46,108219.19,107870.42,108112.21
1751716800,108112.2,108232.29,107971,108058
1751731200,108058,108167.23,107864.75,108141.78
1751745600,108141.78,108250,107993.39,108198.12
1751760000,108198.12,108268.35,108025.97,108050.49
1751774400,108050.49,108218,107930.45,108040.31
1751788800,108040.31,108111,107800.01,108076.01
1751803200,108076,109127.03,108045.76,108905.99
1751817600,108906,108966.62,108266.67,108538.46
1751832000,108538.45,109700,108536.86,109203.84
1751846400,109203.85,109700,108679.75,109389.47
1751860800,109389.46,109447.54,108654.94,109061.08
1751875200,109061.07,109087.86,108572.52,108642.01
1751889600,108642.01,108660,107970,108292.59
1751904000,108292.59,108493.56,107513.2,108056.68
1751918400,108056.67,108300,107800.01,108262.94
1751932800,108262.94,108525,107429.57,107901.52
1751947200,107901.52,108499,107750,108484.61
1751961600,108484.61,109005,108229.15,108756.37
1751976000,108756.37,109216.56,108217.07,108268.35
1751990400,108268.35,109147.56,108096.55,108771.88
1752004800,108771.87,108974,108624,108922.98
1752019200,108922.99,109136,108348,108376.41
1752033600,108376.41,108942.2,108324.53,108714.39
1752048000,108714.39,109117,108553.18,109058.27
1752062400,109058.27,109769.39,108503,109071.32
1752076800,109071.32,111999.79,109047.49,111750
1752091200,111749.99,111952.33,110559.4,111233.99
1752105600,111234,111581,110880,111074.51
1752120000,111074.52,111432.46,110898,111230
1752134400,111229.99,111398.96,110870.33,111019.99
1752148800,111019.99,111408.41,110500,111408.4
1752163200,111408.4,113788.23,111322.32,113301.81
1752177600,113301.8,116868,113270.98,116010
1752192000,116010.01,116950,115222.22,116881.7
1752206400,116881.69,118404.22,116500,117526.88
1752220800,117526.88,118869.98,117526.88,117821.91
1752235200,117821.91,118259.24,116724.66,116902.59
1752249600,116902.58,118138.75,116604.87,118108.81
1752264000,118108.81,118108.81,117146.8,117527.66
1752278400,117527.66,117847.66,117141.13,117774.42
1752292800,117774.42,118054.79,117506.37,117731.99
1752307200,117731.99,118200,117625,117810
1752321600,117810,117861.19,116900.05,117100.01
1752336000,117100,117639.98,117045.86,117550.96
1752350400,117550.96,117563.75,117000.01,117420
1752364800,117420,117824.76,117224.79,117753.6
1752379200,117753.59,118054.79,117684.22,117999
1752393600,117998.99,118086.66,117689.63,118072.01
1752408000,118072.01,119376,117989.53,118672.24
1752422400,118672.23,119488,118382.56,118961.08
1752436800,118961.09,119367.37,118243.68,119086.64
1752451200,119086.65,121492.48,118905.18,120750.24
1752465600,120750.25,123218,120557.63,122736.04
1752480000,122736.04,122769.19,121355.55,121467.24
1752494400,121467.23,122120,119611.7,119878.23
1752508800,119878.22,120526.03,119202,119939.41
1752523200,119939.42,120447,119522.72,119841.18
1752537600,119841.17,119940.83,116840.01,117148.47
1752552000,117148.46,117765.4,116250,116779.12
1752566400,116779.13,117224.08,116300,117113.98
1752580800,117113.98,118490.71,115736.92,116391.43
1752595200,116391.43,117800.6,116019.05,116416.07
1752609600,116416.07,117972.86,116192.27,117758.09
1752624000,117758.08,118195,117017.29,117482.67
1752638400,117482.67,118300,117275.63,118189.25
1752652800,118189.24,119310.75,118113.82,118769.06
1752667200,118769.06,119794.8,118181.14,119095.76
1752681600,119095.76,119904.13,118471.38,119230.16
1752696000,119230.16,120063.84,118420,118630.43
1752710400,118630.44,119158.28,117683.53,118128.8
1752724800,118128.8,118772,117857.03,118311.75
1752739200,118311.75,119192,117974.99,117995
1752753600,117995,119073.46,117453.57,118881.99
1752768000,118881.99,119880.13,118333.6,118959.66
1752782400,118959.66,120998.71,118383.97,119177.56
1752796800,119177.56,120785.49,119020.48,120223.09
1752811200,120223.08,120820.71,119287.72,119339.51
1752825600,119339.51,119469.21,118395,119171.34
1752840000,119171.35,119531.48,117315.69,117860.25
1752854400,117860.24,118054.92,117120.53,117374.76
1752868800,117374.75,118021.62,116812.76,117924.84
1752883200,117924.84,118371.42,117613.35,118322.54
1752897600,118322.53,118364,118044.19,118163.06
1752912000,118163.07,118499.9,117943.25,118327.06
1752926400,118327.05,118327.06,117627.71,118058.11
1752940800,118058.1,118161.51,117605.26,118007.88
1752955200,118007.88,118141,117277.34,117840
1752969600,117840.01,118165.38,117650,117958.01
1752984000,117958,118218,117760.67,118029.49
1752998400,118029.49,118277.17,117819.88,117878.46
1753012800,117878.46,118799.8,117723.23,118671.11
1753027200,118671.12,118856.8,117960,118155.01
1753041600,118155,118263,116467.02,117265.12
1753056000,117265.11,118614.7,116515,118404
1753070400,118404.01,119676.73,118188.95,119362.67
1753084800,119364.18,119500,118070.16,118070.17
1753099200,118070.17,119233.71,117778.7,118313.16
1753113600,118313.16,118399.1,116666,116767.67
1753128000,116767.67,117633.66,116656.88,117380.36
1753142400,117380.36,117950,116128,117210
1753156800,117210,118594.55,116552.18,117983.68
1753171200,117983.69,119188.3,117488.19,119154.99
1753185600,119154.99,119573.53,117550,118912.04
1753200000,118912.04,120183.96,118368.19,119282.1
1753214400,119282.11,120247.8,119203.2,119954.42
1753228800,119954.43,120090,118532.96,118614.17
1753243200,118614.16,119006.05,118288.2,118350.35
1753257600,118350.35,118619.79,117844.24,118538.46
1753272000,118538.46,118708.24,117301,118567.39
1753286400,118567.39,118567.39,117331.63,118393.64
1753300800,118393.64,118756,117381.8,118755.99
1753315200,118756,119273.36,118466.71,118488.92
1753329600,118488.92,118610.25,117103.1,118416.21
1753344000,118416.21,118814.47,117955.59,118600
1753358400,118600,119450,117832.32,119092.65
1753372800,119092.65,119395.81,118350,118943.42
1753387200,118943.42,119010.64,118166.94,118340.99
1753401600,118340.98,118451.57,115330.86,115419.66
1753416000,115419.65,116144.63,114723.16,115320.01
1753430400,115320.01,116782.13,115008.85,116543.58
1753444800,116543.59,116656.99,114908,115727.08
1753459200,115727.07,116997.21,115455.46,116688.6
1753473600,116688.6,117630,116578.02,117614.31
1753488000,117614.31,117750,117138.38,117489.62
1753502400,117489.61,117547.92,117304.46,117304.47
1753516800,117304.47,118217.45,117304.46,117776.11
1753531200,117776.1,118220,117772.13,118130.1
1753545600,118130.1,118297.35,117941.96,118232.11
1753560000,118232.11,118276.66,117883.86,117919.99
1753574400,117919.99,118358.18,117825.5,118182.83
1753588800,118182.83,118438.83,118066.74,118095.95
1753603200,118095.95,118292.86,117859.98,118072.71
1753617600,118072.71,118588,117890,118585.74
1753632000,118585.75,119540.01,118585.75,118960
1753646400,118960.01,119766.65,118713.74,119415.55
1753660800,119415.56,119800,118960.5,119287.99
1753675200,119287.99,119701.07,118774.31,118900
1753689600,118900.01,119102.69,118475.47,118827.49
1753704000,118827.49,119093.68,117895.73,118174.9
1753718400,118174.89,118376.61,117427.5,118068.73
1753732800,118068.73,118350.01,117500.09,118062.32
1753747200,118062.32,118800,117450,118764.85
1753761600,118764.85,119273.36,118416.66,118882.37
1753776000,118882.37,119051,118160.87,118592.38
1753790400,118592.38,119080.81,117272,117400.01
1753804800,117400.02,118057.05,116950.75,117525.29
1753819200,117525.28,118000,117094.96,117950.76
1753833600,117950.75,118250,117412.53,118161.87
1753848000,118161.86,118412.11,117667.33,118123.01
1753862400,118123,118481.81,117358.84,117579.99
1753876800,117579.99,118792,117358.84,118000.01
1753891200,118000.01,118037.18,115796.23,116916.73
1753905600,116916.73,117908.4,116880.64,117840.3
1753920000,117840.29,118600,117781.87,118466.14
1753934400,118466.15,118922.45,118287.63,118665.97
1753948800,118665.98,118770.07,118278.91,118371.25
1753963200,118371.25,118702.1,117807.35,118306.18
1753977600,118306.18,118879.14,116763.43,116785.79
1753992000,116785.78,116990.04,115500,115764.08
1754006400,115764.07,116052,114313.13,115648.03
1754020800,115648.03,115916.43,114633.18,115081.77
1754035200,115081.76,115340,114116,115305.65
1754049600,115305.64,116019.3,113988.47,115357.82
1754064000,115357.82,115695.52,113221.93,113328.68
1754078400,113328.67,114094.08,112722.58,113297.93
1754092800,113297.92,113921.94,113198.63,113909.86
1754107200,113909.87,114063.49,113469.43,113982.49
1754121600,113982.49,114040.29,113425.58,113787.12
1754136000,113787.11,113787.12,112802.31,112840.71
1754150400,112840.7,113420,112003,112229.42
1754164800,112229.42,113058.82,112069.86,112546.35
1754179200,112546.35,113740.69,111920,113604.2
1754193600,113604.2,113720.16,113341.06,113700
1754208000,113700,114260.31,113551,113862.18
1754222400,113862.19,114098.45,113579.69,113959.06
1754236800,113959.06,114799.97,113775.55,114313.19
1754251200,114313.19,114612.24,114066.56,114208.8
1754265600,114208.81,115000,114107.6,114570.61
1754280000,114570.61,114778.5,114148.58,114652.97
1754294400,114652.98,114750,114217.97,114493.09
1754308800,114493.09,115466,114121,114826
1754323200,114826.01,115720,114732.65,114777.62
1754337600,114777.62,115340,114616.33,115055.03
1754352000,115055.03,115127.81,114256.85,114256.85
1754366400,114256.85,114500.66,113725.72,113969.7
1754380800,113969.7,115096.73,113928.87,114827.07
1754395200,114827.07,114893.13,112650,112934
1754409600,112934,113763.27,112815.68,113616.52
1754424000,113616.51,114228.88,113304,114129.75
1754438400,114129.75,114139.38,113400,113509.97
1754452800,113509.98,114417.02,113355.13,114227.91
1754467200,114227.9,114404.23,113727.57,114226.69
1754481600,114226.68,115515.09,113579.9,115413.87
1754496000,115413.87,115716,114942.18,115259.99
1754510400,115260,115260,114793.01,114992.27
1754524800,114992.27,115185.58,114404.22,114546.03
1754539200,114546.03,114876.79,114259,114787.99
1754553600,114787.99,116828.93,114787.98,116519.53
1754568000,116519.54,116791.11,116035.84,116689.81
1754582400,116689.8,117520,115632.31,117461.98
1754596800,117461.99,117621,117012,117472.01
1754611200,117472.02,117630,116694.28,116737.35
1754625600,116737.34,116973.3,116401,116817.19
1754640000,116817.2,116914.6,116317.08,116891.51
1754654400,116891.51,117271.73,115878.71,116207.69
1754668800,116207.7,116900,116006.14,116453.41
1754683200,116453.41,116980,116319.06,116674.74
1754697600,116674.74,116750,116299.13,116384.01
1754712000,116384.01,116980,116339.45,116756.01
1754726400,116756,117944.05,116756,117110
1754740800,117110,117238.04,116700.01,116892.47
1754755200,116892.48,116947.16,116500,116535.69
1754769600,116535.68,117021.16,116359.89,116462.25
1754784000,116462.25,118500,116460.63,118500
1754798400,118500,118741.77,117466.34,117808.3
1754812800,117808.29,118500,117608.01,118330.58
1754827200,118330.58,119113.94,118232,118815
1754841600,118815,118944.24,118433.8,118663.08
1754856000,118663.09,119311.11,118074.99,119294.01
1754870400,119294.27,122164.07,118972.59,121728.99
1754884800,121729,122335.16,121466.08,121537.15
1754899200,121537.14,121823,120286.4,120561.54
1754913600,120561.53,120667.54,119382.91,120314.4
1754928000,120314.4,120794.05,118604.17,119089.3
1754942400,119089.3,119172.63,118050.11,118686
1754956800,118686,119275.46,118593.39,118857.7
1754971200,118857.7,119158.06,118424.86,118986.72
1754985600,118986.73,119058.43,118207.47,118522.22
1755000000,118522.22,119960,118285,119933
1755014400,119933,120192.1,119172.62,119665.27
1755028800,119665.27,120324.43,119485.84,120134.08
1755043200,120134.09,120192.1,119094.28,119482.01
1755057600,119482.01,119820.18,118920.92,119580.4
1755072000,119580.4,120732.94,119446.22,120570.41
1755086400,120570.41,122200,120106.02,120920.62
1755100800,120920.61,122839.47,120920.61,122744.21
1755115200,122744.22,123667.79,122298.2,123306.43
1755129600,123306.44,124474,123250.5,123337.14
1755144000,123337.14,123428.6,121313.86,121725.31
1755158400,121725.31,122045.9,120694,120949.67
1755172800,120949.66,121183.06,117632,118257.25
1755187200,118257.26,118535,117180,117945.92
1755201600,117945.92,118516.81,117302.33,118295.09
1755216000,118295.09,119077.71,118032.32,118968.91
1755230400,118968.91,119216.82,118629.58,118956.45
1755244800,118956.45,119144.5,118600,119006.01
1755259200,119006.01,119130.77,116827.29,117275.22
1755273600,117275.23,117882.35,116803.99,116936.27
1755288000,116936.28,117761.88,116862.5,117342.05
1755302400,117342.04,117898.99,117231.14,117429.63
1755316800,117429.63,117884,117278,117596.07
1755331200,117596.07,117703.92,117143.98,117378.52
1755345600,117378.52,117825,117327.63,117676.7
1755360000,117676.7,117817.65,117629.94,117672.12
1755374400,117672.13,117713.51,117219.34,117380.66
1755388800,117380.66,117771.37,117172.21,117684.95
1755403200,117684.96,118230.82,117684.95,118005.98
1755417600,118005.98,118484,117922,118308.01
1755432000,118308,118575,118059.12,118246.16
1755446400,118246.15,118316.01,117321.53,117570.07
1755460800,117570.07,117995.37,117371.65,117405.01
1755475200,117405.01,117543.75,115000,115319
1755489600,115319,115712.49,114878.71,115205.98
1755504000,115205.99,115402.51,114640.14,114947.27
1755518400,114947.27,116186.97,114825,116145.34
1755532800,116145.34,116800,115818.86,116313.99
1755547200,116314,116980,115980.32,116227.05
1755561600,116227.05,116725.69,114787.23,114810
1755576000,114810.01,115483.24,114366,114978.14
1755590400,114978.15,115650,114804,115508.71
1755604800,115508.71,115875.84,113587.68,113786.38
1755619200,113786.39,113897.58,112767.06,113132.48
1755633600,113132.49,113589.48,112732.58,112872.94
1755648000,112872.95,113636.13,112566.01,113525.91
1755662400,113525.9,113837.93,113432,113490.13
1755676800,113490.14,114016.77,113060.08,113666.68
1755691200,113666.69,114326.35,112380,113353.94
1755705600,113353.94,114444,113264.01,114276.66
1755720000,114276.66,114615.38,114000,114271.24
1755734400,114271.23,114821.76,113906.01,113954.62
1755748800,113954.62,114033.84,113582.43,113896.03
1755763200,113896.03,113990,113000,113148.66
1755777600,113148.65,113995.11,112608.64,112792.08
1755792000,112792.08,112969.47,112015.67,112193.71
1755806400,112193.71,112870.94,112067.46,112500
1755820800,112500,113525,112335.6,112929.24
1755835200,112929.24,113394.76,112708.81,113094.83
1755849600,113094.83,113319.3,112177.27,112320
1755864000,112320.01,117296.12,111684.79,116370.75
1755878400,116370.75,117429.05,116116,116655.79
1755892800,116655.79,117174.43,116550.96,116935.99
1755907200,116936,117030,115458.2,115568.77
1755921600,115568.77,116034.53,115551.2,115799.47
1755936000,115799.46,115861.8,115223.43,115310.13
1755950400,115310.13,115486.97,114560,114812.87
1755964800,114812.88,115190.74,114684.11,115133.91
1755979200,115133.92,115454.12,115001.88,115438.05
1755993600,115438.06,115666.68,114934.21,115036
1756008000,115036.01,115283.21,114846.14,114888.19
1756022400,114888.19,115060.99,114600,114730.22
1756036800,114730.22,114869.41,114350.57,114400
1756051200,114400.01,114917.1,110680,112600
1756065600,112600,113692.97,111632.85,113493.59
1756080000,113493.59,113667.28,112159,112916.84
1756094400,112916.84,113059.52,111284.05,111511.55
1756108800,111511.56,111850.13,110929.48,111214.97
1756123200,111214.97,112580,110588,112200.64
1756137600,112200.65,112937.26,110655.01,110716.13
1756152000,110716.13,111092.54,109274.1,110111.98
1756166400,110111.98,110111.98,108666.66,109879.56
1756180800,109879.57,110547.31,109765.93,110303.2
1756195200,110303.2,110455.13,109570.34,109876.52
1756209600,109876.53,110818.6,109393.93,109666.33
1756224000,109666.34,111162.59,109450,111116.03
1756238400,111116.03,112371,110918.26,111763.22
1756252800,111763.22,111825.16,110918.26,111418.15
1756267200,111418.15,111737.26,110622.5,110725.18
1756281600,110725.19,111374.45,110345.42,111322.07
1756296000,111322.07,112625,111019.02,112000
1756310400,111999.99,112600,111541.23,112080.69
1756324800,112080.68,112452.05,110921.79,111262.01
1756339200,111262.01,112042.04,110862.42,112000.01
1756353600,112000,113360,111945.07,113114.11
1756368000,113114.11,113351.51,112826.22,112909.18
1756382400,112909.18,113485.9,112391.56,112678.53
1756396800,112678.53,113186.56,111901.35,111901.36
1756411200,111901.36,112575.98,111872.06,112566.9
1756425600,112566.9,112638.64,111302.27,111704.23
1756440000,111704.24,111850.56,109899.99,110019.38
1756454400,110019.38,110270.3,109414.18,110098.81
1756468800,110098.81,111517.07,108103,108386.23
1756483200,108386.23,108832,107934.24,108212.01
1756497600,108212.01,108549.99,107463.9,108377.4
1756512000,108377.4,108436.21,107350.1,108436.2
1756526400,108436.21,108697.28,108120,108524.26
1756540800,108524.26,108777.43,108400,108680.01
1756555200,108680.01,108926.15,108190.52,108869.98
1756569600,108869.98,108900,108625.46,108828.33
1756584000,108828.32,108838.27,108468.77,108816.33
1756598400,108816.33,109480.02,108801.35,109223.84
1756612800,109223.84,109231.41,108523.49,108708.26
1756627200,108708.25,109100,108303.21,108389.76
1756641600,108389.77,108858.43,108191.29,108818.69
1756656000,108818.69,109237.51,108555,108930
1756670400,108930,109230,108076.93,108246.35
1756684800,108246.36,108482.98,107393,107660.01
1756699200,107660,109432.99,107255,109432.99
1756713600,109432.99,109912.4,108186.41,108782.88
1756728000,108782.89,109520,108566,108784.33
1756742400,108784.33,109329.65,108391.3,109217.64
1756756800,109217.65,109442.95,107459.49,109237.42
1756771200,109237.43,110623.97,108883.8,110322.18
1756785600,110322.19,110610.5,110000,110233.92
1756800000,110233.91,110711.1,109563.87,109733.34
1756814400,109733.33,111771.52,108393.39,110829.17
1756828800,110829.16,111119.58,110200,110806
1756843200,110806.01,111538.17,110716.77,111240.01
1756857600,111240.01,111782.21,110892.14,111054.01
1756872000,111054,111151.99,110528.71,111099.88
1756886400,111099.87,111708,110889.29,111437.77
1756900800,111437.77,112500,111031.61,112222.74
1756915200,112222.73,112575.27,111686.24,112193.74
1756929600,112193.74,112250,111613.98,111705.71
1756944000,111705.72,112180,111136,111148.97
1756958400,111148.97,111318.84,110279.68,110463.36
1756972800,110463.36,111154.93,110415.72,110810
1756987200,110810,111123.99,109329.12,109510.31
1757001600,109510.32,110218.39,109363.26,109799.99
1757016000,109800,111765.31,109755.59,110730.87
1757030400,110730.87,111482.09,110435.75,111311.77
1757044800,111311.78,112999,111144.51,112954.32
1757059200,112954.32,112985,112131.02,112354
1757073600,112354,113384.62,110286.91,110716.82
1757088000,110716.82,111627.51,110206.96,111614.54
1757102400,111614.54,111700,110375.6,110659.99
1757116800,110660,111307.7,110552.56,111082.22
1757131200,111082.23,111082.23,110687.69,110825.6
1757145600,110825.59,110968,110675.58,110781.02
1757160000,110781.03,110999.83,110358.11,110384.15
1757174400,110384.16,110402,109977,110038.41
1757188800,110038.42,110282.82,110034.44,110187.97
1757203200,110187.98,110733.12,110180,110629.15
1757217600,110629.15,110911.42,110463.1,110753.42
1757232000,110753.41,111377.19,110720.01,111292.13
1757246400,111292.12,111412,111042.6,111329.99
1757260800,111329.99,111371.35,110861.2,111259.99
1757275200,111259.99,111600,111001.45,111137.34
1757289600,111137.35,111372,110621.78,111052.11
1757304000,111052.11,111609.04,110899.69,111280.39
1757318400,111280.4,112186.98,111252.9,112052.43
1757332800,112052.43,112924.37,111877.64,112631.75
1757347200,112631.74,112670.06,111978.67,112097.31
1757361600,112097.31,112512.71,111896,112065.23
1757376000,112065.23,112104.41,111111,111708
1757390400,111708.01,113293.29,111624.12,112991.11
1757404800,112991.11,113176.51,112403.91,112433.59
1757419200,112433.59,112950,110766.66,110880.76
1757433600,110880.76,111388.04,110788,111301.53
1757448000,111301.53,111745.69,111090.07,111546.39
1757462400,111546.38,111586.26,110917.45,111545.88
1757476800,111545.88,112602.35,111372.42,112553.65
1757491200,112553.65,112859.8,112097.2,112299.99
1757505600,112300,114313.13,112299.99,113853.99
1757520000,113853.99,114074.46,113155.03,113574.52
1757534400,113574.53,114025.78,113528.01,113960
1757548800,113960,114434.23,113669.82,114400.01
1757563200,114400.01,114459.65,113957.2,114083.58
1757577600,114083.58,114200,113776,113999.99
1757592000,113999.99,114715.02,113430,114180.31
1757606400,114180.32,114605.54,114102,114419.99
1757620800,114420,115488.09,114246.04,115482.69
1757635200,115482.69,116331.81,115045.45,115194.14
1757649600,115194.14,115656.87,115086.7,115086.7
1757664000,115086.7,115273.12,114888.01,114913.45
1757678400,114913.45,115500.95,114740.99,115121.18
1757692800,115121.18,116665.63,115030.3,116632.51
1757707200,116632.51,116632.51,115752.68,116029.42
1757721600,116029.41,116298.78,115576.26,115957
1757736000,115957,115957.01,115657.81,115778.71
1757750400,115778.72,116166.71,115767.33,115974.11
1757764800,115974.11,116060,115603.98,115768.68
1757779200,115768.68,115817.37,115127.27,115797.12
1757793600,115797.12,115991.29,115797.11,115918.29
1757808000,115918.29,116109,115651.99,115679.98
1757822400,115679.99,115936,115449.59,115805.39
1757836800,115805.39,116165.19,115748.78,115794.91
1757851200,115794.92,115878.49,115141.8,115224.01
1757865600,115224.01,115657.5,115193.9,115634.99
1757880000,115634.99,116087.35,115135,115268.01
1757894400,115268.01,115594.9,114825,115445.45
1757908800,115445.46,116757.99,115400,115806.62
1757923200,115806.62,115806.62,114625.87,115070
1757937600,115070.01,115099,114384,114842.9
1757952000,114842.9,115570,114600,115307.78
1757966400,115307.78,115605.07,115200.07,115349.71
1757980800,115349.71,115520,114945.01,115307.25
1757995200,115307.26,116009.62,114930,115840
1758009600,115839.99,115981.17,115206.15,115287.83
1758024000,115287.84,115905.89,114737.11,115905.88
1758038400,115905.88,116870.76,115608.28,116800.12
1758052800,116800.13,116964.27,116584.45,116788.96
1758067200,116788.96,117077.16,116371.81,116372.04
1758081600,116372.05,117286.73,116160.22,117162.48
1758096000,117162.48,117189.86,116253.27,116258.13
1758110400,116258.12,116516.93,115432,115875.32
1758124800,115875.33,116333.33,114720.81,115652.02
1758139200,115652.02,116990.68,115307.33,116447.59
1758153600,116447.6,117896,116092.76,117581.66
1758168000,117581.67,117750,116888.02,117086.01
1758182400,117086.01,117413.04,117010.59,117063.4
1758196800,117063.41,117843.83,116977.59,117583.56
1758211200,117583.56,117900,117196.33,117450.21
1758225600,117450.21,117657.17,116612.03,117073.53
1758240000,117073.53,117459.99,116871.61,116977.58
1758254400,116977.58,117100,116633.86,116909.97
1758268800,116909.98,117090.36,116300,116394.72
1758283200,116394.72,116529.08,115464.19,115884.03
1758297600,115884.03,116136,115112.58,115125.12
1758312000,115125.13,115657.28,115100,115632.38
1758326400,115632.39,115730.41,115408.47,115445
1758340800,115445,115985.2,115409.08,115968.56
1758355200,115968.56,115968.57,115664.11,115894.06
1758369600,115894.05,116121.81,115804.47,115986.69
1758384000,115986.7,116079.46,115698.08,115702
1758398400,115702,115944.7,115603.42,115685.63
1758412800,115685.63,115732.94,115441.83,115669.41
1758427200,115669.42,115815.98,115487.56,115815.97
1758441600,115815.98,115819.06,115329.03,115603.45
1758456000,115603.45,115747.23,115473.19,115531.61
1758470400,115531.62,115665.52,115209.02,115480.05
1758484800,115480.05,115545.43,115188,115232.29
1758499200,115232.29,115379.25,114150,114649.89
1758513600,114649.89,114649.9,111800,112519.99
1758528000,112520,112976.02,112173.52,112876.97
1758542400,112876.97,113432.76,112380,112815.5
1758556800,112815.5,112888,111936.4,112122.9
1758571200,112122.9,112977.41,111975.28,112650.99
1758585600,112650.99,112833.09,111478,112339.99
1758600000,112339.99,113114.01,111876.15,113090.13
1758614400,113090.13,113281.5,112683.33,112975.99
1758628800,112975.99,113290.5,112496.61,112882.19
1758643200,112882.2,112958.58,111540.2,111655.29
1758657600,111655.29,112220.54,111458.73,111998.8
1758672000,111998.8,112500,111683.09,111683.09
1758686400,111683.1,112779.37,111042.66,112583.54
1758700800,112583.54,113162.17,112405.62,113029.46
1758715200,113029.45,113890,112808,113346.41
1758729600,113346.4,113940,113163.21,113420.01
1758744000,113420,113647.58,113204.71,113307
1758758400,113307.01,113510.23,112214.74,112546.21
1758772800,112546.22,112614.43,111450.42,111766.72
1758787200,111766.73,112246.46,111283.63,111348
1758801600,111347.99,111729.52,110629.99,111580.77
1758816000,111580.77,111672.58,108631.51,109360
1758830400,109360,109685.72,108765,108994.49
1758844800,108994.49,109798.84,108809.24,109580.01
1758859200,109580,109625.94,108913,109320.02
1758873600,109320.02,109690.98,108620.07,109133.5
1758888000,109133.5,109779.73,108764.76,109027.78
1758902400,109027.79,110300,109027.78,109172.2
1758916800,109172.21,109687.69,109087.57,109643.46
1758931200,109643.46,109743.91,109324.42,109553.77
1758945600,109553.77,109742.27,109332.02,109411.2
1758960000,109411.19,109477.69,109064.4,109310.21
1758974400,109310.22,109477.59,109193,109402.24
1758988800,109402.25,109440,109243.89,109424.2
1759003200,109424.21,109699.98,109362.72,109635.85
1759017600,109635.85,109787.75,109325.05,109436
1759032000,109436,109537.8,109260,109513.06
1759046400,109513.06,109585.39,109250,109369.02
1759060800,109369.02,110037.93,109189.99,110037.93
1759075200,110037.92,110393.63,110008.54,110337.6
1759089600,110337.61,112350,110294.78,112163.95
1759104000,112163.96,112310,111588.07,111857.51
1759118400,111857.51,111904.34,111560.65,111865.95
1759132800,111865.96,112421.99,111865.95,112100
1759147200,112100,114231.56,111901.26,113815.57
1759161600,113815.57,114390.93,113449.74,114265.55
1759176000,114265.56,114400,114020,114311.96
1759190400,114311.97,114792,114040.35,114376.39
1759204800,114376.39,114376.4,113585,113699.23
1759219200,113699.24,113741.37,112656.27,113055.01
1759233600,113055,113677.23,112866.11,113106.16
1759248000,113106.15,114563.46,112800,114359.99
1759262400,114359.99,114754.87,113765.42,114048.93
1759276800,114048.94,114551.76,113966.67,114176.92
1759291200,114176.93,114740,114151,114539.02
1759305600,114539.02,116795.85,114484.43,116789.58
1759320000,116789.57,117649.99,116363.38,117423.73
1759334400,117423.73,118199,116724.56,117439.53
1759348800,117439.53,118649.1,117163.25,118594.99
1759363200,118594.99,119456.92,118368.05,118733.99
1759377600,118733.99,118930.29,118279.31,118489.76
1759392000,118489.76,118926.49,118354.61,118765.73
1759406400,118765.72,119910.79,118516.39,119910.78
1759420800,119910.78,121022.07,119359.63,120836.49
1759435200,120836.49,120914,120072.46,120529.35
1759449600,120529.35,120550.9,119820,120225.89
1759464000,120225.88,120324.53,119610.59,119640.21
1759478400,119640.22,120515.89,119248.3,120334.5
1759492800,120334.51,122366,119881.24,122258.05
1759507200,122258.04,123894.99,121466.25,122660.99
1759521600,122661,122734.92,121999.33,122232
1759536000,122232.21,122325.6,121684.97,122243.99
1759550400,122243.99,122800,122219.3,122324.08
1759564800,122324.08,122539.83,121962.81,121973.26
1759579200,121973.26,122509.52,121698.88,121791.31
1759593600,121791.31,121964.95,121510,121959.25
1759608000,121959.25,122410,121871.01,122391
1759622400,122390.99,124362.28,122136,123776.22
1759636800,123776.23,125708.42,123734,124713.63
1759651200,124713.63,124838.37,122520.24,123464.64
1759665600,123464.64,123464.65,122675,122803.17
1759680000,122803.17,123464,122301.63,122591.79
1759694400,122591.8,123548.83,122473.62,123482.31
1759708800,123482.32,124358.46,123084,123839.09
1759723200,123839.09,124165.56,123280.49,123390.47
1759737600,123390.47,124531.66,123390.46,124215
1759752000,124215,125408.29,124178,125000
1759766400,125000,126199.63,124800,125410.81
1759780800,125410.8,125534,124511.15,124658.54
1759795200,124658.54,125082.27,124101.26,124329.74
1759809600,124329.74,124654.47,123567.6,123667.99
1759824000,123668,124509.6,123322.9,124453.38
1759838400,124453.37,125126,121172.89,121846.01
1759852800,121846.01,122084.14,120574.94,121637.17
1759867200,121637.18,122292.62,121258.08,121332.95
1759881600,121332.96,122229.66,121200,121374.75
1759896000,121374.76,121910.24,121066.14,121597.06
1759910400,121597.05,123200,121524.01,122884.14
1759924800,122884.14,123350,121649.68,122189.72
1759939200,122189.72,124197.25,122110.08,123450
1759953600,123450.01,123737,122794.4,123306
1759968000,123306.01,123348.32,121475.98,122038.01
1759982400,122038.01,122264,121724.71,121906.1
1759996800,121906.09,122833.02,121145.49,122737.57
1760011200,122737.56,123762.94,120673.99,121147.14
1760025600,121147.15,121481.9,119651.47,120951.72
1760040000,120951.72,121900,120838,121662.4
1760054400,121662.41,121874.13,120900,121026.01
1760068800,121026,121754.34,120855.41,120932.05
1760083200,120932.05,121777.07,120916.44,121554.55
1760097600,121554.55,122550,118500,119018.98
1760112000,119018.99,119456.28,115952.47,116661.5
1760126400,116661.5,117214.64,102000,112774.5
1760140800,112774.49,113322.39,111019.43,112300.01
1760155200,112300,112991.16,110090.29,110384.61
1760169600,110384.6,112359.67,110162.23,112280
1760184000,112280.01,112500,111793.2,111793.2
1760198400,111793.21,112185.53,110865.82,111178.31
1760212800,111178.3,111368.29,109561.59,110644.4
1760227200,110644.4,111368.14,109565.06,110676
1760241600,110676,112125.51,110617.1,111525.2
1760256000,111525.19,112133.33,111139.87,111848.36
1760270400,111848.35,113745.84,111177.75,113198.2
1760284800,113198.2,114700,113198.2,114342.28
1760299200,114342.28,115770,114217.75,114958.8
1760313600,114958.81,115963.81,114619.45,114821.12
1760328000,114821.13,115554.83,114398.24,115399.67
1760342400,115399.66,115438.17,113616.5,114180
1760356800,114180,115530,113800.01,114312.1
1760371200,114312.09,115891.3,114215.79,115792.84
1760385600,115792.84,115868,115005.44,115166
1760400000,115166,115409.96,113279.76,113500
1760414400,113500,113691,111355.01,111724.41
1760428800,111724.41,112140,110012.24,111313.98
1760443200,111313.98,112943.82,109866,112900.43
1760457600,112900.44,113544.53,111692.31,112613.7
1760472000,112613.69,113577,112230.46,113028.14
1760486400,113028.13,113612.35,111825.93,112024.29
1760500800,112024.3,112680,111746.76,112584.5
1760515200,112584.49,113520.88,111693.26,111905.73
1760529600,111905.72,112238.41,110400,110798.01
1760544000,110798.01,111557.7,110164,111271.73
1760558400,111271.73,111556.27,110500,110763.28
1760572800,110763.28,111867.17,110361,111329.48
1760587200,111329.48,111773.7,110553.19,110584.2
1760601600,110584.21,111728.7,109635.15,111404.72
1760616000,111404.73,111982.45,108361.69,108549.21
1760630400,108549.21,109254,107577.57,108197.66
1760644800,108197.67,108500,107427,108194.28
1760659200,108194.27,109240,107934.4,109176.74
1760673600,109176.74,109236.01,105542.09,105633.75
1760688000,105633.75,106651.22,103528.23,105683.72
1760702400,105683.71,106852.14,104533.21,106803.53
1760716800,106803.52,107575.6,106071.42,106454.72
1760731200,106457.24,107440.02,106342.47,106431.68
1760745600,106431.68,107306.06,106322.2,107070.4
1760760000,107070.41,107499,106439.38,106665
1760774400,106665.01,107222,106605.93,107208.6
1760788800,107208.61,107300,106739.33,106948.75
1760803200,106948.75,107091.87,106484,107080.14
1760817600,107080.14,107339.03,106851.84,107185.01
1760832000,107185,107367.16,106734.17,107275.78
1760846400,107275.79,107290,106558.61,106786
1760860800,106786,108260.5,106103.36,107783.47
1760875200,107783.47,108621.68,107355.02,108486.7
1760889600,108486.71,109450.07,108240,108908.43
1760904000,108908.43,109370.99,108471.1,108642.78
1760918400,108642.77,110427.86,107402.52,110145.44
1760932800,110145.45,111445.67,109951.96,111169.92
1760947200,111169.91,111679.25,110608.27,111016.75
1760961600,111016.75,111705.56,110588.23,111144.55
1760976000,111144.55,111303.05,109855.83,110803.22
1760990400,110803.22,111272,110418.25,110532.09
1761004800,110532.09,110532.09,109052.09,109059.22
1761019200,109059.23,109059.23,107473.72,108086.37
1761033600,108086.38,108811.47,107484.22,108580.01
1761048000,108580,113557.62,107922.06,113422.61
1761062400,113422.6,114000,111324.29,111780.39
1761076800,111780.4,111801.41,108045.81,108297.67
1761091200,108297.66,108678.21,107841.2,108216.02
1761105600,108216.03,108638.99,107610,108321.63
1761120000,108321.64,108358.76,106708.18,107555.05
1761134400,107555.04,109163.88,107443.01,108416.5
1761148800,108416.5,108796.42,107463.29,107870.35
1761163200,107870.35,108069.93,106666.69,107567.44
1761177600,107567.45,108720.39,107500,108377.96
1761192000,108377.96,110298.29,108350.36,109269.9
1761206400,109269.9,109903.83,109100.4,109253.89
1761220800,109253.88,110109.99,108685.72,109908.28
1761235200,109908.29,111293.61,109647.34,110200
1761249600,110200.01,110200.01,109341.28,110078.18
1761264000,110078.19,110829.67,109983.93,110441.46
1761278400,110441.46,111522.3,110332,111054.61
1761292800,111054.61,111482.99,110600,111066.29
1761307200,111066.29,112104.98,109700.01,110046.91
1761321600,110046.92,110945.39,109797.13,110615.07
1761336000,110615.07,111138.62,110478,111004.89
1761350400,111004.9,111226.67,110672.86,111029.99
1761364800,111029.99,111820.87,111029.99,111489.6
1761379200,111489.59,111850.13,111375.81,111563.81
1761393600,111563.81,111943.19,111311.19,111385.18
1761408000,111385.18,111731.78,111164.39,111623.45
1761422400,111623.46,111683.64,111342.25,111646.27
1761436800,111646.27,111899.56,111260.45,111260.46
1761451200,111260.46,111724.96,111260.46,111723.98
1761465600,111723.98,113466.23,111708.63,113286.09
1761480000,113286.09,114000,113279.85,113694.97
1761494400,113694.97,113793.93,113290.62,113585.99
1761508800,113585.98,115466.8,112901,114559.4
1761523200,114559.41,115445.39,114362.26,114958.51
1761537600,114958.52,116400,114938.01,115554.6
1761552000,115554.59,115607.48,114814.69,115362.02
1761566400,115362.02,115437.48,114503.99,114969.68
1761580800,114969.68,115790,114790.81,114942.64
1761595200,114942.64,114942.64,113830.01,114107.65
1761609600,114107.65,114547.2,113569.91,113908.24
1761624000,113908.25,114364.99,113483.3,114188.37
1761638400,114188.38,114673.68,114113.3,114357.73
1761652800,114357.72,116086,114138.06,114641.38
1761667200,114641.38,115591.41,113566.44,113689.99
1761681600,113689,113703.32,112211,112898.45
1761696000,112898.44,112975.75,112100,112523.49
1761710400,112523.49,113577.9,112505.58,113577.9
1761724800,113577.9,113624.12,112732.91,113132.36
1761739200,113132.35,113643.73,111401.5,111509.74
1761753600,111509.74,112030.23,109200,110640
1761768000,110640,111800,109733.22,110021.29
1761782400,110021.3,111011.99,109703.43,110751.47
1761796800,110751.48,111592,107925.06,111366.72
1761811200,111366.72,111467.01,109692.3,109717.29
1761825600,109717.19,109777.93,107328,107711.56
1761840000,107711.56,108214.85,106304.34,106536.39
1761854400,106536.39,108334.53,106316.17,108322.88
1761868800,108322.87,110042.16,108275.28,109227.86
1761883200,109227.87,110215,109114.88,109449.31
1761897600,109449.32,110550,109214.13,110415.61
1761912000,110415.62,111190,109366.91,110202.9
1761926400,110202.9,110300,108635,109828.78
1761940800,109828.78,109828.79,109329.15,109608.01
1761955200,109608.01,110315.54,109394.81,110226.37
1761969600,110226.38,110564.49,109933.86,110071.4
1761984000,110071.4,110270.9,109854.72,110137.59
1761998400,110137.59,110348,109702.66,110310.65
1762012800,110310.65,110529.99,110192,110299.99
1762027200,110300,110516.17,109858.44,110098.1
1762041600,110098.1,110263.91,109879.39,110053.23
1762056000,110053.22,111045.09,110030.06,110895.53
1762070400,110895.53,111229.78,110346.15,111196.99
1762084800,111196.99,111250.01,110096.32,110117.48
1762099200,110117.49,110331,109735.59,110180.84
1762113600,110180.85,110742.26,109471.34,110540.68
1762128000,110540.69,110750,107907.44,107937.45
1762142400,107937.45,108075,107006.05,107468.23
1762156800,107468.23,107920.92,106726.63,107787.42
1762171200,107787.42,108333,105511,105745.71
1762185600,105745.71,107783.2,105306.56,107090
1762200000,107090,107169.68,105755.59,106583.04
1762214400,106583.05,107298.74,105852.37,107158.79
1762228800,107158.79,107299,104200,104490.72
1762243200,104490.73,104699.07,103605,104584.76
1762257600,104584.75,104842.63,102915.05,103197.01
1762272000,103197.02,103500.05,100010.73,100542.64
1762286400,100542.64,101893.09,98944.36,101497.22
1762300800,101497.23,102272.23,98966.8,102130
1762315200,102130,102370,101500,101993.02
1762329600,101993.03,102203.48,101176.47,102070.61
1762344000,102070.62,103798.37,101916.77,103728.3
1762358400,103728.3,104529.41,103057.56,104008.09
1762372800,104008.09,104534.74,103305.05,103885.16
1762387200,103885.16,103933.33,102716.26,103636.03
1762401600,103636.92,104200,102910.66,103185.48
1762416000,103184.75,103440,102651.63,103227.58
1762430400,103227.59,103626.46,101630,102014.48
1762444800,102014.49,102393.51,100300.95,101388.81
1762459200,101388.82,101643.28,100541.17,101346.04
1762473600,101346.04,102500,100749.94,101916.29
1762488000,101916.3,102527,101582.92,102010
1762502400,102009.99,102050,99803.58,100411.89
1762516800,100411.89,101253.99,99260.86,100797.95
1762531200,100797.95,103395.25,100517.06,103395.25
1762545600,103395.92,104096.36,102958,103339.08
1762560000,103339.09,103406.22,102539.49,102592.76
1762574400,102592.76,102836,101902.64,102352.96
1762588800,102352.96,102687.72,101715.76,101857.1
1762603200,101857.1,102186.99,101454,101711.45
1762617600,101711.46,102219.39,101522.08,101989.65
1762632000,101989.65,102482.2,101957.94,102312.94
1762646400,102312.95,102337.89,101400,101662.05
1762660800,101662.05,102130.61,101635.96,101944.59
1762675200,101944.6,102307.68,101500,102239.41
1762689600,102239.41,104168,102050.64,103762.17
1762704000,103762.18,104805.57,103316.23,104805.57
1762718400,104805.57,105495.62,104058.59,104722.96
1762732800,104722.95,106670.11,104265.02,106027.97
1762747200,106027.97,106539.4,105846.26,106461.45
1762761600,106461.46,106599.47,105836,106176.5
1762776000,106176.5,106589.89,104667,105079.99
1762790400,105079.99,106094.31,104784.36,105817.99
1762804800,105818,106299.22,105280,106011.13
1762819200,106011.13,107500,105500,106456
1762833600,106456,106546,104741.2,104783.98
1762848000,104783.99,105497.99,104762.23,105311.9
1762862400,105311.9,105500,103170.33,103455.99
1762876800,103455.99,103730,102840.22,103126.39
1762891200,103126.39,103224.29,102476.09,103058.99
1762905600,103059,103440.96,102687.72,103310
1762920000,103310,103654.38,103011,103112.66
1762934400,103112.65,105200,103112.24,105020.83
1762948800,105020.82,105333.33,101961.97,102173.51
1762963200,102173.51,102285.18,100813.59,101297.31
1762977600,101297.31,101999.35,101141.03,101654.37
1762992000,101654.37,102604,100922.55,102130.21
1763006400,102130.21,104085.01,101665.59,103475.66
1763020800,103475.66,103811.49,102553.63,102936.5
1763035200,102936.49,103483.83,101184.14,101382.64
1763049600,101382.63,101540.93,98147.4,98682.14
1763064000,98682.13,100501.31,98000.4,99692.02
1763078400,99692.03,99866.02,98700,99139.38
1763092800,99139.38,99178.58,95933.75,97151.98
1763107200,97151.97,97553.7,95711,96167.44
1763121600,96167.45,97322.35,94560.48,96796.14
1763136000,96796.14,97411.11,94800.55,95778.29
1763150400,95778.3,95940,94012.45,94594
1763164800,94594,96846.68,94558.49,96417.12
1763179200,96417.12,96570.65,95921.21,96333.86
1763193600,96333.87,96350.52,95630,95696.87
1763208000,95696.86,96471.22,95565.17,96260
1763222400,96259.99,96419.65,95731.32,96012.01
1763236800,96012.01,96012.01,95119.94,95596.24
1763251200,95596.23,95979.79,94841.62,95825.02
1763265600,95825.02,96192,95650.72,96099.99
1763280000,96099.98,96635.11,95500,95627.13
1763294400,95627.13,95900,94368.24,94573.46
1763308800,94573.46,95567.79,93770.48,94020
1763323200,94020.49,94739.74,93005.55,94261.44
1763337600,94261.45,95559.99,93767.27,95496.77
1763352000,95496.77,95880,94849.37,95653.77
1763366400,95653.78,96026.71,95309.68,95565.38
1763380800,95565.38,96043,93571.3,93959.67
1763395200,93959.68,94419.88,91588,91678.93
1763409600,91678.93,92399.48,91220,92215.14
1763424000,92215.14,92357.51,89700,90842.72
1763438400,90842.72,90851.66,89253.78,90512.1
1763452800,90512.1,91617.17,90509.79,91517.82
1763467200,91517.83,93049.91,90905.7,92910.1
1763481600,92910.1,93836.01,92579.23,93195.61
1763496000,93195.61,93423.74,92462.72,92960.83
1763510400,92960.83,92980.22,91660.49,91874.52
1763524800,91874.51,92028.92,90025.06,91863.64
1763539200,91863.64,91950,91072.41,91410.22
1763553600,91410.23,92384.61,89880,89951.7
1763568000,89951.7,90232.56,88630.71,88884.56
1763582400,88884.56,91594,88608,91554.96
1763596800,91554.96,92798.14,91185.26,92440.32
1763611200,92440.33,93160,91687.07,92320.18
1763625600,92320.18,92400.94,91440.55,91934
1763640000,91934.01,92541.92,89835.34,89869.88
1763654400,89869.88,89911.73,86100,86921.28
1763668800,86921.27,88250,86325.23,86637.23
1763683200,86637.22,87498.94,85360,85821.34
1763697600,85821.35,86459.53,82000,84049.39
1763712000,84049.38,84709.89,81648,82309.66
1763726400,82309.67,85496,80600,82932.47
1763740800,82932.46,85572.82,82333,84209.3
1763755200,84209.3,85416.66,83464.96,85129.43
1763769600,85129.42,85620,84212.39,84440.47
1763784000,84440.48,84799.54,83832.91,84580.06
1763798400,84580.06,84586.62,83500,84098.94
1763812800,84098.94,84755.83,83620.16,84284.01
1763827200,84284.01,84899,84219.62,84609.76
1763841600,84609.77,85260,84237.7,84739.74
1763856000,84739.75,86349.84,84667.57,86308.54
1763870400,86308.54,86860,85420,85782.19
1763884800,85782.18,86465.24,85768.22,86331.28
1763899200,86331.28,87244.51,86271.1,87087.44
1763913600,87087.44,87689.47,86502.47,87325.01
1763928000,87325.01,88127.64,86701.54,86830
1763942400,86830,88059.44,85946.65,87460.02
1763956800,87460.03,87837.57,86450,87050.39
1763971200,87050.39,87050.39,85696.56,86264.72
1763985600,86264.71,86741.5,85272,86616.44
1764000000,86616.44,88834.62,86616.43,88327.29
1764014400,88327.29,89228,88252.5,88300.01
1764028800,88300.01,88300.01,87457.53,87822.12
1764043200,87822.12,88519.99,87300,87384.81
1764057600,87384.81,87606.57,86666,87361.71
1764072000,87361.71,87792.2,86116,86988.94
1764086400,86988.93,88155.65,86182.49,86882.85
1764100800,86882.84,87889.38,86565.48,87369.96
1764115200,87369.97,88224,87069.97,87119.92
1764129600,87119.93,87970,86909.99,87935.05
1764144000,87935.05,87941.58,86670.36,87095.79
1764158400,87095.78,87693.21,86306.77,86978
1764172800,86977.99,90418.39,86956.61,89957.36
1764187200,89957.37,90656.08,89508.85,90484.02
1764201600,90484.01,91950,90089.91,91091.68
1764216000,91091.68,91554.49,90889.11,91408.34
1764230400,91408.34,91940.18,91221.17,91371.88
1764244800,91371.87,91457.36,90438.43,90958.3
1764259200,90958.29,91843.59,90850.77,91528.21
1764273600,91528.22,91600,91114.52,91333.95
1764288000,91333.94,91417.99,90652.55,91208.85
1764302400,91208.85,91707.79,90867.43,90910.87
1764316800,90910.87,92030,90907.98,91437.64
1764331200,91437.64,93092,91380.94,92362.49
1764345600,92362.5,92376,90180.63,91157.44
1764360000,91157.44,91247.16,90705.57,90890.7
1764374400,90890.71,91119.99,90546.36,90680.26
1764388800,90680.26,90931.56,90311.92,90567.67
1764403200,90567.66,90738.17,90376.37,90673.19
1764417600,90673.2,91110.36,90530.93,91063.5
1764432000,91063.5,91165.65,90155.47,90640.78
1764446400,90640.77,91051.87,90400.21,90802.44
1764460800,90802.44,91055.5,90471,90909.35
1764475200,90909.35,91037.72,90670.4,90968.16
1764489600,90968.16,91632,90927.16,91048.78
1764504000,91048.79,92000.01,91009,91435.31
1764518400,91435.31,91850,91159.42,91460.79
1764532800,91460.79,91626.75,90336.9,90360
1764547200,90360.01,90417,86161.61,86346.13
1764561600,86346.13,86578.06,85604,86550.3
1764576000,86550.3,86938.01,86131.01,86149.15
1764590400,86146.59,86674,83822.76,84677.87
1764604800,84677.87,85555,84030.95,85024.5
1764619200,85024.5,86860,85007.69,86286.01
1764633600,86286.01,87350,86184.39,86976.99
1764648000,86977,87288.48,86818.14,87012.65
1764662400,87012.64,87628.78,86296.21,87368.92
1764676800,87368.92,91200,87032.75,90850.01
1764691200,90850.01,92307.65,90201,91903.39
1764705600,91903.38,92000,90720.87,91277.88
1764720000,91277.88,93087.09,90990.23,92628.91
1764734400,92628.91,93958.58,92625,92999.99
1764748800,93000,93389.62,92666,93005.68
1764763200,93005.68,93700,91697,92373.3
1764777600,92373.3,93500,91786.99,93024.99
1764792000,93025,94150,92825.56,93429.95
1764806400,93429.95,94080,92669.82,93543.04
1764820800,93543.03,93588.48,92775,93397.67
1764835200,93397.67,93621.31,92736.9,92948.31
1764849600,92948.32,93257,91801,92971.49
1764864000,92971.49,93174.55,90889,91975.44
1764878400,91975.43,92718.53,91688.92,92078.06
1764892800,92078.06,92692.36,91959.92,92142.75
1764907200,92142.75,92497.51,91813.37,92258.65
1764921600,92258.64,92258.65,90956.25,91351.43
1764936000,91351.44,91478.67,89874.7,90459.35
1764950400,90459.34,90498.59,88056,89629.26
1764964800,89629.27,89745.37,88901.6,89330.04
1764979200,89330.04,89806.43,89030.67,89688.35
1764993600,89688.35,89764.19,89459.19,89597.13
1765008000,89597.14,89750.01,89217.59,89631.28
1765022400,89631.29,90289.97,89490.98,89758.77
1765036800,89758.77,89981.2,89077.6,89405.64
1765051200,89405.65,89615.34,88908.01,89236.79
1765065600,89236.8,89749.59,89176.52,89722.37
1765080000,89722.37,89799.96,89200,89379.72
1765094400,89379.73,89538.7,89050.01,89149.18
1765108800,89149.18,89707.54,87719.28,89554.52
1765123200,89554.52,91760,89115.85,91425.52
1765137600,91425.51,91510.4,88995.33,90395.31
1765152000,90395.32,91700,89860,91068.29
1765166400,91068.3,91868.76,91023.06,91565.46
1765180800,91565.46,92287.15,91486.46,91968.29
1765195200,91968.29,92122.08,89612,89961.37
1765209600,89961.36,90527.3,89679.79,90124.48
1765224000,90124.49,91374,90124.49,90634.34
1765238400,90634.35,90846.26,89795.84,90405.01
1765252800,90405.02,90528.67,89500,90496.8
1765267200,90496.8,90600,89912.48,90384.55
1765281600,90384.54,92876.92,90004.73,92707.51
1765296000,92707.5,94588.99,92693.5,93800.83
1765310400,93800.83,93857.47,92254.92,92678.8
1765324800,92678.81,92786.35,91976,92410.62
1765339200,92410.62,92782.92,92386.83,92782.91
1765353600,92782.91,93291.5,91763.69,92120.45
1765368000,92120.45,92226,91563.15,92063.69
1765382400,92063.69,93243.59,91684.39,92957.67
1765396800,92957.67,94476,91878,92015.37
1765411200,92015.38,92080.32,89389.63,89880.01
1765425600,89880,90480.14,89694.81,90272.75
1765440000,90272.76,90504.19,89971.11,90242.35
1765454400,90242.36,90653.33,89260.63,89872.51
1765468800,89872.51,91538.26,89333,90839.81
1765483200,90839.81,93555,90797.76,92513.38
1765497600,92513.38,92754,91448.31,92283.4
1765512000,92283.4,92720,92078.91,92425.34
1765526400,92425.33,92650.01,92044.8,92418.19
1765540800,92418.19,92660.74,89780,89935.14
1765555200,89935.13,90666,89480,90198.22
1765569600,90198.23,90404.13,89898.61,90268.42
1765584000,90268.43,90469.71,90120,90345.54
1765598400,90345.55,90410.5,90268.91,90329.97
1765612800,90329.98,90634.55,90290,90330.36
1765627200,90330.36,90470.3,89932.99,90092.16
1765641600,90092.17,90268.13,89981,90178.16
1765656000,90178.17,90280.76,89766.39,90240.01
1765670400,90240,90472.4,90117.05,90258.98
1765684800,90258.99,90329.24,90050.74,90245.6
1765699200,90245.6,90280.01,88687.27,89360
1765713600,89360.01,89666,88882.66,89022.91
1765728000,89022.92,89398.71,88497.02,88644.88
1765742400,88644.88,88827.71,87577.36,88172.17
1765756800,88172.16,90052.64,88074.37,89282.6
1765771200,89282.6,89918.48,89272.88,89753.42
1765785600,89753.43,89986.68,89572.05,89641.28
1765800000,89641.28,89876.42,86621.91,87033.22
1765814400,87033.21,87220,85146.64,86149.96
1765828800,86149.96,86472.7,85530.01,86432.08
1765843200,86432.08,86535.22,85386,85875.92
1765857600,85875.91,86615.38,85266,86021.51
1765872000,86021.51,87330,85930.97,87261.45
1765886400,87261.46,88175.98,86107.43,87977.43
1765900800,87977.44,88050.17,87061.23,87585.77
1765915200,87585.76,87931.48,87343.75,87863.42
1765929600,87863.43,87950,87150.01,87213.59
1765944000,87213.6,87398.54,86209.11,87045.59
1765958400,87045.59,87137.42,86238.91,86983.26
1765972800,86983.26,90365.85,86817.27,87233.44
1765987200,87233.44,87769.23,85314,86018.53
1766001600,86018.53,86431.14,85644.09,86243.22
1766016000,86243.23,86863.75,85863.93,86618.34
1766030400,86618.35,86901.4,86384.61,86833.84
1766044800,86833.83,87453.63,86685.14,87300.74
1766059200,87300.5,89477.61,87109.76,88513.44
1766073600,88513.43,88533.61,84481.31,84483.79
1766088000,84483.8,85835.9,84450.01,85516.41
1766102400,85516.41,87568.99,85110.24,86891.39
1766116800,86891.39,88449.06,86647.51,87953.4
1766131200,87953.39,88385.06,87742.6,88198.7
1766145600,88198.7,89399.97,87514.59,87951.87
1766160000,87951.86,88882.55,86846.16,87845.92
1766174400,87845.92,88426.85,87614.79,88136.94
1766188800,88136.95,88339.27,87961.6,88214.98
1766203200,88214.98,88573.07,88123.07,88275.41
1766217600,88275.41,88428,88107.35,88277.66
1766232000,88277.66,88343.73,87795.76,88178.71
1766246400,88178.72,88418.73,88103.54,88232.92
1766260800,88232.92,88443.44,88154.06,88360.9
1766275200,88360.91,88433.64,87869.35,88070.64
1766289600,88070.64,88201.59,88050,88174.79
1766304000,88174.79,89081.77,88141.87,88601.57
1766318400,88601.57,88920.01,87600.04,88067.95
1766332800,88067.96,88600,87950,88484.01
1766347200,88484.01,88823.52,88091.96,88658.86
1766361600,88658.87,89627.24,87900,88774.12
1766376000,88774.13,89200,88712.11,89170.1
1766390400,89170.1,90118,89093.44,89945.43
1766404800,89945.43,90588.23,89196.42,89726.92
1766419200,89726.93,90127,87965.76,88052.43
1766433600,88052.42,88833.33,87911.79,88620.79
1766448000,88620.79,88940,87800,88170
1766462400,88170,88368.1,87051.52,87574.79
1766476800,87574.78,87890,87297.69,87856.65
1766491200,87856.66,87963.03,86601.9,87443.45
1766505600,87443.45,88275.4,87162.39,87752.87
1766520000,87752.88,88372.35,87180,87486
1766534400,87486,87839.66,86863.88,87336.23
1766548800,87336.23,87458.54,86796.65,86911.53
1766563200,86911.53,87359.59,86724.05,87203.94
1766577600,87203.94,87478.59,86420,87049.99
1766592000,87050,87670,86917.25,87566.06
1766606400,87566.07,88049.89,87516.77,87669.45
1766620800,87669.44,87967.5,87508.52,87840.42
1766635200,87840.42,87862.2,87661.17,87837.59
1766649600,87837.59,87888,87251.6,87519.44
1766664000,87519.45,88592.74,87398.78,88371.27
1766678400,88371.27,88478,87993.21,88151.18
1766692800,88151.19,88167.65,86934.72,87225.27
1766707200,87225.27,89440,86891.7,88844.87
1766721600,88844.88,89567.75,88347.45,88470.75
1766736000,88470.75,88918.59,88414.81,88533.42
1766750400,88533.43,89050,86655.08,87137.81
1766764800,87137.81,87580.29,86818.18,87501.83
1766779200,87501.83,87792.7,87321.4,87369.56
1766793600,87369.56,87532,87253.05,87514.22
1766808000,87514.23,87702,87417.93,87539.26
1766822400,87539.26,87677,87370.73,87475.98
1766836800,87475.99,87589.99,87308.05,87551.25
1766851200,87551.26,87591,87442.08,87569.39
1766865600,87569.39,87984,87499.99,87877.01
1766880000,87877,87961.37,87705.97,87740.01
1766894400,87740,87837.99,87614.79,87730.85
1766908800,87730.86,88010,87720,87883.25
1766923200,87883.25,88088.75,87794.86,87836.27
1766937600,87836.27,87931.59,87500.26,87520.75
1766952000,87520.75,88049.53,87435,87952.71
1766966400,87952.71,90169.06,87813.17,90123.55
1766980800,90123.55,90406.08,89507.03,89617.71
1766995200,89617.71,89825.01,87567.65,87567.66
1767009600,87567.65,88190.71,86806.5,87691.62
1767024000,87691.62,87996.22,87312.34,87366.23
1767038400,87366.23,87597.59,87071.49,87237.13
1767052800,87237.13,87423.65,86845.66,87379
1767067200,87378.99,87600,87157.07,87502.85
1767081600,87502.85,88224.76,87502.84,87903.89
1767096000,87903.89,89159.52,87834.01,89016.35
1767110400,89016.36,89400,87960.2,88226.16
1767124800,88226.15,88573.65,87886.46,88485.49
1767139200,88485.5,88819.8,88172.15,88453.04
1767153600,88453.04,88638.76,88325.06,88613.12
1767168000,88613.11,89046.6,88393.52,89011.52
1767182400,89011.51,89200,87766.59,87953.97
1767196800,87953.97,88053.49,87400.41,87541.85
1767211200,87541.85,87879.04,87250,87648.22
1767225600,87648.21,88088.1,87632.74,87846.02
1767240000,87846.01,87854.81,87550.43,87631.88
1767254400,87631.88,88024.64,87631.87,88024.64
1767268800,88024.64,88113.45,87810.66,88032.18
1767283200,88032.17,88500,87879.03,88391.15
1767297600,88391.16,88919.45,88240,88839.04
1767312000,88839.05,89120.01,88379.88,88950.65
1767326400,88950.64,89079.44,88576.56,88857.61
1767340800,88857.6,89942.44,88758.94,89502.95
1767355200,89502.94,90135,88459.96,89418.11
1767369600,89418.1,90961.81,89205.92,89897.23
1767384000,89897.23,90400,89636.77,89995.13
1767398400,89995.14,90418.32,89966.48,90321.22
1767412800,90321.23,90480.62,89314.01,89577.13
1767427200,89577.13,89982.11,89420.75,89752.74
1767441600,89752.75,90249.99,89664.93,89969.31
1767456000,89969.31,90219.67,89918.59,90123.77
1767470400,90123.76,90741.16,90017.23,90628.01
1767484800,90628.01,91610.17,90628,91236.78
1767499200,91236.78,91810,91183.15,91532
1767513600,91532,91620.5,91174.46,91300
1767528000,91300.01,91419.22,91014.1,91334.94
1767542400,91334.94,91455.9,90863.47,91138.07
1767556800,91138.06,91590,91132,91529.73
1767571200,91529.74,93388,91514.81,92878.22
1767585600,92878.22,92947.87,92155,92520.63
1767600000,92520.63,93151,92320.17,93134.26
1767614400,93134.25,94000,92407.13,93957.73
1767628800,93957.74,94500,93250,94303.4
1767643200,94303.4,94789.08,93800,93859.71
1767657600,93859.71,94161.86,93529.18,93769.24
1767672000,93769.25,94000,93137.98,93255.08
1767686400,93255.08,93895,93167.29,93840
1767700800,93839.99,94444.44,93352.01,93648.99
1767715200,93649,93775.6,91262.94,92104.5
1767729600,92104.49,93845.03,92098.29,93747.97
1767744000,93747.97,93747.97,92236.07,92815.83
1767758400,92815.83,92930.35,92500,92879.13
1767772800,92879.14,92961.53,91600,92087.21
1767787200,92087.21,92299.4,91024,91349.96
1767801600,91349.95,91790,90675.52,91186.07
1767816000,91186.07,91489.6,90778.32,91364.16
1767830400,91364.16,91687.99,90616.36,90813.4
1767844800,90813.4,91188,89641.84,90548.02
1767859200,90548.02,90917.22,89777.25,90226.77
1767873600,90226.77,90847.52,89311,90781.57
1767888000,90781.57,91469,90312.89,90937.41
1767902400,90937.42,91493,90568.11,91099.99
1767916800,91100,91632.1,90850,91220.23
1767931200,91220.24,91236.72,90738.34,90741.84
1767945600,90741.85,90843.77,89694.66,90463.11
1767960000,90463.12,92082.55,89850,91176.47
1767974400,91176.48,91783.32,90190,90332.15
1767988800,90332.14,90732.01,90113.87,90641.28
1768003200,90641.27,90782.23,90527.99,90626.14
1768017600,90626.15,90682.7,90408.23,90678.5
1768032000,90678.5,90832,90618.28,90723.86
1768046400,90723.87,90788.78,90538.46,90665.75
1768060800,90665.76,90746,90504.55,90626.54
1768075200,90626.54,90659.03,90404,90504.7
1768089600,90504.7,90737.95,90451.1,90733.5
1768104000,90733.49,90850,90585.34,90710.79
1768118400,90710.8,90816,90610.27,90754.99
1768132800,90754.99,91191.5,90708.25,90875.79
1768147200,90875.79,91283.89,90673.3,90690.8
1768161600,90690.81,91041.79,90236,91013.65
1768176000,91013.66,92519.95,90700.29,91808.12
1768190400,91808.12,92290.81,91381.36,91408.09
1768204800,91408.09,91630.13,90370,90620.96
1768219200,90620.95,91665,90128.44,91665
1768233600,91664.99,92332,91000.53,91861.27
1768248000,91861.27,92046.23,90938.2,91296.2
1768262400,91296.2,91546.08,91042.66,91408.91
1768276800,91408.9,92275.38,91350.71,91942
1768291200,91941.99,92672.11,91924.27,92000.74
1768305600,92000.73,93450,91787.61,93449.99
1768320000,93449.99,94231.82,93078.31,94226.84
1768334400,94226.85,96495,94062,95414
1768348800,95413.99,95722.01,95116.03,95720.99
1768363200,95720.99,95799.22,94559.28,95205.1
1768377600,95205.11,95315.15,94737.95,94792.99
1768392000,94793,97084.68,94680.67,96764.57
1768406400,96764.57,97777,96246.56,97267.42
1768420800,97267.42,97924.49,96772.02,96951.78
1768435200,96951.78,97000,95777,95985.1
1768449600,95985.11,96760.15,95952.89,96630.48
1768464000,96630.47,97193.34,96289.98,96581.08
1768478400,96581.07,97165.03,95435.91,96737.04
1768492800,96737.04,97163,95183.13,95516.01
1768507200,95516.01,95871,95134.48,95604.8
1768521600,95604.81,95855.12,95321.58,95354.69
1768536000,95354.69,95816.83,95133.03,95653.16
1768550400,95653.16,95871.47,95261.43,95429.09
1768564800,95429.09,95809.08,94293.46,94585.98
1768579200,94585.99,95215.74,94508,95002.09
1768593600,95002.09,95600,94682,95550.94
1768608000,95550.94,95578.2,95200,95372.95
1768622400,95372.94,95373.64,95041.7,95101.67
1768636800,95101.67,95323.86,95021.67,95323.86
1768651200,95323.85,95639.45,95198.81,95573.64
1768665600,95573.65,95576.14,95212.25,95291.38
1768680000,95291.37,95412.86,95050,95147.77
1768694400,95147.77,95250,94876.33,95200.29
1768708800,95200.29,95260,95028.27,95028.27
1768723200,95028.27,95295.39,95021.44,95168.06
1768737600,95168.06,95376.24,94910,95119.28
1768752000,95119.27,95521.71,95073.02,95380.99
1768766400,95380.99,95531.12,93615.4,93673.14
1768780800,93673.14,93673.14,91910.2,92690.09
1768795200,92690.08,92861.41,92385.07,92841.62
1768809600,92841.62,93368.44,92702.56,93191.96
1768824000,93191.96,93226.44,92700,93068.62
1768838400,93068.62,93420,92930,93105.85
1768852800,93105.85,93342.36,92158.48,92631
1768867200,92630.99,92870,92264.7,92434.92
1768881600,92434.93,92470.37,90771.78,91177.98
1768896000,91177.99,91442.88,90693,91218.99
1768910400,91218.99,91371.11,89859.06,90684.95
1768924800,90684.95,90974.49,89292.48,89725.76
1768939200,89725.77,89854.2,87895.98,88427.66
1768953600,88427.66,89598.8,88250,89432.33
1768968000,89432.33,90120.44,89093.28,89213.95
1768982400,89213.96,89493.46,88700,88789.99
1768996800,88789.99,90574,88196.72,90288.04
1769011200,90288.04,90450,87263.53,90355.56
1769025600,90355.56,90377,89344.98,89454.73
1769040000,89454.73,90359.99,89454.72,89899.51
1769054400,89899.51,90215.79,89802,89818.79
1769068800,89818.79,90150,89760,89941.26
1769083200,89941.26,90340,88515.37,89000.01
1769097600,89000,89924.46,88676.95,89777.9
1769112000,89777.89,89946.13,89140.13,89559.67
1769126400,89559.68,89979.97,89450.48,89924.78
1769140800,89924.78,90088.94,89400,89549.45
1769155200,89549.45,89632.18,88860.44,89202.48
1769169600,89202.47,89865.53,88578.36,89761.61
1769184000,89761.61,91224.99,89489,89982.79
1769198400,89982.79,90156.06,89200.68,89600.26
1769212800,89600.26,89957.39,89424.39,89770.02
1769227200,89770.03,89853.38,89572.81,89620.1
1769241600,89620.11,89686.43,89577.97,89595.4
1769256000,89595.41,89595.41,89171.75,89275.77
1769270400,89275.77,89461.4,89162.08,89331.36
1769284800,89331.36,89489.84,89215.59,89225.34
1769299200,89225.34,89319.13,88838.72,88960.35
1769313600,88960.36,89090.13,88635.84,88659.99
1769328000,88659.99,88760,88136,88570.17
1769342400,88570.17,88971.89,88340.75,88446.5
1769356800,88446.51,88448.85,86194.85,86495.16
1769371200,86495.17,87013.79,86074.72,86670.36
1769385600,86670.36,87973.11,86509.63,87282.05
1769400000,87282.04,88074.48,87244.27,88000.64
1769414400,88000.64,88424.45,87600.69,87855
1769428800,87855.01,88860,87325.03,87641.41
1769443200,87641.41,88537.95,87035.51,88013.19
1769457600,88013.19,88659.09,87542.05,88347.08
1769472000,88347.08,88898,88194.82,88788
1769486400,88787.99,89010,88278.03,88320.41
1769500800,88320.41,88397.85,87743.52,87992.74
1769515200,87992.74,88474.23,87578.67,88047.46
1769529600,88047.46,88819.89,87304.33,88408.77
1769544000,88408.78,89523.16,88373.49,89250
1769558400,89249.99,89497.96,88985,89126.67
1769572800,89126.68,89400,88840,89134.35
1769587200,89134.35,90156.72,88833.65,90080
1769601600,90079.99,90488,88904.61,89479.66
1769616000,89479.66,90600,89006.36,89402.58
1769630400,89402.57,89896,88878.01,89299.99
1769644800,89300,89348,87704,88053.71
1769659200,88053.71,88430.05,87901.23,88352.97
1769673600,88352.96,88500,87750.01,87846.5
1769688000,87846.5,88182.29,84366.56,84934.02
1769702400,84934.02,85638.3,83383.33,84012.11
1769716800,84012.11,84737.69,83824.9,84650.16
1769731200,84650.16,84735.75,81118,82676.43
1769745600,82676.42,83332.2,82056.08,82816.98
1769760000,82816.98,83314.85,82160,83151.36
1769774400,83151.36,83797.99,82382.01,82883.94
1769788800,82882.84,84621.16,81871.37,84242.99
1769803200,84243,84523.11,83539.2,84260.49
1769817600,84260.5,84270.02,83815.02,84022.69
1769832000,84022.7,84146.22,83404.67,83546.81
1769846400,83546.82,83629.08,82560.75,83020
1769860800,83020,83140,80825.76,81302.15
1769875200,81302.16,82200,75719.9,77750.01
1769889600,77750.01,79240,77092.34,78741.09
1769904000,78741.1,79424,78284,78868.28
1769918400,78868.29,79119.3,77967.69,78343
1769932800,78343,79220.72,78148.1,78743.56
1769947200,78743.57,78768.68,76761.98,77593.4
1769961600,77593.4,78443.1,77000.01,77174.78
1769976000,77174.77,77779.63,75700,76968.21
1769990400,76968.22,78231.26,74604,76292.98
1770004800,76292.98,76958,74911.14,76660.79
1770019200,76660.78,77970.62,76628.28,77759.99
1770033600,77760,79360,77564.62,78850.06
1770048000,78850.06,79288.28,78283.27,78341.5
1770062400,78341.5,78962.78,77888,78738.61
1770076800,78738.6,79186.81,77644.09,78753.32
1770091200,78753.32,78999.99,77950,78794.67
1770105600,78794.67,79084.29,77950,78079.5
1770120000,78079.5,78458.89,77055.54,78132.33
1770134400,78132.34,78134.53,72945.5,74935
1770148800,74935,76960,74586.54,75770.21
1770163200,75770.21,76971.52,75467.22,76698.17
1770177600,76698.17,76830.69,76105.3,76514.3
1770192000,76514.3,76607.69,75666,76017.25
1770206400,76017.25,76260.85,73794.11,74136.36
1770220800,74136.48,74249.83,72169,73923.29
1770235200,73923.3,74144,71888,73165.83
1770249600,73165.84,73341.18,71152.78,71223.25
1770264000,71223.25,71622.82,70140,70756.85
1770278400,70756.86,71978.58,69922,70318.35
1770292800,70318.35,70872.04,66720.15,67489.07
1770307200,67489.08,68681.81,65200,65265.65
1770321600,65265.66,65700,62345,62909.86
1770336000,62909.87,66010,60000,64168.33
1770350400,64168.33,66826.5,63914.62,64856
1770364800,64856,66755.13,64500,66631.32
1770379200,66631.32,69192,66114.49,68626
1770393600,68625.99,71500,68428.19,70731.46
1770408000,70731.45,71751.33,69837.35,70580.26
1770422400,70580.26,70928.75,69718,70918.99
1770436800,70918.99,71690.07,67300,68087.14
1770451200,68087.13,68790,67582.48,67972.65
1770465600,67972.65,69999.99,67901.89,69151.5
1770480000,69151.5,69898,68531.5,69373.61
1770494400,69373.61,69728.83,68787.34,69289.38
1770508800,69289.37,69696.57,68888,69099.99
1770523200,69100,69719.07,68952.01,69710.69
1770537600,69710.69,71220,69514.15,70999.98
1770552000,70999.99,71554.95,70707.39,71188.99
1770566400,71188.99,71538.05,70251.33,71422.97
1770580800,71422.96,72271.41,70000,70330.38
1770595200,70330.38,71453.53,70068.18,71307.56
1770609600,71307.56,71359.37,70311.7,70422.59
1770624000,70422.59,70608.83,68420.58,68928.72
1770638400,68928.71,69884.82,68308,69563.37
1770652800,69563.37,71075.31,69100,70957.01
1770667200,70957.01,71126,69823.52,70138
1770681600,70138,70527.59,69208.61,69511.83
1770696000,69511.83,69906.5,68682,68919.66
1770710400,68919.66,69417.7,68459.89,68535.01
1770724800,68535.02,69591.2,67800,69293.37
1770739200,69293.37,69993.65,68604.63,69062.01
1770753600,69062,69136.91,68362,68841.29
1770768000,68841.28,69292.88,68011.11,68187.99
1770782400,68188,68325,66557.99,67032.72
1770796800,67032.71,67134.42,66369.49,67053.03
1770811200,67053.03,68834.34,65756,66519.73
1770825600,66519.72,67860.44,65876,67586.67
1770840000,67586.66,68369.77,66787.7,67082.52
1770854400,67082.52,68047.48,67055.53,67580.99
1770868800,67581,67682.69,66670.45,67217.72
1770883200,67217.71,68299,66891.6,68076.01
1770897600,68076.01,68410.52,67014.98,67134.74
1770912000,67134.74,67232.04,65118,65788.36
1770926400,65788.36,66488.9,65215.06,66272.17
1770940800,66272.17,66814,65872.46,66553.08
1770955200,66553.09,66671.62,66002.98,66208.96
1770969600,66208.96,67226.66,66191.52,67171.42
1770984000,67171.41,69309.8,66867.47,68692.12
1770998400,68692.12,69482.97,68540.83,68938.91
1771012800,68938.91,69079.4,68683.32,68853.96
1771027200,68853.97,69137.5,68768.56,68981.99
1771041600,68982,69343,68730.13,69219.26
1771056000,69219.27,70560.01,69218.71,70505.74
1771070400,70505.74,70533.67,69064.6,69778.28
1771084800,69778.28,69930.9,69283.02,69873.99
1771099200,69873.99,70250.46,69668.05,69822.95
1771113600,69822.94,69990.02,69251.5,69954.5
1771128000,69954.5,70926.42,69459.35,70828.42
1771142400,70828.43,70983,70182.31,70295.22
1771156800,70295.22,70418.48,68772.2,69099.99
1771171200,69100,69100,68000,68286.63
1771185600,68286.64,69078.49,68120,68832.58
1771200000,68832.59,69065.5,68143.22,68424.82
1771214400,68424.82,68900,68228.76,68587.9
1771228800,68587.89,69060.77,68338.9,68812.83
1771243200,68812.84,70126.67,67294.11,67539.52
1771257600,67539.53,68245.34,67513.94,67913.43
1771272000,67913.44,68978.88,67827.11,68892.43
1771286400,68892.43,69241.5,68387.2,68474.9
1771300800,68474.9,68707.49,67892,68388.12
1771315200,68388.12,68479.17,67690,67854.6
1771329600,67854.6,68360.5,66621.06,67392.05
1771344000,67392.06,68235.39,66881.08,67793.32
1771358400,67793.32,67928.08,67394,67503.52
1771372800,67503.52,67705.65,66892.03,67629.11
1771387200,67629.1,68219.81,67500.1,68106.44
1771401600,68106.44,68476.22,67076.9,67369.75
1771416000,67369.75,68347.72,66717.3,67694.01
1771430400,67694.01,67706.94,65870,66177.14
1771444800,66177.15,66550,66053.6,66461
1771459200,66461,66997.07,66345,66980.91
1771473600,66980.91,67320,66679.76,67206.45
1771488000,67206.45,67206.45,66478.02,66496.02
1771502400,66496.03,66755.39,65631.83,66398
1771516800,66398.01,67198.1,65899.25,67050
1771531200,67050,67168.86,66652.34,67003.73
1771545600,67003.73,67488.67,66949.41,67366.25
1771560000,67366.25,68006,67115.38,67825.91
1771574400,67825.91,68318.39,67280.6,67318.41
1771588800,67318.41,68083.98,66280.2,67582.95
1771603200,67582.95,68000,66952.11,67646.03
1771617600,67646.03,68233.99,67520.3,68020.01
1771632000,68020,68099.54,67534.69,67667.77
1771646400,67667.77,67924.39,67593.99,67856.01
1771660800,67856.01,68314.54,67807.3,68092.45
1771675200,68092.45,68698.7,67915,68615
1771689600,68615.01,68658.5,68101.78,68543.51
1771704000,68543.51,68605.63,67900,67975.93
1771718400,67975.93,68222.16,67809.78,68041.43
1771732800,68041.42,68178.79,67881.81,68005.3
1771747200,68005.3,68245,67912.02,68219.97
1771761600,68219.97,68232.4,67303.5,67684.14
1771776000,67684.15,67718.13,67190,67428.32
1771790400,67428.32,67751.44,67350,67643.4
1771804800,67643.39,67684.86,64290.71,64934.17
1771819200,64934.18,66015.22,64685.64,65958.94
1771833600,65958.94,66600,65565.78,66207.23
1771848000,66207.23,66511.51,65529.73,65660.1
1771862400,65660.1,65724.28,64048.71,64295.1
1771876800,64295.11,65035.98,63888.79,64656.02
1771891200,64656.01,65026.75,63342.9,63595.51
1771905600,63595.51,63628.52,62700.8,63192.96
1771920000,63192.79,63444.66,62908.92,63227.1
1771934400,63227.11,64031.76,62510.28,63973.97
1771948800,63973.98,64743.11,63689.54,64435.03
1771963200,64435.03,64591.99,63820.5,64058.15
1771977600,64058.15,66310,63913.27,65391.73
1771992000,65391.74,65650,64755.26,65028.3
1772006400,65028.3,65692.62,64955.79,65430.04
1772020800,65430.04,67578,65324.62,67412.33
1772035200,67412.32,69550,67404,69038.26
1772049600,69038.26,69988.83,67600,67988.04
1772064000,67988.04,68700,67727.52,68216.86
1772078400,68216.87,68860,67817.87,67825.04
1772092800,67825.05,68722.64,67792,68051.31
1772107200,68051.3,68303.83,66761.16,67382
1772121600,67382,67903.12,66500,67589.22
1772136000,67589.21,67831.11,67150.14,67485.18
1772150400,67485.19,67712.16,66885,67600.84
1772164800,67600.84,68216.8,67459.3,67690.6
1772179200,67690.6,68149.93,65960.01,66126.99
1772193600,66126.99,66344.9,65649.34,66095.4
1772208000,66095.4,66121.03,65113.72,65392.18
1772222400,65392.18,65953.2,64914.46,65872.1
1772236800,65872.09,66025.52,65721.13,65797.42
1772251200,65797.42,65818.44,63030,63826
1772265600,63825.99,64307.44,63372.1,63844.2
1772280000,63844.2,65360.51,63827.2,64841.18
1772294400,64841.17,66666.65,64681.81,66362.01
1772308800,66362.01,67760,66190.61,66973.26
1772323200,66973.26,68199.99,66042.72,67502.16
1772337600,67502.16,67612.14,66749.35,67141.39
1772352000,67141.4,67292.3,66215.71,66468.03
1772366400,66468.04,67360.57,66132.27,66842.42
1772380800,66842.42,67112.37,65699.98,65962.17
1772395200,65962.16,66491.43,65056,65776.47
1772409600,65776.48,67079,65761.04,66820.03
1772424000,66820.03,66995.64,65542.6,66007.52
1772438400,66007.8,66720.84,65654.54,66359.68
1772452800,66359.67,69617.74,65259.21,69130.2
1772467200,69130.2,70096,68576.18,68966.53
1772481600,68966.52,69539.77,68584.9,68830.06
1772496000,68830.06,69258.08,68210.71,68377.94
1772510400,68377.94,68617.42,67800,68172.8
1772524800,68172.79,68311.83,66340.14,67026.61
1772539200,67026.6,67973.2,66158,67725.81
1772553600,67725.82,68999,67473.09,68435
1772568000,68435,68860,67832.3,68338
1772582400,68338.01,68909.34,67400,67732.2
1772596800,67732.19,69668,67467.6,69493.13
1772611200,69493.14,71893,69098.91,71111.4
1772625600,71111.4,73479.75,70588,73396.88
1772640000,73396.87,74050,72541.69,73611.1
1772654400,73611.67,73716,72313.04,72666.77
1772668800,72666.77,73306.82,72336.76,72497.89
1772683200,72497.89,73081.08,71759.95,72055.5
1772697600,72055.5,73558.15,71757.17,72915.79
1772712000,72915.8,73063.38,71168.65,71652.77
1772726400,71652.77,71654.65,70645.47,70918.07
1772740800,70918.08,71572.3,70777,70890.72
1772755200,70891.02,71419.98,70344.03,71080.38
1772769600,71080.37,71192.76,70143.19,71056.44
1772784000,71056.44,71067.58,70184.01,70212.95
1772798400,70212.94,70341.76,68176.47,68504.71
1772812800,68504.71,68795.44,67744.78,68131.79
1772827200,68131.79,68440.92,67777,68114.02
1772841600,68114.02,68551.04,68060.6,68095.5
1772856000,68095.5,68147.73,67446.41,67842.67
1772870400,67842.67,68232.27,67720.98,68010.01
1772884800,68010,68085.41,67609.44,67877.45
1772899200,67877.45,67935.01,66915.26,67080.34
1772913600,67080.33,67483.05,67068.01,67262.91
1772928000,67262.91,67481.96,66833.58,67000.26
1772942400,67000.26,67465.11,66547.15,67319.91
1772956800,67319.9,68200,67156.93,67515
1772971200,67515,67650.94,66761.68,67218.23
1772985600,67218.23,67485.24,66745.54,67337.42
1773000000,67337.41,67609.08,65618.49,65971.2
1773014400,65971.2,67668.64,65821.97,67205.05
1773028800,67205.06,68069.29,66853.48,67555.13
1773043200,67555.13,68460.09,67344.45,67764.98
1773057600,67764.99,69480,67759.57,68863.66
1773072000,68863.67,69516.65,68179.12,68991.93
1773086400,68991.93,69145.28,68384.69,68432.16
1773100800,68432.16,70578.29,68391.41,69429.85
1773115200,69429.85,70546.74,69429.85,70406.01
1773129600,70406.01,71300,70369,70580.94
1773144000,70580.95,71777,69266.06,71346.16
1773158400,71346.17,71700,69739,70043.63
1773172800,70043.63,70417.3,69452.42,69948.63
1773187200,69948.64,70173.25,69488.7,69551.91
1773201600,69551.91,70281.87,69420,69648.29
1773216000,69648.28,69786.32,69150.28,69173
1773230400,69172.99,71091.18,68977.91,70227.91
1773244800,70227.92,71321,70161.78,70641.82
1773259200,70641.81,70950,70125.83,70191.86
1773273600,70191.86,70353.87,69226.52,69446.61
1773288000,69446.61,69865.98,69205.91,69826.19
1773302400,69826.19,70800,69580,70427.91
1773316800,70427.9,70660.69,69355.34,70334.88
1773331200,70334.89,70569.15,69770.85,70432.32
1773345600,70432.33,70734.25,70013.17,70541.34
1773360000,70541.34,72000,70386.01,71405.75
1773374400,71405.76,71672.76,71180.19,71612.22
1773388800,71612.23,72575.98,71385.28,72228.82
1773403200,72228.81,73913.74,71736.34,71831.46
1773417600,71831.46,72249.99,70841.23,71189.95
1773432000,71189.96,71491.03,70559.02,70930
1773446400,70930.01,71185.23,70481.7,71081.3
1773460800,71081.31,71307.92,70317,70596.68
1773475200,70596.68,70784.38,70389.08,70751.42
1773489600,70751.42,70941.17,70501,70580.09
1773504000,70580.09,70740.34,70500,70700
1773518400,70699.99,71253.17,70650.09,71211.95
1773532800,71211.95,71634.08,70858.82,71363.14
1773547200,71363.13,71800.68,71330.66,71453.59
1773561600,71453.59,71940.49,71453.59,71839.42
1773576000,71839.41,71839.42,71263.99,71481.24
1773590400,71481.24,71989.93,71320.08,71549.94
1773604800,71549.94,73199,71433.75,72815.24
1773619200,72815.25,74330.34,72270.41,73573.32
1773633600,73573.31,74451.03,73385.18,73456.68
1773648000,73456.69,73838.76,72888.8,73552.77
1773662400,73552.78,74509.52,72990.52,73274.76
1773676800,73274.75,74418.6,73160.66,73963
1773691200,73963,74909.08,73863.2,74884.67
1773705600,74884.67,76000,74268.73,74463.98
1773720000,74463.98,74712.89,73784,74249.32
1773734400,74249.32,74452.97,73560.98,74033.11
1773748800,74033.1,74893.94,73399.19,73914.39
1773763200,73914.4,74800,73855.24,74512.17
1773777600,74511.21,74799,73871.74,73909.36
1773792000,73909.37,74672.34,73535.36,74446.14
1773806400,74446.14,74486.3,73700.01,73883.8
1773820800,73883.8,74281.33,72800,72952.85
1773835200,72952.85,72981.79,70857.21,71467.82
1773849600,71467.82,72000.5,70933.85,71072.38
1773864000,71072.38,71451.22,70500,71246.54
1773878400,71246.55,71613.79,70902.37,71215.39
1773892800,71215.39,71215.39,69478.51,70191.17
1773907200,70191.16,70560.91,69900,69952.75
1773921600,69952.75,70179.53,68793.35,69412.51
1773936000,69412.52,70596.42,69122.03,70271.99
1773950400,70272,70695.6,69718.23,69930
1773964800,69930.01,70809.43,69837.1,70729.92
1773979200,70729.93,70969.71,70160.06,70854.66
1773993600,70854.66,71367,70218.68,70478.71
1774008000,70478.71,70685.63,69480,69860.09
1774022400,69860.09,70190.18,69388,70177.86
1774036800,70177.85,70923.75,69754.71,70510.73
1774051200,70510.73,70826,70431.67,70657.35
1774065600,70657.35,70879.76,70617.05,70727.33
1774080000,70727.33,70753.79,70492.02,70652.72
1774094400,70652.73,71100.94,70453.09,70630.02
1774108800,70630.02,70652.64,70210,70396
1774123200,70396.01,70516.82,68571.42,68918.12
1774137600,68918.12,69588.79,68228.5,69339.99
1774152000,69340,69526.85,68892.93,68919.38
1774166400,68919.37,68990.67,68110.55,68217.95
1774180800,68217.94,69005.71,68199.04,68847.96
1774195200,68847.97,68885.53,68145.01,68199.93
1774209600,68199.93,68498.4,67360.66,67859
1774224000,67859,68585.12,67445.18,68074.6
1774238400,68074.6,68915.4,67502.48,68333.16
1774252800,68333.16,71499,67916.14,70122.15
1774267200,70122.15,71817.09,69671.95,70131.48
1774281600,70131.48,71246.01,70131.47,70679.05
1774296000,70679.04,70998,70404.39,70906.45
1774310400,70906.45,71099.96,70278.46,70542.9
1774324800,70542.9,71400,70119.06,71291.7
1774339200,71291.7,71368.61,70850.11,71157.77
1774353600,71157.77,71177.66,69507.34,69873.04
1774368000,69873.04,70001.92,68923.07,69377.33
1774382400,69377.33,70832.54,69296.15,70556.74
1774396800,70556.74,71100.28,70408,70716.7
1774411200,70716.7,71345,70703.83,70926.88
1774425600,70926.88,72026.09,70800,71678.97
1774440000,71678.97,71963.71,70530.47,70832.99
1774454400,70832.99,71752.88,70681.07,70883.31
1774468800,70883.32,71594.11,70646.34,71336.53
1774483200,71336.53,71436.82,70672.37,70921.47
1774497600,70921.47,70921.47,69805,70087.44
1774512000,70087.44,70144.44,69192.96,69276.01
1774526400,69276.01,69877.45,68632.4,69082.64
1774540800,69082.64,69162,68153,68534.36
1774555200,68534.37,69478.42,68436.74,68820.31
1774569600,68820.31,69179.05,68531.37,68767.51
1774584000,68767.5,68955.53,68304.14,68540.48
1774598400,68540.49,68635.07,66231.96,66702.78
1774612800,66702.78,66773.25,65730.17,66112.82
1774627200,66112.82,66290,65548.25,66040.66
1774641600,66040.65,66420.75,65817.44,66407.28
1774656000,66407.28,66520.46,65932.09,66240
1774670400,66240,66573.61,66110,66561.48
1774684800,66561.49,66570.09,66124.4,66319.47
1774699200,66319.46,67288.94,66240.87,67014.91
1774713600,67014.92,67096.77,66704,66916.52
1774728000,66916.52,67010,66283.38,66377.03
1774742400,66377.04,67130.5,66281.4,66912
1774756800,66912,66936.6,66556.78,66671
1774771200,66671,66988.01,66418,66816.28
1774785600,66816.29,66875.24,66334.37,66523
1774800000,66523.01,66665.05,66158.26,66348.62
1774814400,66348.61,66793.83,65000,66010.93
1774828800,66010.93,67450,65800.59,67173.8
1774843200,67173.8,67800,67167.92,67624.39
1774857600,67624.39,68042.3,67360.41,67680.45
1774872000,67680.44,68169.65,67088.73,67629.4
1774886400,67629.4,67641.65,66233.13,66550.05
1774900800,66550.06,66994.17,66419.79,66797.37
1774915200,66797.38,68408.37,66544.51,67704.74
1774929600,67704.74,67979.38,67103.32,67367.69
1774944000,67367.7,67496,65998.05,66685.69
1774958400,66685.69,67767.87,66427.53,66736.8
1774972800,66736.79,68589.49,66729.28,67838.8
1774987200,67838.79,68410.3,67831.7,68284.48
1775001600,68284.49,68378.64,67578.75,68170.67
1775016000,68170.67,69310,68005.33,68692
1775030400,68692,68851.35,68389.21,68712.52
1775044800,68712.52,68965,67918.83,68918.52
1775059200,68918.52,69171.77,67939.28,68176.84
1775073600,68176.84,68534,67964.48,68113.92
1775088000,68113.92,68653.38,66500,66576.25
1775102400,66576.25,66961.26,66217.07,66930.79
1775116800,66930.79,66930.79,66167.1,66220.28
1775131200,66220.28,67104.86,65712.12,66852.91
1775145600,66852.91,67430.99,66596.8,66975.99
1775160000,66976,67100,66731.08,66901.99
1775174400,66901.99,67000,66282,66579.97
1775188800,66579.98,67247.38,66416.68,67042.08
1775203200,67042.08,67288,66674.72,67017.44
1775217600,67017.43,67370.42,66508.1,66827.15
1775232000,66827.15,67069,66751.86,66885.74
1775246400,66885.73,66970.18,66826.13,66964.3
1775260800,66964.29,66968.28,66814,66832.18
1775275200,66832.18,67052.99,66775.91,67014.96
1775289600,67014.95,67232.72,66918,67156.93
1775304000,67156.93,67562.93,67029.07,67383.66
1775318400,67383.66,67543.6,67265,67288.42
1775332800,67288.42,67504.54,67186.62,67300.42
1775347200,67300.42,67307.28,66955.72,67145.98
1775361600,67145.98,67188.51,66611.66,66820.64
1775376000,66820.64,67150,66819.42,66999
1775390400,66998.99,67856.16,66680.57,67306.64
1775404800,67306.65,67560.45,67173.4,67361.01
1775419200,67361.01,69136.2,67332.66,69034.18
1775433600,69034.18,69588,68776.61,69123.69
1775448000,69123.69,69354.26,68806.53,69115.91
1775462400,69115.91,70283.32,69081.88,69614.91
1775476800,69614.91,69973.25,69163.86,69968.87
1775491200,69968.87,70351.46,69282.02,69739.53
1775505600,69739.52,69974.08,68300,68853.66
1775520000,68853.66,69128.2,68273.34,68779.21
1775534400,68779.2,68981.83,68443,68624.61
1775548800,68624.6,69247.9,68071.96,68345.75
1775563200,68345.75,68633.87,67732.01,68168.1
1775577600,68168.11,69098.44,68085.01,69011.29
1775592000,69011.29,72761,69011.29,71924.22
1775606400,71924.22,72110.65,71240.99,71287.39
1775620800,71287.39,71941.42,71287.38,71627.59
1775635200,71627.59,71955,71407.77,71675.12
1775649600,71675.12,72857,70707.23,71310
1775664000,71309.99,71963.94,71019,71318.48
1775678400,71318.47,71748,70901.89,71069.93
1775692800,71069.93,71198.8,70466,70992.39
1775707200,70992.37,71116,70689.38,70982.01
1775721600,70982.01,71575,70865.42,71150.17
1775736000,71150.17,72358,70522.77,72141.99
1775750400,72142,72550,71729.66,72096.32
1775764800,72096.33,73145,71585.25,71787.97
1775779200,71787.98,72387,71573.35,71868.67
1775793600,71868.67,72267.89,71428,71481.85
1775808000,71481.85,72261.93,71426.15,72127.59
1775822400,72127.59,73289.96,71899.51,72460.51
1775836800,72460.52,73264.76,72387.41,73236.11
1775851200,73236.11,73434,72700.6,72962.7
1775865600,72962.71,73094.89,72670,72866.63
1775880000,72866.62,72954.28,72612.16,72745.38
1775894400,72745.38,72915.95,72617.75,72907.05
1775908800,72907.05,72982.4,72513.09,72858.17
1775923200,72858.18,73790,72812.94,73687.15
1775937600,73687.16,73689.97,72907.4,73043.16
1775952000,73043.16,73137.24,71310,71593.19
1775966400,71593.18,71781,71417.22,71665
1775980800,71664.99,71805.85,71357.76,71468.55
1775995200,71468.54,71500,70604.07,70892.03
1776009600,70892.04,71222.58,70821.05,71084.18
1776024000,71084.18,71452,70505.88,70740.98
1776038400,70741.56,71271.78,70615.3,70976
1776052800,70975.99,71144,70672.72,70813.88
1776067200,70813.88,70997.12,70566.99,70929.68
1776081600,70929.68,72464.28,70758.5,71866.59
1776096000,71866.59,73480,71679.8,73322.82
1776110400,73322,74900,73007.08,74417.99
1776124800,74418,74579.32,73954.86,74444.43
1776139200,74444.44,74924.64,74150.6,74546
1776153600,74545.99,74910,74307.35,74376.52
1776168000,74376.52,76038,74277.19,75317.07
1776182400,75317.06,75688,73795.47,74223.18
1776196800,74223.3,74434.33,73806.09,74131.55
1776211200,74131.55,74786.72,74126.32,74345.97
1776225600,74345.98,74434.51,73514,73730.43
1776240000,73730.43,74256.44,73675.96,74201.78
1776254400,74201.78,74506.84,73580.85,73844.08
1776268800,73844.07,75281,73762.89,75002.6
1776283200,75002.6,75425,74512.06,74809.99
1776297600,74809.99,75267.85,74451.49,74888.21
1776312000,74888.21,75174.38,74636,74707.03
1776326400,74707.02,74901.5,74277.34,74574.79
1776340800,74574.8,75030.39,73309.85,74697.19
1776355200,74697.2,75410.71,73912.23,75342.99
1776369600,75343,75534.76,74789.5,75154.29
1776384000,75154.28,75154.77,74529.4,74615.82
1776398400,74615.82,75089.51,74555.12,75074.77
1776412800,75074.76,76370.25,74993.24,75589.7
1776427200,75589.7,78052.49,75531.97,77785.02
1776441600,77785.03,78333,77000,77393.58
1776456000,77393.58,77611.68,76911,77072
1776470400,77072.01,77420.08,76962.67,77005.47
1776484800,77005.47,77278.58,76884.1,76997.8
1776499200,76997.79,77048,75763.76,76039.05
1776513600,76039.06,76363.75,75797.53,76167.34
1776528000,76167.33,76211.57,75445.16,75649.85
1776542400,75649.86,75891.64,75599.64,75691.76
1776556800,75691.76,75847.42,75357,75515.77
1776571200,75515.76,75782.63,74867.72,75252.34
1776585600,75252.33,75641.99,74921.74,75604.11
1776600000,75604.11,76240.66,75401.44,75846.63
1776614400,75846.63,75853.26,74608,74965.47
1776628800,74965.46,74965.47,73762.9,73801.79
1776643200,73801.8,74746.93,73724.31,74634
1776657600,74634.01,75572,74095.18,74837.17
1776672000,74837.18,75404.63,74619.41,75192.71
1776686400,75192.72,75772.72,74702,75716.77
1776700800,75716.78,76486.67,75289.92,76296.96
1776715200,76296.97,76558.62,75617.6,75840.97
1776729600,75840.97,76263.4,75474.77,75710.3
1776744000,75710.31,76300,75600,76084.34
1776758400,76084.34,76927.57,76063.98,76452.94
1776772800,76452.94,76595.3,75430.62,75834.65
1776787200,75834.66,76190.72,74821.57,75023.43
1776801600,75023.43,76425.37,74967.58,76336.15
1776816000,76336.14,77733.11,76132.95,77521.48
1776830400,77521.47,78452.18,77364.25,78012.79
1776844800,78012.78,78399,77941.59,78300
1776859200,78300,79400,78114.04,79272.9
1776873600,79272.91,79472.82,78632.37,78846.62
1776888000,78846.62,78915.84,78155.83,78178.23
1776902400,78178.22,78574.44,77453.43,77746.46
1776916800,77746.47,78339.35,77675.8,78048.62
1776931200,78048.61,78175.52,77174.01,77704.62
1776945600,77704.61,78662.5,77379.92,78376.76
1776960000,78376.77,78509.82,76960,77727.26
1776974400,77727.25,78331,77637.5,78257.48
1776988800,78257.48,78581.93,77555,77737.85
1777003200,77737.84,78057.65,77457,77644.6
1777017600,77644.59,78372.58,77402.01,78240.26
1777032000,78240.27,78479.37,77577.22,78038.62
1777046400,78038.63,78060.29,77363.63,77628.85
1777060800,77628.84,77757.14,77264.08,77437.13
1777075200,77437.13,77711.87,77309.92,77679.07
1777089600,77679.08,77691.23,77450,77501.19
1777104000,77501.19,77885.35,77491.36,77682.3
1777118400,77682.29,77752.54,77299.89,77330.26
1777132800,77330.25,77454.31,77140.23,77330.01
1777147200,77330,77650,77311.05,77625
1777161600,77625,77642.43,77326.51,77400.21
1777176000,77400.21,78200,77383.46,78102.53
1777190400,78102.53,78210,77926.59,78101.44
1777204800,78101.43,78173.15,77770,78049
1777219200,78049,78500,77850,78221.16
1777233600,78221.17,78961,77843.75,78657.55
1777248000,78657.55,79485.66,78400.03,79105.49
1777262400,79105.5,79160,77465.05,77606.6
1777276800,77606.59,77980,77553.23,77844.26
1777291200,77844.25,78265.34,76564.33,76793.09
1777305600,76793.1,76990.43,76459.64,76878.07
1777320000,76878.23,77450,76763.71,77371.32
1777334400,77371.32,77478,76672,76815.18
1777348800,76815.18,77154,76424.9,76879.28
1777363200,76879.28,77013.63,76130.1,76229
1777377600,76228.99,76421.94,75666.6,76066.38
1777392000,76066.37,76380.83,75881.28,76330.97
1777406400,76330.97,76481.3,76197.02,76342.77
1777420800,76342.78,77127.62,76187.75,76994.78
1777435200,76994.77,77455.71,76880,77053.64
1777449600,77053.65,77904.93,76972.32,77590.03
1777464000,77590.04,77596.39,75705.32,75924.25
1777478400,75924.24,76274.8,74937.52,75563.86
1777492800,75563.87,76088.9,75497.43,75780
1777507200,75780,76473.26,75494.7,75928.1
1777521600,75928.09,76179.91,75323.65,76161.67
1777536000,76161.67,76339.38,75876.29,76059.43
1777550400,76059.42,76669.14,76042.75,76473.6
1777564800,76473.6,76514.8,76111,76412.8
1777579200,76412.8,76568.9,76206.02,76346.57
1777593600,76346.58,77453.74,76320.42,77131.08
1777608000,77131.08,77206.38,76653.6,77130.54
1777622400,77130.54,77600,77048,77463.98
1777636800,77463.98,78914.12,77408.73,78445.89
1777651200,78445.88,78683.23,78131.02,78360
1777665600,78360.01,78422.81,77752,78231.13
1777680000,78231.13,78514.82,78166.48,78400
1777694400,78399.99,78448.99,78040,78220
1777708800,78220,78394,78094.43,78143.08
1777723200,78143.09,78487.68,78108.41,78487.67
1777737600,78487.67,78596.61,78310.54,78486
1777752000,78486.23,79199.48,78418.32,78686.85
1777766400,78686.84,78754.55,78108.75,78203.08
1777780800,78203.07,78483.67,78084.08,78363.25
1777795200,78363.24,78849.22,78354.53,78656.01
1777809600,78656.01,78878.77,78586.99,78668.36
1777824000,78668.36,78853.32,78558.65,78760.32
1777838400,78760.32,79447,78484.42,78568.57
1777852800,78568.58,80458,78288.88,80316.31
1777867200,80316.3,80635.51,79500,79696.75
1777881600,79696.75,79930,78202,78793.67
1777896000,78793.67,80545.17,78500,80028.85
1777910400,80028.85,80776.99,79619.33,80053.31
1777924800,80053.31,80397.19,79744.91,79861.01
1777939200,79861.01,81083.98,79808.72,80893.08
1777953600,80893.08,81323.52,80725,80855.59
1777968000,80855.59,81095.48,80527.76,81014.05
1777982400,81014.05,81712.32,80932.54,81525.19
1777996800,81525.19,81680,81050.04,81606.35
1778011200,81606.35,81791.48,80790,80905.52
1778025600,80905.53,81760.84,80731.14,81581.69
1778040000,81581.7,81649.99,81060,81359.82
1778054400,81359.82,82850,81328.68,82522.89
1778068800,82522.88,82539.33,81136,81704.25
1778083200,81704.25,81907.51,81200,81464.87
1778097600,81464.86,81700,81000,81447.01
1778112000,81447.01,81490.03,80830.23,80834.91
1778126400,80834.92,81708.32,80725.09,81518.58
1778140800,81518.57,81590,80572.4,80866.65
1778155200,80866.65,81180,79699.52,79890.63
1778169600,79890,80269.06,79500,80146.11
1778184000,80146.77,80371.23,79582.95,80006
1778198400,80006,80142.84,79181.48,79578.85
1778212800,79578.84,79778.95,79248.58,79682.4
1778227200,79682.4,80340.94,79666.05,80231.22
1778241600,80231.22,80500,79549.54,80142.14
1778256000,80142.13,80299.99,79738.75,80179.94
1778270400,80180,80409.09,80089.76,80193.17
1778284800,80193.18,80550.67,80129.85,80383.95
1778299200,80383.96,80666.66,80135,80228.89
1778313600,80228.88,80452.44,80166.26,80345.46
1778328000,80345.47,80600,80234,80527.92
1778342400,80527.92,81080,80487.4,80938.53
1778356800,80938.53,80938.53,80621.88,80678.4
1778371200,80678.41,80887.15,80572.77,80775
1778385600,80774.99,80840,80658.97,80736.03
1778400000,80736.03,80975.4,80691,80821.21
1778414400,80821.21,81442.81,80784.2,81418.01
1778428800,81418.01,81583.11,81148,81437.83
1778443200,81437.83,82479.32,80279.77,82210.07
1778457600,82210.07,82380,80525,80736.01
1778472000,80736,81049.51,80639.99,80740.4
1778486400,80740.4,81200,80621.87,81196.94
1778500800,81196.95,81458,80462.97,81445.9
1778515200,81445.89,82137.26,81344.72,81961.99
1778529600,81961.99,82078.91,81596.31,81745.65
1778544000,81745.66,81788,80714.28,81058.8
1778558400,81058.79,81305.24,80800.77,80865.4
1778572800,80865.4,80964.13,80496.57,80784.87
1778587200,80784.86,80999,80188.65,80336.01
1778601600,80336.01,80874.42,79843.59,80834.64
1778616000,80835.3,80896.25,80439.91,80504.47
1778630400,80504.47,81299.99,80412.15,81249.99
1778644800,81249.99,81281.07,80889.12,81026.92
1778659200,81026.92,81324.64,80494.98,80501.22
1778673600,80501.22,80592.65,78807.22,78827.21
1778688000,78827.21,79800,78754.65,79642.41
1778702400,79642.41,79760,79228,79313.61
1778716800,79313.61,79681.73,78922,79044.85
1778731200,79044.86,79998,78982.06,79745.98
1778745600,79745.99,79936.98,79234,79258.27
1778760000,79258.27,81332.23,79230.31,81301.23
1778774400,81301.22,82048.13,81080.25,81419.74
1778788800,81419.75,81590.19,81059.93,81089.99
1778803200,81090,81664.45,80750,81059.15
1778817600,81059.15,81100,80314,80814.88
1778832000,80814.88,80822.95,80369,80628.53
1778846400,80628.52,80635.44,78659,79150.27
1778860800,79150.26,79561.94,79051,79146.5
1778875200,79146.5,79217.07,78911.42,79113.21
1778889600,79113.2,79227.77,79010,79083.18
1778904000,79083.19,79129.71,78066,78369.77
1778918400,78369.78,78530.52,77640,78081.71
1778932800,78080.46,78346,77833.4,78238.67
1778947200,78238.68,78364.65,78119.72,78259.66
1778961600,78259.67,78318.94,78125.32,78148.05
1778976000,78148.05,78243.19,77721.19,78028.88
1778990400,78028.88,78323.96,78003.35,78180.01
1779004800,78180,78599.99,78033.01,78415.99
1779019200,78415.99,78550,77850,78051.41
1779033600,78051.42,78468.46,77856.69,78415.3
1779048000,78415.29,78485.36,76735.16,77457.67
1779062400,77457.67,77477.99,76707.61,76924.65
1779076800,76924.66,77089.29,76583.33,77073.69
1779091200,77073.69,77403.48,76668.58,77285.83
1779105600,77285.83,77800,76051,76409.46
1779120000,76409.46,76995,76144.24,76928
1779134400,76928,77222.79,76800,77001.87
1779148800,77001.88,77414.62,76487.83,76787.11
1779163200,76787.1,77278.57,76644.98,77233.69
1779177600,77233.68,77317.02,76633.83,76714.62
1779192000,76714.61,77048.72,76144.71,76521.23
1779206400,76521.24,77065.8,76407.72,76818.74
1779220800,76818.73,77040.83,76642.95,76834.36
1779235200,76834.36,76922.46,76516.74,76723.54
1779249600,76723.55,77472.21,76692,77282.64
1779264000,77282.65,77663,77210.33,77382.49
1779278400,77382.5,77853.04,76891.61,77455.46
1779292800,77455.45,77713.66,77018.38,77667.49
1779307200,77667.49,77766.6,77226.61,77552.23
1779321600,77552.24,78173.15,77525,78078.72
1779336000,78078.72,78180.01,77521,77889.01
1779350400,77889.01,78200,77147.15,77189.1
1779364800,77189.1,77402.12,76719.47,77259.46
1779379200,77259.45,78098.16,77008.75,77690.56
1779393600,77690.56,77813.35,77534.43,77615.52
1779408000,77615.52,77817.8,77327.28,77779.98
1779422400,77779.98,77900,77288.77,77408.06
1779436800,77408.07,77535,77184.45,77428.84
1779451200,77428.83,77584.94,76570,76790.59
1779465600,76790.6,77093.72,75668.76,75860.44
1779480000,75860.44,76087.85,75359.18,75539.5
1779494400,75539.5,75664.62,75220,75635.22
1779508800,75635.22,75650.63,74289.6,74609.36
1779523200,74609.37,74873.55,74303.56,74789.99
1779537600,74789.99,75726.3,74660.05,75520
1779552000,75519.99,76012.22,75371.72,75983.45
1779566400,75983.45,77404.18,75953.94,76752.01
1779580800,76752,77011.62,76629.02,76750
1779595200,76750.01,77065.94,76651.59,76799.99
1779609600,76799.99,77543.15,76734.42,77320.06
1779624000,77320.06,77325.72,76195.36,76371.59
1779638400,76371.59,76799.99,76371.59,76773.34
1779652800,76773.33,77225.97,76108,77064.96
1779667200,77064.96,77485,76914.25,77026.67
1779681600,77026.68,77650,76990.78,77401.12
1779696000,77401.11,77699.97,77280.32,77357.5
1779710400,77357.5,77905.52,77286.5,77628.82
1779724800,77628.82,77807.29,77343.61,77441.86
1779739200,77441.85,77500,77019.82,77322.01
1779753600,77322.01,77345,76475.59,76664.01
1779768000,76664,77059.74,76603.73,76730.84
1779782400,76730.84,77621.75,76586.94,77183.55
1779796800,77183.56,78080,76272.63,76518.1
1779811200,76518.1,76710.01,75779.3,76052
1779825600,76052,76180,75677.97,75930.01
1779840000,75930.01,76104.02,75607.62,75683
1779854400,75683,75980,75310.9,75977.17
1779868800,75977.16,76071.41,75710.76,75769.18
1779883200,75769.18,76174.15,74758.33,75326.01
1779897600,75326.02,75408.01,74663.45,75066.08
1779912000,75066.09,75415.81,74243.99,74449.3
1779926400,74449.31,74590.77,73060.59,73258.01
1779940800,73258,73512.14,72728.85,73498
1779955200,73498,73616,73193.13,73505.66
1779969600,73505.65,73580.75,72582.82,72928.73
1779984000,72928.73,73749.69,72741.4,73419.32
1779998400,73419.31,73949.22,73241.48,73617.51
1780012800,73617.52,73868.33,73189.11,73301.52
1780027200,73301.53,73939.19,73210.21,73528.56
1780041600,73528.55,73902.85,73341.85,73487.98
1780056000,73487.98,74200,72512.49,73808.26
1780070400,73808.25,74514.1,73187.25,73520.28
1780084800,73520.29,73844,73320,73460.78
1780099200,73460.78,73796.43,73408.62,73524.01
1780113600,73524.01,73709.91,73216,73548.6
1780128000,73548.6,73680.75,73500.02,73602.02
1780142400,73602.01,74100,73594.4,73930.14
1780156800,73930.13,74143.76,73811.3,74016.65
1780171200,74016.64,74054,73781.3,73884.38
1780185600,73884.38,74275.66,73858.56,74150.64
1780200000,74150.64,74221.33,73836,73871.24
1780214400,73871.25,74024,73699.2,73937.79
1780228800,73937.63,74023.99,73483.05,73655.21
1780243200,73655.2,73734,73400,73563.42
1780257600,73563.41,74198,73500,73674.39
1780272000,73674.39,74092,73222,73769.06
1780286400,73769.06,73841.37,72704,72818
1780300800,72818,73095.64,72290,72479.99
1780315200,72480,72610,71066.33,71129.62
1780329600,71129.62,71800.73,70686.68,71595.24
1780344000,71595.24,71690,70840.9,71408.9
1780358400,71408.9,71408.9,70111,70953.69
1780372800,70953.7,71048,69733,70118.42
1780387200,70118.42,70172,69324.65,69461.72
1780401600,69461.73,69548.13,67076,67304.28
1780416000,67304.29,68146.3,66432,67315.14
1780430400,67315.14,67923.24,66193,66760.83
1780444800,66760.84,67204.15,65426.34,65849.9
1780459200,65849.9,67516,65834,67220.03
1780473600,67220.03,67476.69,66656.48,67067.37
1780488000,67067.37,67244.62,66076,66076.01
1780502400,66076.01,66373.18,65251,65462
1780516800,65461.99,65860,64092.49,64142.75
1780531200,64142.75,64540.3,61383.56,64363.49
1780545600,64363.49,64764.32,63492.89,63603.15
1780560000,63603.15,63904.63,62205,62545.99
1780574400,62546,64494.92,62392,63896.17
1780588800,63896.16,64163.93,62944.91,63629.38
1780603200,63629.38,63918,63106.04,63885.99
1780617600,63885.99,63978,62339,62730
1780632000,62730,63688,61126.01,63115.99
1780646400,63115.99,63259.9,61964.98,61964.99
1780660800,61964.99,62457.86,60000,60438.01
1780675200,60438,61547.24,59130.91,60300.24
1780689600,60300.24,62000,59940.01,61056.47
1780704000,61056.47,61530.05,60520,60687.04
1780718400,60687.05,61276.95,59500,61004.95
1780732800,61004.95,61500,60198,60802.91
1780747200,60802.9,61185.26,60396,60784
1780761600,60784.01,60971.24,60393.96,60600.01
1780776000,60600,61000,60429.09,60884.62
1780790400,60884.62,61778.33,60746,61701.07
1780804800,61701.06,62416.26,61482.46,62404.73
1780819200,62404.72,62960,62259.37,62621.96
1780833600,62621.97,62643.97,61577.12,62093.99
1780848000,62093.99,62332,61184,61328
1780862400,61327.99,64234.68,61217.17,63332.01
1780876800,63332.01,63863.06,62720.86,63130.12
1780891200,63130.12,63350,62408,63283.99
1780905600,63284,63873.08,62992.01,63479.61
1780920000,63479.62,64200,62718.3,63774.48
1780934400,63774.48,64046.86,63268.01,63372.01
1780948800,63372.01,63850,62978.66,63085.99
1780963200,63086,63184,62423.07,62875.17
1780977600,62875.18,63526.01,62748,63198.44
1780992000,63198.44,63208.86,62498.75,62711.12
1781006400,62711.12,62895.18,61037,61131.84
1781020800,61131.85,62103.39,60780,62098.09
1781035200,62098.09,62272,61556,61730
1781049600,61730,61974.7,61235.29,61549.64
1781064000,61549.64,61813.34,61080,61687.56
1781078400,61687.56,61736,60755,61034.04
1781092800,61034.04,62857.99,60960,62639.23
1781107200,62639.23,62646,61588.8,61942.44
1781121600,61942.45,61949.21,61104.24,61510.99
1781136000,61510.99,62848,61510.99,62689.48
1781150400,62689.47,62997.53,62544.89,62719.39
1781164800,62719.39,63257.21,62719.38,63108
1781179200,63108.01,63239.43,62500,62749.44
1781193600,62749.44,63933.02,62348,63605.68
1781208000,63605.69,63700,63270,63625.99
1781222400,63626,63810.01,63301.53,63524.82
1781236800,63524.81,63863.98,62829.81,63100.8
1781251200,63100.8,63953.84,63100.8,63766.01
1781265600,63766.01,64394.44,63045.29,63593.02
1781280000,63593.02,64111.1,63510.16,63589.27
1781294400,63589.28,63696.41,63400,63580.01
1781308800,63580,63840,63418.66,63532
1781323200,63532,63883.47,63484,63846
1781337600,63845.99,63984.53,63726.57,63971.28
1781352000,63971.28,64350,63921.33,64296.15
1781366400,64296.15,64333.62,63920.05,64296.59
1781380800,64296.59,64762.77,64226.38,64458.01
1781395200,64458.01,64710,64380.7,64545.3
1781409600,64545.3,64563.48,64214,64429.39
1781424000,64429.39,64664,64321.18,64546
1781438400,64546.01,64560.66,63866.66,64025.07
1781452800,64025.06,64208.92,63678.83,63802
1781467200,63801.99,65800,63794.09,65746.45
1781481600,65746.45,65995,65354,65927.1
1781496000,65927.11,66000,65611.01,65674.76
1781510400,65674.76,66385.12,65512,66233.9
1781524800,66233.89,67292.15,66106,67292.14
1781539200,67292.15,67292.15,66348,66614.35
1781553600,66615.98,66681.3,66076.56,66328.74
1781568000,66328.74,66463.26,65650,66165.21
1781582400,66165.21,66572.99,65802,66372
1781596800,66372,66992,66345.06,66481.73
1781611200,66481.73,66818,65360.92,65859.76
1781625600,65859.76,66248.69,65560,65675.88
1781640000,65675.89,65938,65592,65675.01
1781654400,65675.02,66200,65477.5,65851.99
1781668800,65852,66048.19,65251,65539.5
1781683200,65539.51,65574,64565,64810.01
1781697600,64810.01,65855.66,64590.53,65752
1781712000,65751.99,66445.93,63998.35,64301.85
1781726400,64301.85,64529.2,63915.77,64509.4
1781740800,64509.4,64806,64267.86,64282.82
1781755200,64282.82,64510.5,63696.29,64510.44
1781769600,64510.45,64646.75,63878.14,63974.4
1781784000,63974.4,64445.19,62293.76,62369.44
1781798400,62369.43,63008.33,62272.07,62950.79
1781812800,62950.79,63274.19,62742,62958.01
1781827200,62958.01,63110.29,62386.9,62773.51
1781841600,62773.52,62917.32,62409.55,62629.99
1781856000,62630,62782,62316.44,62626
1781870400,62626,63419.27,62353,63214.01
1781884800,63214.01,63387.8,62866.99,63021.6
1781899200,63021.6,63666,62958.59,63543.91
1781913600,63543.9,63777,63320.14,63476.79
1781928000,63476.79,63907.07,63402,63655.21
1781942400,63655.21,63798.76,63392.41,63688
1781956800,63688,64388,63184.21,64160.04
1781971200,64160.04,64167.26,63730.21,63936
1781985600,63935.99,64350,63853.31,64298.01
1782000000,64298.01,64472.99,64206.17,64426
1782014400,64426,64588,64173.08,64191.07
1782028800,64191.06,64483.95,63900.17,64176
1782043200,64176,64355.88,63952,64224
1782057600,64224,64298.84,63933.47,64207.12
1782072000,64207.13,64271.21,63270,63311.99
1782086400,63312,64823.52,63312,63974.01
1782100800,63974.01,64397.57,63868.41,64211.19
1782115200,64211.2,64768.46,64044,64657.22
1782129600,64657.22,65622.83,64579.08,64836.95
1782144000,64836.95,64862,64276,64472
1782158400,64472.51,64659.43,63804.59,64020.01
1782172800,64020.01,64275.38,63828.93,64065.35
1782187200,64065.34,64095.55,62568.9,62886.03
1782201600,62886.04,62945.08,61938,62507.06
1782216000,62507.05,62855.98,61960,62487.79
1782230400,62487.79,62846,62104.7,62388.49
1782244800,62388.49,62799.99,62380.25,62734.57
1782259200,62734.57,63119.45,62461.87,62729.78
1782273600,62729.78,63073.44,62525.49,62657.99
1782288000,62658,63239.06,62318.88,62921.19
1782302400,62921.19,62973.2,60249.82,60250
1782316800,60250,60678.1,59102.7,59958.3
1782331200,59958.3,61276,59854,61077.99
1782345600,61078,61163.16,60684.94,60883.65
1782360000,60883.66,61962.4,60792,61911.04
1782374400,61911.03,61920,61066,61282.01
1782388800,61282,61761.35,58115.01,59557.99
1782403200,59557.99,60067,59139.96,59320
1782417600,59319.99,60273.81,59319.99,59794
1782432000,59794.64,60131.37,58337,60036.01
1782446400,60036,60759.99,59702,60532
1782460800,60532,60580,59239.78,59413.24
1782475200,59413.24,60500,58500.1,60328.32
1782489600,60328.18,60583,59556,59751.97
1782504000,59751.96,60117.64,59571.31,60097.27
1782518400,60097.27,60412,59876.22,60305.73
1782532800,60305.73,60574,60093.33,60548.07
1782547200,60548.06,60548.74,60198.94,60363.65
1782561600,60363.65,60941.17,60257.03,60840.06
1782576000,60840.06,60855.03,60085.88,60175.95
1782590400,60175.95,60482.18,59855.16,60029
1782604800,60029.01,60339.99,59986,60197.04
1782619200,60197.03,60259.68,59753.48,60219.99
1782633600,60220,60545.01,60068,60342
1782648000,60341.99,60457.02,59817.28,59890
1782662400,59890.35,59943.9,59270.26,59481.79
1782676800,59481.78,59906,58905,59577.01
1782691200,59577.01,60233,58900.01,60049.46
1782705600,60049.45,60346.27,59392.02,60026
1782720000,60026.01,60311.95,59745.46,59956.05
1782734400,59956.05,60780.57,59011,59824.01
1782748800,59824.01,60683.84,59584.48,60433.49
1782763200,60433.5,60585.99,60194.01,60260.21
1782777600,60260.2,60276.54,59600,59627.48
1782792000,59627.47,59712.88,59360,59524.01
1782806400,59524.01,59551.03,59123.01,59192.7
1782820800,59192.71,59276.6,58201,58381.99
1782835200,58382,58839.16,58241.79,58818.05
1782849600,58818,58874.99,58509.99,58624.71
1782864000,58624.71,59318,57800.19,59197.13
1782878400,59197.12,59457,58534.31,58768.65
1782892800,58768.64,59091.99,58500,58622.03
1782907200,58622.02,60536.55,58326,60147.15
1782921600,60147.15,60352.93,59787.35,60028.67
1782936000,60029.39,61334,59876,60024
1782950400,60024,61121.78,59588,61058
1782964800,61057.99,61058,60104,60149.99
1782979200,60149.99,61437.49,60132.51,61358.01
1782993600,61358,62200,61147.23,61612.93
1783008000,61612.93,61962.43,61108.99,61479.6
1783022400,61479.59,61653.43,61342,61560
1783036800,61560,61733.11,61248.86,61434
1783051200,61434,61864.99,61332.76,61750.47
1783065600,61750.47,62103.1,61510.01,62024.02
1783080000,62024.01,62400,61700,61922.72
1783094400,61922.71,62317.64,61911.65,62210
1783108800,62210,62979.86,62186.01,62583.26
1783123200,62583.26,62946,62404.25,62627.29
1783137600,62627.28,62749.97,62328.24,62576
1783152000,62576,62674.47,62415.87,62482.01
1783166400,62482,63075.46,62482,62943.29
1783180800,62943.29,63461.99,62786,63294.72
1783195200,63294.72,63448,62927.98,63144.01
1783209600,63144.01,63144.01,62596.08,62769.04
1783224000,62769.03,63059.99,62659.65,63020.21
1783238400,63020.21,63104,62436.59,62658.92
1783252800,62658.92,62943.59,62569.37,62740.01
1783267200,62740.01,62888.14,62590.02,62768.88
1783281600,62768.87,63999,62609.47,63650
1783296000,63650.01,63920,63136.01,63294
1783310400,63294,63402.77,62890,63089.42
1783324800,63089.42,63244,62483.83,62483.84
1783339200,62483.84,63550,61306.84,63545.98
1783353600,63545.98,63976.16,63386.01,63738.52
1783368000,63738.52,64700,63589.41,64042.02
1783382400,64042.93,64314,63150,63191.01
1783396800,63191.01,63445.7,62800,63083.18
1783411200,63083.19,63467.15,62984.58,63406
1783425600,63405.99,64105,62671.39,63930.51
1783440000,63930.5,64243.75,63379.69,63817.99
1783454400,63818,63901.75,63218,63363.99
1783468800,63364,63761.99,62525.47,62766
1783483200,62766,62901.49,62477.04,62888.35
1783497600,62888.34,62941.46,61743.83,62299.99
1783512000,62300,62451.08,61544.56,61704.01
1783526400,61704.01,62394.32,61692,62277.98
1783540800,62277.98,62350.63,61956,62290
1783555200,62290.01,62642,61705.29,61974.34
1783569600,61974.34,63283.26,61956.46,63000
1783584000,62999.99,63100.1,62614.66,62786.34
1783598400,62786.33,63261,62465.39,62868.05
1783612800,62868.06,63500,62559.59,63248.1
1783627200,63248.09,63418,63060.91,63230
1783641600,63230.01,64050.23,62926.01,63947.2
1783656000,63947.2,64200,63802.02,63963
1783670400,63963,64494.84,63962.99,64425.18
1783684800,64425.18,64692.83,63793.43,64040
1783699200,64039.99,64220,63732.66,63917.88
1783713600,63917.88,64222.61,63656,64161.72
1783728000,64161.72,64310,63984.07,64150.42
1783742400,64150.42,64278,64080.26,64162.18
1783756800,64162.18,64300,64129.99,64198
1783771200,64197.99,64504.11,63896.18,64175.75
1783785600,64175.75,64402,64084,64286
1783800000,64286,64463.83,63819,63819
1783814400,63819.01,64223.74,63702.16,64223.73
1783828800,64223.73,64245.87,63640.83,63885.27
1783843200,63885.28,64100.32,63764,64018.01
1783857600,64018,64290.11,63958.71,64176
1783872000,64176,64270,64018.69,64228.59
1783886400,64228.59,64254,63668,63780
1783900800,63780,64425,62741.04,62806.41
1783915200,62806.41,63070.01,62500.76,62985.52
1783929600,62985.53,63302.88,62862.28,62901.99
1783944000,62901.99,62990.04,62101,62618.01
1783958400,62618,62629.35,61824.97,62288.23
1783972800,62288.23,62347.46,61882.88,62334.52
1783987200,62334.52,62666.66,62272.2,62572.89
1784001600,62572.88,62872,62516.93,62560.92
1784016000,62560.92,62923.06,62500,62844.99
1784030400,62844.99,64966.43,62780.84,64743.99
1784044800,64744,64896.86,64231.77,64569.59
1784059200,64569.59,65100,64419.99,65043.98
1784073600,65043.99,65065.01,64488,64792.01
1784088000,64792,65277.37,64485,64549.34
1784102400,64549.33,64917.94,64549.33,64732.15
1784116800,64732.15,65600,64606,65427.61
1784131200,65427.6,65470,64738.49,64977.34
1784145600,64977.34,65055.39,64691.89,64756.28
1784160000,64756.28,64845.5,64392.01,64619.95
1784174400,64619.96,64997.52,64086.12,64238
1784188800,64238,64380,63888,64256.53
1784203200,64256.52,64896,63838.28,64704.73
1784217600,64704.73,64712,63984.09,64271.84
1784232000,64271.85,64276,63748.74,63830.2
1784246400,63830.2,64067.69,63380.28,63570
1784260800,63570,63576,62710,62828.11
1784275200,62828.11,63361.7,62666,63298.01
1784289600,63298,63518,62537.56,63452
1784304000,63452,64387.99,63312.01,64160.8
1784318400,64160.8,64216.61,63884.35,63931.67
1784332800,63931.67,64032.6,63886.65,64017.84
1784347200,64017.84,64026.03,63926.39,64002.75
1784361600,64002.75,64097.22,63887.73,64069.89
1784376000,64069.89,64274.47,63963,64123.12
1784390400,64123.13,64669.5,64091.48,64552.79
1784404800,64552.8,64865,64528.69,64834.22
1784419200,64834.21,64967.25,64620.44,64706.18
1784433600,64706.18,64815.65,64610.89,64711.05
1784448000,64711.04,64743,64445,64467.64
1784462400,64467.65,64663.04,64285.24,64585.32
1784476800,64585.33,64752,64280,64462.58
1784491200,64462.58,64900,64347.89,64722.54
1784505600,64722.55,65107.99,64416,64869.8
1784520000,64869.79,64869.99,63765.83,64280.01
1784534400,64280.01,65068,63100,65002.01
1784548800,65002,65666.8,64077.76,65598.75
1784563200,65598.75,65799,65041.05,65142
1784577600,65142,65445.27,65061.92,65255.51
1784592000,65255.51,65658.78,65148.75,65566.78
1784606400,65566.77,66245.64,65471.69,66186.86
1784620800,66186.86,66420.65,66129.19,66345.59
1784635200,66345.59,66956.15,66255.73,66676.54
1784649600,66676.53,66764,66052.63,66444.76
1784664000,66444.76,66576,66204,66556.16
1784678400,66556.15,66739.89,66176,66210
1784692800,66209.99,66424,65701,65843.48
1784707200,65843.48,66164.57,65843.47,66013.36
1784721600,66013.36,66204.98,65553.67,66047.39
1784736000,66047.38,66384,65691.93,65923.19
1784750400,65923.19,66138.24,65791.79,66114.49
1784764800,66114.5,66313.14,65585.11,65662.53
1784779200,65662.53,65821.17,65351.02,65442.13
1784793600,65442.12,65792.09,65419.75,65555.21
1784808000,65555.21,65589.41,64728,64958.36
1784822400,64958.37,64961.15,64650,64846.94
1784836800,64846.93,65235.43,64834.52,65098.97
1784851200,65098.98,65464.35,64762.18,65456.7
1784865600,65456.7,65808.59,65248,65499.95
1784880000,65499.94,65508.17,64857.14,65083.43
1784894400,65083.42,65133.99,63739.75,64093.85
1784908800,64093.86,64292.44,63881.46,64225.32
1784923200,64225.32,64288.02,64121.86,64139.99
1784937600,64140,64179.03,64006.55,64085.36
1784952000,64085.36,64205.67,63964.57,64003.2
1784966400,64003.2,64113,63810,64064.01
1784980800,64064.01,64272,64043,64182
1784995200,64182.01,64475.28,64123,64388.38
1785009600,64388.39,64430,64263.03,64375
1785024000,64375.01,64582,64350,64557
1785038400,64557,64599.95,64293.81,64370
1785052800,64370,64573.73,64353,64507.35
1785067200,64507.36,64827,64414,64768
1785081600,64768,64940.51,64668.91,64695.52
1785096000,64695.52,65577,64631.57,65399.99
1785110400,65400,65418.81,64892.03,65284
1785124800,65284,65744.6,65217.16,65221.99
1785139200,65221.99,65432,65092,65100.79
1785153600,65100.79,65718,64418.01,64554.01
1785168000,64554,65090,64517.78,64984
1785182400,64983.99,65056,63605.56,63755.86
1785196800,63755.86,63827.49,63059.39,63343.83
1785211200,63343.82,63668.71,63221.26,63505.99
1785225600,63506,63593,63294,63450
1785240000,63449.99,64026.62,62742.47,63928.47
1785254400,63928.46,64100,63504,63904
1785268800,63904,64073.3,63562,63915
1785283200,63915,64200,63658,63753.03
1785297600,63753.04,64575.99,63598,64561
1785312000,64561.01,64744.81,64283.83,64507.54
1785326400,64507.53,64718.87,63886,63964.01
1785340800,63964.01,64648.79,63511,63589.46
1785355200,63589.46,64131.44,63267.34,63984.28
1785369600,63984.29,64411.76,63603.92,64161.98
1785384000,64161.98,64182,63907.85,64026
1785398400,64026,64885.18,63980.54,64788
1785412800,64788.01,65176.6,64607.31,64730.3
1785427200,64730.29,64988,64688,64800
1785441600,64800,65086.4,64668.91,64780.02
1785456000,64780.03,65409.56,64172,64370
1785470400,64370,64496.64,63878.11,63950.01
1785484800,63950.01,64011.99,63610,63805.51
1785499200,63805.5,63849.19,62466,62716.57
1785513600,62716.57,63302,62709.01,62972
1785528000,62972,63062.47,62846,62887.88
1785542400,62887.88,63106.55,62887.87,63004.48
1785556800,63004.47,63142.85,62992.82,63050.46
1785571200,63050.45,63150,62986.31,63076
1785585600,63076,63127.07,63007.05,63007.06
1785600000,63007.06,63027.65,62275,62529.82
1785614400,62529.81,62866.62,62482.99,62823.64
1785628800,62823.65,63550,62806.58,63461.95
1785643200,63461.95,63634,63415.26,63506.24
1785657600,63506.23,63530,62982.38,63031.99
1785672000,63031.99,63231.67,63010,63109.14
1785686400,63109.13,63610.01,63064.01,63456.01
1785700800,63456,63796.33,63344,63570
1785715200,63570.01,63596,62786.04,62870.49
1785729600,62870.48,63001.77,62552.04,62621.1
1785744000,62621.1,62863.1,62300,62560.01
1785758400,62560.01,63992.71,62445.26,63694.91
1785772800,63694.9,64080,63664,63869.38
1785787200,63869.38,64023.61,63392.01,63520
1785801600,63520,63972,63322.01,63800.01
1785816000,63800.01,64243.81,63506.78,63685.74
1785830400,63685.73,63950,63451.8,63926
1785844800,63926,64238,63615.38,64125.14
1785859200,64125.14,64413.21,63892,64233.36
1785873600,64233.35,64549.16,64001.68,64106.56
1785888000,64106.55,64504,63950,64183.27
1785902400,64183.27,64525.97,63995.89,64163.99
1785916800,64164,64280,64020,64075.28
1785931200,64075.28,64744,63880,64388.01
1785945600,64388.01,64936.18,64388,64840.28
1785960000,64840.27,65025.22,64579.15,64665.23
1785974400,64665.24,64724.38,64439.34,64531.03
1785988800,64531.03,64996,64496.27,64809.7
1786003200,64809.7,64999,64503.54,64622.09
1786017600,64622.08,64987.26,64172,64631.87
1786032000,64631.88,64834,64365,64446
1786046400,64446.01,64536.32,64200,64323.61
1786060800,64323.61,64544,64230.59,64289.99
1786075200,64289.99,64463.75,64166,64319.84
1786089600,64319.84,65213.33,64304.22,65029.98
1786104000,65029.98,65390.99,64788,64912.72
1786118400,64912.71,65072.31,64525,64960.47
1786132800,64960.46,65102,64846,64923.19
1786147200,64923.2,65074.18,64784.19,65033
1786161600,65033,65071.15,64951.34,64960
1786176000,64959.99,65050,64948.56,64967.35
1786190400,64967.36,65192.54,64924,65080.82
1786204800,65080.83,65150,65017.39,65075.41
1786219200,65075.4,65100.61,64936.01,64962.6
1786233600,64962.6,65002,64730.08,64788.8
1786248000,64788.8,64867.11,64777,64826.14
1786262400,64826.15,65000,64792.1,64950
1786276800,64950.01,65300,64914.73,65228.68
1786291200,65228.68,65266.06,65179.72,65180.66
1786305600,65180.66,65474.46,64842.59,64901.59
1786320000,64901.59,65391.14,64826.78,64982.01
1786334400,64982,65379.13,64924,65202.73
1786348800,65202.72,65328.73,64958.87,65125.98
1786363200,65125.99,65237.8,64203.15,64299.99
1786377600,64299.99,64354,63806.27,64045.7
1786392000,64045.7,64215.21,63920.69,63970.01
1786406400,63970.01,64176,63895.64,64155.01
1786420800,64155,64159.65,63852,64065.99
1786435200,64066,64400,64044.72,64389.57
1786449600,64389.58,64515.43,63451,63609.87
1786464000,63609.86,63660,63238,63536
1786478400,63536,63768.58,63536,63600
1786492800,63600.01,63908.01,63534.01,63835.59
1786507200,63835.58,63891.42,63606.15,63837.99
1786521600,63838,64249.5,63768.01,64240.04
1786536000,64240.04,64500,63316,63441.47
1786550400,63441.48,63578,63310.34,63421.11
1786564800,63421.11,63661.24,63370,63479.99
1786579200,63479.99,63717.31,63380,63646.99
1786593600,63647,64010,63591.56,63865.84
1786608000,63865.84,63915,63350,63484.3
1786622400,63484.31,63999,63420,63420.01
1786636800,63420.01,63568.97,62802.27,63407.99
1786651200,63408,63640,63368,63490.86
1786665600,63490.86,63617.45,63301.58,63310
1786680000,63310,63472.5,62920,62920.78
1786694400,62920.78,62997.83,62700,62868.83
1786708800,62868.83,63089.18,62535.24,62990.95
1786723200,62990.94,63247.05,62830,62968.05
1786737600,62968.06,63066.13,62800,63043.56
1786752000,63043.56,63187.98,62992.91,63051.25
1786766400,63051.25,63155.76,63027.89,63075.43
1786780800,63075.43,63085.8,62920,63022.01
1786795200,63022.01,63120.09,62946.58,63100.55
1786809600,63100.55,63127.4,63044.37,63126.08
1786824000,63126.07,63175,63076.96,63086.01
1786838400,63086.01,63151.59,63012,63130
1786852800,63130.01,63158.8,63040,63061.02
1786867200,63061.03,63079.76,62968.45,63013.66
1786881600,63013.66,63146.4,62997.77,63146.39
1786896000,63146.39,63390,63100.89,63108.81
1786910400,63108.8,63140,62716,62900
1786924800,62900,63520,62751.1,63429.21
1786939200,63429.21,63717.17,63429.21,63514.45
1786953600,63514.45,63781.69,63295,63631.1
1786968000,63631.11,64227.27,63444.17,64200
1786982400,64200,64610.01,63979.3,64309.96
1786996800,64309.95,64578,64266,64532.1
1787011200,64532.11,64568.46,64047.73,64185.01
1787025600,64185,64446,64090,64198.97
1787040000,64198.97,64402.35,64087.98,64351.19
1787054400,64351.18,65058.81,64027.85,64855.06
1787068800,64855.06,64891.81,64642.36,64643.26
1787083200,64643.27,64780,64562.25,64725.42
1787097600,64725.42,64736.27,64278,64330.71
1787112000,64330.7,64409.93,64166,64296
1787126400,64296.01,64539.05,64255,64515.63
1787140800,64515.62,69500,64474.86,68554
1787155200,68554,68997,67825.03,68429.44
1787169600,68429.44,70000,68390,69334.79
1787184000,69334.78,69894.5,68902.22,69195.64
1787198400,69195.64,70022,69166,69816.45
1787212800,69816.45,72490,69772.36,71927.07
1787227200,71927.07,72830,71132,72470.83
1787241600,72470.84,72966,72205.88,72690.76
1787256000,72690.76,73400,72498,73025.15
1787270400,73027.02,75785.82,73027.02,74510.77
1787284800,74510.77,76916.95,74510.77,76308.65
1787299200,76308.66,79500,76235.76,76722.32
1787313600,76722.31,77871.33,76243.04,77221.98
1787328000,77221.98,77722.12,76643.72,77028.94
1787342400,77028.94,78760.68,76863.56,78338.03
1787356800,78338.03,78828.15,77683.37,78410.98
1787371200,78410.98,78818,76500,77289.18
1787385600,77289.18,77445.6,76533.87,77130.02
1787400000,77130.01,77387.99,76880,76978.83
1787414400,76978.83,77547.96,76956.36,77418.25
1787428800,77418.26,77467.53,76772,77074.93
1787443200,77074.94,77400,76837,76927.87
1787457600,76927.87,77036.58,75545.67,76007.13
1787472000,76007.12,77400,75952.09,77311.02
1787486400,77311.02,77765.8,76802,77156.13
1787500800,77156.14,77487.04,77116,77346.01
1787515200,77346,78052.85,77200.03,77734
1787529600,77734,77742,76883.61,76933.02
1787544000,76933.02,77790.19,76670.01,77307.15
1787558400,77307.14,78600,76838,78443.65
1787572800,78443.65,80000,77851.9,79100.01
1787587200,79100.01,79877.87,78468.61,78758
1787601600,78757.99,79049.4,78560,78992.75
1787616000,78992.76,81272.62,78715.63,80488.01
1787630400,80488.01,80923.69,79369.17,79705.79
1787644800,79705.79,80249,78888,79117.99
1787659200,79118,79527.09,78120.74,79502.01
1787673600,79502.01,79563.71,78728.35,78925.95
1787688000,78925.96,79000,77851,78539.14
1787702400,78539.13,79251.6,78312,79088.62
1787716800,79088.61,79206,78638,78925.56
1787731200,78925.57,79119.37,78244.83,78487.26
1787745600,78487.26,78713.79,77632.58,78011.65
1787760000,78011.64,78650.26,77858,78475.49
1787774400,78475.49,79174.12,78200,79023.75
1787788800,79023.75,79028.49,78546.13,78830.68
1787803200,78830.68,79095.99,78600,79082.17
1787817600,79082.18,80520,79048,79477.67
1787832000,79477.66,80799.91,78920,80302.32
1787846400,80302.32,80848.74,79749.7,79910.19
1787860800,79910.19,80432.36,79882.86,80249.58
1787875200,80249.59,81478.87,79723.02,79810.49
1787889600,79810.48,79999,79558.11,79660
1787904000,79660,79840,79001.01,79604.13
1787918400,79604.12,79838.73,78312.64,78331.13
1787932800,78331.13,78404,76888,77580.03
1787947200,77580.03,77846.72,77255.69,77845.87
1787961600,77845.88,77963.92,77507.16,77507.17
1787976000,77507.17,77716.12,77382.37,77626.01
1787990400,77626.01,77754.23,77487.73,77584.67
1788004800,77584.66,78150,77506.63,77865.36
1788019200,77865.36,78330,77858.29,78182
1788033600,78181.99,78298,78062,78230
1788048000,78230,78330,77994.02,78144.68
1788062400,78144.68,78310.71,77990,78118
1788076800,78118,78242,77962.49,78166
1788091200,78165.99,78966.76,78165.99,78823.63
1788105600,78823.62,79400,78721.98,78856.39
1788120000,78856.39,78931.49,77000,77682
1788134400,77682,78185.89,77392,77756.71
1788148800,77756.7,78322.56,77458.83,78196.01
1788163200,78196.01,78802,77982,78315.43
1788177600,78315.43,78777.9,77675.04,78580.42
1788192000,78580.43,79250,78494,78898.06
1788206400,78898.06,79172,78405.01,78581.29
1788220800,78581.3,78900.01,78189.93,78679.01
1788235200,78679.01,79220.61,78500,78632.37
1788249600,78632.37,78658.01,77758.69,78098.97
1788264000,78098.96,78424,77510,77919.06
1788278400,77919.07,77976,76420,77312
1788292800,77312,77638.18,76920.36,77439
1788307200,77439.01,77792,76718.48,77563.5
1788321600,77563.5,77765.99,77294.56,77473.85
1788336000,77473.86,77546,76264,76828.76
1788350400,76828.75,77490,76611.67,77288.98
1788364800,77288.97,77582,76950.56,77341.47
1788379200,77341.48,77520,77007.36,77340.01
1788393600,77340.01,77900,76968,77708
1788408000,77708.01,78183.91,77101.01,77663.15
1788422400,77663.14,78066,77478,77948.39
1788436800,77948.39,81370.33,77896.07,81348
1788451200,81348,81790,80613.52,81755.41
1788465600,81755.41,82300,80905.05,81270.37
1788480000,81270.37,81427.75,80669.45,80850
1788494400,80850.01,81288,80573.21,80656.87
1788508800,80656.86,81423.03,80502.87,81224.86
1788523200,81224.86,81350,78660,79429.33
1788537600,79429.33,79877.07,79378.19,79793.34
1788552000,79793.35,79862.15,79512,79660.77
1788566400,79660.77,79721.57,79472.22,79582
1788580800,79581.99,79763.41,79442,79709.96
1788595200,79709.96,79735.97,79568,79609.28
1788609600,79609.29,79816,79545.96,79806.01
1788624000,79806,80200,79712.86,79754
1788638400,79753.99,79947.99,79694,79831.75
1788652800,79831.75,80107.99,79829.98,80028.01
1788667200,80028.01,80107.99,79577,79805
1788681600,79804.68,80020,79752.7,79919.17
1788696000,79919.17,80010,79233,79716.5
1788710400,79716.51,79970,79584.73,79829.99
1788724800,79830,80559.99,79647.04,80341.83
1788739200,80341.83,80443.99,79568.6,79596.39
1788753600,79596.38,79926.04,79001.1,79397.83
1788768000,79397.83,79550,79282,79420.16
1788782400,79420.16,79643.5,78680,78821.99
1788796800,78822,79419.17,78807.69,79365.82
1788811200,79365.81,79394.92,78781.07,79112.01
1788825600,79112,79485,78725.1,78906.28
1788840000,78906.27,78929.24,78179.98,78482
1788854400,78482,78994.5,78271.63,78430.01
1788868800,78430,78910.88,77620.01,78904
1788883200,78904,78978.39,78271.49,78446
1788897600,78445.99,78662.75,78406,78455.8
1788912000,78455.8,78928.65,78455.79,78638.01
1788926400,78638.01,79400,78638,79277.43
1788940800,79277.44,79760,78725.29,79324.75
1788955200,79324.75,79678.84,78060.03,78596.7
1788969600,78596.7,78938.55,78150,78234.94
1788984000,78234.94,78340.01,77770,78306.43
1788998400,78306.43,78550,77952,78328.08
1789012800,78328.08,78564.39,77906.48,78112
1789027200,78112,78229.22,77688,77840.8
1789041600,77840.64,77959.2,76676.07,77250
1789056000,77250,77544,76804.99,77160.83
1789070400,77160.83,77347.45,76464,76568.72
1789084800,76568.73,77013.62,76563.01,76891.8
1789099200,76891.81,77431.48,76889.23,77230.7
1789113600,77230.7,77500,76746.95,77036.12
1789128000,77036.12,79890,76046.58,77732.25
1789142400,77732.25,78068.01,76883,77286.01
1789156800,77286,77504.01,76967.13,77225.7
1789171200,77225.71,77378.37,77207.65,77268.09
1789185600,77268.09,77359.2,77164.06,77269.55
1789200000,77269.54,77400.75,77269.54,77356.04
1789214400,77356.05,77505.67,77255.19,77380.37
1789228800,77380.38,77414.01,77059.75,77114.99
1789243200,77115,77300,77114.99,77278.73
1789257600,77278.73,77341.37,77162.36,77192.01
1789272000,77192,77325.82,77058.42,77127.99
1789286400,77127.99,77182,76500,76792.32
1789300800,76792.31,77254.45,76560,77134.83
1789315200,77134.82,77413.52,77125.66,77284
1789329600,77284.01,77450,76622.97,76842.01
1789344000,76842.01,77869.82,76388.72,77596.33
1789358400,77596.32,77895.35,77379.41,77892.24
1789372800,77892.24,78374.01,77593.8,77776
1789387200,77776,78712.29,77481.98,78578.02
1789401600,78578.02,79325,78426.17,78982
1789416000,78982.01,79600,78131.3,78189.21
1789430400,78189.2,78250.46,77658,77676.99
1789444800,77676.99,77744.31,76889.22,76930.01
1789459200,76930,77223.32,76703.59,76940.01
1789473600,76940.01,77143.15,75605,76512
1789488000,76512.01,77343.44,74967.97,76186.48
1789502400,76186.48,76245.98,75140.64,75644.48
1789516800,75644.48,76111,75457.52,75824.01
1789531200,75824,76097.54,75677.64,75766.63
1789545600,75766.62,76304.01,75350,76250
1789560000,76250,76300,75423.04,75788.41
1789574400,75788.41,76560.76,75064.82,76080
1789588800,76080,76422.01,75632.7,76206.01
1789603200,76206,76774.08,76055.34,76441.99
1789617600,76442,76682.01,76187,76462.76
1789632000,76462.77,76770,76179,76482
1789646400,76482,77179.47,76000,76780.01
1789660800,76780.01,76970.01,76470.4,76594.01
1789675200,76594.01,76732.99,76259.98,76417.01
1789689600,76417.01,77597.83,76296,77383.47
1789704000,77383.47,77850,77216.76,77798.01
1789718400,77798,78490.79,77660,78062
1789732800,78062.01,81154.67,77972.3,80725.6
1789747200,80725.6,81400,80555.54,81204.76
1789761600,81204.77,81370.57,80862.61,80883.87
1789776000,80883.86,81741,80844.58,81136.01
1789790400,81136.02,81250,80911.12,81100.16
1789804800,81100.17,81528.01,81075.28,81302.63
1789819200,81302.63,81951,81183.28,81636.01
1789833600,81636.01,81914.01,81309.68,81354.01
1789848000,81354.01,81431.13,80904.46,81249.99
1789862400,81249.99,81330.01,80126.04,80486.38
1789876800,80486.38,80668.15,80227.27,80311.61
1789891200,80311.6,80581.82,80165.49,80493.2
1789905600,80493.21,80969.84,80327.64,80912
1789920000,80912,81497.33,80811.03,81177.32
1789934400,81177.32,81332.01,80579.43,81178
1789948800,81178.01,82100,80850.22,81425.23
1789963200,81425.24,81878.98,81228.15,81720.01
1789977600,81720.01,85299.87,81720,84887.19
1789992000,84887.19,86344.7,84778,85927.71
1790006400,85927.71,86895.7,85607.42,86490.11
1790020800,86490.11,87395.67,86295.78,86620
1790035200,86620.01,86625.82,85300,85692.83
1790049600,85692.83,85730.23,85114,85344
1790064000,85344.01,86377.77,85327.42,85986.62
1790078400,85986.62,86717.6,85461.53,86413.12
1790092800,86413.11,86660,86033.18,86192.44
1790107200,86192.45,86504.17,86000,86208.56
1790121600,86208.57,86975.51,86133.4,86704.27
1790136000,86704.27,87278.54,86000,86124.77
1790150400,86124.77,86264.01,85450.88,85649.95
1790164800,85649.96,85940.32,83864.07,83996.01
1790179200,83996,84565.21,83500.01,84518
1790193600,84518,84670.01,84212.68,84397.6
1790208000,84397.6,84494.5,83744.7,83934.01
1790222400,83934.01,84612.01,83781.89,84524.02
1790236800,84524.02,84622.01,82874.93,83494.58
1790251200,83494.59,84942.45,83346.66,84418
1790265600,84418.01,84924.01,83888,84412.65
1790280000,84412.64,84501.16,83948.43,84410.24
1790294400,84410.24,84888,84063.18,84231.19
1790308800,84231.19,84347.86,83750.5,84043.96
1790323200,84043.96,85255,84028.98,84582.64
1790337600,84582.64,84704,83183,83796.01
1790352000,83796.01,84115.87,83628,84020.01
1790366400,84020.01,84193.39,83632.03,84099.99
1790380800,84100,84145.26,83798,83939
1790395200,83939.01,84134.01,83848.91,84116.8
1790409600,84116.79,84336.96,83966.03,84176
1790424000,84176,84204.88,83856.23,84155.99
1790438400,84156,84174.33,83976.74,84016.63
1790452800,84016.63,84473.58,83838,84433.1
1790467200,84433.11,84571.13,84257.07,84402.15
1790481600,84402.15,84791,84305.35,84791
1790496000,84790.99,85117.64,84590,84898
1790510400,84898,85159.03,84364,84463.37
1790524800,84463.38,84843,84342,84736.01
1790539200,84736.02,84813,84132,84472
1790553600,84472.01,84999,83210,83338.6
1790568000,83338.6,83534.01,82705.02,82966.01
1790582400,82966,83160.33,82597.55,83082.54
1790596800,83082.53,83820,82563,83370
1790611200,83370,84381.3,83118.1,83389.54
1790625600,83389.53,83664.01,83100,83500.01
1790640000,83500.01,83620.01,82775.94,83069.99
1790654400,83070,84200,82971.1,83980.97
1790668800,83980.97,84500,83760.4,84358.01
1790683200,84358,84563.99,82910,83068
1790697600,83068,83700,82900,83594.01
1790712000,83594.01,83849,83384,83663.66
1790726400,83663.66,83731.46,83175.67,83300.65
1790740800,83300.65,83521.98,82956.11,83304.92
1790755200,83304.92,83981.11,83023.69,83915.16
1790769600,83915.17,85649.95,83373,84134.43
1790784000,84134.43,84490.01,83503.18,83603.16
1790798400,83603.16,83845,83523.65,83623.6
1790812800,83623.59,83780.14,83410.39,83754.01
1790827200,83754.01,84419.69,83321.71,83429.93
1790841600,83429.93,84098.01,83186,83905.76
1790856000,83905.76,84744,83400,84162.65
1790870400,84162.66,85273.65,84064,84675.36
1790884800,84675.36,84900,84493.35,84880.05
1790899200,84880.05,85569,84520,85512.9
1790913600,85512.89,86912.75,85453.36,86089.65
1790928000,86089.64,86640.61,86062.28,86424.85
1790942400,86424.85,87220,85162.9,85326
1790956800,85326,85508,83888,84315.28
1790971200,84315.27,84590.01,84232.01,84518.01
1790985600,84518,84720.58,84456.02,84699.56
1791000000,84699.56,84725.04,84525,84560
1791014400,84560,84696.01,84557.36,84672.01
1791028800,84672.01,84962.2,84672,84867.28
1791043200,84867.27,85037.63,84700,84842.5
1791057600,84842.5,84915.65,84558,84753.56
1791072000,84753.57,84890,84719.99,84840.87
1791086400,84840.88,85112.65,84808.11,85106
1791100800,85106.01,85428.01,85032.99,85309.46
1791115200,85309.47,85470,85094,85256.01
1791129600,85256.01,85574.01,85178.49,85428
1791144000,85428,86066.22,85396.32,85900.87