time,open,high,low,close,Volume
1777901400,720.07,720.25,719.25,719.72,128084
1777901520,719.73,720.07,719.46,719.85,34398
1777901640,719.84,720.05,719.61,719.83,32640
1777901760,719.8,720.21,719.54,719.71,40248
1777901880,719.71,719.97,719.46,719.84,29923
1777902000,719.79,720.14,719.62,720.04,36638
1777902120,720.03,720.31,719.97,720.13,69086
1777902240,720.13,720.31,719.85,720.29,25492
1777902360,720.28,720.54,720.2,720.39,38432
1777902480,720.39,720.66,720.31,720.42,29131
1777902600,720.41,720.64,720.23,720.57,41300
1777902720,720.56,720.64,720.12,720.54,29548
1777902840,720.53,720.58,720.11,720.37,16714
1777902960,720.37,720.65,720.37,720.49,19154
1777903080,720.56,720.8,720.48,720.76,24854
1777903200,720.8,720.8,720.38,720.41,19797
1777903320,720.39,720.56,720.28,720.44,15577
1777903440,720.41,720.46,720.16,720.43,13591
1777903560,720.41,720.65,720.31,720.59,13525
1777903680,720.59,720.69,719.88,720.07,71234
1777903800,720.03,720.71,719.99,720.64,14403
1777903920,720.69,721.21,720.66,721.06,50238
1777904040,721.05,721.2,720.88,721.07,24871
1777904160,721.09,721.29,721.019,721.18,30731
1777904280,721.189,721.41,721.03,721.41,24121
1777904400,721.42,721.6,721.4,721.58,19618
1777904520,721.58,721.71,721.34,721.34,29202
1777904640,721.32,721.48,721.27,721.45,9296
1777904760,721.45,721.58,721.39,721.46,12754
1777904880,721.43,721.48,721.09,721.22,34622
1777905000,721.23,721.71,721.14,721.68,21725
1777905120,721.68,721.88,721.59,721.755,19913
1777905240,721.77,721.84,721.56,721.71,23894
1777905360,721.72,721.8,721.51,721.78,18251
1777905480,721.77,721.98,721.75,721.79,41564
1777905600,721.8,722.05,721.8,721.98,25947
1777905720,721.99,722.09,721.99,722,10949
1777905840,722.01,722.06,721.88,722.03,16313
1777905960,722.04,722.07,721.75,721.96,32721
1777906080,721.96,721.96,721.7,721.75,17099
1777906200,721.77,721.96,721.77,721.9,21897
1777906320,721.9,722.12,721.87,721.95,22442
1777906440,721.94,722.03,721.8,721.89,18154
1777906560,721.89,721.94,721.13,721.29,61148
1777906680,721.3,721.43,720.77,720.9,41466
1777906800,720.9,721.57,720.25,721.2,92187
1777906920,721.23,721.42,720.98,720.98,18416
1777907040,720.98,721.13,720.79,721.12,22015
1777907160,721.1,721.14,720.78,720.81,17433
1777907280,720.82,720.95,720.45,720.78,29308
1777907400,720.77,720.89,720.54,720.6,23897
1777907520,720.56,720.62,720.12,720.27,34117
1777907640,720.27,720.5,720,720.35,53281
1777907760,720.41,720.43,719.84,719.97,18926
1777907880,719.97,719.97,718.56,718.79,66480
1777908000,718.81,718.9,717.54,717.61,127803
1777908120,717.57,718.37,717.44,717.92,99367
1777908240,717.9,718.085,717.57,717.79,49265
1777908360,717.81,718.72,717.55,718.69,60832
1777908480,718.7,718.77,718.27,718.44,30499
1777908600,718.45,718.54,717.98,718,54256
1777908720,718,718.1,717.49,718.1,43601
1777908840,718.1,718.29,717.43,717.6,21770
1777908960,717.58,718.13,717.35,718,19334
1777909080,718.02,718.74,717.805,717.84,46131
1777909200,717.84,718.03,717.26,717.92,40624
1777909320,717.98,718.07,717.73,717.99,11262
1777909440,718.02,718.42,717.97,718,14911
1777909560,717.96,718.23,717.79,717.81,7582
1777909680,717.79,718.01,717.47,717.63,24570
1777909800,717.59,717.72,717.15,717.23,23487
1777909920,717.25,718.57,716.98,717.8,75190
1777910040,717.81,718.31,717.78,717.94,44742
1777910160,717.94,718.18,717.71,717.71,18567
1777910280,717.7,718.03,717.43,717.56,32764
1777910400,717.6,717.75,717.07,717.21,8354
1777910520,717.23,717.38,716.94,717.16,16549
1777910640,717.14,717.32,716.76,717.12,17317
1777910760,717.14,717.25,715.91,715.92,35317
1777910880,716,716.59,715,716.1,123853
1777911000,716.05,716.41,715.51,716.38,32688
1777911120,716.42,716.57,716.1,716.26,17523
1777911240,716.26,716.29,715.78,715.86,22612
1777911360,715.87,716.93,715.51,716.4,83802
1777911480,716.45,717.65,716.39,717.13,52928
1777911600,717.19,717.74,716.95,717.38,31914
1777911720,717.41,717.82,717.36,717.5,53256
1777911840,717.5,717.7,717.33,717.45,23803
1777911960,717.54,717.84,717,717.04,16476
1777912080,717.03,717.18,716.88,717.02,15359
1777912200,716.99,717.43,716.82,717.37,21651
1777912320,717.36,717.42,717.07,717.38,6962
1777912440,717.38,717.67,717.2,717.2,14027
1777912560,717.23,717.44,716.99,717.23,5812
1777912680,717.25,717.25,716.61,716.84,51701
1777912800,716.84,717.26,716.82,717.05,10343
1777912920,717.05,717.31,716.89,717.27,9842
1777913040,717.25,717.27,716.83,717.01,7626
1777913160,717.03,717.08,716.66,716.8,17155
1777913280,716.75,716.92,716.7,716.92,10351
1777913400,716.91,717,716.4,716.65,20305
1777913520,716.68,717.06,716.31,716.5,24461
1777913640,716.51,716.87,716.47,716.61,11444
1777913760,716.62,716.7,716.47,716.56,11191
1777913880,716.59,716.67,716.45,716.55,7268
1777914000,716.54,717.14,716.49,716.95,25124
1777914120,716.91,717.24,716.74,717.04,17940
1777914240,717.01,717.34,716.92,717.25,13809
1777914360,717.19,717.52,717.19,717.43,16727
1777914480,717.39,717.51,717.17,717.43,6292
1777914600,717.46,717.63,717.29,717.37,14245
1777914720,717.37,717.47,717.17,717.39,5895
1777914840,717.38,717.53,717.37,717.39,12857
1777914960,717.39,718.295,717.22,717.88,48233
1777915080,717.91,718.48,717.91,718.28,22270
1777915200,718.29,718.49,718.14,718.371,22097
1777915320,718.4,718.58,718.34,718.52,16666
1777915440,718.54,718.64,718.4,718.4,8590
1777915560,718.35,718.5,718.21,718.5,8503
1777915680,718.48,718.59,718.44,718.55,13546
1777915800,718.56,718.58,718.4,718.54,8958
1777915920,718.5,718.6,718.34,718.34,9336
1777916040,718.36,718.42,717.8,717.8,17917
1777916160,717.82,718.02,717.59,717.77,11882
1777916280,717.79,718.1,717.79,718.1,7558
1777916400,718.1,718.1,717.86,717.92,7348
1777916520,717.93,718.27,717.92,718.25,8022
1777916640,718.26,718.32,718.09,718.11,7742
1777916760,718.19,718.27,718.13,718.24,4599
1777916880,718.24,718.35,718.14,718.31,9747
1777917000,718.3,718.52,718.27,718.52,15731
1777917120,718.52,718.63,718.31,718.38,14963
1777917240,718.4,718.53,718.37,718.48,6763
1777917360,718.5,718.6,718.42,718.55,7251
1777917480,718.55,718.55,718.33,718.33,13351
1777917600,718.33,718.51,718.32,718.51,9508
1777917720,718.46,718.83,718.42,718.76,26793
1777917840,718.76,718.99,718.76,718.989,20116
1777917960,718.97,718.99,718.54,718.61,39670
1777918080,718.62,718.81,718.59,718.7,22703
1777918200,718.7,718.77,718.65,718.69,10772
1777918320,718.68,718.76,718.53,718.56,12138
1777918440,718.56,718.6,718.29,718.33,14872
1777918560,718.35,718.41,718.22,718.3,12281
1777918680,718.32,718.34,718.17,718.24,20609
1777918800,718.23,718.28,718.06,718.16,14135
1777918920,718.16,718.17,717.55,717.76,20350
1777919040,717.77,717.78,717.52,717.58,14941
1777919160,717.55,717.66,717.17,717.32,20338
1777919280,717.33,717.82,717.33,717.77,19583
1777919400,717.76,717.86,717.44,717.54,22273
1777919520,717.54,717.74,717.46,717.63,20299
1777919640,717.63,717.68,717.39,717.41,7913
1777919760,717.42,717.49,717.28,717.37,19599
1777919880,717.4,717.55,717.305,717.53,9788
1777920000,717.51,717.585,717.4,717.44,15352
1777920120,717.46,717.47,717.17,717.2,11603
1777920240,717.2,717.23,716.84,716.99,12731
1777920360,717,717.34,716.875,717.33,11388
1777920480,717.33,717.48,717.21,717.461,17603
1777920600,717.49,717.57,717.34,717.569,15969
1777920720,717.58,717.59,716.96,717.13,27964
1777920840,717.14,717.4,717.05,717.36,7652
1777920960,717.38,717.59,717.35,717.59,14660
1777921080,717.57,717.6,717.41,717.47,38214
1777921200,717.48,717.54,717.31,717.36,13085
1777921320,717.36,717.41,717.15,717.4,15930
1777921440,717.41,717.69,717.3,717.68,34216
1777921560,717.76,718.25,717.64,717.85,99116
1777921680,717.88,718.14,717.86,717.92,19602
1777921800,717.94,718.01,717.78,717.85,41430
1777921920,717.84,717.98,717.82,717.95,23714
1777922040,717.98,718.11,717.92,717.93,8605
1777922160,717.93,718.19,717.93,718.06,14110
1777922280,718.08,718.11,717.92,717.94,14560
1777922400,717.93,717.99,717.81,717.97,30095
1777922520,717.97,717.97,717.72,717.91,24177
1777922640,717.91,717.98,717.43,717.77,21395
1777922760,717.755,717.87,717.58,717.7,51220
1777922880,717.68,718.04,717.67,717.74,45418
1777923000,717.74,718.01,717.74,717.995,42891
1777923120,718,718.04,717.85,718,20050
1777923240,718.01,718.105,717.95,718.105,32838
1777923360,718.1,718.22,718.04,718.19,34600
1777923480,718.2,718.26,717.94,717.97,26000
1777923600,717.99,718.06,717.76,717.76,37879
1777923720,717.75,717.88,717.71,717.77,31293
1777923840,717.76,717.83,717.61,717.67,40491
1777923960,717.66,718.09,717.6,718.07,33206
1777924080,718.09,718.19,717.99,718.15,32571
1777924200,718.11,718.15,717.47,717.66,70665
1777924320,717.64,717.67,717.4,717.51,52812
1777924440,717.51,717.75,717.36,717.56,75868
1777924560,717.55,717.73,717.5,717.71,54840
1777924680,717.72,718.1,717.63,718.09,304731
1777987800,721.78,722.14,721.495,721.78,105279
1777987920,721.78,722.16,721.71,722.159,66137
1777988040,722.18,722.38,722.08,722.37,48712
1777988160,722.35,722.48,722.04,722.13,36196
1777988280,722.14,722.17,721.9,722.06,26046
1777988400,722.05,722.4,722.03,722.39,41047
1777988520,722.39,722.39,721.76,721.85,36625
1777988640,721.86,722.55,721.83,722.5,23942
1777988760,722.51,722.62,722.32,722.47,28661
1777988880,722.46,722.47,722.095,722.16,23874
1777989000,722.15,722.79,722.15,722.76,56107
1777989120,722.75,722.76,722.53,722.58,55324
1777989240,722.56,722.62,722.3,722.44,17300
1777989360,722.44,722.54,722.38,722.38,17154
1777989480,722.4,722.53,722.38,722.53,10564
1777989600,722.55,722.77,722.14,722.769,24986
1777989720,722.75,722.78,722.53,722.66,20335
1777989840,722.68,722.78,722.64,722.64,16382
1777989960,722.67,722.96,722.67,722.95,24288
1777990080,722.94,723.2,722.86,723.185,39531
1777990200,723.18,723.39,723.03,723.22,41481
1777990320,723.23,723.23,722.31,722.5,46413
1777990440,722.6,722.64,722.01,722.29,39102
1777990560,722.27,722.66,722.02,722.64,17992
1777990680,722.67,722.75,721.79,722.16,44108
1777990800,722.13,722.29,722.01,722.24,19133
1777990920,722.249,723.01,722.24,722.87,52295
1777991040,722.86,723.66,722.86,723.36,33485
1777991160,723.4,723.45,723.12,723.15,8948
1777991280,723.15,723.43,723.1,723.32,14470
1777991400,723.31,723.39,722.96,722.98,18415
1777991520,722.98,723.05,722.84,722.89,30721
1777991640,722.89,723.09,722.87,722.97,24324
1777991760,723,723.13,722.68,722.78,31157
1777991880,722.78,722.8,722.56,722.68,18674
1777992000,722.67,723.01,722.62,722.94,21449
1777992120,722.96,723.09,722.9,723.02,15814
1777992240,723.03,723.03,722.59,722.63,18000
1777992360,722.67,722.82,722.35,722.5,32984
1777992480,722.53,722.9,722.44,722.74,25902
1777992600,722.7,722.71,722.52,722.57,9947
1777992720,722.65,722.859,722.59,722.79,8852
1777992840,722.78,723.1,722.71,722.98,7624
1777992960,722.95,723.07,722.89,722.97,6250
1777993080,722.97,723.15,722.91,723.14,7864
1777993200,723.15,723.25,723.03,723.21,9296
1777993320,723.21,723.36,723.15,723.35,15708
1777993440,723.34,723.54,723.32,723.5,17538
1777993560,723.54,723.64,723.43,723.51,17063
1777993680,723.51,723.51,723.309,723.32,9576
1777993800,723.36,723.47,723.31,723.4,10831
1777993920,723.42,723.64,723.42,723.46,15859
1777994040,723.45,723.65,723.41,723.53,8759
1777994160,723.579,723.579,723.41,723.42,7083
1777994280,723.41,723.55,723.36,723.4,8855
1777994400,723.38,723.47,723.22,723.46,13875
1777994520,723.47,723.48,723.26,723.33,6377
1777994640,723.33,723.34,723.12,723.19,31046
1777994760,723.19,723.44,723.19,723.3,7787
1777994880,723.3,723.48,723.21,723.48,7550
1777995000,723.49,723.53,723.29,723.34,7823
1777995120,723.31,723.33,722.91,722.93,10152
1777995240,722.96,723.21,722.93,723.15,23047
1777995360,723.16,723.23,723.07,723.13,9990
1777995480,723.11,723.2,723.01,723.11,5639
1777995600,723.12,723.17,723.03,723.04,4048
1777995720,723.08,723.16,722.96,723.02,5964
1777995840,723.02,723.31,723.02,723.28,11570
1777995960,723.28,723.42,723.28,723.29,6549
1777996080,723.28,723.34,723.22,723.32,5334
1777996200,723.33,723.42,723.31,723.36,12938
1777996320,723.35,723.36,723.24,723.24,7252
1777996440,723.26,723.29,723.12,723.139,10239
1777996560,723.14,723.21,723.02,723.08,5966
1777996680,723.09,723.09,722.995,723.01,7036
1777996800,723.06,723.19,722.96,723.19,9523
1777996920,723.17,723.39,723.15,723.25,8285
1777997040,723.26,723.48,723.21,723.48,7459
1777997160,723.48,723.54,723.41,723.54,8352
1777997280,723.53,723.56,723.48,723.5,8521
1777997400,723.51,723.58,723.48,723.51,6932
1777997520,723.5,723.58,723.499,723.51,3593
1777997640,723.54,723.58,723.48,723.535,5546
1777997760,723.53,723.62,723.4,723.4,8077
1777997880,723.41,723.585,723.41,723.57,3547
1777998000,723.585,723.87,723.57,723.75,21961
1777998120,723.76,723.78,723.68,723.7,14844
1777998240,723.72,723.76,723.68,723.72,5179
1777998360,723.72,723.78,723.3,723.349,13741
1777998480,723.3,723.58,723.04,723.58,25567
1777998600,723.56,723.6,723.41,723.48,9675
1777998720,723.46,723.56,723.42,723.48,11726
1777998840,723.479,723.6,723.37,723.55,26686
1777998960,723.55,723.69,723.55,723.61,7353
1777999080,723.65,723.66,723.43,723.45,8621
1777999200,723.42,723.48,723.3,723.48,6554
1777999320,723.47,723.51,723.28,723.3,7868
1777999440,723.35,723.539,723.32,723.51,6480
1777999560,723.51,723.74,723.47,723.73,11686
1777999680,723.73,723.73,723.61,723.61,10069
1777999800,723.6,723.67,723.55,723.59,3912
1777999920,723.599,723.61,723.48,723.53,14046
1778000040,723.52,723.67,723.5,723.65,4326
1778000160,723.68,723.68,723.55,723.59,6210
1778000280,723.59,723.6,723.45,723.461,5705
1778000400,723.46,723.5,723.34,723.49,4535
1778000520,723.44,723.53,723.38,723.53,11438
1778000640,723.54,723.57,723.47,723.52,4067
1778000760,723.54,723.54,723.35,723.36,9031
1778000880,723.35,723.39,723.12,723.24,9210
1778001000,723.23,723.29,723.15,723.28,7522
1778001120,723.28,723.36,723.24,723.24,6692
1778001240,723.25,723.42,723.23,723.41,8103
1778001360,723.4,723.46,723.35,723.42,21609
1778001480,723.42,723.67,723.41,723.57,18228
1778001600,723.58,723.67,723.48,723.62,25786
1778001720,723.59,723.68,723.53,723.53,8625
1778001840,723.515,723.65,723.51,723.65,8062
1778001960,723.66,723.79,723.61,723.77,7514
1778002080,723.77,723.86,723.72,723.85,6980
1778002200,723.86,723.96,723.78,723.8,33686
1778002320,723.79,723.87,723.72,723.81,9846
1778002440,723.82,723.85,723.76,723.83,7552
1778002560,723.86,724.01,723.86,723.9,11851
1778002680,723.91,723.91,723.8,723.81,4830
1778002800,723.82,723.92,723.78,723.92,26244
1778002920,723.93,723.94,723.88,723.92,7410
1778003040,723.93,723.94,723.84,723.89,7145
1778003160,723.91,723.94,723.86,723.91,2406
1778003280,723.9,723.95,723.88,723.89,17425
1778003400,723.88,724.1,723.87,724.08,32554
1778003520,724.09,724.19,724.08,724.149,35356
1778003640,724.14,724.22,724.06,724.1,14858
1778003760,724.09,724.15,724.07,724.099,6890
1778003880,724.09,724.1,724,724.01,8615
1778004000,724.02,724.13,724,724.08,12341
1778004120,724.1,724.18,724.1,724.16,10801
1778004240,724.13,724.2,724.1,724.15,9288
1778004360,724.16,724.34,724.16,724.28,20204
1778004480,724.26,724.36,724.24,724.24,15942
1778004600,724.25,724.44,724.25,724.39,14974
1778004720,724.39,724.59,724.38,724.57,25772
1778004840,724.56,724.69,724.5,724.56,11496
1778004960,724.56,724.569,724.48,724.48,6931
1778005080,724.53,724.55,724.48,724.48,8870
1778005200,724.5,724.65,724.47,724.65,25776
1778005320,724.64,724.64,724.52,724.56,6462
1778005440,724.57,724.579,724.44,724.5,5907
1778005560,724.49,724.59,724.47,724.55,3256
1778005680,724.57,724.64,724.47,724.48,6212
1778005800,724.48,724.51,724.43,724.44,22966
1778005920,724.44,724.45,724.325,724.38,17877
1778006040,724.385,724.385,724.24,724.34,19089
1778006160,724.35,724.4,724.33,724.4,10219
1778006280,724.38,724.38,724.12,724.14,7520
1778006400,724.13,724.21,724.09,724.21,12316
1778006520,724.2,724.3,724.2,724.25,5386
1778006640,724.27,724.349,724.24,724.29,4438
1778006760,724.29,724.43,724.29,724.42,7957
1778006880,724.42,724.46,724.36,724.4,10760
1778007000,724.41,724.46,724.33,724.33,5324
1778007120,724.32,724.35,724.13,724.19,12733
1778007240,724.18,724.35,724.17,724.24,4609
1778007360,724.23,724.36,724.23,724.3,9169
1778007480,724.3,724.36,724.29,724.32,8501
1778007600,724.33,724.44,724.31,724.43,7791
1778007720,724.42,724.47,724.39,724.46,10699
1778007840,724.451,724.585,724.43,724.56,13145
1778007960,724.59,724.68,724.57,724.67,14884
1778008080,724.65,724.73,724.56,724.73,20220
1778008200,724.73,724.97,724.7,724.86,28975
1778008320,724.85,724.95,724.8,724.87,35469
1778008440,724.86,724.88,724.57,724.65,28509
1778008560,724.65,724.84,724.63,724.79,20858
1778008680,724.78,724.87,724.77,724.87,9389
1778008800,724.89,724.91,724.71,724.81,17330
1778008920,724.81,724.94,724.81,724.94,16479
1778009040,724.92,725.04,724.89,725,16036
1778009160,725.01,725.03,724.81,724.82,20418
1778009280,724.82,724.87,724.72,724.72,22813
1778009400,724.72,724.82,724.64,724.81,24903
1778009520,724.81,724.87,724.71,724.72,32352
1778009640,724.72,724.72,724.42,724.465,131381
1778009760,724.48,724.65,724.47,724.62,14687
1778009880,724.62,724.8,724.61,724.76,16120
1778010000,724.77,724.79,724.65,724.69,21833
1778010120,724.69,724.69,724.57,724.66,22422
1778010240,724.67,724.78,724.63,724.75,27651
1778010360,724.75,724.77,724.53,724.63,22439
1778010480,724.66,724.66,724.42,724.47,39233
1778010600,724.44,724.46,723.62,723.76,139438
1778010720,723.76,723.89,723.67,723.73,94738
1778010840,723.75,723.76,723.34,723.45,86640
1778010960,723.46,723.61,723.28,723.57,84266
1778011080,723.58,723.82,723.52,723.74,169892
1778074200,728.16,728.59,727.82,728.56,103585
1778074320,728.56,729.01,728.46,728.88,48860
1778074440,728.87,729.37,728.86,729.16,60333
1778074560,729.16,729.55,729.13,729.13,40024
1778074680,729.13,729.3,729,729.08,25753
1778074800,729.08,729.14,728.87,729,54783
1778074920,729.03,729.23,728.82,729.21,53458
1778075040,729.2,729.31,728.91,729,49898
1778075160,729.04,729.41,728.98,729.41,24977
1778075280,729.39,729.51,728.97,729.09,19544
1778075400,729.1,729.1,728.33,728.81,48260
1778075520,728.82,729.36,728.8,729.36,17545
1778075640,729.36,729.74,729.36,729.6,36256
1778075760,729.58,729.72,729.15,729.66,17995
1778075880,729.64,729.79,729.57,729.65,31785
1778076000,729.7,729.97,729.63,729.94,31770
1778076120,729.89,729.91,729.43,729.54,19478
1778076240,729.53,729.65,729.35,729.57,17260
1778076360,729.57,729.65,728.71,729.34,42503
1778076480,729.41,729.81,729.26,729.78,28747
1778076600,729.76,730.04,729.74,730.04,50458
1778076720,730.05,730.22,729.93,730.03,49502
1778076840,730.02,730.2,729.9,730.11,18813
1778076960,730.1,730.25,729.72,729.87,46053
1778077080,729.85,730.03,729.57,729.74,34317
1778077200,729.76,730.17,729.7,730.07,14731
1778077320,730.11,730.23,729.83,730.23,17634
1778077440,730.24,730.49,729.96,730.47,30698
1778077560,730.44,730.65,730.35,730.54,20371
1778077680,730.56,730.68,730.01,730.04,39706
1778077800,730.04,730.49,730.02,730.48,22384
1778077920,730.5,730.94,730.49,730.86,19747
1778078040,730.86,731.09,730.851,731.07,22912
1778078160,731.06,731.19,730.995,731.09,47001
1778078280,731.08,731.31,731.07,731.24,26413
1778078400,731.24,731.71,731.24,731.5,28123
1778078520,731.51,731.9,731.37,731.58,58991
1778078640,731.61,732.02,731.46,731.77,28801
1778078760,731.79,731.79,731.62,731.65,23050
1778078880,731.67,731.78,731.5,731.76,25458
1778079000,731.76,731.88,731.741,731.8,15503
1778079120,731.79,731.92,731.67,731.86,20599
1778079240,731.84,732.1,731.82,732.09,23029
1778079360,732.11,732.2,731.92,732.03,21701
1778079480,732.03,732.165,731.93,732.16,28982
1778079600,732.16,732.48,732.13,732.379,33789
1778079720,732.36,732.36,732.07,732.21,31674
1778079840,732.19,732.41,732.18,732.4,19189
1778079960,732.405,732.49,732.24,732.28,25144
1778080080,732.29,732.33,731.79,731.85,39658
1778080200,731.85,732.21,731.83,732.12,32461
1778080320,732.11,732.13,731.391,731.53,33052
1778080440,731.54,731.81,731.5,731.71,14599
1778080560,731.7,732.03,731.55,732.01,24000
1778080680,732.03,732.22,731.89,732.2,26102
1778080800,732.23,732.37,732.15,732.36,26435
1778080920,732.36,732.36,732.15,732.26,14402
1778081040,732.26,732.31,732.17,732.3,17377
1778081160,732.29,732.31,732.07,732.22,19334
1778081280,732.22,732.22,732.02,732.05,25344
1778081400,732.05,732.14,731.97,732.03,13888
1778081520,732.01,732.14,731.8,731.94,86544
1778081640,731.96,732.09,731.84,731.89,11816
1778081760,731.9,731.95,731.67,731.69,21884
1778081880,731.69,731.84,731.45,731.47,12761
1778082000,731.499,731.65,731.499,731.52,11365
1778082120,731.51,731.55,731.07,731.07,19007
1778082240,731.06,731.7,730.94,731.38,54034
1778082360,731.38,731.59,731.37,731.525,11107
1778082480,731.52,731.72,731.51,731.56,7586
1778082600,731.54,731.64,731.42,731.45,11795
1778082720,731.45,731.67,731.38,731.59,11817
1778082840,731.61,731.89,731.6,731.79,9681
1778082960,731.78,731.92,731.67,731.7,17458
1778083080,731.69,731.74,731.61,731.64,14426
1778083200,731.635,731.73,731.48,731.67,26629
1778083320,731.68,731.88,731.68,731.86,17354
1778083440,731.86,731.97,731.8,731.91,8814
1778083560,731.91,731.91,731.73,731.79,7770
1778083680,731.8,731.81,731.57,731.62,11742
1778083800,731.63,731.95,731.59,731.89,24548
1778083920,731.86,731.94,731.81,731.93,10395
1778084040,731.93,731.98,731.87,731.97,8500
1778084160,731.97,731.99,731.87,731.92,20396
1778084280,731.92,731.97,731.81,731.84,19232
1778084400,731.83,731.92,731.77,731.92,9377
1778084520,731.92,731.94,731.82,731.83,3071
1778084640,731.84,732.04,731.82,732,14050
1778084760,732.02,732.03,731.8,731.89,3382
1778084880,731.91,731.91,731.745,731.77,2690
1778085000,731.82,731.84,731.69,731.819,4840
1778085120,731.79,731.8,731.68,731.74,3524
1778085240,731.765,731.8,731.621,731.621,4072
1778085360,731.62,731.74,731.49,731.63,5130
1778085480,731.63,731.72,731.56,731.68,2080
1778085600,731.67,732.04,731.54,731.68,43968
1778085720,731.66,731.82,731.49,731.66,30084
1778085840,731.66,731.69,731.48,731.495,8589
1778085960,731.5,731.5,731.18,731.22,13935
1778086080,731.23,731.41,731.21,731.33,23760
1778086200,731.33,731.4,731.11,731.11,12529
1778086320,731.11,731.19,730.85,731.18,20078
1778086440,731.175,731.2,730.84,731,17614
1778086560,731.08,731.25,730.74,730.87,27734
1778086680,730.83,731.04,730.54,731,19365
1778086800,730.99,731.01,730.68,730.85,16522
1778086920,730.84,731.18,730.82,731.17,18797
1778087040,731.15,731.34,731.1,731.34,8378
1778087160,731.33,731.47,731.21,731.46,14559
1778087280,731.47,731.61,731.44,731.47,16825
1778087400,731.48,731.74,731.48,731.53,15892
1778087520,731.54,731.63,731.48,731.56,11940
1778087640,731.59,731.66,731.51,731.53,16694
1778087760,731.55,731.58,731.4,731.47,10610
1778087880,731.46,731.63,731.46,731.58,7208
1778088000,731.61,731.75,731.54,731.73,6098
1778088120,731.75,731.81,731.67,731.77,7181
1778088240,731.75,731.78,731.54,731.58,6490
1778088360,731.6,731.64,731.51,731.63,10543
1778088480,731.65,731.74,731.63,731.68,7743
1778088600,731.67,731.88,731.641,731.82,20458
1778088720,731.83,731.89,731.8,731.83,8058
1778088840,731.84,731.84,731.65,731.8,14137
1778088960,731.81,731.9,731.79,731.85,17436
1778089080,731.84,731.86,731.65,731.65,16006
1778089200,731.66,731.66,731.55,731.66,15011
1778089320,731.66,731.8,731.66,731.78,9849
1778089440,731.79,731.94,731.79,731.9,9743
1778089560,731.9,731.96,731.82,731.89,7085
1778089680,731.88,732,731.87,731.87,9963
1778089800,731.88,731.91,731.81,731.91,7427
1778089920,731.91,732.05,731.9,731.98,22432
1778090040,732.01,732.04,731.96,731.97,11258
1778090160,731.97,732.1,731.97,732.08,22423
1778090280,732.06,732.13,732.02,732.13,10049
1778090400,732.14,732.29,732.14,732.24,22559
1778090520,732.27,732.28,732.03,732.16,21612
1778090640,732.165,732.4,732.165,732.33,14205
1778090760,732.36,732.44,732.33,732.4,11792
1778090880,732.38,732.53,732.38,732.5,24026
1778091000,732.51,732.58,732.42,732.47,21253
1778091120,732.44,732.5,732.32,732.44,12943
1778091240,732.435,732.74,732.42,732.72,21749
1778091360,732.71,732.99,732.68,732.98,14504
1778091480,732.97,733.02,732.87,732.889,14397
1778091600,732.88,733.05,732.88,733.02,62376
1778091720,733.01,733.17,732.98,733.15,9789
1778091840,733.14,733.18,732.97,733.08,9815
1778091960,733.07,733.12,732.99,733.03,9944
1778092080,733.06,733.11,733.02,733.04,41298
1778092200,733.04,733.12,732.98,732.98,26513
1778092320,732.975,733.06,732.88,733.041,26931
1778092440,733.04,733.459,733.04,733.38,37982
1778092560,733.37,733.42,733.31,733.39,12882
1778092680,733.38,733.38,733.1,733.2,21176
1778092800,733.2,733.2,733.08,733.13,10083
1778092920,733.11,733.16,733.04,733.15,11091
1778093040,733.15,733.185,732.99,733.04,18502
1778093160,733.06,733.12,732.86,732.869,17644
1778093280,732.85,732.94,732.77,732.87,11345
1778093400,732.86,732.87,732.72,732.83,12961
1778093520,732.87,733.02,732.82,733,27383
1778093640,733.02,733.11,732.99,733,27282
1778093760,733,733.12,732.97,733.08,24189
1778093880,733.07,733.12,732.96,732.97,22385
1778094000,732.97,733.27,732.94,733.24,62563
1778094120,733.26,733.4,733.26,733.39,37753
1778094240,733.36,733.48,733.26,733.38,36247
1778094360,733.38,733.73,733.32,733.67,98925
1778094480,733.66,733.66,733.51,733.53,9898
1778094600,733.52,733.72,733.52,733.66,29033
1778094720,733.64,733.8,733.63,733.71,23929
1778094840,733.72,733.799,733.6,733.61,33681
1778094960,733.61,733.8,733.59,733.78,47480
1778095080,733.79,733.84,733.68,733.78,28904
1778095200,733.78,733.99,733.72,733.92,21461
1778095320,733.9,733.95,733.84,733.92,61155
1778095440,733.91,733.99,733.8,733.8,49524
1778095560,733.76,733.88,733.64,733.88,26257
1778095680,733.89,733.96,733.8,733.87,19525
1778095800,733.84,733.84,733.64,733.79,20039
1778095920,733.78,733.84,733.55,733.64,60793
1778096040,733.645,733.73,733.6,733.7,31689
1778096160,733.69,733.81,733.63,733.81,18635
1778096280,733.83,733.99,733.82,733.97,27052
1778096400,733.96,734,733.8,733.84,41769
1778096520,733.85,733.9,733.7,733.72,32373
1778096640,733.73,733.93,733.59,733.92,45538
1778096760,733.95,733.98,733.81,733.89,47211
1778096880,733.9,733.93,733.6,733.69,140120
1778097000,733.7,734.53,733.65,734.34,105581
1778097120,734.32,734.51,734.2,734.46,108404
1778097240,734.46,734.6,734.41,734.55,151252
1778097360,734.55,734.57,734.26,734.28,105440
1778097480,734.28,734.47,733.77,733.77,450804
1778160600,735.05,735.11,734.64,734.7,82952
1778160720,734.7,734.74,734.48,734.61,42299
1778160840,734.6,734.65,734.32,734.45,40911
1778160960,734.45,734.47,734.26,734.44,44669
1778161080,734.43,734.65,734.32,734.5,33418
1778161200,734.52,734.58,734.17,734.31,37886
1778161320,734.29,734.37,734.17,734.36,34761
1778161440,734.36,734.49,733.92,733.94,41837
1778161560,733.92,734.3,733.66,733.74,41687
1778161680,733.74,734,733.58,733.68,64390
1778161800,733.67,733.91,733.55,733.61,55113
1778161920,733.61,733.98,733.58,733.78,33146
1778162040,733.79,734.21,733.77,734.14,36569
1778162160,734.15,734.3,734.07,734.15,22930
1778162280,734.14,734.19,733.71,733.94,25106
1778162400,733.94,734.23,733.89,734.23,30271
1778162520,734.22,734.38,734.11,734.38,41702
1778162640,734.38,734.669,734.33,734.63,44782
1778162760,734.64,734.9,734.63,734.89,20814
1778162880,734.89,734.91,734.54,734.69,27493
1778163000,734.7,734.77,734.5,734.64,23987
1778163120,734.66,734.82,734.56,734.6,18102
1778163240,734.61,734.75,734.09,734.41,31051
1778163360,734.23,734.7,734.08,734.46,54086
1778163480,734.46,734.67,734.41,734.56,17474
1778163600,734.58,734.97,734.58,734.87,22248
1778163720,734.86,735.08,734.5,734.6,32196
1778163840,734.6,734.88,734.57,734.85,13145
1778163960,734.85,734.91,734.68,734.71,17735
1778164080,734.71,734.87,734.53,734.53,18060
1778164200,734.66,734.76,734.46,734.75,21974
1778164320,734.72,734.84,734.57,734.84,28685
1778164440,734.83,734.92,734.56,734.56,16530
1778164560,734.6,734.96,734.6,734.94,13492
1778164680,734.95,735.2,734.91,735.18,24576
1778164800,735.19,735.33,735.03,735.129,43845
1778164920,735.12,735.24,735.09,735.16,14715
1778165040,735.15,735.46,735.11,735.41,40378
1778165160,735.41,735.54,735.4,735.5,17736
1778165280,735.49,735.52,734.96,735.22,31177
1778165400,735.28,735.48,735.16,735.42,17030
1778165520,735.45,735.6,735.39,735.55,12942
1778165640,735.55,736,735.55,735.96,30532
1778165760,735.95,736.03,735.86,735.87,34615
1778165880,735.85,736.11,735.82,736.08,22747
1778166000,736.08,736.12,735.7,735.83,21924
1778166120,735.85,735.98,735.83,735.83,9173
1778166240,735.84,735.85,735.46,735.47,28421
1778166360,735.49,735.6,735.2,735.52,28124
1778166480,735.51,735.68,735.49,735.64,20004
1778166600,735.66,735.77,735.45,735.46,18996
1778166720,735.48,735.8,735.26,735.27,20670
1778166840,735.28,735.43,735.26,735.31,6894
1778166960,735.31,735.59,735.31,735.54,16368
1778167080,735.51,735.51,735.33,735.38,12146
1778167200,735.4,735.56,735.12,735.17,13772
1778167320,735.16,735.51,735.07,735.49,25638
1778167440,735.51,735.54,734.98,735.1,23550
1778167560,735.11,735.18,734.3,734.76,42015
1778167680,734.76,734.88,734.5,734.88,18187
1778167800,734.97,735.3,734.86,735.26,27727
1778167920,735.26,735.54,735.26,735.46,19909
1778168040,735.48,735.61,735.31,735.32,21479
1778168160,735.31,735.53,735.26,735.46,11894
1778168280,735.48,735.58,735.23,735.23,10518
1778168400,735.24,735.35,735.04,735.11,8541
1778168520,735.14,735.52,735.13,735.31,8495
1778168640,735.31,735.41,735.28,735.34,9782
1778168760,735.39,735.39,735.07,735.09,10454
1778168880,735.14,735.22,734.82,734.84,15020
1778169000,734.83,734.95,734.62,734.77,9135
1778169120,734.81,734.81,734.52,734.72,17647
1778169240,734.7,734.97,734.42,734.65,17879
1778169360,734.66,734.74,734.28,734.31,13670
1778169480,734.28,734.28,733.8,734,28322
1778169600,733.96,733.96,733.34,733.41,45400
1778169720,733.43,733.89,733.33,733.79,18584
1778169840,733.81,733.85,733.15,733.3,19856
1778169960,733.33,733.33,732.93,733.04,35147
1778170080,733.011,733.36,732.94,733.35,21708
1778170200,733.35,733.36,732.88,732.93,17700
1778170320,732.95,732.99,732.6,732.76,21742
1778170440,732.82,732.87,731.81,732.08,54466
1778170560,732.09,732.47,731.765,732.45,42207
1778170680,732.47,732.52,731.87,731.88,19740
1778170800,731.87,732.21,731.73,731.889,20507
1778170920,731.93,732.615,731.89,732.61,34050
1778171040,732.59,733.04,732.39,733,31985
1778171160,733,733.23,732.92,733.21,14643
1778171280,733.25,733.41,733.16,733.38,28871
1778171400,733.36,733.43,733.15,733.26,14581
1778171520,733.26,733.8,733.23,733.64,34829
1778171640,733.62,733.82,733.445,733.6,15875
1778171760,733.57,733.57,733.29,733.34,19577
1778171880,733.34,733.36,732.72,732.78,31614
1778172000,732.74,733.19,732.66,733.14,14304
1778172120,733.13,733.14,732.54,732.57,8958
1778172240,732.56,732.83,732.54,732.78,9523
1778172360,732.74,732.87,732.5,732.53,13483
1778172480,732.58,732.64,732.38,732.52,9045
1778172600,732.51,732.51,732,732.07,11058
1778172720,732.04,732.35,732.03,732.29,11119
1778172840,732.32,732.5,732.21,732.23,8693
1778172960,732.22,732.24,731.58,731.68,15912
1778173080,731.68,732.1,731.65,732.03,11860
1778173200,732.06,732.17,731.8,731.91,18710
1778173320,731.87,732.21,731.71,732.21,12839
1778173440,732.205,732.27,731.84,731.97,18664
1778173560,731.99,732.47,731.96,732.38,13169
1778173680,732.37,732.64,731.98,732.17,17255
1778173800,732.18,732.32,731.72,731.85,20485
1778173920,731.84,732.05,731.68,731.99,30200
1778174040,731.96,732.09,731.66,731.78,11773
1778174160,731.71,731.83,731.55,731.62,16008
1778174280,731.6,731.66,731.23,731.38,20428
1778174400,731.36,731.36,731.15,731.32,25414
1778174520,731.37,732.18,731.36,731.87,24642
1778174640,731.84,732.57,731.12,731.26,47534
1778174760,731.27,731.37,729.76,730.24,107149
1778174880,730.25,731.38,730.08,730.57,62017
1778175000,730.63,730.84,730.2,730.79,56340
1778175120,730.76,731.18,730.3,730.51,23683
1778175240,730.47,731.11,730.44,730.98,14234
1778175360,730.98,731.61,730.86,731.48,20717
1778175480,731.48,731.65,731.2,731.4,22745
1778175600,731.38,731.71,731.29,731.43,21578
1778175720,731.42,731.42,730.92,731.05,11588
1778175840,731.05,731.05,730.61,730.69,8015
1778175960,730.69,730.88,730.47,730.76,5683
1778176080,730.76,730.76,730.4,730.55,7030
1778176200,730.56,730.76,730.17,730.48,15904
1778176320,730.47,730.48,730.15,730.22,28404
1778176440,730.18,730.75,730.17,730.68,38879
1778176560,730.66,731.37,730.34,731.27,59601
1778176680,731.265,731.8,731.21,731.72,17512
1778176800,731.78,731.85,731.43,731.47,16723
1778176920,731.49,731.65,731.15,731.38,15806
1778177040,731.38,731.74,731.29,731.72,10530
1778177160,731.7,732.14,731.7,732.06,53614
1778177280,732.08,732.13,731.21,731.36,43027
1778177400,731.34,731.69,731.06,731.58,31555
1778177520,731.59,731.7,731.4,731.59,13405
1778177640,731.59,731.79,731.48,731.73,12567
1778177760,731.76,731.98,731.67,731.97,11710
1778177880,731.99,732.19,731.82,731.82,18322
1778178000,731.84,732.04,731.76,731.78,23832
1778178120,731.78,732.03,731.57,731.6,7872
1778178240,731.6,731.64,731.25,731.3,13276
1778178360,731.31,731.5,731.23,731.36,13050
1778178480,731.35,731.49,731.16,731.29,19879
1778178600,731.28,731.66,731.25,731.63,8468
1778178720,731.64,731.93,731.58,731.86,26919
1778178840,731.9,731.9,731.58,731.6,10202
1778178960,731.6,731.6,731.05,731.14,17221
1778179080,731.12,731.51,730.95,731.4,10016
1778179200,731.42,731.42,731.08,731.12,8727
1778179320,731.11,731.53,730.95,731.33,16521
1778179440,731.33,731.33,729.75,730.58,55255
1778179560,730.59,730.72,730.17,730.33,18885
1778179680,730.329,730.59,730.11,730.2,11925
1778179800,730.18,730.55,729.93,730.55,21835
1778179920,730.53,730.67,730.29,730.53,19238
1778180040,730.57,731.07,730.3,730.89,39115
1778180160,730.91,731.19,730.79,730.91,22357
1778180280,731,731.18,730.82,731.12,25031
1778180400,731.16,731.4,730.92,730.99,20011
1778180520,730.98,730.98,730.67,730.84,8838
1778180640,730.83,731.03,730.78,731.03,8980
1778180760,730.99,731.2,730.72,731.03,16623
1778180880,731.08,731.11,730.8,730.93,19711
1778181000,730.9,731.13,730.8,731.11,17278
1778181120,731.13,731.5,731.07,731.37,12888
1778181240,731.38,731.4,731.07,731.19,7693
1778181360,731.2,731.33,730.46,730.49,32669
1778181480,730.54,730.81,730.36,730.61,47480
1778181600,730.55,730.61,730.31,730.52,19062
1778181720,730.53,730.7,730.29,730.41,11744
1778181840,730.38,730.42,729.98,730.2,28822
1778181960,730.17,730.76,730.09,730.68,23451
1778182080,730.71,730.76,730.37,730.49,19476
1778182200,730.52,730.99,730.4,730.82,27985
1778182320,730.83,730.95,730.73,730.94,15775
1778182440,730.95,731.03,730.86,730.86,18847
1778182560,730.84,731.37,730.81,731.24,44932
1778182680,731.26,731.36,731.18,731.3,22995
1778182800,731.29,731.47,731.05,731.06,41303
1778182920,731.09,731.27,730.99,731.15,49532
1778183040,731.15,731.4,731.11,731.27,26730
1778183160,731.26,731.28,731.04,731.07,42993
1778183280,731.06,731.37,730.94,731.21,60524
1778183400,731.23,731.9,731.22,731.68,134354
1778183520,731.65,731.71,730.57,730.95,158858
1778183640,730.94,731.19,730.77,731.01,71568
1778183760,731,731.6,730.89,731.25,92107
1778183880,731.24,731.64,731.06,731.57,265429
1778247000,734.98,735.15,734.7,735.08,74392
1778247120,735.08,735.27,735.04,735.25,20066
1778247240,735.26,735.34,735,735.32,32761
1778247360,735.32,735.45,735.17,735.17,39313
1778247480,735.15,735.21,734.86,734.93,29579
1778247600,734.96,735.05,734.58,734.9,29754
1778247720,734.92,735.3,734.9,735.15,22448
1778247840,735.16,735.8,735.14,735.699,38803
1778247960,735.69,736.17,735.66,736.149,73761
1778248080,736.135,736.29,735.94,736.07,64346
1778248200,736.04,736.15,735.91,736.04,48600
1778248320,736.03,736.37,736,736,51502
1778248440,735.99,736.2,735.86,736.02,27546
1778248560,736.03,736.14,735.94,736.1,32105
1778248680,736.1,736.65,736.05,736.64,52388
1778248800,736.61,736.89,736.24,736.41,59422
1778248920,736.39,736.86,736.39,736.76,32577
1778249040,736.74,736.815,736.59,736.78,47645
1778249160,736.77,736.82,736.3,736.571,30715
1778249280,736.59,736.62,736.44,736.54,20085
1778249400,736.54,736.57,736.25,736.47,21507
1778249520,736.52,736.89,736.42,736.86,38309
1778249640,736.86,736.89,736.67,736.85,21304
1778249760,736.84,736.98,736.55,736.66,33786
1778249880,736.66,736.96,736.651,736.89,18966
1778250000,736.89,737.15,736.85,737.13,16034
1778250120,737.14,737.31,737,737,34771
1778250240,737.01,737.53,737,737.51,19547
1778250360,737.48,737.55,737.06,737.07,24233
1778250480,737.04,737.14,736.71,736.82,29466
1778250600,736.82,736.82,736.33,736.74,28624
1778250720,736.72,736.82,736.47,736.49,13779
1778250840,736.52,736.64,736.18,736.22,26793
1778250960,736.22,736.55,736.11,736.51,19467
1778251080,736.52,736.94,736.52,736.94,19571
1778251200,736.95,737.03,736.78,736.78,20678
1778251320,736.76,737.08,736.76,737.08,17227
1778251440,737.08,737.19,736.96,737.14,20820
1778251560,737.14,737.45,737.14,737.33,21172
1778251680,737.3,737.31,737.07,737.19,15638
1778251800,737.19,737.27,737.05,737.14,12631
1778251920,737.13,737.27,737,737.22,30794
1778252040,737.19,737.42,737.15,737.37,13141
1778252160,737.33,737.39,737.1,737.13,9450
1778252280,737.12,737.26,737.05,737.08,8938
1778252400,737.05,737.28,736.99,737.28,15390
1778252520,737.27,737.34,737.08,737.3,8111
1778252640,737.29,737.32,737.1,737.13,9151
1778252760,737.12,737.37,737.03,737.03,12137
1778252880,737.06,737.11,736.71,736.72,9586
1778253000,736.74,736.94,736.65,736.82,8001
1778253120,736.81,736.84,736.6,736.601,8868
1778253240,736.63,736.63,736.41,736.48,15121
1778253360,736.48,736.51,736.25,736.309,8795
1778253480,736.27,736.43,736.05,736.37,13639
1778253600,736.4,736.94,736.305,736.94,14975
1778253720,736.95,736.95,736.71,736.71,6208
1778253840,736.75,736.81,736.53,736.59,12874
1778253960,736.6,736.75,736.46,736.7,8790
1778254080,736.72,736.91,736.55,736.91,4921
1778254200,736.91,736.98,736.33,736.82,18564
1778254320,736.84,736.93,736.74,736.77,5257
1778254440,736.77,737.05,736.74,737.039,12158
1778254560,737,737.37,737,737.16,15984
1778254680,737.16,737.31,737.15,737.28,5290
1778254800,737.31,737.33,737.1,737.1,9101
1778254920,737.09,737.13,736.57,736.76,30538
1778255040,736.73,737.08,736.65,736.86,11487
1778255160,736.88,737.32,736.88,737.32,27281
1778255280,737.3,737.31,737.06,737.08,31399
1778255400,737.1,737.18,736.9,736.95,9757
1778255520,736.94,737.07,736.77,736.95,7440
1778255640,736.97,737.12,736.76,736.84,6947
1778255760,736.86,737.1,736.86,736.95,5699
1778255880,736.97,736.98,736.7,736.89,15069
1778256000,736.88,737.25,736.88,737.25,24624
1778256120,737.27,737.27,737.08,737.12,11304
1778256240,737.12,737.51,737.06,737.33,32576
1778256360,737.37,737.4,737.2,737.29,5177
1778256480,737.3,737.35,737.15,737.26,6473
1778256600,737.26,737.4,737.1,737.22,3875
1778256720,737.22,737.33,737.2,737.33,6860
1778256840,737.32,737.525,737.28,737.45,7469
1778256960,737.43,737.51,737.31,737.39,5935
1778257080,737.32,737.44,737.26,737.27,4672
1778257200,737.26,737.43,737.22,737.34,5721
1778257320,737.32,737.4,737.25,737.4,6593
1778257440,737.39,737.55,737.16,737.33,17585
1778257560,737.355,737.71,737.35,737.71,31488
1778257680,737.71,737.75,737.53,737.545,8858
1778257800,737.57,737.63,737.34,737.41,6299
1778257920,737.42,737.45,737.3,737.45,5259
1778258040,737.47,737.51,737.14,737.15,15338
1778258160,737.18,737.57,737.18,737.5,5343
1778258280,737.49,737.5,737.35,737.38,2520
1778258400,737.38,737.44,736.92,736.94,23051
1778258520,736.92,737.005,736.851,736.92,15323
1778258640,736.86,737.02,736.81,737.02,19079
1778258760,737.05,737.12,736.98,737.02,7294
1778258880,737.03,737.29,737.01,737.29,12055
1778259000,737.3,737.3,737.07,737.19,11113
1778259120,737.18,737.22,737.06,737.17,4391
1778259240,737.21,737.21,736.95,736.99,8324
1778259360,736.97,737.03,736.85,736.97,21203
1778259480,736.97,737.04,736.9,736.9,14853
1778259600,736.89,737.28,736.82,737.28,10963
1778259720,737.27,737.49,737.27,737.41,26716
1778259840,737.4,737.6,737.37,737.46,26705
1778259960,737.46,737.49,737.24,737.27,12155
1778260080,737.26,737.38,737.16,737.35,9372
1778260200,737.34,737.36,737.18,737.19,9635
1778260320,737.19,737.25,737.13,737.17,16079
1778260440,737.17,737.35,737.13,737.3,9443
1778260560,737.31,737.36,737.25,737.29,17410
1778260680,737.27,737.5,737.25,737.49,4700
1778260800,737.51,737.61,737.42,737.6,14957
1778260920,737.61,737.73,737.61,737.65,9770
1778261040,737.64,737.83,737.6,737.8,15988
1778261160,737.81,737.84,737.66,737.69,22172
1778261280,737.69,737.77,737.68,737.7,7214
1778261400,737.69,737.79,737.68,737.74,5090
1778261520,737.73,737.76,737.6,737.61,5793
1778261640,737.6,737.8,737.6,737.8,14533
1778261760,737.79,737.91,737.67,737.67,12235
1778261880,737.71,737.73,737.44,737.46,11268
1778262000,737.45,737.53,737.35,737.4,9544
1778262120,737.42,737.51,737.29,737.33,9009
1778262240,737.335,737.41,737.26,737.39,6733
1778262360,737.37,737.59,737.27,737.27,5275
1778262480,737.27,737.42,737.21,737.26,6009
1778262600,737.25,737.27,737.11,737.13,6861
1778262720,737.11,737.3,737.08,737.27,10719
1778262840,737.3,737.44,737.29,737.38,6970
1778262960,737.38,737.48,737.329,737.35,4950
1778263080,737.32,737.35,737.18,737.18,12542
1778263200,737.19,738.1,737.16,737.63,62416
1778263320,737.65,737.78,737.5,737.5,23894
1778263440,737.48,737.67,737.44,737.63,9061
1778263560,737.64,737.71,737.52,737.525,9059
1778263680,737.54,737.58,737.34,737.42,16307
1778263800,737.4,737.5,737.35,737.42,16476
1778263920,737.4,737.8,737.4,737.73,10848
1778264040,737.735,737.93,737.69,737.72,30283
1778264160,737.72,737.84,737.7,737.83,6851
1778264280,737.83,737.89,737.76,737.76,8578
1778264400,737.75,737.9,737.75,737.79,6795
1778264520,737.79,737.82,737.7,737.76,14605
1778264640,737.78,737.8,737.66,737.68,13980
1778264760,737.7,737.74,737.67,737.7,6462
1778264880,737.7,737.8,737.64,737.73,10511
1778265000,737.729,737.95,737.69,737.73,30889
1778265120,737.73,737.79,737.64,737.68,5699
1778265240,737.69,737.7,737.58,737.62,7799
1778265360,737.63,737.63,737.47,737.47,9361
1778265480,737.46,737.54,737.43,737.47,15392
1778265600,737.47,737.52,737.32,737.32,11572
1778265720,737.33,737.57,737.33,737.47,6281
1778265840,737.49,737.49,737.05,737.12,28229
1778265960,737.15,737.19,736.96,737.045,15472
1778266080,737.04,737.05,736.86,736.93,8020
1778266200,736.96,737.01,736.82,736.89,8213
1778266320,736.92,736.94,736.78,736.82,23150
1778266440,736.8,736.869,736.1,736.19,44014
1778266560,736.19,736.69,736.19,736.67,17751
1778266680,736.66,736.73,736.35,736.37,14182
1778266800,736.39,736.77,736.36,736.75,14927
1778266920,736.72,736.82,736.64,736.66,14085
1778267040,736.665,736.67,736.49,736.52,25413
1778267160,736.52,736.95,736.52,736.92,29303
1778267280,736.92,737.07,736.85,736.85,34335
1778267400,736.84,737,736.84,736.96,7400
1778267520,736.94,736.99,736.8,736.85,10499
1778267640,736.86,736.99,736.73,736.98,13004
1778267760,736.99,737.09,736.98,737.06,10792
1778267880,737.07,737.16,737,737.15,15420
1778268000,737.13,737.22,736.97,737.03,27250
1778268120,737.03,737.27,736.98,737.05,53767
1778268240,737.05,737.08,736.94,737.04,19908
1778268360,737.04,737.1,736.9,737.01,34983
1778268480,736.99,736.99,736.63,736.64,44788
1778268600,736.64,737,736.53,736.9,27622
1778268720,736.87,737.02,736.82,736.93,21180
1778268840,736.93,737.07,736.895,737.01,32099
1778268960,736.99,737.2,736.88,737.1,44508
1778269080,737.12,737.19,737.05,737.11,53904
1778269200,737.11,737.31,737.11,737.25,57090
1778269320,737.23,737.32,737.1,737.29,30299
1778269440,737.29,737.45,737.28,737.43,26528
1778269560,737.42,737.475,737.29,737.45,56988
1778269680,737.45,737.49,737.2,737.21,40158
1778269800,737.21,737.5,737.1,737.27,45598
1778269920,737.26,737.37,737.17,737.2,32907
1778270040,737.21,737.52,737.18,737.22,84783
1778270160,737.22,737.48,737.18,737.42,53102
1778270280,737.43,737.59,737.13,737.54,497202
1778506200,736.45,737.43,736.45,737.42,86757
1778506320,737.41,737.79,737.34,737.7,73333
1778506440,737.72,737.95,737.53,737.54,67618
1778506560,737.53,737.72,737.42,737.57,41545
1778506680,737.59,737.73,737.44,737.6,40774
1778506800,737.59,738.02,737.51,737.98,48370
1778506920,738,738.16,737.85,738.11,36916
1778507040,738.16,738.75,738.12,738.71,51994
1778507160,738.74,738.88,738.64,738.86,34886
1778507280,738.86,739.13,738.77,738.78,42427
1778507400,738.81,739.12,738.73,738.73,44316
1778507520,738.72,738.98,738.7,738.75,43572
1778507640,738.76,738.76,738.34,738.41,55128
1778507760,738.41,738.5,738.32,738.47,56657
1778507880,738.48,738.78,738.43,738.68,34460
1778508000,738.68,738.8,738.51,738.72,18576
1778508120,738.725,738.78,738.53,738.61,24760
1778508240,738.6,738.74,738.53,738.66,35957
1778508360,738.65,738.85,738.58,738.8,26855
1778508480,738.79,738.87,738.7,738.78,9751
1778508600,738.78,738.83,738.56,738.7,19487
1778508720,738.7,738.95,738.66,738.93,12810
1778508840,738.92,739.15,738.89,739.13,58096
1778508960,739.14,739.42,739.13,739.31,51320
1778509080,739.31,739.51,739.27,739.48,44080
1778509200,739.48,739.53,739.37,739.51,30075
1778509320,739.52,739.58,739.45,739.47,28699
1778509440,739.48,739.59,739.46,739.49,12791
1778509560,739.49,739.5,738.91,738.92,51070
1778509680,738.92,738.95,738.4,738.44,42405
1778509800,738.44,738.69,737.69,737.87,74207
1778509920,737.9,738.25,737.59,738.2,58895
1778510040,738.18,738.66,738.1,738.66,29466
1778510160,738.67,738.81,738.3,738.62,36750
1778510280,738.65,738.68,738.48,738.61,13616
1778510400,738.611,738.97,738.6,738.97,24848
1778510520,738.98,739.09,738.86,738.91,20989
1778510640,738.89,739.18,738.84,739,15620
1778510760,738.95,739.04,738.75,738.94,16882
1778510880,738.94,739.07,738.65,739.07,23361
1778511000,739.04,739.56,739.03,739.43,45687
1778511120,739.42,739.83,739.42,739.8,36003
1778511240,739.81,739.94,739.64,739.73,49022
1778511360,739.74,739.74,739.38,739.63,40053
1778511480,739.63,739.71,739.59,739.66,12107
1778511600,739.66,739.76,739.43,739.45,34886
1778511720,739.45,739.58,739.43,739.51,20159
1778511840,739.5,739.67,739.41,739.53,71544
1778511960,739.52,739.64,739.43,739.63,28868
1778512080,739.62,739.68,739.52,739.6,22395
1778512200,739.63,739.63,739.41,739.42,49342
1778512320,739.42,739.43,739.26,739.3,24503
1778512440,739.31,739.35,738.95,739.16,46283
1778512560,739.17,739.37,739.14,739.35,34945
1778512680,739.35,739.5,739.27,739.48,21676
1778512800,739.47,739.62,739.39,739.6,40041
1778512920,739.6,739.72,739.57,739.72,8540
1778513040,739.7,739.86,739.7,739.81,46507
1778513160,739.81,740,739.76,739.96,22591
1778513280,739.99,740.1,739.9,740.08,33860
1778513400,740.09,740.19,739.97,739.99,28112
1778513520,739.98,739.98,739.85,739.85,35790
1778513640,739.87,739.97,739.75,739.77,34001
1778513760,739.77,740.07,739.73,739.99,44334
1778513880,739.96,740.09,739.94,740.09,21706
1778514000,740.09,740.16,739.97,740.14,18606
1778514120,740.16,740.18,740.03,740.16,20534
1778514240,740.12,740.18,739.67,739.87,58862
1778514360,739.83,740.05,739.82,739.84,20897
1778514480,739.82,739.96,739.73,739.93,15508
1778514600,739.91,739.99,739.73,739.97,37325
1778514720,739.95,740.19,739.91,740.12,22035
1778514840,740.13,740.34,740.1,740.29,13680
1778514960,740.28,740.29,740.1,740.11,25246
1778515080,740.1,740.26,740.08,740.23,26865
1778515200,740.22,740.32,740.06,740.24,27085
1778515320,740.23,740.3,740.13,740.139,17601
1778515440,740.12,740.21,740.03,740.17,18574
1778515560,740.19,740.19,740.08,740.11,18008
1778515680,740.07,740.19,740.04,740.08,14902
1778515800,740.08,740.19,740,740.18,19695
1778515920,740.18,740.22,740.15,740.19,8153
1778516040,740.19,740.23,740.1,740.19,14993
1778516160,740.2,740.22,740.1,740.19,21255
1778516280,740.2,740.22,740.01,740.08,14111
1778516400,740.08,740.15,739.97,740,17656
1778516520,740,740.19,739.99,740.15,11741
1778516640,740.21,740.43,740.15,740.38,28420
1778516760,740.39,740.43,740.3,740.37,13094
1778516880,740.4,740.43,740.3,740.33,14889
1778517000,740.32,740.43,740.3,740.33,26288
1778517120,740.315,740.32,740.2,740.21,12925
1778517240,740.23,740.33,740.21,740.29,13708
1778517360,740.28,740.36,740.2,740.21,12606
1778517480,740.27,740.3,740.09,740.13,19758
1778517600,740.1,740.13,739.72,739.72,36607
1778517720,739.74,739.74,738.84,739.5,119453
1778517840,739.53,739.84,739.44,739.82,41436
1778517960,739.82,739.93,739.67,739.89,25321
1778518080,739.881,739.881,739.52,739.52,22244
1778518200,739.53,739.66,739.49,739.59,17567
1778518320,739.551,739.551,739.26,739.43,45406
1778518440,739.42,739.44,739.19,739.21,49952
1778518560,739.22,739.39,739.08,739.2,33877
1778518680,739.2,739.49,739.19,739.33,25110
1778518800,739.34,739.63,739.34,739.6,23223
1778518920,739.59,739.59,739.35,739.45,11791
1778519040,739.46,739.68,739.45,739.58,13538
1778519160,739.62,739.63,739.35,739.5,13314
1778519280,739.47,739.54,739.4,739.45,12706
1778519400,739.46,739.46,739.23,739.28,18023
1778519520,739.24,739.24,739.01,739.12,22074
1778519640,739.12,739.17,739,739.14,29177
1778519760,739.13,739.13,738.88,738.96,33637
1778519880,738.94,739.02,738.89,738.97,11006
1778520000,738.97,739.32,738.91,739.3,13685
1778520120,739.3,739.54,739.25,739.51,15066
1778520240,739.49,739.81,739.48,739.72,36526
1778520360,739.76,739.9,739.69,739.71,12322
1778520480,739.72,739.85,739.68,739.81,27811
1778520600,739.79,740.11,739.78,739.98,28160
1778520720,739.99,740.21,739.945,740.08,22015
1778520840,740.1,740.19,740.075,740.16,13832
1778520960,740.16,740.4,740.16,740.36,24515
1778521080,740.36,740.42,740.22,740.3,25438
1778521200,740.31,740.45,740.22,740.45,13880
1778521320,740.44,740.61,740.42,740.56,35444
1778521440,740.57,740.79,740.55,740.55,46171
1778521560,740.54,740.65,740.46,740.47,24719
1778521680,740.48,740.52,740.31,740.35,44832
1778521800,740.36,740.45,740.33,740.33,22634
1778521920,740.35,740.43,740.3,740.39,21385
1778522040,740.37,740.395,740.19,740.24,30310
1778522160,740.24,740.37,740.21,740.31,18506
1778522280,740.31,740.37,740.14,740.2,34018
1778522400,740.2,740.51,740.17,740.5,33249
1778522520,740.48,740.6,740.43,740.58,19741
1778522640,740.59,740.65,740.53,740.57,65675
1778522760,740.59,740.62,740.54,740.57,24601
1778522880,740.55,740.59,740.5,740.57,28712
1778523000,740.55,740.57,740.33,740.35,21771
1778523120,740.33,740.45,740.29,740.33,54092
1778523240,740.32,740.41,740.27,740.29,10974
1778523360,740.28,740.34,740.25,740.28,13889
1778523480,740.28,740.35,740.24,740.31,15608
1778523600,740.32,740.38,740.05,740.33,44937
1778523720,740.34,740.51,740.3,740.32,21764
1778523840,740.315,740.33,740.2,740.26,23780
1778523960,740.25,740.31,740.22,740.24,18498
1778524080,740.24,740.36,740.24,740.34,8481
1778524200,740.33,740.35,740.13,740.3,17341
1778524320,740.29,740.29,740.04,740.08,16856
1778524440,740.09,740.16,740.05,740.13,39544
1778524560,740.14,740.16,739.95,740.09,19915
1778524680,740.09,740.15,739.76,739.79,18539
1778524800,739.79,739.85,739.61,739.69,69945
1778524920,739.69,739.88,739.69,739.82,15228
1778525040,739.82,739.84,739.54,739.61,20452
1778525160,739.6,739.77,739.59,739.75,33943
1778525280,739.74,739.76,739.49,739.52,20915
1778525400,739.53,739.53,739.29,739.42,49590
1778525520,739.43,739.54,739.39,739.39,23013
1778525640,739.4,739.4,739.18,739.33,53175
1778525760,739.33,739.39,738.95,739.08,47294
1778525880,739.07,739.12,738.5,738.52,36912
1778526000,738.56,738.84,738.43,738.81,31281
1778526120,738.8,738.8,738.53,738.62,20908
1778526240,738.59,738.59,738.21,738.55,32862
1778526360,738.65,738.97,738.59,738.88,123412
1778526480,738.89,739,738.76,738.95,27051
1778526600,738.97,739.09,738.9,739.089,23124
1778526720,739.09,739.19,738.7,738.729,51722
1778526840,738.72,738.81,738.56,738.58,27742
1778526960,738.58,738.67,738.39,738.64,54374
1778527080,738.65,738.66,738.51,738.58,10811
1778527200,738.56,738.65,738.31,738.33,41225
1778527320,738.32,738.49,738.16,738.47,33394
1778527440,738.47,738.62,738.3,738.39,62671
1778527560,738.36,738.54,738.29,738.47,22096
1778527680,738.48,738.64,738.4,738.5,57073
1778527800,738.49,738.58,738.32,738.55,35501
1778527920,738.55,738.89,738.55,738.71,32523
1778528040,738.73,738.8,738.42,738.46,39194
1778528160,738.48,738.57,738.37,738.47,82796
1778528280,738.45,738.64,738.38,738.62,47630
1778528400,738.62,738.74,738.33,738.35,44323
1778528520,738.33,738.37,738.18,738.25,21521
1778528640,738.27,738.44,738.13,738.4,39781
1778528760,738.38,738.69,738.31,738.5,41981
1778528880,738.49,738.67,738.42,738.61,42310
1778529000,738.6,738.88,738.46,738.79,70555
1778529120,738.79,738.95,738.58,738.71,61143
1778529240,738.7,739.14,738.66,739.14,123395
1778529360,739.145,739.16,738.72,738.87,83659
1778529480,738.88,739.21,738.73,739.2,168179
1778592600,736.91,737.22,736.21,736.21,66295
1778592720,736.24,736.56,736.16,736.28,36220
1778592840,736.28,736.53,735.615,735.72,77097
1778592960,735.73,736,735.51,735.85,63428
1778593080,735.87,736.19,735.68,736.07,27764
1778593200,736.07,736.42,735.79,736.06,45225
1778593320,736.12,736.76,736.12,736.61,31677
1778593440,736.605,736.9,736.52,736.735,30279
1778593560,736.73,736.76,735.755,735.78,50265
1778593680,735.76,735.96,735.61,735.8,21848
1778593800,735.77,735.82,735.44,735.45,38140
1778593920,735.46,736.44,735.42,736.33,38856
1778594040,736.33,736.38,735.32,735.54,51256
1778594160,735.56,735.66,734.89,735.35,65215
1778594280,735.35,735.37,734.86,735.1,62018
1778594400,735.11,735.27,734.65,735.1,71963
1778594520,735.06,735.33,734.7,734.85,32687
1778594640,734.8,735.48,734.66,735.25,28122
1778594760,735.23,735.65,735.2,735.36,22036
1778594880,735.4,735.5,735.01,735.35,25408
1778595000,735.33,735.45,735.08,735.4,27429
1778595120,735.41,735.97,735.34,735.75,27381
1778595240,735.75,736.25,735.75,736.19,27906
1778595360,736.18,736.26,735.81,736.01,23568
1778595480,736.03,736.36,735.76,736.2,21924
1778595600,736.2,736.29,735.72,735.77,29544
1778595720,735.78,735.96,735.49,735.51,15442
1778595840,735.5,735.84,735.475,735.52,22151
1778595960,735.5,735.56,735.05,735.1,22212
1778596080,735.09,735.14,734.57,734.92,48770
1778596200,734.92,734.97,733.81,733.91,65945
1778596320,733.92,734.06,733.56,733.62,53574
1778596440,733.63,734.2,733.54,733.63,51200
1778596560,733.64,734.36,733.55,734.34,32470
1778596680,734.33,734.67,734.29,734.62,36734
1778596800,734.64,734.69,734.27,734.53,19441
1778596920,734.52,735.17,734.52,734.86,31871
1778597040,734.88,734.94,734.2,734.33,27953
1778597160,734.32,734.44,734.06,734.22,32935
1778597280,734.21,734.28,734.01,734.1,23271
1778597400,734.02,734.2,733.65,733.74,22305
1778597520,733.72,734.29,733.72,734.18,21883
1778597640,734.17,734.21,733.95,734.01,17345
1778597760,733.97,734.04,733.65,733.79,33290
1778597880,733.79,733.93,733.65,733.8,27016
1778598000,733.78,733.94,733.52,733.63,47042
1778598120,733.6,733.63,733.37,733.52,52066
1778598240,733.54,733.74,733.25,733.45,55983
1778598360,733.44,734,733.37,733.96,35227
1778598480,733.94,734.029,733.75,733.98,20858
1778598600,734.04,734.04,733.57,733.57,14280
1778598720,733.58,733.67,733.36,733.63,25160
1778598840,733.5,733.51,732.94,732.99,54559
1778598960,732.98,733.14,732.62,732.87,69619
1778599080,732.9,732.96,732.63,732.94,25266
1778599200,732.95,733.04,732.68,732.73,33104
1778599320,732.71,732.79,732.28,732.28,34172
1778599440,732.28,732.28,731.84,731.94,72252
1778599560,731.91,732.48,731.84,732.26,47094
1778599680,732.28,732.39,731.94,732.32,41762
1778599800,732.32,732.69,732.12,732.34,33738
1778599920,732.33,732.9,732.31,732.85,37775
1778600040,732.84,733.03,732.52,732.7,27510
1778600160,732.7,733.06,732.5,733,29232
1778600280,733.01,733.29,732.99,733.14,16399
1778600400,733.1,733.279,732.89,732.98,17102
1778600520,732.96,733.37,732.83,733.37,15372
1778600640,733.37,733.73,733.37,733.54,19735
1778600760,733.53,733.57,733.31,733.47,18257
1778600880,733.46,733.58,733.25,733.35,14045
1778601000,733.32,733.48,733.1,733.26,16272
1778601120,733.25,733.3,733.08,733.1,11811
1778601240,733.09,733.25,732.91,733.17,14094
1778601360,733.18,733.21,732.7,732.75,20541
1778601480,732.71,732.75,732.38,732.49,37048
1778601600,732.51,732.88,732.11,732.85,67296
1778601720,732.85,733.21,732.73,733.21,27260
1778601840,733.24,733.33,733.05,733.07,17206
1778601960,733.06,733.1,732.87,733.01,12747
1778602080,733.01,733.04,732.64,732.77,11874
1778602200,732.72,732.98,732.68,732.79,12289
1778602320,732.75,733.34,732.75,733.34,19758
1778602440,733.34,733.48,733.05,733.14,13260
1778602560,733.14,733.26,733.03,733.18,15084
1778602680,733.17,733.31,733.02,733.02,11082
1778602800,733.01,733.32,732.76,732.77,24263
1778602920,732.76,732.9,732.71,732.78,21451
1778603040,732.78,732.92,732.57,732.77,18320
1778603160,732.76,732.93,732.68,732.83,15248
1778603280,732.83,733,732.69,732.75,11355
1778603400,732.73,732.81,732.34,732.401,18437
1778603520,732.39,732.54,732.19,732.34,17435
1778603640,732.31,732.78,732.3,732.72,14711
1778603760,732.7,733.04,732.66,732.8,20584
1778603880,732.82,732.93,732.68,732.78,24150
1778604000,732.79,732.97,732.35,732.42,27094
1778604120,732.41,732.46,732.27,732.37,36614
1778604240,732.36,732.58,732.1,732.15,46955
1778604360,732.14,732.2,731.95,731.99,41272
1778604480,731.95,732.2,731.85,732.11,17224
1778604600,732.09,732.24,731.99,732.19,15796
1778604720,732.21,732.31,731.85,731.94,30287
1778604840,731.93,732.08,731.83,732.04,17834
1778604960,732.03,732.16,731.96,732.15,14273
1778605080,732.16,732.21,731.93,732.1,7667
1778605200,732.1,732.39,732.04,732.38,20081
1778605320,732.34,732.84,732.32,732.81,30897
1778605440,732.82,733.05,732.78,733.05,14001
1778605560,733.03,733.39,733,733.31,21514
1778605680,733.31,733.33,732.98,733,19396
1778605800,733.01,733.32,732.95,733.18,21310
1778605920,733.16,733.29,732.99,733.28,18358
1778606040,733.29,733.48,733.2,733.45,28218
1778606160,733.43,733.775,733.43,733.66,36781
1778606280,733.66,734.1,733.66,734.06,27249
1778606400,734.06,734.45,734.06,734.39,35834
1778606520,734.4,734.7,734.27,734.68,37191
1778606640,734.67,735.01,734.35,734.39,43564
1778606760,734.395,734.51,734.23,734.24,35794
1778606880,734.24,734.48,734.1,734.35,26758
1778607000,734.32,734.53,734.13,734.4,18386
1778607120,734.42,734.78,734.38,734.74,21332
1778607240,734.79,734.97,734.48,734.5,30285
1778607360,734.5,734.65,734.27,734.29,19347
1778607480,734.28,734.68,734.23,734.63,24112
1778607600,734.65,734.78,734.62,734.71,14052
1778607720,734.68,734.83,734.59,734.83,18574
1778607840,734.825,734.94,734.73,734.74,17489
1778607960,734.75,734.84,734.62,734.68,16219
1778608080,734.68,734.73,734.4,734.66,25725
1778608200,734.67,734.73,734.49,734.72,14311
1778608320,734.71,735.05,734.66,734.98,17886
1778608440,734.99,735.2,734.77,734.83,44419
1778608560,734.82,734.92,734.73,734.92,16880
1778608680,734.92,735.12,734.83,735.07,13822
1778608800,735.06,735.25,735,735.22,42219
1778608920,735.23,735.25,734.72,735.16,66487
1778609040,735.15,735.21,735,735.05,31415
1778609160,735.04,735.09,734.76,734.81,15822
1778609280,734.815,735.01,734.785,734.94,12982
1778609400,734.93,735.14,734.7,734.76,24275
1778609520,734.76,734.935,734.66,734.85,20755
1778609640,734.85,735.32,734.85,735.28,16779
1778609760,735.28,735.35,735.17,735.2,15068
1778609880,735.21,735.26,735.01,735.25,14189
1778610000,735.22,735.5,735.18,735.5,24788
1778610120,735.48,735.63,735.45,735.59,22963
1778610240,735.58,736.15,735.55,736.009,41269
1778610360,736.01,736.39,736.01,736.37,33587
1778610480,736.31,736.47,736,736.19,33631
1778610600,736.19,736.46,736.1,736.26,29994
1778610720,736.269,736.35,736.18,736.2,16561
1778610840,736.2,736.2,735.88,736.01,17567
1778610960,736.06,736.42,736.06,736.25,14429
1778611080,736.25,736.39,736.06,736.08,21575
1778611200,736.09,736.28,736.05,736.27,9963
1778611320,736.26,736.369,736.21,736.24,11543
1778611440,736.23,736.32,735.96,735.96,21321
1778611560,735.95,735.97,735.77,735.94,18622
1778611680,735.95,736.08,735.84,736.07,15512
1778611800,736.07,736.12,735.94,736.07,8881
1778611920,736.06,736.36,736.03,736.32,11606
1778612040,736.3,736.4,736.19,736.39,12644
1778612160,736.41,736.56,736.21,736.28,32746
1778612280,736.29,736.36,735.95,735.99,23914
1778612400,736,736.29,735.99,736.29,14448
1778612520,736.29,736.33,736.17,736.21,10372
1778612640,736.22,736.29,736.17,736.18,11907
1778612760,736.17,736.52,736.099,736.43,20378
1778612880,736.42,736.63,736.36,736.47,15209
1778613000,736.47,736.77,736.47,736.72,15007
1778613120,736.72,737.145,736.71,737.13,22002
1778613240,737.15,737.42,737.08,737.29,23709
1778613360,737.28,737.32,737.02,737.15,23170
1778613480,737.16,737.16,736.94,736.97,23910
1778613600,737.02,737.05,736.64,736.67,19384
1778613720,736.72,736.74,736.53,736.69,14839
1778613840,736.67,737.05,736.65,737,13273
1778613960,737.01,737.1,736.96,737.01,15814
1778614080,737.01,737.12,736.98,737.08,18805
1778614200,737.08,737.48,737.07,737.41,28861
1778614320,737.42,737.76,737.37,737.73,26480
1778614440,737.74,738.05,737.72,737.74,34084
1778614560,737.75,737.83,737.68,737.77,28504
1778614680,737.79,737.84,737.69,737.79,17380
1778614800,737.79,737.79,737.65,737.69,22690
1778614920,737.7,737.96,737.6,737.875,34185
1778615040,737.88,738.07,737.74,737.76,50553
1778615160,737.76,738.08,737.75,738.04,39462
1778615280,738.03,738.18,737.94,738.05,30440
1778615400,738.07,738.56,738.06,738.48,106573
1778615520,738.49,738.84,738.19,738.82,81884
1778615640,738.81,738.82,738.27,738.36,167568
1778615760,738.34,738.44,738.16,738.26,83901
1778615880,738.26,738.48,737.85,738.14,264259
1778679000,738.46,738.47,737.31,737.34,66861
1778679120,737.35,737.66,737.25,737.63,44693
1778679240,737.64,737.69,737.15,737.16,46035
1778679360,737.16,737.19,736.74,736.74,30439
1778679480,736.77,737,736.67,736.81,24433
1778679600,736.77,737.22,736.57,737.13,28764
1778679720,737.17,737.46,736.92,737,47508
1778679840,737.03,737.08,736.49,736.55,43068
1778679960,736.55,736.65,735.92,735.92,62539
1778680080,735.9,736.42,735.48,736.39,54703
1778680200,736.33,736.64,735.98,736.36,25293
1778680320,736.36,736.7,736.35,736.7,18020
1778680440,736.69,737.17,736.57,736.86,39875
1778680560,736.82,736.87,736.45,736.75,22952
1778680680,736.74,737.25,736.68,736.9,19782
1778680800,736.93,737.22,736.8,737.21,28027
1778680920,737.23,737.35,737.09,737.26,28888
1778681040,737.27,737.44,736.93,737.32,31396
1778681160,737.35,737.5,737.08,737.29,27793
1778681280,737.3,737.33,737.03,737.09,13677
1778681400,737.1,737.47,736.99,736.99,23551
1778681520,736.99,737.66,736.97,737.52,18436
1778681640,737.55,737.69,737.421,737.64,21104
1778681760,737.66,737.75,737.37,737.42,21904
1778681880,737.36,737.42,737.16,737.3,15938
1778682000,737.33,737.84,737.25,737.78,22011
1778682120,737.81,738.25,737.77,738.2,32323
1778682240,738.22,738.74,738.22,738.43,71402
1778682360,738.44,738.57,738.24,738.28,16612
1778682480,738.22,738.56,738.22,738.3,11404
1778682600,738.3,738.53,738.2,738.21,24687
1778682720,738.2,738.47,738.11,738.41,21186
1778682840,738.5,738.72,738.47,738.62,53384
1778682960,738.64,738.68,738.3,738.32,28463
1778683080,738.34,738.34,737.77,737.97,33182
1778683200,737.97,738.19,737.77,738.14,15945
1778683320,738.15,738.55,738.09,738.46,15205
1778683440,738.46,738.5,738.11,738.32,21272
1778683560,738.34,738.38,738.08,738.37,16485
1778683680,738.41,738.55,738.299,738.47,6846
1778683800,738.48,738.52,738.37,738.5,11846
1778683920,738.54,738.86,738.54,738.81,11698
1778684040,738.88,738.98,738.83,738.95,32775
1778684160,738.919,738.98,738.71,738.71,24186
1778684280,738.725,738.85,738.65,738.83,18240
1778684400,738.87,739.22,738.82,739.095,25605
1778684520,739.1,739.29,739.1,739.27,17903
1778684640,739.26,739.34,738.97,739,26701
1778684760,738.98,739.13,738.92,738.92,21927
1778684880,738.94,739.18,738.83,739.12,11710
1778685000,739.13,739.21,738.84,738.84,12084
1778685120,738.82,738.91,738.691,738.9,15385
1778685240,738.91,739.15,738.87,739.15,10221
1778685360,739.14,739.27,739.1,739.26,14758
1778685480,739.25,739.29,739.12,739.26,15039
1778685600,739.27,739.38,739.2,739.32,10054
1778685720,739.36,739.36,739.2,739.22,13004
1778685840,739.29,739.29,738.98,738.98,15121
1778685960,739.01,739.21,738.93,739.02,22220
1778686080,739.04,739.34,739.04,739.28,10302
1778686200,739.27,739.34,738.94,739.34,14097
1778686320,739.35,739.59,739.32,739.54,11842
1778686440,739.52,739.63,739.48,739.63,25739
1778686560,739.639,739.81,739.63,739.79,13800
1778686680,739.79,739.83,739.63,739.79,19076
1778686800,739.81,740,739.8,739.98,41202
1778686920,739.98,740.23,739.98,740.23,34756
1778687040,740.22,740.26,739.88,739.9,23584
1778687160,739.9,740.12,739.9,739.98,16071
1778687280,740,740.04,739.85,739.88,10551
1778687400,739.88,739.89,739.57,739.59,27756
1778687520,739.59,739.89,739.54,739.89,12822
1778687640,739.92,740.02,739.61,739.61,18288
1778687760,739.62,739.76,739.55,739.62,26138
1778687880,739.61,739.79,739.54,739.77,10579
1778688000,739.7,739.94,739.55,739.93,15127
1778688120,739.94,740.179,739.93,740.08,13015
1778688240,740.04,740.19,740.04,740.109,10237
1778688360,740.09,740.31,739.96,740.3,24499
1778688480,740.32,740.34,740.2,740.31,17807
1778688600,740.335,740.44,740.27,740.4,11133
1778688720,740.44,740.7,740.43,740.54,28643
1778688840,740.54,740.85,740.52,740.73,18998
1778688960,740.67,740.73,740.5,740.72,32819
1778689080,740.73,740.73,740.57,740.72,7302
1778689200,740.7,740.84,740.66,740.8,13161
1778689320,740.79,741.3,740.77,741.18,50436
1778689440,741.18,741.87,741.18,741.53,46825
1778689560,741.52,741.77,741.3,741.77,39001
1778689680,741.79,741.98,741.71,741.73,22510
1778689800,741.72,741.82,741.37,741.66,64330
1778689920,741.67,741.85,741.67,741.78,18878
1778690040,741.78,741.85,741.63,741.72,31649
1778690160,741.69,741.79,741.61,741.7,23733
1778690280,741.71,741.86,741.71,741.71,17236
1778690400,741.71,741.82,741.71,741.77,10381
1778690520,741.78,741.83,741.77,741.83,9481
1778690640,741.82,741.83,741.61,741.76,22747
1778690760,741.76,741.76,741.44,741.62,24813
1778690880,741.66,741.73,741.51,741.56,16012
1778691000,741.56,741.65,741.5,741.63,9971
1778691120,741.66,741.82,741.57,741.76,30241
1778691240,741.75,742.13,741.74,742.09,29062
1778691360,742.1,742.29,742,742.26,23841
1778691480,742.24,742.26,741.93,742.03,15734
1778691600,742.11,742.55,742.1,742.52,19579
1778691720,742.54,742.55,742.38,742.49,14226
1778691840,742.52,742.76,742.39,742.75,14747
1778691960,742.75,742.84,742.69,742.8,18528
1778692080,742.79,742.9,742.675,742.71,28478
1778692200,742.715,742.9,742.58,742.58,20321
1778692320,742.58,742.8,742.56,742.75,21837
1778692440,742.77,742.8,742.61,742.7,25378
1778692560,742.68,742.73,742.4,742.57,21640
1778692680,742.57,742.59,742.43,742.48,12051
1778692800,742.51,742.51,742.36,742.49,7699
1778692920,742.48,742.66,742.47,742.52,11291
1778693040,742.51,742.56,742.32,742.54,14091
1778693160,742.55,742.75,742.55,742.75,18380
1778693280,742.75,742.8,742.57,742.63,12415
1778693400,742.61,742.69,742.39,742.45,16378
1778693520,742.45,742.55,742.26,742.49,8229
1778693640,742.51,742.54,742.24,742.26,5319
1778693760,742.26,742.42,742.19,742.41,10011
1778693880,742.43,742.52,742.36,742.39,7740
1778694000,742.41,742.5,742.38,742.49,10679
1778694120,742.51,742.64,742.41,742.52,9871
1778694240,742.52,742.72,742.52,742.62,8887
1778694360,742.67,742.77,742.62,742.72,10845
1778694480,742.7,742.72,742.56,742.58,12297
1778694600,742.6,742.765,742.6,742.68,16454
1778694720,742.67,742.69,742.6,742.61,8810
1778694840,742.59,742.62,742.5,742.51,17920
1778694960,742.52,742.56,742.45,742.5,12103
1778695080,742.5,742.55,742.1,742.14,12892
1778695200,742.14,742.34,742.1,742.3,20157
1778695320,742.3,742.69,742.3,742.64,17415
1778695440,742.64,742.76,742.59,742.71,20106
1778695560,742.71,742.84,742.63,742.65,14488
1778695680,742.63,742.88,742.63,742.78,10677
1778695800,742.78,742.9,742.75,742.8,11340
1778695920,742.8,743.13,742.77,743.13,15578
1778696040,743.13,743.87,743.13,743.73,86243
1778696160,743.73,743.75,743.48,743.49,13256
1778696280,743.49,743.7,743.49,743.59,17861
1778696400,743.62,743.91,743.58,743.67,20184
1778696520,743.69,743.82,743.55,743.69,21777
1778696640,743.71,743.73,743.59,743.63,27108
1778696760,743.64,743.79,743.62,743.68,19126
1778696880,743.7,743.7,743.5,743.54,17655
1778697000,743.53,743.54,743.29,743.3,25254
1778697120,743.3,743.36,743.185,743.29,17458
1778697240,743.32,743.41,743.15,743.17,16399
1778697360,743.14,743.21,742.88,743.01,24624
1778697480,743.02,743.11,742.85,743.08,18715
1778697600,743.09,743.24,743.08,743.21,13733
1778697720,743.18,743.18,742.94,742.96,8745
1778697840,742.95,743.14,742.83,743.11,13291
1778697960,743.12,743.171,742.98,743,12166
1778698080,742.99,743.2,742.99,743.02,9098
1778698200,743.05,743.12,742.97,743.04,9071
1778698320,743.04,743.2,742.97,743.2,13791
1778698440,743.19,743.36,743.03,743.05,29071
1778698560,743.05,743.09,742.93,742.97,9509
1778698680,742.96,742.98,742.55,742.64,19749
1778698800,742.65,742.98,742.63,742.88,19983
1778698920,742.88,743.09,742.88,743.03,11762
1778699040,743.01,743.22,743.01,743.06,14569
1778699160,743.05,743.07,742.9,743.07,12536
1778699280,743.06,743.37,743.01,743.32,29612
1778699400,743.3,743.47,743.29,743.33,18417
1778699520,743.34,743.46,743.29,743.44,20459
1778699640,743.44,743.56,743.399,743.42,43528
1778699760,743.42,743.57,743.34,743.55,15687
1778699880,743.54,743.7,743.54,743.62,28613
1778700000,743.64,743.7,743.28,743.28,29518
1778700120,743.29,743.4,743.18,743.24,17993
1778700240,743.25,743.29,743.01,743.21,19880
1778700360,743.18,743.43,743.13,743.4,22917
1778700480,743.39,743.48,743.31,743.48,36894
1778700600,743.48,743.54,743.4,743.42,30346
1778700720,743.44,743.45,743.1,743.13,43759
1778700840,743.13,743.23,743.055,743.07,22946
1778700960,743.06,743.27,743.02,743.25,20069
1778701080,743.24,743.46,743.24,743.39,18162
1778701200,743.37,743.51,743.35,743.35,23551
1778701320,743.34,743.46,743.3,743.37,40171
1778701440,743.38,743.49,743.37,743.44,31273
1778701560,743.46,743.59,743.4,743.545,50850
1778701680,743.55,743.61,743.32,743.39,23752
1778701800,743.38,743.38,742.37,742.55,144860
1778701920,742.59,742.78,742.41,742.64,109971
1778702040,742.62,742.63,742.28,742.43,118198
1778702160,742.43,742.5,742.22,742.4,88743
1778702280,742.41,742.53,742.24,742.31,208822
1778765400,743.68,744.58,743.56,744.5,133355
1778765520,744.5,744.84,744.5,744.69,48540
1778765640,744.69,744.81,744.35,744.4,25602
1778765760,744.389,744.99,744.28,744.96,23462
1778765880,744.96,745.41,744.96,745.31,27543
1778766000,745.32,745.62,745.26,745.6,95696
1778766120,745.59,745.62,745.37,745.53,19533
1778766240,745.54,745.78,745.34,745.58,42021
1778766360,745.57,745.7,745.45,745.63,25945
1778766480,745.61,745.89,745.21,745.66,40449
1778766600,745.68,745.89,745.32,745.48,32423
1778766720,745.51,745.52,744.97,745.33,28863
1778766840,745.39,745.42,744.72,745.04,22079
1778766960,745.07,745.47,745.06,745.21,17981
1778767080,745.24,745.35,744.25,744.43,40323
1778767200,744.42,745.26,744.28,745.24,40318
1778767320,745.23,745.26,744.85,745.12,15839
1778767440,745.11,745.47,745.09,745.37,7854
1778767560,745.41,745.5,745.08,745.14,8850
1778767680,745.11,745.25,744.81,745.09,13035
1778767800,745.06,745.3,744.85,745.3,12825
1778767920,745.31,745.62,745.21,745.5,16519
1778768040,745.48,745.74,745.43,745.69,12035
1778768160,745.67,745.83,745.61,745.795,56668
1778768280,745.8,746.12,745.79,746.06,43077
1778768400,746.08,746.34,746.07,746.24,28246
1778768520,746.21,746.37,746.07,746.18,32838
1778768640,746.19,746.19,745.61,745.63,25961
1778768760,745.63,745.86,745.62,745.65,11548
1778768880,745.62,745.92,745.525,745.92,14865
1778769000,745.95,746.05,745.83,746.02,17093
1778769120,746.03,746.06,745.76,745.79,13098
1778769240,745.79,746.04,745.76,746.04,21264
1778769360,746.07,746.4,745.99,746.4,18178
1778769480,746.41,746.65,746.39,746.63,41747
1778769600,746.63,746.9,746.53,746.81,25565
1778769720,746.82,746.95,746.71,746.86,23475
1778769840,746.85,747.21,746.829,747.11,26585
1778769960,747.11,747.23,747.015,747.15,16889
1778770080,747.16,747.25,747.03,747.24,24409
1778770200,747.225,747.53,747.21,747.41,24838
1778770320,747.45,747.46,747.18,747.26,17008
1778770440,747.29,747.54,747.03,747.44,30577
1778770560,747.46,747.52,747.27,747.47,14330
1778770680,747.47,747.5,747.13,747.18,20788
1778770800,747.17,747.62,747.13,747.62,10400
1778770920,747.64,747.85,747.64,747.745,15233
1778771040,747.75,747.82,747.53,747.75,8416
1778771160,747.76,747.8,747.6,747.72,14840
1778771280,747.74,747.81,747.71,747.78,9217
1778771400,747.76,747.9,747.69,747.85,14653
1778771520,747.83,747.97,747.71,747.96,17418
1778771640,747.94,748.2,747.9,748.19,19970
1778771760,748.21,748.36,748.2,748.33,39718
1778771880,748.34,748.54,748.33,748.44,25347
1778772000,748.46,748.75,748.41,748.47,10444
1778772120,748.49,748.56,748.36,748.4,14113
1778772240,748.39,748.62,748.39,748.571,15348
1778772360,748.59,748.79,748.57,748.76,10425
1778772480,748.77,748.8,748.51,748.51,23686
1778772600,748.52,748.78,748.44,748.75,8454
1778772720,748.74,748.82,748.65,748.65,23791
1778772840,748.65,748.71,748.48,748.52,27368
1778772960,748.51,748.67,748.489,748.58,7406
1778773080,748.57,748.57,748.23,748.465,15796
1778773200,748.46,748.64,748.36,748.62,6678
1778773320,748.65,748.84,748.61,748.78,22220
1778773440,748.79,748.79,748.64,748.73,20627
1778773560,748.73,748.81,748.61,748.65,22207
1778773680,748.67,748.8,748.64,748.78,12051
1778773800,748.79,748.8,748.63,748.73,16378
1778773920,748.72,748.81,748.68,748.68,8198
1778774040,748.68,748.94,748.66,748.91,16533
1778774160,748.91,749.26,748.91,749.24,27991
1778774280,749.23,749.28,749.15,749.27,11959
1778774400,749.25,749.39,749.17,749.33,19739
1778774520,749.32,749.36,749.21,749.35,11019
1778774640,749.34,749.49,749.34,749.49,19116
1778774760,749.5,749.52,749.28,749.35,9900
1778774880,749.34,749.36,749.18,749.19,7040
1778775000,749.18,749.36,749.12,749.23,6066
1778775120,749.28,749.35,749.12,749.13,5578
1778775240,749.12,749.16,748.94,749.1,20665
1778775360,749.11,749.34,749.04,749.32,8687
1778775480,749.32,749.32,748.98,749.01,13443
1778775600,749.02,749.33,749.02,749.33,17712
1778775720,749.32,749.32,748.84,748.86,15132
1778775840,748.85,748.86,748.499,748.54,33848
1778775960,748.55,748.55,747.98,748.33,28086
1778776080,748.32,748.32,747.86,748,17335
1778776200,748.01,748.26,747.92,748.14,5269
1778776320,748.12,748.175,747.54,747.56,12055
1778776440,747.54,747.81,747.39,747.74,16155
1778776560,747.73,747.95,747.72,747.74,8641
1778776680,747.77,748.12,747.77,748.11,6289
1778776800,748.12,748.31,748.03,748.29,9515
1778776920,748.29,748.34,748.09,748.14,7402
1778777040,748.16,748.16,747.43,747.79,28556
1778777160,747.81,748.19,747.61,748.17,8363
1778777280,748.18,748.18,747.97,748.06,3577
1778777400,748.05,748.059,747.65,747.82,9218
1778777520,747.84,747.84,747.58,747.6,6991
1778777640,747.61,747.78,747.5,747.61,6232
1778777760,747.56,747.62,747.15,747.61,10108
1778777880,747.65,747.86,747.51,747.829,5869
1778778000,747.83,748.13,747.81,748.07,4324
1778778120,748.069,748.29,748.02,748.24,5248
1778778240,748.23,748.31,747.97,748,10696
1778778360,748.01,748.01,747.57,747.7,9344
1778778480,747.71,747.71,747.43,747.45,5211
1778778600,747.45,747.78,747.2,747.74,16488
1778778720,747.69,747.69,747.4,747.5,5191
1778778840,747.47,747.49,746.83,746.93,14187
1778778960,746.92,746.94,746.41,746.8,20430
1778779080,746.74,746.74,746.4,746.5,15357
1778779200,746.54,746.8,746.31,746.45,15236
1778779320,746.42,746.91,746.41,746.81,15886
1778779440,746.73,746.82,746.53,746.73,16131
1778779560,746.73,746.82,746.32,746.62,14705
1778779680,746.66,746.92,746.56,746.9,21433
1778779800,746.94,747.33,746.72,747.24,14597
1778779920,747.22,747.36,746.97,747.01,13173
1778780040,747.05,747.35,746.92,747.33,10853
1778780160,747.34,747.42,747.15,747.4,16486
1778780280,747.43,747.77,747.35,747.67,34832
1778780400,747.73,747.94,747.68,747.69,12533
1778780520,747.7,747.84,747.64,747.64,17265
1778780640,747.63,747.99,747.43,747.99,24081
1778780760,747.97,748.25,747.96,748.07,21241
1778780880,748.05,748.24,748.02,748.15,19077
1778781000,748.17,748.27,748.08,748.19,26254
1778781120,748.23,748.24,747.97,748.18,12573
1778781240,748.16,748.16,747.84,748.07,11524
1778781360,748.07,748.15,747.96,748.09,11738
1778781480,748.1,748.1,747.69,747.72,21957
1778781600,747.705,747.72,746.71,746.86,34108
1778781720,746.86,747.11,746.7,746.84,16402
1778781840,746.84,747.09,746.66,747.03,19998
1778781960,747.05,747.34,746.97,747.11,9603
1778782080,747.09,747.33,747,747.33,5464
1778782200,747.33,747.8,747.16,747.68,11725
1778782320,747.67,747.75,747.52,747.58,18429
1778782440,747.6,748.01,747.6,748.01,15285
1778782560,748.01,748.1,747.77,747.88,11840
1778782680,747.91,748.29,747.88,748.25,33224
1778782800,748.25,748.28,748.01,748.1,17866
1778782920,748.09,748.15,747.83,747.98,18543
1778783040,747.97,748.07,747.9,747.91,6525
1778783160,747.91,747.95,747.51,747.51,6216
1778783280,747.54,747.64,747.39,747.56,6188
1778783400,747.56,747.96,747.525,747.86,8383
1778783520,747.78,748.09,747.77,748.05,21620
1778783640,747.99,748.04,747.78,747.94,4429
1778783760,747.9,747.91,747.56,747.67,6960
1778783880,747.64,747.88,747.62,747.78,6994
1778784000,747.8,747.84,747.38,747.72,11370
1778784120,747.73,747.97,747.73,747.93,12425
1778784240,747.91,747.95,747.52,747.66,7849
1778784360,747.67,747.905,747.56,747.9,10271
1778784480,747.91,748.07,747.91,748.03,8639
1778784600,748.04,748.11,747.98,748.03,5850
1778784720,748.03,748.11,747.79,748,14490
1778784840,748.01,748.19,747.92,748.19,23750
1778784960,748.19,748.38,748.16,748.29,28652
1778785080,748.32,748.35,748.08,748.3,17800
1778785200,748.25,748.66,748.19,748.5,19272
1778785320,748.51,748.56,748.36,748.42,14212
1778785440,748.43,748.61,748.33,748.53,21566
1778785560,748.53,748.56,748.33,748.37,14473
1778785680,748.37,748.61,748.235,748.61,17829
1778785800,748.6,748.67,748.55,748.63,73932
1778785920,748.63,748.69,748.24,748.25,51084
1778786040,748.25,748.55,748.19,748.5,11463
1778786160,748.5,748.6,748.48,748.53,13419
1778786280,748.53,748.575,748.42,748.47,17420
1778786400,748.45,748.62,748.42,748.56,12330
1778786520,748.56,748.65,748.445,748.45,37652
1778786640,748.45,748.48,748.32,748.45,26179
1778786760,748.46,748.46,748.29,748.33,15630
1778786880,748.34,748.43,748.03,748.08,20954
1778787000,748.08,748.53,747.99,748.47,33020
1778787120,748.46,748.54,748.41,748.47,19495
1778787240,748.47,748.48,748.09,748.15,44458
1778787360,748.14,748.54,748.14,748.5,27661
1778787480,748.5,748.52,748.37,748.41,35649
1778787600,748.4,748.62,748.4,748.48,55368
1778787720,748.49,748.68,748.36,748.37,40225
1778787840,748.36,748.55,748.25,748.25,47444
1778787960,748.25,748.53,748.24,748.51,32884
1778788080,748.53,748.63,748.33,748.33,32348
1778788200,748.33,748.45,747.81,747.82,160655
1778788320,747.82,748.2,747.82,748.2,29301
1778788440,748.21,748.21,747.86,748.01,47660
1778788560,748,748.025,747.83,747.89,40285
1778788680,747.88,748.21,747.78,748.07,312861
1778851800,741.835,741.93,740.27,740.73,108142
1778851920,740.76,740.85,739.36,739.48,111641
1778852040,739.47,740.23,739.31,739.65,111597
1778852160,739.62,740.1,739.12,739.19,51526
1778852280,739.12,739.46,739.06,739.15,32826
1778852400,739.15,740.09,739.04,739.64,46240
1778852520,739.69,739.779,738.95,739.03,46028
1778852640,739.06,739.15,738.07,738.34,68326
1778852760,738.35,738.7,737.96,738.66,64937
1778852880,738.69,739.69,738.62,739.64,54117
1778853000,739.65,739.91,738.83,738.98,39869
1778853120,738.999,740.05,738.96,739.91,42042
1778853240,739.9,740.78,739.9,740.78,53341
1778853360,740.78,741,739.88,739.89,48838
1778853480,739.86,739.86,739,739.15,53855
1778853600,739.37,739.66,738.97,739.58,22918
1778853720,739.57,740.06,739.26,739.39,28926
1778853840,739.37,739.69,739.08,739.54,23780
1778853960,739.56,739.69,739.3,739.52,20559
1778854080,739.55,740.1,739.41,739.7,30107
1778854200,739.72,740.27,739.55,740.04,38877
1778854320,740.04,740.97,740.01,740.73,29287
1778854440,740.64,741.4,740.63,741.3,38797
1778854560,741.31,741.81,741.29,741.7,38546
1778854680,741.69,742.19,741.69,741.98,24614
1778854800,742.03,742.66,741.89,742.33,37373
1778854920,742.335,742.67,742.26,742.36,29017
1778855040,742.32,742.41,741.48,741.62,48126
1778855160,741.64,741.77,741.05,741.24,31599
1778855280,741.181,741.5,740.82,741.1,15196
1778855400,741.15,741.755,741.05,741.6,19853
1778855520,741.62,741.7,741.26,741.47,28791
1778855640,741.47,742.22,741.45,741.96,19090
1778855760,741.91,742.21,741.58,741.95,25876
1778855880,741.94,742.29,741.88,741.885,23492
1778856000,741.86,742.23,741.74,741.81,17325
1778856120,741.82,742.04,741.67,741.94,27117
1778856240,741.92,742.12,741.53,741.58,15112
1778856360,741.58,741.68,740.88,741.23,41101
1778856480,741.23,741.27,740.93,741.105,16945
1778856600,741.15,741.15,740.489,740.63,29298
1778856720,740.64,741.12,740.39,740.8,33892
1778856840,740.78,741.68,740.77,741.36,24972
1778856960,741.36,741.67,741.32,741.38,16841
1778857080,741.38,741.43,740.88,740.97,14499
1778857200,740.98,741.46,740.89,741.06,14625
1778857320,741.06,741.16,740.38,740.75,20158
1778857440,740.77,741.06,740.61,740.685,15055
1778857560,740.67,740.76,740.18,740.3,18572
1778857680,740.26,741.32,740.14,741.32,19274
1778857800,741.33,741.42,740.73,740.97,31266
1778857920,740.95,741.16,740.67,741.1,13255
1778858040,741.1,741.13,740.54,740.819,11519
1778858160,740.82,741.36,740.82,741.25,18581
1778858280,741.28,741.34,741.13,741.25,9683
1778858400,741.31,741.78,741.3,741.63,8820
1778858520,741.61,741.78,741.23,741.36,17638
1778858640,741.32,741.41,740.77,740.88,9512
1778858760,740.88,741.44,740.81,741.229,11828
1778858880,741.25,741.29,740.84,741.23,14165
1778859000,741.26,741.84,741.25,741.81,21800
1778859120,741.77,741.95,741.35,741.42,16929
1778859240,741.4,741.7,741.24,741.53,14754
1778859360,741.59,741.9,741.35,741.67,20219
1778859480,741.7,741.72,741.04,741.07,17862
1778859600,741.04,741.3,740.84,741.2,16309
1778859720,741.18,741.26,740.38,740.59,16836
1778859840,740.57,740.62,739.84,740.23,44107
1778859960,740.23,740.38,739.91,739.91,14633
1778860080,739.88,740.34,739.77,739.88,9401
1778860200,739.88,739.91,739.44,739.58,26429
1778860320,739.59,739.81,739.3,739.44,23473
1778860440,739.38,739.65,739.12,739.62,21325
1778860560,739.59,740.07,739.45,739.67,18263
1778860680,739.69,740.37,739.69,740.28,16222
1778860800,740.29,740.51,740.19,740.5,12815
1778860920,740.5,740.64,740.04,740.11,30623
1778861040,740.08,740.19,739.79,740.089,14037
1778861160,740.08,740.14,739.69,740,12997
1778861280,739.98,740.45,739.98,740.37,5917
1778861400,740.37,740.379,739.73,739.89,8679
1778861520,739.89,740.07,739.76,740.05,5351
1778861640,740.06,740.44,740.06,740.15,9974
1778861760,740.2,740.24,739.86,740.08,6290
1778861880,740.13,740.33,740.08,740.28,3077
1778862000,740.28,740.75,740.2,740.66,10568
1778862120,740.66,740.93,740.61,740.9,11666
1778862240,740.92,741.37,740.87,741.12,34338
1778862360,741.12,741.27,740.97,741.26,7711
1778862480,741.3,741.36,741.01,741.28,12267
1778862600,741.35,741.42,741.03,741.33,14508
1778862720,741.39,741.45,741.25,741.33,7274
1778862840,741.33,741.44,741.08,741.119,7225
1778862960,741.12,741.32,741.1,741.25,5934
1778863080,741.29,741.33,741.09,741.3,7313
1778863200,741.33,741.36,741.13,741.16,8744
1778863320,741.15,741.43,741.06,741.38,12223
1778863440,741.38,741.62,741.33,741.62,9654
1778863560,741.6,741.69,741.34,741.68,8184
1778863680,741.69,741.69,741.38,741.38,6599
1778863800,741.36,741.61,741.25,741.269,4704
1778863920,741.27,741.33,740.65,740.69,12001
1778864040,740.67,740.889,740.28,740.86,10255
1778864160,740.84,741.11,740.75,741.04,6317
1778864280,741.06,741.09,740.65,740.96,7392
1778864400,740.81,740.97,740.68,740.95,5502
1778864520,740.94,741.16,740.87,741.01,5746
1778864640,740.97,741.31,740.92,741.31,6316
1778864760,741.31,741.68,741.3,741.45,7489
1778864880,741.44,741.6,741.435,741.56,5214
1778865000,741.56,741.705,741.52,741.66,7857
1778865120,741.71,741.75,741.45,741.53,5521
1778865240,741.53,741.69,741.34,741.38,4242
1778865360,741.38,741.5,741.26,741.35,5190
1778865480,741.36,741.77,741.36,741.77,7104
1778865600,741.78,742.09,741.69,742.03,70632
1778865720,742.01,742.32,741.84,742.25,19513
1778865840,742.24,742.75,742.24,742.66,13181
1778865960,742.69,742.94,742.63,742.76,16402
1778866080,742.785,742.83,742.52,742.52,9209
1778866200,742.51,742.82,742.47,742.74,49326
1778866320,742.735,742.865,742.67,742.82,9124
1778866440,742.82,742.86,742.72,742.82,31466
1778866560,742.849,742.87,742.54,742.57,17324
1778866680,742.58,742.64,742.36,742.63,17079
1778866800,742.65,742.69,742.11,742.14,17273
1778866920,742.1,742.56,742.07,742.53,10991
1778867040,742.52,742.63,742.43,742.58,15545
1778867160,742.55,742.57,742.285,742.46,10710
1778867280,742.46,742.555,742.25,742.33,10252
1778867400,742.32,742.69,742.32,742.63,7382
1778867520,742.61,742.72,742.46,742.68,6929
1778867640,742.68,742.72,742.61,742.69,9594
1778867760,742.7,742.84,742.53,742.59,68453
1778867880,742.59,743,742.58,742.96,11389
1778868000,743,743.24,743,743.05,41190
1778868120,743.06,743.16,742.98,743.14,7541
1778868240,743.16,743.31,743.07,743.28,36899
1778868360,743.29,743.34,743.12,743.34,23394
1778868480,743.35,743.45,742.9,743.04,18523
1778868600,743.02,743.11,742.92,742.93,11671
1778868720,742.93,743.165,742.93,743.05,14374
1778868840,743.11,743.14,742.74,742.785,9942
1778868960,742.78,742.88,742.549,742.55,16486
1778869080,742.54,742.57,741.59,741.78,32804
1778869200,741.715,742.19,741.67,742.1,11931
1778869320,742.07,742.57,742.03,742.51,10779
1778869440,742.56,742.65,742.13,742.2,19911
1778869560,742.25,742.25,741.73,741.79,22366
1778869680,741.71,741.83,741.51,741.73,10089
1778869800,741.74,741.8,740.69,740.69,21993
1778869920,740.66,740.98,740.46,740.7,20537
1778870040,740.67,741.09,740.64,740.9,15255
1778870160,740.9,741.44,740.87,741.33,22010
1778870280,741.31,741.5,741,741.48,19190
1778870400,741.47,741.47,741.12,741.23,11353
1778870520,741.22,741.26,740.93,741.19,11244
1778870640,741.17,741.42,740.98,741.005,6635
1778870760,741.005,741.18,740.91,741.055,5967
1778870880,741.11,741.35,741.025,741.26,8037
1778871000,741.23,741.4,741.11,741.17,22407
1778871120,741.17,741.57,741.11,741.56,8526
1778871240,741.59,741.84,741.51,741.82,18657
1778871360,741.81,741.88,741.28,741.3,15764
1778871480,741.25,741.69,741.23,741.62,8240
1778871600,741.64,741.74,741.29,741.29,15588
1778871720,741.32,741.36,741.03,741.12,28929
1778871840,741.12,741.15,740.85,741.01,14859
1778871960,741.05,741.08,740.64,740.75,13186
1778872080,740.76,740.89,740.57,740.72,8676
1778872200,740.7,740.7,740.36,740.44,14558
1778872320,740.43,740.66,740.29,740.64,14027
1778872440,740.64,740.72,740.41,740.62,11683
1778872560,740.615,740.615,740.22,740.3,14481
1778872680,740.27,740.67,740.05,740.44,10047
1778872800,740.43,740.76,740.27,740.53,41069
1778872920,740.48,740.73,740.34,740.39,9571
1778873040,740.42,740.42,740.16,740.31,32231
1778873160,740.32,740.36,740.11,740.26,13411
1778873280,740.26,740.36,740.11,740.16,13231
1778873400,740.14,740.64,740.13,740.49,16951
1778873520,740.49,740.49,740.15,740.15,19043
1778873640,740.125,740.51,740.1,740.51,18849
1778873760,740.5,740.69,740.41,740.45,52617
1778873880,740.46,740.75,740.43,740.66,24205
1778874000,740.68,740.82,740.45,740.78,58721
1778874120,740.76,740.77,740.15,740.2,33486
1778874240,740.2,740.27,739.95,740.11,56997
1778874360,740.08,740.42,739.81,740.3,131146
1778874480,740.28,740.33,740.04,740.25,56627
1778874600,740.25,740.25,739.49,739.89,114856
1778874720,739.87,739.9,739.19,739.19,95965
1778874840,739.19,739.29,738.54,738.89,167158
1778874960,738.88,739.26,738.64,739.17,145108
1778875080,739.16,739.31,738.79,739.08,366216
1779111000,739.83,740.04,739.48,739.62,83086
1779111120,739.66,739.9,738.95,738.96,32331
1779111240,738.96,739.15,738.3,738.89,25809
1779111360,738.81,738.89,738.3,738.66,26776
1779111480,738.62,739,738.4,738.73,23844
1779111600,738.69,739.1,738.43,738.93,19557
1779111720,738.91,739.13,738.12,738.76,34176
1779111840,738.87,738.97,737.56,738.47,54455
1779111960,738.41,738.96,737.97,738.96,46107
1779112080,738.91,739.3,738.76,738.86,55572
1779112200,738.84,740.18,738.84,740.1,32291
1779112320,740.07,740.7,740.07,740.389,21657
1779112440,740.42,741.1,740.22,740.87,38514
1779112560,740.86,741.4,740.8,740.9,68662
1779112680,740.86,741.11,740.39,740.55,47976
1779112800,740.55,740.55,739.48,739.49,30255
1779112920,739.45,739.61,738.9,738.979,32312
1779113040,738.96,739.59,738.75,738.8,39700
1779113160,738.72,740.36,738.6,739.79,41108
1779113280,739.7,740.39,739.66,740.38,13933
1779113400,740.37,740.67,739.96,740.219,22017
1779113520,740.24,740.53,739.76,739.88,30485
1779113640,739.86,740.49,739.61,740.44,19254
1779113760,740.51,740.74,740.15,740.15,16671
1779113880,740.15,740.54,739.95,740.49,10301
1779114000,740.57,740.8,740.33,740.33,15984
1779114120,740.3,740.35,739.54,739.69,8637
1779114240,739.63,740.23,739.62,740.01,14877
1779114360,740.01,740.37,739.58,739.87,11611
1779114480,739.91,740.11,739.245,739.5,24638
1779114600,739.52,739.82,739.02,739.02,28658
1779114720,739.03,739.23,737.68,737.72,72325
1779114840,737.71,737.71,736.6,736.69,46917
1779114960,736.67,737.71,736.44,737.62,46978
1779115080,737.61,738.1,737.55,737.96,24973
1779115200,737.92,738.12,737.13,737.94,45432
1779115320,737.93,738.73,737.84,738.58,23193
1779115440,738.54,738.74,737.63,737.68,36350
1779115560,737.6,738.089,737.44,737.77,31011
1779115680,737.76,737.81,737.28,737.52,18565
1779115800,737.5,738.69,737.4,738.45,23618
1779115920,738.44,738.74,738.21,738.37,17374
1779116040,738.44,738.73,738.03,738.19,12104
1779116160,738.2,738.5,738.1,738.48,14192
1779116280,738.42,738.57,738,738.29,11526
1779116400,738.33,739.02,737.57,737.9,73287
1779116520,737.88,737.9,736.93,737.02,55055
1779116640,736.96,737.44,736.79,737.18,31396
1779116760,737.17,737.48,737.03,737.23,24119
1779116880,737.29,737.64,736.78,736.79,23862
1779117000,736.8,737.36,736.515,737.23,26011
1779117120,737.21,737.49,737.15,737.3,15861
1779117240,737.19,737.39,737.03,737.065,12373
1779117360,737.09,737.12,736.72,736.75,15223
1779117480,736.75,736.84,735.96,736.31,29612
1779117600,736.3,736.7,735.96,736.39,25340
1779117720,736.39,736.44,736.06,736.13,10391
1779117840,736.16,736.47,736,736.4,21080
1779117960,736.49,736.89,736.35,736.7,17686
1779118080,736.66,736.77,735.53,735.62,23399
1779118200,735.58,735.95,735.21,735.8,20248
1779118320,735.84,736.28,735.831,736.17,22017
1779118440,736.16,736.89,735.98,736.75,15102
1779118560,736.72,737.16,736.63,737.16,22903
1779118680,737.15,737.26,736.7,736.79,12186
1779118800,736.8,737.36,736.795,737.16,20841
1779118920,737.12,737.17,736.24,736.24,21777
1779119040,736.24,736.56,736.17,736.23,22323
1779119160,736.27,736.59,736.23,736.52,10010
1779119280,736.6,736.98,736.5,736.505,12588
1779119400,736.47,736.629,736.07,736.17,19083
1779119520,736.14,736.7,736.02,736.659,18144
1779119640,736.66,737.19,736.63,737,11689
1779119760,736.97,737.12,736.61,736.94,13595
1779119880,736.95,737,736.2,736.28,13178
1779120000,736.37,736.5,735.72,735.97,22348
1779120120,735.98,736.16,735.78,735.8,11176
1779120240,735.77,735.99,735.77,735.94,6512
1779120360,735.95,736.35,735.93,736.23,10543
1779120480,736.24,736.48,736,736.27,11704
1779120600,736.3,736.85,736.22,736.74,22378
1779120720,736.76,736.87,736.57,736.75,9427
1779120840,736.73,737.05,736.71,737.05,12447
1779120960,737.03,737.31,736.96,737.12,5621
1779121080,737.1,737.35,737.03,737.21,7691
1779121200,737.25,737.91,737.25,737.71,11252
1779121320,737.66,737.69,736.67,736.93,23654
1779121440,736.8,736.9,736.06,736.13,18797
1779121560,736.05,736.11,735.47,735.81,25584
1779121680,735.63,735.65,734.48,734.83,67623
1779121800,734.83,734.91,734.23,734.91,23006
1779121920,734.89,735.8,734.79,735.68,17892
1779122040,735.65,735.89,735.32,735.82,27828
1779122160,735.79,736.08,735.66,735.77,13037
1779122280,735.79,736.12,735.58,735.7,11388
1779122400,735.74,735.8,735.51,735.51,13925
1779122520,735.49,735.68,735.13,735.16,11209
1779122640,735.18,735.36,735.06,735.21,14661
1779122760,735.25,735.48,735.14,735.47,9606
1779122880,735.48,735.55,735.15,735.48,10144
1779123000,735.49,736.08,735.44,735.95,17317
1779123120,735.98,736.5,735.98,736.44,21892
1779123240,736.5,737.3,736.48,737.21,16391
1779123360,737.3,737.31,737.04,737.14,33694
1779123480,737.14,737.29,736.4,736.5,23202
1779123600,736.41,736.73,735.95,736.43,40851
1779123720,736.44,736.87,736.33,736.84,17657
1779123840,736.81,736.95,736.675,736.81,14563
1779123960,736.82,737.27,736.82,737.225,29655
1779124080,737.28,737.35,736.88,737,17566
1779124200,737.02,737.41,737.01,737.22,60720
1779124320,737.19,737.26,736.83,736.96,16189
1779124440,736.97,736.97,736.62,736.8,9456
1779124560,736.81,737.28,736.81,737.06,12973
1779124680,737.08,737.41,737.04,737.24,10419
1779124800,737.23,737.27,736.82,736.9,12326
1779124920,736.869,737.07,736.66,736.76,8946
1779125040,736.74,736.97,736.7,736.82,5532
1779125160,736.81,737.25,736.78,737.01,9565
1779125280,736.94,737.4,736.94,737.36,13160
1779125400,737.375,737.42,737.12,737.2,10794
1779125520,737.235,737.32,736.71,736.76,14754
1779125640,736.78,736.88,736.4,736.56,13215
1779125760,736.58,736.74,736.4,736.42,11707
1779125880,736.39,736.58,736.25,736.42,10722
1779126000,736.45,736.91,736.38,736.77,13696
1779126120,736.77,737.03,736.6,737.03,12474
1779126240,737.05,737.12,736.7,736.92,7070
1779126360,736.91,736.93,736.39,736.72,9912
1779126480,736.71,736.88,736.65,736.67,9049
1779126600,736.675,737.2,736.6,737.13,12624
1779126720,737.14,737.32,736.68,736.8,12210
1779126840,736.83,737.03,736.76,737,15467
1779126960,736.98,737.1,736.86,736.87,4822
1779127080,736.88,737.19,736.82,737.03,8597
1779127200,737.04,737.14,736.3,736.329,10664
1779127320,736.249,736.25,735.84,735.99,14714
1779127440,735.94,736.08,735.81,736.065,15884
1779127560,736.065,736.09,735.405,735.75,41569
1779127680,735.79,735.82,735.565,735.58,9216
1779127800,735.56,735.75,735.32,735.65,20860
1779127920,735.64,735.7,735.28,735.3,11960
1779128040,735.28,735.36,734.78,735.01,20569
1779128160,735.02,735.05,734.5,734.64,20582
1779128280,734.65,734.68,734.2,734.46,14595
1779128400,734.46,734.59,734.13,734.53,21459
1779128520,734.53,734.63,734.14,734.24,16968
1779128640,734.23,734.5,734.08,734.13,23511
1779128760,734.13,734.25,733.71,734.02,41467
1779128880,734,734.75,734,734.72,25107
1779129000,734.735,734.93,734.57,734.91,16217
1779129120,734.95,735.18,734.66,734.71,33677
1779129240,734.74,735.05,734.59,734.96,15507
1779129360,734.97,735.11,734.49,734.61,18078
1779129480,734.62,734.65,734.38,734.4,16702
1779129600,734.37,734.42,733.97,734.04,15899
1779129720,734.04,734.48,733.98,734.48,16046
1779129840,734.5,734.63,734.38,734.48,25225
1779129960,734.47,734.74,734.4,734.61,17004
1779130080,734.61,734.61,733.89,733.92,25676
1779130200,733.91,733.99,733.47,733.95,27292
1779130320,733.91,734.1,733.78,734.02,23402
1779130440,734.02,734.03,733.61,733.89,24706
1779130560,733.88,734.14,733.83,734.1,18168
1779130680,734.08,734.08,733.39,733.63,34074
1779130800,733.7,737.57,733.61,736.67,87050
1779130920,737.39,738,736.22,736.84,162063
1779131040,736.8,737.13,736.32,736.75,102614
1779131160,736.78,736.95,735.68,735.75,54345
1779131280,735.75,736.29,735.54,736.29,37379
1779131400,736.29,736.73,736,736.54,32760
1779131520,736.55,736.57,736.19,736.24,19981
1779131640,736.22,736.26,735.88,736.13,21081
1779131760,736.09,736.49,735.66,735.75,44368
1779131880,735.74,736.02,735.59,735.75,20547
1779132000,735.73,736.22,735.61,735.82,16889
1779132120,735.829,736.01,735.42,735.705,19770
1779132240,735.71,735.72,734.67,735.07,27305
1779132360,735.06,735.32,734.98,735.11,13793
1779132480,735.08,735.58,735.08,735.51,24384
1779132600,735.53,736.11,735.28,736.08,20485
1779132720,736.07,736.34,735.95,736.03,28467
1779132840,736.03,736.52,735.98,736.52,20262
1779132960,736.55,736.78,736.51,736.66,25359
1779133080,736.67,737.019,736.64,736.98,15070
1779133200,736.99,737.72,736.98,737.39,56398
1779133320,737.4,737.81,737.38,737.66,47609
1779133440,737.67,737.9,737.64,737.85,25532
1779133560,737.87,738.05,737.54,737.78,27163
1779133680,737.8,738.44,737.73,738.28,41907
1779133800,738.15,738.4,737.83,738.23,60652
1779133920,738.23,738.75,738.23,738.43,50306
1779134040,738.42,738.5,737.8,737.92,62084
1779134160,737.89,738.12,737.79,737.985,41913
1779134280,737.99,738.7,737.9,738.52,196953
1779197400,734.76,735.31,734.27,734.34,99341
1779197520,734.31,734.9,734.15,734.77,43208
1779197640,734.77,734.96,733.82,734.43,53901
1779197760,734.5,735.59,734.47,735.39,51937
1779197880,735.34,735.66,735.17,735.4,31935
1779198000,735.39,735.47,734.04,734.27,58263
1779198120,734.241,734.34,733.71,733.89,50499
1779198240,733.89,734.08,733.45,733.76,40541
1779198360,733.75,734.65,733.09,734.43,37233
1779198480,734.47,735.31,734.24,734.59,61071
1779198600,734.55,735.07,734.2,735.07,23153
1779198720,735.13,735.32,734.79,735.2,26081
1779198840,735.17,736.3,735.17,735.95,40753
1779198960,735.94,736.08,735.19,735.78,58423
1779199080,735.77,735.86,735.24,735.24,17357
1779199200,735.31,735.33,734.4,734.61,17560
1779199320,734.6,734.79,733.96,734.33,30250
1779199440,734.36,735.16,733.92,733.92,26227
1779199560,733.85,734.36,732.86,733.11,46935
1779199680,733.08,733.4,732.84,733.39,33987
1779199800,733.37,733.88,733,733.66,38795
1779199920,733.68,733.87,733.22,733.35,33602
1779200040,733.33,733.34,732.67,732.8,38198
1779200160,732.8,733.08,732.6,732.73,55662
1779200280,732.74,732.95,732.33,732.53,46458
1779200400,732.54,732.73,731.74,731.79,58448
1779200520,731.8,732.59,731.75,732.32,44157
1779200640,732.33,732.8,732.16,732.29,32217
1779200760,732.31,733.04,732.21,732.93,33162
1779200880,732.94,733.17,732.27,732.41,33243
1779201000,732.41,733.28,732.03,733.02,55755
1779201120,733.05,733.14,732.34,732.6,18649
1779201240,732.61,732.71,732.22,732.5,29782
1779201360,732.49,732.9,732.49,732.89,13178
1779201480,732.87,733.17,732.62,733.02,32311
1779201600,733.03,733.32,732.46,733.16,37281
1779201720,733.17,733.46,732.87,732.88,24969
1779201840,732.87,733.18,732.239,732.3,34086
1779201960,732.22,732.37,731.68,731.8,55662
1779202080,731.79,732.19,731.54,731.95,41787
1779202200,731.93,732.06,731.57,731.85,18062
1779202320,731.85,732.31,731.75,732.11,23106
1779202440,732.045,732.29,731.86,732.17,20140
1779202560,732.15,733.05,732.05,732.98,29553
1779202680,732.95,733.18,732.73,733.18,20314
1779202800,733.15,733.53,732.83,732.84,28051
1779202920,732.85,733.48,732.79,733.31,29132
1779203040,733.32,733.62,732.93,733.07,24459
1779203160,732.99,733.39,732.71,732.78,19079
1779203280,732.76,733.24,732.67,733.22,10254
1779203400,733.26,733.7,733.26,733.39,10992
1779203520,733.43,733.68,733.295,733.49,25181
1779203640,733.52,733.79,733.3,733.63,10470
1779203760,733.58,733.82,733.47,733.81,18951
1779203880,733.81,733.95,733.01,733.01,40646
1779204000,733.01,733.2,732.68,732.97,30607
1779204120,732.97,733.2,732.3,732.39,12197
1779204240,732.38,732.55,731.69,732.3,24291
1779204360,732.27,732.5,732.12,732.48,10898
1779204480,732.51,732.65,732.15,732.27,11037
1779204600,732.2,733.22,732.04,733.19,27523
1779204720,733.15,733.3,732.78,732.78,14846
1779204840,732.8,732.98,732.45,732.5,12210
1779204960,732.55,733.39,732.44,733.37,17442
1779205080,733.37,733.55,733.23,733.41,15746
1779205200,733.4,733.555,733.17,733.54,14055
1779205320,733.5,733.94,733.19,733.3,31265
1779205440,733.37,733.62,733.33,733.36,14584
1779205560,733.299,733.49,733.19,733.49,9171
1779205680,733.5,733.88,733.42,733.88,9468
1779205800,733.87,733.91,733.44,733.55,7294
1779205920,733.56,733.95,733.47,733.51,20465
1779206040,733.52,733.55,732.84,732.881,20244
1779206160,732.89,733.15,732.55,733.11,17939
1779206280,733.19,733.2,732.78,732.98,12252
1779206400,733.01,733.54,732.92,733.4,12222
1779206520,733.4,733.99,733.4,733.78,14367
1779206640,733.74,733.755,733.3,733.34,11553
1779206760,733.31,733.34,732.82,733.27,18158
1779206880,733.31,733.34,732.62,732.63,7827
1779207000,732.6,732.84,732.45,732.6,10831
1779207120,732.69,732.69,732.32,732.57,16275
1779207240,732.58,733.32,732.53,733.27,15786
1779207360,733.33,733.39,732.8,733.19,16512
1779207480,733.18,733.74,733.15,733.67,30862
1779207600,733.67,733.9,733.47,733.55,18830
1779207720,733.66,733.86,733.37,733.83,13564
1779207840,733.825,734.48,733.77,734.42,27564
1779207960,734.43,734.69,734.28,734.64,36716
1779208080,734.64,734.74,734.43,734.49,17651
1779208200,734.48,734.89,734.35,734.8,31439
1779208320,734.87,735.16,734.69,734.77,31216
1779208440,734.79,734.98,734.74,734.76,23641
1779208560,734.75,734.87,734.48,734.51,16829
1779208680,734.54,735.11,734.52,735.02,16494
1779208800,735.04,735.41,735.03,735.34,18820
1779208920,735.4,735.425,735.18,735.31,28156
1779209040,735.36,735.54,735.29,735.51,24339
1779209160,735.53,735.56,735.26,735.48,31804
1779209280,735.49,735.67,735.25,735.53,31837
1779209400,735.49,735.76,735.35,735.76,19642
1779209520,735.79,736.109,735.79,736.03,34560
1779209640,736.04,736.13,735.95,736.08,21971
1779209760,736.1,736.3,735.93,736.079,14851
1779209880,736.03,736.23,735.92,736.13,21879
1779210000,736.11,736.19,735.96,736.04,27904
1779210120,736.03,736.55,735.92,736.53,26729
1779210240,736.57,736.76,736.55,736.68,38816
1779210360,736.66,736.68,736.36,736.47,31805
1779210480,736.44,736.69,736.37,736.58,27300
1779210600,736.63,736.78,736.55,736.62,29363
1779210720,736.6,737.02,736.59,736.93,32606
1779210840,736.91,737.16,736.85,737.14,25636
1779210960,737.15,737.38,737.11,737.25,27474
1779211080,737.24,737.32,737.12,737.28,22000
1779211200,737.31,737.5,737.08,737.42,38847
1779211320,737.42,737.58,737.36,737.52,21670
1779211440,737.51,737.63,737.12,737.15,50822
1779211560,737.15,737.16,736.77,736.9,37068
1779211680,736.86,737.05,736.745,736.99,16675
1779211800,736.98,737.54,736.92,737.34,19546
1779211920,737.33,737.4,737.05,737.07,26848
1779212040,737.04,737.14,736.72,736.89,20297
1779212160,736.85,737.13,736.81,737.11,12972
1779212280,737.1,737.27,736.8,737.18,15076
1779212400,737.28,737.44,736.92,737.13,27920
1779212520,737.165,737.26,737,737.14,38686
1779212640,737.15,737.25,736.77,736.87,16498
1779212760,736.905,736.905,736.31,736.4,38620
1779212880,736.4,736.83,736.39,736.72,16051
1779213000,736.7,736.71,736.37,736.48,11391
1779213120,736.52,736.52,736.24,736.27,32512
1779213240,736.27,736.68,736.01,736.54,35966
1779213360,736.58,736.7,736.34,736.4,15764
1779213480,736.37,736.8,736.32,736.79,14126
1779213600,736.82,737,736.62,736.72,21032
1779213720,736.7,737.04,736.7,736.85,26697
1779213840,736.87,737.04,736.87,737,33079
1779213960,737.01,737.11,736.67,737.11,21791
1779214080,737.09,737.16,736.98,737.11,21196
1779214200,737.11,737.31,736.98,737.21,40856
1779214320,737.22,737.24,737.05,737.06,24505
1779214440,737.06,737.15,736.81,736.85,35247
1779214560,736.83,736.9,736.6,736.83,19547
1779214680,736.83,736.86,736.65,736.8,11150
1779214800,736.78,736.865,736.3,736.57,44223
1779214920,736.58,736.8,735.82,736.42,60499
1779215040,736.39,736.4,736.07,736.3,22109
1779215160,736.33,736.73,736.21,736.21,60133
1779215280,736.17,736.27,735.85,735.87,20232
1779215400,735.85,735.96,735.58,735.96,35405
1779215520,736,736.27,735.8,736.23,24589
1779215640,736.18,736.39,735.93,736.37,25630
1779215760,736.32,736.35,735.85,736,34870
1779215880,736,736.11,735.65,735.73,18105
1779216000,735.69,735.87,735.54,735.86,17468
1779216120,735.88,735.91,735.5,735.8,22147
1779216240,735.8,735.87,735.64,735.68,11753
1779216360,735.65,735.75,735.55,735.55,16795
1779216480,735.55,735.73,735.34,735.68,29735
1779216600,735.69,735.69,735.41,735.53,13960
1779216720,735.475,735.539,734.94,735.12,37357
1779216840,735.13,735.17,734.25,734.449,30411
1779216960,734.43,734.73,734.37,734.57,49062
1779217080,734.575,734.71,734.2,734.45,29343
1779217200,734.42,734.94,734.38,734.72,37361
1779217320,734.69,734.7,734.44,734.52,13980
1779217440,734.53,734.75,734.37,734.73,23994
1779217560,734.7,734.78,734.47,734.71,19322
1779217680,734.68,735.44,734.65,735.23,47595
1779217800,735.24,735.71,735.2,735.53,15770
1779217920,735.539,735.73,735.42,735.69,23950
1779218040,735.69,736.14,735.69,735.92,39812
1779218160,735.91,735.91,735.46,735.62,32034
1779218280,735.67,735.73,735.31,735.34,13954
1779218400,735.36,735.47,735.08,735.17,21201
1779218520,735.19,735.23,734.38,734.42,50442
1779218640,734.42,734.53,733.9,734.28,50894
1779218760,734.3,734.69,734.2,734.65,25826
1779218880,734.65,734.85,734.55,734.75,25605
1779219000,734.79,734.88,734.35,734.84,19831
1779219120,734.9,735.01,734.48,734.48,59424
1779219240,734.46,734.489,734.24,734.3,16534
1779219360,734.3,734.48,734,734.16,34728
1779219480,734.16,734.42,734.09,734.18,38449
1779219600,734.16,734.22,733.87,734.07,62358
1779219720,734.05,734.16,733.83,733.93,44012
1779219840,733.92,734.05,733.615,733.81,67893
1779219960,733.77,733.94,733.75,733.82,83928
1779220080,733.81,734.07,733.76,733.79,61343
1779220200,733.61,733.87,733.17,733.23,145664
1779220320,733.28,733.56,733.18,733.31,53471
1779220440,733.32,733.32,732.575,733.03,99252
1779220560,733.06,733.17,732.8,733.025,86949
1779220680,733.01,733.94,732.99,733.77,611689
1779283800,735.689,736.08,735.37,735.37,99950
1779283920,735.37,735.57,735.06,735.54,34037
1779284040,735.54,735.73,734.54,734.55,48173
1779284160,734.55,735.09,734.29,735.08,38461
1779284280,735.09,735.17,734.58,734.9,27381
1779284400,734.9,735.65,734.68,735.16,45374
1779284520,735.28,735.64,735.21,735.51,27069
1779284640,735.55,736.63,735.21,736.34,65888
1779284760,736.45,737.23,736.42,736.89,33393
1779284880,736.88,736.94,735.91,736,44089
1779285000,736.03,736.52,735.34,735.9,29472
1779285120,735.89,736.67,735.87,736.33,32405
1779285240,736.32,736.48,735.7,735.75,26153
1779285360,735.75,736.25,735.67,736.14,11812
1779285480,736.16,736.18,735.86,736.125,11520
1779285600,736.14,736.26,735.43,735.47,22656
1779285720,735.54,735.61,735.04,735.16,37399
1779285840,735.26,735.35,734.74,734.76,13426
1779285960,734.8,735.26,734.7,735.16,20837
1779286080,735.23,735.3,734.58,734.75,12505
1779286200,734.72,734.97,734.4,734.411,12742
1779286320,734.44,734.53,733.89,734.18,51898
1779286440,734.23,736.25,734.23,736.18,84532
1779286560,736.16,738.55,736.03,736.86,112557
1779286680,737,737.6,736.88,737.32,54269
1779286800,737.41,738.03,737.36,737.99,59190
1779286920,738.02,738.16,737.26,737.28,49155
1779287040,737.27,737.44,736.47,737.21,36149
1779287160,737.25,737.84,737.12,737.68,22750
1779287280,737.68,737.9,737.38,737.86,32010
1779287400,737.93,738.85,737.91,738.67,66850
1779287520,738.7,738.97,738.19,738.23,100294
1779287640,738.2,738.54,737.61,737.79,63200
1779287760,737.79,738.2,737.53,737.56,38236
1779287880,737.51,738.211,737.44,737.95,10330
1779288000,737.94,738.1,737.67,737.85,8092
1779288120,737.82,738.05,737.72,737.92,9257
1779288240,737.95,738.48,737.86,738.06,20463
1779288360,738.03,738.16,737.6,737.73,12912
1779288480,737.71,738.29,737.71,738,8890
1779288600,738.06,738.48,737.89,738.43,12860
1779288720,738.5,738.8,738.4,738.78,10660
1779288840,738.77,739.21,738.58,739.1,17814
1779288960,739.07,739.37,738.99,739.36,33629
1779289080,739.38,739.47,738.95,739.25,23493
1779289200,739.2,739.45,739.11,739.381,18049
1779289320,739.411,739.5,738.78,738.8,15999
1779289440,738.84,738.981,738.75,738.981,30397
1779289560,738.97,739,738.6,738.65,10749
1779289680,738.6,738.91,738.59,738.85,18796
1779289800,738.89,738.93,738.75,738.87,7036
1779289920,738.88,738.95,738.78,738.87,5313
1779290040,738.845,741.31,738.66,741.26,56825
1779290160,740.82,741.87,740.06,740.29,263494
1779290280,740.49,740.55,739.63,740.38,69527
1779290400,740.38,740.71,740.29,740.395,23554
1779290520,740.42,740.61,740.08,740.15,15654
1779290640,740.13,740.26,739.89,739.94,22982
1779290760,739.97,740.02,739.48,739.54,21635
1779290880,739.59,739.74,739.16,739.3,23196
1779291000,739.295,739.73,739.24,739.7,25582
1779291120,739.68,739.84,739.51,739.731,12932
1779291240,739.76,740.04,739.68,740.01,13426
1779291360,740.03,740.16,739.85,740.08,17487
1779291480,740.04,740.07,739.87,739.9,6204
1779291600,739.95,740.09,739.73,740.09,9303
1779291720,740.08,740.43,739.99,740.09,11750
1779291840,740.03,740.44,740.03,740.44,6390
1779291960,740.47,740.6,740.43,740.53,19234
1779292080,740.51,740.75,740.43,740.73,15587
1779292200,740.75,740.93,740.64,740.84,14937
1779292320,740.835,740.91,740.52,740.58,34429
1779292440,740.53,740.75,740.49,740.63,17426
1779292560,740.61,740.73,739.92,740.23,36908
1779292680,740.1,740.43,739.97,740.26,14012
1779292800,740.26,740.38,740.16,740.29,12745
1779292920,740.3,740.38,739.9,739.9,7532
1779293040,739.91,740.44,739.9,740.38,6297
1779293160,740.41,740.52,740.32,740.44,10593
1779293280,740.39,740.39,740.03,740.2,6777
1779293400,740.17,740.28,739.88,739.89,7335
1779293520,739.94,740.27,739.84,740.19,9011
1779293640,740.23,740.26,739.73,739.82,10106
1779293760,739.87,739.97,739.72,739.9,7624
1779293880,739.9,739.98,739.53,739.7,14720
1779294000,739.705,739.76,738.89,739.08,18539
1779294120,739.08,739.48,739.08,739.37,11869
1779294240,739.37,739.43,738.84,739,33370
1779294360,739,739.15,738.75,739.11,13438
1779294480,738.87,739.01,738.56,738.93,15001
1779294600,738.92,739.1,738.61,739.1,11206
1779294720,739.05,739.37,738.65,738.72,14552
1779294840,738.77,738.82,738.56,738.62,8061
1779294960,738.57,738.9,738.54,738.56,9711
1779295080,738.585,739.09,738.585,738.91,7453
1779295200,738.83,739.45,738.79,739.39,19810
1779295320,739.49,739.85,739.28,739.85,6913
1779295440,739.8,740,739.62,739.62,14689
1779295560,739.61,740.01,739.43,739.51,12868
1779295680,739.521,739.59,738.83,739.11,24872
1779295800,739.15,739.43,739.15,739.24,8357
1779295920,739.32,739.43,739.24,739.24,4686
1779296040,739.29,739.47,739.26,739.3,12320
1779296160,739.29,739.4,738.87,738.92,19110
1779296280,738.86,739.6,738.71,739.37,16225
1779296400,739.41,739.61,739.09,739.56,20421
1779296520,739.55,739.71,739.27,739.39,5830
1779296640,739.39,739.39,738.88,739.03,9093
1779296760,739.04,739.2,738.92,739.11,10498
1779296880,739.05,739.06,738.84,739.02,7866
1779297000,739.04,739.27,738.73,739.26,9562
1779297120,739.23,740.12,739.06,739.37,35708
1779297240,739.44,739.83,739.29,739.69,15201
1779297360,739.69,739.91,739.52,739.68,12358
1779297480,739.71,739.91,739.639,739.729,9722
1779297600,739.76,739.99,739.61,739.71,2734
1779297720,739.75,739.85,739.65,739.67,3507
1779297840,739.68,739.81,739.53,739.63,5026
1779297960,739.66,740.24,739.65,740.24,18474
1779298080,740.25,740.34,740,740.14,13327
1779298200,740.21,740.43,739.94,740.18,13310
1779298320,740.11,740.14,739.8,739.88,8321
1779298440,739.94,740.28,739.94,740.28,12287
1779298560,740.29,740.71,740.25,740.41,14566
1779298680,740.37,740.51,740.32,740.44,3447
1779298800,740.37,740.46,740.14,740.27,6503
1779298920,740.28,740.42,740.25,740.37,7605
1779299040,740.38,740.4,740.21,740.23,7757
1779299160,740.22,740.29,740.02,740.09,8385
1779299280,740.085,740.18,739.92,740.18,10972
1779299400,740.151,740.22,739.96,740.01,6454
1779299520,740.02,740.02,739.72,739.73,18117
1779299640,739.74,739.82,739.62,739.82,5599
1779299760,739.82,739.94,739.68,739.68,5798
1779299880,739.73,739.94,739.7,739.84,1963
1779300000,739.86,740.11,739.3,740.03,25541
1779300120,740.04,740.21,739.96,740.16,18093
1779300240,740.16,740.2,739.97,740.12,33132
1779300360,740.1,740.49,739.99,740.37,20911
1779300480,740.38,740.38,740.03,740.03,3742
1779300600,740.09,740.18,739.93,740,9317
1779300720,740.01,740.13,739.84,740.12,6443
1779300840,740.12,740.23,740.04,740.16,6205
1779300960,740.12,740.3,740.07,740.219,6584
1779301080,740.22,740.22,740.02,740.1,3651
1779301200,740.1,740.225,739.92,740.03,6268
1779301320,740.02,740.13,739.95,740.09,4039
1779301440,740.09,740.09,739.64,739.69,28034
1779301560,739.75,739.93,739.73,739.93,8018
1779301680,739.98,740.12,739.89,740.061,23946
1779301800,740.11,740.37,740.1,740.27,5246
1779301920,740.3,740.4,740.2,740.27,7940
1779302040,740.26,740.42,740.26,740.4,17265
1779302160,740.44,740.68,740.36,740.68,4961
1779302280,740.71,740.83,740.62,740.72,22178
1779302400,740.72,740.77,740.5,740.5,10460
1779302520,740.53,740.53,740.12,740.29,16208
1779302640,740.3,740.39,739.68,739.94,24210
1779302760,739.97,740.07,739.86,739.95,6402
1779302880,739.9,740.23,739.89,740.11,11263
1779303000,740.11,740.26,739.86,739.89,5128
1779303120,739.89,740.25,739.89,740.25,8952
1779303240,740.26,740.3,740.06,740.26,5495
1779303360,740.23,740.3,740.15,740.22,13987
1779303480,740.17,740.28,740.12,740.16,4947
1779303600,740.17,740.72,740.14,740.6,19740
1779303720,740.61,740.66,740.22,740.26,18248
1779303840,740.28,740.4,740.12,740.19,20076
1779303960,740.19,740.41,740.1,740.34,18395
1779304080,740.32,740.33,740.14,740.21,14278
1779304200,740.18,740.4,740.02,740.4,11866
1779304320,740.4,740.52,740.39,740.47,8629
1779304440,740.46,740.69,740.45,740.55,6365
1779304560,740.54,740.68,740.4,740.57,6925
1779304680,740.57,740.76,740.5,740.68,7962
1779304800,740.69,740.8,740.59,740.79,9480
1779304920,740.8,740.96,740.75,740.93,16326
1779305040,740.92,740.93,740.68,740.81,11099
1779305160,740.82,740.82,740.66,740.74,12757
1779305280,740.72,740.86,740.71,740.82,20424
1779305400,740.84,740.94,740.58,740.76,28514
1779305520,740.8,740.96,740.77,740.94,22930
1779305640,740.949,741.05,740.83,741.01,21460
1779305760,741.02,741.3,740.94,741.15,35498
1779305880,741.17,741.61,741.09,741.4,35508
1779306000,741.39,741.41,741.18,741.28,31723
1779306120,741.28,741.43,741.23,741.34,28129
1779306240,741.34,741.38,741,741.26,50294
1779306360,741.26,741.42,741.07,741.08,40807
1779306480,741.07,741.35,740.99,741.09,52931
1779306600,741.08,741.08,740.56,740.86,118647
1779306720,740.87,741.46,740.86,741.28,46900
1779306840,741.23,741.28,740.81,740.83,51069
1779306960,740.83,741.22,740.78,741.22,66737
1779307080,741.23,741.4,741.15,741.29,162301
1779370200,738.68,738.68,737.62,737.71,106944
1779370320,737.72,738.09,737.655,737.79,41240
1779370440,737.83,738.58,737.79,738.17,44175
1779370560,738.19,738.27,737.76,738.15,52607
1779370680,738.15,738.31,737.53,737.71,40759
1779370800,737.62,738.28,737.51,738.01,45169
1779370920,738,738.04,737.55,737.58,28904
1779371040,737.54,738.17,737.47,738.02,18250
1779371160,738.08,738.35,737.67,737.71,53846
1779371280,737.76,737.89,737.43,737.56,55021
1779371400,737.56,738.46,737.54,738.34,47161
1779371520,738.15,739.61,738.15,739.11,126817
1779371640,739.159,740.18,738.99,739.71,49006
1779371760,739.7,739.74,739.26,739.31,15775
1779371880,739.26,739.85,739.11,739.85,13932
1779372000,739.79,740.23,739.65,740.16,25377
1779372120,740.16,740.61,740.16,740.43,46797
1779372240,740.39,740.48,740,740.05,22639
1779372360,740.13,740.15,739.64,739.81,22908
1779372480,739.82,740.39,739.77,740.36,11989
1779372600,740.39,740.44,740.08,740.11,11901
1779372720,740.12,740.13,739.27,739.45,20969
1779372840,739.38,740.11,738.57,738.61,52671
1779372960,738.53,739.42,738.35,738.92,21796
1779373080,738.89,739,738.225,738.23,24148
1779373200,738.24,738.42,737.44,737.73,40792
1779373320,737.69,738.42,737.6,738.04,37029
1779373440,738.01,738.34,737.78,738.16,20661
1779373560,738.17,738.46,737.73,738.45,23170
1779373680,738.44,738.59,738.07,738.49,12563
1779373800,738.48,739.26,738.46,738.79,33574
1779373920,738.81,738.98,738.23,738.249,13807
1779374040,738.23,738.87,738.17,738.71,20467
1779374160,738.71,739.07,738.54,739,8516
1779374280,739.01,739.13,738.81,738.92,12790
1779374400,738.94,739.02,738,738.271,14311
1779374520,738.331,738.8,738.11,738.6,9007
1779374640,738.58,738.74,738.15,738.71,6710
1779374760,738.74,738.79,737.93,738.06,11454
1779374880,738.06,738.28,737.6,738.11,11239
1779375000,738.16,738.35,737.73,738.2,8280
1779375120,738.201,738.53,738.12,738.28,10167
1779375240,738.32,738.83,738.29,738.66,10328
1779375360,738.71,738.74,738.5,738.55,6374
1779375480,738.46,739.23,738.46,738.95,14376
1779375600,738.95,739.13,738.44,738.7,14925
1779375720,738.8,739.09,738.6,738.63,9264
1779375840,738.58,738.62,737.98,738.11,10570
1779375960,738.11,738.35,737.47,737.67,19738
1779376080,737.65,737.75,737.26,737.67,20995
1779376200,737.58,737.9,737.15,737.86,42006
1779376320,737.81,739.21,737.8,739.17,32044
1779376440,739.14,739.32,738.19,738.96,47287
1779376560,739.03,739.17,738.73,738.9,21270
1779376680,738.88,739.07,738.67,738.99,15172
1779376800,738.97,739.11,738.75,738.85,7947
1779376920,738.84,739.37,738.69,739.02,17714
1779377040,739.04,739.22,738.73,738.82,20773
1779377160,738.77,739.04,738.72,738.81,8773
1779377280,738.76,739.09,738.71,738.8,10026
1779377400,738.86,738.97,738.2,738.22,22512
1779377520,738.3,738.481,738.15,738.43,9456
1779377640,738.43,738.58,737.82,738.45,15507
1779377760,738.41,738.84,738.01,738.84,10451
1779377880,738.83,738.97,738.64,738.921,9169
1779378000,738.98,739.07,738.79,738.79,8471
1779378120,738.78,739.34,738.72,739.2,9243
1779378240,739.2,739.35,738.85,739.35,7492
1779378360,739.36,739.575,739.33,739.53,9285
1779378480,739.55,739.71,739.45,739.7,8956
1779378600,739.7,739.81,739.42,739.56,7903
1779378720,739.54,739.62,739.41,739.62,7588
1779378840,739.62,739.71,739.33,739.47,4380
1779378960,739.47,739.65,739.33,739.56,4290
1779379080,739.56,739.65,739.21,739.28,5856
1779379200,739.28,739.89,739.27,739.66,5080
1779379320,739.64,739.76,739.47,739.68,4017
1779379440,739.69,739.85,739.63,739.69,7258
1779379560,739.68,739.86,739.36,739.771,10615
1779379680,739.78,739.95,739.71,739.915,9945
1779379800,739.92,739.925,739.46,739.78,31991
1779379920,739.82,739.82,739.22,739.47,30172
1779380040,739.49,739.51,739.11,739.279,5159
1779380160,739.26,739.49,739.13,739.47,6803
1779380280,739.44,739.47,739.06,739.17,7063
1779380400,739.16,739.33,739.03,739.16,7491
1779380520,739.17,739.17,738.38,738.77,18916
1779380640,738.77,738.9,738.52,738.7,9531
1779380760,738.68,738.86,738.58,738.84,12965
1779380880,738.84,738.88,738.64,738.78,9354
1779381000,738.82,739,738.71,738.73,8583
1779381120,738.74,739.16,738.66,739.16,16632
1779381240,739.09,739.17,738.93,739.1,6856
1779381360,739.07,739.12,738.76,738.82,10141
1779381480,738.83,738.83,738.4,738.72,23995
1779381600,738.73,738.8,738.57,738.76,4557
1779381720,738.77,738.99,738.75,738.87,9229
1779381840,738.82,739.17,738.81,739.03,11295
1779381960,739.02,739.02,738.45,738.551,16877
1779382080,738.56,738.72,738.28,738.48,9195
1779382200,738.48,738.59,738.09,738.59,6633
1779382320,738.59,738.75,738.4,738.67,8025
1779382440,738.66,738.81,738.55,738.77,5758
1779382560,738.78,738.93,738.69,738.805,12182
1779382680,738.82,738.92,738.67,738.91,6277
1779382800,738.92,739.3,738.92,739.15,20803
1779382920,739.22,739.34,738.99,739.18,15678
1779383040,739.19,739.255,739.04,739.17,7795
1779383160,739.15,739.28,739.02,739.16,8484
1779383280,739.18,739.21,739.02,739.1,9270
1779383400,739.05,741.14,739.02,740.559,110970
1779383520,740.58,740.77,739.92,740.1,33588
1779383640,740.08,741.16,740,741.1,32443
1779383760,741.12,742.43,741.09,741.64,102579
1779383880,741.69,741.84,741.27,741.78,39242
1779384000,741.79,742.895,741.74,742.82,69060
1779384120,742.86,743.05,741.08,741.51,87368
1779384240,741.52,742.25,741.47,742.02,25460
1779384360,742.1,742.28,741.87,741.9,14696
1779384480,741.86,742.23,741.79,742.15,10594
1779384600,742.15,742.67,742.1,742.66,24995
1779384720,742.67,742.67,742,742.1,41787
1779384840,742.06,742.69,741.97,742.56,20388
1779384960,742.54,742.84,742.54,742.59,16387
1779385080,742.62,742.81,742.46,742.81,11423
1779385200,742.8,743.61,742.8,743.41,24763
1779385320,743.525,743.545,743.11,743.2,44912
1779385440,743.24,743.69,743.15,743.27,19244
1779385560,743.27,743.61,743.27,743.49,10552
1779385680,743.51,743.85,743.46,743.83,18747
1779385800,743.84,744.14,743.63,744.09,24829
1779385920,744.11,744.51,744.11,744.3,52369
1779386040,744.27,744.87,744.25,744.32,22442
1779386160,744.32,744.48,744.13,744.14,31834
1779386280,744.14,744.22,743.67,743.68,30820
1779386400,743.68,744.11,743.38,743.52,20302
1779386520,743.41,743.84,743.41,743.78,18175
1779386640,743.84,743.84,742.75,742.99,28564
1779386760,743,743.39,742.93,743.37,39314
1779386880,743.4,743.67,743.23,743.48,10245
1779387000,743.49,743.56,742.9,743.15,23777
1779387120,743.16,743.37,742.96,743.1,20910
1779387240,743.06,743.09,742.68,742.83,14753
1779387360,742.82,742.91,742.58,742.775,8053
1779387480,742.74,743.22,742.72,743.17,6577
1779387600,743.17,743.53,743.17,743.39,8491
1779387720,743.34,743.39,743.03,743.19,14176
1779387840,743.22,743.63,743.22,743.49,13222
1779387960,743.5,743.5,743.24,743.31,15499
1779388080,743.31,743.64,743.3,743.34,13250
1779388200,743.38,743.56,743.12,743.47,5353
1779388320,743.41,743.53,743.18,743.25,8657
1779388440,743.22,743.32,743.17,743.215,7865
1779388560,743.21,743.4,743.11,743.22,8925
1779388680,743.24,743.24,742.95,743.1,9473
1779388800,743.09,743.56,743.08,743.43,19125
1779388920,743.41,743.62,743.41,743.55,10835
1779389040,743.57,743.71,743.28,743.39,12929
1779389160,743.36,743.39,742.97,743.13,10726
1779389280,743.14,743.2,742.1,742.39,64071
1779389400,742.42,742.94,742.32,742.94,17630
1779389520,742.74,742.74,741.11,741.21,54348
1779389640,741.19,741.58,740.08,740.41,49503
1779389760,740.45,740.75,740.2,740.57,50971
1779389880,740.585,741.04,740.31,741.02,12900
1779390000,741.02,741.68,741.01,741.59,14868
1779390120,741.61,741.89,741.31,741.82,12786
1779390240,741.83,741.94,741.61,741.64,16829
1779390360,741.66,741.81,741.24,741.55,20799
1779390480,741.5,742.42,741.44,742.41,13416
1779390600,742.4,742.54,742.08,742.11,12842
1779390720,742.11,742.46,742.04,742.31,17160
1779390840,742.34,742.69,742.225,742.66,15764
1779390960,742.7,742.8,742.42,742.7,9997
1779391080,742.75,742.83,742.66,742.8,20496
1779391200,742.77,742.87,742.44,742.51,12192
1779391320,742.51,742.78,742.4,742.72,11290
1779391440,742.74,742.77,742.48,742.63,25815
1779391560,742.65,742.72,742.55,742.57,13515
1779391680,742.56,742.87,742.33,742.68,27087
1779391800,742.65,742.86,742.49,742.76,21996
1779391920,742.79,742.79,742.45,742.45,10662
1779392040,742.445,742.81,742.355,742.77,11916
1779392160,742.77,742.84,742.61,742.71,8866
1779392280,742.7,742.81,742.66,742.71,5683
1779392400,742.7,742.98,742.43,742.44,20434
1779392520,742.45,742.53,742.08,742.52,27069
1779392640,742.52,742.61,742.15,742.3,21770
1779392760,742.28,742.78,742.2,742.67,31934
1779392880,742.67,742.82,742.51,742.61,35254
1779393000,742.66,743,742.5,742.76,44037
1779393120,742.73,742.86,742.48,742.56,41468
1779393240,742.51,742.59,741.93,742.43,86453
1779393360,742.42,743.15,742.28,742.96,121967
1779393480,742.97,743.12,742.57,742.71,143480
1779456600,746.2,747.09,745.65,747.03,59996
1779456720,747.08,747.34,746.64,746.72,31558
1779456840,746.69,747.3,746.65,747.15,30054
1779456960,747.195,747.75,747.1,747.75,24350
1779457080,747.79,747.97,747.57,747.79,23427
1779457200,747.82,748.15,747.45,747.7,32685
1779457320,747.7,747.74,746.94,747.61,73974
1779457440,747.59,747.94,747.22,747.91,41513
1779457560,747.92,748.08,747.77,747.97,21868
1779457680,747.94,747.96,747.06,747.39,30858
1779457800,747.37,747.45,746.63,746.95,37183
1779457920,746.97,747.13,746.65,746.99,22100
1779458040,747,747.38,746.84,746.96,28260
1779458160,746.96,747.15,746.78,747.02,13647
1779458280,747.04,747.54,746.82,747.54,13428
1779458400,747.54,747.54,746.26,746.3,41398
1779458520,746.28,746.52,745.85,746.2,29120
1779458640,746.19,746.35,745.91,746.08,22728
1779458760,746.12,746.12,745.28,745.66,30399
1779458880,745.71,746.22,745.71,746.13,27730
1779459000,746.14,746.36,746,746.17,12399
1779459120,746.16,746.339,745.54,745.669,13948
1779459240,745.68,746.06,745.47,745.929,10987
1779459360,745.94,746.04,745.7,745.71,6442
1779459480,745.7,745.74,745.4,745.44,22892
1779459600,745.44,745.59,745.17,745.26,22624
1779459720,745.26,745.3,744.53,744.53,11066
1779459840,744.51,745.27,744.49,745.27,15828
1779459960,745.26,745.44,745.15,745.38,8122
1779460080,745.38,745.72,745.28,745.69,15255
1779460200,745.69,745.83,745.48,745.75,17004
1779460320,745.7,745.82,745.46,745.795,10837
1779460440,745.81,746.1,745.81,745.97,20300
1779460560,745.96,746.32,745.96,746.3,11693
1779460680,746.27,746.29,745.97,746.05,6742
1779460800,746.05,746.37,746.01,746.36,8780
1779460920,746.36,746.51,746.13,746.195,8157
1779461040,746.2,746.43,746.09,746.1,6266
1779461160,746.1,746.14,745.79,746.01,5417
1779461280,746.02,746.42,746.02,746.16,17389
1779461400,746.14,746.14,745.91,746.05,8038
1779461520,746.09,746.19,745.97,746.07,6920
1779461640,746.09,746.37,745.98,746.34,10466
1779461760,746.36,746.61,746.34,746.54,18211
1779461880,746.53,746.72,746.43,746.49,16982
1779462000,746.52,746.79,746.46,746.73,10913
1779462120,746.73,746.75,746.54,746.63,10914
1779462240,746.65,747.04,746.62,747.01,12328
1779462360,747.04,747.13,746.76,746.88,9934
1779462480,746.861,747.06,746.71,747.05,6435
1779462600,747.07,747.1,746.725,746.74,6461
1779462720,746.74,746.99,746.74,746.961,4543
1779462840,746.99,747.07,746.86,747.04,7058
1779462960,747.09,747.17,747.08,747.12,7031
1779463080,747.09,747.46,747.09,747.41,23015
1779463200,747.45,747.45,747.27,747.36,11384
1779463320,747.36,747.42,747.07,747.21,13938
1779463440,747.21,747.38,747.09,747.37,9044
1779463560,747.38,747.63,747.38,747.63,11448
1779463680,747.63,747.88,747.59,747.88,19483
1779463800,747.89,748.05,747.71,747.75,14338
1779463920,747.74,747.75,747.55,747.55,13891
1779464040,747.57,747.75,747.47,747.75,10280
1779464160,747.76,747.85,747.63,747.68,6733
1779464280,747.7,747.74,747.56,747.67,7588
1779464400,747.67,747.77,747.43,747.52,8932
1779464520,747.52,747.73,747.5,747.64,11970
1779464640,747.62,747.75,747.59,747.62,7797
1779464760,747.65,747.791,747.53,747.59,7293
1779464880,747.581,747.61,747.31,747.36,9383
1779465000,747.36,747.7,747.35,747.66,12004
1779465120,747.68,747.73,747.52,747.73,6515
1779465240,747.72,747.72,747.44,747.51,10661
1779465360,747.53,747.69,747.45,747.46,7494
1779465480,747.46,747.685,747.46,747.62,7598
1779465600,747.6,747.7,747.23,747.68,16756
1779465720,747.67,747.74,747.57,747.68,5941
1779465840,747.68,747.69,747.47,747.57,4617
1779465960,747.58,747.58,747.33,747.495,8937
1779466080,747.48,747.56,747.25,747.32,3837
1779466200,747.35,747.47,747.19,747.45,6097
1779466320,747.41,747.55,747.38,747.5,5898
1779466440,747.49,747.53,746.91,746.96,12391
1779466560,746.97,747.29,746.97,747.19,7516
1779466680,747.12,747.18,746.92,746.94,8632
1779466800,746.9,747.31,746.85,747.26,9926
1779466920,747.245,747.35,747.02,747.06,3205
1779467040,747.04,747.14,746.9,747.13,6040
1779467160,747.14,747.33,747.11,747.32,17450
1779467280,747.315,747.38,747.11,747.38,6303
1779467400,747.4,747.62,747.37,747.59,9367
1779467520,747.6,747.63,747.24,747.289,7512
1779467640,747.29,747.29,746.89,747.13,11183
1779467760,747.08,747.34,747.08,747.31,8086
1779467880,747.34,747.36,746.87,747,4200
1779468000,746.97,747.1,746.93,747.05,4147
1779468120,747.04,747.12,746.96,747.11,3655
1779468240,747.12,747.28,747,747.23,4655
1779468360,747.26,747.55,747.26,747.35,8326
1779468480,747.37,747.4,747.11,747.18,4801
1779468600,747.17,747.31,747.135,747.18,4361
1779468720,747.19,747.4,747.07,747.36,4873
1779468840,747.37,747.5,747.32,747.37,7119
1779468960,747.37,747.46,747.06,747.23,6543
1779469080,747.22,747.36,747.2,747.28,3366
1779469200,747.31,747.67,747.3,747.66,11034
1779469320,747.65,747.76,747.65,747.68,8539
1779469440,747.66,747.87,747.66,747.85,10224
1779469560,747.84,747.84,747.66,747.8,9733
1779469680,747.78,747.78,747.65,747.73,5349
1779469800,747.74,747.86,747.68,747.75,5253
1779469920,747.76,747.76,747.58,747.66,13298
1779470040,747.65,747.8,747.59,747.72,6651
1779470160,747.71,747.71,747.6,747.69,3992
1779470280,747.67,747.7,746.76,747.1,14846
1779470400,746.84,747.36,746.63,747.3,63979
1779470520,747.27,747.41,747.18,747.24,8031
1779470640,747.23,747.6,747.17,747.57,12830
1779470760,747.58,747.67,747.46,747.66,6684
1779470880,747.65,748.77,747.59,748.75,133024
1779471000,748.74,748.92,748.31,748.38,99074
1779471120,748.37,748.58,747.94,748.025,28735
1779471240,747.97,748.19,747.83,748.14,6998
1779471360,748.12,748.14,747.8,748.08,4302
1779471480,748.05,748.4,748.05,748.29,15023
1779471600,748.29,748.3,748.11,748.2,9018
1779471720,748.16,748.34,748.12,748.28,11932
1779471840,748.27,748.36,747.93,747.97,18936
1779471960,747.96,748.02,747.83,747.93,10152
1779472080,747.94,748.03,747.72,747.73,4496
1779472200,747.76,747.805,747.39,747.68,20756
1779472320,747.69,747.69,747.45,747.49,2142
1779472440,747.48,747.51,747.11,747.44,10358
1779472560,747.45,747.62,747.25,747.61,7245
1779472680,747.59,747.61,747.27,747.37,8522
1779472800,747.38,747.48,747.18,747.4,8306
1779472920,747.4,747.68,747.37,747.57,7368
1779473040,747.57,747.66,746.82,747.26,54438
1779473160,747.28,747.42,747.139,747.369,4611
1779473280,747.37,747.44,747.31,747.35,25746
1779473400,747.32,747.47,747.13,747.195,6284
1779473520,747.2,747.2,747.01,747.149,8519
1779473640,747.13,747.27,747.03,747.07,11012
1779473760,747.06,747.21,746.99,747.19,20696
1779473880,747.15,747.48,747.15,747.32,9130
1779474000,747.34,747.49,747.24,747.44,8910
1779474120,747.4,747.51,747.32,747.43,9546
1779474240,747.43,747.57,747.39,747.4,10125
1779474360,747.39,747.43,747.2,747.42,10385
1779474480,747.4,747.4,747.21,747.34,4534
1779474600,747.31,747.35,747.07,747.23,8266
1779474720,747.24,747.37,747.21,747.23,4883
1779474840,747.23,747.27,747.06,747.08,6102
1779474960,747.08,747.17,747,747.07,6624
1779475080,747.07,747.46,746.82,747.19,29785
1779475200,747.17,747.47,747.16,747.37,13369
1779475320,747.369,747.46,747.31,747.45,8032
1779475440,747.45,747.46,747.18,747.18,10347
1779475560,747.2,747.32,746.94,747.02,11504
1779475680,747.02,747.16,747.02,747.09,9904
1779475800,747.07,747.23,747.02,747.19,9433
1779475920,747.18,747.38,747.07,747.34,11176
1779476040,747.34,747.43,747.18,747.27,3445
1779476160,747.3,747.33,747.19,747.23,6857
1779476280,747.23,747.28,747.12,747.12,7131
1779476400,747.12,747.27,746.86,746.86,22211
1779476520,746.875,747.18,746.19,746.44,66665
1779476640,746.44,746.63,746.35,746.57,8523
1779476760,746.57,746.57,746.14,746.4,12194
1779476880,746.4,746.5,746.23,746.48,11893
1779477000,746.45,746.62,746.39,746.49,12897
1779477120,746.5,746.63,746.43,746.46,9212
1779477240,746.46,746.46,746.17,746.28,33070
1779477360,746.25,746.27,746.02,746.22,24246
1779477480,746.2,746.44,746.18,746.36,13208
1779477600,746.35,746.35,745.98,746.05,32099
1779477720,746.04,746.23,745.98,746.2,20859
1779477840,746.2,746.3,746.07,746.08,16000
1779477960,746.05,746.05,745.91,745.95,33182
1779478080,745.95,746.02,745.5,745.58,40630
1779478200,745.58,745.74,745.26,745.62,34246
1779478320,745.62,745.9,745.51,745.84,19960
1779478440,745.84,745.95,745.73,745.95,21483
1779478560,745.93,746.12,745.88,745.92,29529
1779478680,745.91,745.96,745.65,745.87,28421
1779478800,745.84,745.94,745.49,745.56,30197
1779478920,745.56,745.63,745.31,745.61,35473
1779479040,745.61,745.75,745.36,745.38,39622
1779479160,745.37,745.37,744.955,745.28,35445
1779479280,745.24,745.47,745.21,745.46,28589
1779479400,745.46,745.73,745.03,745.4,87368
1779479520,745.4,745.66,745.35,745.38,41188
1779479640,745.38,745.78,745.23,745.74,67832
1779479760,745.74,746.04,745.63,745.96,146513
1779479880,745.96,746.21,745.43,745.6,250173
1779802200,750.05,750.43,749.55,749.62,86962
1779802320,749.62,749.87,749.61,749.68,41982
1779802440,749.69,749.7,749.2,749.21,59228
1779802560,749.21,749.84,749.13,749.78,47275
1779802680,749.79,749.99,749.69,749.73,36057
1779802800,749.75,750.39,749.69,750.35,35658
1779802920,750.36,750.44,750.22,750.29,24486
1779803040,750.29,750.96,750.28,750.89,44569
1779803160,750.91,751.12,750.83,750.98,36459
1779803280,750.98,751.05,750.9,750.96,39532
1779803400,751.01,751.02,750.17,750.23,23084
1779803520,750.27,750.57,749.59,749.87,40269
1779803640,749.89,750.5,749.84,750.5,21271
1779803760,750.49,750.65,750.38,750.62,11521
1779803880,750.62,750.75,750.47,750.75,13530
1779804000,750.78,750.9,750.54,750.81,21821
1779804120,750.83,751.06,750.72,751.06,11216
1779804240,751.03,751.21,750.99,751.17,18848
1779804360,751.19,751.41,751.13,751.25,24779
1779804480,751.27,751.38,751.18,751.3,15651
1779804600,751.32,751.45,751.12,751.24,20426
1779804720,751.24,751.3,751.06,751.23,17811
1779804840,751.26,751.48,751.22,751.25,16282
1779804960,751.26,751.41,751.19,751.3,13674
1779805080,751.3,751.64,751.26,751.6,22838
1779805200,751.59,751.79,751.499,751.569,26990
1779805320,751.56,751.799,751.54,751.64,14817
1779805440,751.63,751.785,751.46,751.71,23306
1779805560,751.71,751.86,751.64,751.64,14767
1779805680,751.65,751.7,751.31,751.55,23082
1779805800,751.54,751.77,751.45,751.51,11879
1779805920,751.52,751.61,751.35,751.5,13117
1779806040,751.52,751.95,751.37,751.95,18007
1779806160,751.93,752.1,751.91,752.04,17732
1779806280,752.03,752.04,751.71,751.715,15627
1779806400,751.73,752.12,751.73,752,14812
1779806520,752.01,752.09,751.89,751.95,10864
1779806640,751.98,752.04,751.89,752.02,8356
1779806760,752.02,752.06,751.87,751.87,12450
1779806880,751.86,751.91,751.71,751.72,25311
1779807000,751.73,752.02,751.68,751.91,12565
1779807120,751.89,751.94,751.58,751.68,9586
1779807240,751.67,751.67,751.375,751.41,9832
1779807360,751.4,751.49,751.16,751.32,19649
1779807480,751.32,751.52,751.2,751.38,8007
1779807600,751.41,751.46,750.95,750.95,10298
1779807720,750.95,750.99,750.64,750.94,20666
1779807840,750.93,750.96,750.7,750.79,10372
1779807960,750.77,750.84,750.365,750.63,14237
1779808080,750.64,750.93,750.63,750.9,29033
1779808200,750.88,750.96,750.51,750.55,21384
1779808320,750.55,750.71,750.49,750.62,31261
1779808440,750.6,750.65,750.35,750.36,18815
1779808560,750.35,750.38,750.06,750.07,12848
1779808680,750.08,750.52,750.08,750.41,32374
1779808800,750.39,750.45,750.08,750.11,20162
1779808920,750.1,750.21,750.02,750.06,9146
1779809040,750.1,750.34,749.98,750.34,26305
1779809160,750.35,750.42,749.91,749.915,17501
1779809280,749.92,750.14,749.73,749.829,16012
1779809400,749.85,750,749.55,749.65,30138
1779809520,749.66,749.94,749.62,749.87,19883
1779809640,749.87,749.98,749.78,749.9,15937
1779809760,749.89,749.9,749.18,749.42,31591
1779809880,749.46,749.84,749.405,749.839,23999
1779810000,749.83,749.87,749.47,749.72,15673
1779810120,749.73,749.8,749.33,749.46,10817
1779810240,749.42,749.46,749.08,749.34,12961
1779810360,749.33,749.41,748.97,749.18,17144
1779810480,749.28,749.41,749.01,749.11,17025
1779810600,749.08,749.18,748.92,749.07,20387
1779810720,749.065,749.08,748.73,748.73,13133
1779810840,748.71,748.8,748.38,748.46,22924
1779810960,748.44,748.83,748.37,748.79,15947
1779811080,748.79,749,748.7,748.93,19360
1779811200,748.93,749.35,748.93,749.34,22587
1779811320,749.35,749.41,749.24,749.39,20707
1779811440,749.39,749.39,749.195,749.35,14398
1779811560,749.34,749.38,748.94,748.99,10631
1779811680,748.92,748.96,748.8,748.87,9004
1779811800,748.86,748.9,748.63,748.81,7326
1779811920,748.8,749.15,748.8,749.09,20796
1779812040,749.05,749.1,748.84,748.84,10796
1779812160,748.81,749.18,748.81,749.18,14136
1779812280,749.18,749.35,749.1,749.32,14231
1779812400,749.34,749.35,749.16,749.31,13886
1779812520,749.32,749.48,749.3,749.38,12324
1779812640,749.39,749.57,749.309,749.56,14135
1779812760,749.56,749.65,749.53,749.61,17870
1779812880,749.59,749.76,749.48,749.73,15974
1779813000,749.74,749.9,749.7,749.79,18282
1779813120,749.81,750,749.81,749.91,19543
1779813240,749.9,750.02,749.86,749.97,23737
1779813360,749.96,750.02,749.71,749.79,29779
1779813480,749.79,749.93,749.72,749.72,13545
1779813600,749.7,749.7,749.31,749.45,21936
1779813720,749.44,749.44,749.26,749.32,7483
1779813840,749.31,749.39,749.13,749.329,13694
1779813960,749.3,749.44,749.19,749.23,13203
1779814080,749.22,749.27,748.87,748.87,27860
1779814200,748.87,749.17,748.87,749.12,16054
1779814320,749.13,749.17,748.9,749.03,13303
1779814440,749.03,749.29,749.02,749.16,8530
1779814560,749.19,749.24,749.02,749.03,8345
1779814680,749.08,749.09,748.96,749.01,8875
1779814800,749,749.39,748.92,749.37,11420
1779814920,749.37,749.42,749.26,749.3,15773
1779815040,749.28,749.28,749.02,749.06,13101
1779815160,749.13,749.28,749.08,749.12,8166
1779815280,749.14,749.22,749,749.12,6552
1779815400,749.12,749.23,749.01,749.19,10473
1779815520,749.19,749.34,749.19,749.33,9762
1779815640,749.35,749.39,749.23,749.26,7126
1779815760,749.24,749.26,748.98,748.99,11478
1779815880,749.02,749.1,748.77,748.81,15427
1779816000,748.8,749,748.69,748.98,11584
1779816120,748.97,749.03,748.78,748.78,7758
1779816240,748.74,748.75,748.52,748.6,9442
1779816360,748.63,748.82,748.63,748.785,8074
1779816480,748.785,748.785,748.53,748.65,7420
1779816600,748.65,748.77,748.495,748.76,9533
1779816720,748.76,749.07,748.75,749.03,10391
1779816840,749.03,749.08,748.9,748.9,15512
1779816960,748.9,749.13,748.84,749.1,11703
1779817080,749.119,749.15,748.85,748.85,17575
1779817200,748.84,748.85,748.62,748.76,18267
1779817320,748.75,748.97,748.75,748.97,9818
1779817440,748.95,749.03,748.84,749.03,8719
1779817560,749.03,749.07,748.945,749.07,7048
1779817680,749.07,749.24,749.06,749.21,12334
1779817800,749.21,749.32,749.15,749.27,10111
1779817920,749.27,749.32,749.18,749.28,15834
1779818040,749.28,749.285,748.93,748.95,7533
1779818160,748.96,748.99,748.781,748.98,11123
1779818280,748.97,749.11,748.95,749.03,14061
1779818400,749.03,749.09,748.8,748.89,9753
1779818520,748.87,749.1,748.81,749.09,15466
1779818640,749.09,749.24,749.08,749.13,7812
1779818760,749.165,749.27,749.13,749.17,8448
1779818880,749.17,749.4,749.17,749.4,10655
1779819000,749.41,749.67,749.4,749.67,17619
1779819120,749.67,749.7,749.53,749.58,17452
1779819240,749.58,749.8,749.519,749.76,16294
1779819360,749.77,749.79,749.64,749.76,17370
1779819480,749.74,749.92,749.68,749.92,14849
1779819600,749.93,749.97,749.73,749.84,19470
1779819720,749.8,749.99,749.79,749.97,18088
1779819840,749.98,750,749.81,749.94,10797
1779819960,749.94,749.96,749.75,749.83,15863
1779820080,749.805,749.86,749.61,749.65,12871
1779820200,749.64,749.98,749.64,749.92,14012
1779820320,749.92,749.99,749.82,749.98,8964
1779820440,749.98,750,749.82,749.83,14765
1779820560,749.835,749.89,749.72,749.73,18210
1779820680,749.73,749.81,749.64,749.71,24351
1779820800,749.71,749.72,749.42,749.56,19482
1779820920,749.56,749.63,749.48,749.5,15307
1779821040,749.49,749.52,749.36,749.4,11732
1779821160,749.4,749.54,749.39,749.43,13018
1779821280,749.44,749.49,749.27,749.31,10262
1779821400,749.31,749.47,749.19,749.46,13888
1779821520,749.46,749.58,749.39,749.42,14198
1779821640,749.42,749.47,749.33,749.34,18004
1779821760,749.35,749.38,749.14,749.24,26085
1779821880,749.245,749.26,749.04,749.09,11402
1779822000,749.09,749.16,748.85,748.94,15907
1779822120,748.95,749.21,748.93,749.21,29982
1779822240,749.2,749.27,749.095,749.12,16456
1779822360,749.13,749.38,749.07,749.27,17813
1779822480,749.27,749.43,749.24,749.41,17027
1779822600,749.41,749.44,749.34,749.35,20664
1779822720,749.355,749.37,749.18,749.22,15717
1779822840,749.22,749.31,749.16,749.28,21710
1779822960,749.28,749.48,749.21,749.48,12714
1779823080,749.48,749.52,749.39,749.43,25906
1779823200,749.43,749.53,749.34,749.41,14497
1779823320,749.415,749.56,749.41,749.56,16795
1779823440,749.55,749.57,749.43,749.51,10454
1779823560,749.52,749.57,749.44,749.47,10926
1779823680,749.48,749.53,749.39,749.51,19931
1779823800,749.5,749.81,749.5,749.81,23377
1779823920,749.81,749.81,749.72,749.79,27375
1779824040,749.79,749.95,749.79,749.94,32792
1779824160,749.935,750.17,749.93,750.09,35367
1779824280,750.09,750.23,750.05,750.22,44723
1779824400,750.2,750.41,750.16,750.38,23541
1779824520,750.39,750.44,750.33,750.43,15026
1779824640,750.43,750.6,750.36,750.58,36156
1779824760,750.59,750.7,750.53,750.61,31582
1779824880,750.62,750.71,750.47,750.59,30055
1779825000,750.63,750.77,750.42,750.59,48685
1779825120,750.571,750.86,750.57,750.83,72240
1779825240,750.82,750.87,750.53,750.57,64057
1779825360,750.57,750.63,750.44,750.48,53116
1779825480,750.49,750.51,750.04,750.45,253925
1779888600,750.909,751.28,750.65,750.84,96328
1779888720,750.825,750.96,750.6,750.69,59086
1779888840,750.68,751.01,750.66,750.85,64226
1779888960,750.86,751.13,750.43,750.48,71851
1779889080,750.51,750.66,750.26,750.53,43382
1779889200,750.53,750.53,750.13,750.15,68699
1779889320,750.13,750.29,749.63,749.65,77102
1779889440,749.64,750.08,749.23,750.07,72882
1779889560,750.07,750.07,749.41,749.42,55287
1779889680,749.43,749.83,749.4,749.56,41946
1779889800,749.56,750.25,749.53,750.25,55233
1779889920,750.23,750.43,750.11,750.27,54159
1779890040,750.28,750.39,749.85,749.87,29104
1779890160,749.93,750.51,749.89,750.35,20253
1779890280,750.36,750.77,750.01,750.49,71146
1779890400,750.5,751.07,750.209,751.06,37376
1779890520,751.08,751.269,750.96,751.01,27310
1779890640,750.99,751.3,750.88,751.07,18970
1779890760,751.07,751.19,750.36,750.49,31178
1779890880,750.49,750.68,750.16,750.62,23506
1779891000,750.62,750.72,750.26,750.27,19789
1779891120,750.26,750.78,750.26,750.78,18017
1779891240,750.79,750.89,750.62,750.715,16386
1779891360,750.76,751.35,750.74,751.24,31739
1779891480,751.239,751.32,751.079,751.25,23655
1779891600,751.25,751.37,750.62,750.69,37684
1779891720,750.7,750.89,750.455,750.549,15526
1779891840,750.52,750.52,749.77,749.79,31581
1779891960,749.83,750.02,749.55,749.55,64571
1779892080,749.56,750.12,749.55,750.07,38846
1779892200,750,750.65,749.98,750.6,30518
1779892320,750.61,750.61,749.29,749.57,42148
1779892440,749.55,750.44,749.55,750.37,23563
1779892560,750.38,750.67,750.27,750.6,28505
1779892680,750.6,750.93,750.56,750.93,27802
1779892800,750.92,751.02,750.78,750.83,10625
1779892920,750.79,750.84,750.21,750.65,31237
1779893040,750.66,750.665,750.25,750.32,13144
1779893160,750.29,750.56,750.27,750.51,9809
1779893280,750.51,750.57,750,750,17038
1779893400,749.99,750.29,749.97,750.05,9723
1779893520,750.03,750.29,750.03,750.25,9807
1779893640,750.28,750.41,749.99,750.01,13049
1779893760,750.02,750.02,749.48,749.67,16524
1779893880,749.64,749.87,749.61,749.68,7832
1779894000,749.685,749.91,749.42,749.91,37466
1779894120,749.89,750.08,749.76,749.99,8803
1779894240,749.97,750.03,749.53,749.64,20747
1779894360,749.66,749.94,749.65,749.93,7938
1779894480,749.93,750.14,749.85,750.01,9237
1779894600,750.019,750.12,749.94,750.08,17636
1779894720,750.09,750.09,749.77,750,10174
1779894840,749.99,750.03,749.4,749.45,39616
1779894960,749.47,749.65,749.44,749.49,14159
1779895080,749.48,749.68,749.13,749.17,15625
1779895200,749.14,749.37,748.91,748.94,16497
1779895320,748.95,749.27,748.91,749.14,14533
1779895440,749.11,749.55,749.1,749.41,12664
1779895560,749.38,749.54,749.23,749.32,10612
1779895680,749.32,749.54,749.25,749.54,18369
1779895800,749.54,750.15,749.54,749.99,21268
1779895920,750.02,750.2,749.92,749.96,15874
1779896040,749.98,749.98,749.4,749.41,23725
1779896160,749.4,749.48,749.2,749.41,15950
1779896280,749.41,749.49,749.1,749.12,17518
1779896400,749.13,749.39,749.08,749.33,28377
1779896520,749.33,749.44,748.9,748.91,29618
1779896640,748.91,749.05,748.54,748.77,34617
1779896760,748.829,748.9,748.6,748.67,13682
1779896880,748.65,748.78,748.37,748.66,28616
1779897000,748.68,748.98,748.59,748.64,13905
1779897120,748.64,749.28,748.59,749.129,23769
1779897240,749.07,749.16,748.78,748.86,35975
1779897360,748.89,749.175,748.84,749.06,15119
1779897480,749.05,749.27,748.97,749.11,14100
1779897600,749.09,749.31,748.94,749.189,15879
1779897720,749.17,749.33,748.56,748.64,27840
1779897840,748.68,748.92,748.59,748.87,19032
1779897960,748.8,749.21,748.75,749.03,13615
1779898080,749.03,749.5,748.85,749.5,12143
1779898200,749.47,749.68,749.43,749.63,12072
1779898320,749.63,749.72,749.54,749.54,11846
1779898440,749.52,749.82,749.5,749.81,11896
1779898560,749.8,749.8,749.32,749.44,19129
1779898680,749.43,749.53,749.37,749.4,12429
1779898800,749.39,749.67,749.38,749.65,12935
1779898920,749.66,749.76,749.59,749.76,7177
1779899040,749.75,749.79,749.45,749.56,20443
1779899160,749.58,749.72,749.56,749.68,15565
1779899280,749.66,749.71,749.535,749.7,15931
1779899400,749.65,749.81,749.48,749.78,9372
1779899520,749.78,749.97,749.74,749.83,8768
1779899640,749.83,749.96,749.73,749.83,7314
1779899760,749.86,750.1,749.86,750.07,11199
1779899880,750.07,750.17,750,750.07,7992
1779900000,750.09,750.43,750.08,750.26,19065
1779900120,750.25,750.35,750.21,750.32,13969
1779900240,750.31,750.43,750.18,750.39,10018
1779900360,750.41,750.42,750.14,750.32,14513
1779900480,750.33,750.51,750.22,750.51,10886
1779900600,750.52,750.62,750.45,750.51,12152
1779900720,750.52,750.525,750.06,750.1,15639
1779900840,750.11,750.18,749.955,749.98,9407
1779900960,749.97,749.97,749.6,749.68,13340
1779901080,749.67,749.89,749.65,749.79,10469
1779901200,749.81,749.91,749.46,749.55,18995
1779901320,749.54,749.78,749.44,749.7,15504
1779901440,749.71,749.79,749.5,749.61,9196
1779901560,749.59,749.59,748.83,748.87,24966
1779901680,748.85,748.95,748.22,748.31,27048
1779901800,748.29,748.75,748.29,748.499,23482
1779901920,748.47,748.77,748.44,748.77,12855
1779902040,748.77,748.94,748.74,748.89,12653
1779902160,748.94,749.37,748.86,749.34,13408
1779902280,749.34,749.38,749.21,749.31,6302
1779902400,749.275,749.46,749.24,749.3,11004
1779902520,749.33,749.48,749.275,749.36,11395
1779902640,749.34,749.49,749.34,749.43,11035
1779902760,749.449,749.5,749.27,749.27,8572
1779902880,749.22,749.35,749.15,749.15,23053
1779903000,749.169,749.54,749.169,749.47,11133
1779903120,749.43,749.54,749.36,749.53,7484
1779903240,749.5,749.71,749.49,749.7,6206
1779903360,749.68,749.94,749.64,749.83,11232
1779903480,749.8,749.92,749.66,749.66,7871
1779903600,749.67,749.7,749.45,749.54,7787
1779903720,749.57,749.64,749.34,749.56,10187
1779903840,749.56,749.56,749.27,749.29,6172
1779903960,749.29,749.46,749.23,749.3,15885
1779904080,749.33,749.48,749.2,749.47,6368
1779904200,749.48,749.75,749.48,749.73,12904
1779904320,749.72,749.77,749.65,749.77,8864
1779904440,749.77,750.04,749.74,749.97,12006
1779904560,749.95,750.04,749.75,749.77,6747
1779904680,749.77,749.99,749.67,749.72,14237
1779904800,749.71,749.78,749.55,749.68,10502
1779904920,749.67,749.74,749.46,749.51,35252
1779905040,749.51,749.53,749.33,749.43,15910
1779905160,749.43,749.74,749.3,749.72,38049
1779905280,749.77,749.84,749.67,749.82,5672
1779905400,749.82,749.89,749.74,749.769,14861
1779905520,749.75,749.88,749.71,749.86,7996
1779905640,749.87,750.07,749.8,750.03,8736
1779905760,750.03,750.28,750.02,750.24,13887
1779905880,750.24,750.38,750.23,750.32,13237
1779906000,750.33,750.43,750.27,750.36,21472
1779906120,750.35,750.62,750.34,750.53,27142
1779906240,750.54,750.63,750.47,750.58,13656
1779906360,750.58,750.81,750.58,750.75,11690
1779906480,750.73,750.76,750.56,750.71,21162
1779906600,750.72,750.9,750.72,750.8,21597
1779906720,750.799,750.8,750.58,750.7,14546
1779906840,750.68,750.76,750.64,750.75,8753
1779906960,750.72,750.73,750.41,750.41,21277
1779907080,750.43,750.75,750.43,750.73,11455
1779907200,750.73,750.79,750.69,750.76,8315
1779907320,750.74,750.91,750.63,750.81,15563
1779907440,750.83,750.89,750.79,750.87,8326
1779907560,750.87,751.01,750.861,750.92,17165
1779907680,750.96,751.01,750.8,750.8,20954
1779907800,750.81,750.95,750.7,750.92,23359
1779907920,750.93,751.05,750.78,750.87,24525
1779908040,750.87,750.97,750.77,750.97,7473
1779908160,750.97,751.01,750.865,750.88,11160
1779908280,750.87,750.95,750.8,750.81,10997
1779908400,750.82,750.94,750.64,750.85,17956
1779908520,750.84,751,750.77,750.99,8969
1779908640,750.98,751.01,750.84,750.91,14815
1779908760,750.9,751.13,750.85,750.9,16615
1779908880,750.89,751,750.83,751,10955
1779909000,750.99,751.04,750.895,750.9,12834
1779909120,750.9,751.04,750.84,750.93,18573
1779909240,750.94,750.98,750.89,750.9,10064
1779909360,750.89,750.89,750.78,750.83,13809
1779909480,750.83,751.01,750.79,750.84,5863
1779909600,750.87,750.97,750.79,750.91,17906
1779909720,750.91,750.93,750.82,750.85,14505
1779909840,750.85,750.86,750.59,750.61,11126
1779909960,750.61,750.66,750.31,750.45,35214
1779910080,750.42,750.6,750.35,750.57,21452
1779910200,750.56,750.65,750.5,750.5,19800
1779910320,750.5,750.75,750.37,750.67,21544
1779910440,750.66,750.71,750.53,750.7,9338
1779910560,750.67,750.79,750.66,750.77,13308
1779910680,750.77,750.89,750.57,750.76,25653
1779910800,750.76,750.79,750.5,750.5,23555
1779910920,750.51,750.7,750.51,750.69,20581
1779911040,750.71,750.87,750.7,750.71,26059
1779911160,750.71,750.78,750.44,750.481,18930
1779911280,750.48,750.5,750.31,750.32,42452
1779911400,750.31,750.62,750.1,750.59,69778
1779911520,750.59,750.71,750.5,750.55,52902
1779911640,750.56,750.56,750.26,750.27,73379
1779911760,750.26,750.4,750.245,750.3,67155
1779911880,750.3,750.68,750.25,750.51,386430
1779975000,750.22,750.42,749.97,749.98,59769
1779975120,749.95,750.19,749.56,749.58,24239
1779975240,749.59,749.74,749.31,749.525,26694
1779975360,749.52,749.55,749.345,749.345,30440
1779975480,749.35,749.51,749.24,749.4,33966
1779975600,749.41,749.48,749.23,749.34,31396
1779975720,749.33,749.7,749.24,749.43,29783
1779975840,749.42,749.85,749.42,749.64,35172
1779975960,749.64,749.68,749.27,749.34,38892
1779976080,749.35,749.49,749.31,749.37,24108
1779976200,749.36,750,749.27,749.85,57842
1779976320,749.86,750.33,749.85,749.96,53094
1779976440,749.97,750.17,749.76,749.9,24018
1779976560,749.9,750.17,749.71,750.08,15290
1779976680,750.06,750.23,749.89,750.19,9247
1779976800,750.2,750.609,750.06,750.43,23304
1779976920,750.42,750.45,750.1,750.13,15487
1779977040,750.11,750.41,750,750.14,17165
1779977160,750.15,750.47,750.08,750.31,58852
1779977280,750.3,750.64,750.3,750.64,31891
1779977400,750.63,750.66,750.13,750.26,17014
1779977520,750.3,753.63,750.19,752.41,209565
1779977640,752.41,754,752.39,752.64,118808
1779977760,752.62,753.159,752.14,753.03,39567
1779977880,753.01,753.46,752.82,753.01,70792
1779978000,753.03,753.2,752.34,752.5,67258
1779978120,752.4,752.45,751.94,751.94,54621
1779978240,751.96,752.69,751.96,752.61,15209
1779978360,752.57,752.69,752.44,752.53,18236
1779978480,752.52,752.78,752.4,752.73,21943
1779978600,752.77,752.98,752.47,752.58,13211
1779978720,752.55,752.56,752.07,752.08,14529
1779978840,752.1,752.25,751.88,752.06,23781
1779978960,752.11,752.25,751.94,752.02,9978
1779979080,752.03,752.03,751.73,751.93,17331
1779979200,751.92,752.5,751.87,752.26,36422
1779979320,752.215,752.42,752.065,752.38,15898
1779979440,752.43,752.71,752.31,752.59,11700
1779979560,752.57,752.81,751.81,752.15,58455
1779979680,752.18,752.55,752.12,752.35,14959
1779979800,752.35,752.6,752.35,752.47,21835
1779979920,752.41,752.95,752.4,752.75,19284
1779980040,752.73,752.87,752.71,752.71,14963
1779980160,752.79,752.91,752.57,752.61,10810
1779980280,752.65,752.94,752.46,752.88,33463
1779980400,752.87,753.52,752.78,753.48,41512
1779980520,753.45,753.725,753.4,753.6,27718
1779980640,753.65,753.93,753.62,753.79,23615
1779980760,753.8,753.89,753.63,753.86,26228
1779980880,753.78,753.78,753.44,753.59,14692
1779981000,753.58,753.69,753.3,753.33,32580
1779981120,753.34,753.43,753.3,753.37,20362
1779981240,753.38,753.44,753.13,753.13,10620
1779981360,753.15,753.55,753.14,753.45,8607
1779981480,753.45,753.5,753.36,753.42,8453
1779981600,753.44,753.57,753.41,753.55,8947
1779981720,753.57,753.71,753.54,753.58,20819
1779981840,753.58,753.86,753.54,753.86,11808
1779981960,753.85,754.05,753.8,754.04,21545
1779982080,754.05,754.14,753.94,753.94,27770
1779982200,753.95,753.99,753.785,753.96,12439
1779982320,753.97,754.1,753.93,754.04,17646
1779982440,754.01,754.09,753.889,754.03,14978
1779982560,754.01,754.24,754.01,754.19,29964
1779982680,754.189,754.25,754.08,754.13,16776
1779982800,754.13,754.15,753.92,753.96,23798
1779982920,753.95,754.07,753.905,754.06,11509
1779983040,754.06,754.16,754.011,754.011,10599
1779983160,754.01,754.11,753.92,754.03,13698
1779983280,754.01,754.01,753.87,753.905,10454
1779983400,753.93,754.25,753.9,754.18,20212
1779983520,754.2,754.25,754.12,754.12,7013
1779983640,754.12,754.17,753.99,754.03,6141
1779983760,754.05,754.29,754.05,754.1,11334
1779983880,754.09,754.11,753.95,754.09,14530
1779984000,754.08,754.09,753.87,753.87,12544
1779984120,753.91,753.97,753.69,753.91,12955
1779984240,753.89,754.13,753.82,754.1,8419
1779984360,754.09,754.13,753.97,754.03,7102
1779984480,754.02,754.12,753.97,754.09,6911
1779984600,754.11,754.23,754.11,754.18,16799
1779984720,754.159,754.17,753.99,754.09,7846
1779984840,754.09,754.19,754.02,754.02,14865
1779984960,754.04,754.25,754.019,754.25,11224
1779985080,754.25,754.54,754.25,754.49,51676
1779985200,754.489,754.52,754.38,754.4,28525
1779985320,754.4,754.47,754.27,754.45,12442
1779985440,754.47,754.85,754.47,754.55,33575
1779985560,754.58,754.63,754.51,754.51,12735
1779985680,754.52,754.55,754.36,754.37,20738
1779985800,754.4,754.44,754.25,754.31,19360
1779985920,754.3,754.37,754.22,754.27,14848
1779986040,754.25,754.34,754.22,754.29,11924
1779986160,754.285,754.29,754.06,754.11,10613
1779986280,754.11,754.29,754.11,754.2,7649
1779986400,754.2,754.44,754.19,754.44,10567
1779986520,754.44,754.49,754.3,754.3,13268
1779986640,754.29,754.49,754.28,754.44,19176
1779986760,754.44,754.54,754.43,754.51,18789
1779986880,754.53,754.57,754.29,754.31,11821
1779987000,754.34,754.43,754.27,754.32,17753
1779987120,754.33,754.37,754.25,754.35,18044
1779987240,754.38,754.43,754.29,754.43,9017
1779987360,754.43,754.67,754.42,754.65,20348
1779987480,754.64,754.78,754.63,754.72,19979
1779987600,754.73,754.869,754.71,754.72,19406
1779987720,754.76,754.79,754.63,754.74,7670
1779987840,754.76,754.81,754.67,754.7,13030
1779987960,754.69,754.73,754.49,754.55,9855
1779988080,754.55,754.59,754.44,754.47,12483
1779988200,754.45,754.52,754.38,754.42,10715
1779988320,754.42,754.51,754.39,754.43,8132
1779988440,754.41,754.41,754.22,754.23,12773
1779988560,754.24,754.29,754.17,754.22,9440
1779988680,754.25,754.3,754.12,754.18,10293
1779988800,754.16,754.38,754.16,754.31,19545
1779988920,754.33,754.45,754.24,754.43,16416
1779989040,754.43,754.53,754.34,754.34,15636
1779989160,754.32,754.4,754.29,754.39,5300
1779989280,754.39,754.4,754.24,754.25,10339
1779989400,754.28,754.47,754.28,754.44,21841
1779989520,754.43,754.45,754.29,754.37,16202
1779989640,754.345,754.35,754.15,754.24,20383
1779989760,754.235,754.375,754.1,754.37,7891
1779989880,754.36,754.46,754.33,754.46,9481
1779990000,754.46,754.56,754.37,754.52,12713
1779990120,754.5,754.56,754.49,754.53,8853
1779990240,754.55,754.55,754.47,754.55,19828
1779990360,754.54,754.71,754.46,754.651,24760
1779990480,754.66,754.9,754.651,754.79,28072
1779990600,754.8,754.92,754.79,754.86,25009
1779990720,754.84,754.92,754.74,754.78,14992
1779990840,754.77,754.87,754.71,754.72,28902
1779990960,754.75,754.77,754.63,754.66,13992
1779991080,754.65,754.77,754.63,754.67,15797
1779991200,754.69,754.73,754.59,754.66,9836
1779991320,754.65,754.83,754.62,754.81,54752
1779991440,754.82,754.9,754.76,754.82,21430
1779991560,754.82,754.86,754.78,754.84,19547
1779991680,754.84,754.85,754.7,754.71,11079
1779991800,754.71,754.72,754.53,754.53,14904
1779991920,754.56,754.62,754.48,754.48,9540
1779992040,754.49,754.6,754.41,754.565,14460
1779992160,754.56,754.86,754.53,754.58,40038
1779992280,754.58,754.72,754.48,754.62,20861
1779992400,754.64,754.68,754.53,754.63,19274
1779992520,754.65,754.74,754.65,754.74,20753
1779992640,754.74,754.83,754.73,754.78,11663
1779992760,754.79,754.85,754.71,754.71,11714
1779992880,754.73,754.8,754.7,754.77,20024
1779993000,754.76,754.76,754.59,754.69,26623
1779993120,754.66,754.73,754.53,754.55,17891
1779993240,754.54,754.57,754.35,754.44,17710
1779993360,754.45,754.45,754.29,754.37,19778
1779993480,754.38,754.479,754.35,754.35,39277
1779993600,754.35,754.51,754.3,754.48,20197
1779993720,754.5,754.52,754.3,754.31,7510
1779993840,754.31,754.42,754.26,754.32,14517
1779993960,754.29,754.38,754.28,754.29,7978
1779994080,754.31,754.31,754.19,754.27,13325
1779994200,754.26,754.43,754.19,754.43,13526
1779994320,754.43,754.53,754.42,754.465,16627
1779994440,754.46,754.57,754.45,754.57,15734
1779994560,754.56,754.56,754.45,754.47,6582
1779994680,754.47,754.49,754.22,754.24,59640
1779994800,754.23,754.27,754.11,754.25,23571
1779994920,754.24,754.38,754.23,754.3,22736
1779995040,754.32,754.49,754.31,754.49,27810
1779995160,754.49,754.5,754.42,754.42,10973
1779995280,754.41,754.46,754.36,754.37,16138
1779995400,754.38,754.45,754.37,754.44,15123
1779995520,754.5,754.52,754.2,754.25,18008
1779995640,754.25,754.35,754.21,754.35,8416
1779995760,754.35,754.42,754.25,754.26,8667
1779995880,754.3,754.33,754.19,754.32,8305
1779996000,754.31,754.34,754.24,754.28,9069
1779996120,754.28,754.49,754.24,754.46,13389
1779996240,754.45,754.7,754.44,754.679,19444
1779996360,754.67,754.7,754.54,754.66,20694
1779996480,754.65,754.77,754.59,754.76,55146
1779996600,754.76,754.9,754.72,754.88,43692
1779996720,754.89,755.05,754.78,754.86,50232
1779996840,754.88,754.99,754.83,754.94,21317
1779996960,754.93,755.07,754.93,755.07,21067
1779997080,755.06,755.15,755.05,755.13,39525
1779997200,755.14,755.14,754.83,754.895,79956
1779997320,754.895,754.93,754.7,754.76,28094
1779997440,754.74,754.86,754.66,754.83,32135
1779997560,754.83,754.95,754.77,754.82,44108
1779997680,754.81,754.91,754.68,754.69,45497
1779997800,754.62,754.81,754.45,754.69,74497
1779997920,754.7,754.83,754.59,754.71,82042
1779998040,754.7,754.78,754.53,754.6,76203
1779998160,754.6,754.75,754.5,754.73,62874
1779998280,754.72,754.83,754.5,754.64,185939
1780061400,755.9,756.09,755.5,756.07,88851
1780061520,756.04,756.29,755.96,756.14,39428
1780061640,756.16,756.45,755.96,756.4,48975
1780061760,756.41,756.65,756.31,756.63,57650
1780061880,756.62,756.73,756.49,756.68,32347
1780062000,756.72,757.28,756.57,757.28,51098
1780062120,757.28,757.32,757.08,757.08,64310
1780062240,757.07,757.73,757.03,757.5,54916
1780062360,757.51,757.7,757.29,757.66,62210
1780062480,757.67,757.7,757.48,757.63,42197
1780062600,757.63,757.66,757.35,757.45,58199
1780062720,757.43,757.87,757.38,757.83,40762
1780062840,757.85,757.905,757.67,757.7,25006
1780062960,757.72,757.84,757.62,757.71,19749
1780063080,757.71,757.83,757.57,757.83,21587
1780063200,757.82,758.04,757.55,757.875,59743
1780063320,757.87,758.08,757.68,757.79,33691
1780063440,757.77,757.79,757.559,757.67,28538
1780063560,757.68,757.8,757.52,757.59,20568
1780063680,757.59,757.6,757.26,757.32,33401
1780063800,757.32,757.64,757.19,757.51,38900
1780063920,757.48,757.75,757.39,757.529,35444
1780064040,757.49,757.57,756.99,757.02,16599
1780064160,757.03,757.07,756.66,756.67,35753
1780064280,756.7,756.92,756.49,756.74,44845
1780064400,756.73,756.96,756.61,756.63,41106
1780064520,756.64,756.95,756.52,756.52,84795
1780064640,756.53,756.72,756.1,756.21,52344
1780064760,756.23,756.4,755.85,756.36,47625
1780064880,756.36,756.67,756.28,756.62,47051
1780065000,756.61,756.75,756.47,756.54,13691
1780065120,756.57,756.7,756.21,756.5,13236
1780065240,756.53,756.96,756.43,756.55,27530
1780065360,756.6,756.6,755.72,755.78,10312
1780065480,755.72,756.02,755.63,755.63,20063
1780065600,755.64,755.94,755.56,755.72,17508
1780065720,755.74,755.74,755.17,755.22,37687
1780065840,755.2,755.65,754.705,754.94,39870
1780065960,754.95,755.1,754.72,755,38034
1780066080,755,755.31,754.96,755.01,27282
1780066200,754.97,756.39,754.9,755.81,118453
1780066320,755.82,756.73,755.78,756.2,95541
1780066440,756.215,756.39,755.64,756.28,19518
1780066560,756.27,756.53,756.18,756.4,21318
1780066680,756.44,756.46,755.92,756.05,15733
1780066800,756.08,756.38,755.89,756.36,13546
1780066920,756.35,756.38,756.01,756.27,7095
1780067040,756.24,756.39,756,756.09,10611
1780067160,756.11,756.52,756.09,756.42,23486
1780067280,756.42,756.77,756.42,756.719,20507
1780067400,756.7,757.04,756.7,757.03,34347
1780067520,757.03,757.29,757.03,757.23,35916
1780067640,757.26,757.42,757.17,757.409,18985
1780067760,757.4,757.4,757.02,757.06,18428
1780067880,757.04,757.23,756.86,756.87,15744
1780068000,756.86,756.86,756.3,756.62,6762
1780068120,756.6,756.95,756.57,756.91,6866
1780068240,756.93,757,756.49,756.64,8959
1780068360,756.66,756.9,756.65,756.8,16569
1780068480,756.8,757.27,756.78,756.79,16573
1780068600,756.76,757.06,756.72,756.98,20273
1780068720,757,757.24,756.97,757.15,14992
1780068840,757.14,757.24,756.96,757.21,9824
1780068960,757.22,757.31,756.76,756.89,14185
1780069080,756.87,757.2,756.84,757.16,10265
1780069200,757.17,757.34,756.95,757.02,19721
1780069320,757,757.23,756.65,756.66,15652
1780069440,756.64,756.85,756.51,756.7,14817
1780069560,756.695,756.695,756.35,756.47,14963
1780069680,756.45,756.69,756.29,756.64,13194
1780069800,756.67,756.84,756.44,756.82,12098
1780069920,756.83,756.88,756.46,756.6,11330
1780070040,756.61,756.74,756.54,756.61,8950
1780070160,756.64,756.68,756.32,756.39,8442
1780070280,756.43,756.57,756.4,756.41,10979
1780070400,756.48,756.74,756.34,756.71,9363
1780070520,756.7,756.9,756.7,756.9,8236
1780070640,756.93,756.97,756.84,756.91,18155
1780070760,756.94,757.17,756.93,757.08,18256
1780070880,757.06,757.28,757.06,757.27,16709
1780071000,757.27,757.46,757.24,757.29,15224
1780071120,757.3,757.4,757.15,757.38,12461
1780071240,757.38,757.39,757.2,757.27,9749
1780071360,757.29,757.39,757.09,757.11,7011
1780071480,757.12,757.12,756.81,756.85,6329
1780071600,756.87,757.04,756.81,757,8564
1780071720,757.01,757.25,757.01,757.25,11159
1780071840,757.25,757.29,756.73,756.76,33874
1780071960,756.76,756.87,756.69,756.76,11085
1780072080,756.75,756.85,756.74,756.75,8913
1780072200,756.76,757.15,756.5,756.98,41437
1780072320,757,757.33,756.94,757.33,15049
1780072440,757.34,757.41,757.24,757.3,11197
1780072560,757.26,757.7,757.23,757.42,23025
1780072680,757.38,757.73,757.38,757.68,10219
1780072800,757.69,757.83,757.67,757.72,13726
1780072920,757.67,757.67,757.48,757.52,10950
1780073040,757.49,757.55,757.28,757.31,4078
1780073160,757.33,757.54,757.3,757.33,7756
1780073280,757.32,757.37,757.17,757.17,10145
1780073400,757.17,757.179,756.97,757,6211
1780073520,756.99,757.13,756.8,757.06,4870
1780073640,757.06,757.12,756.75,756.75,10839
1780073760,756.75,756.79,756.56,756.78,22451
1780073880,756.77,756.85,756.69,756.8,5778
1780074000,756.81,757,756.78,757,5121
1780074120,757.02,757.02,756.74,756.79,5972
1780074240,756.8,756.87,756.53,756.6,11866
1780074360,756.59,756.84,756.59,756.84,10733
1780074480,756.85,756.87,756.74,756.8,6083
1780074600,756.77,756.95,756.58,756.63,13971
1780074720,756.64,756.84,756.49,756.84,8640
1780074840,756.84,756.87,756.73,756.81,9744
1780074960,756.79,757,756.79,756.89,5666
1780075080,756.87,756.92,756.77,756.85,6337
1780075200,756.85,756.89,756.24,756.43,26416
1780075320,756.45,756.45,756.22,756.41,11477
1780075440,756.4,756.88,756.36,756.43,27767
1780075560,756.43,756.48,756.39,756.46,4355
1780075680,756.455,756.68,756.43,756.6,8810
1780075800,756.6,756.67,756.45,756.55,4366
1780075920,756.55,756.55,756.35,756.41,15755
1780076040,756.4,756.56,756.36,756.39,6856
1780076160,756.39,756.46,756.28,756.46,6242
1780076280,756.45,756.59,756.26,756.37,7071
1780076400,756.37,756.46,756.19,756.25,4300
1780076520,756.25,756.34,756.05,756.09,7657
1780076640,756.1,756.18,756,756.09,8607
1780076760,756.08,756.15,755.98,756.04,8207
1780076880,756.04,756.13,756.02,756.1,4867
1780077000,756.08,756.27,755.88,756.27,15785
1780077120,756.24,756.25,755.93,755.95,8360
1780077240,755.98,755.98,755.54,755.59,19239
1780077360,755.6,755.67,755.35,755.49,14762
1780077480,755.5,755.515,755.22,755.29,17233
1780077600,755.31,755.5,755.13,755.37,17890
1780077720,755.33,755.73,755.3,755.68,19879
1780077840,755.68,755.86,755.65,755.799,10644
1780077960,755.79,755.93,755.7,755.92,8394
1780078080,755.94,755.96,755.73,755.96,13111
1780078200,755.97,756.12,755.86,756.1,10424
1780078320,756.1,756.14,755.885,755.91,8560
1780078440,755.87,755.87,755.58,755.69,22650
1780078560,755.7,755.72,755.61,755.65,8244
1780078680,755.65,755.95,755.64,755.92,16244
1780078800,755.95,756.07,755.91,755.95,22856
1780078920,755.96,756.2,755.95,756.15,11099
1780079040,756.17,756.24,756.09,756.15,7210
1780079160,756.15,756.39,756.15,756.36,10069
1780079280,756.36,756.41,756.28,756.3,20840
1780079400,756.33,756.72,756.33,756.7,11567
1780079520,756.7,756.72,756.53,756.64,16522
1780079640,756.65,756.77,756.64,756.66,15601
1780079760,756.655,756.69,756.51,756.53,9982
1780079880,756.54,756.62,756.42,756.62,19586
1780080000,756.6,756.69,756.48,756.51,12245
1780080120,756.5,756.585,756.4,756.58,15127
1780080240,756.57,756.57,755.44,755.63,36540
1780080360,755.67,755.98,755.59,755.86,31797
1780080480,755.87,755.93,755.75,755.84,11078
1780080600,755.81,756.02,755.53,755.58,12132
1780080720,755.59,755.709,755.51,755.66,7099
1780080840,755.66,755.83,755.625,755.76,12457
1780080960,755.74,755.85,755.51,755.51,8378
1780081080,755.55,755.55,755.42,755.5,14710
1780081200,755.5,755.67,755.36,755.57,12591
1780081320,755.56,755.87,755.53,755.87,14472
1780081440,755.88,756.11,755.78,756.03,11425
1780081560,756.05,756.25,755.99,756.25,13245
1780081680,756.22,756.31,756.17,756.25,15609
1780081800,756.25,756.44,756.18,756.41,11852
1780081920,756.4,756.51,756.37,756.46,28760
1780082040,756.47,756.495,756.31,756.32,29970
1780082160,756.31,756.39,756.07,756.12,35750
1780082280,756.13,756.24,755.97,756.19,26187
1780082400,756.17,756.31,756.09,756.25,13351
1780082520,756.25,756.49,756.25,756.45,20700
1780082640,756.45,756.61,756.42,756.47,15512
1780082760,756.46,756.72,756.33,756.7,16713
1780082880,756.72,756.87,756.699,756.86,21970
1780083000,756.86,757.15,756.83,757.149,31918
1780083120,757.12,757.15,757.03,757.13,44694
1780083240,757.13,757.36,757.089,757.32,49583
1780083360,757.3,757.39,757.1,757.39,30722
1780083480,757.4,757.5,757.29,757.46,59500
1780083600,757.46,757.55,757.3,757.54,94068
1780083720,757.54,757.63,757.35,757.385,30626
1780083840,757.37,757.41,757.2,757.28,42188
1780083960,757.28,757.29,756.99,757.08,63556
1780084080,757.08,757.33,757.06,757.25,65111
1780084200,757.32,757.37,756.55,756.63,193166
1780084320,756.68,756.93,756.55,756.55,88909
1780084440,756.52,756.75,756.42,756.63,119355
1780084560,756.63,756.63,756.35,756.41,80396
1780084680,756.41,756.82,756.18,756.38,349215
1780320600,755.32,755.71,754.7,755.32,155422
1780320720,755.33,756.1,755.18,755.67,67888
1780320840,755.66,756.23,755.55,756.21,39388
1780320960,756.22,756.4,755.64,756.361,55038
1780321080,756.37,756.58,756.23,756.24,43255
1780321200,756.26,756.35,755.87,756.22,43124
1780321320,756.22,756.57,756.05,756.46,36320
1780321440,756.46,756.6,756.2,756.4,59326
1780321560,756.41,756.65,756.23,756.54,34778
1780321680,756.54,756.68,756.22,756.37,22580
1780321800,756.4,756.77,755.95,756.3,41304
1780321920,756.33,756.429,756.1,756.42,23851
1780322040,756.41,756.44,755.81,755.86,33202
1780322160,755.831,756.15,755.8,755.94,14829
1780322280,755.95,756,755.54,755.61,22162
1780322400,755.56,756.08,755.32,755.97,60025
1780322520,755.98,756.04,755.44,755.51,56465
1780322640,755.52,755.93,755.48,755.89,39279
1780322760,755.91,755.91,755.51,755.9,34117
1780322880,755.9,756.48,755.84,756.36,22959
1780323000,756.35,756.4,755.47,755.69,26886
1780323120,755.72,756.08,755.4,755.99,23738
1780323240,755.99,756.14,755.89,755.94,21340
1780323360,755.94,756.76,755.81,756.17,61556
1780323480,756.17,756.29,755.7,755.88,41205
1780323600,755.88,756.6,755.84,756.28,45159
1780323720,756.28,756.54,756.24,756.4,34931
1780323840,756.44,756.49,755.98,755.98,10097
1780323960,756.03,756.07,755.78,755.86,16210
1780324080,755.89,756.16,755.65,755.86,26598
1780324200,755.83,756.04,755.66,755.81,10493
1780324320,755.81,756.19,755.67,755.7,19523
1780324440,755.72,755.94,755.54,755.69,21452
1780324560,755.72,755.72,755.33,755.34,9059
1780324680,755.37,755.56,755.32,755.43,9617
1780324800,755.43,755.89,755.28,755.81,17176
1780324920,755.84,755.95,755.65,755.88,10102
1780325040,755.88,755.89,755.64,755.71,16834
1780325160,755.715,755.8,755.5,755.51,23850
1780325280,755.53,755.98,755.51,755.65,16443
1780325400,755.65,755.89,755.5,755.5,16273
1780325520,755.51,755.68,755.37,755.57,20402
1780325640,755.58,755.65,755.4,755.5,16542
1780325760,755.48,755.52,755.31,755.38,13048
1780325880,755.4,755.66,755.4,755.65,13863
1780326000,755.66,755.799,755.45,755.64,13461
1780326120,755.61,755.85,755.52,755.52,7611
1780326240,755.5,756,755.48,756,25555
1780326360,755.97,756.19,755.91,756.16,16964
1780326480,756.16,756.25,755.87,755.99,15034
1780326600,755.99,756.05,755.68,755.68,7684
1780326720,755.745,756.11,755.745,756.1,8739
1780326840,756.08,756.11,755.9,756.03,15109
1780326960,756.06,756.08,755.9,756.055,8583
1780327080,756.04,756.04,755.81,755.88,18237
1780327200,755.88,756.35,755.88,756.28,14034
1780327320,756.28,756.4,756.22,756.29,18632
1780327440,756.28,756.33,756.19,756.26,7859
1780327560,756.26,756.26,755.97,756.18,9435
1780327680,756.19,756.28,756.12,756.16,7742
1780327800,756.17,757.3,756.17,756.9,113797
1780327920,756.9,757.15,756.85,757.13,26381
1780328040,757.13,757.4,756.99,757.22,49081
1780328160,757.21,757.41,757.209,757.35,28090
1780328280,757.33,757.42,757.28,757.405,30267
1780328400,757.4,757.42,757.18,757.28,13351
1780328520,757.28,757.39,757.25,757.26,14697
1780328640,757.26,757.32,757.17,757.21,12236
1780328760,757.2,757.28,757.05,757.07,20222
1780328880,757.08,757.12,756.9,756.91,18202
1780329000,756.92,756.98,756.79,756.9,15427
1780329120,756.92,757.16,756.91,757.08,16609
1780329240,757.09,757.11,756.79,756.79,10432
1780329360,756.8,756.92,756.77,756.87,7389
1780329480,756.85,756.87,756.66,756.72,7778
1780329600,756.72,757.24,756.7,757.08,25328
1780329720,757.07,757.1,756.9,756.9,15672
1780329840,756.9,756.99,756.79,756.82,9726
1780329960,756.8,756.92,756.72,756.83,11108
1780330080,756.84,756.86,756.68,756.81,6335
1780330200,756.79,756.81,756.33,756.51,24065
1780330320,756.5,756.53,756.31,756.49,19137
1780330440,756.49,756.62,756.29,756.33,14137
1780330560,756.32,756.43,755.95,756.07,27276
1780330680,756.03,756.38,755.88,756.37,13017
1780330800,756.38,756.49,756.31,756.47,5794
1780330920,756.48,756.66,756.35,756.61,11262
1780331040,756.65,756.76,756.61,756.64,12515
1780331160,756.64,756.72,756.56,756.67,15472
1780331280,756.66,756.85,756.62,756.76,13154
1780331400,756.78,757.04,756.78,756.95,18789
1780331520,756.96,757.29,756.89,757.12,26762
1780331640,757.13,757.22,757.08,757.2,7614
1780331760,757.2,757.25,756.92,757.08,17244
1780331880,757.09,757.2,757.07,757.14,21813
1780332000,757.16,757.24,757.1,757.15,18566
1780332120,757.16,757.2,757.07,757.13,6910
1780332240,757.13,757.2,756.85,756.86,14895
1780332360,756.86,757.09,756.84,757.07,18693
1780332480,757.08,757.12,756.84,757.11,10445
1780332600,757.11,757.33,757.01,757.33,20430
1780332720,757.33,757.86,757.32,757.67,53840
1780332840,757.64,758.03,757.58,757.9,31747
1780332960,757.87,757.95,757.82,757.9,66417
1780333080,757.919,757.98,757.75,757.94,19689
1780333200,757.98,757.98,757.57,757.7,29673
1780333320,757.68,757.76,757.42,757.43,16072
1780333440,757.44,757.73,757.425,757.57,8078
1780333560,757.57,757.58,757.3,757.39,15204
1780333680,757.39,757.405,757.03,757.1,79698
1780333800,757.11,757.28,757.1,757.18,7629
1780333920,757.18,757.37,757.17,757.35,12495
1780334040,757.34,757.4,757.22,757.38,9762
1780334160,757.4,757.4,757.18,757.26,5648
1780334280,757.209,757.35,757.14,757.35,6900
1780334400,757.35,757.65,757.32,757.61,10558
1780334520,757.6,757.71,757.6,757.65,7235
1780334640,757.65,757.65,757.44,757.55,10101
1780334760,757.56,757.63,757.53,757.57,6916
1780334880,757.57,758.51,757.47,758.34,32807
1780335000,758.53,758.72,758.16,758.31,49546
1780335120,758.3,758.3,757.84,757.9,18754
1780335240,757.92,758.05,757.73,758.05,69407
1780335360,758.06,758.49,758.06,758.33,92161
1780335480,758.36,758.54,758.32,758.43,52570
1780335600,758.42,758.89,758.38,758.71,48471
1780335720,758.69,760.31,758.64,759.33,126922
1780335840,759.3,759.78,759.23,759.62,65572
1780335960,759.61,760.05,759.6,759.83,49952
1780336080,759.83,759.83,759.59,759.62,26286
1780336200,759.61,759.81,759.52,759.68,24227
1780336320,759.69,759.87,759.64,759.83,36397
1780336440,759.84,759.94,759.82,759.94,23806
1780336560,759.94,759.95,759.69,759.69,16507
1780336680,759.699,759.699,759.45,759.55,17014
1780336800,759.545,759.63,759.49,759.61,12931
1780336920,759.62,759.64,759.54,759.57,29756
1780337040,759.59,759.68,759.49,759.61,32592
1780337160,759.62,759.7,759.6,759.6,27787
1780337280,759.6,759.69,759.52,759.65,6484
1780337400,759.66,759.76,759.52,759.54,11328
1780337520,759.54,759.55,759.345,759.345,7556
1780337640,759.33,759.45,759.32,759.35,9700
1780337760,759.35,759.49,759.35,759.45,9489
1780337880,759.48,759.75,759.48,759.74,10556
1780338000,759.76,759.83,759.73,759.78,12514
1780338120,759.8,759.86,759.72,759.81,10235
1780338240,759.81,759.85,759.78,759.82,11487
1780338360,759.83,759.88,759.79,759.86,9327
1780338480,759.87,759.91,759.79,759.82,17922
1780338600,759.82,759.86,759.56,759.58,17846
1780338720,759.585,759.69,759.54,759.64,11567
1780338840,759.64,759.79,759.64,759.71,5392
1780338960,759.71,759.85,759.71,759.76,6087
1780339080,759.75,759.78,759.59,759.67,15066
1780339200,759.67,759.74,759.62,759.66,13229
1780339320,759.67,759.83,759.65,759.83,16947
1780339440,759.825,759.87,759.76,759.78,12600
1780339560,759.79,759.81,759.68,759.7,13600
1780339680,759.7,759.75,759.55,759.55,16562
1780339800,759.56,759.61,759.48,759.51,10815
1780339920,759.52,759.64,759.44,759.59,9222
1780340040,759.58,759.64,759.54,759.64,7135
1780340160,759.65,759.76,759.59,759.75,11472
1780340280,759.76,759.82,759.51,759.52,12204
1780340400,759.52,759.66,759.38,759.55,19672
1780340520,759.54,759.65,759.48,759.629,23805
1780340640,759.62,759.7,759.53,759.65,13442
1780340760,759.64,759.66,759.4,759.56,17784
1780340880,759.56,759.64,759.27,759.64,23724
1780341000,759.63,759.65,759.5,759.59,16503
1780341120,759.6,759.62,759.5,759.515,16451
1780341240,759.51,759.61,759.42,759.49,18188
1780341360,759.49,759.58,759.4,759.54,7598
1780341480,759.58,759.59,759.43,759.46,9490
1780341600,759.46,759.57,759.42,759.52,9639
1780341720,759.51,759.54,759.455,759.49,18687
1780341840,759.475,759.63,759.47,759.61,5188
1780341960,759.6,759.71,759.57,759.67,5038
1780342080,759.68,759.75,759.62,759.68,18405
1780342200,759.65,759.67,759.42,759.42,18071
1780342320,759.42,759.5,759.33,759.34,49283
1780342440,759.33,759.37,759.14,759.15,32755
1780342560,759.16,759.2,759.05,759.07,20894
1780342680,759.07,759.24,759.06,759.21,11215
1780342800,759.19,759.19,759.03,759.035,27801
1780342920,759.03,759.15,758.89,758.96,27962
1780343040,758.97,759.1,758.86,758.89,45337
1780343160,758.89,759.06,758.85,758.85,44839
1780343280,758.83,758.88,758.6,758.65,59905
1780343400,758.79,758.8,758.35,758.41,67096
1780343520,758.41,758.49,758.33,758.43,41315
1780343640,758.43,758.48,758.12,758.16,83805
1780343760,758.17,758.24,758.11,758.17,56103
1780343880,758.17,758.49,758.17,758.43,137404
1780407000,757.01,757.61,756.87,757.59,67109
1780407120,757.57,757.74,757.36,757.53,43840
1780407240,757.63,757.64,757.25,757.42,19173
1780407360,757.39,757.52,757.19,757.25,27642
1780407480,757.24,757.36,756.98,756.98,22371
1780407600,756.99,757.08,756.75,757.07,42585
1780407720,757.08,757.23,756.9,757.13,14996
1780407840,757.14,757.57,757.07,757.5,32138
1780407960,757.51,757.67,757.47,757.54,26620
1780408080,757.53,757.67,757.47,757.66,20229
1780408200,757.659,757.66,757.45,757.59,38027
1780408320,757.59,757.77,757.45,757.72,19370
1780408440,757.72,757.76,757.38,757.4,12172
1780408560,757.4,757.57,757.355,757.55,12084
1780408680,757.53,757.67,757.39,757.58,15609
1780408800,757.63,757.71,757.23,757.58,29445
1780408920,757.58,757.63,757.4,757.58,14953
1780409040,757.57,757.86,757.56,757.71,18985
1780409160,757.68,757.93,757.68,757.73,22996
1780409280,757.72,757.94,757.72,757.93,26563
1780409400,757.91,758.42,757.89,758.2,71383
1780409520,758.21,758.38,758.11,758.34,37797
1780409640,758.33,758.35,758.13,758.315,14326
1780409760,758.315,758.315,758.03,758.06,17806
1780409880,758.06,758.32,758.03,758.32,37117
1780410000,758.33,758.47,758.08,758.12,23309
1780410120,758.12,758.2,757.94,757.98,15662
1780410240,758,758.28,757.87,757.9,19296
1780410360,757.85,757.94,757.57,757.63,23196
1780410480,757.64,757.85,757.54,757.73,8453
1780410600,757.73,758.24,757.73,758.16,16191
1780410720,758.17,758.48,758.06,758.48,26635
1780410840,758.49,758.64,758.41,758.64,22670
1780410960,758.64,758.8,758.54,758.61,16378
1780411080,758.61,758.65,758.48,758.51,14602
1780411200,758.5,758.59,758.41,758.575,8574
1780411320,758.57,758.81,758.46,758.76,13682
1780411440,758.761,758.96,758.761,758.9,14108
1780411560,758.86,759.13,758.82,759.01,17450
1780411680,759,759.3,758.94,759.26,36597
1780411800,759.26,759.43,759.221,759.4,35823
1780411920,759.39,759.6,759.3,759.48,33743
1780412040,759.48,759.57,759.42,759.44,27785
1780412160,759.44,759.64,759.39,759.63,13806
1780412280,759.63,759.73,759.57,759.72,23924
1780412400,759.74,759.78,759.55,759.65,21256
1780412520,759.67,759.73,759.4,759.45,24187
1780412640,759.47,759.62,759.38,759.61,13859
1780412760,759.61,760.06,759.535,760.05,23801
1780412880,760.04,760.12,759.97,760.095,21184
1780413000,760.11,760.21,759.96,759.98,14014
1780413120,759.97,759.97,759.82,759.9,32250
1780413240,759.9,760.05,759.88,760.01,36215
1780413360,760.05,760.14,759.98,760.04,26772
1780413480,760.05,760.17,760,760.13,40985
1780413600,760.13,760.33,760.07,760.3,55838
1780413720,760.29,760.4,760.17,760.19,28746
1780413840,760.2,760.29,760.07,760.11,14636
1780413960,760.1,760.1,759.88,759.95,19393
1780414080,759.94,760.03,759.86,759.89,5702
1780414200,759.89,759.89,759.7,759.795,6854
1780414320,759.78,759.86,759.68,759.77,6979
1780414440,759.77,759.96,759.7,759.94,8345
1780414560,759.96,760.03,759.84,759.85,7275
1780414680,759.85,760.01,759.75,759.78,5233
1780414800,759.79,759.83,759.62,759.62,10898
1780414920,759.63,759.8,759.6,759.69,14429
1780415040,759.69,759.77,759.6,759.7,11068
1780415160,759.69,759.93,759.66,759.87,8176
1780415280,759.85,759.91,759.68,759.72,6252
1780415400,759.73,759.82,759.62,759.78,6165
1780415520,759.76,759.81,759.65,759.7,6850
1780415640,759.69,759.79,759.6,759.75,13905
1780415760,759.75,759.85,759.61,759.645,11008
1780415880,759.64,759.78,759.62,759.7,5117
1780416000,759.7,759.75,759.52,759.55,8594
1780416120,759.55,759.56,759.41,759.49,11910
1780416240,759.49,759.68,759.42,759.63,5496
1780416360,759.64,759.9,759.51,759.81,21813
1780416480,759.81,759.86,759.65,759.72,11184
1780416600,759.73,759.92,759.66,759.92,7561
1780416720,759.91,760.01,759.8,760,8434
1780416840,759.99,760,759.76,759.76,9089
1780416960,759.76,759.83,759.71,759.739,5748
1780417080,759.72,759.72,759.5,759.54,10521
1780417200,759.54,759.6,759.25,759.36,16360
1780417320,759.36,759.49,759.33,759.45,5127
1780417440,759.44,759.61,759.35,759.4,5166
1780417560,759.43,759.45,759.28,759.31,10723
1780417680,759.3,759.4,759.3,759.35,4462
1780417800,759.35,759.5,759.28,759.5,6688
1780417920,759.49,759.56,759.42,759.45,7100
1780418040,759.44,759.44,759.14,759.21,19158
1780418160,759.2,759.23,759.12,759.21,7756
1780418280,759.19,759.34,759.17,759.25,8804
1780418400,759.24,759.43,759.24,759.38,23882
1780418520,759.39,759.44,759.32,759.4,5848
1780418640,759.39,759.44,759.27,759.27,5856
1780418760,759.29,759.43,759.28,759.36,5350
1780418880,759.35,759.69,759.345,759.67,7900
1780419000,759.68,759.84,759.68,759.77,10631
1780419120,759.769,759.83,759.62,759.65,16117
1780419240,759.66,759.75,759.63,759.69,3702
1780419360,759.71,759.93,759.71,759.93,15412
1780419480,759.92,759.93,759.84,759.87,9640
1780419600,759.85,759.93,759.71,759.87,18546
1780419720,759.87,759.94,759.87,759.88,20469
1780419840,759.87,759.969,759.825,759.94,11898
1780419960,759.95,759.95,759.68,759.69,19144
1780420080,759.7,759.95,759.68,759.8,12022
1780420200,759.77,759.78,759.62,759.72,6393
1780420320,759.73,759.85,759.67,759.85,7600
1780420440,759.82,759.91,759.69,759.7,9641
1780420560,759.7,759.7,759.39,759.4,19819
1780420680,759.409,759.44,759.27,759.355,10561
1780420800,759.355,759.48,759.31,759.37,8468
1780420920,759.37,759.48,759.13,759.14,9449
1780421040,759.14,759.24,759.01,759.06,12676
1780421160,759.08,759.13,758.95,758.99,12190
1780421280,758.97,759.07,758.93,759.02,14357
1780421400,759.02,759.16,759.02,759.089,4889
1780421520,759.07,759.31,758.97,759.07,10996
1780421640,759.05,759.12,758.99,759.06,10839
1780421760,759.05,759.05,758.93,758.93,15056
1780421880,758.92,758.92,758.79,758.81,18563
1780422000,758.83,759.11,758.79,759.1,13034
1780422120,759.12,759.19,759.07,759.1,15141
1780422240,759.1,759.14,759.01,759.03,5131
1780422360,759.06,759.235,759.06,759.17,6022
1780422480,759.17,759.26,759.13,759.24,4979
1780422600,759.26,759.3,759.17,759.2,5995
1780422720,759.2,759.255,759.13,759.19,11245
1780422840,759.19,759.239,758.97,759.029,8041
1780422960,759.02,759.09,758.91,758.93,8814
1780423080,758.93,758.96,758.84,758.88,10176
1780423200,758.88,759,758.81,758.91,32402
1780423320,758.91,759.04,758.85,758.9,30296
1780423440,758.91,759.04,758.87,758.99,8073
1780423560,758.99,759.12,758.92,759.12,6252
1780423680,759.1,759.18,759.06,759.14,8324
1780423800,759.13,759.19,759.09,759.109,18435
1780423920,759.15,759.35,759.07,759.12,12813
1780424040,759.11,759.12,758.91,758.91,9503
1780424160,758.9,758.96,758.88,758.9,7316
1780424280,758.9,759,758.87,758.94,34179
1780424400,758.95,758.96,758.85,758.9,6264
1780424520,758.91,759.08,758.88,759.05,9553
1780424640,759.04,759.04,758.94,759.02,9660
1780424760,759.04,759.08,758.95,758.97,9486
1780424880,759,759,758.87,758.95,11694
1780425000,758.95,759.21,758.94,759.21,7627
1780425120,759.22,759.23,759.11,759.12,7570
1780425240,759.125,759.13,758.9,758.92,11955
1780425360,758.93,758.99,758.79,758.79,9460
1780425480,758.8,758.83,758.68,758.705,28216
1780425600,758.7,758.81,758.63,758.71,19233
1780425720,758.71,758.88,758.71,758.85,8360
1780425840,758.86,758.88,758.77,758.8,8135
1780425960,758.8,758.96,758.78,758.95,13547
1780426080,758.94,759,758.89,758.98,9594
1780426200,758.98,759.06,758.86,758.86,7884
1780426320,758.85,758.97,758.83,758.9,10671
1780426440,758.89,758.99,758.88,758.95,10778
1780426560,758.95,759.17,758.9,759.11,31244
1780426680,759.1,759.15,759.04,759.04,16015
1780426800,759.06,759.27,759.05,759.24,18085
1780426920,759.24,759.39,759.21,759.34,27449
1780427040,759.34,759.39,759.315,759.36,24638
1780427160,759.37,759.41,759.27,759.35,11132
1780427280,759.34,759.4,759.24,759.37,20153
1780427400,759.38,759.45,759.33,759.4,33181
1780427520,759.39,759.41,759.31,759.35,21703
1780427640,759.36,759.37,759.2,759.32,16371
1780427760,759.33,759.37,759.25,759.3,15232
1780427880,759.29,759.37,759.2,759.33,32225
1780428000,759.29,759.42,759.29,759.39,26893
1780428120,759.39,759.55,759.38,759.55,80502
1780428240,759.54,759.575,759.46,759.51,20754
1780428360,759.51,759.52,759.36,759.37,24966
1780428480,759.37,759.41,759.26,759.33,56258
1780428600,759.34,759.47,759.31,759.38,93090
1780428720,759.37,759.43,759.32,759.42,9479
1780428840,759.42,759.49,759.39,759.43,35382
1780428960,759.43,759.48,759.34,759.42,41064
1780429080,759.4,759.4,759.29,759.32,23059
1780429200,759.33,759.38,759.24,759.315,22897
1780429320,759.32,759.39,759.25,759.28,14240
1780429440,759.28,759.3,759.13,759.2,19403
1780429560,759.2,759.32,759.18,759.31,35376
1780429680,759.33,759.45,759.33,759.44,36436
1780429800,759.43,759.61,759.28,759.55,56359
1780429920,759.56,759.69,759.55,759.57,32447
1780430040,759.56,759.57,759.4,759.49,56341
1780430160,759.49,759.51,759.36,759.4,50928
1780430280,759.41,759.65,759.365,759.46,164021
1780493400,758.14,758.61,758,758.59,83926
1780493520,758.6,758.8,758.55,758.6,25605
1780493640,758.6,758.64,757.82,757.82,36240
1780493760,757.84,758.015,757.58,757.59,41459
1780493880,757.59,757.91,757.57,757.86,17495
1780494000,757.85,757.85,757.41,757.44,36115
1780494120,757.45,757.55,757.26,757.27,46842
1780494240,757.27,757.29,756.28,756.32,65276
1780494360,756.32,756.32,755.53,755.55,76853
1780494480,755.55,755.7,754.83,755.12,124750
1780494600,755.11,755.74,754.75,755.56,65461
1780494720,755.57,756.26,755.56,756.23,38370
1780494840,756.23,756.27,755.76,756,29737
1780494960,756.05,756.16,755.87,755.93,43546
1780495080,755.93,756.22,755.75,755.92,30876
1780495200,755.91,756.7,755.83,756.42,46566
1780495320,756.43,756.65,756.18,756.48,16327
1780495440,756.47,756.62,756.27,756.37,21120
1780495560,756.39,756.54,756.13,756.21,21300
1780495680,756.219,756.505,756.13,756.43,17065
1780495800,756.5,756.8,756.48,756.73,20469
1780495920,756.76,756.93,756.7,756.78,27243
1780496040,756.79,756.97,756.68,756.78,20122
1780496160,756.79,756.98,756.56,756.78,32769
1780496280,756.795,756.84,756.06,756.22,61441
1780496400,756.21,756.53,756,756.25,13814
1780496520,756.24,756.61,756.17,756.21,20229
1780496640,756.25,756.48,756.25,756.44,6751
1780496760,756.46,756.66,756.37,756.41,16518
1780496880,756.41,756.81,756.4,756.81,14451
1780497000,756.8,756.98,756.679,756.87,26185
1780497120,756.89,756.89,756.7,756.8,10325
1780497240,756.74,756.75,756.51,756.52,15873
1780497360,756.53,756.91,756.37,756.91,18978
1780497480,756.87,757,756.76,756.87,11943
1780497600,756.9,756.91,756.69,756.76,27608
1780497720,756.76,756.87,756.6,756.8,8527
1780497840,756.79,756.79,756.3,756.3,15835
1780497960,756.32,756.5,756.21,756.33,12755
1780498080,756.33,756.36,755.92,756.02,23870
1780498200,756.02,756.29,755.7,756.27,46713
1780498320,756.25,756.39,756.045,756.36,9514
1780498440,756.36,756.42,756.2,756.23,9137
1780498560,756.22,756.3,755.98,756.03,3976
1780498680,756,756.16,755.96,756.16,12168
1780498800,756.16,756.47,756.15,756.44,8732
1780498920,756.41,756.52,756.24,756.51,5569
1780499040,756.5,756.52,756.02,756.02,5608
1780499160,756,756.13,755.86,755.89,8666
1780499280,755.94,756.275,755.91,756.16,5484
1780499400,756.15,756.47,756.12,756.22,13806
1780499520,756.24,756.34,756,756.06,10297
1780499640,756.06,756.09,755.87,755.92,6627
1780499760,755.95,756.24,755.95,756.03,11940
1780499880,756.03,756.2,756.01,756.09,3700
1780500000,756.09,756.23,755.93,755.96,16874
1780500120,755.97,755.97,755.41,755.48,21400
1780500240,755.47,755.67,755.33,755.4,21604
1780500360,755.39,755.96,755.39,755.96,21786
1780500480,755.915,756.16,755.51,756.13,14235
1780500600,756.09,756.28,756.01,756.15,9190
1780500720,756.12,756.2,755.83,755.83,9154
1780500840,755.81,755.81,755.47,755.65,12835
1780500960,755.69,755.77,755.18,755.21,14149
1780501080,755.21,755.44,755.21,755.36,21317
1780501200,755.36,755.42,755.22,755.29,22836
1780501320,755.29,755.44,755.13,755.29,9274
1780501440,755.28,755.37,755.04,755.12,10848
1780501560,755.12,755.14,754.8,754.91,24988
1780501680,754.96,755.29,754.96,755.21,15773
1780501800,755.2,755.57,755.2,755.27,30590
1780501920,755.27,755.35,755.02,755.14,16219
1780502040,755.15,755.42,755.12,755.4,16750
1780502160,755.41,755.41,755.08,755.08,7131
1780502280,755.11,755.33,755.11,755.23,10232
1780502400,755.2,755.43,754.99,755.06,14342
1780502520,755.06,755.27,755,755.18,9909
1780502640,755.18,755.46,755.14,755.39,9679
1780502760,755.39,755.46,754.99,755.06,12301
1780502880,755.04,755.2,754.98,755.09,12446
1780503000,755.06,755.27,755.04,755.22,9106
1780503120,755.225,755.39,755.19,755.29,7914
1780503240,755.29,755.4,755.03,755.22,13985
1780503360,755.2,755.24,754.99,754.99,11196
1780503480,755.02,755.02,754.6,754.93,29618
1780503600,754.9,754.93,754.67,754.76,11207
1780503720,754.75,754.96,754.35,754.41,14694
1780503840,754.4,754.4,753.89,754.2,20058
1780503960,754.2,754.37,753.97,754.37,25168
1780504080,754.38,754.44,754.14,754.31,13097
1780504200,754.28,754.62,754.26,754.34,22446
1780504320,754.36,754.61,754.32,754.45,15707
1780504440,754.44,754.57,754.09,754.09,16918
1780504560,754.1,754.22,754,754.03,22251
1780504680,753.99,754.18,753.89,753.9,9372
1780504800,753.88,754.05,753.63,753.63,26397
1780504920,753.64,753.87,753.57,753.79,9665
1780505040,753.78,754.35,753.76,754.35,58773
1780505160,754.34,754.56,754.14,754.48,16138
1780505280,754.46,754.65,754.38,754.59,13549
1780505400,754.59,754.8,754.57,754.62,7405
1780505520,754.62,754.77,754.38,754.41,15643
1780505640,754.43,754.69,754.43,754.489,10702
1780505760,754.48,754.95,754.45,754.91,12127
1780505880,754.9,755.16,754.81,755.12,16620
1780506000,755.14,755.14,754.84,754.84,9881
1780506120,754.88,754.88,754.63,754.73,10010
1780506240,754.74,754.79,754.67,754.7,5633
1780506360,754.69,754.749,754.52,754.73,7170
1780506480,754.73,755.18,754.7,754.895,27290
1780506600,754.92,754.96,754.76,754.81,8804
1780506720,754.84,754.85,754.16,754.16,10127
1780506840,754.17,754.36,754.08,754.2,24055
1780506960,754.2,754.37,754.13,754.16,24601
1780507080,754.19,754.23,753.98,754.19,14203
1780507200,754.17,754.42,754.17,754.4,14176
1780507320,754.39,754.4,754.14,754.35,9953
1780507440,754.35,754.66,754.35,754.52,9181
1780507560,754.52,754.62,754.52,754.58,6089
1780507680,754.58,754.67,754.36,754.65,9618
1780507800,754.64,754.65,754.209,754.43,5826
1780507920,754.43,754.77,754.37,754.77,8296
1780508040,754.76,755,754.7,754.97,26163
1780508160,754.97,755.17,754.92,755.13,7225
1780508280,755.09,755.09,754.93,755,6651
1780508400,755,755.14,754.94,755.13,9527
1780508520,755.14,755.39,755.14,755.36,20807
1780508640,755.36,755.36,755.19,755.19,9809
1780508760,755.18,755.29,755.09,755.21,7769
1780508880,755.2,755.32,755.15,755.23,12204
1780509000,755.25,755.44,755.22,755.38,20095
1780509120,755.37,755.5,755.36,755.47,18111
1780509240,755.45,755.63,755.4,755.62,23430
1780509360,755.63,755.76,755.6,755.62,21168
1780509480,755.62,755.68,755.51,755.56,12758
1780509600,755.58,755.59,755.39,755.53,17559
1780509720,755.53,755.58,755.39,755.52,17239
1780509840,755.53,755.61,755.43,755.46,21639
1780509960,755.47,755.52,755.25,755.29,26137
1780510080,755.31,755.47,755.31,755.35,6653
1780510200,755.35,755.48,755.28,755.42,18536
1780510320,755.41,755.44,755.19,755.26,9774
1780510440,755.24,755.36,755.08,755.13,14612
1780510560,755.14,755.21,754.97,755.185,19194
1780510680,755.18,755.47,755.16,755.47,9347
1780510800,755.49,755.51,755.04,755.46,31867
1780510920,755.46,755.6,755.43,755.55,11946
1780511040,755.56,755.84,755.56,755.84,10961
1780511160,755.84,756.04,755.84,755.99,22108
1780511280,755.98,756.01,755.85,755.98,32461
1780511400,756,756.04,755.86,755.97,22487
1780511520,755.98,756,755.72,755.85,12827
1780511640,755.87,755.87,755.55,755.569,33170
1780511760,755.58,755.88,755.54,755.83,27306
1780511880,755.81,755.86,755.66,755.72,11921
1780512000,755.74,755.74,755.58,755.63,7955
1780512120,755.66,755.75,755.62,755.66,5551
1780512240,755.68,755.841,755.67,755.76,18058
1780512360,755.79,755.88,755.73,755.76,14699
1780512480,755.76,755.83,755.59,755.59,5152
1780512600,755.59,755.73,755.52,755.66,11147
1780512720,755.65,755.66,755.5,755.55,15070
1780512840,755.56,755.685,755.53,755.54,9088
1780512960,755.54,755.66,755.52,755.6,19068
1780513080,755.6,755.76,755.54,755.59,8351
1780513200,755.58,755.58,755.13,755.17,19387
1780513320,755.18,755.18,754.91,754.98,19103
1780513440,754.96,755.27,754.85,755.17,10535
1780513560,755.18,755.35,755.13,755.32,5540
1780513680,755.32,755.39,755.12,755.13,9988
1780513800,755.17,755.17,754.725,754.8,18579
1780513920,754.8,755,754.72,754.99,17339
1780514040,755,755.07,754.91,754.93,19868
1780514160,754.93,755.45,754.92,755.22,20976
1780514280,755.235,755.29,754.97,755.14,12230
1780514400,755.14,755.2,754.79,754.82,10614
1780514520,754.83,754.94,754.75,754.84,16991
1780514640,754.83,754.93,754.63,754.68,24571
1780514760,754.69,754.85,754.6,754.7,24321
1780514880,754.68,754.85,754.61,754.84,17239
1780515000,754.83,754.94,754.7,754.76,17945
1780515120,754.75,754.81,754.62,754.71,33178
1780515240,754.71,754.94,754.67,754.93,26836
1780515360,754.93,755.26,754.93,755.22,82517
1780515480,755.2,755.41,755.12,755.33,23071
1780515600,755.33,755.42,755.2,755.36,72085
1780515720,755.36,755.49,755.28,755.42,20616
1780515840,755.42,755.43,755.11,755.14,21242
1780515960,755.14,755.27,755.1,755.26,33170
1780516080,755.28,755.44,755.27,755.33,71774
1780516200,755.37,755.38,754.65,754.8,81073
1780516320,754.79,754.81,754.58,754.78,74833
1780516440,754.78,754.93,754.34,754.635,221327
1780516560,754.635,754.85,754.55,754.68,242895
1780516680,754.68,754.68,753.91,754.36,1022244
1780579800,752.1,752.26,751.47,751.87,117826
1780579920,751.89,752.84,751.88,752.83,49229
1780580040,752.825,752.99,752.46,752.49,37773
1780580160,752.44,753.39,752.44,753.35,32983
1780580280,753.3,753.3,752.9,752.91,41533
1780580400,752.92,752.98,752.5,752.55,25323
1780580520,752.54,752.62,752.16,752.17,66055
1780580640,752.17,752.35,751.63,751.67,44149
1780580760,751.64,752.76,751.62,752.66,44591
1780580880,752.67,752.83,752.37,752.57,21456
1780581000,752.57,753.09,752.22,753.09,34577
1780581120,753.05,753.38,752.62,752.84,44636
1780581240,752.84,753,752.54,752.69,15073
1780581360,752.765,753.47,752.66,753.355,34471
1780581480,753.37,753.7,753.14,753.2,41585
1780581600,753.21,753.47,753.13,753.3,18270
1780581720,753.29,753.33,752.74,752.81,17297
1780581840,752.8,752.82,752.25,752.46,21827
1780581960,752.48,752.81,752.23,752.39,24346
1780582080,752.43,752.85,752.409,752.699,9634
1780582200,752.7,753.67,752.66,753.57,17496
1780582320,753.55,753.55,752.96,753.03,80137
1780582440,753.06,753.53,753.06,753.43,15692
1780582560,753.47,753.69,753.31,753.58,13476
1780582680,753.59,753.59,753.19,753.19,13572
1780582800,753.25,753.54,753.09,753.47,21402
1780582920,753.46,754.11,753.46,754.1,31619
1780583040,754.1,754.25,754.02,754.16,25146
1780583160,754.14,754.18,753.93,754.13,14311
1780583280,754.16,754.29,753.96,754.02,14897
1780583400,754.01,754.06,753.66,753.739,21143
1780583520,753.72,753.88,753.61,753.86,14423
1780583640,753.87,754.13,753.63,753.659,12567
1780583760,753.66,753.92,753.5,753.8,22131
1780583880,753.8,753.919,753.55,753.68,16910
1780584000,753.75,754.19,753.69,754.15,16960
1780584120,754.14,754.16,753.93,753.98,10188
1780584240,753.98,754.04,753.78,753.99,11045
1780584360,753.99,754.24,753.96,753.96,17476
1780584480,753.94,754.01,753.39,753.7,14888
1780584600,753.73,753.91,753.55,753.8,9926
1780584720,753.81,753.81,753.54,753.55,8486
1780584840,753.56,754,753.54,753.93,12037
1780584960,753.93,754.2,753.93,754.12,8993
1780585080,754.08,754.21,753.98,754.21,14268
1780585200,754.22,754.58,754.2,754.56,29585
1780585320,754.56,754.73,754.48,754.56,20340
1780585440,754.57,754.7,754.4,754.65,14162
1780585560,754.65,755.02,754.65,755.02,17479
1780585680,755,755.49,754.96,755.379,50835
1780585800,755.37,755.51,755.17,755.505,20618
1780585920,755.49,755.61,755.4,755.409,21125
1780586040,755.41,755.77,755.41,755.73,29906
1780586160,755.74,755.97,755.72,755.84,22145
1780586280,755.83,755.835,755.56,755.65,15310
1780586400,755.65,755.69,755.4,755.45,23542
1780586520,755.45,755.51,755.345,755.43,13864
1780586640,755.47,755.78,755.47,755.7,11560
1780586760,755.705,755.78,755.54,755.78,14339
1780586880,755.76,755.86,755.58,755.86,9863
1780587000,755.87,755.95,755.66,755.72,13561
1780587120,755.73,755.87,755.56,755.59,11490
1780587240,755.6,755.7,755.44,755.59,12470
1780587360,755.58,755.75,755.48,755.53,9729
1780587480,755.52,755.68,755.52,755.621,6214
1780587600,755.63,755.73,755.44,755.49,11176
1780587720,755.49,755.49,755.34,755.36,10285
1780587840,755.38,755.38,755.17,755.19,13424
1780587960,755.17,755.43,755.02,755.05,16068
1780588080,755.04,755.12,754.83,754.93,10701
1780588200,754.94,755.11,754.81,755.08,12626
1780588320,755.07,755.41,755.07,755.38,15662
1780588440,755.39,755.39,755.11,755.25,9196
1780588560,755.23,755.32,755.12,755.27,13069
1780588680,755.265,755.47,755.25,755.33,12682
1780588800,755.35,755.55,755.2,755.54,12664
1780588920,755.55,755.55,755.41,755.52,17210
1780589040,755.52,755.57,755.41,755.53,8616
1780589160,755.54,755.95,755.54,755.93,38056
1780589280,755.92,756.36,755.9,756.21,33617
1780589400,756.22,756.35,756.13,756.32,16993
1780589520,756.33,756.39,756.21,756.23,19251
1780589640,756.23,756.4,756.18,756.35,21318
1780589760,756.36,756.6,756.28,756.53,26024
1780589880,756.52,756.57,756.29,756.39,15529
1780590000,756.35,756.54,756.31,756.5,14971
1780590120,756.51,756.655,756.46,756.61,64352
1780590240,756.61,756.67,756.37,756.48,17204
1780590360,756.49,756.61,756.45,756.6,20086
1780590480,756.59,756.6,756.47,756.5,12315
1780590600,756.51,756.53,756.06,756.09,28023
1780590720,756.08,756.38,756.08,756.3,12648
1780590840,756.28,756.45,756.24,756.29,7235
1780590960,756.3,756.56,756.29,756.55,12739
1780591080,756.52,756.81,756.52,756.7,15533
1780591200,756.7,756.77,756.59,756.77,8613
1780591320,756.77,756.81,756.65,756.76,10505
1780591440,756.79,756.86,756.69,756.7,6781
1780591560,756.725,756.79,756.6,756.62,9802
1780591680,756.61,756.75,756.56,756.7,7622
1780591800,756.72,756.91,756.71,756.82,30632
1780591920,756.8,756.92,756.75,756.88,18234
1780592040,756.89,756.92,756.83,756.841,6619
1780592160,756.85,756.92,756.82,756.87,15938
1780592280,756.85,756.89,756.77,756.81,8359
1780592400,756.79,756.91,756.6,756.87,12137
1780592520,756.87,756.87,756.64,756.68,11468
1780592640,756.7,756.74,756.61,756.62,5537
1780592760,756.63,756.79,756.6,756.74,10950
1780592880,756.75,756.92,756.75,756.9,6717
1780593000,756.89,756.96,756.87,756.93,12552
1780593120,756.94,756.985,756.72,756.75,10747
1780593240,756.77,756.86,756.74,756.86,8014
1780593360,756.84,756.85,756.71,756.769,8284
1780593480,756.78,756.89,756.7,756.85,13610
1780593600,756.84,756.84,756.63,756.67,5016
1780593720,756.7,756.85,756.66,756.83,6889
1780593840,756.83,756.92,756.79,756.89,8689
1780593960,756.91,757.04,756.89,757.01,15057
1780594080,757.03,757.17,757.03,757.12,10385
1780594200,757.1,757.3,757.04,757.22,39611
1780594320,757.22,757.43,757.22,757.35,14411
1780594440,757.34,757.35,757.14,757.21,17927
1780594560,757.24,757.26,757.05,757.12,8289
1780594680,757.07,757.23,757.02,757.11,5620
1780594800,757.13,757.23,757.11,757.19,5051
1780594920,757.18,757.31,757.15,757.24,15498
1780595040,757.25,757.28,757.16,757.17,6711
1780595160,757.17,757.26,757.14,757.22,16373
1780595280,757.24,757.42,757.24,757.42,8440
1780595400,757.42,757.48,757.34,757.39,13802
1780595520,757.38,757.42,757.3,757.35,10739
1780595640,757.33,757.47,757.32,757.47,6947
1780595760,757.46,757.67,757.46,757.64,8805
1780595880,757.64,757.74,757.64,757.69,12273
1780596000,757.69,757.85,757.58,757.68,26778
1780596120,757.67,757.74,757.6,757.71,22000
1780596240,757.72,757.86,757.69,757.85,49733
1780596360,757.82,757.86,757.75,757.79,9349
1780596480,757.79,757.86,757.66,757.73,11359
1780596600,757.75,757.86,757.69,757.82,9033
1780596720,757.82,757.84,757.71,757.74,13952
1780596840,757.74,757.76,757.59,757.63,24471
1780596960,757.63,757.68,757.54,757.57,20221
1780597080,757.57,757.88,757.56,757.86,12019
1780597200,757.85,757.93,757.78,757.87,36956
1780597320,757.89,757.9,757.73,757.76,15601
1780597440,757.75,757.86,757.73,757.82,7333
1780597560,757.83,757.93,757.79,757.83,15832
1780597680,757.88,757.9,757.74,757.85,14888
1780597800,757.8,757.9,757.62,757.63,18098
1780597920,757.63,757.74,757.63,757.69,11163
1780598040,757.7,757.82,757.63,757.77,15608
1780598160,757.75,757.94,757.74,757.88,15500
1780598280,757.87,757.9,757.7,757.8,31967
1780598400,757.79,757.8,757.69,757.79,8398
1780598520,757.8,757.84,757.74,757.83,8306
1780598640,757.84,757.85,757.7,757.71,8725
1780598760,757.71,758,757.71,757.93,13048
1780598880,757.92,757.94,757.82,757.89,5522
1780599000,757.89,757.93,757.84,757.93,4997
1780599120,757.92,757.94,757.88,757.91,9913
1780599240,757.91,757.92,757.71,757.75,7122
1780599360,757.75,757.83,757.6,757.6,9822
1780599480,757.6,757.68,757.5,757.63,19932
1780599600,757.64,757.84,757.63,757.78,16758
1780599720,757.78,757.89,757.76,757.85,11522
1780599840,757.86,757.96,757.84,757.94,13249
1780599960,757.96,758.09,757.94,758,22366
1780600080,758.01,758.07,757.91,757.93,23003
1780600200,757.91,757.96,757.77,757.785,21490
1780600320,757.78,757.87,757.69,757.7,18869
1780600440,757.71,757.81,757.68,757.72,22307
1780600560,757.74,757.78,757.64,757.68,15226
1780600680,757.67,757.78,757.59,757.68,14132
1780600800,757.69,757.83,757.65,757.661,17691
1780600920,757.67,758.02,757.66,757.92,70087
1780601040,757.92,758.02,757.92,757.98,22788
1780601160,757.99,758.07,757.94,758.05,28895
1780601280,758.05,758.32,758.01,758.29,49466
1780601400,758.28,758.28,758.14,758.165,92265
1780601520,758.17,758.31,758.17,758.25,28047
1780601640,758.23,758.23,758.08,758.19,66769
1780601760,758.16,758.27,758.06,758.09,34903
1780601880,758.09,758.18,758.04,758.15,33346
1780602000,758.16,758.17,757.9,757.94,57537
1780602120,757.95,757.99,757.79,757.87,50321
1780602240,757.87,757.9,757.68,757.69,35650
1780602360,757.69,757.75,757.61,757.68,48948
1780602480,757.68,757.89,757.66,757.85,46773
1780602600,757.81,757.98,757.4,757.57,52079
1780602720,757.55,757.73,757.42,757.61,46812
1780602840,757.6,757.69,757.1,757.13,90724
1780602960,757.12,757.28,756.96,757.25,108218
1780603080,757.25,757.49,756.92,757.07,406256
1780666200,752.31,752.63,751.62,752.49,90536
1780666320,752.53,752.81,752.42,752.605,35048
1780666440,752.6,752.69,752.09,752.2,33504
1780666560,752.14,752.16,751.64,751.65,29851
1780666680,751.65,751.73,751.24,751.59,37379
1780666800,751.56,751.63,750.88,750.92,64211
1780666920,750.9,751.02,750.49,750.56,35301
1780667040,750.6,750.65,749.98,750.02,45868
1780667160,750,750.35,749.76,749.87,62820
1780667280,749.86,750.06,749.36,749.45,61318
1780667400,749.45,750.06,749.42,749.98,96881
1780667520,749.97,750.15,749.6,749.95,64400
1780667640,749.97,750.14,749.75,749.869,35027
1780667760,749.85,749.95,749.34,749.42,36007
1780667880,749.42,749.45,748.67,748.72,45521
1780668000,748.75,749.03,748.23,748.57,72039
1780668120,748.59,749.62,748.53,749.29,61450
1780668240,749.35,749.35,748.84,749.23,39701
1780668360,749.2,749.235,748.52,749.16,34389
1780668480,749.13,749.85,749.05,749.82,42240
1780668600,749.83,750.25,749.38,749.63,62537
1780668720,749.66,750.08,749.32,749.85,31614
1780668840,749.85,750.55,749.84,750.5,23523
1780668960,750.5,750.74,750.33,750.74,64386
1780669080,750.74,750.96,750.54,750.91,41750
1780669200,750.92,750.93,750.25,750.38,48029
1780669320,750.36,750.49,749.72,749.92,27358
1780669440,749.92,750.01,749.24,749.26,23460
1780669560,749.27,749.47,748.87,749.01,28011
1780669680,749.03,749.22,748.89,749.22,10535
1780669800,749.21,749.84,749.11,749.83,25794
1780669920,749.84,750.1,749.69,749.99,24448
1780670040,749.98,750.63,749.98,750.54,27154
1780670160,750.55,750.725,750.28,750.715,19211
1780670280,750.67,750.73,750.08,750.17,15753
1780670400,750.19,750.31,749.86,749.9,27407
1780670520,749.91,749.92,749.32,749.48,11788
1780670640,749.45,749.82,749.24,749.64,11145
1780670760,749.67,749.68,749.12,749.2,17025
1780670880,749.2,749.56,749.14,749.38,14135
1780671000,749.38,749.8,749.23,749.74,12885
1780671120,749.73,749.75,749.349,749.49,13647
1780671240,749.49,749.69,749.43,749.5,12582
1780671360,749.47,750.1,749.47,749.94,16045
1780671480,749.95,750.01,749.73,749.9,28505
1780671600,749.89,750.18,749.45,749.45,32462
1780671720,749.47,749.53,749.17,749.3,10380
1780671840,749.35,749.65,749.16,749.16,23771
1780671960,749.15,749.199,748.82,748.92,21325
1780672080,748.93,749.14,748.85,748.95,9618
1780672200,748.89,749.2,748.74,748.75,6049
1780672320,748.75,748.88,748.46,748.56,17833
1780672440,748.57,748.71,748.22,748.25,21535
1780672560,748.25,748.6,748.19,748.57,21976
1780672680,748.55,748.72,748.48,748.63,16400
1780672800,748.64,748.76,748.06,748.25,27812
1780672920,748.24,748.35,747.55,747.98,65832
1780673040,747.99,748.09,747.77,748.05,40267
1780673160,748.06,748.33,747.93,748.14,34895
1780673280,748.13,748.31,747.94,748.15,19701
1780673400,748.13,748.4,748.03,748.23,12450
1780673520,748.21,748.21,747.67,747.68,9497
1780673640,747.68,747.91,747.55,747.79,53324
1780673760,747.8,747.87,747.15,747.16,23717
1780673880,747.16,747.21,746.73,746.79,52912
1780674000,746.81,746.81,746.39,746.49,31645
1780674120,746.48,747.06,746.47,746.98,54004
1780674240,746.94,746.98,746.38,746.61,27771
1780674360,746.62,746.95,746.57,746.6,23860
1780674480,746.54,746.6,746.19,746.36,31532
1780674600,746.38,746.61,746.27,746.52,23371
1780674720,746.51,746.78,746.31,746.68,20364
1780674840,746.66,746.85,746.51,746.68,27713
1780674960,746.66,746.91,746.48,746.86,28393
1780675080,746.86,746.91,746.44,746.59,19109
1780675200,746.58,746.58,746.11,746.23,37430
1780675320,746.22,746.46,745.98,746.15,38094
1780675440,746.13,746.16,745.56,745.56,39548
1780675560,745.55,745.68,745.28,745.44,35066
1780675680,745.41,745.43,745.07,745.22,36233
1780675800,745.22,745.65,745.01,745.62,50621
1780675920,745.56,745.85,745.38,745.83,33139
1780676040,745.83,745.89,745.08,745.09,47673
1780676160,745.09,745.09,744.63,744.8,28098
1780676280,744.81,744.96,744.72,744.78,26459
1780676400,744.81,745.14,744.69,745.14,44141
1780676520,745.17,745.43,745.09,745.34,22780
1780676640,745.34,745.46,745.01,745.38,19336
1780676760,745.4,745.55,745.17,745.21,31161
1780676880,745.2,745.2,744.7,744.75,18649
1780677000,744.75,744.8,744.2,744.25,25372
1780677120,744.24,744.25,743.87,744.03,20136
1780677240,744.01,744.33,743.95,744.28,27159
1780677360,744.26,744.31,743.76,744.12,29426
1780677480,744.12,744.54,744.11,744.22,42688
1780677600,744.22,744.35,743.55,743.57,22847
1780677720,743.6,743.68,743.14,743.18,27892
1780677840,743.16,743.33,742.46,742.58,45914
1780677960,742.58,743.18,742.56,742.98,64101
1780678080,742.95,743.57,742.61,743.55,48138
1780678200,743.53,743.71,743.25,743.71,75873
1780678320,743.71,744.35,743.58,744.27,43821
1780678440,744.27,744.67,743.99,744.1,56542
1780678560,744.1,744.48,743.98,744.43,36589
1780678680,744.43,744.56,744.08,744.54,33154
1780678800,744.55,744.56,743.73,743.73,41160
1780678920,743.75,743.86,743.31,743.78,43624
1780679040,743.82,744.01,743.54,743.67,21864
1780679160,743.65,743.71,743.37,743.45,36239
1780679280,743.44,743.69,743.32,743.52,14668
1780679400,743.49,743.65,743.12,743.13,27478
1780679520,743.11,743.51,742.96,743.27,47357
1780679640,743.24,743.52,743.19,743.39,29844
1780679760,743.36,743.36,742.82,743.13,33312
1780679880,743.12,743.31,742.92,743.28,40722
1780680000,743.27,743.33,742.81,743.21,43106
1780680120,743.21,744.12,743.19,744.08,56330
1780680240,744.06,744.15,743.62,743.62,49411
1780680360,743.62,743.97,743.39,743.87,51346
1780680480,743.87,744.07,743.7,744.03,32209
1780680600,744.02,744.25,743.88,744.14,32338
1780680720,744.14,744.17,743.56,743.77,26115
1780680840,743.71,744.41,743.69,744.38,22326
1780680960,744.4,744.82,744.27,744.79,24200
1780681080,744.8,744.95,744.66,744.93,16067
1780681200,744.93,745.29,744.39,744.47,48337
1780681320,744.49,744.54,743.87,743.99,31861
1780681440,743.99,744.2,743.64,744.09,31086
1780681560,744.05,744.32,743.88,744.27,20688
1780681680,744.26,744.26,743.75,743.98,21795
1780681800,743.96,744.14,743.77,743.84,23724
1780681920,743.84,744.12,743.76,744.04,23375
1780682040,744.02,744.22,743.9,744.1,29533
1780682160,744.09,744.51,744.04,744.51,21634
1780682280,744.53,744.7,744.45,744.67,27009
1780682400,744.68,744.79,744.53,744.65,42418
1780682520,744.64,744.65,743.64,743.84,44234
1780682640,743.84,743.84,743.13,743.13,59167
1780682760,743.13,743.48,743.11,743.43,18542
1780682880,743.43,743.52,743.23,743.24,17801
1780683000,743.23,743.4,742.79,742.88,26725
1780683120,742.87,742.92,742.57,742.8,39545
1780683240,742.8,742.82,741.42,741.44,52792
1780683360,741.45,741.84,741.35,741.75,98391
1780683480,741.73,741.97,741.3,741.43,86212
1780683600,741.44,741.91,741.34,741.71,63841
1780683720,741.72,741.83,741.42,741.78,31084
1780683840,741.7,741.96,741.33,741.37,38811
1780683960,741.32,741.32,740.5,740.94,56670
1780684080,740.95,741.14,740.75,740.89,70867
1780684200,740.85,741.14,740.63,740.97,34869
1780684320,740.96,740.96,740.41,740.74,48164
1780684440,740.75,740.78,740.33,740.34,25543
1780684560,740.34,740.8,740.22,740.51,27864
1780684680,740.5,740.66,740.11,740.57,53143
1780684800,740.58,740.63,740.13,740.23,32637
1780684920,740.25,740.28,740.02,740.12,45421
1780685040,740.11,740.17,739.45,739.45,78263
1780685160,739.45,739.77,738.84,738.89,56520
1780685280,738.87,739.74,738.59,739.62,62748
1780685400,739.63,739.85,738.99,739.14,44256
1780685520,739.115,739.26,738.56,738.57,56318
1780685640,738.55,739.23,738.49,739.21,67430
1780685760,739.24,740.25,738.9,739.13,103135
1780685880,739.15,739.46,738.87,739.22,53745
1780686000,739.23,739.39,738.31,738.81,49468
1780686120,738.63,739.3,738.57,739.25,28385
1780686240,739.27,739.27,738.63,739,35230
1780686360,738.99,739.16,738.39,738.39,17275
1780686480,738.4,738.41,737.54,738.01,63927
1780686600,738.01,738.08,737.27,737.49,59197
1780686720,737.5,737.58,737.14,737.25,45628
1780686840,737.26,737.28,736.39,736.45,52660
1780686960,736.46,736.48,735.74,735.74,42571
1780687080,735.73,736.58,735.53,736.33,57957
1780687200,736.34,736.78,735.87,736.7,55030
1780687320,736.66,736.86,736.18,736.19,57201
1780687440,736.16,737.67,736.16,737.55,89099
1780687560,737.53,737.99,737.11,737.9,59464
1780687680,737.93,738.47,737.79,738.47,45138
1780687800,738.41,738.52,737.455,737.78,78237
1780687920,737.79,737.83,737.22,737.47,73259
1780688040,737.46,738.5,737.39,738.2,71200
1780688160,738.22,738.34,737.75,738.31,31083
1780688280,738.32,738.79,738.08,738.7,75101
1780688400,738.661,738.74,737.07,737.07,94078
1780688520,737.1,737.47,736.99,737.19,78964
1780688640,737.12,738.17,737.02,738.13,77416
1780688760,738.13,738.6,737.85,738.56,75379
1780688880,738.57,738.96,738.27,738.77,108687
1780689000,738.72,739.8,738.43,739.54,133436
1780689120,739.56,739.63,738.63,738.63,130788
1780689240,738.69,739.21,738.48,738.55,160375
1780689360,738.54,738.85,738.15,738.38,152918
1780689480,738.42,738.43,737.01,737.4,433268
1780925400,743.31,744.53,743.11,743.86,179992
1780925520,743.86,744.34,742.87,742.93,59422
1780925640,742.94,743.07,741.71,742.44,75946
1780925760,742.43,742.66,741.85,741.94,78795
1780925880,741.95,742.6,741.58,741.59,74676
1780926000,741.62,742.18,741.48,742.07,74341
1780926120,742.03,743.1,741.89,742.6,60443
1780926240,742.6,743.08,742.26,743.08,52959
1780926360,743.06,743.51,742.72,742.83,48666
1780926480,742.86,743.04,742.1,742.58,47910
1780926600,742.56,742.86,741.92,742.501,32461
1780926720,742.46,743.55,742.4,743.5,45366
1780926840,743.54,743.72,742.51,742.56,38468
1780926960,742.5,742.61,741.3,741.3,48124
1780927080,741.36,741.475,740.8,740.83,46202
1780927200,740.8,742.07,740.62,742.01,52588
1780927320,741.99,742.33,741.43,741.78,36047
1780927440,741.74,741.78,741.09,741.25,23887
1780927560,741.24,742.38,741.2,741.95,29413
1780927680,741.98,742.52,741.59,742.32,46721
1780927800,742.31,742.46,741.75,742.37,25961
1780927920,742.33,742.33,741.43,741.93,51210
1780928040,741.98,742.21,740.9,741.05,29899
1780928160,741.08,741.62,740.85,741.56,41593
1780928280,741.53,741.79,741.09,741.58,17394
1780928400,741.54,742,741.18,741.68,30722
1780928520,741.64,742.13,741.229,742.08,22239
1780928640,742.09,742.53,741.85,742.47,35823
1780928760,742.41,743.01,742.4,742.82,26740
1780928880,742.82,742.82,742.12,742.48,56619
1780929000,742.5,742.81,742.31,742.61,34542
1780929120,742.62,742.96,742.48,742.62,26882
1780929240,742.625,743.28,742.62,743.23,25826
1780929360,743.25,743.67,742.96,743.19,50755
1780929480,743.22,743.45,742.74,743.28,48373
1780929600,743.26,743.5,742.66,742.749,54614
1780929720,742.72,742.75,741.97,742.07,63002
1780929840,742.1,743.42,742.099,743.42,33102
1780929960,743.44,744.35,743.33,744.01,67395
1780930080,744.04,744.04,743.54,743.54,23508
1780930200,743.63,744.05,743.31,744.05,23056
1780930320,744.03,744.33,743.985,744.25,27325
1780930440,744.24,744.34,743.86,744,18508
1780930560,744.01,744.52,743.65,744.44,16412
1780930680,744.43,745,744.41,745,30058
1780930800,744.99,745.27,744.77,745.05,36551
1780930920,745.03,745.25,744.91,744.92,27586
1780931040,744.91,744.99,744.57,744.88,21368
1780931160,744.86,745.33,744.84,744.95,20361
1780931280,745.04,745.19,744.93,745.11,14609
1780931400,745.14,745.2,744.935,745.019,12299
1780931520,745,745.149,744.92,744.99,9278
1780931640,745,745.16,744.67,744.98,22296
1780931760,745.02,745.06,744.64,744.65,22110
1780931880,744.64,745.03,744.39,744.87,35618
1780932000,744.84,745.07,744.35,744.38,43293
1780932120,744.38,744.7,744.15,744.69,33949
1780932240,744.75,745,744.38,744.47,16598
1780932360,744.43,744.48,743.82,743.97,32517
1780932480,743.95,744.15,743.13,743.21,33167
1780932600,743.25,743.37,742.39,742.54,47479
1780932720,742.54,742.67,742,742.05,29969
1780932840,742.09,742.39,741.86,742.18,30329
1780932960,742.16,742.87,741.92,742.8,31638
1780933080,742.82,743.63,742.76,743.54,19829
1780933200,743.45,743.899,743.42,743.65,23924
1780933320,743.63,743.68,743.17,743.42,17792
1780933440,743.41,744.02,743.37,743.93,14283
1780933560,743.93,744.36,743.9,744.13,14376
1780933680,744.15,744.15,743.28,743.36,26354
1780933800,743.34,743.96,743.34,743.91,17494
1780933920,743.87,744.17,743.83,743.88,17193
1780934040,743.91,743.91,742.92,742.99,21838
1780934160,742.98,743.09,742.69,742.74,19396
1780934280,742.76,742.94,742.49,742.77,14757
1780934400,742.75,742.84,742.16,742.57,18626
1780934520,742.515,743.26,742.47,742.98,19219
1780934640,742.99,743.17,742.56,742.85,24025
1780934760,742.85,743.21,742.64,742.85,21428
1780934880,742.86,742.98,742.49,742.65,11161
1780935000,742.67,743.02,742.36,742.965,16216
1780935120,743,743.25,742.95,743.13,12718
1780935240,743.1,743.63,742.96,743.53,19857
1780935360,743.51,743.7,743.32,743.43,10330
1780935480,743.47,743.72,743.41,743.7,12566
1780935600,743.71,743.98,743.63,743.78,15463
1780935720,743.78,743.78,742.94,743.05,31589
1780935840,743.05,743.24,742.859,743.15,10827
1780935960,743.15,743.46,742.88,742.93,10178
1780936080,742.92,742.93,742.12,742.15,21829
1780936200,742.19,742.61,742.19,742.569,13059
1780936320,742.53,742.58,742.14,742.14,15902
1780936440,742.11,742.31,741.91,742.13,18401
1780936560,742.14,742.43,741.8,741.8,30780
1780936680,741.83,741.86,741.52,741.8,21251
1780936800,741.76,742.33,741.61,742.18,15534
1780936920,742.22,742.24,741.64,741.67,21084
1780937040,741.68,742.39,741.65,742.21,13882
1780937160,742.18,742.86,742.05,742.81,26739
1780937280,742.8,742.96,742.46,742.46,13581
1780937400,742.49,742.69,742.21,742.61,19796
1780937520,742.57,742.66,742.38,742.49,16480
1780937640,742.44,742.68,742.02,742.24,16915
1780937760,742.22,742.49,742.06,742.09,22345
1780937880,742.07,742.17,741.89,741.919,13163
1780938000,741.949,741.97,741.08,741.22,40252
1780938120,741.22,741.29,740.49,740.52,51029
1780938240,740.46,741.15,740.35,741,30986
1780938360,740.95,741.48,740.82,741.31,24090
1780938480,741.3,741.51,740.76,740.84,26761
1780938600,740.84,740.89,740.22,740.38,27161
1780938720,740.37,740.77,740.11,740.75,29710
1780938840,740.73,741.1,740.68,740.68,25831
1780938960,740.67,741.14,740.669,740.809,23492
1780939080,740.8,740.83,740.08,740.38,33033
1780939200,740.395,740.88,740.34,740.63,15644
1780939320,740.62,740.63,740.28,740.4,15775
1780939440,740.43,740.94,740.14,740.9,22408
1780939560,740.86,741.1,740.56,741.049,36191
1780939680,741,742.06,740.93,742.03,17316
1780939800,742.02,742.379,741.5,741.81,36457
1780939920,741.82,741.82,741.1,741.17,36415
1780940040,741.19,741.67,740.77,740.79,22567
1780940160,740.81,741.23,740.61,741.23,23566
1780940280,741.2,741.29,740.93,741.21,14362
1780940400,741.2,741.34,740.68,740.69,12828
1780940520,740.67,740.94,740.6,740.68,21365
1780940640,740.67,740.85,740.4,740.68,23322
1780940760,740.7,741.27,740.68,741.009,26773
1780940880,741.009,741.4,740.83,741.4,13056
1780941000,741.375,741.52,741.15,741.21,25300
1780941120,741.23,741.74,741.009,741.72,13304
1780941240,741.66,741.66,741.19,741.21,12633
1780941360,741.18,741.47,741.1,741.139,12564
1780941480,741.14,741.36,740.89,741.1,10370
1780941600,741.13,741.845,741.13,741.84,18286
1780941720,741.8,741.92,741.5,741.61,16570
1780941840,741.625,741.94,741.44,741.88,28776
1780941960,741.83,742.29,741.73,741.96,47941
1780942080,741.93,742.04,741.75,741.92,20044
1780942200,741.95,742.089,741.51,741.53,18690
1780942320,741.54,741.65,741.07,741.52,19072
1780942440,741.51,741.64,741.2,741.6,24596
1780942560,741.54,741.72,741.45,741.67,13042
1780942680,741.66,741.8,741.52,741.62,19165
1780942800,741.63,741.71,741.29,741.59,19757
1780942920,741.63,741.89,741.62,741.8,6710
1780943040,741.76,742,741.71,741.93,9226
1780943160,741.94,741.96,741.71,741.72,9289
1780943280,741.72,742.1,741.589,741.97,20767
1780943400,741.97,742.45,741.96,742.22,25936
1780943520,742.21,742.32,741.93,742.25,13604
1780943640,742.21,742.23,741.7,741.88,9464
1780943760,741.88,742.1,741.42,741.44,11908
1780943880,741.43,741.49,740.88,741.02,19021
1780944000,740.97,741.11,740.75,740.9,26178
1780944120,740.93,741.34,740.9,740.92,27450
1780944240,740.92,741.12,740.85,740.94,10697
1780944360,740.94,741.43,740.91,741.38,14992
1780944480,741.37,741.56,740.96,741,20303
1780944600,741.03,741.26,740.91,741.2,28324
1780944720,741.21,741.33,741,741.19,6745
1780944840,741.17,741.46,741.14,741.3,12886
1780944960,741.22,741.53,741.11,741.13,9846
1780945080,741.1,741.19,740.88,740.96,7648
1780945200,740.99,741.02,740.5,740.61,20423
1780945320,740.67,741.15,740.62,741.04,14865
1780945440,741,741.15,740.78,740.86,14536
1780945560,740.86,740.88,740.64,740.75,29903
1780945680,740.76,740.76,740.18,740.18,15153
1780945800,740.18,740.19,739.41,739.55,61143
1780945920,739.55,739.97,739.41,739.85,17584
1780946040,739.87,739.88,738.95,739.36,35625
1780946160,739.4,739.62,739.13,739.37,23284
1780946280,739.28,739.35,739.08,739.2,24058
1780946400,739.275,739.69,739.22,739.45,23116
1780946520,739.42,739.51,738.49,738.5,24636
1780946640,738.49,738.74,738.24,738.26,26684
1780946760,738.24,739.23,738.2,739.21,48470
1780946880,739.2,739.2,738.88,739.18,20771
1780947000,739.22,739.9,739.12,739.8,38351
1780947120,739.8,740.17,739.48,739.52,26861
1780947240,739.47,739.61,739.27,739.29,17932
1780947360,739.3,739.76,739.07,739.72,29647
1780947480,739.71,739.9,739.32,739.4,36305
1780947600,739.37,739.66,738.93,739.52,37415
1780947720,739.52,739.73,739.19,739.53,22209
1780947840,739.51,739.72,739.25,739.56,40341
1780947960,739.56,739.89,739.4,739.8,25765
1780948080,739.79,739.8,739.13,739.33,27785
1780948200,739.49,739.96,738.79,738.9,115122
1780948320,738.91,739.39,738.82,739.26,69003
1780948440,739.27,739.615,739.02,739.3,68671
1780948560,739.29,739.29,738.91,739.18,66273
1780948680,739.18,739.53,739.05,739.22,263192
1781011800,743.64,743.95,743.27,743.89,100550
1781011920,743.89,744.15,743.63,743.75,54430
1781012040,743.74,744.2,743.41,744.2,56812
1781012160,744.2,744.8,744.11,744.78,66773
1781012280,744.79,744.87,744.34,744.39,36863
1781012400,744.43,744.63,744.12,744.59,31545
1781012520,744.59,745.34,744.48,745.3,51993
1781012640,745.32,745.69,745.12,745.69,31087
1781012760,745.68,746.49,745.59,746.43,37476
1781012880,746.43,746.9,746.27,746.75,28415
1781013000,746.74,746.8,745.79,746.01,52469
1781013120,746.01,746.42,745.78,745.84,41455
1781013240,745.85,745.9,744.78,745,41102
1781013360,745.005,745.28,744.47,744.59,42828
1781013480,744.61,744.98,744.23,744.38,30802
1781013600,744.37,744.87,743.81,744.77,47848
1781013720,744.8,745.04,744.41,744.41,40537
1781013840,744.4,744.52,743.89,744.5,17324
1781013960,744.5,744.52,743.98,744.13,21394
1781014080,744.14,744.72,743.91,743.981,25707
1781014200,743.97,743.97,742.66,742.91,52077
1781014320,742.91,743.1,741.81,741.84,47054
1781014440,741.85,742.01,741.18,741.21,82571
1781014560,741.17,741.38,739.9,739.96,102686
1781014680,739.94,740.2,739.42,740.09,77352
1781014800,740.14,740.14,739.43,740,68416
1781014920,740.04,741.54,740.01,741.47,66233
1781015040,741.47,742.18,741.34,741.99,45676
1781015160,742,742.19,741.21,741.66,33541
1781015280,741.63,741.93,740.83,741.21,22053
1781015400,741.11,741.33,740.35,740.48,50766
1781015520,740.53,741.69,740.46,741.23,40494
1781015640,741.2,741.44,740.6,740.69,24060
1781015760,740.71,741.54,740.5,741.52,28120
1781015880,741.56,741.56,740.599,740.9,16454
1781016000,740.93,741.24,740.67,740.95,18788
1781016120,740.91,741.02,739.31,739.38,26908
1781016240,739.41,739.43,737.98,738.08,73983
1781016360,738.11,738.11,736.28,736.37,88047
1781016480,736.37,736.72,735.03,735.25,107723
1781016600,735.27,736.1,734.66,736.1,153538
1781016720,736.1,736.4,735.12,735.53,50878
1781016840,735.57,736.94,735.49,736.41,40722
1781016960,736.47,736.95,735.87,736.79,41853
1781017080,736.75,737.8,736.75,737.8,37791
1781017200,737.79,738.11,737.16,737.45,32145
1781017320,737.43,738.05,736.96,737.65,24557
1781017440,737.63,737.65,736.3,736.34,22596
1781017560,736.31,737.37,736.29,737.23,27379
1781017680,737.2,738,736.9,737.94,14375
1781017800,737.95,738.419,737.83,737.86,18644
1781017920,737.86,737.91,736.87,737.91,28675
1781018040,737.89,737.92,736.94,737.16,24500
1781018160,737.16,737.2,736.25,736.41,25171
1781018280,736.37,736.94,736.17,736.23,17864
1781018400,736.18,736.65,736.1,736.13,18733
1781018520,736.12,736.13,734.5,734.53,45454
1781018640,734.5,734.69,733.59,733.64,57611
1781018760,733.63,733.67,732.37,732.48,50752
1781018880,732.4,732.43,730.79,730.99,101252
1781019000,731.01,731.8,730.49,730.64,150161
1781019120,730.62,731.45,730.59,731.08,70909
1781019240,731.05,731.71,730.73,731.61,112612
1781019360,731.59,731.65,730.82,731.07,52698
1781019480,731.07,731.74,730.59,731.5,68975
1781019600,731.46,732.3,731.25,732.01,63388
1781019720,731.97,732.49,731.68,731.88,46406
1781019840,731.85,732.09,731.46,731.73,31640
1781019960,731.76,732.2,731.64,731.72,29072
1781020080,731.68,732.11,731.6,731.97,16766
1781020200,731.93,732.55,731.15,732.46,35079
1781020320,732.46,732.74,731.66,731.78,30253
1781020440,731.83,731.88,730.44,730.48,32091
1781020560,730.43,731.22,729.01,729.08,111409
1781020680,729.12,729.6,728.97,729.1,120758
1781020800,729.08,730.15,728.97,730.13,86937
1781020920,730.14,730.56,729.55,729.78,42991
1781021040,729.79,729.96,728.92,728.99,47799
1781021160,728.911,729.69,728.51,728.95,59105
1781021280,728.93,728.93,727.78,728.32,99068
1781021400,728.26,729.11,727.8,729.1,90141
1781021520,729.15,729.31,728.43,728.79,63626
1781021640,728.74,728.74,727.6,727.64,36369
1781021760,727.64,727.64,726.57,726.67,119519
1781021880,726.67,727.34,725.72,725.94,118208
1781022000,725.94,726.67,725.3,726.665,107836
1781022120,726.62,727.08,726.24,726.53,107989
1781022240,726.51,728.14,726.46,727.82,70229
1781022360,727.82,727.97,726.9,727.13,52968
1781022480,727.11,727.66,726.95,727.37,33809
1781022600,727.33,727.64,726.35,727.23,51080
1781022720,727.27,728.55,727.2,727.7,50937
1781022840,727.69,728.1,727.14,727.98,36480
1781022960,727.96,728.35,727.33,727.57,49265
1781023080,727.56,727.63,722.94,723.34,405501
1781023200,723.38,724.2,722.6,723.25,196216
1781023320,723.25,724.92,723.21,724.7,110389
1781023440,724.72,725.73,724.02,725.29,139453
1781023560,725.32,725.37,724.14,725.17,74780
1781023680,725.11,725.11,724.13,724.87,69027
1781023800,724.89,725.44,724.36,725.16,44618
1781023920,725.16,725.29,723.94,724.62,47782
1781024040,724.55,724.74,723.58,724.69,68354
1781024160,724.71,724.91,724.21,724.42,69582
1781024280,724.37,726.69,724.29,726.63,75500
1781024400,726.62,727.25,726.42,726.65,35811
1781024520,726.63,728.43,726.6,728.27,69543
1781024640,728.28,728.83,728.04,728.42,45968
1781024760,728.47,728.6,727.9,728,47197
1781024880,728.02,728.37,727.59,728.27,20103
1781025000,728.279,728.279,727.21,728.21,37729
1781025120,728.25,728.3,727.7,728.14,29628
1781025240,728.2,729.04,728.03,728.03,64871
1781025360,728.07,729.53,727.92,729.38,67724
1781025480,729.37,730.05,729.36,729.94,58755
1781025600,729.939,731.069,729.855,730.99,66314
1781025720,731.06,731.28,729.8,729.81,30245
1781025840,729.84,730.51,729.56,729.93,27340
1781025960,730.04,730.85,729.9,730.81,14013
1781026080,730.83,731.21,730.52,730.76,37737
1781026200,730.74,731.09,730.21,730.76,52633
1781026320,730.72,731.52,730.58,731.42,41405
1781026440,731.44,731.72,731.05,731.29,31445
1781026560,731.32,732.379,731.32,732.34,33304
1781026680,732.31,732.56,731.87,732.12,48998
1781026800,732.14,733.1,731.95,733.08,60657
1781026920,733.08,733.95,732.81,733.44,77925
1781027040,733.45,733.75,732.48,732.57,61564
1781027160,732.56,732.64,731.57,731.59,60727
1781027280,731.59,731.92,730.97,731.17,55138
1781027400,731.2,733.13,731.2,733.11,49777
1781027520,733.075,733.08,731.87,732.24,33414
1781027640,732.25,733.1,732.14,732.9,25849
1781027760,732.86,733.15,732.47,732.93,18126
1781027880,732.9,733.14,732.49,732.56,17311
1781028000,732.66,733.3,732.43,732.91,33556
1781028120,732.91,733.17,732.15,732.331,34597
1781028240,732.36,732.9,732.33,732.79,14604
1781028360,732.84,733.36,732.4,733.36,34894
1781028480,733.35,733.74,733.16,733.58,34049
1781028600,733.58,733.61,732.55,733.01,33589
1781028720,733.02,733.45,732.84,732.97,19438
1781028840,733.03,733.49,732.97,733.23,8540
1781028960,733.24,733.57,732.62,733.08,41406
1781029080,733.12,734.54,733.1,734.44,56060
1781029200,734.44,734.85,733.75,734.08,50916
1781029320,734.06,734.86,733.98,734.86,27624
1781029440,734.87,735.15,734.43,734.47,33485
1781029560,734.52,734.78,733.98,734.78,25789
1781029680,734.79,735.12,734.48,735.1,23878
1781029800,735.12,736.16,735,735.69,53962
1781029920,735.68,735.68,734.85,735.56,33809
1781030040,735.56,735.83,735.37,735.37,14723
1781030160,735.44,736.23,735.42,735.89,35532
1781030280,735.85,736.26,735.78,735.97,10338
1781030400,735.95,735.99,735.22,735.37,33590
1781030520,735.39,735.56,734.83,735.09,45308
1781030640,735.11,735.21,734.321,734.82,33477
1781030760,734.83,735.42,734.55,735.1,29072
1781030880,735.08,735.52,735.06,735.48,19017
1781031000,735.5,735.53,735.11,735.3,20473
1781031120,735.35,736.18,735.3,736.04,20078
1781031240,736.01,736.1,735.55,735.85,36933
1781031360,735.78,736.76,735.71,736.75,38931
1781031480,736.73,737.13,736.68,736.74,48082
1781031600,736.75,736.88,736.11,736.53,40246
1781031720,736.46,736.93,736.43,736.93,30279
1781031840,736.94,737.67,736.94,737.06,49871
1781031960,737.04,737.11,736.61,736.93,38684
1781032080,736.96,737.2,736.43,736.51,29638
1781032200,736.45,736.45,735.45,735.53,16145
1781032320,735.54,736.08,735.54,735.84,21179
1781032440,735.84,735.85,734.2,734.27,35390
1781032560,734.27,734.41,733.56,734.1,40399
1781032680,734.17,734.55,733.5,733.651,33226
1781032800,733.6,734.36,733.21,733.87,44360
1781032920,733.86,734.03,733.25,733.63,34153
1781033040,733.62,734.22,733.55,733.88,22269
1781033160,733.86,734.1,733.51,734.1,20165
1781033280,734.1,734.86,733.87,734.6,29560
1781033400,734.56,735.03,734.2,734.79,32467
1781033520,734.73,734.909,734.09,734.21,28309
1781033640,734.23,734.66,734.04,734.49,32595
1781033760,734.54,734.65,734.02,734.53,30747
1781033880,734.51,734.51,733.55,733.58,41579
1781034000,733.6,733.6,732.58,733.02,81250
1781034120,733.04,733.85,732.81,733.34,33724
1781034240,733.27,733.78,733.21,733.71,35923
1781034360,733.68,733.68,733.01,733.06,49278
1781034480,733.04,733.44,732.54,733.15,39938
1781034600,733.12,735.88,733.02,735.72,133439
1781034720,735.74,736.05,735.33,735.73,99984
1781034840,735.72,736.58,735.52,736.5,110868
1781034960,736.46,737.04,736.4,736.89,81247
1781035080,736.92,737.43,736.65,737.07,297730
1781098200,733.39,733.96,732.63,733.14,80136
1781098320,733.13,733.46,732.25,732.56,56513
1781098440,732.52,733.34,731.5,733.08,50521
1781098560,733.14,734.46,732.91,734.46,39125
1781098680,734.49,735.24,734.33,734.58,28946
1781098800,734.57,734.7,733.31,733.54,32400
1781098920,733.55,736,733.5,735.8,34422
1781099040,735.89,736.29,735.33,736.13,59747
1781099160,736.16,736.21,735.44,735.94,30175
1781099280,735.98,736.99,735.97,736.66,49815
1781099400,736.63,736.63,734.76,734.86,27979
1781099520,734.91,735.57,734.9,734.96,24762
1781099640,734.96,735.98,734.92,735.86,23615
1781099760,735.85,736.68,735.85,736.42,26925
1781099880,736.37,736.56,735.49,735.71,34639
1781100000,735.78,736.05,735.03,735.62,26557
1781100120,735.59,737.26,735.32,736.78,31170
1781100240,736.74,736.74,735.88,736.03,22084
1781100360,736.09,736.9,736.04,736.54,22098
1781100480,736.62,737.36,736.39,737.12,12315
1781100600,737.13,737.29,736.48,737.18,15409
1781100720,737.2,737.58,736.6,737.21,35311
1781100840,737.45,737.6,735.8,735.85,28529
1781100960,735.83,737.07,735.815,736.49,48843
1781101080,736.51,736.69,736.07,736.68,17531
1781101200,736.49,736.86,736.2,736.82,23548
1781101320,736.82,737.81,736.7,737.72,14911
1781101440,737.72,738.38,737.28,737.36,34566
1781101560,737.36,737.93,737.3,737.89,21505
1781101680,737.75,737.82,736.64,737.26,32770
1781101800,737.2,737.36,735.79,735.89,42223
1781101920,735.87,737.2,735.79,737.08,32868
1781102040,737.04,737.95,736.99,737.62,28913
1781102160,737.61,737.61,736.11,736.19,34715
1781102280,736.23,736.69,736.07,736.59,16893
1781102400,736.55,737.2,736.45,737.1,11921
1781102520,737.14,737.24,736.26,736.33,24534
1781102640,736.38,736.56,734.87,735.33,32626
1781102760,735.35,736.08,735.24,735.44,21495
1781102880,735.44,735.44,734.5,734.96,31121
1781103000,734.95,735.66,734.66,734.845,43695
1781103120,734.84,735.07,734.18,734.54,26414
1781103240,734.56,735.13,733.37,733.37,37314
1781103360,733.36,733.69,732.3,732.35,48540
1781103480,732.32,733.12,732.29,732.84,32619
1781103600,732.87,734,731.93,733.99,48400
1781103720,734,734.41,733.65,733.79,24829
1781103840,733.71,733.82,732.7,732.78,16501
1781103960,732.69,732.97,732,732.33,15374
1781104080,732.31,732.61,731.73,731.79,29580
1781104200,731.795,732,730.9,731.15,51385
1781104320,731,731.81,730.69,731.45,42684
1781104440,731.4,731.51,729.86,729.9,57311
1781104560,729.93,730.7,729.83,730.21,37727
1781104680,730.13,730.52,729.54,730.2,30954
1781104800,730.21,731.09,730.07,730.95,48943
1781104920,730.93,731.98,730.69,731.91,27439
1781105040,731.97,732.47,731.53,732.36,16022
1781105160,732.35,732.39,731.75,732.02,14326
1781105280,732.06,732.55,731.43,731.43,15053
1781105400,731.49,732.28,731.12,731.55,23579
1781105520,731.595,731.64,730.64,730.73,12069
1781105640,730.69,731.44,730.55,730.87,18037
1781105760,730.86,731.8,730.79,730.85,17761
1781105880,730.89,731.17,729.97,730.77,32582
1781106000,730.8,731.75,730.45,731.659,17444
1781106120,731.65,731.83,730.94,731.71,17677
1781106240,731.71,732.57,731.71,732.33,22685
1781106360,732.34,732.77,730.74,730.76,47868
1781106480,730.76,731.55,728.97,730.02,158655
1781106600,729.96,730.69,728.72,728.75,85289
1781106720,728.75,730.64,728.49,730.51,57638
1781106840,730.5,731.63,730.21,730.22,33325
1781106960,730.35,732.01,730.13,732.01,27287
1781107080,732.01,732.09,731.56,732.01,19366
1781107200,731.98,732.54,731.17,731.22,31569
1781107320,731.27,731.75,731.09,731.36,17336
1781107440,731.4,731.79,731.18,731.21,21018
1781107560,731.17,732.04,731.09,731.68,29887
1781107680,731.74,731.81,730.57,730.89,28167
1781107800,730.91,730.98,729.921,730.2,19633
1781107920,730.21,730.62,730.05,730.56,11514
1781108040,730.51,730.74,730.09,730.33,17781
1781108160,730.19,731.07,730.15,730.26,21433
1781108280,730.27,730.62,730.15,730.62,10628
1781108400,730.61,730.77,729.9,730.57,14853
1781108520,730.57,730.9,730.359,730.86,14678
1781108640,730.82,730.91,730.06,730.32,10231
1781108760,730.319,730.93,730.23,730.36,12604
1781108880,730.34,730.74,730.27,730.67,7922
1781109000,730.69,730.73,730.18,730.39,4652
1781109120,730.29,730.62,730.05,730.44,6741
1781109240,730.355,731.75,730.34,731.35,21603
1781109360,731.27,732.32,731.08,732.2,18991
1781109480,732.09,732.29,731.48,731.94,11950
1781109600,731.97,732.31,731.24,731.29,9697
1781109720,731.31,731.34,730.45,730.82,14529
1781109840,730.81,731.23,730.135,730.15,15104
1781109960,730.19,730.44,729.4,729.59,14398
1781110080,729.6,730.26,729.43,729.98,18296
1781110200,729.97,730.6,729.69,730.54,16704
1781110320,730.5,730.99,730.35,730.47,9105
1781110440,730.45,730.45,729.5,729.65,10619
1781110560,729.65,730.18,729.62,730.02,10841
1781110680,730.03,730.5,729.77,730.36,13565
1781110800,730.38,730.95,730.02,730.14,9977
1781110920,730.13,731.34,730.13,731.18,10204
1781111040,731.15,731.38,730.04,730.04,33267
1781111160,730.04,730.74,729.98,730.26,30971
1781111280,730.26,730.26,729.59,729.71,20459
1781111400,729.66,729.73,728.71,728.95,39873
1781111520,728.98,729.6,728.9,729.32,26547
1781111640,729.35,729.35,728.7,728.92,19102
1781111760,728.93,729.42,728.74,728.85,23196
1781111880,728.87,729.08,728.67,729.01,18799
1781112000,728.95,729.16,728.8,728.93,13215
1781112120,728.9,729.28,728.82,729.21,19788
1781112240,729.19,729.76,729.19,729.64,48614
1781112360,729.63,729.67,729.11,729.41,23325
1781112480,729.4,729.83,729.39,729.55,12315
1781112600,729.59,729.69,728.65,728.76,14933
1781112720,728.76,729.08,728.4,728.88,36039
1781112840,728.831,729.115,728.48,728.5,8739
1781112960,728.49,728.87,728.22,728.59,15250
1781113080,728.59,728.59,728.1,728.12,20662
1781113200,728.19,728.57,728.01,728.21,20051
1781113320,728.28,728.46,728.1,728.17,10742
1781113440,728.14,728.49,727.86,728.47,19755
1781113560,728.48,730.02,728.47,729.8,43597
1781113680,729.84,730.62,729.47,730.33,21431
1781113800,730.31,730.55,729.12,729.99,54606
1781113920,730,730,728.98,729.43,19099
1781114040,729.44,730.59,729.37,730.4,25198
1781114160,730.36,730.79,730.06,730.1,16033
1781114280,730.06,730.74,730.03,730.66,17191
1781114400,730.66,731.26,730.52,730.74,28392
1781114520,730.72,731.6,730.68,731.49,28443
1781114640,731.46,731.75,731.31,731.54,25980
1781114760,731.49,731.65,730.61,730.62,23695
1781114880,730.63,731.24,730.47,730.515,25656
1781115000,730.52,730.99,730.51,730.81,7595
1781115120,730.82,731.23,730.49,730.55,11642
1781115240,730.59,731.19,730.55,731.04,8938
1781115360,731.03,731.25,730.15,730.15,12302
1781115480,730.15,730.34,729.45,729.79,21964
1781115600,729.79,730.42,729.73,729.74,17118
1781115720,729.735,729.95,729.32,729.84,29628
1781115840,729.81,730.05,729.43,729.615,19906
1781115960,729.6,729.9,729.49,729.65,18370
1781116080,729.63,730.11,729.54,729.54,13951
1781116200,729.55,729.57,728.87,728.91,15046
1781116320,728.9,729.41,728.9,729.06,23235
1781116440,729.02,729.15,728.52,728.89,28110
1781116560,728.87,729.09,728.28,728.34,27077
1781116680,728.34,728.73,728.15,728.51,21343
1781116800,728.55,728.86,728.4,728.4,30033
1781116920,728.4,728.64,728.14,728.51,24078
1781117040,728.54,728.81,728.21,728.27,20789
1781117160,728.3,728.42,727.98,728.06,17603
1781117280,728.05,728.47,727.86,727.9,31359
1781117400,727.9,727.9,727,727.5,59374
1781117520,727.5,728.04,727.36,727.84,39101
1781117640,727.78,728,727.13,727.29,15732
1781117760,727.28,727.65,727,727.41,30619
1781117880,727.41,727.83,727.39,727.42,17156
1781118000,727.47,727.47,726.88,727.2,24029
1781118120,727.1,728.12,726.97,727.96,30912
1781118240,727.94,728.05,726.99,727.28,21140
1781118360,727.2,728.13,727.17,728.02,22067
1781118480,727.99,728.11,727.67,727.78,18828
1781118600,727.76,727.83,727.135,727.17,18615
1781118720,727.15,727.31,726.95,727.1,19673
1781118840,727.11,727.17,726.57,726.77,23922
1781118960,726.79,727.24,726.55,726.65,20654
1781119080,726.65,726.7,726.33,726.51,32852
1781119200,726.48,726.51,725.89,725.92,38381
1781119320,725.92,726.21,725.79,725.92,32427
1781119440,725.895,726.27,725.76,725.79,31886
1781119560,725.76,725.91,725.48,725.75,31277
1781119680,725.75,726.16,725.65,725.99,55224
1781119800,725.95,726.89,725.69,726.62,64256
1781119920,726.62,726.79,726.36,726.63,69803
1781120040,726.62,727.34,726.61,726.93,45615
1781120160,726.93,727.39,726.65,727.39,19503
1781120280,727.39,727.64,727.18,727.44,20984
1781120400,727.45,727.7,727.04,727.21,40343
1781120520,727.16,727.44,726.63,727.37,35937
1781120640,727.39,727.42,726.9,727,53893
1781120760,726.98,727.11,726.7,726.71,33354
1781120880,726.69,726.83,726.23,726.83,55825
1781121000,726.81,727.88,725.5,727.52,186589
1781121120,727.46,727.53,726.58,726.75,69641
1781121240,726.73,727.25,726.39,726.58,116023
1781121360,726.58,726.85,726.42,726.44,99677
1781121480,726.44,726.87,725.33,725.41,343056
1781184600,728.76,729.09,727.73,728.01,186884
1781184720,728.01,728.31,727.38,727.67,116609
1781184840,727.69,727.72,726.89,727.15,73319
1781184960,727.17,728.28,727.09,728,48126
1781185080,728.01,728.03,726.79,727.19,29329
1781185200,727.25,727.26,726.45,726.76,26732
1781185320,726.73,727.5,726.38,727.33,34553
1781185440,727.43,728.83,726.74,728.64,85450
1781185560,728.62,729.79,728.41,729.57,72351
1781185680,729.55,729.55,728.58,728.6,48853
1781185800,728.705,730.65,728.705,730.44,59691
1781185920,730.41,731.35,730.21,731.32,66916
1781186040,731.28,731.55,730.87,731.52,66997
1781186160,731.49,731.49,729.83,729.92,27126
1781186280,729.95,730.41,729.43,729.67,26105
1781186400,729.76,731.56,729.53,731.5,50972
1781186520,731.52,731.57,730.62,730.79,26537
1781186640,730.8,731.2,729.98,730.12,23855
1781186760,730.1,730.96,730.1,730.96,49083
1781186880,730.93,730.93,729.74,730.05,21878
1781187000,730.1,730.18,728.07,728.91,56594
1781187120,728.91,729.25,728,728.04,60269
1781187240,728.01,728.45,727.76,728.09,46838
1781187360,728.12,728.3,727.01,727.69,47193
1781187480,727.76,727.76,726.95,727.09,29899
1781187600,727.02,728.08,726.98,727.85,39874
1781187720,727.85,729.66,727.51,729.57,50964
1781187840,729.459,729.75,729.04,729.52,23261
1781187960,729.53,729.53,728.16,728.28,17667
1781188080,728.28,729.14,727.67,728.85,20126
1781188200,728.91,729.34,727.96,728.07,27001
1781188320,728.1,728.54,727.68,727.86,16197
1781188440,727.81,729.21,727.78,729.15,28215
1781188560,729.14,730.07,728.57,728.63,40866
1781188680,728.62,729.68,728.58,729.14,25143
1781188800,729.14,729.75,729.1,729.47,27855
1781188920,729.53,729.86,729.22,729.37,25025
1781189040,729.41,729.46,728.31,728.48,39649
1781189160,728.49,728.91,728.06,728.37,20060
1781189280,728.37,728.75,727.82,728.17,30324
1781189400,728.04,728.24,727.44,728.08,37176
1781189520,728.08,728.08,727.12,727.19,21062
1781189640,727.23,727.52,726.27,726.34,27381
1781189760,726.33,726.59,725.73,726.12,64303
1781189880,726.12,726.49,725.11,725.65,69522
1781190000,725.58,725.67,724.4,724.65,94808
1781190120,724.65,726.32,724.59,726.02,89496
1781190240,725.99,726.29,725.38,725.41,43014
1781190360,725.41,727.07,725.34,726.87,50213
1781190480,726.9,727.34,726.4,726.63,45462
1781190600,726.68,727.2,726.55,726.85,27730
1781190720,726.87,727.88,726.87,727.7,52916
1781190840,727.71,728.43,727.24,728.35,36467
1781190960,728.37,728.43,727.5,727.5,24760
1781191080,727.53,727.695,726.72,727.37,26226
1781191200,727.35,728.75,727.22,728.23,34558
1781191320,728.25,728.42,727.54,727.88,27139
1781191440,727.89,728.43,727.65,728.12,14073
1781191560,728.13,728.65,727.8,728.17,20701
1781191680,728.21,728.26,727.2,727.21,18410
1781191800,727.18,727.56,726.74,727.19,36043
1781191920,727.24,727.85,727.05,727.35,15575
1781192040,727.31,727.96,727.29,727.82,21662
1781192160,727.809,728.73,727.57,728.7,26215
1781192280,728.66,728.97,728.28,728.5,47115
1781192400,728.48,729.47,728.38,728.8,33359
1781192520,728.82,729.1,727.76,727.87,48600
1781192640,727.909,728.12,727.33,727.63,38759
1781192760,727.59,728.45,727.43,728.23,28341
1781192880,728.28,728.29,727.63,727.76,13792
1781193000,727.75,727.82,727.45,727.45,18532
1781193120,727.42,727.62,727.02,727.05,22582
1781193240,727.09,727.43,726.84,727.4,31619
1781193360,727.38,728.32,727.08,728.11,37666
1781193480,728.13,728.33,727.87,728.05,23403
1781193600,728.08,729.029,727.97,728.35,25235
1781193720,728.43,728.54,727.79,727.86,10213
1781193840,727.84,728.45,727.58,728.36,17794
1781193960,728.43,729.07,728.39,728.99,23983
1781194080,728.92,729.24,728.68,729.02,11119
1781194200,728.98,729.71,728.87,729.69,27600
1781194320,729.68,730.14,729.57,729.86,20137
1781194440,729.83,730.31,729.61,729.87,60137
1781194560,729.86,730.12,729.35,729.7,26100
1781194680,729.69,729.8,729.53,729.74,12794
1781194800,729.8,730.01,728.7,728.93,53119
1781194920,728.87,729.37,728.8,728.96,24089
1781195040,728.98,728.98,728.22,728.33,25149
1781195160,728.32,728.74,727.96,728.28,29607
1781195280,728.29,728.69,727.82,727.85,47261
1781195400,727.88,728.1,727.55,727.8,62455
1781195520,727.77,728.64,727.44,728.47,33000
1781195640,728.62,729.95,728.46,729.43,73815
1781195760,729.4,729.88,729.12,729.54,32140
1781195880,729.5,729.73,728.54,728.7,32486
1781196000,728.75,728.91,728.36,728.39,11490
1781196120,728.39,728.78,728.37,728.64,15477
1781196240,728.66,728.95,728.19,728.29,30453
1781196360,728.25,728.53,728.13,728.38,23498
1781196480,728.44,728.77,728.12,728.29,34079
1781196600,728.31,728.39,727.57,727.58,23605
1781196720,727.57,727.85,727.19,727.47,26904
1781196840,727.51,727.6,726.77,726.87,20165
1781196960,726.86,727.26,726.86,727.05,31555
1781197080,727.02,727.16,726.5,726.54,18413
1781197200,726.51,727.23,726.24,726.8,44667
1781197320,726.8,726.8,725.58,725.71,41861
1781197440,725.7,726.32,725.63,726.27,31885
1781197560,726.24,726.83,725.99,726.74,49341
1781197680,726.75,726.91,726.35,726.77,39163
1781197800,726.79,727.26,726.61,726.92,49402
1781197920,726.92,727.17,726.18,726.29,61092
1781198040,726.34,726.59,725.96,726.13,34580
1781198160,726.11,726.63,725.89,725.9,41710
1781198280,725.88,725.96,725.41,725.7,37149
1781198400,725.67,725.92,725.27,725.66,33644
1781198520,725.71,725.92,725.35,725.88,20806
1781198640,725.85,726.47,725.75,726.47,48301
1781198760,726.48,727.02,726.43,727.02,40846
1781198880,727.01,732.68,727.01,732.52,223499
1781199000,729.92,735.02,729.92,734.56,373157
1781199120,732.57,734.83,732.25,734.28,299527
1781199240,734.3,734.71,733.31,734.1,137085
1781199360,734.03,734.13,733.22,733.96,59377
1781199480,733.95,734.5,733.57,734.28,115459
1781199600,734.27,735.39,733.87,735.35,90662
1781199720,735.42,736.18,735.06,736.07,85875
1781199840,736.02,736.62,735.38,735.79,101378
1781199960,735.84,735.89,734.88,734.94,71966
1781200080,734.96,735.31,734.56,734.83,56014
1781200200,734.83,734.85,733.42,734.32,87025
1781200320,734.36,734.905,734.13,734.3,53801
1781200440,734.26,734.54,733.92,734.241,62393
1781200560,734.25,734.73,733.76,734.68,71944
1781200680,734.66,735.12,734.48,734.96,51235
1781200800,734.95,735.65,734.68,734.71,75767
1781200920,734.68,734.79,732.83,732.91,93044
1781201040,732.91,733.47,732.61,732.66,54999
1781201160,732.73,733.57,732.6,733.55,54852
1781201280,733.54,733.94,732.81,733.25,51361
1781201400,733.24,734.01,733.11,733.8,35571
1781201520,733.88,734.32,733.71,733.98,52180
1781201640,734.04,734.96,733.87,734.8,30152
1781201760,734.9,735.54,734.74,735.31,59264
1781201880,735.29,735.77,735,735.56,40917
1781202000,735.55,735.55,734.76,734.88,30969
1781202120,734.86,734.9,733.8,734.18,124352
1781202240,734.14,734.86,734.12,734.8,47639
1781202360,734.88,734.94,734.36,734.75,21527
1781202480,734.78,734.89,734.34,734.39,25930
1781202600,734.55,735.39,734.33,735.12,23591
1781202720,735.12,735.12,734.34,734.83,37286
1781202840,734.815,734.95,734.38,734.53,24706
1781202960,734.55,734.97,734.46,734.815,64397
1781203080,734.825,734.825,734.08,734.32,71085
1781203200,734.28,734.61,734.05,734.44,17914
1781203320,734.39,735.07,734.3,734.92,34155
1781203440,734.9,735.26,734.76,735.16,27614
1781203560,735.15,735.61,735.15,735.61,32118
1781203680,735.6,735.91,735.43,735.835,37803
1781203800,735.81,736.31,735.77,735.78,54672
1781203920,735.8,736.1,735.74,735.9,31919
1781204040,735.91,735.91,735.17,735.19,22090
1781204160,735.17,735.92,735.17,735.76,44159
1781204280,735.75,735.95,735.53,735.75,22526
1781204400,735.74,736.67,735.71,736.33,49174
1781204520,736.33,736.45,736.06,736.11,32140
1781204640,736.12,736.52,735.69,735.78,35555
1781204760,735.81,735.88,735.32,735.79,39985
1781204880,735.77,736.24,735.61,736.16,70514
1781205000,736.15,736.57,736.07,736.57,61664
1781205120,736.59,737.24,736.25,737,128284
1781205240,736.98,737.33,736.77,737.3,45436
1781205360,737.29,737.41,736.75,736.92,48357
1781205480,736.94,737.39,736.83,737.37,30066
1781205600,737.39,737.63,737.16,737.295,37694
1781205720,737.27,737.48,737.09,737.28,46095
1781205840,737.31,737.5,737.14,737.36,85386
1781205960,737.36,737.85,737.28,737.66,64342
1781206080,737.65,738.23,737.64,737.9,53733
1781206200,737.94,739.63,737.9,738.98,210917
1781206320,738.89,739.75,738.89,739.65,79775
1781206440,739.61,739.86,739.33,739.74,101720
1781206560,739.74,740,739.56,739.81,73798
1781206680,739.8,739.87,738.79,738.93,120949
1781206800,738.95,739.69,738.65,739.54,85449
1781206920,739.46,739.88,739.38,739.49,61026
1781207040,739.49,739.52,738.71,738.87,80434
1781207160,738.86,738.87,738.13,738.31,102900
1781207280,738.26,738.53,737.93,738,85986
1781207400,738,738.29,737.33,737.6,141817
1781207520,737.58,738.4,737.44,738.34,85627
1781207640,738.38,738.57,737.69,737.85,137749
1781207760,737.81,738.5,737.78,738.5,109964
1781207880,738.49,738.5,737.53,737.76,499834
1781271000,740.75,740.8,739.11,739.31,126909
1781271120,739.34,739.83,738.15,738.15,137256
1781271240,738.17,739.43,737.97,739.27,106398
1781271360,739.26,739.43,738.665,738.93,25694
1781271480,738.9,739.43,738.8,739.24,43604
1781271600,739.23,739.31,736.5,736.96,169482
1781271720,736.91,737.08,735.78,736.59,50157
1781271840,736.58,736.94,735.17,735.299,35337
1781271960,735.28,736.34,735.19,735.78,27929
1781272080,735.77,736.07,735.03,735.81,23828
1781272200,735.64,735.89,735.22,735.5,18777
1781272320,735.52,736.61,735.35,736.06,24208
1781272440,736.06,736.42,735.68,736.28,18333
1781272560,736.43,737.39,736.25,737.06,21766
1781272680,737.06,737.41,736.6,736.71,14422
1781272800,736.73,738.42,736.52,738.26,52211
1781272920,738.28,739.09,737.91,739.01,49310
1781273040,738.96,739.11,738.32,738.55,30038
1781273160,738.55,740.23,738.55,740.09,53662
1781273280,740.14,740.25,739.75,740.19,22210
1781273400,740.19,740.54,740.09,740.18,29857
1781273520,740.17,740.2,738.79,738.96,34955
1781273640,739.01,740.05,739.01,739.96,28503
1781273760,739.95,741.15,739.85,740.815,56398
1781273880,740.82,740.87,740.21,740.3,21631
1781274000,740.32,740.79,739.33,739.49,31507
1781274120,739.465,739.78,738.92,739.21,40729
1781274240,739.17,740.155,739.07,739.87,28584
1781274360,740,740.14,739.5,740.14,13459
1781274480,740.04,740.18,739.58,739.59,11469
1781274600,739.57,740.7,739.39,740.03,37843
1781274720,740.12,740.19,739.29,739.61,15017
1781274840,739.51,740.53,739.27,740.32,11293
1781274960,740.36,741.2,739.98,740.14,59763
1781275080,740.19,740.63,740.16,740.42,18758
1781275200,740.4,740.43,739.36,739.5,19328
1781275320,739.52,739.83,738.03,738.13,24709
1781275440,738.21,738.68,737.86,738.37,25526
1781275560,738.5,738.66,737.18,737.56,25531
1781275680,737.53,737.79,737.19,737.44,23323
1781275800,737.47,738.28,737.4,737.69,17116
1781275920,737.65,740.9,737.65,740.7,108415
1781276040,740.82,742.72,740.42,741.32,63980
1781276160,741.43,742.2,740.81,742.03,39318
1781276280,742.02,742.54,741.72,742.38,34974
1781276400,742.39,742.99,742.08,742.64,59945
1781276520,742.62,742.83,741.63,741.72,18072
1781276640,741.74,742.88,741.7,742.68,39999
1781276760,742.62,742.82,742.17,742.43,11148
1781276880,742.42,742.69,742.34,742.45,23628
1781277000,742.45,742.91,742.23,742.57,30892
1781277120,742.53,743.02,742.2,743,25413
1781277240,743,743.38,742.62,742.7,26455
1781277360,742.71,743.39,742.6,743.36,23075
1781277480,743.34,743.67,743.26,743.63,17364
1781277600,743.64,743.75,743.25,743.6,26540
1781277720,743.59,743.94,743.41,743.93,21263
1781277840,743.91,744.44,743.91,744.29,24231
1781277960,744.28,744.33,744,744.27,15129
1781278080,744.2,744.31,743.75,744.15,38599
1781278200,744.16,744.19,743.37,743.49,58728
1781278320,743.48,743.49,742.82,743.04,70166
1781278440,743.01,743.81,742.46,743.25,66187
1781278560,743.34,743.37,742.06,742.29,28402
1781278680,742.3,742.51,741.31,741.91,55891
1781278800,741.95,742.06,741.32,741.52,30346
1781278920,741.53,741.66,740.92,741.25,18855
1781279040,741.27,741.46,740.76,741.3,22768
1781279160,741.25,741.87,740.92,741.01,20416
1781279280,741.01,741.01,739.42,739.56,61989
1781279400,739.81,740.07,739.18,740.03,54429
1781279520,740.03,741.26,740.02,740.71,33630
1781279640,740.71,741.07,740.5,740.61,19592
1781279760,740.67,740.81,739.89,739.89,20900
1781279880,739.88,740.08,738.44,738.89,45821
1781280000,738.9,739.49,738.4,738.92,49209
1781280120,738.92,739.1,738.18,738.96,60731
1781280240,738.91,739.4,738.46,738.58,51684
1781280360,738.57,739.33,738.5,739.07,23865
1781280480,739.08,739.88,738.99,739.6,16618
1781280600,739.61,740.18,738.96,739.99,14891
1781280720,739.99,742.21,739.83,741.5,117582
1781280840,741.44,742.04,740.93,741.97,62109
1781280960,742,742.2,741.29,741.31,29948
1781281080,741.41,741.61,740.35,740.62,43721
1781281200,740.595,741.11,739.98,740.31,20566
1781281320,740.33,741.07,740.18,740.82,19223
1781281440,740.8,740.91,740.18,740.75,9153
1781281560,740.77,741.23,740.38,740.42,13759
1781281680,740.4,740.98,740.36,740.64,9593
1781281800,740.65,740.79,740.46,740.54,11400
1781281920,740.53,740.97,740.27,740.69,11933
1781282040,740.68,741.17,740.43,740.46,14161
1781282160,740.45,740.84,740.29,740.84,19683
1781282280,740.82,740.94,740.46,740.72,8086
1781282400,740.84,741.48,740.84,741.09,17914
1781282520,741.03,741.06,740.34,740.61,22250
1781282640,740.76,740.96,740.45,740.62,7366
1781282760,740.65,741.07,740.61,741.07,6955
1781282880,741.1,741.44,740.99,741.375,9472
1781283000,741.375,741.59,741.18,741.39,13659
1781283120,741.38,741.48,740.96,741.47,12419
1781283240,741.34,741.41,740.58,740.67,17006
1781283360,740.66,740.98,740.32,740.91,23839
1781283480,740.91,741.64,740.82,741.53,21041
1781283600,741.56,742,741.43,741.99,14895
1781283720,741.99,742.07,741.68,741.72,20254
1781283840,741.69,742.14,741.52,742.09,12069
1781283960,742.13,743,742.09,742.54,55510
1781284080,742.6,742.6,742.06,742.28,18815
1781284200,742.29,742.38,741.88,742.05,23372
1781284320,742.06,742.06,741.3,741.32,16977
1781284440,741.3,742.47,741.24,742.47,25051
1781284560,742.4,742.55,742.24,742.31,21306
1781284680,742.32,742.62,742.03,742.51,14840
1781284800,742.51,742.78,742.5,742.57,8919
1781284920,742.65,742.7,742.19,742.28,9769
1781285040,742.31,742.57,742.24,742.39,7948
1781285160,742.39,742.56,741.79,741.81,19173
1781285280,741.82,742.36,741.66,742.16,14799
1781285400,742.19,742.26,741.57,741.76,23807
1781285520,741.75,742.02,741.37,741.5,22725
1781285640,741.5,741.83,741.38,741.53,22289
1781285760,741.51,741.94,741.33,741.91,13789
1781285880,741.9,741.99,741.49,741.74,14510
1781286000,741.71,741.76,741.47,741.64,17559
1781286120,741.69,742.05,741.66,741.8,20174
1781286240,741.8,741.9,741.56,741.79,12892
1781286360,741.79,742.08,741.59,741.98,18935
1781286480,741.97,742.12,741.74,741.83,14409
1781286600,741.83,741.99,741.67,741.96,17129
1781286720,742,742.07,741.79,741.89,11170
1781286840,741.89,741.96,741.02,741.09,19455
1781286960,741.08,741.26,740.89,741.23,21490
1781287080,741.24,741.4,741.04,741.3,19940
1781287200,741.35,741.53,741.1,741.32,24290
1781287320,741.32,741.38,741.06,741.11,22941
1781287440,741.08,741.25,740.79,740.93,15815
1781287560,740.99,741,740.53,740.55,13164
1781287680,740.56,741.025,740.55,740.96,20370
1781287800,740.96,741.93,740.89,741.73,36090
1781287920,741.74,742.03,741.41,741.42,35370
1781288040,741.485,741.5,740.85,741.09,12248
1781288160,741.07,741.14,740.49,740.52,27987
1781288280,740.46,740.88,740.44,740.68,17697
1781288400,740.64,740.96,740.55,740.7,8912
1781288520,740.74,740.75,740.46,740.54,11534
1781288640,740.56,740.8,740.44,740.68,11879
1781288760,740.69,741.01,740.6,741,6781
1781288880,741.04,741.38,740.95,741.26,23075
1781289000,741.26,741.6,741.22,741.53,16201
1781289120,741.5,741.84,741.48,741.72,17854
1781289240,741.7,741.74,741.42,741.55,11375
1781289360,741.57,741.73,741.47,741.57,23575
1781289480,741.52,741.76,741.48,741.73,12270
1781289600,741.78,742.28,741.78,742,34360
1781289720,741.995,742.34,741.94,742.28,9400
1781289840,742.31,742.31,741.94,742.07,15520
1781289960,742.1,742.29,741.75,741.85,20159
1781290080,741.82,742.11,741.77,741.96,13475
1781290200,741.97,742.04,741.53,741.66,46775
1781290320,741.65,742.12,741.48,742.01,19965
1781290440,742.01,742.16,741.91,741.99,14160
1781290560,741.96,742.03,741.32,741.37,37576
1781290680,741.37,741.59,740.96,741.03,28071
1781290800,741.01,741.34,740.95,741.26,23398
1781290920,741.3,741.99,741.3,741.97,35184
1781291040,741.94,742.2,741.83,742.09,21853
1781291160,742.07,742.07,741.68,741.77,31222
1781291280,741.79,741.97,741.57,741.78,20064
1781291400,741.78,741.83,741.25,741.36,19932
1781291520,741.41,741.7,741.33,741.49,23750
1781291640,741.49,741.52,741.29,741.33,26939
1781291760,741.34,741.38,741,741.17,31333
1781291880,741.17,741.7,741.15,741.65,22071
1781292000,741.66,741.72,741.39,741.57,18914
1781292120,741.56,741.63,741.43,741.61,11122
1781292240,741.58,741.83,741.48,741.8,20246
1781292360,741.79,741.97,741.65,741.79,22070
1781292480,741.79,741.86,741.35,741.47,20799
1781292600,741.41,741.6,740.74,740.9,33492
1781292720,740.89,741.14,740.65,740.69,31909
1781292840,740.68,740.76,740.07,740.25,41323
1781292960,740.26,741.76,740.26,740.81,59906
1781293080,740.83,741.06,740.49,740.62,25250
1781293200,740.63,740.95,740.4,740.82,28449
1781293320,740.83,741.19,740.62,740.76,19335
1781293440,740.77,740.98,740.54,740.64,19965
1781293560,740.64,740.73,740.48,740.64,58953
1781293680,740.63,741.12,740.56,740.93,52583
1781293800,741.22,741.27,740.8,740.93,49009
1781293920,740.91,741.22,740.88,741.14,40776
1781294040,741.12,741.91,740.95,741.83,86102
1781294160,741.85,741.93,741.45,741.5,63134
1781294280,741.51,742,741.425,741.75,238772
1781530200,751.84,752.73,751.76,752.51,225795
1781530320,752.5,753.06,752.48,752.849,66577
1781530440,752.84,753.17,752.62,753.12,102919
1781530560,753.14,753.4,753.01,753.33,60907
1781530680,753.31,753.46,753,753.08,71717
1781530800,753.08,753.3,752.63,753.14,59975
1781530920,753.13,753.24,752.58,752.74,43395
1781531040,752.74,753.42,752.6,753.35,37360
1781531160,753.35,753.54,753.17,753.37,41392
1781531280,753.35,753.91,753.33,753.8,46749
1781531400,753.81,754.05,753.59,753.98,51720
1781531520,753.99,754.09,753.8,753.81,35237
1781531640,753.84,754.07,753.68,753.92,28407
1781531760,753.92,753.95,753.48,753.81,31432
1781531880,753.8,753.86,753.23,753.32,31522
1781532000,753.31,753.62,753.09,753.55,31250
1781532120,753.57,753.82,753.39,753.82,27800
1781532240,753.82,753.96,753.58,753.63,29446
1781532360,753.61,753.83,753.29,753.33,26069
1781532480,753.34,753.41,752.94,753.21,23581
1781532600,753.22,753.28,752.88,752.939,34479
1781532720,752.94,753.27,752.71,752.86,16348
1781532840,752.84,753.35,752.51,752.88,22733
1781532960,752.87,753.02,752.58,752.97,20066
1781533080,752.94,753.36,752.94,753.29,39860
1781533200,753.25,753.34,752.91,753.02,23474
1781533320,753.01,753.47,752.66,753.34,33597
1781533440,753.3,753.38,752.97,753.15,12092
1781533560,753.12,753.59,753.03,753.5,34390
1781533680,753.47,753.72,753.44,753.65,26872
1781533800,753.65,753.74,753.29,753.36,21377
1781533920,753.36,753.71,752.96,753.42,31684
1781534040,753.42,753.51,753.11,753.49,14894
1781534160,753.49,753.55,753.05,753.1,16882
1781534280,753.14,753.46,753.09,753.39,15513
1781534400,753.39,753.45,753.19,753.29,11243
1781534520,753.29,753.42,753.1,753.17,14979
1781534640,753.2,753.64,753.13,753.59,26767
1781534760,753.59,753.65,753.33,753.64,23026
1781534880,753.63,753.84,753.46,753.525,14575
1781535000,753.56,753.99,753.55,753.96,16011
1781535120,753.94,754.03,753.73,753.88,18898
1781535240,753.89,753.97,753.8,753.85,15737
1781535360,753.86,754.32,753.8,754.27,31888
1781535480,754.25,754.4,754.13,754.18,32595
1781535600,754.21,754.49,754.2,754.45,19478
1781535720,754.42,754.76,754.35,754.71,33381
1781535840,754.72,754.72,754.45,754.69,20195
1781535960,754.69,754.69,754.36,754.6,34103
1781536080,754.62,754.759,754.56,754.68,26886
1781536200,754.68,754.78,754.55,754.57,23051
1781536320,754.57,754.69,754.38,754.55,26738
1781536440,754.58,754.8,754.57,754.74,23402
1781536560,754.74,754.75,754.48,754.53,20687
1781536680,754.54,754.67,754.53,754.59,14572
1781536800,754.6,755.02,754.575,754.85,23131
1781536920,754.86,754.94,754.77,754.82,9076
1781537040,754.89,754.93,754.78,754.86,18856
1781537160,754.88,754.94,754.8,754.94,8239
1781537280,754.925,755.23,754.89,755.13,14727
1781537400,755.14,755.26,755.05,755.21,19652
1781537520,755.21,755.42,754.5,755.05,52740
1781537640,755.06,755.12,754.84,754.935,30191
1781537760,754.94,755.16,754.85,755.16,14878
1781537880,755.12,755.37,755.09,755.24,22871
1781538000,755.25,755.37,755.12,755.19,21837
1781538120,755.2,755.48,755.15,755.47,22495
1781538240,755.44,755.66,755.42,755.63,24048
1781538360,755.62,755.81,755.48,755.76,18504
1781538480,755.75,756.05,755.71,755.99,23850
1781538600,755.99,756.14,755.96,755.97,20154
1781538720,755.96,756.05,755.86,756.04,25689
1781538840,756.05,756.14,755.89,755.96,14223
1781538960,755.97,756.28,755.95,756.22,16168
1781539080,756.21,756.21,756.08,756.15,14995
1781539200,756.16,756.64,756.15,756.61,23273
1781539320,756.65,756.68,756.05,756.4,48517
1781539440,756.36,756.52,756.25,756.28,14237
1781539560,756.27,756.47,756.23,756.4,17536
1781539680,756.4,756.44,756.25,756.3,10970
1781539800,756.31,756.48,756.2,756.2,12217
1781539920,756.2,756.37,756.13,756.14,17407
1781540040,756.13,756.3,756.02,756.02,28124
1781540160,756.02,756.08,755.97,755.98,19855
1781540280,755.98,756.18,755.92,756.13,11147
1781540400,756.13,756.39,756.115,756.33,11090
1781540520,756.35,756.42,756.28,756.34,9405
1781540640,756.36,756.5,756.32,756.47,13506
1781540760,756.46,756.51,756.25,756.34,13229
1781540880,756.37,756.55,756.36,756.49,9928
1781541000,756.48,756.63,756.42,756.42,13698
1781541120,756.42,756.47,756.26,756.32,7218
1781541240,756.34,756.35,756.16,756.28,10496
1781541360,756.25,756.34,756,756.04,6649
1781541480,756.06,756.06,755.83,755.93,12460
1781541600,755.91,756.02,755.77,755.86,9080
1781541720,755.87,756.24,755.87,755.93,12229
1781541840,755.91,756.03,755.71,755.73,14110
1781541960,755.74,755.8,755.53,755.65,18748
1781542080,755.65,755.79,755.57,755.69,11557
1781542200,755.69,755.96,755.66,755.89,9734
1781542320,755.89,755.94,755.7,755.84,16487
1781542440,755.875,755.875,755.59,755.63,16602
1781542560,755.62,755.86,755.6,755.86,16958
1781542680,755.87,755.96,755.82,755.85,11767
1781542800,755.85,756.02,755.74,755.97,25550
1781542920,755.96,755.96,755.31,755.65,34976
1781543040,755.63,755.95,755.6,755.86,17463
1781543160,755.85,755.85,755.09,755.6,35916
1781543280,755.64,755.72,755.35,755.39,20287
1781543400,755.41,755.7,755.34,755.68,12410
1781543520,755.67,755.89,755.65,755.855,9294
1781543640,755.85,755.91,755.7,755.87,13489
1781543760,755.88,756.2,755.88,756.12,16333
1781543880,756.15,756.15,755.95,755.99,15076
1781544000,755.99,756.16,755.895,756.11,10048
1781544120,756.1,756.28,756.1,756.18,13843
1781544240,756.18,756.23,756.1,756.23,9914
1781544360,756.22,756.22,756.03,756.14,10340
1781544480,756.13,756.35,756.1,756.12,23561
1781544600,756.12,756.3,756.07,756.07,10059
1781544720,756.06,756.06,755.71,755.79,16283
1781544840,755.78,756.13,755.78,756.06,14667
1781544960,756.09,756.16,756.02,756.03,9251
1781545080,756.04,756.05,755.9,756.02,10526
1781545200,756.02,756.04,755.76,755.94,8421
1781545320,755.94,755.94,755.75,755.88,9790
1781545440,755.87,755.87,755.59,755.68,9102
1781545560,755.69,755.84,755.62,755.62,6526
1781545680,755.63,755.81,755.58,755.76,5270
1781545800,755.76,755.76,755.48,755.53,8142
1781545920,755.56,755.75,755.54,755.75,10364
1781546040,755.76,755.82,755.16,755.21,21976
1781546160,755.2,755.28,755.15,755.22,37275
1781546280,755.23,755.26,755.08,755.21,14684
1781546400,755.21,755.34,754.93,754.94,22970
1781546520,754.93,754.94,754.68,754.76,40809
1781546640,754.77,755.01,754.67,755,35104
1781546760,755.02,755.17,754.85,754.95,14325
1781546880,754.94,755.04,754.79,755,11092
1781547000,755.02,755.23,754.95,755.08,14296
1781547120,755.1,755.18,754.97,755.13,12180
1781547240,755.14,755.38,755.06,755.25,8958
1781547360,755.24,755.33,755.09,755.24,11226
1781547480,755.23,755.38,755.08,755.14,10688
1781547600,755.11,755.13,754.9,755.06,8255
1781547720,755.08,755.14,754.92,755.02,15548
1781547840,755.05,755.14,754.9,754.91,10812
1781547960,754.9,755.09,754.9,754.98,10194
1781548080,755.01,755.01,754.65,754.72,18406
1781548200,754.73,754.79,754.42,754.58,22612
1781548320,754.61,754.94,754.61,754.84,17069
1781548440,754.85,754.98,754.77,754.78,17221
1781548560,754.78,755.13,754.75,755.11,15708
1781548680,755.11,755.26,755.07,755.2,12927
1781548800,755.2,755.33,755.15,755.26,6969
1781548920,755.26,755.31,755.02,755.2,17736
1781549040,755.21,755.47,755.14,755.3,11833
1781549160,755.31,755.37,755.14,755.26,17611
1781549280,755.26,755.37,755.17,755.21,11351
1781549400,755.21,755.29,755.03,755.14,10428
1781549520,755.15,755.24,755.06,755.23,7454
1781549640,755.22,755.23,755.07,755.18,13787
1781549760,755.19,755.27,755.11,755.12,11104
1781549880,755.13,755.16,754.88,755,19046
1781550000,755,755.04,754.81,754.92,25750
1781550120,754.92,755.03,754.84,754.84,14045
1781550240,754.85,754.94,754.73,754.89,31248
1781550360,754.89,754.92,754.7,754.82,17170
1781550480,754.83,754.96,754.75,754.84,20588
1781550600,754.84,755.11,754.84,754.9,14617
1781550720,754.89,755,754.71,754.96,16862
1781550840,754.97,755.17,754.97,755.16,19046
1781550960,755.15,755.24,755.06,755.22,19124
1781551080,755.2,755.2,754.89,754.96,16380
1781551200,754.97,755.03,754.61,754.66,24302
1781551320,754.63,754.89,754.61,754.8,48363
1781551440,754.78,754.85,754.67,754.72,33088
1781551560,754.72,754.76,754.54,754.56,29802
1781551680,754.57,754.61,754.36,754.37,48566
1781551800,754.37,754.57,754.19,754.525,69245
1781551920,754.5,754.68,754.5,754.58,40215
1781552040,754.58,754.59,754.16,754.27,71297
1781552160,754.28,754.41,754.14,754.285,41731
1781552280,754.285,754.42,754.2,754.37,37182
1781552400,754.36,754.51,754.33,754.4,30450
1781552520,754.38,754.49,754.24,754.42,22264
1781552640,754.44,754.52,754.35,754.39,33944
1781552760,754.37,754.63,754.35,754.6,50165
1781552880,754.6,754.93,754.58,754.7,62098
1781553000,754.69,754.7,753.83,753.95,100185
1781553120,753.97,754.03,753.79,753.93,179631
1781553240,753.9,754.13,753.72,753.8,226075
1781553360,753.79,753.79,753.4,753.46,148823
1781553480,753.475,754.77,753.4,754.67,277076
1781616600,754.58,754.98,754.22,754.94,86767
1781616720,754.945,755.39,754.945,755,60566
1781616840,755.01,755.39,754.82,755.25,32061
1781616960,755.22,755.27,754.87,755.23,43085
1781617080,755.22,755.269,754.77,754.78,34467
1781617200,754.77,755.26,754.68,755.24,25088
1781617320,755.19,755.19,754.89,755.03,24750
1781617440,755.06,755.06,754.7,754.72,28089
1781617560,754.73,755.32,754.73,755.29,24512
1781617680,755.27,755.43,755.06,755.15,39731
1781617800,755.16,755.31,755.06,755.13,16404
1781617920,755.19,755.25,754.82,755,23823
1781618040,754.99,755.14,754.83,754.86,13476
1781618160,754.82,754.89,754.31,754.49,34096
1781618280,754.5,754.69,754,754.1,31793
1781618400,754.11,754.59,754.061,754.48,31965
1781618520,754.47,754.62,754.18,754.45,21617
1781618640,754.43,754.75,754.23,754.23,18576
1781618760,754.19,754.7,754.19,754.66,12044
1781618880,754.68,755.06,754.6,755.06,20760
1781619000,755.09,755.19,754.74,754.9,23674
1781619120,754.88,755.11,754.84,754.9,9677
1781619240,754.81,755.03,754.6,754.78,19176
1781619360,754.81,754.85,754.25,754.29,23809
1781619480,754.3,754.53,753.86,754,28199
1781619600,754,754.31,753.75,753.86,27539
1781619720,753.81,753.81,753.2,753.27,42393
1781619840,753.27,753.8,753.15,753.61,39304
1781619960,753.6,753.95,753.08,753.26,25572
1781620080,753.2,753.57,753.05,753.05,21570
1781620200,753.05,753.05,752.36,752.41,37226
1781620320,752.41,752.87,752.27,752.52,53622
1781620440,752.5,752.97,752.48,752.77,33440
1781620560,752.8,753.28,752.795,753.27,25829
1781620680,753.25,753.62,753.17,753.61,16441
1781620800,753.59,753.96,753.345,753.75,24634
1781620920,753.77,753.77,753.47,753.515,24036
1781621040,753.51,753.62,753.06,753.14,15144
1781621160,753.13,753.43,753,753.05,22985
1781621280,753.04,753.29,753,753.14,24481
1781621400,753.12,753.57,753.09,753.41,14823
1781621520,753.41,753.69,753.17,753.29,20318
1781621640,753.31,753.42,752.86,752.86,20599
1781621760,752.85,753.34,752.85,753.11,17608
1781621880,753.14,753.23,752.47,752.92,37403
1781622000,752.94,753.15,752.84,753.11,10768
1781622120,753.1,753.34,753,753.31,11832
1781622240,753.31,753.47,752.995,753.47,14591
1781622360,753.44,753.59,753.28,753.29,16594
1781622480,753.31,753.54,753.2,753.39,14912
1781622600,753.39,753.74,753.32,753.39,13574
1781622720,753.39,753.57,753.1,753.43,15974
1781622840,753.42,753.6,753.31,753.54,22437
1781622960,753.55,753.67,753.25,753.25,17723
1781623080,753.24,753.33,753,753.045,14019
1781623200,753.03,753.25,752.78,752.98,28747
1781623320,752.95,753.08,752.63,752.81,20251
1781623440,752.86,753.1,752.61,752.99,40814
1781623560,753,753,752.49,752.49,37516
1781623680,752.49,752.86,752.29,752.65,38280
1781623800,752.68,752.98,752.64,752.9,23330
1781623920,752.9,753.19,752.72,753.17,34529
1781624040,753.15,753.41,753.06,753.38,9937
1781624160,753.38,753.38,752.91,752.95,18790
1781624280,752.94,753.12,752.63,752.82,22944
1781624400,752.85,752.97,752.63,752.71,15640
1781624520,752.69,752.7,752.39,752.45,35835
1781624640,752.49,752.63,752.21,752.22,27375
1781624760,752.21,752.34,751.71,751.94,78470
1781624880,751.93,752.32,751.81,752.23,34717
1781625000,752.22,752.68,752.03,752.65,36261
1781625120,752.64,753.05,752.48,753.05,30202
1781625240,753.03,753.23,752.93,753.07,49753
1781625360,753.08,753.43,752.9,753.36,16785
1781625480,753.36,753.38,752.71,752.75,23316
1781625600,752.75,753.54,752.72,753.45,24443
1781625720,753.44,753.61,753.44,753.59,20646
1781625840,753.54,753.67,753.29,753.49,20948
1781625960,753.5,753.58,753.29,753.4,15704
1781626080,753.38,753.51,753.26,753.5,16415
1781626200,753.5,753.57,753.36,753.55,14149
1781626320,753.54,753.96,753.51,753.76,20091
1781626440,753.77,753.9,753.55,753.67,18567
1781626560,753.68,753.83,753.31,753.39,14983
1781626680,753.33,753.71,753.32,753.6,13679
1781626800,753.62,753.73,753.45,753.72,12806
1781626920,753.73,753.9,753.37,753.51,24034
1781627040,753.54,753.61,753.43,753.49,6617
1781627160,753.48,753.51,753.16,753.25,12796
1781627280,753.22,753.52,753.15,753.36,10380
1781627400,753.35,753.42,752.69,752.69,15354
1781627520,752.7,752.87,752.55,752.69,10077
1781627640,752.7,752.82,752.44,752.74,18845
1781627760,752.76,752.77,752.41,752.5,16818
1781627880,752.51,752.77,752.4,752.74,19268
1781628000,752.73,752.98,752.56,752.87,14872
1781628120,752.89,753.21,752.8,753.2,13269
1781628240,753.2,753.21,752.71,752.82,12008
1781628360,752.82,753.195,752.81,753.09,14891
1781628480,753.07,753.09,752.71,752.75,12868
1781628600,752.76,753.06,752.73,752.76,12421
1781628720,752.71,752.72,752.45,752.52,23572
1781628840,752.53,752.7,752.435,752.51,27082
1781628960,752.5,752.63,752.31,752.57,24363
1781629080,752.55,752.74,752.5,752.73,9279
1781629200,752.72,752.74,752.37,752.54,13197
1781629320,752.54,752.67,752.28,752.51,13357
1781629440,752.5,752.61,752.23,752.29,11575
1781629560,752.28,752.48,752.2,752.27,9554
1781629680,752.26,752.47,752.25,752.44,8981
1781629800,752.44,752.62,752.42,752.44,9343
1781629920,752.41,752.78,752.39,752.76,6625
1781630040,752.74,752.75,752.51,752.55,8190
1781630160,752.55,752.71,752.43,752.67,7514
1781630280,752.66,752.68,752.09,752.12,8258
1781630400,752.12,752.26,752.01,752.05,14410
1781630520,752.06,752.26,751.89,752.18,13292
1781630640,752.18,752.41,752.16,752.2,18836
1781630760,752.19,752.31,752.09,752.24,11508
1781630880,752.25,752.42,752.09,752.19,5425
1781631000,752.18,752.18,751.9,752.05,8704
1781631120,752.07,752.25,751.97,752.17,13060
1781631240,752.14,752.25,751.95,751.98,9972
1781631360,751.97,752.07,751.79,751.8,13115
1781631480,751.79,751.85,751.45,751.67,41183
1781631600,751.68,751.89,751.52,751.83,13870
1781631720,751.81,752.09,751.77,752.09,7738
1781631840,752.09,752.14,751.88,752.06,7242
1781631960,752.06,752.06,751.69,752.04,7878
1781632080,752.03,752.11,751.86,752.11,6168
1781632200,752.11,752.23,751.98,752.169,10054
1781632320,752.18,752.43,752.18,752.32,17769
1781632440,752.33,752.54,752.27,752.49,12666
1781632560,752.49,752.675,752.355,752.36,20060
1781632680,752.36,752.41,752.08,752.11,11966
1781632800,752.11,752.25,751.97,752.14,14133
1781632920,752.12,752.29,752.08,752.16,15244
1781633040,752.14,752.21,752.06,752.11,7519
1781633160,752.11,752.13,751.92,752.05,28637
1781633280,752.055,752.15,751.94,751.97,8037
1781633400,751.97,752.07,751.95,752.07,6402
1781633520,752.09,752.2,752.09,752.1,9116
1781633640,752.1,752.12,751.77,751.85,13659
1781633760,751.85,752.03,751.75,752.03,23859
1781633880,752.02,752.13,751.88,751.95,12450
1781634000,751.92,752.06,751.85,751.95,7108
1781634120,751.97,752.19,751.95,752.04,7571
1781634240,752.04,752.17,752,752.16,7573
1781634360,752.15,752.35,752.1,752.24,15384
1781634480,752.24,752.24,752.07,752.14,6257
1781634600,752.14,752.21,751.86,751.97,9627
1781634720,751.97,752.05,751.78,751.92,15823
1781634840,751.94,752.05,751.73,751.8,17211
1781634960,751.79,752.1,751.75,752.05,25993
1781635080,752.03,752.22,752.01,752.07,11619
1781635200,752.05,752.16,751.95,752.05,5009
1781635320,752.04,752.18,751.94,752.12,8601
1781635440,752.11,752.18,752.06,752.065,18577
1781635560,752.065,752.25,752.02,752.15,14505
1781635680,752.17,752.21,751.81,751.81,7184
1781635800,751.81,751.95,751.81,751.92,5797
1781635920,751.91,751.96,751.73,751.82,18674
1781636040,751.81,751.88,751.75,751.81,10705
1781636160,751.82,752,751.72,751.74,16183
1781636280,751.73,751.81,751.63,751.78,23895
1781636400,751.76,751.76,751.37,751.52,25281
1781636520,751.53,751.635,751.35,751.63,20450
1781636640,751.62,751.86,751.35,751.35,27819
1781636760,751.37,751.71,751.36,751.68,20382
1781636880,751.68,751.68,751.34,751.36,21402
1781637000,751.36,751.48,751.09,751.2,28114
1781637120,751.19,751.19,750.89,750.93,47756
1781637240,750.93,751.01,750.56,750.58,122745
1781637360,750.59,750.65,750.08,750.62,55454
1781637480,750.62,751.03,750.54,751,45103
1781637600,751,751.4,750.9,751.28,85123
1781637720,751.28,751.46,751.13,751.32,36293
1781637840,751.35,751.62,751.33,751.47,18087
1781637960,751.46,751.47,751.09,751.15,50861
1781638080,751.15,751.33,751.01,751.22,19383
1781638200,751.21,751.31,751.02,751.19,16152
1781638320,751.19,751.32,750.86,750.99,53942
1781638440,750.985,751.08,750.66,750.77,62534
1781638560,750.78,750.83,750.54,750.69,66245
1781638680,750.64,750.68,750.4,750.45,57221
1781638800,750.46,750.75,750.36,750.63,37843
1781638920,750.62,750.85,750.51,750.8,38178
1781639040,750.8,751.04,750.74,750.94,62627
1781639160,750.95,751.03,750.68,750.72,72377
1781639280,750.73,750.87,750.55,750.82,53974
1781639400,750.82,751.26,750.79,751.07,195254
1781639520,751.06,751.07,750.51,750.53,92539
1781639640,750.52,751.15,750.51,751.07,190148
1781639760,751.06,751.19,750.33,750.47,236529
1781639880,750.47,750.8,749.88,750.39,628517
1781703000,751.24,751.32,750.33,750.38,54154
1781703120,750.39,750.78,750.22,750.42,25272
1781703240,750.41,750.99,750.34,750.9,41296
1781703360,750.875,751.05,750.57,750.72,25415
1781703480,750.74,750.79,750.29,750.43,22862
1781703600,750.395,750.91,750.15,750.81,34389
1781703720,750.83,751.4,750.72,751.37,35398
1781703840,751.35,751.77,751.25,751.47,34605
1781703960,751.49,751.54,751.22,751.31,30189
1781704080,751.32,751.56,751.15,751.15,30252
1781704200,751.14,751.53,750.92,751.31,23266
1781704320,751.3,751.48,751.01,751.39,24733
1781704440,751.38,751.44,750.99,751.15,36020
1781704560,751.12,751.17,750.13,750.27,45644
1781704680,750.27,750.44,749.86,749.9,48432
1781704800,749.86,750.35,749.63,750.25,39596
1781704920,750.25,750.51,749.75,750.47,24099
1781705040,750.48,750.67,749.99,750.12,15787
1781705160,750.14,750.8,750.11,750.77,22415
1781705280,750.78,751.07,750.37,750.65,31527
1781705400,750.66,750.82,750.31,750.74,16070
1781705520,750.78,751.13,750.74,750.82,12658
1781705640,750.82,751.39,750.73,751.35,26095
1781705760,751.34,751.56,751.18,751.38,22779
1781705880,751.369,751.57,751.11,751.35,19065
1781706000,751.32,751.44,751.15,751.28,14415
1781706120,751.3,751.67,751.3,751.67,30944
1781706240,751.68,752.14,751.65,751.88,29850
1781706360,751.88,752,751.5,751.725,13136
1781706480,751.72,751.82,751.54,751.69,8017
1781706600,751.69,751.72,750.94,751.1,17888
1781706720,751.12,751.19,750.45,750.48,39150
1781706840,750.47,750.82,750.38,750.56,15430
1781706960,750.53,750.53,750.09,750.17,15774
1781707080,750.19,750.37,750,750.031,11076
1781707200,750.05,750.09,749.22,749.76,32031
1781707320,749.79,750.35,749.76,750.349,15946
1781707440,750.33,750.33,749.98,750.21,21015
1781707560,750.209,750.62,747.87,748.45,180888
1781707680,748.53,749.73,748.53,749.4,61226
1781707800,749.41,749.94,749.1,749.56,45272
1781707920,749.47,750.24,749.47,749.98,27764
1781708040,750,750.19,749.61,749.61,13198
1781708160,749.63,749.8,749.22,749.23,26385
1781708280,749.24,749.4,749,749.07,18530
1781708400,749.06,749.481,748.93,749,20008
1781708520,749.04,749.51,749.03,749.4,22061
1781708640,749.43,749.52,748.89,749.04,79526
1781708760,749.06,749.47,749,749.13,9542
1781708880,749.05,749.17,748.61,748.705,17513
1781709000,748.75,749.289,748.74,749.16,13727
1781709120,749.13,749.41,749.07,749.37,8926
1781709240,749.38,749.75,749.33,749.75,18251
1781709360,749.79,749.92,749.57,749.87,16603
1781709480,749.87,750.22,749.69,749.8,34095
1781709600,749.8,750.09,749.65,749.77,23243
1781709720,749.8,749.92,749.62,749.84,11753
1781709840,749.84,750.02,749.68,749.82,9921
1781709960,749.83,750.02,749.6,749.74,12578
1781710080,749.71,750.01,749.59,750.01,6970
1781710200,750.01,750.07,749.79,750.06,8447
1781710320,750.055,750.59,749.98,750.485,14239
1781710440,750.46,750.73,750.43,750.61,21021
1781710560,750.6,750.62,750.3,750.39,12893
1781710680,750.39,750.79,750.32,750.719,11747
1781710800,750.719,750.77,750.17,750.23,13580
1781710920,750.21,750.56,750.21,750.39,9822
1781711040,750.36,750.53,750.26,750.34,7864
1781711160,750.36,750.49,750.32,750.37,12570
1781711280,750.35,750.71,750.34,750.67,15544
1781711400,750.68,750.86,750.53,750.62,9276
1781711520,750.62,750.63,750.32,750.39,9877
1781711640,750.38,750.54,750.32,750.48,8620
1781711760,750.46,750.78,750.46,750.68,7095
1781711880,750.69,750.78,750.54,750.6,10530
1781712000,750.65,750.86,750.63,750.76,27210
1781712120,750.8,750.94,750.78,750.87,8889
1781712240,750.88,750.89,750.59,750.715,13350
1781712360,750.7,750.8,750.51,750.71,13215
1781712480,750.7,750.71,750.56,750.63,13602
1781712600,750.62,750.63,750.34,750.35,13928
1781712720,750.35,750.5,750.3,750.44,13473
1781712840,750.45,750.72,750.43,750.7,11955
1781712960,750.68,750.68,750.44,750.51,4308
1781713080,750.5,750.94,750.5,750.93,9235
1781713200,750.92,751.02,750.72,750.81,10192
1781713320,750.8,751.02,750.77,750.92,18791
1781713440,750.9,750.96,750.75,750.821,8177
1781713560,750.83,751.03,750.83,750.84,9989
1781713680,750.89,750.95,750.74,750.76,13102
1781713800,750.77,750.87,750.48,750.5,18068
1781713920,750.49,750.55,750.34,750.34,13670
1781714040,750.33,750.5,750.29,750.42,7244
1781714160,750.399,750.42,750.19,750.39,8845
1781714280,750.39,750.59,750.35,750.51,5638
1781714400,750.46,750.46,750.03,750.08,8804
1781714520,750.12,750.18,749.97,750.12,9384
1781714640,750.16,750.31,750,750.12,8881
1781714760,750.12,750.21,750,750.09,14438
1781714880,750.1,750.14,749.91,750.05,22645
1781715000,750.03,750.26,749.94,750.1,10301
1781715120,750.11,750.14,749.93,749.97,6995
1781715240,749.97,750.23,749.97,750.14,6874
1781715360,750.12,750.16,750.02,750.07,9286
1781715480,750.1,750.11,749.91,750.01,12139
1781715600,749.99,749.99,749.64,749.68,24822
1781715720,749.65,749.66,749.47,749.52,13658
1781715840,749.56,749.61,749.34,749.47,23981
1781715960,749.43,749.66,749.36,749.37,14521
1781716080,749.39,749.48,748.42,749.43,67113
1781716200,749.42,749.67,749.36,749.45,30372
1781716320,749.38,749.56,749.29,749.41,8389
1781716440,749.37,749.47,749.03,749.03,13922
1781716560,749.06,749.2,749.04,749.15,9391
1781716680,749.165,749.42,749.07,749.42,16752
1781716800,749.39,749.49,749.14,749.39,6532
1781716920,749.4,749.68,749.4,749.47,15393
1781717040,749.45,749.47,749.28,749.43,15543
1781717160,749.44,749.79,749.369,749.66,12639
1781717280,749.63,749.73,749.5,749.65,11322
1781717400,749.65,749.65,749.18,749.2,9686
1781717520,749.2,749.43,749.09,749.42,10255
1781717640,749.41,749.419,749.15,749.28,9746
1781717760,749.29,749.67,749.26,749.54,13381
1781717880,749.54,749.78,749.49,749.64,10417
1781718000,749.64,749.64,749.44,749.61,8485
1781718120,749.62,749.64,749.25,749.29,9481
1781718240,749.3,749.41,749.26,749.41,12044
1781718360,749.41,749.45,749.24,749.33,18395
1781718480,749.31,749.7,749.3,749.655,15307
1781718600,749.66,750.08,749.59,750.07,23860
1781718720,750.07,750.61,750.07,750.59,18598
1781718840,750.58,750.6,750.23,750.23,11840
1781718960,750.239,750.5,750.16,750.41,11388
1781719080,750.41,750.87,750.34,750.87,17765
1781719200,750.82,750.87,747.35,747.85,282321
1781719320,747.89,748.01,745.83,746.37,169960
1781719440,746.33,746.4,743.48,743.495,168430
1781719560,743.48,745.84,743.48,745.44,151443
1781719680,745.47,746.94,745.43,746.68,95059
1781719800,746.61,747.18,746.34,746.92,64220
1781719920,746.97,747.17,746.18,746.31,30025
1781720040,746.36,747.97,746,747.85,66364
1781720160,747.83,748,747.18,747.36,67863
1781720280,747.38,747.92,747.37,747.63,36314
1781720400,747.65,747.75,746.75,747.12,57335
1781720520,747.13,747.23,746.61,746.7,31161
1781720640,746.7,746.7,745.35,745.75,56122
1781720760,745.76,746.19,745.36,745.63,35398
1781720880,745.63,746.54,745.63,746.26,42989
1781721000,746.21,747.53,745.78,747.47,56855
1781721120,747.42,748.19,745.65,746.23,238169
1781721240,746.18,746.73,745.6,746.33,80830
1781721360,746.28,747.8,746.28,747.35,96715
1781721480,747.37,748.84,747.32,748.04,83492
1781721600,748.08,748.89,747.69,748.37,85951
1781721720,748.36,749.95,748.13,749.72,130724
1781721840,749.68,750.3,749.06,749.12,137647
1781721960,749.14,749.61,748.57,749.46,82663
1781722080,749.49,749.49,748.65,748.8,33625
1781722200,748.8,748.82,748.29,748.44,42027
1781722320,748.52,749.34,748.22,748.25,62832
1781722440,748.24,748.8,747.23,747.28,79205
1781722560,747.31,747.49,746.02,746.44,116223
1781722680,746.45,746.74,745.12,745.98,116542
1781722800,745.98,746.83,745.79,746.08,103423
1781722920,746.11,747.14,745.64,746.27,106979
1781723040,746.25,746.58,745.7,746.08,52329
1781723160,746.04,746.78,745.94,746.03,65333
1781723280,746.06,746.66,745.55,745.72,74223
1781723400,745.81,745.82,744.41,744.55,94206
1781723520,744.6,747.05,744.37,746.94,119637
1781723640,746.97,746.97,745.8,746.1,75495
1781723760,746.05,746.29,745,745,29725
1781723880,745.01,745.04,744.09,744.11,76857
1781724000,744.16,744.16,742.21,742.6,130721
1781724120,742.56,743.41,742.25,742.68,139904
1781724240,742.66,742.99,741.78,742.92,159573
1781724360,742.92,743.4,742.49,742.66,92723
1781724480,742.65,743.05,741.78,742.06,64953
1781724600,742.06,742.36,741.3,741.49,132376
1781724720,741.53,741.53,740.8,740.99,116184
1781724840,740.99,741.63,740.84,741.21,149283
1781724960,741.21,741.97,741.07,741.35,123976
1781725080,741.35,741.46,739.22,739.53,259168
1781725200,739.51,739.98,739.31,739.56,170610
1781725320,739.56,740.49,739.46,740.19,190384
1781725440,740.17,740.62,739.59,740.12,143905
1781725560,740.12,741.27,739.82,741.07,144587
1781725680,741.06,741.72,740.59,740.83,114835
1781725800,740.81,741.29,739.47,739.95,247258
1781725920,739.92,740.43,739.55,739.94,179161
1781726040,739.96,741.63,739.86,741.4,245006
1781726160,741.39,741.39,740.49,740.83,188972
1781726280,740.84,741.28,740.65,740.95,340633
1781789400,747.85,748.2,747.15,747.41,151230
1781789520,747.36,747.5,746.63,746.66,52721
1781789640,746.68,746.83,745.3,745.365,75104
1781789760,745.37,745.55,744.34,744.76,65072
1781789880,744.72,744.99,744.37,744.6,31845
1781790000,744.58,745.06,743.93,744.62,41995
1781790120,744.69,745.11,744.11,744.16,22457
1781790240,744.18,744.94,744,744.6,41879
1781790360,744.51,744.67,743.86,744.09,34187
1781790480,744.09,745.27,744.09,745.205,36234
1781790600,745.2,745.35,744.76,745.35,50655
1781790720,745.35,745.76,745.18,745.59,23468
1781790840,745.56,745.62,744.55,744.75,33412
1781790960,744.75,745.04,744.05,744.25,18371
1781791080,744.28,744.76,743.96,744.76,35261
1781791200,744.79,745.38,744.45,744.71,20297
1781791320,744.72,745.22,744.5,745.07,28260
1781791440,745.05,745.09,744.68,744.86,28964
1781791560,744.85,745.98,744.85,745.94,34276
1781791680,745.94,746.12,745.59,745.76,34161
1781791800,745.81,745.84,745.16,745.24,25433
1781791920,745.22,745.49,744.94,744.97,17269
1781792040,744.95,745.05,744.25,744.56,29493
1781792160,744.55,746.04,744.55,745.89,20961
1781792280,745.97,746.42,745.79,746.13,38151
1781792400,746.15,746.29,745.75,745.99,21597
1781792520,745.97,746.75,745.56,746.72,38598
1781792640,746.72,746.89,746.18,746.6,30046
1781792760,746.62,746.62,745.6,745.6,27416
1781792880,745.629,745.7,745.14,745.36,28756
1781793000,745.33,745.52,744.43,745.44,45269
1781793120,745.495,745.6,744.88,745.22,24889
1781793240,745.23,745.9,745.19,745.64,25223
1781793360,745.62,746.4,745.43,746.31,27750
1781793480,746.32,746.62,746.16,746.49,18940
1781793600,746.52,746.72,745.96,746.06,23492
1781793720,746.07,746.25,745.85,746.07,15869
1781793840,746.119,746.49,746.08,746.34,17390
1781793960,746.38,747.05,746.38,746.87,26066
1781794080,746.85,747.3,746.83,747.089,13792
1781794200,747.09,747.099,746.39,746.6,23573
1781794320,746.64,746.82,746.28,746.37,12533
1781794440,746.42,746.89,746.42,746.759,14104
1781794560,746.76,746.84,746.57,746.81,21185
1781794680,746.83,747.25,746.81,746.86,19863
1781794800,746.87,746.95,746.26,746.46,23318
1781794920,746.53,746.55,745.98,746.21,15036
1781795040,746.18,746.58,746.18,746.3,13378
1781795160,746.31,746.67,746.21,746.42,14897
1781795280,746.47,746.62,746.32,746.38,9399
1781795400,746.45,747.05,746.22,746.84,16770
1781795520,746.83,746.87,746.56,746.79,12370
1781795640,746.77,746.78,745.85,746.25,20048
1781795760,746.24,746.34,745.8,745.89,18718
1781795880,745.9,746.23,745.57,745.67,14522
1781796000,745.69,746.1,745.6,745.92,10230
1781796120,745.87,745.9,745.36,745.75,13072
1781796240,745.73,745.87,745.46,745.59,13792
1781796360,745.61,746.13,745.47,746.06,16338
1781796480,746.05,746.07,745.16,745.38,16673
1781796600,745.37,745.77,745.19,745.48,12782
1781796720,745.46,745.49,745.04,745.19,18613
1781796840,745.25,745.75,745.14,745.21,13225
1781796960,745.21,745.27,744.81,745,20079
1781797080,745.05,745.2,744.34,744.92,20845
1781797200,744.9,745.37,744.57,745.09,18047
1781797320,745.04,745.3,744.75,744.93,20556
1781797440,744.87,745.03,744.44,744.84,15785
1781797560,744.87,745.02,744.36,744.97,23490
1781797680,745.01,745.35,744.79,745.22,22366
1781797800,745.21,745.79,745.2,745.62,27076
1781797920,745.61,746.4,745.6,746.25,31053
1781798040,746.24,746.36,745.96,746.32,15118
1781798160,746.32,746.5,746.24,746.4,14213
1781798280,746.37,746.53,746.19,746.27,24464
1781798400,746.28,746.57,746.03,746.06,12765
1781798520,746.06,746.21,745.86,745.97,11379
1781798640,745.95,746.27,745.84,746.23,7428
1781798760,746.2,746.46,745.76,746.05,15592
1781798880,746.04,746.18,745.91,746.1,11999
1781799000,746.09,746.33,745.89,746.23,9806
1781799120,746.22,746.33,746.1,746.22,6995
1781799240,746.23,746.28,745.97,746.06,9149
1781799360,746.06,746.33,745.96,746.29,6724
1781799480,746.31,746.42,745.93,746.16,10116
1781799600,746.19,746.8,746.19,746.74,11214
1781799720,746.72,746.87,746.54,746.63,6481
1781799840,746.64,746.69,746.32,746.479,43000
1781799960,746.48,746.73,746.47,746.58,7691
1781800080,746.56,746.66,746.49,746.65,11751
1781800200,746.65,746.67,746.32,746.5,11798
1781800320,746.5,746.54,746.36,746.4,14547
1781800440,746.41,746.74,746.32,746.43,14182
1781800560,746.41,746.96,746.36,746.92,15848
1781800680,746.91,747.25,746.86,747.2,20573
1781800800,747.18,747.25,746.98,747.14,7469
1781800920,747.14,747.19,746.96,747.02,12765
1781801040,747.02,747.13,746.9,747,9030
1781801160,746.99,747.01,746.8,746.93,11648
1781801280,746.92,747.04,746.84,746.87,6629
1781801400,746.91,746.91,746.4,746.4,11610
1781801520,746.38,746.66,746.33,746.54,6697
1781801640,746.48,746.51,746.29,746.33,7829
1781801760,746.38,746.59,746.21,746.56,12306
1781801880,746.56,746.67,746.4,746.65,16038
1781802000,746.66,746.73,746.44,746.61,8406
1781802120,746.63,747.2,746.63,747.02,15401
1781802240,747.03,747.64,747.02,747.61,32133
1781802360,747.59,747.68,747.49,747.58,43453
1781802480,747.56,747.66,747.38,747.48,28990
1781802600,747.45,747.63,747.38,747.58,14951
1781802720,747.6,747.78,747.48,747.5,21757
1781802840,747.51,747.74,747.51,747.74,23325
1781802960,747.72,748.12,747.7,748.04,20857
1781803080,748.03,748.1,747.97,747.97,9306
1781803200,747.99,748.08,747.88,747.91,11196
1781803320,747.89,747.96,747.78,747.815,27199
1781803440,747.86,747.86,747.5,747.519,18256
1781803560,747.51,747.635,747.4,747.56,20263
1781803680,747.56,747.57,747.4,747.56,14894
1781803800,747.56,747.96,747.56,747.8,16400
1781803920,747.78,747.78,747.59,747.7,13623
1781804040,747.68,747.88,747.61,747.63,9560
1781804160,747.64,747.67,747.46,747.49,8694
1781804280,747.48,747.56,747.28,747.32,13048
1781804400,747.33,747.49,747.26,747.33,18613
1781804520,747.34,747.49,747.25,747.285,12957
1781804640,747.285,747.48,747.285,747.43,6550
1781804760,747.435,747.435,747.13,747.36,9329
1781804880,747.35,747.39,747.18,747.25,5612
1781805000,747.27,747.29,747.17,747.229,4443
1781805120,747.18,747.46,747.18,747.4,7011
1781805240,747.455,747.55,747.06,747.06,14500
1781805360,747.1,747.18,746.98,747.08,10934
1781805480,747.09,747.2,746.99,747.01,17320
1781805600,747.02,747.07,746.73,746.79,17613
1781805720,746.76,746.98,746.53,746.58,18192
1781805840,746.6,746.86,746.55,746.75,16951
1781805960,746.735,746.735,746.54,746.65,8580
1781806080,746.66,746.82,746.6,746.64,8769
1781806200,746.62,747,746.59,746.88,12876
1781806320,746.87,746.98,746.71,746.74,11001
1781806440,746.76,746.85,746.519,746.53,19734
1781806560,746.56,746.67,746.42,746.6,24646
1781806680,746.57,746.82,746.54,746.63,16349
1781806800,746.62,746.76,746.5,746.685,13889
1781806920,746.7,746.91,746.65,746.78,19179
1781807040,746.78,746.82,746.64,746.66,17054
1781807160,746.685,746.82,746.54,746.78,17563
1781807280,746.78,746.78,746.44,746.51,14334
1781807400,746.51,746.51,746.35,746.46,20476
1781807520,746.47,746.54,746.33,746.37,19804
1781807640,746.37,746.58,746.28,746.35,17317
1781807760,746.33,746.39,746.19,746.31,13127
1781807880,746.3,746.405,746.17,746.24,10101
1781808000,746.19,746.45,746.16,746.4,9199
1781808120,746.41,746.52,746.34,746.39,12585
1781808240,746.39,746.63,746.39,746.56,7528
1781808360,746.56,746.68,746.53,746.54,7422
1781808480,746.57,746.82,746.56,746.79,9798
1781808600,746.8,746.81,746.57,746.73,7567
1781808720,746.74,746.97,746.74,746.899,23157
1781808840,746.88,746.88,746.66,746.76,6071
1781808960,746.75,746.75,746.29,746.33,12101
1781809080,746.35,746.55,746.33,746.43,10253
1781809200,746.39,746.46,746.2,746.2,12707
1781809320,746.2,746.27,745.87,746.03,23615
1781809440,745.99,746.11,745.87,745.96,19411
1781809560,745.94,746.01,745.87,745.94,12122
1781809680,745.92,746.07,745.87,745.91,16171
1781809800,745.89,745.9,745.2,745.35,74414
1781809920,745.34,745.58,745.21,745.57,35572
1781810040,745.57,745.72,745.42,745.42,23226
1781810160,745.43,745.55,745.32,745.49,19273
1781810280,745.47,745.91,745.27,745.89,24840
1781810400,745.88,746.07,745.83,745.94,37350
1781810520,745.93,746.2,745.92,745.99,18483
1781810640,746.01,746.07,745.87,745.96,21638
1781810760,745.96,746.15,745.91,745.92,13218
1781810880,745.93,746.23,745.9,746.01,12731
1781811000,746.01,746.07,745.61,745.86,28473
1781811120,745.85,746.03,745.72,746.02,15762
1781811240,746.01,746.55,745.99,746.53,23289
1781811360,746.55,746.765,746.45,746.61,28588
1781811480,746.63,746.97,746.52,746.94,19243
1781811600,746.94,747.06,746.87,747.02,34478
1781811720,747.01,747.24,746.91,747.03,55443
1781811840,747.06,747.44,747.05,747.4,49333
1781811960,747.4,747.46,747.25,747.27,44998
1781812080,747.27,747.31,746.86,746.99,61548
1781812200,747.02,747.86,746.74,747.69,89527
1781812320,747.68,747.88,747.4,747.54,122143
1781812440,747.54,747.87,747.21,747.73,189257
1781812560,747.72,748.07,747.63,747.92,105394
1781812680,747.92,748.23,746.59,746.59,455594
1782135000,747.69,749.32,747.46,749.01,206800
1782135120,748.98,749.19,747.995,748.17,122969
1782135240,748.14,748.61,747.92,748.6,56212
1782135360,748.6,749.4,748.55,749.26,44964
1782135480,749.28,749.8,749.24,749.8,51575
1782135600,749.8,749.91,748.7,748.74,48436
1782135720,748.76,748.95,747.92,748.29,58003
1782135840,748.35,748.6,748.02,748.47,45798
1782135960,748.49,749.22,748.39,749.21,37352
1782136080,749.21,749.85,749.19,749.509,34106
1782136200,749.51,749.52,749.04,749.37,30761
1782136320,749.33,749.59,749.12,749.36,33527
1782136440,749.37,749.5,748.74,748.79,16542
1782136560,748.81,749.57,748.77,749.51,25246
1782136680,749.52,749.92,749.4,749.89,22962
1782136800,749.93,750,749.57,749.8,38873
1782136920,749.83,749.86,749.45,749.59,19374
1782137040,749.6,749.73,749.37,749.49,21229
1782137160,749.49,749.71,749.41,749.69,18972
1782137280,749.69,749.97,749.69,749.95,29406
1782137400,749.93,750.18,749.52,749.55,36839
1782137520,749.52,749.74,749.29,749.34,17333
1782137640,749.35,749.42,749.08,749.17,17100
1782137760,749.17,749.2,748.25,748.38,17309
1782137880,748.38,748.84,748.38,748.46,26137
1782138000,748.46,748.5,747.77,748.37,24379
1782138120,748.38,748.47,747.8,747.8,20622
1782138240,747.8,747.81,747.3,747.57,35277
1782138360,747.59,747.8,746.79,746.79,38874
1782138480,746.83,747.19,746.45,746.51,42820
1782138600,746.51,746.59,745.42,745.52,51614
1782138720,745.56,745.62,745.04,745.4,41790
1782138840,745.4,746.01,745.16,745.92,24272
1782138960,745.93,745.95,745.24,745.61,15237
1782139080,745.57,745.7,745.01,745.5,15175
1782139200,745.51,745.79,745.1,745.3,18308
1782139320,745.27,745.37,744.69,744.85,17793
1782139440,744.9,745.15,744.45,744.8,41189
1782139560,744.82,745.3,744.66,744.79,32389
1782139680,744.75,745.06,744.55,744.8,26070
1782139800,744.8,745.05,744.25,744.32,28661
1782139920,744.4,744.55,744.22,744.48,15439
1782140040,744.45,744.52,743.16,743.53,44095
1782140160,743.54,744.37,743.54,744.3,35077
1782140280,744.31,744.88,744.31,744.7,27136
1782140400,744.73,745.4,744.579,745.349,26477
1782140520,745.34,745.37,745.07,745.17,17010
1782140640,745.21,745.27,744.47,744.65,17471
1782140760,744.59,744.6,744.04,744.32,26191
1782140880,744.34,744.63,744.16,744.29,19435
1782141000,744.28,744.73,744.09,744.67,15263
1782141120,744.69,744.83,744.5,744.77,20779
1782141240,744.78,744.84,744.35,744.37,17535
1782141360,744.4,744.68,744.17,744.6,27190
1782141480,744.6,744.95,744,744.2,35894
1782141600,744.2,744.49,743.87,744.33,32670
1782141720,744.36,744.84,744.27,744.84,18787
1782141840,744.84,745.09,744.35,744.79,49775
1782141960,744.78,744.95,744.45,744.77,20150
1782142080,744.76,744.76,744.18,744.41,20774
1782142200,744.38,744.64,744.23,744.6,17061
1782142320,744.59,745.05,744.31,744.92,48274
1782142440,744.9,745.05,744.48,744.8,50065
1782142560,744.8,745.18,744.8,745.03,20679
1782142680,745.02,745.2,744.9,745.175,12560
1782142800,745.22,745.77,745.22,745.77,24546
1782142920,745.78,746.165,745.76,746.029,22368
1782143040,746,746.27,745.84,746.17,30625
1782143160,746.141,746.2,745.6,745.61,10902
1782143280,745.63,745.63,744.28,744.4,35452
1782143400,744.33,744.97,744.3,744.8,11882
1782143520,744.68,744.93,744.62,744.73,9485
1782143640,744.74,744.99,744.45,744.86,11348
1782143760,744.86,745.1,744.56,744.74,11848
1782143880,744.74,744.84,744.49,744.6,14017
1782144000,744.61,744.79,743.97,744.18,20190
1782144120,744.21,744.3,743.62,743.7,33483
1782144240,743.74,743.96,743.6,743.8,43447
1782144360,743.8,744.12,743.65,744.02,12322
1782144480,744.03,744.31,743.94,744.2,27246
1782144600,744.2,744.62,744.15,744.48,24175
1782144720,744.42,744.67,744.2,744.62,17640
1782144840,744.62,745.04,744.55,744.7,27774
1782144960,744.7,744.88,744.56,744.74,13016
1782145080,744.695,744.94,744.46,744.94,12774
1782145200,744.96,745.36,744.95,745.1,18490
1782145320,745.1,745.1,744.45,744.59,20573
1782145440,744.59,744.65,744.36,744.57,11439
1782145560,744.64,744.7,744.32,744.44,15990
1782145680,744.47,744.9,744.37,744.78,14687
1782145800,744.74,744.87,744.66,744.8,11698
1782145920,744.75,744.75,744.28,744.4,13430
1782146040,744.37,744.49,744.13,744.18,9474
1782146160,744.19,744.42,744.09,744.33,21405
1782146280,744.305,744.51,744.22,744.42,15647
1782146400,744.41,744.56,744.05,744.37,16200
1782146520,744.39,744.48,744.13,744.245,17941
1782146640,744.245,744.42,744.23,744.24,11607
1782146760,744.22,744.81,744.19,744.75,20292
1782146880,744.75,744.97,744.65,744.96,10559
1782147000,744.95,745.22,744.89,745.13,17988
1782147120,745.13,745.2,744.88,744.89,9168
1782147240,744.89,745.24,744.89,744.955,11043
1782147360,744.98,745,744.67,744.78,14220
1782147480,744.79,745.32,744.74,744.94,36399
1782147600,744.97,745.01,744.79,744.82,10057
1782147720,744.8,745.01,744.62,744.99,7591
1782147840,745,745.03,744.44,744.44,8702
1782147960,744.42,744.43,743.96,744.13,14898
1782148080,744.14,744.4,744.12,744.23,10038
1782148200,744.2,744.45,744.15,744.35,7152
1782148320,744.35,744.56,744.33,744.56,7678
1782148440,744.56,745.03,744.34,744.94,14519
1782148560,744.93,744.93,744.65,744.71,8273
1782148680,744.75,745.08,744.75,745.03,9449
1782148800,745.11,745.26,744.81,744.86,11518
1782148920,744.91,744.99,744.72,744.9,7119
1782149040,744.9,745.01,744.73,744.77,6636
1782149160,744.765,745.01,744.7,744.8,7246
1782149280,744.85,744.96,744.7,744.7,5271
1782149400,744.73,744.84,744.62,744.7,7731
1782149520,744.7,744.72,744.32,744.36,13016
1782149640,744.37,744.53,744.22,744.28,14371
1782149760,744.27,744.32,743.99,744.3,17807
1782149880,744.31,744.47,744.3,744.47,12720
1782150000,744.46,744.58,744.29,744.37,6173
1782150120,744.37,744.49,744.27,744.34,5321
1782150240,744.34,744.43,744.26,744.43,8542
1782150360,744.47,744.65,744.31,744.55,7227
1782150480,744.57,744.845,744.57,744.79,11021
1782150600,744.78,744.92,744.72,744.76,8079
1782150720,744.78,745.16,744.73,745.14,12898
1782150840,745.15,745.34,745.02,745.07,12748
1782150960,745.06,745.23,744.98,745.07,9725
1782151080,745.07,745.09,744.7,744.71,9387
1782151200,744.7,744.86,744.62,744.63,12964
1782151320,744.61,744.72,744.31,744.31,11903
1782151440,744.31,744.64,744.3,744.58,19727
1782151560,744.57,744.82,744.48,744.77,11259
1782151680,744.78,744.92,744.77,744.92,9401
1782151800,744.93,745.06,744.72,744.74,10915
1782151920,744.74,744.98,744.69,744.95,8097
1782152040,744.96,745.13,744.94,745.05,8755
1782152160,745.04,745.25,745.04,745.14,15095
1782152280,745.14,745.33,745.12,745.22,11077
1782152400,745.23,745.74,745.23,745.56,28840
1782152520,745.55,745.57,745.2,745.4,23230
1782152640,745.39,745.5,745.26,745.31,11190
1782152760,745.3,745.32,744.95,745.1,15375
1782152880,745.11,745.15,744.92,745.13,18836
1782153000,745.13,745.54,745.13,745.38,21023
1782153120,745.39,745.45,745,745.03,27113
1782153240,745.05,745.08,744.93,745.03,10600
1782153360,745.03,745.21,745,745.06,11510
1782153480,745.05,745.18,744.9,744.93,10797
1782153600,744.92,745.005,744.74,744.86,18511
1782153720,744.88,744.93,744.7,744.76,10743
1782153840,744.76,744.76,744.415,744.61,17847
1782153960,744.6,744.785,744.52,744.76,10094
1782154080,744.76,744.82,744.63,744.77,13127
1782154200,744.77,744.84,744.36,744.4,18606
1782154320,744.4,744.4,743.74,743.99,34727
1782154440,743.98,744.08,743.79,743.9,34082
1782154560,743.88,744.03,743.76,743.81,25461
1782154680,743.81,743.85,743.61,743.73,42769
1782154800,743.73,743.97,743.69,743.95,17971
1782154920,743.95,744.36,743.94,744.2,28820
1782155040,744.21,744.21,743.84,743.98,16610
1782155160,743.99,744,743.5,743.53,26035
1782155280,743.52,743.8,743.28,743.65,23932
1782155400,743.68,744.03,743.54,743.89,31581
1782155520,743.89,744.07,743.83,743.85,22811
1782155640,743.85,744.04,743.76,743.88,18239
1782155760,743.87,744.03,743.81,743.98,11107
1782155880,743.98,744.18,743.92,744.08,29236
1782156000,744.12,744.18,743.66,743.77,10934
1782156120,743.75,743.82,743.63,743.79,21870
1782156240,743.825,743.825,743.59,743.61,11013
1782156360,743.67,743.69,743.46,743.54,54499
1782156480,743.53,743.64,743.41,743.41,21948
1782156600,743.42,743.72,743.42,743.62,36171
1782156720,743.62,743.98,743.58,743.82,27297
1782156840,743.81,743.81,743.58,743.58,21944
1782156960,743.59,743.71,743.48,743.58,19308
1782157080,743.56,743.71,743.46,743.54,15877
1782157200,743.55,743.63,743.37,743.43,28434
1782157320,743.43,743.55,743.21,743.27,39392
1782157440,743.28,743.48,743.13,743.29,58706
1782157560,743.27,743.79,743.19,743.67,56769
1782157680,743.62,743.78,743.44,743.78,30404
1782157800,743.74,744.79,743.6,744.61,183903
1782157920,744.6,744.67,744.31,744.63,59338
1782158040,744.63,744.82,744.32,744.38,111539
1782158160,744.38,744.43,744.04,744.26,125002
1782158280,744.24,744.87,743.97,743.99,410839
1782221400,733.76,733.81,732.305,733.61,252730
1782221520,733.59,734.23,732.96,733.33,137891
1782221640,733.34,733.94,732.78,732.79,96548
1782221760,732.97,733.25,732.42,733.03,56422
1782221880,733.02,734.55,732.86,734.4,66885
1782222000,734.37,734.79,733.78,734.63,87360
1782222120,734.6,735.39,734.27,734.65,60706
1782222240,734.65,735.53,734.55,735.22,57742
1782222360,735.2,736.07,734.88,736.06,34679
1782222480,736.08,736.94,735.97,736.38,34145
1782222600,736.38,737,736.36,736.86,41752
1782222720,736.839,737.14,736.64,736.83,42003
1782222840,736.86,737.09,736.29,736.42,45224
1782222960,736.42,737.02,736.09,736.88,37467
1782223080,736.85,737.22,736.73,737.13,22809
1782223200,737.15,738.01,737,737.96,68250
1782223320,737.96,738.35,737.7,737.8,46036
1782223440,737.83,738.26,737.78,737.84,56035
1782223560,737.83,738.35,737.82,737.94,43034
1782223680,737.92,738.56,737.64,738.39,54016
1782223800,738.38,739.03,738.17,738.24,57148
1782223920,738.26,738.92,738.2,738.82,43973
1782224040,738.83,739.01,738.55,738.57,49068
1782224160,738.55,739.14,738.53,738.72,30090
1782224280,738.7,739.25,738.64,739.14,20405
1782224400,739.15,739.63,738.81,738.86,41598
1782224520,738.86,739.33,738.5,739.19,49913
1782224640,739.18,739.18,738.62,738.68,30766
1782224760,738.67,738.9,738.23,738.31,50958
1782224880,738.31,739,738.15,738.9,34083
1782225000,738.91,739.1,738,738,39591
1782225120,737.98,738.53,737.78,738.2,46038
1782225240,738.209,738.33,737.72,738,34659
1782225360,738.01,738.8,737.93,738.64,23218
1782225480,738.64,738.685,737.58,737.64,19223
1782225600,737.66,737.86,737.21,737.45,24173
1782225720,737.45,738.151,737.33,737.95,40113
1782225840,737.97,738.04,737.09,737.09,30936
1782225960,737.09,737.42,736.74,736.81,28498
1782226080,736.8,737.49,736.75,737.29,25032
1782226200,737.33,737.96,736.97,737.73,39735
1782226320,737.73,737.74,736.91,737.04,22980
1782226440,737.02,737.33,736.56,736.81,21925
1782226560,736.81,737.19,736.57,737.07,19299
1782226680,737.05,737.09,736.49,737.01,44770
1782226800,737.05,737.42,736.74,737.02,28358
1782226920,737.02,737.18,736.45,736.6,21164
1782227040,736.58,736.71,736.08,736.11,24202
1782227160,736.08,736.15,735.28,735.99,36649
1782227280,735.94,736.01,735.695,735.97,25727
1782227400,735.97,736.24,735.68,735.99,19551
1782227520,735.98,736.23,735.79,735.92,23502
1782227640,735.93,736.23,735.85,735.89,12392
1782227760,735.9,735.91,735.41,735.49,22179
1782227880,735.49,735.5,735.16,735.24,18235
1782228000,735.24,735.53,735,735,27803
1782228120,734.99,735.13,734.84,734.9,19473
1782228240,734.89,734.89,734.26,734.51,27029
1782228360,734.549,734.87,734.47,734.58,24297
1782228480,734.63,734.74,734.37,734.59,30122
1782228600,734.59,735.17,734.43,735.1,33021
1782228720,735.15,735.27,734.89,735.089,18813
1782228840,735.11,735.5,734.84,735.3,20259
1782228960,735.28,735.41,734.5,734.84,32142
1782229080,734.82,734.91,734.27,734.52,27655
1782229200,734.48,734.85,734.23,734.76,22970
1782229320,734.77,735.1,734.59,735.02,21218
1782229440,735.04,735.17,734.8,735,21516
1782229560,734.95,735.12,734.84,734.98,15619
1782229680,734.97,735.5,734.95,735.09,29423
1782229800,735.09,735.77,734.92,735.75,22681
1782229920,735.73,736.17,735.61,735.96,40368
1782230040,735.92,736.23,735.36,735.59,19320
1782230160,735.58,736.07,735.39,736,17276
1782230280,736,736.14,735.72,735.97,13462
1782230400,735.96,736.69,735.86,736.53,23508
1782230520,736.56,736.67,736.43,736.59,18564
1782230640,736.62,737.13,736.52,737.01,21893
1782230760,736.99,736.99,736.62,736.69,11989
1782230880,736.63,737.32,736.54,737.17,35586
1782231000,737.18,737.64,737.18,737.51,18827
1782231120,737.52,737.66,737.31,737.31,10938
1782231240,737.27,737.61,737.17,737.37,12320
1782231360,737.37,737.45,737.04,737.09,17191
1782231480,737.1,737.26,736.94,737.05,28980
1782231600,737.01,737.01,736.61,736.94,21628
1782231720,736.91,737.36,736.84,737.34,16423
1782231840,737.32,737.46,737.25,737.27,16027
1782231960,737.23,737.38,737.05,737.38,11626
1782232080,737.38,737.53,737.34,737.38,12951
1782232200,737.39,737.48,736.96,737.37,19188
1782232320,737.36,737.38,737.14,737.21,10178
1782232440,737.17,737.29,737.01,737.07,13442
1782232560,737.06,737.43,737.05,737.37,15128
1782232680,737.36,737.53,737.26,737.48,15904
1782232800,737.49,737.97,737.48,737.9,27976
1782232920,737.89,737.89,737.59,737.59,13142
1782233040,737.61,737.93,737.61,737.67,13556
1782233160,737.68,737.74,737.23,737.3,15637
1782233280,737.31,737.44,737.11,737.4,19756
1782233400,737.37,737.41,736.94,737.02,27573
1782233520,737.01,737.36,737,737.26,11265
1782233640,737.27,737.48,737.15,737.18,17577
1782233760,737.17,737.45,737.02,737.18,13716
1782233880,737.195,737.63,737.09,737.42,14922
1782234000,737.43,737.48,736.97,737.15,15009
1782234120,737.15,737.19,736.71,736.74,14080
1782234240,736.73,736.89,736.51,736.63,13264
1782234360,736.6,736.89,736.59,736.7,15633
1782234480,736.69,736.98,736.53,736.92,14776
1782234600,736.91,737.72,736.91,737.62,17833
1782234720,737.61,737.69,737.46,737.53,13425
1782234840,737.52,737.65,737.33,737.44,20776
1782234960,737.43,737.59,736.96,736.98,26641
1782235080,737.01,737.285,736.94,737.11,15394
1782235200,737.12,737.74,737.08,737.65,14175
1782235320,737.66,737.82,737.54,737.76,13992
1782235440,737.76,738.1,737.47,737.66,24329
1782235560,737.67,737.8,737.47,737.73,12546
1782235680,737.72,737.86,737.49,737.53,11717
1782235800,737.55,737.59,737.14,737.35,22813
1782235920,737.34,737.64,737.23,737.54,12933
1782236040,737.57,738,737.34,737.99,11995
1782236160,737.99,738.02,737.6,737.69,11167
1782236280,737.7,737.7,737.46,737.54,13018
1782236400,737.53,737.64,737.26,737.29,11069
1782236520,737.27,737.34,737.09,737.2,9888
1782236640,737.19,737.39,737.05,737.36,12668
1782236760,737.36,737.45,737.07,737.2,13385
1782236880,737.21,737.45,737.13,737.275,14783
1782237000,737.27,737.29,736.78,736.92,14043
1782237120,736.87,736.92,736.53,736.58,15516
1782237240,736.58,736.61,735.77,735.98,27765
1782237360,735.99,736,735.75,735.81,22927
1782237480,735.82,735.95,735.76,735.78,13237
1782237600,735.79,736.47,735.65,736.46,26792
1782237720,736.45,736.56,736.08,736.2,13626
1782237840,736.21,736.22,735.93,736.01,15966
1782237960,736.01,736.13,735.5,735.5,25098
1782238080,735.5,735.82,735.37,735.78,21137
1782238200,735.78,735.96,735.71,735.9,18384
1782238320,735.89,736.02,735.71,735.76,23153
1782238440,735.75,736.01,735.73,735.91,18473
1782238560,735.89,736.01,735.54,735.59,15575
1782238680,735.55,735.67,735.47,735.6,10399
1782238800,735.585,735.6,735.22,735.38,11177
1782238920,735.4,735.87,735.39,735.87,15748
1782239040,735.8,735.83,735.44,735.55,13548
1782239160,735.51,735.56,735.39,735.41,22712
1782239280,735.4,735.59,735.3,735.4,25716
1782239400,735.38,735.495,735.19,735.36,25794
1782239520,735.33,735.39,735.11,735.14,12847
1782239640,735.15,735.26,735.04,735.04,22734
1782239760,735.05,735.17,734.95,734.96,30758
1782239880,734.96,734.985,734.85,734.91,26445
1782240000,734.89,734.89,734.41,734.63,27181
1782240120,734.62,734.64,733.79,733.8,46500
1782240240,733.77,733.93,733.57,733.62,47243
1782240360,733.61,733.78,733.48,733.51,45929
1782240480,733.53,734.02,733.53,733.96,48332
1782240600,733.96,734.52,733.95,734.13,42448
1782240720,734.15,734.215,733.47,733.51,45023
1782240840,733.51,733.71,733.33,733.52,42105
1782240960,733.51,733.72,733.45,733.67,45959
1782241080,733.68,734.23,733.58,734.02,31669
1782241200,734,734.59,733.79,734.55,45600
1782241320,734.54,734.79,734.37,734.79,33984
1782241440,734.78,735.6,734.67,735.43,52555
1782241560,735.44,735.44,734.54,734.59,36068
1782241680,734.6,734.64,734.24,734.46,35193
1782241800,734.42,734.76,734.25,734.75,26564
1782241920,734.7,734.86,734.18,734.39,27316
1782242040,734.38,734.57,734.35,734.45,27231
1782242160,734.45,734.6,734.03,734.06,34696
1782242280,734.06,734.12,733.76,733.8,44373
1782242400,733.81,734.26,733.7,734.26,68478
1782242520,734.25,735.18,734.15,734.98,49676
1782242640,734.975,735.03,734.6,734.88,33984
1782242760,734.86,735.26,734.72,734.89,23114
1782242880,734.89,735.13,734.68,735,37535
1782243000,735,735.22,734.59,734.59,36533
1782243120,734.6,735.04,734.37,734.9,35258
1782243240,734.9,735.18,734.85,735.1,36456
1782243360,735.1,735.18,734.87,735.02,40985
1782243480,735.02,735.18,734.58,734.6,29761
1782243600,734.61,734.71,734.32,734.43,60374
1782243720,734.37,734.58,734.14,734.3,43569
1782243840,734.25,734.72,734.235,734.57,57919
1782243960,734.59,734.72,734.18,734.28,93355
1782244080,734.26,734.72,733.92,734.71,98070
1782244200,734.7,735.19,734.54,734.73,117150
1782244320,734.74,735,734.56,734.87,138770
1782244440,734.87,735.56,734.77,735.01,251071
1782244560,735,735.09,734.57,734.62,199818
1782244680,734.64,734.89,733.5,733.69,792924
1782307800,735.14,735.17,734.32,734.58,82839
1782307920,734.58,736.89,734.58,736.81,96509
1782308040,736.699,737.22,736.61,736.99,102411
1782308160,736.99,737.29,736.14,737.089,45241
1782308280,737.08,737.25,736.29,736.36,42030
1782308400,736.35,736.53,735.07,735.1,97205
1782308520,735.09,735.55,734.72,735.23,31721
1782308640,735.23,736.21,735.13,736.13,46417
1782308760,735.86,736.14,735.09,735.32,46332
1782308880,735.35,735.7,734.32,735.49,42995
1782309000,735.5,737.37,735.5,737.34,77181
1782309120,737.35,737.69,737.14,737.42,62056
1782309240,737.42,737.6,736.2,736.42,48368
1782309360,736.45,736.66,735.9,736.06,34790
1782309480,736.07,736.42,735.85,735.94,20188
1782309600,735.98,736.33,735.49,735.8,18323
1782309720,735.8,736,735.27,735.34,22197
1782309840,735.36,736.21,735.27,736,19912
1782309960,736.04,736.45,735.64,735.84,15309
1782310080,735.78,736.07,735.25,735.74,36127
1782310200,735.75,736.2,735.3,735.55,19345
1782310320,735.55,736,735.14,735.45,30680
1782310440,735.44,735.95,735.11,735.12,14556
1782310560,735.13,735.36,734.73,734.77,17518
1782310680,734.83,735.1,734.81,734.88,8680
1782310800,734.849,735.71,734.11,735.59,47086
1782310920,735.609,736.35,735.59,736,18426
1782311040,735.94,736.72,735.93,736.23,13445
1782311160,736.29,736.98,735.95,736.83,11907
1782311280,736.78,736.95,736.29,736.49,8573
1782311400,736.48,737.22,736.48,737.2,35362
1782311520,737.19,737.28,736.66,736.77,22455
1782311640,736.8,737.16,736.8,736.93,15455
1782311760,736.96,737.07,736.71,736.83,12404
1782311880,736.87,737.01,736.21,736.21,13754
1782312000,736.3,736.85,736.14,736.54,13899
1782312120,736.57,736.61,736.26,736.61,9564
1782312240,736.56,737.93,736.56,737.72,24247
1782312360,737.73,738.69,737.63,738.67,32791
1782312480,738.63,738.94,738.21,738.27,18822
1782312600,738.35,738.89,738.35,738.78,15059
1782312720,738.79,739.06,738.68,738.96,38793
1782312840,738.89,738.92,738.16,738.38,28129
1782312960,738.38,739.08,738.38,739.019,27136
1782313080,738.99,739.7,738.98,739.65,21590
1782313200,739.66,739.94,739.49,739.81,41564
1782313320,739.79,739.88,739.26,739.51,26097
1782313440,739.51,739.58,739.11,739.24,11306
1782313560,739.24,739.32,738.91,738.93,10798
1782313680,739,739.09,738.26,738.49,20658
1782313800,738.44,738.83,738.29,738.68,26296
1782313920,738.68,738.75,737.98,738.23,18757
1782314040,738.2,738.77,738.18,738.6,24406
1782314160,738.6,739.37,738.49,739.29,52347
1782314280,739.28,739.37,738.76,739.16,16613
1782314400,739.185,739.38,738.96,738.96,17814
1782314520,738.98,739.3,738.88,739.24,14513
1782314640,739.22,739.31,738.15,738.25,13928
1782314760,738.34,739.28,738.34,739.18,13998
1782314880,739.21,739.64,738.88,739.64,31170
1782315000,739.63,739.93,739.27,739.35,20825
1782315120,739.32,739.55,738.93,738.97,17119
1782315240,738.99,739.51,738.99,739.44,12623
1782315360,739.44,739.54,739.18,739.39,18376
1782315480,739.39,739.42,738.63,738.85,16258
1782315600,738.865,739.02,738.52,738.61,15814
1782315720,738.57,738.62,738.18,738.34,20537
1782315840,738.35,738.53,737.99,738.14,30066
1782315960,738.19,738.35,737.83,737.95,19810
1782316080,737.97,738.7,737.91,738.66,27780
1782316200,738.68,739.08,738.68,739.03,14563
1782316320,739.01,739.28,738.68,739.08,6482
1782316440,739,739.069,738.7,738.83,14461
1782316560,738.82,738.86,738.37,738.535,10638
1782316680,738.56,738.57,738.14,738.38,14737
1782316800,738.34,738.62,738.12,738.17,16875
1782316920,738.18,738.38,737.94,738.04,10936
1782317040,738.02,738.22,737.92,738.11,5896
1782317160,738.12,738.32,737.81,738.26,7523
1782317280,738.28,738.421,737.94,738.14,6054
1782317400,738.14,738.87,737.95,738.63,9306
1782317520,738.6,738.61,738.18,738.38,5395
1782317640,738.38,738.81,738.38,738.48,8972
1782317760,738.46,738.57,738.27,738.35,9249
1782317880,738.35,738.46,738.17,738.31,6529
1782318000,738.31,738.4,738.04,738.14,8364
1782318120,738.12,738.74,738.07,738.62,8737
1782318240,738.62,738.74,738.04,738.1,9479
1782318360,738.1,738.24,738.03,738.13,11970
1782318480,738.12,738.29,738.04,738.08,15525
1782318600,738.09,738.1,737.55,737.65,22389
1782318720,737.64,737.82,737.5,737.66,10054
1782318840,737.67,737.93,737.55,737.85,12034
1782318960,737.83,737.915,736.8,736.92,29310
1782319080,736.98,737.08,736.49,736.53,18664
1782319200,736.52,736.55,735.92,736.39,59677
1782319320,736.39,736.39,735.95,736.1,20473
1782319440,736.105,736.39,735.95,736.07,31857
1782319560,736.06,736.359,735.95,736.32,24773
1782319680,736.32,736.63,736.3,736.35,19130
1782319800,736.33,736.82,736.33,736.57,15500
1782319920,736.53,736.64,736.12,736.12,12254
1782320040,736.1,736.15,735.4,735.75,30578
1782320160,735.76,736,735.58,735.74,17745
1782320280,735.71,735.9,735.56,735.69,9830
1782320400,735.71,735.97,735.53,735.95,30973
1782320520,735.96,736.43,735.71,736.42,29822
1782320640,736.43,736.44,736.01,736.02,15315
1782320760,736.03,736.07,734.73,734.83,45380
1782320880,734.86,735.02,734.66,734.98,16739
1782321000,734.96,735.37,734.79,734.985,26091
1782321120,734.99,735.32,734.62,734.68,13849
1782321240,734.68,735.15,734.64,734.89,19311
1782321360,734.86,734.86,733.79,734.18,30202
1782321480,734.08,734.16,733.56,733.8,21474
1782321600,733.79,733.82,733.12,733.33,30498
1782321720,733.33,733.74,733.08,733.25,28486
1782321840,733.21,733.38,732.55,733.1,21644
1782321960,733.12,733.23,732.72,732.72,19064
1782322080,732.7,732.7,732.06,732.16,32717
1782322200,732.16,732.68,731.63,731.76,48380
1782322320,731.74,732.03,731.31,731.9,29528
1782322440,731.96,732.91,731.96,732.31,44015
1782322560,732.3,732.41,731.75,731.87,15739
1782322680,731.91,732.57,731.69,732.56,31917
1782322800,732.52,732.67,732.17,732.67,19834
1782322920,732.64,732.84,732.21,732.32,35767
1782323040,732.3,732.33,731.74,731.76,19299
1782323160,731.73,732.63,731.52,732.55,39038
1782323280,732.54,732.63,732.24,732.47,17583
1782323400,732.42,732.61,732.1,732.41,15364
1782323520,732.41,732.53,732.1,732.47,12973
1782323640,732.49,733.11,732.33,733.01,41628
1782323760,732.97,733.13,732.2,732.24,25916
1782323880,732.23,732.23,731.71,731.86,36146
1782324000,731.87,732.94,731.77,732.57,32237
1782324120,732.56,732.6,732.18,732.489,23364
1782324240,732.47,732.9,732.4,732.76,33044
1782324360,732.72,733.38,732.71,732.79,26754
1782324480,732.77,733.059,732.72,733.02,13179
1782324600,733,733.12,732.72,732.75,20752
1782324720,732.77,733.01,732.55,732.88,37607
1782324840,732.87,733.66,732.63,733.6,38861
1782324960,733.57,733.74,733.35,733.51,49088
1782325080,733.49,733.959,732.89,733.76,49366
1782325200,733.78,733.86,733.57,733.83,26811
1782325320,733.81,734.06,733.68,734.06,22995
1782325440,734.06,734.66,733.92,734.56,35648
1782325560,734.55,734.57,734.15,734.28,31995
1782325680,734.25,734.59,734.145,734.35,22966
1782325800,734.36,734.56,734.2,734.48,24356
1782325920,734.47,734.49,733.98,734.02,28522
1782326040,734.04,734.33,733.73,733.84,28118
1782326160,733.84,734.14,733.52,733.9,29009
1782326280,733.86,734.02,733.5,733.63,19668
1782326400,733.62,733.77,732.94,733.34,42418
1782326520,733.3,733.5,732.93,733.01,28158
1782326640,733,733.27,732.87,732.93,32506
1782326760,732.95,733.02,732.18,732.21,25903
1782326880,732.22,732.235,731.49,731.8,36227
1782327000,731.83,731.92,731.23,731.38,42070
1782327120,731.38,731.96,731.32,731.78,33037
1782327240,731.77,732.33,731.77,732.23,50651
1782327360,732.22,732.82,732.12,732.16,29824
1782327480,732.21,732.21,731.65,731.93,15983
1782327600,731.92,732.06,731.34,731.38,36028
1782327720,731.37,732.94,731.35,732.65,44544
1782327840,732.58,732.685,731.74,732,19178
1782327960,731.94,732.02,730.88,731.07,55051
1782328080,731.02,731.49,730.85,731.33,38630
1782328200,731.32,731.46,730.84,731.08,31112
1782328320,731.08,731.28,730.99,731.13,33800
1782328440,731.13,731.76,731.12,731.37,55807
1782328560,731.4,731.6,731.23,731.41,25320
1782328680,731.45,731.74,731.3,731.58,21349
1782328800,731.58,731.66,731.3,731.5,15282
1782328920,731.49,731.7,731.32,731.55,27313
1782329040,731.56,732.31,731.4,731.98,29077
1782329160,731.99,732.29,731.77,731.87,34359
1782329280,731.9,732.15,731.73,731.97,33439
1782329400,732.02,732.21,731.63,731.78,37356
1782329520,731.75,731.87,731.52,731.64,36671
1782329640,731.629,731.77,731.4,731.53,23755
1782329760,731.48,731.95,731.43,731.59,22764
1782329880,731.56,731.92,731.42,731.775,25622
1782330000,731.77,732.05,731.36,731.39,40247
1782330120,731.38,731.43,730.93,731.255,61636
1782330240,731.255,732.26,731.21,732.19,87729
1782330360,732.2,732.21,731.56,731.81,39491
1782330480,731.81,732.13,731.68,732.07,39066
1782330600,732.17,732.675,731.53,732.59,66595
1782330720,732.58,733.09,732.48,732.97,47479
1782330840,732.94,733.03,732.34,732.79,98209
1782330960,732.78,732.82,732.1,732.37,89391
1782331080,732.37,733.34,732.14,733.16,337083
1782394200,738.97,739.36,738,738.06,87487
1782394320,738.06,738.06,736.96,737.1,51120
1782394440,737.12,737.85,736.84,737.66,60883
1782394560,737.72,738.03,737.22,737.32,39167
1782394680,737.35,737.38,736.88,736.96,42639
1782394800,736.98,737.11,735.97,736.01,44672
1782394920,736.04,736.09,734.09,734.21,63563
1782395040,734.25,734.82,733.33,733.58,57746
1782395160,733.56,733.59,732.03,732.31,85190
1782395280,732.33,733,731.549,732.91,78144
1782395400,732.89,733.67,732,732.131,72179
1782395520,732.32,732.48,731.1,731.21,82041
1782395640,731.25,731.68,729.64,730.24,96499
1782395760,730.25,731.19,730.07,730.7,86018
1782395880,731.13,731.19,729.63,729.87,49065
1782396000,729.85,731.81,729.63,731.52,71062
1782396120,731.44,733.53,731.23,733.12,58003
1782396240,733.13,734.53,732.83,733.75,69669
1782396360,733.78,734.79,733.49,734.509,68827
1782396480,734.46,735.01,734.1,734.91,41163
1782396600,734.93,735.85,734.88,735.45,65001
1782396720,735.45,735.63,734.14,734.49,56986
1782396840,734.49,734.92,733.91,733.92,35470
1782396960,733.99,734.4,733.17,734.03,41068
1782397080,734.04,735.67,733.64,735.56,36087
1782397200,735.52,736.5,735.41,736.34,52409
1782397320,736.28,736.4,734.89,735.269,36241
1782397440,735.23,735.51,734.51,735.26,35987
1782397560,735.27,735.91,734.83,735.07,43965
1782397680,735.11,735.73,734.86,735.47,18756
1782397800,735.44,736.1,735.32,735.73,37606
1782397920,735.67,737.11,735.55,736.53,49986
1782398040,736.55,736.63,735.75,736.21,28228
1782398160,736.21,736.72,735.6,735.83,21736
1782398280,735.89,736.84,735.79,736.65,32867
1782398400,736.6,736.76,735.83,735.94,18925
1782398520,735.92,736,735.11,735.19,34001
1782398640,735.24,735.62,734.75,735.25,47118
1782398760,735.22,735.55,734.96,735.38,31679
1782398880,735.42,736.58,735.39,736.36,22700
1782399000,736.31,737.34,736.02,737.26,40694
1782399120,737.24,737.8,737.04,737.19,32701
1782399240,737.25,737.81,737.2,737.23,30803
1782399360,737.14,737.27,735.25,735.31,47574
1782399480,735.39,735.935,735.03,735.27,52381
1782399600,735.26,735.84,734.86,735.44,28701
1782399720,735.5,735.92,735.2,735.52,19732
1782399840,735.51,736.51,735.16,735.31,40474
1782399960,735.27,735.46,734.61,734.95,47032
1782400080,734.96,735.28,734.58,734.8,22132
1782400200,734.74,734.87,733.7,733.91,40160
1782400320,733.871,734.03,732.86,733.02,48273
1782400440,733.09,733.21,731.86,732.31,53594
1782400560,732.32,733.05,731.85,732.88,56678
1782400680,732.86,733.88,732.8,733.67,35932
1782400800,733.64,734.22,732.95,734.2,38381
1782400920,734.19,734.38,733.73,734.11,23816
1782401040,734.07,734.83,734.07,734.2,19310
1782401160,734.19,734.83,733.79,734.61,16045
1782401280,734.62,734.66,733.93,734.29,24914
1782401400,734.32,734.96,734.16,734.72,20589
1782401520,734.749,735.47,734.66,735.03,22192
1782401640,735.01,735.09,734.13,734.49,14785
1782401760,734.52,734.95,734.48,734.589,14521
1782401880,734.57,734.74,734.2,734.24,18945
1782402000,734.22,734.49,733.92,734.309,15535
1782402120,734.26,734.7,734.04,734.35,12346
1782402240,734.36,735.55,734.36,735.43,22888
1782402360,735.42,735.78,735.37,735.47,13695
1782402480,735.51,735.51,734.32,734.45,15444
1782402600,734.42,734.97,734.11,734.49,14225
1782402720,734.42,734.53,734.13,734.37,11076
1782402840,734.34,734.83,734.34,734.59,8875
1782402960,734.55,734.95,734.42,734.67,9274
1782403080,734.559,734.56,734,734.13,9098
1782403200,734.16,734.41,733.67,734.14,15979
1782403320,734.08,734.08,733.73,733.89,9579
1782403440,733.9,734.57,733.89,734.37,16993
1782403560,734.33,735.25,734.29,734.86,19229
1782403680,734.92,735.39,734.735,735.33,22278
1782403800,735.33,736.15,735.22,735.51,16768
1782403920,735.59,735.92,735.26,735.88,15011
1782404040,735.87,736.03,735.61,735.95,15529
1782404160,735.9,736.25,735.8,735.989,25039
1782404280,735.99,736.12,735.45,735.51,17024
1782404400,735.51,735.75,735.24,735.6,13740
1782404520,735.62,735.72,734.44,734.48,10081
1782404640,734.5,734.66,733.99,734.18,12225
1782404760,734.14,734.44,734.04,734.19,4872
1782404880,734.17,734.33,733.96,734.21,5975
1782405000,734.21,734.24,733.42,733.45,11817
1782405120,733.47,733.68,732.97,733.4,16120
1782405240,733.41,733.43,732.86,733.22,18693
1782405360,733.23,733.59,732.98,733.16,11486
1782405480,733.11,733.2,732.69,732.82,9995
1782405600,732.77,732.95,732.42,732.42,12618
1782405720,732.47,732.77,732.22,732.23,12495
1782405840,732.25,732.33,731.55,731.65,19403
1782405960,731.66,732.62,731.53,732.37,28714
1782406080,732.43,732.91,732.38,732.8,19985
1782406200,732.81,732.99,732.52,732.55,14395
1782406320,732.53,733.08,732.289,732.719,8625
1782406440,732.7,732.93,732.1,732.31,20266
1782406560,732.34,732.62,732.08,732.12,8894
1782406680,732.15,732.57,732.14,732.57,7010
1782406800,732.57,733,732.52,732.92,21565
1782406920,732.96,733.01,732.6,732.82,8999
1782407040,732.82,732.92,732.37,732.55,16057
1782407160,732.49,732.53,732.16,732.52,5804
1782407280,732.52,732.81,732.5,732.7,6602
1782407400,732.69,733.74,732.69,733.39,30597
1782407520,733.44,733.52,732.95,733.44,11067
1782407640,733.43,734.1,733.16,734.03,16540
1782407760,733.98,734.22,733.49,733.68,13367
1782407880,733.65,733.65,732.49,732.49,19092
1782408000,732.55,733.01,732.07,732.82,21353
1782408120,732.85,732.99,732.46,732.81,19119
1782408240,732.81,733.18,732.8,732.99,6743
1782408360,733.07,733.65,733.07,733.45,6061
1782408480,733.45,733.45,732.99,733.26,9938
1782408600,733.27,733.52,733.09,733.11,5967
1782408720,733.13,733.27,732.62,733.03,11558
1782408840,732.98,733.3,732.82,733.18,11238
1782408960,733.12,733.55,733,733.15,14285
1782409080,733.1,733.49,733.07,733.34,12406
1782409200,733.32,733.79,733.29,733.44,26707
1782409320,733.42,733.51,732.8,732.8,10948
1782409440,732.76,732.76,732.06,732.15,12868
1782409560,732.13,732.485,731.73,731.985,14362
1782409680,731.94,732.02,731.65,731.89,13809
1782409800,731.83,732.05,731.6,731.75,12670
1782409920,731.74,732.68,731.74,732.55,10458
1782410040,732.54,732.81,732.38,732.79,5522
1782410160,732.76,733.15,732.36,733.13,19875
1782410280,733.08,733.57,733.08,733.47,19300
1782410400,733.44,733.52,733.06,733.14,18643
1782410520,733.13,733.13,731.42,731.55,55780
1782410640,731.55,732.23,731.4,732.17,51066
1782410760,732.17,733.17,732.13,733.01,13992
1782410880,733.03,733.59,732.87,733.39,23749
1782411000,733.42,733.77,733.28,733.74,11065
1782411120,733.73,733.97,732.98,733.09,16066
1782411240,733.05,733.33,732.9,733.16,9559
1782411360,733.27,734,733.27,733.86,13597
1782411480,733.85,735.35,733.81,734.82,48371
1782411600,734.82,735.2,734.22,734.45,18229
1782411720,734.47,734.89,734.4,734.88,20648
1782411840,734.86,735.57,734.8,735.56,36423
1782411960,735.48,735.7,735.37,735.7,20119
1782412080,735.67,736.05,735.58,735.79,20155
1782412200,735.83,735.83,734.7,734.92,22473
1782412320,734.94,734.99,734.01,734.16,25120
1782412440,734.17,734.31,733.6,734.11,19667
1782412560,734.11,734.5,733.98,734.5,31064
1782412680,734.42,734.67,734.06,734.48,17241
1782412800,734.44,734.51,733.91,733.93,14266
1782412920,733.95,734.28,733.87,734.18,6903
1782413040,734.21,734.25,733.27,733.44,20021
1782413160,733.45,733.6,732.69,733.15,24279
1782413280,733.12,733.58,732.98,733.565,7091
1782413400,733.55,733.91,733.44,733.45,9765
1782413520,733.47,734.37,733.4,733.98,14325
1782413640,733.97,734.08,733.58,733.86,11209
1782413760,733.88,733.97,733.53,733.86,73944
1782413880,733.84,734.07,733.59,733.87,24028
1782414000,733.9,733.9,733.37,733.4,9081
1782414120,733.4,733.47,732.73,733.09,17906
1782414240,733.13,733.18,732.76,732.85,12695
1782414360,732.82,733.22,732.74,733.16,13284
1782414480,733.15,733.23,732.87,733.09,21488
1782414600,733.08,733.23,732.83,732.87,15125
1782414720,732.85,732.95,732.35,732.48,20241
1782414840,732.48,732.61,732.03,732.24,75413
1782414960,732.24,732.63,731.84,731.97,10789
1782415080,731.96,732.29,731.89,732.25,10754
1782415200,732.25,732.52,732.03,732.24,12440
1782415320,732.32,732.6,732.13,732.45,13076
1782415440,732.44,732.86,732.39,732.6,10836
1782415560,732.69,732.7,732.27,732.27,9127
1782415680,732.29,732.66,732.04,732.46,40166
1782415800,732.37,732.49,731.77,731.9,35295
1782415920,731.92,732.23,731.82,732.06,23093
1782416040,731.99,732.28,731.89,731.9,18176
1782416160,731.91,732.15,731.7,731.97,21998
1782416280,731.97,732.12,731.72,732.12,24354
1782416400,732.12,732.33,731.6,732.05,38005
1782416520,732.04,732.26,731.85,732.1,29848
1782416640,732.1,732.21,731.59,731.66,37486
1782416760,731.65,732.01,731.47,731.66,58966
1782416880,731.65,731.8,731.36,731.75,59682
1782417000,731.76,732.09,731.33,731.91,103389
1782417120,731.9,732.61,731.9,732.39,40124
1782417240,732.37,732.86,732.18,732.41,53544
1782417360,732.41,732.67,732.17,732.255,52181
1782417480,732.27,733.34,731.94,733.34,305102
1782480600,728.945,729.41,727.99,729.28,128726
1782480720,729.29,729.65,727.24,727.26,104897
1782480840,727.32,728.83,726.86,728.64,80759
1782480960,728.63,729.11,727.89,728.29,41973
1782481080,728.27,728.81,727.96,728.13,43988
1782481200,728.11,728.46,727.73,728.16,43011
1782481320,728.12,729.42,728.06,729.02,43259
1782481440,729.04,729.44,727.97,728.1,54496
1782481560,728.11,729.76,728.02,729.27,60941
1782481680,729.28,729.8,728.46,728.65,41623
1782481800,728.68,729.65,728.67,729.42,56951
1782481920,729.4,729.47,728.51,728.78,42243
1782482040,728.78,729.78,728.74,729.44,30283
1782482160,729.46,731.31,729.3,731.11,72482
1782482280,731.12,731.17,730.41,730.88,45469
1782482400,730.88,731.99,730.64,731.65,68096
1782482520,731.59,731.91,731.23,731.75,51324
1782482640,731.72,732.63,731.68,732.3,49624
1782482760,732.32,732.97,732.24,732.64,46034
1782482880,732.69,733.15,732.64,733,31093
1782483000,732.99,733.23,732.4,732.64,61267
1782483120,732.63,733.42,732.49,733.32,44654
1782483240,733.32,733.42,732.93,733.06,21596
1782483360,733.09,733.57,732.44,732.48,24400
1782483480,732.52,732.93,732.5,732.6,38039
1782483600,732.62,734.23,732.46,733.75,51792
1782483720,733.76,733.89,733.44,733.48,20778
1782483840,733.44,733.85,733.33,733.69,35394
1782483960,733.72,733.91,733.34,733.8,28114
1782484080,733.8,733.93,733.25,733.49,23520
1782484200,733.48,733.93,733.29,733.48,31387
1782484320,733.53,733.63,733.03,733.27,32114
1782484440,733.28,733.79,732.9,732.94,16566
1782484560,732.94,733,732.34,732.38,50993
1782484680,732.39,732.68,732.13,732.18,23428
1782484800,732.18,732.56,731.6,732.36,44578
1782484920,732.39,733.08,732.23,732.36,22752
1782485040,732.4,732.57,732.05,732.35,10610
1782485160,732.35,733.02,732.35,732.79,17281
1782485280,732.87,733.38,732.63,732.89,28756
1782485400,732.9,733.2,732.67,732.87,19996
1782485520,732.85,732.94,732.325,732.325,16769
1782485640,732.32,732.67,732.13,732.16,16040
1782485760,732.19,732.89,731.86,732.65,13738
1782485880,732.67,732.97,732.28,732.45,12574
1782486000,732.49,733.36,732.49,733.09,15363
1782486120,733.06,733.39,732.79,733.22,13365
1782486240,733.24,733.26,732.38,732.48,21122
1782486360,732.47,732.76,732.27,732.74,16467
1782486480,732.76,733.14,732.36,733.06,17231
1782486600,733.06,733.2,732.38,732.5,13785
1782486720,732.49,732.54,732.02,732.18,19113
1782486840,732.18,732.23,731.62,731.88,24272
1782486960,731.82,733.1,731.77,732.86,24225
1782487080,732.78,733.22,732.59,733.05,22178
1782487200,733.03,733.37,732.85,733.1,17710
1782487320,733.12,733.84,733.02,733.67,18860
1782487440,733.7,734.2,733.49,734.12,18549
1782487560,734.109,734.34,733.97,734,16412
1782487680,734.01,734.65,733.78,734.65,16236
1782487800,734.69,735.61,734.67,735.21,33232
1782487920,735.2,735.2,734.5,734.54,17167
1782488040,734.54,734.89,734.38,734.83,17369
1782488160,734.82,735.86,734.76,735.59,18980
1782488280,735.64,735.96,735.44,735.75,24702
1782488400,735.8,735.98,735.54,735.54,22359
1782488520,735.57,736.52,735.55,736.33,37628
1782488640,736.34,736.48,736.085,736.1,31404
1782488760,736.09,736.19,735.57,735.71,11589
1782488880,735.675,735.85,735.55,735.57,16339
1782489000,735.58,736.04,734.38,734.62,70519
1782489120,734.64,735.23,734.63,734.79,24714
1782489240,734.8,735.07,734.17,735.02,34564
1782489360,735.03,735.86,735.03,735.6,20917
1782489480,735.57,735.63,735.09,735.39,21593
1782489600,735.4,735.51,735.14,735.33,13817
1782489720,735.33,735.49,735.08,735.2,19977
1782489840,735.18,735.44,734.99,735.1,26200
1782489960,735.11,735.23,734.8,734.83,21923
1782490080,734.82,734.89,734.12,734.25,17183
1782490200,734.24,734.49,734.07,734.28,18408
1782490320,734.22,734.28,733.8,734.05,13129
1782490440,734.12,734.26,733.88,734.13,10936
1782490560,734.11,734.63,733.88,734.241,12853
1782490680,734.23,734.31,733.78,733.98,11773
1782490800,734.04,734.12,732.77,732.94,43431
1782490920,732.97,733.33,732.81,733.26,19039
1782491040,733.25,733.581,733.18,733.27,12857
1782491160,733.25,733.59,733.12,733.51,12179
1782491280,733.51,733.62,733.26,733.42,18684
1782491400,733.46,734.1,733.46,733.99,54584
1782491520,733.97,734.47,733.83,734.29,13225
1782491640,734.26,734.77,734.25,734.56,9522
1782491760,734.56,734.77,734.28,734.55,13214
1782491880,734.56,734.7,734.31,734.41,10197
1782492000,734.4,734.65,734.08,734.3,11582
1782492120,734.31,734.61,734.19,734.41,12205
1782492240,734.36,734.61,733.93,734.18,12897
1782492360,734.09,734.29,733.861,734.16,8030
1782492480,734.18,734.38,734.11,734.35,12065
1782492600,734.36,734.79,734.28,734.56,18443
1782492720,734.57,734.8,734.44,734.8,4981
1782492840,734.81,734.9,734.32,734.4,7919
1782492960,734.4,734.49,734.3,734.36,4691
1782493080,734.37,734.53,734.26,734.46,5254
1782493200,734.47,735.09,734.19,734.99,11251
1782493320,734.975,735.19,734.89,734.94,12659
1782493440,734.9,735.16,734.81,735.08,14141
1782493560,735.03,735.16,734.94,734.98,8013
1782493680,734.97,735.79,734.97,735.66,18533
1782493800,735.62,735.86,735.25,735.3,25149
1782493920,735.28,735.37,734.94,734.99,8110
1782494040,734.94,735.14,734.64,734.69,14252
1782494160,734.7,734.97,734.335,734.39,8489
1782494280,734.35,734.63,734.31,734.44,14955
1782494400,734.45,734.6,733.98,734.33,10400
1782494520,734.34,734.61,733.99,734.05,12610
1782494640,734.03,734.18,733.8,733.9,13837
1782494760,733.9,734.73,733.83,734.67,11787
1782494880,734.67,734.98,734.67,734.74,13707
1782495000,734.725,735.38,734.5,734.53,16320
1782495120,734.56,734.9,734.45,734.83,13414
1782495240,734.8,734.97,734.15,734.33,7338
1782495360,734.34,734.5,734.15,734.32,13217
1782495480,734.31,734.39,734,734.02,7403
1782495600,734.03,734.1,733.62,733.81,14909
1782495720,733.82,734.525,733.78,734.32,11729
1782495840,734.32,734.47,734.18,734.27,6086
1782495960,734.29,734.37,734.12,734.23,4003
1782496080,734.21,734.41,733.85,733.86,9069
1782496200,733.86,734.09,733.8,734.09,10576
1782496320,734.08,734.21,733.96,734,8349
1782496440,733.98,734.32,733.78,733.78,20274
1782496560,733.77,733.79,733.46,733.67,14728
1782496680,733.67,734.01,733.65,733.67,10160
1782496800,733.69,734.05,733.66,733.88,13891
1782496920,733.91,734.11,733.74,734.09,12025
1782497040,734.15,734.5,734.09,734.37,18421
1782497160,734.42,734.59,734.05,734.07,13083
1782497280,734.08,734.39,734.06,734.18,10194
1782497400,734.15,734.33,733.91,734.33,13896
1782497520,734.32,734.42,733.97,733.98,9136
1782497640,733.98,734.21,733.82,733.84,13107
1782497760,733.86,733.89,733.54,733.65,14156
1782497880,733.65,733.78,733.25,733.4,28969
1782498000,733.4,733.62,733.23,733.5,12175
1782498120,733.49,733.67,733.39,733.53,28628
1782498240,733.53,733.665,733.36,733.46,16798
1782498360,733.46,733.6,733,733.12,20102
1782498480,733.1,733.11,732.74,732.85,73668
1782498600,732.84,733.05,732.77,732.92,26013
1782498720,732.93,733.66,732.93,733.66,28461
1782498840,733.65,733.65,733.16,733.17,11749
1782498960,733.18,733.21,732.79,732.86,63364
1782499080,732.91,733.01,732.73,732.9,31657
1782499200,732.92,733.08,732.76,732.89,13803
1782499320,732.87,733,732.83,732.99,13072
1782499440,732.95,733.15,732.3,732.53,53508
1782499560,732.55,732.56,732.03,732.2,55235
1782499680,732.18,732.21,731.76,732.02,60294
1782499800,732.03,732.03,731.61,731.75,51093
1782499920,731.72,732.12,731.65,731.91,41490
1782500040,731.9,732.13,731.73,732.07,30478
1782500160,732.1,732.12,731.28,731.48,38609
1782500280,731.48,731.73,731.47,731.62,32859
1782500400,731.63,732.1,731.53,731.96,46556
1782500520,731.96,732.05,731.58,731.6,25334
1782500640,731.59,731.66,731.34,731.5,36537
1782500760,731.5,732.17,731.43,731.87,20627
1782500880,731.86,732.46,731.86,732.35,26561
1782501000,732.34,732.45,732.02,732.29,26147
1782501120,732.27,732.45,732.12,732.37,19736
1782501240,732.37,732.81,732.36,732.75,20721
1782501360,732.76,732.76,732.44,732.65,23360
1782501480,732.65,732.98,732.64,732.79,31298
1782501600,732.75,732.88,732.41,732.41,20676
1782501720,732.41,732.48,731.78,732.04,30442
1782501840,732.03,732.48,732.02,732.31,20117
1782501960,732.26,732.41,732.11,732.33,21780
1782502080,732.33,732.42,732.11,732.18,12996
1782502200,732.2,732.26,731.76,731.85,23200
1782502320,731.87,732.82,731.83,732.68,66511
1782502440,732.63,732.87,732.43,732.55,79064
1782502560,732.53,732.85,732.29,732.6,64929
1782502680,732.56,732.59,732.3,732.34,14946
1782502800,732.33,732.66,732.33,732.45,27977
1782502920,732.47,733.25,732.43,733.23,32641
1782503040,733.24,733.34,733.09,733.32,30966
1782503160,733.33,733.87,733.18,733.23,52423
1782503280,733.22,733.25,732.72,733.05,60901
1782503400,733.06,733.67,732.54,733,99491
1782503520,732.99,733.49,732.78,733.11,54797
1782503640,733.13,733.36,732.8,733.13,115015
1782503760,733.13,733.57,732.94,733.34,95490
1782503880,733.33,733.59,716.58,731.23,788064
1782739800,736.525,737.29,735.3,737.09,105808
1782739920,737.05,738.43,737.05,738.14,71060
1782740040,738.11,738.76,738.06,738.15,72658
1782740160,738.14,738.15,736.93,737.48,42625
1782740280,737.48,738.03,737.08,738.03,22235
1782740400,737.94,738.6,737.39,738.23,34896
1782740520,738.22,738.74,738.13,738.58,17773
1782740640,738.64,739.73,738.53,739.69,57179
1782740760,739.64,739.73,739.03,739.3,45582
1782740880,739.31,739.45,738.78,738.8,34272
1782741000,738.83,739.71,738.36,739.61,36150
1782741120,739.61,739.9,739.33,739.39,32214
1782741240,739.36,739.53,737.679,737.679,31376
1782741360,737.7,737.97,736.83,736.93,56893
1782741480,736.93,737.15,736.43,736.86,42396
1782741600,737.05,737.07,735.92,736.51,66344
1782741720,736.49,736.88,736.14,736.42,26258
1782741840,736.47,736.47,735.49,735.64,38607
1782741960,735.64,736.16,734.83,734.9,44317
1782742080,734.88,735.48,734.67,735.04,56918
1782742200,735.03,735.32,734.13,734.6,44101
1782742320,734.59,734.74,733.22,733.35,61847
1782742440,733.34,733.52,732.09,733.04,69916
1782742560,733.06,733.94,732.64,733.21,56721
1782742680,733.23,733.87,732.71,733.66,47311
1782742800,733.75,734.19,733.35,734.09,41659
1782742920,734.2,734.58,733.56,733.75,46792
1782743040,733.74,735,733.41,734.91,64368
1782743160,734.92,735.48,734.91,735.29,49187
1782743280,735.27,736.17,735.21,736.02,52103
1782743400,736.08,736.89,735.94,736.72,53158
1782743520,736.77,737.49,736.17,737.35,45805
1782743640,737.37,737.65,737.01,737.43,31112
1782743760,737.45,737.5,736.919,737.35,27829
1782743880,737.36,737.72,736.88,737.14,36358
1782744000,737.12,737.61,736.82,737.28,20506
1782744120,737.27,737.83,737.2,737.56,16151
1782744240,737.569,737.57,736.36,736.55,29037
1782744360,736.59,736.77,736.03,736.03,22885
1782744480,736.02,736.91,735.89,736.69,41543
1782744600,736.65,737.5,736.63,737.46,27658
1782744720,737.42,738.01,737.16,737.96,24800
1782744840,737.92,738.32,737.33,737.72,41437
1782744960,737.76,737.97,737.14,737.33,17860
1782745080,737.34,737.87,737.18,737.87,15985
1782745200,737.89,738,737.44,737.55,34547
1782745320,737.56,737.64,737.2,737.61,30731
1782745440,737.59,737.61,737.01,737.27,12488
1782745560,737.27,737.51,737.15,737.219,13058
1782745680,737.22,737.41,737.01,737.18,11577
1782745800,737.23,737.33,736.86,736.93,12236
1782745920,736.92,737.15,736.5,737.039,26860
1782746040,737.04,737.74,736.84,737.64,15151
1782746160,737.62,737.65,737.09,737.23,12131
1782746280,737.17,737.27,736.91,736.97,21556
1782746400,736.95,737.39,736.71,737.35,11999
1782746520,737.33,737.49,736.62,736.7,12319
1782746640,736.67,736.85,736.37,736.78,24449
1782746760,736.78,737.48,736.78,737.39,12912
1782746880,737.38,737.8,737.24,737.76,16255
1782747000,737.75,738.03,737.52,737.8,28495
1782747120,737.82,737.98,737.62,737.78,20050
1782747240,737.78,737.9,737.23,737.49,19687
1782747360,737.43,737.88,737.38,737.87,8790
1782747480,737.85,738.16,737.77,738.01,14999
1782747600,738,738.16,737.74,738.16,14973
1782747720,738.17,738.35,737.93,738.24,15712
1782747840,738.26,738.47,738.17,738.2,17763
1782747960,738.17,738.25,737.96,738.16,17516
1782748080,738.15,738.23,737.78,737.89,30093
1782748200,737.92,738.16,737.82,738.03,14216
1782748320,738.039,738.1,737.87,737.95,8439
1782748440,737.93,738.25,737.76,738.19,11883
1782748560,738.21,738.24,737.85,738.13,9113
1782748680,738.13,738.58,738.06,738.54,16441
1782748800,738.53,738.86,738.46,738.849,29797
1782748920,738.83,738.865,738.57,738.73,17319
1782749040,738.72,739.14,738.64,738.87,33653
1782749160,738.86,739.01,738.7,738.8,12549
1782749280,738.85,738.93,738.66,738.8,23257
1782749400,738.83,738.99,738.62,738.62,11011
1782749520,738.61,738.68,738.46,738.48,11934
1782749640,738.47,738.82,738.44,738.64,21426
1782749760,738.685,738.77,738.44,738.51,11062
1782749880,738.53,738.68,738.49,738.58,5343
1782750000,738.54,738.68,738.38,738.4,8011
1782750120,738.41,738.77,738.4,738.75,10569
1782750240,738.81,738.85,738.51,738.56,13968
1782750360,738.53,738.62,738.36,738.51,9751
1782750480,738.49,738.57,738.28,738.32,28649
1782750600,738.34,738.51,738.21,738.28,7954
1782750720,738.25,738.29,737.98,738,16222
1782750840,737.99,738.29,737.98,738.21,14493
1782750960,738.21,738.41,738.01,738.41,26225
1782751080,738.385,738.45,738.24,738.44,11647
1782751200,738.46,738.57,738.33,738.52,12694
1782751320,738.49,738.53,738.32,738.42,11716
1782751440,738.44,738.61,738.42,738.569,7384
1782751560,738.57,738.63,738.2,738.23,8180
1782751680,738.29,738.53,738.25,738.51,8566
1782751800,738.51,738.71,738.41,738.57,14153
1782751920,738.59,738.86,738.53,738.86,10271
1782752040,738.85,738.95,738.69,738.79,10654
1782752160,738.79,738.885,738.62,738.69,9898
1782752280,738.69,738.8,738.64,738.68,14099
1782752400,738.69,739.01,738.69,738.91,11524
1782752520,738.95,739.07,738.9,739,7084
1782752640,738.99,739.2,738.94,739.19,9504
1782752760,739.2,739.22,739.06,739.1,6523
1782752880,739.12,739.38,739.04,739.28,8095
1782753000,739.28,739.51,739.27,739.5,14710
1782753120,739.5,740.12,739.46,739.99,44934
1782753240,739.97,740.2,739.95,740.05,44855
1782753360,740.05,740.32,739.88,740.12,20146
1782753480,740.1,740.22,739.99,740.07,14104
1782753600,740.07,740.37,739.76,739.77,33102
1782753720,739.76,739.84,739.52,739.57,24588
1782753840,739.57,739.81,739.47,739.81,38250
1782753960,739.799,739.91,739.72,739.73,21057
1782754080,739.73,740.18,739.71,740.135,27052
1782754200,740.14,740.62,740.07,740.56,22518
1782754320,740.57,740.595,739.98,740.14,18086
1782754440,740.15,740.42,740.1,740.3,10079
1782754560,740.29,740.41,740.21,740.22,17267
1782754680,740.22,740.31,739.99,740.31,14277
1782754800,740.31,740.43,740.28,740.305,4663
1782754920,740.34,740.45,740.29,740.3,8142
1782755040,740.305,740.35,740.1,740.35,14551
1782755160,740.35,740.52,740.27,740.5,12132
1782755280,740.48,740.59,740.46,740.49,3266
1782755400,740.52,740.55,740.39,740.52,16385
1782755520,740.52,740.79,740.48,740.75,14297
1782755640,740.77,740.84,740.54,740.59,12455
1782755760,740.59,740.69,740.38,740.42,8433
1782755880,740.42,740.47,740.17,740.41,16303
1782756000,740.4,740.6,740.23,740.57,27341
1782756120,740.56,740.67,740.43,740.61,12167
1782756240,740.62,740.77,740.53,740.69,10762
1782756360,740.72,740.73,740.55,740.64,11880
1782756480,740.65,740.65,740.44,740.519,11657
1782756600,740.52,740.7,740.43,740.489,9184
1782756720,740.48,740.61,740.43,740.6,10829
1782756840,740.58,740.67,740.51,740.55,12835
1782756960,740.54,740.54,740.36,740.44,32488
1782757080,740.46,740.61,740.37,740.42,11163
1782757200,740.43,740.44,740.19,740.4,20625
1782757320,740.4,740.56,740.4,740.48,12234
1782757440,740.48,740.49,740.26,740.289,9891
1782757560,740.29,740.37,740.25,740.35,9005
1782757680,740.3,740.33,740.12,740.21,25608
1782757800,740.21,740.36,740.16,740.23,27280
1782757920,740.24,740.62,740.24,740.62,15028
1782758040,740.62,740.92,740.57,740.82,10802
1782758160,740.785,740.88,740.62,740.65,18020
1782758280,740.67,740.79,740.54,740.79,11231
1782758400,740.795,740.85,740.68,740.74,7070
1782758520,740.75,740.91,740.71,740.91,13333
1782758640,740.89,741.18,740.87,741.16,26058
1782758760,741.12,741.18,740.91,740.93,11377
1782758880,740.94,741.03,740.87,740.94,24874
1782759000,740.94,740.95,740.74,740.74,11929
1782759120,740.74,740.94,740.69,740.92,72349
1782759240,740.93,740.94,740.75,740.76,16342
1782759360,740.77,740.87,740.69,740.69,21667
1782759480,740.69,740.71,740.57,740.69,19984
1782759600,740.69,740.91,740.56,740.76,22815
1782759720,740.78,740.82,740.5,740.65,25114
1782759840,740.66,740.77,740.52,740.64,24611
1782759960,740.64,740.98,740.62,740.89,19578
1782760080,740.881,740.92,740.76,740.76,22191
1782760200,740.76,740.8,740.65,740.68,29342
1782760320,740.69,740.71,740.55,740.56,30664
1782760440,740.57,740.66,740.47,740.5,58033
1782760560,740.52,740.56,740.34,740.56,98191
1782760680,740.55,740.79,740.53,740.66,25168
1782760800,740.64,740.92,740.64,740.889,18408
1782760920,740.88,741.11,740.86,741.11,28377
1782761040,741.12,741.12,740.88,740.95,21864
1782761160,740.98,741.02,740.86,740.95,24161
1782761280,740.97,741.04,740.88,740.88,25608
1782761400,740.88,740.9,740.62,740.68,19517
1782761520,740.66,740.71,740.5,740.52,18305
1782761640,740.49,740.69,740.44,740.62,70383
1782761760,740.63,740.7,740.56,740.63,21300
1782761880,740.63,740.75,740.56,740.72,30949
1782762000,740.72,740.99,740.61,740.75,45207
1782762120,740.74,740.79,740.55,740.59,31630
1782762240,740.59,740.75,740.46,740.705,47873
1782762360,740.68,740.77,740.61,740.66,36626
1782762480,740.66,740.89,740.6,740.83,83935
1782762600,740.89,741.01,740.32,740.37,103980
1782762720,740.37,740.53,740.24,740.35,128192
1782762840,740.35,740.58,740.24,740.36,94400
1782762960,740.365,740.65,740.3,740.52,117283
1782763080,740.53,741.56,740.51,740.89,415626
1782826200,741.26,741.97,740.97,741.61,56902
1782826320,741.6,741.62,740.9,741.15,72853
1782826440,741.16,742.09,740.95,742.05,63426
1782826560,742.04,742.04,741.48,741.85,55596
1782826680,741.86,741.86,741.41,741.5,30005
1782826800,741.47,742.05,741.25,742.05,50247
1782826920,742.05,742.3,741.6,742.11,76403
1782827040,742.07,742.3,741.61,742.19,41259
1782827160,742.16,742.28,741.67,741.81,26438
1782827280,741.82,742.21,741.76,742.01,28944
1782827400,741.99,743.04,741.91,742.94,82324
1782827520,742.94,743.46,742.91,743.22,69082
1782827640,743.22,743.7,743.07,743.67,49587
1782827760,743.66,743.72,743.45,743.52,23258
1782827880,743.5,743.96,743.36,743.92,30580
1782828000,743.92,743.92,742.86,743.63,65958
1782828120,743.61,744.43,743.5,744.37,33321
1782828240,744.35,744.53,744.05,744.16,19466
1782828360,744.08,744.13,743.56,743.71,17105
1782828480,743.68,743.84,743.39,743.55,19284
1782828600,743.52,743.88,743.18,743.72,38684
1782828720,743.71,743.74,743.23,743.57,15079
1782828840,743.52,743.78,743.47,743.66,20419
1782828960,743.66,743.84,743.32,743.58,17994
1782829080,743.65,743.84,743.41,743.58,10182
1782829200,743.57,743.92,743.48,743.84,10965
1782829320,743.83,744.46,743.82,744.44,19356
1782829440,744.43,744.43,744.02,744.21,18248
1782829560,744.21,744.56,744.151,744.531,7740
1782829680,744.51,744.575,744.36,744.48,13972
1782829800,744.46,745.11,744.45,745.03,34184
1782829920,745.03,745.2,744.92,745.05,15891
1782830040,745.03,745.35,744.98,745.05,12592
1782830160,745.05,745.11,744.75,744.88,29254
1782830280,744.89,744.96,744.34,744.551,16562
1782830400,744.56,744.93,744.37,744.37,16553
1782830520,744.35,744.47,744.16,744.44,22911
1782830640,744.49,744.8,744.49,744.63,19187
1782830760,744.66,744.66,744,744.02,26760
1782830880,743.98,744.09,743.67,743.9,7262
1782831000,743.89,744.27,743.85,744.09,10787
1782831120,744.07,744.08,743.63,743.71,18183
1782831240,743.74,743.77,743.2,743.42,9169
1782831360,743.57,743.73,743.1,743.17,7603
1782831480,743.17,743.48,742.94,743.3,8977
1782831600,743.33,744.07,743.25,744.06,14086
1782831720,744.04,744.32,743.949,744.23,8757
1782831840,744.23,744.23,744,744.12,9315
1782831960,744.13,744.22,743.81,744.02,9080
1782832080,744.15,744.5,744.15,744.43,10431
1782832200,744.46,744.61,744.34,744.37,15178
1782832320,744.37,744.91,744.36,744.91,16002
1782832440,744.89,744.91,744.49,744.55,16800
1782832560,744.55,744.67,744.41,744.41,12459
1782832680,744.43,744.56,744.36,744.54,7691
1782832800,744.57,745.01,744.53,744.83,18043
1782832920,744.86,745.2,744.86,745.09,10065
1782833040,745.1,745.25,745,745.25,14764
1782833160,745.23,745.35,744.98,745.25,11891
1782833280,745.26,745.36,745.1,745.27,17375
1782833400,745.27,745.32,745.05,745.16,13752
1782833520,745.21,745.35,745.14,745.14,15459
1782833640,745.15,745.48,745.12,745.19,15734
1782833760,745.15,745.15,744.96,744.99,13096
1782833880,745,745.04,744.85,744.95,12781
1782834000,744.95,745.24,744.8,745.19,8509
1782834120,745.19,745.2,744.94,745.06,14212
1782834240,745.059,745.39,744.99,745.39,7875
1782834360,745.39,745.69,745.37,745.54,16545
1782834480,745.54,745.58,745.36,745.41,12892
1782834600,745.45,745.58,745.28,745.36,20751
1782834720,745.36,745.67,745.3,745.67,9642
1782834840,745.68,745.89,745.62,745.88,23773
1782834960,745.9,746,745.86,745.93,11945
1782835080,745.95,745.98,745.7,745.79,17705
1782835200,745.8,746.15,745.76,746.1,18532
1782835320,746.08,746.13,745.96,746.03,16182
1782835440,746.05,746.16,745.93,746.14,17326
1782835560,746.15,746.4,746.15,746.28,13299
1782835680,746.28,746.28,746.02,746.08,24423
1782835800,746.09,746.22,746.08,746.16,10147
1782835920,746.15,746.31,746.05,746.1,9991
1782836040,746.09,746.32,746.06,746.31,12120
1782836160,746.33,746.61,746.32,746.48,29384
1782836280,746.46,746.46,746.31,746.39,11529
1782836400,746.4,746.42,746.26,746.28,18877
1782836520,746.29,746.53,746.29,746.37,10854
1782836640,746.36,746.46,746.29,746.33,10584
1782836760,746.33,746.43,746.31,746.37,31637
1782836880,746.37,746.37,746.27,746.29,8838
1782837000,746.28,746.42,746.16,746.26,13257
1782837120,746.28,746.28,746.15,746.24,14275
1782837240,746.24,746.27,746.12,746.14,12505
1782837360,746.15,746.28,746.15,746.23,9897
1782837480,746.24,746.42,746.22,746.42,5582
1782837600,746.42,746.48,746.33,746.42,12235
1782837720,746.425,746.61,746.425,746.47,14941
1782837840,746.46,746.6,746.45,746.55,15560
1782837960,746.55,746.62,746.51,746.53,15124
1782838080,746.53,746.79,746.51,746.78,19293
1782838200,746.79,746.91,746.63,746.8,20458
1782838320,746.8,746.97,746.78,746.97,17817
1782838440,746.94,747.04,746.86,746.87,19977
1782838560,746.88,746.91,746.82,746.82,6212
1782838680,746.8,746.83,746.66,746.78,9185
1782838800,746.82,746.91,746.77,746.82,11617
1782838920,746.84,747.08,746.82,747.07,14590
1782839040,747.07,747.14,746.84,746.95,10918
1782839160,746.95,747.08,746.9,747.03,6320
1782839280,747.04,747.05,746.88,746.88,5881
1782839400,746.89,746.91,746.78,746.84,4219
1782839520,746.875,746.875,746.67,746.67,6224
1782839640,746.69,746.71,746.55,746.56,13668
1782839760,746.54,746.75,746.52,746.6,11507
1782839880,746.605,746.68,746.54,746.64,19040
1782840000,746.68,746.885,746.66,746.71,4857
1782840120,746.7,746.76,746.6,746.67,8363
1782840240,746.69,746.745,746.61,746.69,8218
1782840360,746.69,746.7,746.46,746.47,10992
1782840480,746.47,746.58,746.37,746.49,10338
1782840600,746.52,746.54,746.34,746.37,9803
1782840720,746.37,746.64,746.33,746.64,8749
1782840840,746.66,746.66,746.55,746.57,8992
1782840960,746.55,746.55,746.33,746.33,8042
1782841080,746.33,746.37,746.15,746.2,22348
1782841200,746.2,746.39,746.18,746.35,6365
1782841320,746.36,746.62,746.36,746.5,22386
1782841440,746.5,746.66,746.45,746.47,6072
1782841560,746.47,746.52,746.32,746.34,18135
1782841680,746.33,746.45,746.32,746.36,8326
1782841800,746.37,746.55,746.3,746.45,14156
1782841920,746.45,746.6,746.37,746.54,4929
1782842040,746.52,746.52,746.39,746.45,8058
1782842160,746.45,746.54,746.43,746.51,11788
1782842280,746.5,746.52,746.42,746.49,6905
1782842400,746.49,746.57,746.38,746.54,10963
1782842520,746.53,746.81,746.53,746.71,12828
1782842640,746.72,746.85,746.52,746.54,17178
1782842760,746.55,746.72,746.32,746.71,13918
1782842880,746.71,746.76,746.62,746.66,7984
1782843000,746.65,746.78,746.65,746.71,9651
1782843120,746.71,746.79,746.59,746.78,7441
1782843240,746.78,746.84,746.73,746.76,8788
1782843360,746.77,746.86,746.68,746.76,7095
1782843480,746.76,746.96,746.7,746.95,10538
1782843600,746.94,747.08,746.9,747.08,16192
1782843720,747.03,747.04,746.95,747,14460
1782843840,746.99,746.99,746.83,746.88,11631
1782843960,746.89,746.9,746.71,746.73,13460
1782844080,746.73,746.84,746.71,746.77,8912
1782844200,746.79,746.83,746.61,746.65,16141
1782844320,746.66,746.781,746.56,746.66,16284
1782844440,746.66,746.8,746.62,746.79,11419
1782844560,746.77,746.84,746.67,746.78,7452
1782844680,746.79,746.79,746.69,746.73,13882
1782844800,746.74,746.95,746.73,746.95,9112
1782844920,746.95,747.05,746.84,747.03,6750
1782845040,747.04,747.04,746.9,746.94,10118
1782845160,746.91,747,746.86,746.99,6618
1782845280,747,747.35,747,747.33,16820
1782845400,747.32,747.44,747.25,747.27,24894
1782845520,747.29,747.32,747.22,747.32,17213
1782845640,747.3,747.3,747,747.21,21399
1782845760,747.18,747.33,747.17,747.25,10207
1782845880,747.245,747.28,747.09,747.14,20865
1782846000,747.12,747.37,747.11,747.33,15294
1782846120,747.32,747.4,747.22,747.24,18169
1782846240,747.25,747.29,747.2,747.2,15766
1782846360,747.21,747.25,747.13,747.25,10736
1782846480,747.24,747.59,747.24,747.5,14350
1782846600,747.5,747.72,747.33,747.595,36877
1782846720,747.595,747.75,747.58,747.71,26146
1782846840,747.7,747.77,747.61,747.69,17824
1782846960,747.68,747.93,747.65,747.87,55608
1782847080,747.87,748.01,747.61,747.63,41923
1782847200,747.64,747.79,747.53,747.53,104355
1782847320,747.53,747.79,747.47,747.75,22738
1782847440,747.75,747.77,747.57,747.66,17604
1782847560,747.64,747.66,747.5,747.61,54113
1782847680,747.62,747.63,747.32,747.42,73208
1782847800,747.44,747.47,747.21,747.32,35669
1782847920,747.32,747.46,747.31,747.32,32719
1782848040,747.32,747.35,747.03,747.04,19889
1782848160,747,747.01,746.77,746.8,34475
1782848280,746.78,746.98,746.73,746.93,25284
1782848400,746.89,747.06,746.84,746.92,46158
1782848520,746.9,747.03,746.82,746.89,29177
1782848640,746.88,747.34,746.84,746.84,47532
1782848760,746.85,747.03,746.82,746.9,50606
1782848880,746.91,747.04,746.87,746.9,51519
1782849000,746.9,746.98,746.68,746.93,77243
1782849120,746.935,747.36,746.85,747.32,63267
1782849240,747.31,747.8,747.29,747.45,150060
1782849360,747.46,747.85,747.43,747.75,273778
1782849480,747.76,747.86,746.37,746.52,810373
1782912600,744.93,745.18,743.48,743.95,129787
1782912720,744,744.469,743.02,743.02,97215
1782912840,743.03,743.21,742.38,742.61,52569
1782912960,742.6,743.41,742.51,742.92,49689
1782913080,742.93,743.41,742.6,743.09,41921
1782913200,743.11,743.74,742.8,743.36,56391
1782913320,743.37,743.719,743.08,743.49,58767
1782913440,743.48,743.67,742.86,743.66,54423
1782913560,743.63,744.02,743.5,743.74,53567
1782913680,743.72,744.11,743.55,743.74,46392
1782913800,743.72,744.52,743.62,744.4,29918
1782913920,744.38,744.92,744.25,744.76,57728
1782914040,744.76,744.96,744.599,744.76,44756
1782914160,744.75,744.82,744.49,744.73,31415
1782914280,744.75,745.33,744.71,745.33,39405
1782914400,745.34,745.6,745,745.26,34016
1782914520,745.25,745.49,745.09,745.47,23844
1782914640,745.48,745.89,745.33,745.81,23843
1782914760,745.81,746.23,745.79,746.17,37351
1782914880,746.16,746.3,745.98,746.07,23916
1782915000,746.09,746.695,746.02,746.67,37317
1782915120,746.66,746.89,746.45,746.82,42134
1782915240,746.78,746.87,746.51,746.52,19433
1782915360,746.51,746.69,746.35,746.6,28135
1782915480,746.6,746.84,746.39,746.74,14209
1782915600,746.72,746.99,746.63,746.9,31426
1782915720,746.94,746.97,746.74,746.88,23415
1782915840,746.88,746.9,746.67,746.77,15359
1782915960,746.77,747.01,746.71,746.98,13349
1782916080,746.98,746.98,746.755,746.821,14215
1782916200,746.83,746.88,746.22,746.4,24907
1782916320,746.41,746.55,746.1,746.14,19080
1782916440,746.145,746.42,746.03,746.13,24360
1782916560,746.1,746.75,746,746.74,27658
1782916680,746.73,746.94,746.47,746.9,22397
1782916800,746.909,746.98,746.49,746.49,16402
1782916920,746.49,746.9,746.47,746.85,11622
1782917040,746.83,747.1,745.94,745.96,24481
1782917160,745.98,746.48,745.7,746.23,25239
1782917280,746.22,746.48,746.04,746.48,16069
1782917400,746.49,747.07,746.43,746.94,26322
1782917520,746.93,746.93,746.68,746.88,13400
1782917640,746.88,746.92,746.72,746.78,14824
1782917760,746.79,746.89,746.66,746.69,15738
1782917880,746.67,746.99,746.38,746.99,16912
1782918000,746.98,747.28,746.91,747.28,29919
1782918120,747.29,747.56,747.19,747.54,15199
1782918240,747.569,748.05,747.569,747.96,40821
1782918360,747.95,748.07,747.82,747.82,37506
1782918480,747.81,747.81,747.39,747.64,26348
1782918600,747.67,747.81,747.49,747.67,16336
1782918720,747.67,748.03,747.62,747.975,21042
1782918840,747.98,748.28,747.86,748.21,25788
1782918960,748.16,748.41,748.04,748.38,19492
1782919080,748.38,748.63,748.27,748.44,31175
1782919200,748.5,748.93,748.5,748.76,29209
1782919320,748.77,749.05,748.74,749.03,27707
1782919440,748.98,749.02,748.81,748.93,27851
1782919560,748.93,749.04,748.85,749.01,60479
1782919680,748.99,749.32,748.99,749.29,34539
1782919800,749.28,749.36,748.98,749.21,19568
1782919920,749.175,749.24,748.8,748.84,18306
1782920040,748.82,748.91,748.58,748.61,16685
1782920160,748.6,748.77,748.35,748.49,19301
1782920280,748.5,748.72,748.49,748.65,14814
1782920400,748.65,748.8,748.49,748.8,13701
1782920520,748.79,748.9,748.63,748.66,13882
1782920640,748.67,748.91,748.67,748.84,12879
1782920760,748.82,748.83,748.67,748.7,9071
1782920880,748.7,748.88,748.37,748.46,14402
1782921000,748.47,748.62,748.36,748.48,11556
1782921120,748.48,748.83,748.44,748.75,12305
1782921240,748.75,748.75,748.41,748.41,6087
1782921360,748.45,748.68,748.37,748.64,7569
1782921480,748.63,748.87,748.63,748.8,9692
1782921600,748.81,748.91,748.69,748.81,9715
1782921720,748.81,749.14,748.75,748.95,20575
1782921840,748.97,749.03,748.67,748.85,8712
1782921960,748.85,749.08,748.85,748.99,4871
1782922080,748.97,749.06,748.88,748.89,5099
1782922200,748.88,749.03,748.73,749.03,8795
1782922320,749.03,749.09,748.98,749.06,6865
1782922440,749.07,749.17,748.98,749.005,11440
1782922560,749.01,749.1,748.89,748.985,5785
1782922680,749,749.12,748.86,749.06,12196
1782922800,749.09,749.11,749.01,749.03,12446
1782922920,749.03,749.41,748.97,749.39,14145
1782923040,749.4,749.42,749.17,749.17,22524
1782923160,749.18,749.29,749.15,749.22,10894
1782923280,749.22,749.22,748.97,748.97,15059
1782923400,748.98,749.21,748.97,749.17,5256
1782923520,749.17,749.19,749.02,749.1,6763
1782923640,749.08,749.08,748.85,748.85,5775
1782923760,748.84,748.95,748.8,748.89,11847
1782923880,748.88,748.88,748.54,748.55,23572
1782924000,748.53,748.67,748.29,748.37,22769
1782924120,748.38,748.49,748.31,748.46,8159
1782924240,748.43,748.6,748.39,748.44,9147
1782924360,748.44,748.8,748.44,748.59,8640
1782924480,748.59,748.61,748.32,748.34,19254
1782924600,748.32,748.55,748.2,748.27,9229
1782924720,748.26,748.34,747.91,747.98,28203
1782924840,747.97,748.14,747.89,747.9,9019
1782924960,747.89,748.06,747.81,747.93,4730
1782925080,747.911,747.931,747.33,747.52,45925
1782925200,747.51,747.91,747.51,747.9,6816
1782925320,747.91,747.91,747.39,747.45,13288
1782925440,747.469,747.57,747.2,747.25,31038
1782925560,747.25,747.41,747.04,747.32,27785
1782925680,747.32,747.56,747.24,747.48,13538
1782925800,747.52,747.52,747.29,747.49,7842
1782925920,747.41,747.85,747.41,747.71,11147
1782926040,747.71,748,747.7,747.79,11021
1782926160,747.8,747.96,747.74,747.77,26830
1782926280,747.79,748.12,747.75,748.08,7950
1782926400,748.08,748.25,748.07,748.07,7983
1782926520,748.07,748.2,748.06,748.11,7644
1782926640,748.13,748.41,748.12,748.26,8110
1782926760,748.26,748.32,748.13,748.13,20243
1782926880,748.12,748.16,747.92,747.94,9071
1782927000,747.94,748.18,747.94,748.14,7002
1782927120,748.14,748.17,747.68,747.83,10547
1782927240,747.77,747.89,747.65,747.8,10187
1782927360,747.79,748.01,747.74,747.94,13128
1782927480,747.93,748.03,747.87,747.94,4758
1782927600,747.92,747.98,747.75,747.83,4971
1782927720,747.84,747.85,747.56,747.68,5783
1782927840,747.69,747.73,747.39,747.59,6575
1782927960,747.57,747.64,747.39,747.39,17647
1782928080,747.41,747.48,747.29,747.44,7476
1782928200,747.45,747.64,747.42,747.42,6924
1782928320,747.43,747.74,747.26,747.7,8129
1782928440,747.65,747.67,747.29,747.53,13536
1782928560,747.51,747.54,747.26,747.31,7811
1782928680,747.3,747.37,747.18,747.2,10134
1782928800,747.21,747.59,747.15,747.52,17637
1782928920,747.51,747.6,747.39,747.589,9512
1782929040,747.59,747.69,747.52,747.55,7151
1782929160,747.56,747.61,747.28,747.39,17552
1782929280,747.43,747.53,747.41,747.52,6553
1782929400,747.5,747.53,747.12,747.13,11294
1782929520,747.15,747.28,747.15,747.23,8827
1782929640,747.24,747.24,746.76,746.91,16234
1782929760,746.87,746.97,746.7,746.92,11556
1782929880,746.91,747.26,746.82,747.23,15916
1782930000,747.21,747.35,747.1,747.33,9602
1782930120,747.34,747.38,747.14,747.2,8246
1782930240,747.17,747.53,747.17,747.36,9228
1782930360,747.37,747.37,747.23,747.25,4644
1782930480,747.25,747.27,747.13,747.13,9267
1782930600,747.13,747.23,747,747.22,19206
1782930720,747.22,747.27,747.08,747.1,10157
1782930840,747.09,747.37,747.08,747.29,5302
1782930960,747.3,747.34,747.11,747.11,9549
1782931080,747.1,747.29,747.08,747.29,9587
1782931200,747.29,747.33,747.05,747.11,16011
1782931320,747.11,747.2,747.07,747.17,5863
1782931440,747.16,747.23,747.08,747.12,17421
1782931560,747.13,747.15,746.76,746.8,22400
1782931680,746.81,746.95,746.68,746.93,22168
1782931800,746.921,746.99,746.83,746.91,14525
1782931920,746.9,746.93,746.57,746.64,29914
1782932040,746.65,746.68,746.45,746.53,23087
1782932160,746.55,746.76,746.47,746.75,12112
1782932280,746.75,746.92,746.72,746.85,16675
1782932400,746.85,747.12,746.79,746.95,16275
1782932520,746.94,747.22,746.94,747.2,10912
1782932640,747.19,747.569,747.14,747.53,33120
1782932760,747.5,747.58,747.4,747.47,19677
1782932880,747.48,747.69,747.45,747.62,28385
1782933000,747.61,747.61,747.3,747.33,15580
1782933120,747.32,747.38,747.22,747.36,14649
1782933240,747.34,747.43,747.28,747.42,11138
1782933360,747.4,747.59,747.33,747.42,10584
1782933480,747.43,747.43,747.27,747.42,11789
1782933600,747.41,747.51,747.34,747.35,11881
1782933720,747.33,747.43,747.28,747.39,16263
1782933840,747.4,747.51,747.08,747.14,21007
1782933960,747.13,747.16,746.95,746.97,15538
1782934080,746.98,747.16,746.94,746.94,33206
1782934200,746.95,747.29,746.93,747.13,23781
1782934320,747.13,747.21,747.05,747.2,25171
1782934440,747.2,747.22,746.97,747,29940
1782934560,747,747,746.87,746.91,15836
1782934680,746.91,746.91,746.76,746.84,24728
1782934800,746.84,746.86,746.52,746.54,50476
1782934920,746.54,746.63,746.46,746.63,33012
1782935040,746.62,746.71,746.51,746.57,28759
1782935160,746.58,746.62,746.48,746.58,30877
1782935280,746.57,746.57,746.34,746.52,55173
1782935400,746.51,746.79,746.19,746.2,75594
1782935520,746.21,746.31,745.92,746.28,50543
1782935640,746.28,746.35,745.95,746.14,101545
1782935760,746.14,746.25,745.15,745.44,145146
1782935880,745.44,746.15,745.41,745.79,373279
1782999000,747.37,748.22,747.1,747.95,98639
1782999120,748.17,748.67,747.95,748.62,39057
1782999240,748.66,748.89,748.16,748.59,37375
1782999360,748.59,749.19,748.43,748.93,26954
1782999480,748.99,749,748,748.68,33228
1782999600,748.81,749.43,748.64,749.31,43409
1782999720,749.3,750.24,749.28,750.13,54286
1782999840,750.09,750.09,749.52,749.87,31037
1782999960,749.9,750.31,749.64,750.28,23906
1783000080,750.27,750.72,750.24,750.45,29283
1783000200,750.419,751.05,750.19,750.97,56565
1783000320,750.93,751.23,750.61,750.64,50442
1783000440,750.6,750.68,750.28,750.49,50677
1783000560,750.5,750.61,750.05,750.32,43108
1783000680,750.31,750.78,750.31,750.76,22427
1783000800,750.78,750.88,750.41,750.77,38674
1783000920,750.75,751.09,750.67,750.84,21279
1783001040,750.8,750.86,750.49,750.79,16148
1783001160,750.75,750.96,750.64,750.92,19967
1783001280,750.94,750.97,750.15,750.25,22013
1783001400,750.26,750.58,749.66,750.58,25650
1783001520,750.55,751.24,750.54,751.19,24669
1783001640,751.18,751.23,750.67,750.81,39005
1783001760,750.86,751.22,750.37,750.53,26744
1783001880,750.51,750.78,750.16,750.69,16873
1783002000,750.66,750.78,749.76,749.87,25087
1783002120,749.91,750.28,749.52,749.73,35154
1783002240,749.82,750.21,749.3,749.62,41251
1783002360,749.59,749.77,747.97,748.18,59594
1783002480,748.18,748.35,747.67,747.94,35984
1783002600,747.99,749.24,747.56,749.07,53411
1783002720,749.09,749.379,748.51,748.84,30301
1783002840,748.86,749.07,747.83,748.05,21864
1783002960,748.03,749.12,747.9,748.87,30409
1783003080,748.89,749.14,748.36,748.42,14842
1783003200,748.43,748.63,747.35,747.43,29550
1783003320,747.46,747.49,746.35,746.57,49161
1783003440,746.59,747.5,746.37,746.85,27847
1783003560,746.88,747.67,746.76,747.04,21977
1783003680,746.97,747.41,746.33,747.25,21645
1783003800,747.289,747.67,746.97,747.44,14142
1783003920,747.39,747.47,746.03,746.49,24569
1783004040,746.5,747.07,746.3,746.85,27374
1783004160,746.87,747.29,746.58,746.9,11880
1783004280,746.87,747.67,746.74,747.66,16112
1783004400,747.66,747.81,747.23,747.49,27807
1783004520,747.47,747.659,746.69,746.75,17100
1783004640,746.73,746.85,745.78,745.82,25623
1783004760,745.8,745.8,744.2,744.38,83640
1783004880,744.37,745.48,744.35,745.38,56322
1783005000,745.38,746.53,745.07,746.36,25990
1783005120,746.26,746.54,746.09,746.31,12557
1783005240,746.31,746.4,745.58,745.61,25270
1783005360,745.62,745.63,744.63,744.72,16703
1783005480,744.79,745.45,744.43,744.62,22769
1783005600,744.67,745.24,744.35,745,19620
1783005720,745,745.37,744.74,745.21,14585
1783005840,745.21,745.97,745.15,745.38,24987
1783005960,745.38,746.01,745.38,745.571,16667
1783006080,745.59,745.72,744.89,744.91,17944
1783006200,744.88,745.98,744.88,745.96,19307
1783006320,745.94,746.18,745.7,746.06,16104
1783006440,746.09,746.485,745.96,746.42,30011
1783006560,746.4,746.71,746.339,746.52,19802
1783006680,746.51,746.66,746.17,746.23,19536
1783006800,746.21,746.549,746.04,746.11,12253
1783006920,746.02,746.02,745.51,745.59,13556
1783007040,745.61,745.729,745.34,745.6,7205
1783007160,745.59,745.62,745.12,745.269,6581
1783007280,745.3,745.51,744.75,744.859,7129
1783007400,744.76,744.78,744.35,744.61,11383
1783007520,744.71,744.8,744.05,744.23,17970
1783007640,744.29,744.7,744.24,744.25,11373
1783007760,744.22,744.42,744.08,744.37,23878
1783007880,744.39,744.94,744.28,744.61,14726
1783008000,744.7,744.879,744.12,744.18,11593
1783008120,744.17,744.26,743.69,744.14,14348
1783008240,744.12,744.59,743.94,744.22,11577
1783008360,744.19,744.26,743.84,744.05,8162
1783008480,744.025,744.18,743.8,743.95,9725
1783008600,743.95,744.63,743.82,744.3,10377
1783008720,744.26,744.68,744.07,744.42,6877
1783008840,744.39,744.6,744.12,744.32,9046
1783008960,744.3,744.61,744.01,744.07,9922
1783009080,744.05,744.45,743.97,744.05,11918
1783009200,744.03,744.04,743.56,743.72,13489
1783009320,743.73,743.82,743.5,743.51,12901
1783009440,743.52,744.01,743.38,743.76,23722
1783009560,743.73,743.79,743.43,743.59,11191
1783009680,743.62,743.89,743.48,743.54,13665
1783009800,743.56,743.56,743.06,743.14,38326
1783009920,743.06,743.28,742.91,743.18,21730
1783010040,743.17,743.19,742.66,743.03,33273
1783010160,743.06,743.11,742.22,742.28,28560
1783010280,742.3,742.68,742.11,742.68,30627
1783010400,742.69,743.3,742.62,742.98,25314
1783010520,742.99,743.24,742.84,743.08,11521
1783010640,743.06,743.34,742.79,742.95,12068
1783010760,742.93,743.17,742.78,743.11,11470
1783010880,743.1,743.27,742.84,743,17498
1783011000,742.98,743.15,742.59,743.06,42450
1783011120,743.03,743.359,742.77,742.82,18845
1783011240,742.84,743.09,742.4,742.45,11997
1783011360,742.45,742.46,741.92,741.93,26609
1783011480,741.94,742.24,741.85,742.169,18215
1783011600,742.2,742.27,741.44,741.61,21311
1783011720,741.62,741.9,740.92,741.03,22720
1783011840,741.06,741.07,740.37,740.99,42429
1783011960,741.01,741.95,740.91,741.68,26445
1783012080,741.68,741.79,741.41,741.52,15808
1783012200,741.51,741.68,741.25,741.53,17314
1783012320,741.51,741.6,741.34,741.6,20221
1783012440,741.59,741.92,741.52,741.71,17360
1783012560,741.72,742.16,741.68,741.76,18185
1783012680,741.74,742.01,741.38,741.46,19735
1783012800,741.46,741.78,741.28,741.63,16126
1783012920,741.63,741.895,741.4,741.5,19383
1783013040,741.48,741.55,741.27,741.36,13726
1783013160,741.36,741.55,741.16,741.415,17686
1783013280,741.4,741.65,741.29,741.53,10072
1783013400,741.51,741.85,741.5,741.76,17122
1783013520,741.75,742.1,741.68,741.84,13101
1783013640,741.87,742,741.22,741.37,18834
1783013760,741.37,741.42,740.85,741.01,22859
1783013880,741,741.21,740.65,740.73,22141
1783014000,740.73,741.15,740.43,741.08,13248
1783014120,741.06,741.21,740.88,741.11,15914
1783014240,741.11,741.19,740.81,740.92,15503
1783014360,740.92,740.93,740.37,740.409,30597
1783014480,740.37,740.73,740.24,740.67,14583
1783014600,740.65,740.72,740.37,740.62,10684
1783014720,740.64,740.86,740.49,740.76,8142
1783014840,740.78,741.11,740.76,740.77,15315
1783014960,740.75,740.79,740.46,740.57,13803
1783015080,740.56,740.56,740.03,740.23,21126
1783015200,740.26,740.69,740.06,740.5,25343
1783015320,740.52,740.71,740.47,740.61,11013
1783015440,740.67,741.54,740.67,741.46,18675
1783015560,741.47,742.24,741.47,741.98,30768
1783015680,741.88,742.47,741.88,742.47,21391
1783015800,742.46,742.849,742.3,742.49,11258
1783015920,742.47,742.62,742.33,742.39,6367
1783016040,742.39,742.46,742.06,742.21,7129
1783016160,742.21,742.28,741.56,741.56,5643
1783016280,741.61,741.83,741.37,741.69,32637
1783016400,741.69,742.15,741.68,742.09,15008
1783016520,742.09,742.3,741.96,742.08,13249
1783016640,742.07,742.49,742.02,742.11,12006
1783016760,742.02,742.5,741.96,742.44,8677
1783016880,742.46,742.73,742.44,742.719,10633
1783017000,742.72,743.25,742.66,743.24,29947
1783017120,743.27,743.34,743,743.24,16389
1783017240,743.23,743.24,742.829,742.99,18760
1783017360,742.99,743.14,742.86,743.11,10592
1783017480,743.11,743.28,742.95,743.17,11006
1783017600,743.165,743.23,742.98,743.06,10558
1783017720,743.05,743.3,743.05,743.23,11379
1783017840,743.26,743.31,742.54,742.64,12554
1783017960,742.64,742.97,742.55,742.91,7005
1783018080,742.91,743.28,742.84,743.22,9259
1783018200,743.23,743.31,743.06,743.239,12812
1783018320,743.24,743.51,743.06,743.13,17639
1783018440,743.12,743.12,742.75,742.93,14255
1783018560,742.95,743.04,742.58,742.89,10889
1783018680,742.9,743.09,742.73,742.97,8334
1783018800,742.99,743.13,742.36,742.57,15658
1783018920,742.55,742.69,742.39,742.44,7395
1783019040,742.47,742.47,741.4,741.475,18399
1783019160,741.47,742.05,741.27,741.91,34314
1783019280,741.88,742.08,741.84,741.86,15220
1783019400,741.85,742,741.52,741.9,8393
1783019520,741.9,742.22,741.8,742.08,11076
1783019640,742.07,742.22,741.83,741.85,16526
1783019760,741.89,741.9,741.65,741.72,10783
1783019880,741.72,742.05,741.52,741.79,11934
1783020000,741.85,741.87,741.56,741.64,13727
1783020120,741.64,741.74,741.53,741.66,13570
1783020240,741.67,741.68,741.45,741.57,9162
1783020360,741.56,741.94,741.47,741.93,23655
1783020480,741.94,742.63,741.91,742.31,59392
1783020600,742.35,742.68,742.22,742.43,28348
1783020720,742.45,742.82,742.41,742.73,23197
1783020840,742.75,743.13,742.74,743.06,24628
1783020960,743.03,743.07,742.57,743.01,18101
1783021080,743.01,743.16,742.96,743.11,23720
1783021200,743.09,743.15,742.88,743.02,11025
1783021320,743.01,743.3,742.77,743.2,22751
1783021440,743.21,743.37,743.13,743.28,26686
1783021560,743.25,743.37,743.03,743.12,26218
1783021680,743.11,743.29,743,743.29,34906
1783021800,743.26,744.07,743.26,744.05,142461
1783021920,744.05,744.27,743.94,744.11,156987
1783022040,744.15,744.75,744.07,744.63,231433
1783022160,744.64,745.18,744.58,745.09,129783
1783022280,745.08,745.58,744.8,745.2,616037
1783344600,748.74,749.47,748.07,748.52,120687
1783344720,748.51,749.16,748.51,749.11,52272
1783344840,749.09,749.28,748.465,748.62,64130
1783344960,748.61,748.67,747.68,747.77,34442
1783345080,747.78,748.31,747.41,748.29,33387
1783345200,748.3,748.48,748.05,748.17,38319
1783345320,748.15,748.18,747.73,748,31558
1783345440,747.96,749.05,747.96,748.88,48988
1783345560,748.85,749.1,748.3,748.68,43317
1783345680,748.78,748.98,748.61,748.94,56296
1783345800,748.95,749.52,748.78,749.38,71791
1783345920,749.39,749.39,748.25,748.89,47473
1783346040,748.9,749.18,748.57,748.65,28964
1783346160,748.66,748.96,748.52,748.76,19080
1783346280,748.76,748.8,748.31,748.51,30755
1783346400,748.6,749,747.985,749,36682
1783346520,748.99,748.99,748.58,748.62,21849
1783346640,748.58,748.66,748.09,748.11,20752
1783346760,748.16,748.695,748.1,748.67,24418
1783346880,748.68,749.02,748.56,748.79,28019
1783347000,748.809,749.01,748.6,748.8,20048
1783347120,748.84,749.27,748.69,749.26,23982
1783347240,749.21,749.45,749.13,749.17,42793
1783347360,749.13,749.45,749.01,749.43,20622
1783347480,749.4,749.48,748.96,749.17,19942
1783347600,749.23,749.56,749.05,749.29,32278
1783347720,749.24,749.77,749.19,749.77,72343
1783347840,749.72,749.91,749.54,749.89,31275
1783347960,749.85,749.96,749.59,749.76,24025
1783348080,749.79,749.98,749.56,749.93,24316
1783348200,749.959,750.11,749.74,750.02,27349
1783348320,750.06,750.17,749.8,749.86,33853
1783348440,749.85,749.89,749.57,749.81,40706
1783348560,749.79,749.86,749.52,749.62,23196
1783348680,749.629,749.7,749.45,749.65,18024
1783348800,749.65,749.71,749.21,749.39,28616
1783348920,749.39,749.6,749.1,749.55,24705
1783349040,749.59,749.82,749.54,749.8,25474
1783349160,749.8,749.87,749.56,749.68,12488
1783349280,749.68,749.845,749.5,749.75,20198
1783349400,749.79,749.98,749.74,749.74,17106
1783349520,749.72,750.05,749.6,750.04,21824
1783349640,750.03,750.03,749.71,749.87,19978
1783349760,749.86,749.98,749.76,749.92,25664
1783349880,749.89,750.275,749.87,750.275,25308
1783350000,750.28,750.39,749.95,750.36,28397
1783350120,750.36,750.42,750.18,750.26,33442
1783350240,750.25,750.3,750.07,750.27,22947
1783350360,750.27,750.31,750.07,750.08,15690
1783350480,750.1,750.24,750,750.23,24879
1783350600,750.26,750.39,750.19,750.21,38478
1783350720,750.22,750.31,749.88,749.88,27787
1783350840,749.86,750.14,749.83,750.03,16082
1783350960,750.01,750.02,749.61,749.89,12288
1783351080,749.83,750,749.63,749.99,19447
1783351200,749.99,750.08,749.77,749.88,32128
1783351320,749.9,750.19,749.76,750.11,22121
1783351440,750.13,750.42,750.1,750.34,27966
1783351560,750.34,750.61,750.34,750.57,33849
1783351680,750.56,750.81,750.43,750.76,20896
1783351800,750.78,750.96,750.62,750.91,30217
1783351920,750.9,750.91,750.62,750.78,24505
1783352040,750.79,750.79,750.47,750.47,23315
1783352160,750.48,750.62,750.35,750.53,21543
1783352280,750.52,750.7,750.48,750.63,22314
1783352400,750.63,750.76,750.56,750.73,15294
1783352520,750.73,750.84,750.7,750.84,19626
1783352640,750.82,750.94,750.77,750.8,23678
1783352760,750.78,750.84,750.7,750.76,17316
1783352880,750.75,750.875,750.66,750.87,19351
1783353000,750.86,750.96,750.775,750.775,31507
1783353120,750.77,750.81,750.61,750.66,17555
1783353240,750.68,750.795,750.62,750.75,21389
1783353360,750.75,750.95,750.74,750.845,19582
1783353480,750.84,750.86,750.76,750.84,25301
1783353600,750.79,750.86,750.66,750.74,16496
1783353720,750.73,750.8,750.67,750.69,12843
1783353840,750.69,750.91,750.69,750.91,15695
1783353960,750.91,750.96,750.79,750.93,16443
1783354080,750.92,751.04,750.87,750.93,30947
1783354200,750.98,751.11,750.94,751.03,22024
1783354320,751.04,751.07,750.88,751.07,17051
1783354440,751.07,751.08,750.95,751.04,18652
1783354560,751.03,751.03,750.86,750.905,18592
1783354680,750.905,751,750.86,750.99,22264
1783354800,751,751.12,750.87,750.89,26361
1783354920,750.89,750.94,750.83,750.87,13347
1783355040,750.89,750.93,750.745,750.88,14386
1783355160,750.86,750.871,750.58,750.68,19219
1783355280,750.68,750.71,750.55,750.65,20556
1783355400,750.65,750.7,750.48,750.66,21389
1783355520,750.65,750.69,750.54,750.66,17293
1783355640,750.66,750.77,750.49,750.52,15468
1783355760,750.52,750.65,750.47,750.55,21934
1783355880,750.54,750.64,750.41,750.61,17839
1783356000,750.58,750.76,750.58,750.63,16651
1783356120,750.65,750.7,750.6,750.66,9817
1783356240,750.65,750.75,750.55,750.58,15321
1783356360,750.58,751.02,750.56,750.991,14709
1783356480,750.97,751.02,750.9,751.02,8868
1783356600,751.02,751.08,750.88,750.93,19883
1783356720,750.93,750.93,750.74,750.74,17629
1783356840,750.78,750.8,750.59,750.61,17720
1783356960,750.62,750.72,750.49,750.68,20331
1783357080,750.67,750.7,750.38,750.46,22341
1783357200,750.46,750.72,750.41,750.61,12355
1783357320,750.6,750.93,750.55,750.93,10730
1783357440,750.94,751.26,750.82,751.24,20032
1783357560,751.25,751.53,751.25,751.46,37532
1783357680,751.46,751.46,751.32,751.38,10975
1783357800,751.38,751.47,751.25,751.36,14464
1783357920,751.38,751.46,751.19,751.24,15720
1783358040,751.23,751.44,751.21,751.33,11996
1783358160,751.35,751.39,751.12,751.12,10297
1783358280,751.11,751.17,750.98,751.09,21887
1783358400,751.08,751.12,750.89,750.9,19228
1783358520,750.92,751.07,750.81,750.97,11240
1783358640,750.98,751.1,750.86,751.07,13114
1783358760,751.05,751.09,750.93,750.94,7411
1783358880,750.91,750.97,750.61,750.69,17837
1783359000,750.7,750.74,750.47,750.59,15557
1783359120,750.61,750.67,750.25,750.4,19886
1783359240,750.4,750.5,750.27,750.48,16180
1783359360,750.43,750.44,750.18,750.32,14395
1783359480,750.33,750.43,750.27,750.345,5106
1783359600,750.3,750.3,750.1,750.16,14406
1783359720,750.15,750.15,749.64,749.97,24669
1783359840,749.94,750.21,749.85,750.04,28543
1783359960,749.99,750.41,749.99,750.34,11152
1783360080,750.36,750.39,750.15,750.27,9024
1783360200,750.31,750.52,750.29,750.48,12159
1783360320,750.46,750.49,750.13,750.2,14505
1783360440,750.19,750.24,750.03,750.03,11719
1783360560,750.06,750.15,749.935,749.935,16654
1783360680,749.95,750.14,749.93,750.1,5999
1783360800,750.19,750.61,750.17,750.61,11807
1783360920,750.63,750.76,750.59,750.71,39298
1783361040,750.71,750.8,750.62,750.67,16085
1783361160,750.68,751,750.68,750.99,13499
1783361280,750.95,751.11,750.86,750.96,47033
1783361400,750.97,751,750.92,750.93,15956
1783361520,750.91,751.02,750.83,750.97,10625
1783361640,750.97,751.27,750.97,751.27,24697
1783361760,751.3,751.52,751.24,751.24,20391
1783361880,751.24,751.405,751.13,751.349,5961
1783362000,751.36,751.48,751.25,751.46,27676
1783362120,751.45,751.499,751.38,751.425,14334
1783362240,751.439,751.55,751.36,751.52,45201
1783362360,751.51,751.62,751.37,751.41,13318
1783362480,751.38,751.42,751.28,751.32,24768
1783362600,751.32,751.5,751.31,751.47,15450
1783362720,751.46,751.46,751.21,751.24,16774
1783362840,751.24,751.26,751.09,751.16,30327
1783362960,751.18,751.25,751.06,751.21,13387
1783363080,751.21,751.3,751.01,751.06,16796
1783363200,751.07,751.36,751.07,751.32,11416
1783363320,751.32,751.345,751.26,751.32,13591
1783363440,751.3,751.4,751.11,751.4,30835
1783363560,751.38,751.64,751.38,751.601,21290
1783363680,751.61,751.66,751.47,751.59,22263
1783363800,751.58,751.77,751.53,751.71,23262
1783363920,751.7,751.78,751.65,751.77,8453
1783364040,751.77,751.85,751.69,751.76,15436
1783364160,751.76,752.02,751.76,751.92,14003
1783364280,751.91,751.99,751.8,751.92,15662
1783364400,751.94,752.13,751.68,751.95,27932
1783364520,751.94,752,751.82,751.83,11914
1783364640,751.82,751.95,751.81,751.94,21181
1783364760,751.98,751.98,751.82,751.84,17590
1783364880,751.83,751.88,751.69,751.77,23272
1783365000,751.78,751.83,751.69,751.83,23894
1783365120,751.83,751.93,751.74,751.84,23682
1783365240,751.84,751.85,751.66,751.78,50426
1783365360,751.79,752,751.72,752,41589
1783365480,752.02,752.14,751.995,752.13,45729
1783365600,752.12,752.4,752.01,752.15,54661
1783365720,752.18,752.31,752.1,752.31,43416
1783365840,752.29,752.35,752.19,752.31,58976
1783365960,752.32,752.35,752.12,752.15,31901
1783366080,752.16,752.33,752.13,752.28,24478
1783366200,752.26,752.29,752.11,752.24,41236
1783366320,752.26,752.26,752.05,752.09,42936
1783366440,752.1,752.15,751.94,751.97,72636
1783366560,751.96,751.99,751.74,751.87,112595
1783366680,751.9,752.02,751.83,751.95,16692
1783366800,751.96,752.02,751.78,751.99,43083
1783366920,752,752.01,751.89,751.91,25094
1783367040,751.91,752.22,751.91,752.2,35006
1783367160,752.2,752.21,752.08,752.12,39382
1783367280,752.11,752.13,751.88,751.96,65598
1783367400,751.96,751.97,751.53,751.58,138376
1783367520,751.58,751.66,751.3,751.43,115250
1783367640,751.47,751.57,750.87,751.02,176786
1783367760,751.01,751.399,750.89,751.26,138715
1783367880,751.27,751.35,750.94,751.3,412725
1783431000,750.23,750.93,749.84,750.72,151162
1783431120,750.72,750.95,749.96,750.03,62688
1783431240,749.99,750.12,749.27,749.46,45333
1783431360,749.46,749.91,749.42,749.74,47836
1783431480,749.72,749.88,749.17,749.5,38910
1783431600,749.48,749.88,749.17,749.71,46485
1783431720,749.72,750.22,749.51,749.97,45755
1783431840,749.95,750.21,749.84,749.93,37974
1783431960,749.89,750.03,749.53,749.6,33277
1783432080,749.62,750.2,749.5,749.64,58967
1783432200,749.62,749.9,749.23,749.53,31466
1783432320,749.56,749.78,748.96,749.03,27654
1783432440,749.02,749.17,748.65,748.73,32434
1783432560,748.72,748.92,748.52,748.64,38220
1783432680,748.61,748.92,748.25,748.84,49262
1783432800,748.82,749.2,748.53,748.76,30948
1783432920,748.75,749.03,748.395,748.49,25795
1783433040,748.4,748.7,748.24,748.58,19033
1783433160,748.56,748.97,748.4,748.56,22508
1783433280,748.57,748.65,748.11,748.28,23681
1783433400,748.26,748.27,747.71,747.78,50701
1783433520,747.79,747.85,747.53,747.62,38402
1783433640,747.62,747.63,746.48,746.93,61588
1783433760,746.92,747.13,746.69,746.84,46808
1783433880,746.81,747.51,746.81,747.49,46408
1783434000,747.5,747.71,747.06,747.27,27934
1783434120,747.27,747.38,746.75,746.94,24927
1783434240,746.96,747.14,746.17,746.28,45639
1783434360,746.27,746.67,746.08,746.51,57951
1783434480,746.51,746.72,746.3,746.72,48399
1783434600,746.68,747.005,746.49,746.76,48629
1783434720,746.75,746.94,746.29,746.72,47890
1783434840,746.74,746.75,746.01,746.06,50650
1783434960,746.07,746.485,745.99,746.27,35852
1783435080,746.27,746.37,745.87,745.88,25920
1783435200,745.87,746.14,745.53,745.53,41513
1783435320,745.5,745.84,745.21,745.78,42220
1783435440,745.82,746.09,745.58,745.97,37251
1783435560,745.97,746.47,745.87,746.33,42718
1783435680,746.33,746.48,745.96,746.19,29988
1783435800,746.19,746.53,745.98,746.4,30977
1783435920,746.39,746.76,746.23,746.63,29074
1783436040,746.6,746.84,746.37,746.7,39615
1783436160,746.71,746.92,746.43,746.7,28963
1783436280,746.7,746.87,746.46,746.48,13883
1783436400,746.48,746.5,745.95,746.27,24475
1783436520,746.3,746.45,746.16,746.37,27351
1783436640,746.39,746.57,746.22,746.34,28155
1783436760,746.29,746.56,746.18,746.47,17009
1783436880,746.46,746.67,746.38,746.55,17927
1783437000,746.57,746.68,746.44,746.47,24451
1783437120,746.46,746.6,746.36,746.54,17634
1783437240,746.51,746.51,745.84,745.9,20216
1783437360,745.93,746.09,745.76,745.98,9661
1783437480,745.95,746.1,745.89,745.95,10851
1783437600,745.95,746.33,745.87,746.159,13384
1783437720,746.17,746.29,745.91,745.99,9234
1783437840,745.979,746.04,745.79,745.94,10777
1783437960,745.88,746.11,745.78,746.07,8211
1783438080,746.06,746.35,745.93,746.35,15700
1783438200,746.35,746.44,746,746.14,10449
1783438320,746.13,746.26,746.07,746.13,9001
1783438440,746.13,746.24,745.72,745.98,21516
1783438560,745.99,746.22,745.8,745.89,10800
1783438680,745.91,745.94,745.64,745.66,10040
1783438800,745.66,745.88,745.47,745.85,17352
1783438920,745.885,746.11,745.8,746.02,13145
1783439040,746.02,746.88,745.99,746.88,41168
1783439160,746.88,747.07,746.689,746.89,47006
1783439280,746.93,747.2,746.64,746.64,18307
1783439400,746.62,747.05,746.62,746.98,14918
1783439520,746.98,747.3,746.96,747.16,25363
1783439640,747.14,747.14,746.88,746.94,12519
1783439760,746.9,747.17,746.8,747.14,10767
1783439880,747.16,747.43,747.15,747.36,26630
1783440000,747.36,747.66,747.3,747.63,17787
1783440120,747.63,747.8,747.59,747.74,32579
1783440240,747.75,747.85,747.52,747.84,30426
1783440360,747.83,748.06,747.49,747.57,20515
1783440480,747.57,747.6,747.26,747.49,17558
1783440600,747.57,747.85,747.53,747.85,14159
1783440720,747.85,748.16,747.85,748.13,17937
1783440840,748.1,748.19,747.98,748.02,19715
1783440960,748.01,748.14,747.91,747.98,30140
1783441080,748.04,748.14,747.84,748.06,22119
1783441200,748.05,748.48,748.03,748.4,32528
1783441320,748.4,748.84,748.39,748.669,43683
1783441440,748.67,748.77,748.49,748.73,25880
1783441560,748.75,748.93,748.7,748.89,29841
1783441680,748.88,748.99,748.77,748.77,22693
1783441800,748.74,749.01,748.74,748.87,32494
1783441920,748.86,748.9,748.43,748.49,24903
1783442040,748.52,748.79,748.46,748.48,12737
1783442160,748.47,748.76,748.25,748.71,16132
1783442280,748.7,748.82,748.63,748.81,7792
1783442400,748.77,748.94,748.64,748.689,5208
1783442520,748.67,748.81,748.57,748.75,11230
1783442640,748.74,749.07,748.73,749.05,28331
1783442760,749.03,749.08,748.85,748.93,9282
1783442880,748.95,749.12,748.93,749.04,8657
1783443000,749.05,749.12,748.89,748.98,14982
1783443120,748.93,749.06,748.76,748.88,18761
1783443240,748.8,748.86,748.54,748.66,9626
1783443360,748.67,748.83,748.64,748.7,12394
1783443480,748.69,748.96,748.5,748.96,27290
1783443600,748.97,749.16,748.87,748.94,11869
1783443720,748.97,749.11,748.88,748.9,6613
1783443840,748.91,749.27,748.9,749.22,30852
1783443960,749.18,749.3,749.1,749.25,17448
1783444080,749.29,749.335,749.14,749.17,23125
1783444200,749.16,749.17,748.84,749.06,13299
1783444320,749.06,749.07,748.92,748.99,6479
1783444440,748.96,748.99,748.6,748.77,18373
1783444560,748.75,748.76,748.42,748.46,18063
1783444680,748.48,748.69,748.43,748.61,14437
1783444800,748.61,748.95,748.57,748.94,17410
1783444920,748.94,749.04,748.73,749.04,11033
1783445040,749.03,749.16,748.83,749.06,11875
1783445160,749.07,749.08,748.9,748.985,6333
1783445280,748.99,749.04,748.8,748.84,16333
1783445400,748.85,749.13,748.84,749.12,14828
1783445520,749.1,749.19,748.89,749.06,12103
1783445640,749.06,749.11,748.97,749.09,7185
1783445760,749.1,749.23,749.02,749.08,8865
1783445880,749.08,749.13,748.8,749.105,26841
1783446000,749.1,749.27,749.06,749.27,20751
1783446120,749.27,749.27,749.06,749.07,7073
1783446240,749.08,749.13,748.94,749.07,8031
1783446360,749.07,749.09,748.79,748.83,8117
1783446480,748.84,748.98,748.75,748.9,10254
1783446600,748.89,748.91,748.74,748.91,11168
1783446720,748.9,749.03,748.65,748.66,7949
1783446840,748.7,748.84,748.7,748.82,6408
1783446960,748.83,749.09,748.81,749.03,18219
1783447080,749.04,749.18,748.98,749.18,10360
1783447200,749.19,749.28,749.05,749.16,26592
1783447320,749.15,749.16,748.89,749.05,15738
1783447440,749.05,749.2,749.04,749.12,5744
1783447560,749.13,749.13,748.92,749.041,8540
1783447680,748.97,749.04,748.83,748.93,6461
1783447800,748.95,749.01,748.9,748.94,7142
1783447920,748.98,749.19,748.98,749.07,14793
1783448040,749.08,749.14,748.9,749.09,11787
1783448160,749.07,749.19,748.97,749.08,15706
1783448280,749.09,749.14,748.9,749.05,29413
1783448400,749.05,749.13,748.94,749.12,6854
1783448520,749.13,749.3,748.95,749.19,12550
1783448640,749.14,749.2,749.1,749.18,6590
1783448760,749.19,749.25,748.98,748.99,6566
1783448880,749.02,749.04,748.88,748.98,10648
1783449000,749,749.06,748.66,748.93,38746
1783449120,748.92,748.96,748.57,748.66,15481
1783449240,748.66,748.93,748.541,748.93,18376
1783449360,748.96,749.03,748.78,748.89,9841
1783449480,748.88,749.01,748.865,748.9,10119
1783449600,748.91,748.95,748.57,748.68,14052
1783449720,748.69,748.7,748.4,748.62,27245
1783449840,748.62,748.78,748.58,748.65,11476
1783449960,748.63,748.77,748.57,748.7,10021
1783450080,748.7,748.84,747.66,748.16,55646
1783450200,748.17,748.24,747.65,747.93,51511
1783450320,747.96,747.96,747.6,747.61,30907
1783450440,747.61,747.95,747.47,747.72,36137
1783450560,747.73,747.9,747.56,747.64,28109
1783450680,747.68,747.78,747.42,747.5,23495
1783450800,747.53,747.7,746.82,747.07,69047
1783450920,747.075,747.33,747.07,747.14,33755
1783451040,747.12,747.36,746.88,747.28,54932
1783451160,747.27,747.57,746.97,747.01,61304
1783451280,747.02,747.05,746.67,746.77,48845
1783451400,746.77,746.86,746.56,746.68,29928
1783451520,746.68,747.03,746.58,746.95,55514
1783451640,746.95,746.98,746.52,746.6,62332
1783451760,746.57,746.67,746.38,746.55,40969
1783451880,746.54,746.71,746,746.689,101537
1783452000,746.64,746.9,746.43,746.7,25690
1783452120,746.69,746.94,746.69,746.89,20344
1783452240,746.86,747.06,746.55,746.74,30378
1783452360,746.695,746.94,746.57,746.8,19896
1783452480,746.8,746.98,746.61,746.7,18411
1783452600,746.67,747.18,746.67,747.1,46630
1783452720,747.02,747.14,746.91,747.07,36671
1783452840,747.06,747.27,746.9,746.93,26918
1783452960,746.93,746.99,746.67,746.81,30699
1783453080,746.8,747.05,746.67,746.77,16910
1783453200,746.76,746.82,746.5,746.65,32375
1783453320,746.67,746.67,746.38,746.435,29523
1783453440,746.45,746.93,746.43,746.93,58236
1783453560,746.91,747.05,746.65,746.73,37596
1783453680,746.72,747.03,746.64,747,38952
1783453800,747.02,747.4,747.01,747.25,78871
1783453920,747.24,747.51,747.05,747.44,56153
1783454040,747.42,747.97,747.38,747.91,65816
1783454160,747.87,747.92,747.53,747.62,60909
1783454280,747.61,747.84,747.14,747.7,324758
1783517400,743.16,743.93,742.67,743.67,101236
1783517520,743.72,744.07,743.21,743.61,26381
1783517640,743.595,743.75,743.04,743.4,46112
1783517760,743.35,743.93,743.19,743.68,32482
1783517880,743.66,744.15,743.18,743.95,30900
1783518000,743.99,744.75,743.82,744.44,59191
1783518120,744.45,744.48,743.82,744.02,25012
1783518240,744,744.58,743.93,744.46,29385
1783518360,744.55,744.925,744.36,744.47,67168
1783518480,744.505,744.65,743.55,743.63,54799
1783518600,743.63,744.45,743.37,743.849,62453
1783518720,743.83,744.23,743.56,743.83,21540
1783518840,743.78,743.945,743.23,743.46,37027
1783518960,743.45,744.25,743.34,744.13,44212
1783519080,744.14,744.63,743.94,744.07,44780
1783519200,744.02,744.48,743.68,744.03,57046
1783519320,744.03,744.03,743.59,743.95,31810
1783519440,743.96,744.53,743.75,744.49,40950
1783519560,744.44,744.56,744.14,744.25,32343
1783519680,744.25,744.7,743.96,744.25,40226
1783519800,744.24,744.41,743.43,743.45,38310
1783519920,743.54,743.75,743.06,743.29,57247
1783520040,743.31,743.47,742.74,742.92,41812
1783520160,742.95,743.43,742.67,743.31,43180
1783520280,743.29,743.6,742.79,743.21,26591
1783520400,743.18,744.53,742.99,744.4,56292
1783520520,744.39,744.5,744.02,744.04,39342
1783520640,744.03,744.26,743.55,744.23,37935
1783520760,744.21,744.44,742.76,743.81,46435
1783520880,743.77,743.82,743.11,743.11,16019
1783521000,743.09,743.42,742.9,743.24,21015
1783521120,743.22,743.42,742.73,743.42,28521
1783521240,743.36,743.68,742.575,742.64,29816
1783521360,742.65,743.07,742.27,742.68,53984
1783521480,742.65,742.81,742.25,742.33,24437
1783521600,742.27,742.73,742.13,742.66,24912
1783521720,742.66,742.66,741.95,742.25,30125
1783521840,742.25,742.61,741.83,742.02,28501
1783521960,742.03,742.225,741.63,741.69,35739
1783522080,741.67,741.92,741.29,741.29,27019
1783522200,741.3,741.61,740.94,741.6,59229
1783522320,741.59,742.84,741.48,742.48,51318
1783522440,742.48,742.5,741.87,742.35,37201
1783522560,742.35,742.69,741.74,742.01,23843
1783522680,742.03,742.07,741.58,741.85,13225
1783522800,741.85,742.01,741.53,741.58,12575
1783522920,741.51,741.8,741.42,741.73,11177
1783523040,741.69,741.89,741.45,741.89,25276
1783523160,741.86,741.94,741.4,741.61,32405
1783523280,741.6,741.84,741.46,741.5,13492
1783523400,741.505,741.83,741.36,741.67,29007
1783523520,741.66,741.79,741.28,741.4,24765
1783523640,741.38,741.43,740.98,741.07,31222
1783523760,741.04,741.04,740.39,740.56,34378
1783523880,740.56,741.51,740.46,741.32,33391
1783524000,741.305,741.56,741.02,741.08,25407
1783524120,741.02,741.08,740.28,740.29,48081
1783524240,740.3,740.39,739.88,739.93,40098
1783524360,739.91,740.06,739.56,739.74,22346
1783524480,739.71,740.15,739.7,739.95,23796
1783524600,739.96,740.16,739.51,739.93,25591
1783524720,739.94,740.71,739.89,740.5,36539
1783524840,740.48,740.95,740.36,740.9,20776
1783524960,740.88,741.27,740.65,741.09,19088
1783525080,741.09,741.09,740.54,740.61,21825
1783525200,740.6,741.19,740.6,741.02,19327
1783525320,741.01,741.05,740.56,740.7,13134
1783525440,740.689,740.86,740.32,740.73,15513
1783525560,740.72,740.98,740.4,740.64,10568
1783525680,740.64,740.72,740.39,740.49,8553
1783525800,740.51,740.6,740.1,740.2,18325
1783525920,740.21,740.42,740.02,740.42,29165
1783526040,740.41,740.73,740.16,740.52,42176
1783526160,740.52,740.59,740.17,740.46,23243
1783526280,740.45,740.8,740.35,740.64,15757
1783526400,740.7,741.25,740.61,741.04,20957
1783526520,741.05,741.23,740.85,741.09,15452
1783526640,741.06,741.7,740.93,741.49,23359
1783526760,741.53,741.61,741.35,741.4,27479
1783526880,741.45,741.745,741.1,741.64,10418
1783527000,741.65,742.27,741.65,742.05,23148
1783527120,742.07,742.31,742.06,742.21,18106
1783527240,742.2,742.38,742.03,742.09,27206
1783527360,742.08,742.61,741.995,742.579,42731
1783527480,742.55,742.69,742.38,742.58,17112
1783527600,742.6,743.2,742.54,743.03,34481
1783527720,743.03,743.21,742.87,743.105,25061
1783527840,743.085,743.085,742.605,742.87,19802
1783527960,742.87,743.47,742.84,743.11,21709
1783528080,743.09,743.33,743.04,743.1,17097
1783528200,743.09,743.82,743.05,743.44,32691
1783528320,743.36,743.54,743.26,743.439,12353
1783528440,743.43,743.54,742.92,742.96,43333
1783528560,742.94,742.94,742.49,742.59,28984
1783528680,742.55,743.3,742.46,743.22,38150
1783528800,743.24,744.22,742.87,743.74,46270
1783528920,743.78,744.06,743.66,743.82,15854
1783529040,743.89,744.13,743.58,743.76,8439
1783529160,743.71,744.14,743.69,743.94,10060
1783529280,743.95,744.29,743.88,744.26,10719
1783529400,744.29,744.42,744.09,744.42,16492
1783529520,744.4,744.6,744.26,744.54,30977
1783529640,744.54,744.65,744.23,744.47,15147
1783529760,744.48,744.63,744.38,744.62,19223
1783529880,744.63,744.75,744.55,744.68,20969
1783530000,744.68,744.69,744.21,744.34,21782
1783530120,744.35,744.52,744.13,744.19,17651
1783530240,744.2,744.36,744.18,744.29,10583
1783530360,744.28,744.74,744.21,744.69,23462
1783530480,744.7,744.75,744.23,744.275,12645
1783530600,744.26,744.39,743.985,744.28,13426
1783530720,744.32,744.63,744.26,744.59,29342
1783530840,744.605,744.63,744.25,744.47,18081
1783530960,744.52,744.63,744.4,744.49,13170
1783531080,744.48,745,744.4,744.94,20923
1783531200,744.92,745.27,744.87,745.22,22547
1783531320,745.21,745.35,745.15,745.34,10024
1783531440,745.3,745.73,745.28,745.469,17916
1783531560,745.52,745.52,745.23,745.36,9966
1783531680,745.44,745.77,745.39,745.72,11511
1783531800,745.72,746.08,745.64,745.81,18272
1783531920,745.81,745.89,745.64,745.64,13500
1783532040,745.63,745.77,745.44,745.63,26208
1783532160,745.7,745.7,745.45,745.46,8495
1783532280,745.42,745.53,745.26,745.26,11323
1783532400,745.27,745.3,744.94,744.949,13861
1783532520,744.93,745.18,744.86,744.98,12135
1783532640,744.96,745.02,744.49,744.67,24314
1783532760,744.65,744.8,744.5,744.55,10049
1783532880,744.53,744.53,744.26,744.35,23524
1783533000,744.36,744.75,744.25,744.71,25808
1783533120,744.71,744.88,744.54,744.55,11034
1783533240,744.54,744.55,744.05,744.18,10665
1783533360,744.19,744.19,743.95,744.08,9208
1783533480,744.05,744.45,744.04,744.38,15109
1783533600,744.38,745.28,744,745.1,47912
1783533720,745.11,745.37,744.895,745.21,10619
1783533840,745.2,745.45,744.87,745.16,18406
1783533960,745.15,745.18,744.93,745.045,11377
1783534080,745.03,745.29,744.96,745.29,9133
1783534200,745.24,745.39,744.91,745.38,14471
1783534320,745.36,745.4,745.12,745.31,9405
1783534440,745.38,745.51,745.24,745.29,12874
1783534560,745.28,745.29,744.82,744.91,24351
1783534680,744.89,745.18,744.74,745.16,8735
1783534800,745.11,745.13,744.9,745.1,6034
1783534920,745.11,745.31,745.06,745.07,8820
1783535040,745.05,745.17,744.81,744.98,7954
1783535160,745.02,745.23,744.96,745.06,9642
1783535280,745.08,745.22,744.67,744.67,20057
1783535400,744.66,744.74,744.3,744.54,15870
1783535520,744.53,744.76,744.26,744.39,10939
1783535640,744.36,744.56,744.34,744.42,8199
1783535760,744.42,745.16,744.42,745.04,8217
1783535880,745.04,745.25,745,745.18,15978
1783536000,745.17,745.31,744.68,744.74,8114
1783536120,744.77,744.91,744.579,744.89,12183
1783536240,744.9,745.14,744.9,744.97,9438
1783536360,745.01,745.09,744.82,744.92,8209
1783536480,744.93,745.32,744.79,745.31,6440
1783536600,745.26,745.34,745.05,745.34,25665
1783536720,745.36,745.5,745.03,745.09,18070
1783536840,745.07,745.24,744.96,745,8669
1783536960,744.99,745.08,744.8,745.05,9202
1783537080,745.05,745.32,744.95,745.32,10875
1783537200,745.35,745.72,745.24,745.32,13565
1783537320,745.33,745.37,745.06,745.19,16498
1783537440,745.16,745.39,745.08,745.25,10820
1783537560,745.16,745.42,745,745.25,11577
1783537680,745.21,745.38,745.16,745.38,7149
1783537800,745.33,745.35,744.91,744.97,8941
1783537920,744.99,745.03,744.82,744.89,10478
1783538040,744.89,744.99,744.8,744.83,7493
1783538160,744.83,744.95,744.69,744.93,8363
1783538280,744.91,745.16,744.81,744.82,6328
1783538400,744.84,745.26,744.81,745.15,15517
1783538520,745.145,745.17,744.9,744.969,8277
1783538640,744.99,745.14,744.94,745.08,8894
1783538760,745.09,745.2,744.97,745.04,13798
1783538880,745.04,745.36,744.94,745.19,13388
1783539000,745.2,745.34,744.85,745.11,14190
1783539120,745.08,745.15,744.84,744.85,11810
1783539240,744.85,744.98,744.84,744.96,18927
1783539360,744.96,745.34,744.96,745.33,26851
1783539480,745.32,745.39,745.13,745.22,16876
1783539600,745.22,745.27,744.89,745.05,13647
1783539720,745.05,745.21,744.98,745.18,19211
1783539840,745.21,745.37,744.84,744.96,31968
1783539960,744.97,745.07,744.41,744.55,35901
1783540080,744.51,744.93,744.46,744.8,24459
1783540200,744.73,745.45,744.6,745.25,46324
1783540320,745.23,745.6,745.15,745.45,26521
1783540440,745.46,745.8,745.46,745.65,68071
1783540560,745.65,746.14,745.49,746.03,71086
1783540680,746.01,746.15,745.28,745.35,548811
1783603800,747.33,747.4,745.891,745.891,126962
1783603920,745.88,746.6,745.67,746.56,103083
1783604040,746.57,747.95,746.55,747.835,57707
1783604160,747.82,748.03,747.64,747.93,52163
1783604280,747.91,748.32,747.87,748.09,19346
1783604400,748.18,748.25,747.5,747.91,15423
1783604520,747.94,748.46,747.94,748.34,19197
1783604640,748.34,748.68,748.18,748.68,18677
1783604760,748.7,748.76,748.44,748.61,20428
1783604880,748.58,748.58,747.74,748.12,18273
1783605000,748.12,748.59,747.83,748.57,13558
1783605120,748.55,749.01,748.54,749.01,15675
1783605240,749,749.2,748.87,749.2,20899
1783605360,749.23,749.24,748.79,748.88,48635
1783605480,748.87,749.05,748.57,748.64,20726
1783605600,748.69,749.02,748.51,748.91,24572
1783605720,748.89,748.93,748.54,748.9,12064
1783605840,748.91,748.94,748.6,748.64,16373
1783605960,748.62,748.83,748.08,748.14,20229
1783606080,748.15,748.39,748,748,12497
1783606200,747.95,748,747.32,747.51,20985
1783606320,747.47,747.68,747.27,747.6,20081
1783606440,747.58,747.79,746.33,746.33,37399
1783606560,746.34,746.89,745.94,746.37,57485
1783606680,746.39,746.58,745.97,746.26,20214
1783606800,746.27,746.45,745.59,745.98,52444
1783606920,745.995,746.53,745.88,746.42,28010
1783607040,746.39,747.25,746.34,747.02,23009
1783607160,747.03,747.82,746.76,747.7,17422
1783607280,747.65,748.18,747.59,747.85,32372
1783607400,747.86,748.06,747.13,747.17,17216
1783607520,747.15,747.77,747.14,747.605,8035
1783607640,747.58,748.22,747.4,748.06,4701
1783607760,748.07,748.15,747.66,747.98,5389
1783607880,747.91,748.48,747.79,748.41,9283
1783608000,748.43,748.46,748.08,748.299,8707
1783608120,748.29,748.45,748.16,748.16,9492
1783608240,748.03,748.14,747.81,748.08,12683
1783608360,748.07,748.37,747.88,748.04,9920
1783608480,748.08,748.25,748,748.04,6767
1783608600,748.05,748.05,747.63,747.78,19463
1783608720,747.77,747.85,747.28,747.6,21158
1783608840,747.61,748.27,747.42,748.21,14223
1783608960,748.18,748.4,748.06,748.4,8393
1783609080,748.41,748.92,748.41,748.73,41593
1783609200,748.74,748.9,748.64,748.86,22852
1783609320,748.86,748.94,748.61,748.81,16891
1783609440,748.82,749,748.76,748.93,21726
1783609560,748.94,749.48,748.94,749.32,30201
1783609680,749.31,749.54,749.2,749.47,14919
1783609800,749.5,749.57,749.15,749.19,27635
1783609920,749.19,749.39,749.11,749.23,12867
1783610040,749.23,749.58,749.13,749.495,24183
1783610160,749.49,749.49,749.06,749.17,24377
1783610280,749.15,749.24,748.98,749.19,12920
1783610400,749.25,749.48,749.21,749.41,11300
1783610520,749.44,749.88,749.37,749.82,16433
1783610640,749.8,749.955,749.75,749.83,28815
1783610760,749.83,749.98,749.75,749.92,22307
1783610880,749.9,749.93,749.72,749.77,13593
1783611000,749.78,749.78,749.63,749.69,13538
1783611120,749.67,749.68,749.5,749.58,14370
1783611240,749.58,749.76,749.49,749.68,14626
1783611360,749.69,749.76,749.61,749.71,10858
1783611480,749.71,749.9,749.681,749.87,10219
1783611600,749.88,750.18,749.81,750.14,18513
1783611720,750.12,750.25,750.05,750.1,17959
1783611840,750.08,750.26,750.06,750.23,6775
1783611960,750.21,750.22,749.93,749.99,13255
1783612080,749.98,750.18,749.93,750.16,8058
1783612200,750.16,750.19,750.01,750.06,10774
1783612320,750.04,750.15,749.95,749.96,11400
1783612440,749.97,750.06,749.85,749.96,8277
1783612560,749.93,750,749.83,749.9,12321
1783612680,749.91,750.02,749.81,749.86,11158
1783612800,749.88,750.34,749.87,750.3,15759
1783612920,750.3,750.43,750.21,750.33,26401
1783613040,750.33,750.55,750.27,750.51,20074
1783613160,750.52,750.56,750.39,750.54,16634
1783613280,750.55,750.55,750.41,750.44,8870
1783613400,750.47,750.55,750.36,750.42,9552
1783613520,750.42,750.53,750.37,750.46,9513
1783613640,750.47,750.64,750.43,750.61,9823
1783613760,750.65,750.67,750.45,750.57,11540
1783613880,750.58,750.59,750.37,750.53,8043
1783614000,750.53,750.64,750.45,750.59,11243
1783614120,750.61,750.81,750.55,750.74,13805
1783614240,750.76,750.81,750.71,750.745,16550
1783614360,750.73,750.775,750.67,750.76,8013
1783614480,750.74,750.75,750.58,750.63,8497
1783614600,750.65,750.83,750.6,750.81,17180
1783614720,750.81,750.89,750.74,750.81,12957
1783614840,750.8,750.8,750.38,750.42,11422
1783614960,750.45,750.56,750.33,750.44,14606
1783615080,750.44,750.59,750.41,750.58,7237
1783615200,750.6,750.76,750.6,750.73,10695
1783615320,750.73,750.77,750.63,750.7,14703
1783615440,750.71,750.75,750.6,750.65,8671
1783615560,750.66,750.73,750.42,750.43,15646
1783615680,750.41,750.51,750.37,750.48,6572
1783615800,750.48,750.6,750.44,750.53,13976
1783615920,750.525,750.54,750.43,750.47,7944
1783616040,750.48,750.48,750.34,750.37,11630
1783616160,750.38,750.49,750.24,750.31,20371
1783616280,750.32,750.5,750.25,750.44,6877
1783616400,750.44,750.84,750.42,750.77,7982
1783616520,750.79,750.8,750.69,750.73,9666
1783616640,750.73,750.82,750.64,750.82,10090
1783616760,750.82,751.21,750.74,751.19,15712
1783616880,751.18,751.22,751.08,751.12,12883
1783617000,751.12,751.39,751.09,751.34,31145
1783617120,751.33,751.33,751.15,751.2,10686
1783617240,751.21,751.38,751.2,751.33,11124
1783617360,751.35,751.42,751.33,751.39,9576
1783617480,751.39,751.58,751.37,751.54,9781
1783617600,751.57,751.67,751.5,751.5,27645
1783617720,751.49,751.51,751.38,751.46,13232
1783617840,751.48,751.63,751.45,751.63,18763
1783617960,751.61,751.71,751.55,751.68,7566
1783618080,751.7,751.79,751.65,751.75,28003
1783618200,751.76,751.83,751.51,751.55,37693
1783618320,751.53,751.73,751.45,751.73,13171
1783618440,751.73,751.76,751.59,751.71,9244
1783618560,751.71,751.89,751.68,751.81,16118
1783618680,751.8,751.81,751.71,751.71,7965
1783618800,751.72,751.72,751.51,751.61,11210
1783618920,751.62,751.81,751.6,751.72,10313
1783619040,751.72,751.79,751.63,751.74,15725
1783619160,751.755,751.97,751.69,751.97,33549
1783619280,751.96,751.96,751.79,751.84,9088
1783619400,751.85,751.91,751.79,751.82,13853
1783619520,751.81,751.85,751.75,751.81,18944
1783619640,751.81,751.82,751.68,751.7,13518
1783619760,751.705,751.74,751.58,751.61,12311
1783619880,751.61,751.72,751.16,751.63,49859
1783620000,751.63,751.72,751.54,751.64,34120
1783620120,751.645,751.67,751.47,751.55,14670
1783620240,751.54,751.69,751.44,751.67,16475
1783620360,751.68,751.81,751.68,751.72,31658
1783620480,751.735,751.75,751.64,751.71,5952
1783620600,751.71,751.78,751.63,751.75,15440
1783620720,751.76,751.83,751.7,751.73,20191
1783620840,751.73,751.87,751.72,751.78,8512
1783620960,751.79,751.84,751.63,751.66,14604
1783621080,751.67,751.72,751.54,751.63,12064
1783621200,751.64,751.64,751.43,751.52,11894
1783621320,751.54,751.62,751.4,751.41,11271
1783621440,751.42,751.48,751.26,751.34,24621
1783621560,751.345,751.41,751.27,751.36,19234
1783621680,751.38,751.45,751.23,751.45,18893
1783621800,751.45,751.58,751.38,751.49,16112
1783621920,751.49,751.505,751.32,751.37,10993
1783622040,751.37,751.39,751.11,751.17,30638
1783622160,751.17,751.33,751.14,751.23,20011
1783622280,751.22,751.29,751.13,751.16,14032
1783622400,751.12,751.23,751.05,751.19,18569
1783622520,751.18,751.32,751.18,751.24,24560
1783622640,751.23,751.33,751.21,751.28,62081
1783622760,751.28,751.28,751.11,751.18,10963
1783622880,751.18,751.34,751.16,751.27,8832
1783623000,751.29,751.34,751.16,751.21,18956
1783623120,751.21,751.25,751.12,751.15,19114
1783623240,751.15,751.19,750.88,750.92,31348
1783623360,750.92,751.02,750.9,750.94,14171
1783623480,750.94,751.12,750.91,751.04,27749
1783623600,751.05,751.07,750.73,750.85,36994
1783623720,750.85,750.96,750.81,750.87,18491
1783623840,750.86,750.93,750.77,750.82,15052
1783623960,750.84,751.01,750.79,750.88,20934
1783624080,750.87,750.87,750.66,750.77,14589
1783624200,750.77,750.89,750.66,750.89,17427
1783624320,750.91,751.03,750.87,750.9,30279
1783624440,750.92,750.98,750.83,750.98,14858
1783624560,750.98,751.24,750.96,751.17,28288
1783624680,751.16,751.47,751.15,751.28,19420
1783624800,751.3,751.43,751.24,751.41,16222
1783624920,751.39,751.39,751.14,751.26,10870
1783625040,751.27,751.28,751.14,751.16,10126
1783625160,751.15,751.26,751.05,751.14,10672
1783625280,751.14,751.19,751.08,751.1,23252
1783625400,751.06,751.12,750.93,751.05,23449
1783625520,751.05,751.12,750.97,751.04,13125
1783625640,751.06,751.25,751.03,751.22,34213
1783625760,751.225,751.37,751.16,751.19,22523
1783625880,751.16,751.29,751.13,751.27,14676
1783626000,751.26,751.35,751.14,751.23,20029
1783626120,751.27,751.35,751.16,751.28,28101
1783626240,751.3,751.49,751.25,751.28,47019
1783626360,751.3,751.39,751.28,751.38,23397
1783626480,751.38,751.39,751.25,751.26,61108
1783626600,751.2,751.24,750.96,751.07,100020
1783626720,751.09,751.14,750.925,750.93,53335
1783626840,750.96,751.24,750.83,751.16,98790
1783626960,751.14,751.36,751.11,751.32,89257
1783627080,751.33,751.67,751.25,751.67,245520
1783690200,752.04,752.64,752.01,752.52,93892
1783690320,752.52,752.85,752.36,752.69,35045
1783690440,752.68,752.87,752.49,752.63,24491
1783690560,752.62,753.21,752.61,752.9,32585
1783690680,752.87,753,752.59,752.61,13795
1783690800,752.59,752.645,751.8,751.94,43770
1783690920,751.95,752.32,751.86,752.31,26856
1783691040,752.32,752.47,752.09,752.22,9134
1783691160,752.16,752.8,752.16,752.72,13528
1783691280,752.72,753.14,752.66,753.03,21870
1783691400,753.02,753.03,752.68,752.75,17612
1783691520,752.79,753.19,752.79,753.13,28595
1783691640,753.16,753.19,752.62,752.78,17376
1783691760,752.77,753.13,752.67,752.98,16830
1783691880,752.96,753.23,752.85,752.93,25048
1783692000,752.93,753.22,752.79,753.18,20843
1783692120,753.18,753.35,753.14,753.26,21251
1783692240,753.28,753.28,752.96,753.1,12820
1783692360,753.09,753.25,752.67,752.7,17513
1783692480,752.69,753.12,752.5,753.06,22212
1783692600,753.09,753.15,752.68,752.82,25834
1783692720,752.82,753.04,752.8,752.97,15889
1783692840,752.96,752.96,752.35,752.63,17550
1783692960,752.63,752.96,752.56,752.87,13978
1783693080,752.88,752.96,752.39,752.68,16557
1783693200,752.69,752.83,752.12,752.31,21552
1783693320,752.32,752.71,752.23,752.71,13802
1783693440,752.77,752.789,752.16,752.33,22471
1783693560,752.32,752.87,752.25,752.85,19211
1783693680,752.84,753.12,752.57,752.62,16962
1783693800,752.61,752.869,752.57,752.8,11485
1783693920,752.809,753.25,748.08,749.58,344753
1783694040,749.56,751.45,749.37,750.5,128140
1783694160,750.51,751.91,750.43,751.75,34403
1783694280,751.78,752.06,751.4,751.7,24143
1783694400,751.72,751.81,751.31,751.42,17482
1783694520,751.48,751.9,751.43,751.65,11274
1783694640,751.58,752.3,751.48,752.15,24084
1783694760,752.11,752.16,751.82,751.91,6860
1783694880,751.89,752.46,751.61,752.4,18711
1783695000,752.4,752.6,752.05,752.32,27980
1783695120,752.27,752.49,751.99,752.23,17260
1783695240,752.22,752.22,751.47,751.47,34951
1783695360,751.48,751.68,751.11,751.6,28751
1783695480,751.6,751.67,751.09,751.23,17259
1783695600,751.2,751.43,750.89,751.08,14843
1783695720,751.07,751.4,750.95,751.32,15326
1783695840,751.34,751.45,750.66,750.93,20869
1783695960,750.9,751.5,750.67,751.47,13657
1783696080,751.51,751.75,751.5,751.73,7301
1783696200,751.77,752.03,751.71,751.92,14837
1783696320,751.88,751.96,751.65,751.82,7066
1783696440,751.82,752.53,751.8,752.52,9839
1783696560,752.52,753.15,752.52,752.8,26381
1783696680,752.82,752.9,752.38,752.661,17954
1783696800,752.65,752.85,752.43,752.7,6852
1783696920,752.73,753.08,752.54,752.95,12898
1783697040,752.92,753.37,752.78,753.189,22520
1783697160,753.19,753.42,753.16,753.25,22677
1783697280,753.23,753.33,753.1,753.25,14215
1783697400,753.28,753.41,752.91,753.1,18083
1783697520,753.16,753.25,753.02,753.18,20784
1783697640,753.18,753.21,752.63,752.67,22974
1783697760,752.66,752.91,752.63,752.9,13188
1783697880,752.86,753.04,752.33,752.37,21771
1783698000,752.4,752.51,751.91,752.08,19150
1783698120,752.13,752.13,751.38,751.8,24675
1783698240,751.77,752.15,751.6,751.76,24350
1783698360,751.77,752.35,751.73,752.33,12023
1783698480,752.33,752.66,752.22,752.45,8211
1783698600,752.46,752.61,752.36,752.36,7144
1783698720,752.39,752.77,752.37,752.77,5670
1783698840,752.8,752.93,752.7,752.73,9706
1783698960,752.75,752.91,752.51,752.81,12135
1783699080,752.77,752.83,752.645,752.82,10756
1783699200,752.81,753.35,752.81,753.09,20848
1783699320,753.1,753.2,752.91,752.91,9970
1783699440,752.93,753.21,752.93,752.95,27201
1783699560,752.96,753.07,752.88,753.01,19271
1783699680,753.03,753.03,752.85,752.96,7560
1783699800,752.98,753.16,752.85,753,15115
1783699920,753.03,753.23,752.91,753.17,9708
1783700040,753.17,753.39,753.14,753.37,22069
1783700160,753.35,753.69,753.35,753.57,35880
1783700280,753.58,753.615,753.36,753.59,15674
1783700400,753.57,753.63,753.23,753.27,15616
1783700520,753.27,753.45,753.18,753.41,11701
1783700640,753.41,753.51,753.22,753.23,14880
1783700760,753.21,753.33,753.18,753.31,12818
1783700880,753.32,753.41,753.185,753.21,12215
1783701000,753.21,753.41,753.21,753.36,12339
1783701120,753.37,753.58,753.36,753.57,11400
1783701240,753.58,753.6,753.42,753.54,22482
1783701360,753.57,753.58,753.04,753.18,26969
1783701480,753.21,753.29,753.11,753.29,6853
1783701600,753.29,753.56,753.25,753.45,9867
1783701720,753.45,753.62,753.4,753.58,13792
1783701840,753.58,753.83,753.52,753.76,18549
1783701960,753.77,753.92,753.75,753.81,41578
1783702080,753.82,753.85,753.73,753.82,13753
1783702200,753.84,754.04,753.78,753.91,25716
1783702320,753.92,754,753.83,753.91,15119
1783702440,753.92,754,753.84,753.92,12194
1783702560,753.92,753.99,753.87,753.99,10205
1783702680,753.985,754.14,753.95,754.01,14827
1783702800,754.01,754.03,753.68,753.71,16736
1783702920,753.69,753.82,753.66,753.72,10254
1783703040,753.72,753.76,753.63,753.72,7653
1783703160,753.71,753.83,753.68,753.72,8920
1783703280,753.74,753.82,753.63,753.64,11068
1783703400,753.66,753.75,753.64,753.66,4667
1783703520,753.65,753.74,753.55,753.55,5374
1783703640,753.53,754.04,753.47,753.97,8521
1783703760,753.93,754.01,753.86,753.98,9354
1783703880,753.99,753.99,753.86,753.86,7555
1783704000,753.85,753.94,753.84,753.92,6805
1783704120,753.91,754,753.88,753.91,7180
1783704240,753.89,754,753.88,754,12092
1783704360,754.01,754.06,753.9,753.93,14633
1783704480,753.94,754.05,753.91,754.01,8403
1783704600,754.02,754.16,754.02,754.06,14715
1783704720,754.05,754.09,753.96,753.99,14899
1783704840,753.98,754.08,753.88,754.07,22755
1783704960,754.075,754.41,754.07,754.35,36248
1783705080,754.36,754.39,754.23,754.25,10566
1783705200,754.23,754.32,754.18,754.19,17319
1783705320,754.175,754.19,754.09,754.14,8130
1783705440,754.13,754.29,754.1,754.25,18260
1783705560,754.26,754.3,754.235,754.28,6903
1783705680,754.28,754.33,754.22,754.29,12356
1783705800,754.3,754.35,754.26,754.28,9283
1783705920,754.32,754.38,754.29,754.29,10148
1783706040,754.29,754.33,754.2,754.26,9740
1783706160,754.27,754.3,754.1,754.13,10341
1783706280,754.12,754.14,753.94,753.99,15478
1783706400,754,754.16,753.93,754.05,18425
1783706520,754.04,754.18,754,754.07,10903
1783706640,754.08,754.22,754,754.22,35101
1783706760,754.23,754.32,754.13,754.18,14500
1783706880,754.19,754.33,754.13,754.26,10623
1783707000,754.25,754.61,754.21,754.33,31559
1783707120,754.32,754.42,754.23,754.29,12340
1783707240,754.29,754.33,754.19,754.2,9566
1783707360,754.19,754.29,754.12,754.24,5799
1783707480,754.26,754.3,754.15,754.22,11029
1783707600,754.21,754.26,754.08,754.16,11926
1783707720,754.18,754.28,754.13,754.269,9825
1783707840,754.27,754.73,754.26,754.43,45358
1783707960,754.42,754.5,754.37,754.41,13638
1783708080,754.43,754.44,754.32,754.42,12347
1783708200,754.43,754.58,754.41,754.5,12103
1783708320,754.49,754.54,754.36,754.54,15258
1783708440,754.54,754.57,754.45,754.5,13386
1783708560,754.5,754.53,754.35,754.39,9716
1783708680,754.39,754.44,754.31,754.41,12753
1783708800,754.41,754.54,754.38,754.52,13230
1783708920,754.51,754.61,754.46,754.5,18026
1783709040,754.5,754.55,754.45,754.49,17981
1783709160,754.5,754.59,754.5,754.53,20427
1783709280,754.54,754.58,754.49,754.51,11851
1783709400,754.5,754.53,754.45,754.49,15937
1783709520,754.49,754.63,754.48,754.54,14582
1783709640,754.54,754.62,754.52,754.6,30929
1783709760,754.6,754.66,754.56,754.57,18623
1783709880,754.57,754.59,754.48,754.49,14491
1783710000,754.5,754.67,754.46,754.61,24899
1783710120,754.6,755.04,754.6,755.03,38498
1783710240,755.02,755.08,754.94,755.06,52762
1783710360,755.09,755.17,754.94,754.94,35205
1783710480,754.93,754.98,754.86,754.91,45552
1783710600,754.92,755.06,754.91,755.02,40690
1783710720,755.03,755.14,754.98,755.07,44987
1783710840,755.08,755.14,755.01,755.03,25013
1783710960,755.03,755.18,754.93,755,35952
1783711080,754.99,755.1,754.95,755.02,30855
1783711200,755.02,755.04,754.88,754.99,16281
1783711320,754.99,755.06,754.89,754.93,27371
1783711440,754.94,755.05,754.93,754.98,47448
1783711560,755.01,755.11,754.97,755.01,25957
1783711680,754.99,755.08,754.95,754.96,21070
1783711800,754.96,755.04,754.86,754.86,48642
1783711920,754.86,755.18,754.79,754.95,36018
1783712040,754.96,754.97,754.86,754.93,14678
1783712160,754.92,755.03,754.89,755.03,29163
1783712280,755.04,755.13,755.03,755.05,39364
1783712400,755.021,755.22,755.02,755.12,45447
1783712520,755.11,755.2,755.05,755.135,97787
1783712640,755.13,755.14,754.94,755.07,74445
1783712760,755.08,755.17,755.07,755.1,50850
1783712880,755.11,755.14,755.03,755.12,37765
1783713000,755.12,755.42,755.11,755.29,94710
1783713120,755.28,755.36,755.02,755.08,64920
1783713240,755.06,755.21,755,755.12,59700
1783713360,755.11,755.15,754.91,754.97,82942
1783713480,754.97,755.01,754.57,754.88,138327
1783949400,752.51,753.66,752.4,753.57,56773
1783949520,753.54,753.91,753.18,753.27,26067
1783949640,753.25,753.78,753.23,753.63,29565
1783949760,753.62,753.62,753.12,753.14,32637
1783949880,753.15,753.53,753.04,753.22,28113
1783950000,753.22,753.22,752.56,752.82,52734
1783950120,752.8,753.14,752.55,752.75,39171
1783950240,752.73,753.06,752.28,752.4,29157
1783950360,752.41,753.12,752.41,752.79,18086
1783950480,752.72,753.06,752.61,752.87,21586
1783950600,752.9,752.95,751.97,752.01,66121
1783950720,752.03,752.59,751.92,752.4,19085
1783950840,752.36,752.96,752.33,752.81,24500
1783950960,752.79,753.07,752.65,753.04,17513
1783951080,753.06,753.75,753.06,753.64,37337
1783951200,753.63,753.91,753.37,753.38,21874
1783951320,753.39,753.45,752.78,753.16,45182
1783951440,753.17,753.18,752.48,752.64,31411
1783951560,752.63,752.79,752.29,752.429,43316
1783951680,752.38,752.84,752.379,752.8,5237
1783951800,752.82,753.2,752.68,753.08,20818
1783951920,753.07,753.25,752.74,753.12,11239
1783952040,753.17,753.36,753.11,753.14,11499
1783952160,753.11,753.26,750.25,751.56,223415
1783952280,751.57,752.04,751,751.91,66366
1783952400,751.94,752.22,751.46,751.77,22057
1783952520,751.71,752.18,751.57,752.03,18007
1783952640,752.02,752.91,752.02,752.63,32450
1783952760,752.6,753.03,752.6,752.7,26756
1783952880,752.68,753.17,752.58,753.07,28768
1783953000,753.11,753.29,752.79,752.83,18925
1783953120,752.83,752.89,752.57,752.79,13926
1783953240,752.8,752.86,752.33,752.37,12842
1783953360,752.37,752.37,751.97,752.15,11765
1783953480,752.13,752.31,752.07,752.18,11545
1783953600,752.19,752.2,751.65,751.73,9694
1783953720,751.73,751.77,751.3,751.3,16252
1783953840,751.31,751.55,751.1,751.1,46650
1783953960,751.12,751.8,751,751.67,26460
1783954080,751.7,752.45,751.69,752.41,12552
1783954200,752.35,752.46,751.98,752.04,14813
1783954320,752.02,752.11,751.54,751.72,10188
1783954440,751.7,752,751.58,752,6895
1783954560,752.02,752.41,751.93,752.32,16512
1783954680,752.34,752.8,752.23,752.73,17011
1783954800,752.75,753.05,752.67,752.88,22231
1783954920,752.875,752.9,752.5,752.65,11782
1783955040,752.65,752.76,752.22,752.35,9296
1783955160,752.35,752.56,752.35,752.38,4644
1783955280,752.389,752.45,752.16,752.21,8242
1783955400,752.25,752.57,752.165,752.36,6767
1783955520,752.34,752.34,751.96,752.11,9310
1783955640,752.08,752.16,751.89,751.92,10727
1783955760,751.92,752.16,751.92,752.16,8844
1783955880,752.17,752.33,752.04,752.26,7068
1783956000,752.25,752.29,752.11,752.25,7219
1783956120,752.24,752.52,752.17,752.5,8349
1783956240,752.47,752.56,752.04,752.06,15555
1783956360,752,752.17,751.97,752.11,6195
1783956480,752.13,752.48,752.1,752.38,6332
1783956600,752.39,752.39,752,752.39,11432
1783956720,752.36,752.53,752.21,752.26,9473
1783956840,752.27,752.48,751.93,751.959,7801
1783956960,751.94,752.25,751.85,752.22,7559
1783957080,752.17,752.17,751.97,752.12,8826
1783957200,752.12,752.17,751.89,751.92,6310
1783957320,751.91,752.05,751.78,751.83,6359
1783957440,751.81,751.87,751.58,751.69,8033
1783957560,751.69,751.78,751.55,751.66,8500
1783957680,751.67,751.75,751.5,751.72,7162
1783957800,751.73,751.75,751.15,751.24,19910
1783957920,751.19,751.68,751.17,751.66,13203
1783958040,751.7,751.7,751.37,751.41,15845
1783958160,751.42,751.44,751.13,751.3,6518
1783958280,751.35,751.35,751.1,751.24,5577
1783958400,751.23,751.27,750.96,751.17,21168
1783958520,751.21,751.47,751.07,751.34,9084
1783958640,751.38,751.38,751.06,751.09,5515
1783958760,751.09,751.31,751.09,751.24,6776
1783958880,751.26,751.55,751.26,751.48,22453
1783959000,751.47,751.81,751.47,751.63,11594
1783959120,751.63,751.66,751.33,751.43,14949
1783959240,751.44,751.5,751.16,751.2,12882
1783959360,751.13,751.13,750.75,750.95,48247
1783959480,750.9,750.93,750.69,750.86,14055
1783959600,750.86,750.87,750.68,750.71,10253
1783959720,750.73,750.82,750.64,750.66,14814
1783959840,750.77,750.78,750.48,750.48,14343
1783959960,750.51,750.51,750.15,750.28,28340
1783960080,750.32,750.52,749.94,750.29,34596
1783960200,750.27,750.27,749.6,749.93,25883
1783960320,749.93,750,749.67,749.81,20449
1783960440,749.82,749.82,749.1,749.22,18467
1783960560,749.21,749.41,748.94,749.3,33512
1783960680,749.23,750.25,749.19,749.98,56754
1783960800,749.92,750.19,749.58,750.19,12100
1783960920,750.11,750.5,750.09,750.47,16097
1783961040,750.46,750.66,750.18,750.49,21704
1783961160,750.48,750.64,750.27,750.28,36408
1783961280,750.29,750.29,749.98,749.98,14295
1783961400,749.97,750.03,749.18,749.63,46149
1783961520,749.6,749.89,749.55,749.67,20113
1783961640,749.63,749.65,749.29,749.58,15906
1783961760,749.59,750.07,749.57,750.05,27975
1783961880,750.08,750.12,749.7,749.88,8892
1783962000,749.91,750.28,749.79,750.13,13919
1783962120,750.13,750.26,749.96,750.11,13123
1783962240,750.12,750.18,749.78,750.03,9391
1783962360,750.01,750.39,750,750.32,13449
1783962480,750.33,750.5,750.23,750.42,6856
1783962600,750.43,750.64,750.26,750.35,16270
1783962720,750.34,750.43,750.15,750.15,8711
1783962840,750.13,750.13,749.8,749.83,18422
1783962960,749.81,750.16,749.66,750.07,18113
1783963080,750.07,750.29,750.03,750.2,16707
1783963200,750.1,750.22,749.98,750.22,11527
1783963320,750.25,750.35,750.03,750.07,20312
1783963440,750.06,750.09,749.54,749.55,15125
1783963560,749.57,749.87,749.57,749.81,15338
1783963680,749.81,749.97,749.71,749.8,16195
1783963800,749.81,749.96,749.66,749.845,14679
1783963920,749.84,750.11,749.75,749.94,15880
1783964040,749.91,750,749.68,749.81,9456
1783964160,749.83,749.85,749.65,749.75,11983
1783964280,749.74,749.78,749.47,749.72,10501
1783964400,749.69,749.93,749.49,749.85,10434
1783964520,749.82,750.12,749.78,750.05,26686
1783964640,750.07,750.25,749.96,750.17,7870
1783964760,750.16,750.21,749.88,749.89,10050
1783964880,749.89,749.95,749.61,749.63,16303
1783965000,749.7,749.7,749.34,749.43,13542
1783965120,749.41,749.6,749.22,749.31,41332
1783965240,749.32,749.55,749.28,749.43,16246
1783965360,749.44,749.5,749.22,749.31,22390
1783965480,749.3,749.37,749.21,749.23,15859
1783965600,749.255,749.81,749.19,749.66,30166
1783965720,749.65,749.87,749.58,749.72,7189
1783965840,749.76,750.16,749.59,750.1,11349
1783965960,750.1,750.22,749.87,750,13394
1783966080,749.97,749.98,749.58,749.6,28356
1783966200,749.65,749.65,749.15,749.35,24395
1783966320,749.34,749.71,749.29,749.71,16907
1783966440,749.69,749.82,749.53,749.62,15021
1783966560,749.61,749.649,749.29,749.45,19054
1783966680,749.46,749.46,749.06,749.2,14463
1783966800,749.23,749.33,749.05,749.27,15829
1783966920,749.31,749.37,749.11,749.27,14562
1783967040,749.26,749.545,749.16,749.44,17954
1783967160,749.45,749.58,749.31,749.33,12489
1783967280,749.39,749.51,749.18,749.23,20818
1783967400,749.21,749.35,748.98,749.35,22024
1783967520,749.36,749.53,749.32,749.45,16426
1783967640,749.45,749.52,749.19,749.5,18474
1783967760,749.5,749.66,749.37,749.61,22585
1783967880,749.63,749.75,749.51,749.67,22660
1783968000,749.67,749.88,749.56,749.83,17590
1783968120,749.84,750.04,749.8,749.84,17374
1783968240,749.84,749.9,749.67,749.7,25116
1783968360,749.71,749.83,749.61,749.61,16455
1783968480,749.63,749.81,749.51,749.76,27026
1783968600,749.77,749.93,749.53,749.83,25161
1783968720,749.83,749.98,749.77,749.92,21123
1783968840,749.9,750.05,749.7,749.73,16590
1783968960,749.7,749.88,749.7,749.83,19078
1783969080,749.8,749.85,749.46,749.57,19239
1783969200,749.63,749.64,749.18,749.63,25764
1783969320,749.64,749.9,749.61,749.72,15520
1783969440,749.74,749.89,749.73,749.86,14064
1783969560,749.83,749.97,749.55,749.58,22652
1783969680,749.58,749.75,749.5,749.51,16126
1783969800,749.5,749.52,749.17,749.21,19160
1783969920,749.23,749.3,749.1,749.26,26039
1783970040,749.25,749.41,749.14,749.2,28116
1783970160,749.21,749.34,749.16,749.3,22965
1783970280,749.29,749.44,749.19,749.26,21224
1783970400,749.28,749.28,749.06,749.16,23797
1783970520,749.15,749.18,748.7,748.821,59005
1783970640,748.87,748.94,748.69,748.79,41186
1783970760,748.8,748.81,748.41,748.43,44530
1783970880,748.43,748.61,748.17,748.38,62363
1783971000,748.39,748.69,748.3,748.6,51348
1783971120,748.6,748.9,748.49,748.67,50143
1783971240,748.68,748.7,748.31,748.39,31919
1783971360,748.4,748.4,748.17,748.33,47783
1783971480,748.34,748.405,748,748.26,43446
1783971600,748.25,748.52,748.18,748.495,30695
1783971720,748.5,748.91,748.48,748.885,36180
1783971840,748.89,749.04,748.63,748.75,51875
1783971960,748.74,748.76,748.57,748.67,38263
1783972080,748.68,748.97,748.68,748.88,24582
1783972200,748.89,749.4,748.87,749.38,100020
1783972320,749.37,749.45,749.18,749.28,88434
1783972440,749.28,749.41,748.97,749.38,119953
1783972560,749.37,749.5,749.17,749.47,120914
1783972680,749.46,749.61,748.93,749.09,279306
1784035800,750.86,751.04,749.86,750,114936
1784035920,750.05,750.39,749.57,749.86,60774
1784036040,749.87,749.94,749.46,749.61,26473
1784036160,749.58,750.73,749.52,750.56,31611
1784036280,750.59,751.36,750.47,751.25,37263
1784036400,751.17,751.28,750.82,751.22,14685
1784036520,751.22,751.5,750.59,751.08,26782
1784036640,751.125,751.77,751.04,751.69,21451
1784036760,751.68,751.75,750.59,750.83,48527
1784036880,750.83,751.12,750.75,751.01,12744
1784037000,751.02,751.36,750.89,751.15,25025
1784037120,751.15,751.33,750.63,751.31,44179
1784037240,751.31,751.61,750.721,750.8,19275
1784037360,750.81,751.39,750.81,751.36,17243
1784037480,751.36,751.55,751.28,751.35,8126
1784037600,751.35,751.48,750.69,750.75,21424
1784037720,750.68,750.97,750.21,750.8,26029
1784037840,750.82,750.91,749.94,750.305,28240
1784037960,750.32,750.69,750.13,750.47,17225
1784038080,750.48,750.61,749.89,750.24,15836
1784038200,750.22,750.5,749.79,749.94,23376
1784038320,749.95,750.37,749.87,750.07,26774
1784038440,750.11,750.47,749.5,749.52,25820
1784038560,749.52,749.52,748.69,749.21,32488
1784038680,749.17,750.01,749.04,749.85,17447
1784038800,749.83,750.39,749.83,750.38,19237
1784038920,750.4,750.87,750.27,750.36,20653
1784039040,750.35,750.58,749.98,750.31,14482
1784039160,750.32,751.3,750.1,750.47,27122
1784039280,750.44,750.8,750.16,750.7,9689
1784039400,750.72,750.95,750.5,750.76,37808
1784039520,750.78,751.59,750.73,751.44,17069
1784039640,751.46,753.34,751.46,751.91,166100
1784039760,751.85,752.13,751.6,751.71,30254
1784039880,751.71,752.01,751.54,751.91,14267
1784040000,751.979,752.27,751.79,751.87,15602
1784040120,751.87,752.11,751.13,751.24,12999
1784040240,751.22,751.43,750.97,751.4,19208
1784040360,751.37,751.46,750.78,751,18262
1784040480,751.03,751.25,750.79,750.87,10662
1784040600,750.84,751.24,750.5,751.24,11824
1784040720,751.25,751.35,751.09,751.21,9326
1784040840,751.25,751.78,751.2,751.7,7778
1784040960,751.68,751.87,751.55,751.8,4265
1784041080,751.83,751.95,751.67,751.71,9114
1784041200,751.74,752.04,751.55,751.55,23007
1784041320,751.53,751.66,751.36,751.36,13835
1784041440,751.44,753,751.29,752.4,96229
1784041560,752.42,752.7,752.33,752.56,27487
1784041680,752.59,753.04,752.57,752.78,37703
1784041800,752.81,752.98,752.47,752.49,12625
1784041920,752.49,752.66,752.37,752.625,12071
1784042040,752.62,752.64,752.48,752.52,6561
1784042160,752.48,752.53,752.09,752.125,14395
1784042280,752.16,752.17,751.73,751.98,21147
1784042400,751.94,752.325,751.65,752.28,5918
1784042520,752.23,752.36,752.06,752.34,13941
1784042640,752.32,752.57,752.3,752.35,19806
1784042760,752.42,752.6,752.36,752.46,10353
1784042880,752.48,752.71,752.48,752.6,10925
1784043000,752.64,752.9,752.48,752.625,25628
1784043120,752.66,752.66,752,752.01,29064
1784043240,752,752.12,751.53,751.78,23665
1784043360,751.76,751.91,751.59,751.85,8298
1784043480,751.88,752.02,751.77,751.86,7658
1784043600,751.85,751.85,751,751.21,22891
1784043720,751.24,751.24,750.76,751.16,20414
1784043840,751.21,751.79,751.19,751.63,18108
1784043960,751.59,751.93,751.54,751.9,10813
1784044080,751.9,751.94,751.56,751.6,10364
1784044200,751.6,751.71,751.06,751.11,12153
1784044320,751.11,751.32,750.95,751.25,11969
1784044440,751.25,751.27,750.81,750.91,11684
1784044560,750.93,751.15,750.62,750.75,11542
1784044680,750.74,751.01,750.67,751,10078
1784044800,751.05,751.06,750.3,750.35,25867
1784044920,750.35,750.4,750.01,750.1,19197
1784045040,750.07,750.49,750.06,750.32,12924
1784045160,750.32,750.51,750.02,750.24,26591
1784045280,750.23,750.7,750.18,750.45,14814
1784045400,750.46,750.58,750.06,750.4,18199
1784045520,750.34,750.62,750.19,750.5,16393
1784045640,750.51,750.73,750.02,750.15,32332
1784045760,750.19,750.34,750.1,750.21,5874
1784045880,750.295,750.42,750.12,750.42,16036
1784046000,750.41,750.58,750.18,750.29,16155
1784046120,750.29,750.39,750.01,750.11,12300
1784046240,750.1,750.45,750.1,750.42,13323
1784046360,750.38,750.85,750.35,750.79,19193
1784046480,750.79,750.91,750.68,750.8,10405
1784046600,750.78,751.05,750.72,750.99,8383
1784046720,750.99,751.11,750.63,750.83,13212
1784046840,750.81,751.24,750.73,751.13,8833
1784046960,751.14,751.32,751.07,751.07,21286
1784047080,751.06,751.31,750.99,751.21,3757
1784047200,751.24,751.56,751.07,751.52,18544
1784047320,751.52,751.74,751.44,751.68,10432
1784047440,751.69,751.74,751.4,751.4,11753
1784047560,751.39,751.409,751.13,751.2,10667
1784047680,751.17,751.4,750.96,751.4,6900
1784047800,751.39,751.5,751.3,751.47,4483
1784047920,751.46,751.64,751.4,751.58,4519
1784048040,751.57,751.64,751.44,751.6,4964
1784048160,751.59,751.68,751.44,751.58,5378
1784048280,751.59,751.841,751.47,751.841,8550
1784048400,751.86,752.03,751.73,752.02,23443
1784048520,752.03,752.05,751.85,751.86,12876
1784048640,751.86,751.91,751.65,751.72,9497
1784048760,751.735,751.84,751.57,751.84,5127
1784048880,751.82,752.2,751.82,752.11,6471
1784049000,752.09,752.22,752.03,752.16,5257
1784049120,752.15,752.175,752.02,752.02,6864
1784049240,752.02,752.03,751.52,751.72,28501
1784049360,751.74,751.859,751.68,751.74,16874
1784049480,751.73,752.12,751.73,752.071,6937
1784049600,752.08,752.3,752.08,752.3,6897
1784049720,752.31,752.5,752.27,752.48,11679
1784049840,752.49,752.61,752.36,752.41,19905
1784049960,752.41,752.53,752.29,752.38,4544
1784050080,752.38,752.43,752.23,752.3,8032
1784050200,752.32,752.48,752.32,752.43,6677
1784050320,752.43,752.43,752.1,752.1,6722
1784050440,752.1,752.16,751.8,751.89,12947
1784050560,751.92,752.08,751.85,752.051,7530
1784050680,752.1,752.12,751.99,752.12,7056
1784050800,752.1,752.18,751.96,751.99,7568
1784050920,751.97,752.09,751.91,752.02,6493
1784051040,752.019,752.11,751.88,751.91,6269
1784051160,751.89,751.96,751.79,751.95,5165
1784051280,751.9,752.22,751.9,752.1,5647
1784051400,752.07,752.28,752.07,752.25,5358
1784051520,752.26,752.31,752.14,752.16,7944
1784051640,752.16,752.24,752.14,752.18,3846
1784051760,752.18,752.27,752.13,752.25,6003
1784051880,752.25,752.31,752.21,752.27,5981
1784052000,752.28,752.31,751.93,752.1,11819
1784052120,752.13,752.4,752.08,752.4,12992
1784052240,752.4,752.48,752.35,752.41,9525
1784052360,752.41,752.44,752.26,752.41,8471
1784052480,752.41,752.5,752.39,752.4,4622
1784052600,752.42,752.47,752.36,752.41,11703
1784052720,752.42,752.55,752.39,752.52,10141
1784052840,752.51,752.76,752.49,752.6,12402
1784052960,752.6,752.65,752.5,752.54,7318
1784053080,752.54,752.64,752.46,752.62,6909
1784053200,752.59,752.7,752.52,752.63,6873
1784053320,752.62,752.76,752.62,752.66,4866
1784053440,752.67,752.67,752.31,752.53,25036
1784053560,752.51,752.54,752.42,752.49,5691
1784053680,752.51,752.6,752.44,752.5,7229
1784053800,752.51,752.55,752.33,752.45,9767
1784053920,752.455,752.51,752.33,752.43,12495
1784054040,752.42,752.53,752.39,752.51,9674
1784054160,752.51,752.59,751.97,752.41,48098
1784054280,752.41,752.41,752.22,752.36,4502
1784054400,752.34,752.34,751.66,752.04,39213
1784054520,752.07,752.08,751.86,751.879,19678
1784054640,751.89,752.04,751.88,751.92,7604
1784054760,751.96,752.24,751.91,752.15,16390
1784054880,752.15,752.17,751.94,751.98,14597
1784055000,751.95,752.09,751.86,752.07,12982
1784055120,752.03,752.32,751.99,752.27,8166
1784055240,752.28,752.289,752.09,752.15,12891
1784055360,752.16,752.25,752.1,752.1,8772
1784055480,752.11,752.26,752.08,752.18,14879
1784055600,752.18,752.26,752.02,752.02,21641
1784055720,752.02,752.05,751.87,751.94,22677
1784055840,751.91,752.04,751.88,751.97,9897
1784055960,751.99,752.1,751.84,751.97,8635
1784056080,751.96,752.08,751.9,751.9,29724
1784056200,751.89,751.97,751.77,751.84,11908
1784056320,751.84,752.13,751.83,752.11,21047
1784056440,752.1,752.16,752.01,752.16,11640
1784056560,752.15,752.2,752.03,752.15,8522
1784056680,752.16,752.24,751.81,752.08,22371
1784056800,752.11,752.27,752.05,752.24,9347
1784056920,752.24,752.4,752.23,752.31,12388
1784057040,752.32,752.44,752.28,752.38,11347
1784057160,752.39,752.45,752.32,752.38,19941
1784057280,752.37,752.38,752.13,752.13,15884
1784057400,752.16,752.17,751.715,751.975,57608
1784057520,751.97,752.06,751.78,752.04,17017
1784057640,752.02,752.07,751.9,752.02,17486
1784057760,752,752.32,751.95,752.16,32418
1784057880,752.15,752.23,751.93,751.97,27616
1784058000,751.96,752.12,751.91,752.08,16694
1784058120,752.1,752.27,752.06,752.27,20271
1784058240,752.27,752.4,752.25,752.39,31833
1784058360,752.38,752.41,752.29,752.29,24666
1784058480,752.28,752.52,752.28,752.47,30251
1784058600,752.48,752.51,752.13,752.29,103513
1784058720,752.3,752.46,752.29,752.38,63422
1784058840,752.38,752.4,751.99,752.09,51302
1784058960,752.09,752.48,752.04,752.47,84596
1784059080,752.46,752.47,751.79,751.86,273309
1784122200,754.26,754.91,754.19,754.7,88186
1784122320,754.7,755.06,754.61,755,37304
1784122440,755.01,755.24,754.81,755.02,48371
1784122560,755.07,755.58,754.91,754.91,40649
1784122680,754.92,754.98,754.52,754.83,25775
1784122800,754.86,754.86,754.44,754.48,19394
1784122920,754.44,754.76,754.29,754.74,28080
1784123040,754.74,754.81,753.93,754,31937
1784123160,753.99,754.01,753.419,753.59,29629
1784123280,753.58,753.8,753.36,753.56,21789
1784123400,753.58,753.65,753.185,753.32,43697
1784123520,753.3,753.8,753.26,753.51,35917
1784123640,753.53,754.37,753.53,754.2,18678
1784123760,754.19,754.46,753.92,754.35,23336
1784123880,754.36,754.62,754.19,754.44,33514
1784124000,754.55,755.12,754.55,755.12,53488
1784124120,755.11,755.18,754.84,755.04,34622
1784124240,755.04,755.08,754.64,754.82,21423
1784124360,754.84,755.3,754.8,755.19,44059
1784124480,755.19,755.33,754.94,755.07,22824
1784124600,755.06,755.21,754.9,754.96,13980
1784124720,754.96,755.14,754.87,754.98,15632
1784124840,755.03,755.09,754.64,754.98,17444
1784124960,754.98,755.52,754.86,755.38,22985
1784125080,755.4,755.56,755.23,755.32,19795
1784125200,755.33,755.35,754.6,754.89,42740
1784125320,754.88,754.95,753.96,754.05,34348
1784125440,754.08,754.15,753.36,753.68,98217
1784125560,753.7,754.17,753.48,754.11,44160
1784125680,754.12,754.72,754.1,754.62,47859
1784125800,754.64,754.87,754.21,754.24,27237
1784125920,754.26,754.7,753.95,754.7,23415
1784126040,754.72,754.77,754.38,754.53,17238
1784126160,754.5,754.5,753.79,753.83,21919
1784126280,753.83,754.01,753.52,753.67,36391
1784126400,753.7,753.97,753.5,753.72,18329
1784126520,753.7,753.709,752.82,753.28,35541
1784126640,753.35,753.61,753,753.06,19165
1784126760,753.04,753.44,752.93,753.39,18901
1784126880,753.38,753.83,753.18,753.78,19448
1784127000,753.8,753.82,753.21,753.32,16041
1784127120,753.35,753.47,753.01,753.14,45292
1784127240,753.14,753.24,752.74,753.02,14577
1784127360,752.98,753.46,752.91,753.22,17373
1784127480,753.211,753.53,753.08,753.48,21492
1784127600,753.49,753.68,753.07,753.13,16528
1784127720,753.12,753.5,753.09,753.24,10820
1784127840,753.25,753.4,752.98,753.4,8514
1784127960,753.44,753.74,753.3,753.72,9995
1784128080,753.72,754.12,753.67,754.03,21305
1784128200,754.03,754.15,753.65,753.72,23080
1784128320,753.74,753.84,753.45,753.5,11388
1784128440,753.5,753.53,752.65,752.81,18823
1784128560,752.77,753.05,752.21,752.96,26625
1784128680,752.96,753.36,752.9,753.28,21728
1784128800,753.24,753.24,752.91,752.95,25135
1784128920,752.92,752.92,752.47,752.67,24876
1784129040,752.68,753.15,752.58,752.989,30727
1784129160,753.03,753.2,752.89,753.08,21719
1784129280,753.1,753.62,753.09,753.61,14011
1784129400,753.6,753.66,753.15,753.429,28365
1784129520,753.42,753.83,753.42,753.71,20205
1784129640,753.7,753.78,753.06,753.29,14527
1784129760,753.29,753.74,753.29,753.6,25559
1784129880,753.61,753.74,753.49,753.64,13044
1784130000,753.69,753.76,753.4,753.52,14037
1784130120,753.57,753.58,753.21,753.25,5235
1784130240,753.22,753.27,752.95,753.02,20926
1784130360,753.02,753.23,752.88,752.89,11094
1784130480,752.86,753.13,752.78,752.82,14952
1784130600,752.82,752.83,752.339,752.539,23177
1784130720,752.58,752.7,752.45,752.66,5550
1784130840,752.68,752.75,752.57,752.61,6198
1784130960,752.62,752.64,752.31,752.39,7703
1784131080,752.39,752.78,752.39,752.64,9245
1784131200,752.63,752.82,752.13,752.19,12339
1784131320,752.18,752.22,751.76,751.86,30587
1784131440,751.85,752.14,751.82,752.03,26359
1784131560,752.03,752.04,751.49,751.57,25605
1784131680,751.56,751.97,751.39,751.95,23285
1784131800,751.94,752.07,751.76,751.82,14878
1784131920,751.83,751.95,751.58,751.6,17093
1784132040,751.58,751.59,751.11,751.26,24773
1784132160,751.269,751.34,750.92,751.19,20616
1784132280,751.2,751.36,751.03,751.04,13262
1784132400,751.05,751.17,750.75,750.79,18631
1784132520,750.79,751.05,750.69,750.865,22071
1784132640,750.85,750.85,750.44,750.7,22998
1784132760,750.71,750.87,750.49,750.54,26003
1784132880,750.54,750.89,750.44,750.83,11293
1784133000,750.81,751.19,750.75,750.88,15296
1784133120,750.86,750.92,750.62,750.73,13300
1784133240,750.75,750.79,750.22,750.41,31774
1784133360,750.42,750.48,750.27,750.421,13608
1784133480,750.43,750.62,750.37,750.44,13319
1784133600,750.44,750.62,750.21,750.46,11537
1784133720,750.43,750.55,750.33,750.52,14597
1784133840,750.51,750.99,750.505,750.78,38359
1784133960,750.78,752.3,750.74,751.06,99608
1784134080,751.08,751.38,751.08,751.34,26495
1784134200,751.32,751.85,751.31,751.519,21063
1784134320,751.49,751.73,751.42,751.69,12162
1784134440,751.68,751.689,751.16,751.18,29715
1784134560,751.19,751.29,750.97,751.27,23409
1784134680,751.27,751.65,751.23,751.65,10252
1784134800,751.68,752.05,751.59,751.92,27987
1784134920,751.91,752.07,751.89,752.02,16868
1784135040,752.03,752.03,751.84,751.89,18203
1784135160,751.88,752.32,751.88,752.299,20281
1784135280,752.31,752.41,752.08,752.1,10641
1784135400,752.1,752.25,752,752.03,10162
1784135520,752.06,752.19,751.98,752,7713
1784135640,751.98,752.02,751.76,752.02,14122
1784135760,751.99,752.2,751.8,752.15,13457
1784135880,752.18,752.53,752.17,752.4,27673
1784136000,752.42,752.59,752.23,752.31,8982
1784136120,752.3,752.46,752.3,752.39,6635
1784136240,752.38,752.57,752.37,752.54,7055
1784136360,752.55,752.57,752.355,752.48,9531
1784136480,752.49,752.86,752.38,752.82,32851
1784136600,752.811,753.13,752.811,752.96,45304
1784136720,752.94,753.21,752.88,753.15,33613
1784136840,753.14,753.21,753.02,753.16,19094
1784136960,753.16,753.41,753.14,753.36,33695
1784137080,753.35,753.47,753.31,753.38,15191
1784137200,753.4,753.44,753.23,753.29,16772
1784137320,753.3,753.4,753.2,753.37,25635
1784137440,753.35,753.45,753.25,753.409,6358
1784137560,753.42,753.95,753.42,753.93,34451
1784137680,753.92,754.07,753.76,754.03,17684
1784137800,754.07,754.09,753.85,753.91,20868
1784137920,753.9,754.34,753.88,754.29,41228
1784138040,754.3,754.57,754.21,754.31,64972
1784138160,754.3,754.36,754.17,754.32,27108
1784138280,754.31,754.36,754,754.18,41551
1784138400,754.2,754.47,754.14,754.45,28722
1784138520,754.46,754.52,754.37,754.5,15316
1784138640,754.48,754.55,754.3,754.51,23933
1784138760,754.52,754.65,754.5,754.53,22838
1784138880,754.53,754.6,754.5,754.56,11909
1784139000,754.58,754.74,754.58,754.7,17816
1784139120,754.74,754.75,754.6,754.65,32643
1784139240,754.64,754.67,754.34,754.39,39055
1784139360,754.37,754.42,754.24,754.31,22649
1784139480,754.3,754.45,754.22,754.32,20184
1784139600,754.33,754.69,754.32,754.64,22891
1784139720,754.63,754.84,754.61,754.76,20707
1784139840,754.75,754.79,754.61,754.64,22280
1784139960,754.62,754.71,754.58,754.71,16485
1784140080,754.7,754.8,754.6,754.64,26699
1784140200,754.64,754.76,754.54,754.72,15418
1784140320,754.7,754.91,754.7,754.74,23650
1784140440,754.74,754.84,754.63,754.63,8183
1784140560,754.64,754.66,754.47,754.59,19551
1784140680,754.57,754.57,754.44,754.49,14093
1784140800,754.48,754.57,754.46,754.51,12169
1784140920,754.5,754.58,754.21,754.28,15748
1784141040,754.28,754.29,753.82,753.89,21963
1784141160,753.91,753.99,753.38,753.78,35893
1784141280,753.78,753.84,753.62,753.62,19346
1784141400,753.64,753.71,753.19,753.29,20196
1784141520,753.27,753.48,753.15,753.21,16084
1784141640,753.21,753.53,753.18,753.39,13635
1784141760,753.41,753.41,753.19,753.31,11318
1784141880,753.35,753.47,753.11,753.16,22566
1784142000,753.17,753.36,753.05,753.36,13752
1784142120,753.34,753.68,753.34,753.53,12148
1784142240,753.52,753.73,753.52,753.61,11068
1784142360,753.61,753.84,753.55,753.72,19400
1784142480,753.72,753.72,753.5,753.57,14959
1784142600,753.54,753.75,753.48,753.56,11713
1784142720,753.58,753.93,753.58,753.68,53680
1784142840,753.71,753.84,753.58,753.75,9384
1784142960,753.76,753.78,753.65,753.7,8084
1784143080,753.69,753.81,753.53,753.53,8814
1784143200,753.51,753.53,753.17,753.36,20854
1784143320,753.34,753.4,753.23,753.4,15276
1784143440,753.37,753.44,753.19,753.27,16650
1784143560,753.27,753.77,753.22,753.61,25166
1784143680,753.6,753.68,753.53,753.62,14968
1784143800,753.63,753.92,753.63,753.88,50373
1784143920,753.86,753.92,753.1,753.42,98056
1784144040,753.41,753.6,753.13,753.55,42467
1784144160,753.54,753.6,753.45,753.56,24278
1784144280,753.55,753.89,753.54,753.81,39425
1784144400,753.82,754.08,753.78,754.04,37066
1784144520,754.03,754.21,753.93,754.09,37973
1784144640,754.11,754.17,753.95,753.97,30059
1784144760,753.99,753.99,753.66,753.71,31622
1784144880,753.73,753.76,753.51,753.63,71907
1784145000,753.68,754.14,753.62,754.01,73157
1784145120,754,754.17,753.93,754.07,57385
1784145240,754.08,754.51,753.95,754.46,103439
1784145360,754.46,754.48,754.33,754.47,49240
1784145480,754.46,754.78,754.29,754.73,139298
1784208600,752.79,753.5,752.75,753.39,73167
1784208720,753.39,753.52,752.6,752.63,47214
1784208840,752.67,752.84,751.81,752,36516
1784208960,752.02,752.5,751.9,752.32,17860
1784209080,752.23,752.23,751.63,751.7,28548
1784209200,751.73,752.28,751.25,751.31,32721
1784209320,751.3,751.65,751.09,751.61,42610
1784209440,751.59,751.89,751.18,751.34,32954
1784209560,751.31,751.67,751.25,751.25,22816
1784209680,751.22,751.36,750.67,751.04,63986
1784209800,751.045,751.94,750.99,751.72,28099
1784209920,751.73,752.25,751.52,751.72,20042
1784210040,751.71,752.2,751,751.44,27263
1784210160,751.44,752.12,751.39,751.46,12790
1784210280,751.48,751.95,751.48,751.91,12095
1784210400,751.89,752.62,751.67,752.54,41023
1784210520,752.53,752.84,752.41,752.64,34384
1784210640,752.62,753.01,752.38,752.96,29226
1784210760,752.92,753.09,752.78,753.01,24883
1784210880,753.02,753.55,752.99,753.42,44143
1784211000,753.39,753.6,753.34,753.34,29169
1784211120,753.33,753.58,753.21,753.43,23798
1784211240,753.43,753.52,753.28,753.44,13804
1784211360,753.43,753.71,753.29,753.36,12822
1784211480,753.3,753.93,753.21,753.88,9908
1784211600,753.87,753.92,753.34,753.37,15251
1784211720,753.39,753.65,753.07,753.43,27681
1784211840,753.43,753.79,753.29,753.6,72172
1784211960,753.66,754.25,753.37,754.11,33785
1784212080,754.13,754.38,754.07,754.36,60984
1784212200,754.32,754.35,754.02,754.06,25985
1784212320,754.02,754.43,753.98,754.29,15808
1784212440,754.28,754.38,754.11,754.28,6609
1784212560,754.3,754.5,754.09,754.27,13782
1784212680,754.27,754.319,753.83,753.91,17086
1784212800,753.91,754.11,753.75,753.92,10920
1784212920,753.9,754.35,753.88,754.3,9427
1784213040,754.33,754.57,754.16,754.36,38833
1784213160,754.35,754.5,754.17,754.25,9202
1784213280,754.24,754.34,754.15,754.19,9002
1784213400,754.19,754.24,753.69,753.92,25925
1784213520,753.93,754.03,753.7,753.81,29710
1784213640,753.81,753.85,753.34,753.51,22231
1784213760,753.53,753.84,753.41,753.8,13465
1784213880,753.8,754.2,753.77,754.19,19311
1784214000,754.21,754.39,753.98,753.98,17594
1784214120,753.97,754.22,753.71,753.71,19880
1784214240,753.71,753.81,753.4,753.72,17400
1784214360,753.71,753.71,753.18,753.18,19953
1784214480,753.2,753.51,753.09,753.51,16737
1784214600,753.52,753.78,753.48,753.54,12881
1784214720,753.56,753.57,753.13,753.23,24544
1784214840,753.23,753.51,753.08,753.239,17953
1784214960,753.2,753.39,752.98,753.26,13558
1784215080,753.34,753.63,753.33,753.63,5366
1784215200,753.62,753.62,753.17,753.17,6116
1784215320,753.19,753.35,753.03,753.32,5765
1784215440,753.3,754.18,753.25,754.17,11848
1784215560,754.115,754.44,754.04,754.13,18303
1784215680,754.07,754.16,753.56,753.8,12385
1784215800,753.85,754,753.27,754,15860
1784215920,753.98,754.17,753.89,753.97,7785
1784216040,753.99,754.22,753.98,754.06,7028
1784216160,754.04,754.07,753.86,753.86,4313
1784216280,753.86,754.4,753.85,754.34,12586
1784216400,754.31,754.4,753.73,753.74,11404
1784216520,753.74,753.95,753.59,753.62,7682
1784216640,753.57,753.73,753.31,753.37,9853
1784216760,753.34,753.36,753.12,753.199,12395
1784216880,753.18,753.54,753.03,753.54,21611
1784217000,753.56,754.09,753.55,753.99,14820
1784217120,753.93,754.07,753.75,753.789,7362
1784217240,753.71,753.84,753.37,753.46,6286
1784217360,753.46,753.78,753.35,753.65,5926
1784217480,753.66,753.72,753.4,753.589,6375
1784217600,753.64,753.64,753.21,753.28,9224
1784217720,753.27,753.31,753.1,753.31,6664
1784217840,753.31,753.31,752.36,752.42,23153
1784217960,752.43,753.05,752.36,752.78,38228
1784218080,752.779,753.02,752.77,752.94,8655
1784218200,752.89,752.9,752.33,752.37,17699
1784218320,752.36,752.37,751.99,752.26,27209
1784218440,752.27,752.31,751.92,752.2,19495
1784218560,752.215,752.34,752.05,752.27,14213
1784218680,752.21,752.54,752.14,752.22,14561
1784218800,752.14,752.165,751.74,751.81,32424
1784218920,751.81,751.84,751.54,751.66,30669
1784219040,751.66,751.81,751.46,751.71,11847
1784219160,751.74,752.12,751.7,752.11,6418
1784219280,752.08,752.1,751.74,751.93,7011
1784219400,751.94,752.35,751.91,752.31,9510
1784219520,752.29,752.52,752.21,752.24,11222
1784219640,752.24,752.29,751.98,752.07,5092
1784219760,752.1,752.28,751.92,752.25,5755
1784219880,752.3,752.37,751.87,751.9,23048
1784220000,751.9,752.22,751.82,752,22088
1784220120,751.96,751.96,751.81,751.89,4750
1784220240,751.9,752.17,751.87,751.88,5541
1784220360,751.86,751.95,751.59,751.85,19852
1784220480,751.82,752.09,751.79,752.03,7137
1784220600,752.01,752.53,751.89,752.4,9239
1784220720,752.39,752.62,752.35,752.56,9199
1784220840,752.579,752.96,752.48,752.86,7351
1784220960,752.87,752.94,752.74,752.8,12543
1784221080,752.76,752.97,752.63,752.86,32738
1784221200,752.88,752.91,752.32,752.51,15404
1784221320,752.52,752.615,752.21,752.5,7020
1784221440,752.449,752.7,752.31,752.42,7242
1784221560,752.5,752.56,752.21,752.49,3068
1784221680,752.45,752.84,752.45,752.63,6874
1784221800,752.66,752.78,752.42,752.47,9706
1784221920,752.455,752.59,752.345,752.41,7600
1784222040,752.38,752.51,752.14,752.44,7466
1784222160,752.42,752.42,752.12,752.23,7563
1784222280,752.18,752.47,752.17,752.42,4940
1784222400,752.41,752.51,752.16,752.28,7107
1784222520,752.23,752.23,752.07,752.12,9456
1784222640,752.11,752.23,752.03,752.13,7450
1784222760,752.1,752.629,752.075,752.6,9497
1784222880,752.589,752.84,752.54,752.72,14006
1784223000,752.68,752.81,752.61,752.68,8972
1784223120,752.73,752.81,752.2,752.2,7959
1784223240,752.19,752.21,752.01,752.05,7090
1784223360,752.05,752.21,751.83,751.83,14016
1784223480,751.82,751.96,751.54,751.66,26174
1784223600,751.61,751.61,751.18,751.28,13770
1784223720,751.22,751.5,751.1,751.25,18264
1784223840,751.25,751.44,751.08,751.16,12108
1784223960,751.19,751.68,751.09,751.6,17881
1784224080,751.51,751.89,751.46,751.68,4772
1784224200,751.695,751.76,751.58,751.6,3576
1784224320,751.54,751.81,751.37,751.74,5742
1784224440,751.81,751.88,751.26,751.28,6585
1784224560,751.3,751.33,751.1,751.1,14396
1784224680,751.13,751.39,751.13,751.32,11737
1784224800,751.34,751.46,751.11,751.31,9851
1784224920,751.31,751.33,751,751.06,19335
1784225040,751.06,751.17,750.73,750.79,15562
1784225160,750.78,750.94,750.5,750.67,28458
1784225280,750.66,750.9,750.46,750.74,39574
1784225400,750.74,751.46,750.72,751.22,23558
1784225520,751.22,751.39,750.94,751.13,21181
1784225640,751.13,751.19,750.45,750.68,42254
1784225760,750.66,751.34,750.66,751.26,16068
1784225880,751.27,751.3,751.08,751.19,11426
1784226000,751.195,751.63,751.16,751.6,23389
1784226120,751.575,751.7,751.23,751.37,19640
1784226240,751.38,751.49,751.12,751.12,11497
1784226360,751.1,751.43,751.03,751.18,8734
1784226480,751.19,751.35,750.87,750.91,15785
1784226600,750.92,750.93,750.6,750.68,6784
1784226720,750.68,750.83,750.55,750.64,15779
1784226840,750.645,750.76,750.53,750.66,9474
1784226960,750.62,750.63,750.36,750.51,13846
1784227080,750.55,750.64,750.37,750.37,13748
1784227200,750.36,750.43,749.92,750.2,68199
1784227320,750.21,750.69,750.07,750.52,22511
1784227440,750.46,750.73,750.3,750.57,8784
1784227560,750.57,750.75,750.5,750.64,11155
1784227680,750.63,750.9,750.63,750.765,27142
1784227800,750.735,750.93,750.68,750.7,8461
1784227920,750.67,750.67,750.26,750.39,16250
1784228040,750.4,750.4,750.12,750.15,11240
1784228160,750.19,750.48,750.15,750.22,26313
1784228280,750.18,750.38,750.18,750.24,6424
1784228400,750.22,750.43,750.09,750.32,13657
1784228520,750.34,750.71,750.29,750.56,16912
1784228640,750.56,750.68,750.38,750.67,7306
1784228760,750.68,750.68,749.91,750,30795
1784228880,750,750.07,749.76,749.77,23402
1784229000,749.75,749.83,749.625,749.66,17788
1784229120,749.655,749.77,749.58,749.64,21817
1784229240,749.65,749.77,749.57,749.69,22369
1784229360,749.69,749.87,749.48,749.5,58178
1784229480,749.46,749.8,749.4,749.78,76067
1784229600,749.76,749.96,749.66,749.94,37428
1784229720,749.95,750.01,749.58,749.59,29698
1784229840,749.6,749.63,749.3,749.34,47344
1784229960,749.32,749.33,748.86,749.03,36409
1784230080,749.03,749.3,749,749.1,33366
1784230200,749.1,749.16,748.58,748.58,44268
1784230320,748.575,748.87,748.43,748.819,40375
1784230440,748.82,748.84,748.52,748.52,63478
1784230560,748.52,748.74,748.4,748.72,33889
1784230680,748.72,749.15,748.68,749.03,54879
1784230800,749.015,749.15,748.71,749.02,43142
1784230920,749.01,749.12,748.83,748.85,30409
1784231040,748.84,748.87,748.28,748.56,77835
1784231160,748.56,748.61,748.27,748.28,76986
1784231280,748.26,748.27,747.88,748.21,87556
1784231400,748.37,749.53,748.2,749.48,222434
1784231520,749.48,749.87,749.38,749.79,136831
1784231640,749.79,750.56,749.66,750.41,143976
1784231760,750.41,750.45,750.08,750.19,179324
1784231880,750.22,751.04,750.14,750.76,195046
1784295000,742.08,742.59,741.8,742.5,169500
1784295120,742.53,742.56,741.28,741.3,121770
1784295240,741.329,741.43,740.81,740.88,44200
1784295360,740.89,741.43,740.87,741.21,120187
1784295480,741.21,741.64,740.99,741.52,67837
1784295600,741.51,742.66,741.41,742.13,69394
1784295720,742.155,742.25,741.18,741.23,77680
1784295840,741.24,742.05,740.85,741.76,91683
1784295960,741.74,742.69,741.69,742.68,56962
1784296080,742.68,743.14,742.62,743.035,56554
1784296200,743,743.5,743,743.16,35442
1784296320,743.08,744.04,743.03,743.99,23711
1784296440,744,744.35,743.61,744.07,38695
1784296560,744.06,744.47,743.9,744.33,38657
1784296680,744.37,744.83,744.37,744.83,42901
1784296800,744.84,745.66,744.7,745.23,47014
1784296920,745.24,745.78,745.19,745.42,50204
1784297040,745.41,746.12,745.25,745.76,48420
1784297160,745.72,746.46,745.7,746.07,46581
1784297280,746.09,746.38,745.93,746.34,46167
1784297400,746.325,746.8,746.3,746.561,37745
1784297520,746.61,746.66,746.06,746.18,48472
1784297640,746.17,747.03,745.93,746.96,44361
1784297760,746.95,747.27,746.56,746.789,42236
1784297880,746.76,746.88,746.51,746.61,21120
1784298000,746.56,746.71,746.22,746.62,34117
1784298120,746.6,746.84,746.33,746.65,21689
1784298240,746.62,747.18,746.61,746.93,19949
1784298360,746.88,747.005,746.59,746.8,19613
1784298480,746.78,746.78,746.18,746.33,16414
1784298600,746.37,746.59,746.11,746.12,34919
1784298720,746.11,746.18,745.59,745.77,33228
1784298840,745.8,746.48,745.75,746.44,32711
1784298960,746.39,746.72,746.21,746.35,14080
1784299080,746.32,746.79,746.31,746.73,25623
1784299200,746.72,746.75,746.33,746.45,22497
1784299320,746.475,746.59,745.78,745.79,32650
1784299440,745.77,746,745.66,745.79,12873
1784299560,745.79,746.58,745.26,746.37,42339
1784299680,746.38,746.43,745.69,745.72,18083
1784299800,745.68,745.8,745.2,745.2,19733
1784299920,745.21,745.85,745.21,745.3,17729
1784300040,745.35,746.19,745.2,746.09,23482
1784300160,746.09,746.13,745.36,745.42,12617
1784300280,745.4,745.43,744.85,745.05,37244
1784300400,745.06,745.21,744.32,744.56,45636
1784300520,744.51,744.72,744.23,744.23,31988
1784300640,744.24,744.601,744.14,744.56,54227
1784300760,744.54,744.9,744.24,744.49,23288
1784300880,744.51,745.01,744.51,744.87,10424
1784301000,744.88,745.21,744.29,744.33,9469
1784301120,744.33,744.69,744.15,744.2,16233
1784301240,744.18,744.4,744.06,744.07,11915
1784301360,744.08,744.29,743.98,744.16,19360
1784301480,744.1,744.85,743.99,744.53,17740
1784301600,744.53,744.75,744.05,744.63,10226
1784301720,744.63,744.88,744.18,744.21,8066
1784301840,744.19,744.82,743.94,744.8,18272
1784301960,744.8,745.18,744.71,744.95,27408
1784302080,744.92,745.56,744.91,745.4,16551
1784302200,745.45,745.91,745.28,745.61,15565
1784302320,745.6,745.801,744.88,745.48,35306
1784302440,745.45,745.5,744.46,744.69,14924
1784302560,744.74,745.24,744.65,745.12,15071
1784302680,745.09,745.76,744.9,745.65,14598
1784302800,745.665,745.89,745.15,745.34,30766
1784302920,745.32,745.5,745,745.18,9245
1784303040,745.19,745.54,745.02,745.05,22344
1784303160,745.04,745.56,744.81,745.56,27456
1784303280,745.53,745.6,745.22,745.571,9834
1784303400,745.54,745.56,745.18,745.35,10590
1784303520,745.37,745.57,745.23,745.53,11080
1784303640,745.55,746.44,745.55,746.43,21125
1784303760,746.47,746.67,746.35,746.54,24988
1784303880,746.56,747.04,746.53,746.87,17492
1784304000,746.88,747.12,745.84,745.86,62148
1784304120,745.96,746.11,745.18,745.445,19920
1784304240,745.361,745.56,745.245,745.34,11008
1784304360,745.42,745.61,744.88,745.03,15561
1784304480,744.99,745.96,744.94,745.92,24081
1784304600,745.94,746.37,745.82,745.82,24416
1784304720,745.76,746.09,745.7,746.03,7953
1784304840,746.05,746.4,746.03,746.3,12355
1784304960,746.31,746.48,746.01,746.31,16138
1784305080,746.3,746.54,746.26,746.36,15979
1784305200,746.38,746.52,745.77,745.82,17280
1784305320,745.83,745.92,745.26,745.34,22328
1784305440,745.36,745.62,745.121,745.58,10245
1784305560,745.56,746.5,745.34,746.27,25784
1784305680,746.29,746.38,745.94,745.94,11319
1784305800,745.9,746.13,745.54,745.64,7544
1784305920,745.68,745.96,745.57,745.89,9093
1784306040,745.83,745.92,745.57,745.71,6538
1784306160,745.71,746.01,745.58,745.71,7061
1784306280,745.71,746.07,745.61,745.9,8212
1784306400,745.92,745.99,745.61,745.81,7667
1784306520,745.84,746.47,745.82,746.28,15715
1784306640,746.24,746.43,746.09,746.289,6838
1784306760,746.24,746.7,746.24,746.68,11907
1784306880,746.68,747.01,746.68,746.87,33561
1784307000,746.88,747.25,746.58,747.15,35303
1784307120,747.14,747.26,746.87,746.88,36826
1784307240,746.89,746.97,746.5,746.51,15268
1784307360,746.54,746.56,746.17,746.21,15785
1784307480,746.21,746.44,746.135,746.33,13323
1784307600,746.35,747.17,746.22,746.86,24461
1784307720,746.86,746.87,746.59,746.78,25079
1784307840,746.79,746.84,746.45,746.52,22073
1784307960,746.57,746.98,746.56,746.83,15298
1784308080,746.84,747,746.82,746.97,16448
1784308200,746.97,747.12,746.83,746.94,12171
1784308320,746.96,747.08,746.61,746.65,22521
1784308440,746.65,746.65,746.25,746.6,13340
1784308560,746.59,746.97,746.56,746.75,12813
1784308680,746.75,746.81,746.26,746.3,13958
1784308800,746.3,746.3,745.97,746.07,20842
1784308920,746.1,746.44,746.09,746.25,18059
1784309040,746.28,746.61,746.16,746.61,23132
1784309160,746.635,746.93,746.635,746.88,25787
1784309280,746.9,747.04,746.8,746.85,24527
1784309400,746.87,746.99,746.73,746.76,17900
1784309520,746.779,746.84,746.61,746.69,12439
1784309640,746.7,746.72,746.06,746.09,13323
1784309760,746.12,746.25,745.96,746.16,18880
1784309880,746.14,746.14,745.91,746.02,10527
1784310000,746,746.03,745.51,745.77,26651
1784310120,745.78,745.9,745.57,745.67,18630
1784310240,745.66,745.88,745.47,745.76,16462
1784310360,745.79,745.79,745.42,745.53,11525
1784310480,745.58,745.67,745.41,745.55,16668
1784310600,745.57,745.59,744.95,745,12385
1784310720,745.03,745.14,744.75,744.87,22012
1784310840,744.94,745.15,744.71,744.79,9466
1784310960,744.79,744.83,744.45,744.55,22782
1784311080,744.54,744.611,744.4,744.58,16295
1784311200,744.58,744.75,744.38,744.5,21381
1784311320,744.52,745.09,744.48,745.09,37692
1784311440,745.08,745.13,744.3,744.54,24538
1784311560,744.52,744.56,744.16,744.4,18198
1784311680,744.44,744.51,744.22,744.3,10225
1784311800,744.31,744.49,744.13,744.26,22098
1784311920,744.2,744.34,744.09,744.23,19090
1784312040,744.25,744.32,743.65,743.74,17722
1784312160,743.71,743.88,743.61,743.78,41365
1784312280,743.771,743.92,743.59,743.83,9929
1784312400,743.85,743.85,743.58,743.75,9275
1784312520,743.76,744.17,743.76,744.04,16666
1784312640,744.07,744.09,743.53,743.56,22171
1784312760,743.55,743.62,743.24,743.39,53266
1784312880,743.41,743.74,743.32,743.71,18300
1784313000,743.65,744.35,743.65,743.96,24446
1784313120,743.94,744.075,743.45,743.48,16683
1784313240,743.49,743.76,743.41,743.63,14644
1784313360,743.62,743.88,743.62,743.75,10471
1784313480,743.76,743.94,743.66,743.75,7460
1784313600,743.76,743.79,743.38,743.44,7817
1784313720,743.45,743.64,743.14,743.15,16070
1784313840,743.14,743.44,743.095,743.32,23370
1784313960,743.325,743.9,743.2,743.9,24058
1784314080,743.915,744.25,743.85,743.9,26761
1784314200,743.88,744.09,743.69,743.97,10674
1784314320,743.95,744.36,743.88,744.25,13743
1784314440,744.24,744.64,744.15,744.47,18186
1784314560,744.44,744.52,744.16,744.51,11420
1784314680,744.5,744.64,744.35,744.35,10441
1784314800,744.42,744.45,743.8,743.92,28716
1784314920,743.91,744.04,743.75,744,5770
1784315040,743.98,744.09,743.67,743.85,16125
1784315160,743.83,743.98,743.46,743.52,11512
1784315280,743.44,743.6,743.38,743.4,8928
1784315400,743.41,743.48,743.05,743.22,18769
1784315520,743.23,743.27,742.9,742.94,21010
1784315640,742.92,742.93,742.575,742.6,21715
1784315760,742.64,742.9,742.62,742.77,33391
1784315880,742.79,742.98,742.6,742.92,29711
1784316000,742.87,742.87,742.62,742.67,25706
1784316120,742.68,742.72,742.55,742.55,23605
1784316240,742.56,742.61,742.14,742.23,46584
1784316360,742.23,742.9,742.23,742.83,36173
1784316480,742.84,743.26,742.84,743.149,36598
1784316600,743.17,743.61,742.77,743.2,83068
1784316720,743.21,743.22,742.85,743.15,29134
1784316840,743.2,743.3,742.89,742.96,24681
1784316960,742.97,743.53,742.87,743.35,45098
1784317080,743.34,743.39,742.73,742.83,45463
1784317200,742.82,743.34,742.6,743.3,57399
1784317320,743.3,743.44,742.9,743.4,44545
1784317440,743.42,743.95,743.38,743.7,32139
1784317560,743.68,743.92,743.43,743.86,50802
1784317680,743.88,744.04,743.72,744.04,75482
1784317800,744.03,744.28,743.66,744.14,51477
1784317920,744.1,744.16,743.58,743.76,53276
1784318040,743.75,744.08,743.49,744.01,92745
1784318160,744.05,744.39,743.99,744.07,66529
1784318280,744.06,744.09,742.94,743.21,210467
1784554200,747.06,747.84,746.8,747.52,53303
1784554320,747.55,747.97,747.55,747.67,35162
1784554440,747.67,748.26,747.55,747.87,53004
1784554560,747.85,748.62,747.84,748.55,68094
1784554680,748.55,748.71,747.91,748.16,34821
1784554800,748.18,748.41,748.06,748.21,50714
1784554920,748.2,748.57,748.07,748.49,30470
1784555040,748.45,748.73,748.17,748.17,52540
1784555160,748.17,748.29,747.78,747.83,43407
1784555280,747.86,747.95,747.535,747.59,27296
1784555400,747.59,747.84,747.16,747.18,27244
1784555520,747.17,747.19,746.25,746.48,69273
1784555640,746.49,746.64,746.15,746.22,34251
1784555760,746.22,746.22,745.77,745.8,38799
1784555880,745.81,745.98,745.53,745.69,32064
1784556000,745.71,745.97,745.4,745.7,26701
1784556120,745.69,746.19,745.62,746.17,32765
1784556240,746.21,746.36,745.78,745.83,22374
1784556360,745.81,745.89,745.36,745.56,23599
1784556480,745.6,745.8,745.27,745.4,20098
1784556600,745.4,745.4,744.82,745.03,25117
1784556720,744.91,745.1,744.775,745.09,20275
1784556840,745.13,745.43,744.86,745.4,20363
1784556960,745.37,745.48,744.73,744.82,15576
1784557080,744.83,745.09,744.64,744.88,17594
1784557200,744.86,744.86,744.269,744.52,36669
1784557320,744.51,745.12,744.36,745.02,27215
1784557440,745.03,745.35,744.91,745.19,17627
1784557560,745.2,745.47,745.01,745.21,15356
1784557680,745.25,745.73,745.07,745.68,11946
1784557800,745.67,745.96,745.48,745.81,32738
1784557920,745.81,745.85,745.2,745.27,17608
1784558040,745.25,745.48,745.05,745.34,14377
1784558160,745.36,745.36,744.96,745.31,15154
1784558280,745.31,745.53,745.16,745.33,14841
1784558400,745.35,745.761,745.06,745.06,11949
1784558520,745.11,745.31,744.82,744.87,25677
1784558640,744.86,745.34,744.5,745.28,34864
1784558760,745.31,745.73,745.09,745.09,19295
1784558880,745.07,745.1,744.59,744.649,13804
1784559000,744.6,744.93,744.51,744.79,11624
1784559120,744.78,744.94,744.15,744.26,15660
1784559240,744.27,744.54,744.19,744.44,14387
1784559360,744.41,744.49,743.9,744.16,23559
1784559480,744.17,744.32,743.69,744.11,30387
1784559600,744.12,744.5,743.81,744.47,11659
1784559720,744.5,744.89,744.36,744.56,16976
1784559840,744.56,744.74,743.855,743.9,24472
1784559960,743.96,744.77,743.96,744.71,16523
1784560080,744.7,745.48,744.62,745.41,33744
1784560200,745.43,745.45,744.68,744.8,14879
1784560320,744.82,745.07,744.72,744.95,8336
1784560440,744.99,745.15,744.61,745.15,11782
1784560560,745.15,745.4,745.05,745.38,20223
1784560680,745.4,745.53,745.08,745.27,13081
1784560800,745.259,745.74,745.08,745.54,31703
1784560920,745.54,745.98,745.51,745.61,21560
1784561040,745.63,745.96,745.59,745.729,22153
1784561160,745.75,745.96,745.55,745.56,15384
1784561280,745.57,745.88,745.22,745.87,11337
1784561400,745.89,746.02,745.77,745.98,14147
1784561520,745.97,746,745.8,745.87,6418
1784561640,745.86,745.98,745.68,745.78,15803
1784561760,745.78,745.86,745.4,745.44,8965
1784561880,745.44,745.78,745.41,745.46,9467
1784562000,745.49,745.72,745.28,745.62,17436
1784562120,745.6,745.94,745.57,745.66,12533
1784562240,745.59,745.98,745.55,745.72,14743
1784562360,745.82,745.82,745.36,745.5,11981
1784562480,745.48,745.48,745.11,745.27,19264
1784562600,745.29,745.79,745.14,745.7,12353
1784562720,745.7,746.119,745.61,746.1,16203
1784562840,746.11,746.42,746.11,746.37,29036
1784562960,746.39,746.44,746.12,746.15,17696
1784563080,746.18,746.27,745.94,745.99,10927
1784563200,745.99,746.25,745.92,745.98,11268
1784563320,745.97,746.16,745.59,746.16,14516
1784563440,746.17,746.56,746.13,746.54,15470
1784563560,746.54,746.69,746.43,746.63,28654
1784563680,746.69,746.83,746.67,746.8,20968
1784563800,746.78,746.98,746.72,746.87,22876
1784563920,746.89,747,746.65,746.73,17350
1784564040,746.739,746.86,746.46,746.47,12658
1784564160,746.47,746.67,746.34,746.67,36653
1784564280,746.66,746.71,746.54,746.68,13173
1784564400,746.7,746.78,746.65,746.7,9363
1784564520,746.7,746.88,746.63,746.849,11496
1784564640,746.84,746.87,746.33,746.37,16003
1784564760,746.37,746.49,746.17,746.399,21993
1784564880,746.38,746.52,746.29,746.5,11315
1784565000,746.49,746.77,746.32,746.43,16867
1784565120,746.42,746.45,745.85,745.85,19257
1784565240,745.86,746.03,745.8,745.93,17840
1784565360,745.92,746.1,745.81,746.1,10625
1784565480,746.09,746.36,745.92,746.36,14427
1784565600,746.35,746.5,744.5,745.36,109438
1784565720,745.38,745.68,745.24,745.6,27427
1784565840,745.61,745.66,745.25,745.42,19023
1784565960,745.39,746.12,745.21,745.95,25804
1784566080,745.95,746.2,745.91,746.13,8510
1784566200,746.11,746.15,745.52,745.599,19111
1784566320,745.565,745.6,745.35,745.48,20241
1784566440,745.48,745.48,744.91,745.16,39215
1784566560,745.16,745.16,744.74,744.91,22350
1784566680,744.92,745.16,744.81,744.98,22848
1784566800,745.01,745.2,744.6,744.7,22566
1784566920,744.69,744.83,744.61,744.68,14939
1784567040,744.69,744.71,744.31,744.42,19789
1784567160,744.39,744.48,744.27,744.3,14058
1784567280,744.3,744.64,744.145,744.6,16265
1784567400,744.59,744.63,744.19,744.21,21472
1784567520,744.21,744.29,744.06,744.16,23629
1784567640,744.15,744.15,743.57,743.64,27330
1784567760,743.63,744.02,743.58,744.01,17719
1784567880,744.02,744.27,744,744.11,17665
1784568000,744.11,744.26,743.97,744.24,13541
1784568120,744.26,744.49,744.18,744.29,14613
1784568240,744.28,744.28,743.99,744.22,19226
1784568360,744.21,744.37,743.89,743.94,18700
1784568480,743.965,744.155,743.92,744.12,14808
1784568600,744.14,744.31,743.96,744.01,16928
1784568720,744,744.26,743.95,744.15,11107
1784568840,744.14,744.54,744.13,744.47,10973
1784568960,744.5,744.5,744.02,744.09,19257
1784569080,744.1,744.25,743.99,744.04,17895
1784569200,744.03,744.05,743.67,743.87,14111
1784569320,743.87,743.97,743.58,743.69,14045
1784569440,743.69,744.23,743.63,744.22,33230
1784569560,744.22,744.32,744.025,744.23,12613
1784569680,744.22,744.35,744.13,744.25,17280
1784569800,744.22,744.59,744.21,744.55,15048
1784569920,744.54,744.76,744.54,744.73,12331
1784570040,744.745,744.92,744.45,744.55,18828
1784570160,744.56,744.63,744.22,744.58,18383
1784570280,744.58,744.69,744.43,744.52,8513
1784570400,744.54,745.15,744.54,745.1,32170
1784570520,745.09,745.14,744.75,744.87,17740
1784570640,744.88,744.93,744.77,744.82,13390
1784570760,744.82,744.94,744.67,744.71,9974
1784570880,744.7,744.89,744.549,744.88,12396
1784571000,744.91,744.93,744.71,744.9,10300
1784571120,744.91,745.21,744.88,745.13,11970
1784571240,745.15,745.17,744.96,744.99,13343
1784571360,745,745.38,744.9,745.19,17533
1784571480,745.215,745.25,744.97,745.24,12484
1784571600,745.22,745.29,744.81,744.98,26198
1784571720,744.97,744.97,744.43,744.56,44695
1784571840,744.54,744.62,744.13,744.59,43777
1784571960,744.56,744.69,744.44,744.49,22626
1784572080,744.49,744.8,744.42,744.48,13947
1784572200,744.49,744.49,743.94,744.08,18826
1784572320,744.09,744.14,743.78,743.84,19150
1784572440,743.87,744.02,743.489,743.92,17410
1784572560,743.93,744.27,743.91,743.98,12280
1784572680,743.96,744.15,743.44,743.57,37982
1784572800,743.57,743.62,743.03,743.23,40371
1784572920,743.25,743.26,742.83,742.94,37497
1784573040,742.925,742.99,742.43,742.59,34039
1784573160,742.61,743.06,742.55,742.97,45406
1784573280,742.96,742.99,742.64,742.75,20413
1784573400,742.7,742.9,742.55,742.73,20827
1784573520,742.79,743.09,742.76,742.98,18173
1784573640,743,743.21,742.91,743.05,22625
1784573760,743.09,743.13,742.74,742.74,12726
1784573880,742.73,742.9,742.5,742.71,23647
1784574000,742.71,743.21,742.71,743.16,18294
1784574120,743.14,743.16,742.48,742.55,60573
1784574240,742.54,742.72,742.37,742.42,31973
1784574360,742.41,742.7,742.26,742.64,58523
1784574480,742.65,742.821,742.51,742.71,24407
1784574600,742.7,743.09,742.49,742.53,40050
1784574720,742.53,742.55,741.98,742.03,33373
1784574840,742.02,742.06,741.52,741.87,32440
1784574960,741.86,742.21,741.71,741.94,25885
1784575080,741.96,742.1,741.81,741.92,17053
1784575200,741.93,742.19,741.86,741.94,32677
1784575320,741.95,742.291,741.8,742.291,33147
1784575440,742.3,742.42,742.04,742.06,23196
1784575560,742.05,742.08,741.86,742.07,22969
1784575680,742.08,742.94,741.97,742.73,76498
1784575800,742.75,743,742.38,742.96,47847
1784575920,742.99,743.2,742.89,742.94,23185
1784576040,742.95,743.14,742.63,742.65,35201
1784576160,742.63,742.83,742.51,742.59,28528
1784576280,742.6,743.11,742.51,742.96,29933
1784576400,742.97,743.32,742.83,743.23,52807
1784576520,743.25,743.35,742.81,743.06,56096
1784576640,743.04,743.25,742.73,742.79,27201
1784576760,742.8,743.07,742.7,742.82,32469
1784576880,742.81,743.09,742.72,743.08,37339
1784577000,743.07,743.07,742.16,742.25,63734
1784577120,742.24,742.37,741.78,742.02,65091
1784577240,742.015,742.24,741.7,741.91,87207
1784577360,741.9,742.2,741.69,741.99,85977
1784577480,742.01,742.15,741.62,742.13,332280
1784640600,746.3,746.66,745.255,745.48,103218
1784640720,745.48,745.57,745.13,745.14,26673
1784640840,745.17,745.85,745.13,745.85,46026
1784640960,745.85,746.25,745.29,745.45,72181
1784641080,745.45,745.68,745.27,745.27,25392
1784641200,745.27,745.31,744.36,744.5,46574
1784641320,744.51,744.89,744.42,744.529,26150
1784641440,744.52,744.69,744.29,744.491,28693
1784641560,744.55,744.79,744.18,744.44,22083
1784641680,744.46,745,744.42,744.92,28650
1784641800,745,745.35,744.43,744.45,29297
1784641920,744.46,745.16,744.25,745.1,13947
1784642040,745.12,745.31,744.76,744.85,19845
1784642160,744.87,744.93,744.63,744.93,9967
1784642280,744.93,745.36,744.63,745.36,28394
1784642400,745.38,745.86,745.31,745.38,38291
1784642520,745.47,745.56,744.97,745.36,11886
1784642640,745.39,745.49,745.02,745.29,12170
1784642760,745.33,745.77,745.23,745.33,19582
1784642880,745.3,745.56,745.11,745.2,9849
1784643000,745.19,745.3,744.95,745.12,15081
1784643120,745.12,745.58,745.12,745.55,15203
1784643240,745.51,745.86,744.94,745,16697
1784643360,745.06,745.39,744.795,745.37,7669
1784643480,745.38,746.16,745.38,746,29269
1784643600,746.04,746.19,745.45,745.52,19059
1784643720,745.53,746.059,745.5,746.05,8514
1784643840,746.08,746.47,745.87,746.35,14395
1784643960,746.34,746.79,746.23,746.74,30547
1784644080,746.8,746.97,746.56,746.87,15380
1784644200,746.85,747.23,746.82,747.165,20566
1784644320,747.185,747.185,746.68,746.7,15384
1784644440,746.66,747.02,746.6,746.66,9620
1784644560,746.68,746.75,746.41,746.53,8703
1784644680,746.55,746.56,746.1,746.31,9669
1784644800,746.3,746.43,745.9,745.929,13362
1784644920,745.98,746.57,745.78,746.52,10962
1784645040,746.52,746.94,746.51,746.79,21376
1784645160,746.8,746.98,746.45,746.64,30344
1784645280,746.65,747.26,746.65,746.91,17844
1784645400,746.94,746.95,746.67,746.85,9386
1784645520,746.84,746.94,746.58,746.63,6396
1784645640,746.64,746.73,746.48,746.7,3223
1784645760,746.67,746.7,746.26,746.46,21743
1784645880,746.5,746.79,746.5,746.76,11347
1784646000,746.77,746.87,746.35,746.4,11874
1784646120,746.36,746.41,745.84,746.05,30313
1784646240,746.04,746.16,745.85,746.14,8893
1784646360,746.18,746.72,746.18,746.67,18531
1784646480,746.67,747.07,746.57,746.98,19145
1784646600,746.98,747.17,746.95,747.085,18357
1784646720,747.08,747.5,747.08,747.17,23475
1784646840,747.16,747.32,747.13,747.23,6691
1784646960,747.23,747.44,747.16,747.44,7450
1784647080,747.43,747.53,747.32,747.41,8665
1784647200,747.41,747.98,747.33,747.68,22548
1784647320,747.71,747.77,747.49,747.6,17310
1784647440,747.58,747.73,747.57,747.72,7204
1784647560,747.71,748,747.71,747.91,9542
1784647680,747.91,748.01,747.79,748.01,12726
1784647800,747.98,747.98,747.74,747.74,11328
1784647920,747.73,747.91,747.42,747.57,39169
1784648040,747.58,747.93,747.43,747.52,23569
1784648160,747.52,747.75,747.49,747.56,7155
1784648280,747.56,747.67,747.46,747.579,10941
1784648400,747.56,747.85,747.54,747.74,17120
1784648520,747.73,747.78,747.56,747.7,10587
1784648640,747.7,747.78,747.52,747.55,6673
1784648760,747.55,747.73,747.55,747.68,4242
1784648880,747.7,747.92,747.68,747.82,10678
1784649000,747.83,747.97,747.78,747.87,9741
1784649120,747.88,747.955,747.74,747.85,5948
1784649240,747.86,747.87,747.68,747.71,4312
1784649360,747.68,747.89,747.68,747.71,2153
1784649480,747.73,747.75,747.47,747.52,36692
1784649600,747.52,747.8,747.495,747.8,12944
1784649720,747.81,747.99,747.79,747.99,7597
1784649840,747.99,748.24,747.99,748.21,16323
1784649960,748.24,748.29,748.085,748.16,6460
1784650080,748.17,748.31,748.1,748.14,4399
1784650200,748.13,748.27,748.13,748.19,8299
1784650320,748.18,748.19,748.04,748.14,5303
1784650440,748.14,748.51,748.13,748.43,63940
1784650560,748.429,748.48,748.4,748.4,18022
1784650680,748.39,748.52,748.35,748.48,8448
1784650800,748.48,748.58,748.41,748.56,12182
1784650920,748.6,748.749,748.52,748.64,12982
1784651040,748.64,748.7,748.54,748.54,8513
1784651160,748.54,748.58,748.43,748.54,9272
1784651280,748.53,748.7,748.53,748.66,5888
1784651400,748.65,748.75,748.5,748.53,23628
1784651520,748.54,748.67,748.54,748.65,4109
1784651640,748.64,748.7,748.56,748.63,7608
1784651760,748.61,748.66,748.49,748.63,4638
1784651880,748.65,748.72,748.64,748.67,3990
1784652000,748.67,748.74,748.54,748.54,4677
1784652120,748.55,748.63,748.5,748.6,4869
1784652240,748.6,748.65,748.52,748.55,7986
1784652360,748.53,748.6,748.43,748.539,8316
1784652480,748.52,748.54,748.47,748.47,5979
1784652600,748.49,748.8,748.46,748.8,9636
1784652720,748.81,748.92,748.8,748.87,12595
1784652840,748.86,749.04,748.85,749.01,20332
1784652960,749,749.03,748.81,748.82,6337
1784653080,748.86,748.88,748.68,748.68,4102
1784653200,748.69,748.83,748.66,748.73,4545
1784653320,748.73,748.75,748.6,748.62,6239
1784653440,748.61,748.73,748.59,748.73,6212
1784653560,748.72,748.73,748.65,748.66,10898
1784653680,748.65,748.86,748.62,748.71,14624
1784653800,748.72,748.74,748.54,748.58,4780
1784653920,748.58,748.73,748.58,748.65,11631
1784654040,748.62,748.7,748.45,748.45,11780
1784654160,748.45,748.55,748.38,748.45,13173
1784654280,748.47,748.54,748.33,748.35,30671
1784654400,748.35,748.48,748.25,748.3,10984
1784654520,748.29,748.44,748.28,748.35,5994
1784654640,748.36,748.48,748.34,748.38,10426
1784654760,748.38,748.42,748.31,748.31,3467
1784654880,748.3,748.37,748.25,748.36,9827
1784655000,748.36,748.52,748.36,748.52,12281
1784655120,748.53,748.58,748.4,748.41,6522
1784655240,748.4,748.42,748.22,748.4,10026
1784655360,748.44,748.639,748.44,748.59,11149
1784655480,748.6,748.8,748.57,748.69,23103
1784655600,748.7,748.73,748.55,748.58,10971
1784655720,748.58,748.62,748.51,748.62,6591
1784655840,748.6,748.71,748.56,748.56,5839
1784655960,748.56,748.74,748.55,748.66,6596
1784656080,748.71,748.86,748.66,748.839,7437
1784656200,748.81,748.92,748.75,748.78,14951
1784656320,748.78,748.88,748.75,748.78,4970
1784656440,748.789,748.8,748.65,748.65,15744
1784656560,748.66,748.7,748.45,748.54,15585
1784656680,748.55,748.66,748.52,748.59,7077
1784656800,748.58,748.75,748.54,748.64,9302
1784656920,748.64,748.71,748.26,748.26,27247
1784657040,748.26,748.43,748.26,748.33,14533
1784657160,748.35,748.45,748.27,748.4,10316
1784657280,748.42,748.55,748.42,748.46,7876
1784657400,748.45,748.49,748.34,748.48,17134
1784657520,748.48,748.54,748.35,748.36,7460
1784657640,748.35,748.355,748.1,748.18,34976
1784657760,748.189,748.249,748.14,748.24,11107
1784657880,748.25,748.27,748.1,748.205,6608
1784658000,748.21,748.24,748.11,748.21,9920
1784658120,748.21,748.35,748.19,748.31,10833
1784658240,748.3,748.4,748.16,748.18,11236
1784658360,748.19,748.19,748.07,748.09,15470
1784658480,748.11,748.25,748.09,748.21,33685
1784658600,748.23,748.26,747.95,747.99,13867
1784658720,747.98,748.05,747.95,748.03,11132
1784658840,748.07,748.15,747.96,748.15,6444
1784658960,748.17,748.19,748.1,748.15,8143
1784659080,748.15,748.27,748.12,748.15,22136
1784659200,748.13,748.29,748.02,748.17,11118
1784659320,748.15,748.46,748.15,748.45,10389
1784659440,748.44,748.61,748.44,748.59,10692
1784659560,748.59,748.62,748.38,748.45,5769
1784659680,748.45,748.52,748.39,748.46,7033
1784659800,748.47,748.51,748.44,748.44,10680
1784659920,748.445,748.46,748.3,748.3,10847
1784660040,748.32,748.6,748.25,748.38,13615
1784660160,748.39,748.45,748.23,748.27,13943
1784660280,748.28,748.39,748.25,748.37,6356
1784660400,748.41,748.47,748.15,748.24,14672
1784660520,748.23,748.29,748.2,748.25,7726
1784660640,748.24,748.37,748.21,748.29,13905
1784660760,748.29,748.42,748.29,748.319,12071
1784660880,748.32,748.34,748.13,748.13,21025
1784661000,748.14,748.23,748.09,748.21,17066
1784661120,748.24,748.33,748.19,748.22,30603
1784661240,748.21,748.39,748.18,748.32,14468
1784661360,748.31,748.46,748.31,748.39,17223
1784661480,748.39,748.41,748.28,748.33,12046
1784661600,748.31,748.39,748.22,748.24,7533
1784661720,748.22,748.29,748.19,748.24,15407
1784661840,748.27,748.34,748.24,748.28,8372
1784661960,748.28,748.46,748.21,748.29,11983
1784662080,748.28,748.38,748.24,748.26,10148
1784662200,748.27,748.39,748.2,748.24,20304
1784662320,748.255,748.33,748.18,748.22,17250
1784662440,748.219,748.37,748.12,748.37,15981
1784662560,748.38,748.57,748.365,748.54,14658
1784662680,748.53,748.53,748.37,748.43,12108
1784662800,748.4,748.44,748.25,748.27,39501
1784662920,748.28,748.45,748.26,748.45,17727
1784663040,748.455,748.58,748.39,748.43,23193
1784663160,748.44,748.48,748.24,748.36,24251
1784663280,748.36,748.63,748.35,748.59,34890
1784663400,748.59,748.68,748.29,748.38,97421
1784663520,748.37,748.56,748.37,748.44,49990
1784663640,748.45,748.52,748.25,748.3,55459
1784663760,748.31,748.58,748.3,748.45,61932
1784663880,748.45,748.51,748.09,748.33,175885
1784727000,746.66,747.47,746.39,747.36,45290
1784727120,747.34,747.57,747.16,747.16,25330
1784727240,747.18,747.37,747.07,747.34,24510
1784727360,747.34,747.49,747.09,747.42,14222
1784727480,747.42,747.45,747.08,747.42,13549
1784727600,747.38,747.46,747.09,747.29,30837
1784727720,747.29,747.52,747.11,747.52,19552
1784727840,747.56,748.02,747.47,747.94,29565
1784727960,747.94,748.05,747.7,747.7,23914
1784728080,747.69,747.95,747.65,747.76,21203
1784728200,747.75,747.8,747.41,747.54,26380
1784728320,747.56,748.05,747.54,747.93,52422
1784728440,747.94,748.21,747.93,748.19,22827
1784728560,748.18,748.67,748.08,748.64,44272
1784728680,748.64,748.78,748.45,748.78,17508
1784728800,748.77,748.93,748.52,748.85,23643
1784728920,748.79,748.97,748.62,748.7,21835
1784729040,748.7,749.38,748.7,749.38,22186
1784729160,749.36,749.38,748.79,748.8,14662
1784729280,748.81,748.81,748.51,748.531,20639
1784729400,748.531,748.77,748.42,748.64,17346
1784729520,748.61,748.71,748.22,748.22,12869
1784729640,748.26,748.35,747.95,748.03,11587
1784729760,748.02,748.13,747.83,748.05,9529
1784729880,748.06,748.13,747.78,748.13,8915
1784730000,748.17,748.43,748.02,748.26,12501
1784730120,748.2,748.26,747.38,747.55,27385
1784730240,747.52,747.8,747.42,747.58,15516
1784730360,747.6,747.61,747.09,747.28,19949
1784730480,747.27,747.44,747.14,747.27,15837
1784730600,747.28,747.48,747.17,747.4,17026
1784730720,747.4,747.79,747.36,747.36,14629
1784730840,747.34,747.42,747.12,747.22,13837
1784730960,747.24,747.44,747.18,747.23,13363
1784731080,747.21,747.34,747.07,747.29,7551
1784731200,747.33,747.44,746.91,746.95,20457
1784731320,746.94,747.05,746.71,746.87,13811
1784731440,746.9,747.12,746.69,747.05,23294
1784731560,747.14,747.45,747.04,747.19,20633
1784731680,747.18,747.46,747.07,747.37,5929
1784731800,747.37,747.42,747.09,747.4,25009
1784731920,747.42,747.515,747.16,747.31,23826
1784732040,747.33,747.65,747.16,747.32,16632
1784732160,747.31,747.72,747.28,747.681,8847
1784732280,747.74,747.97,747.74,747.94,24389
1784732400,747.98,748.15,747.94,747.95,14762
1784732520,747.94,748.24,747.9,748.18,16622
1784732640,748.18,748.45,748.18,748.42,37041
1784732760,748.42,748.62,748.38,748.6,34930
1784732880,748.59,748.74,748.48,748.62,16300
1784733000,748.61,749.02,748.6,748.77,24187
1784733120,748.77,748.92,748.71,748.85,8041
1784733240,748.84,748.98,748.77,748.9,17329
1784733360,748.89,748.92,748.72,748.72,12093
1784733480,748.71,748.86,748.51,748.86,18218
1784733600,748.88,749.17,748.83,748.97,15839
1784733720,748.96,749.09,748.9,749.09,7625
1784733840,749.1,749.5,749.1,749.5,19967
1784733960,749.47,749.67,749.47,749.61,13130
1784734080,749.59,749.67,749.39,749.42,25640
1784734200,749.43,749.5,749.27,749.37,11499
1784734320,749.39,749.4,749.08,749.09,7106
1784734440,749.08,749.13,748.93,749.12,8590
1784734560,749.09,749.12,748.84,749.02,15728
1784734680,749.05,749.05,748.76,748.92,7057
1784734800,748.92,749.21,748.84,749.09,7925
1784734920,749.14,749.185,748.86,748.91,5751
1784735040,748.915,749.26,748.91,749.24,5293
1784735160,749.25,749.34,749.08,749.25,5900
1784735280,749.23,749.38,749.21,749.38,7424
1784735400,749.38,749.49,749.37,749.45,6155
1784735520,749.46,749.59,749.3,749.3,6350
1784735640,749.32,749.38,749.18,749.35,5297
1784735760,749.37,749.41,749.25,749.39,8645
1784735880,749.41,749.79,749.41,749.76,15171
1784736000,749.79,749.83,749.54,749.55,15600
1784736120,749.58,749.64,749.49,749.59,5665
1784736240,749.59,749.8,749.54,749.77,11819
1784736360,749.79,749.92,749.75,749.845,10791
1784736480,749.84,749.84,749.72,749.75,8977
1784736600,749.75,749.78,749.61,749.63,9568
1784736720,749.61,749.72,749.61,749.67,6367
1784736840,749.7,749.84,749.68,749.74,18735
1784736960,749.73,749.81,749.68,749.72,7620
1784737080,749.73,750.02,749.72,749.97,15010
1784737200,749.95,749.95,749.78,749.87,15902
1784737320,749.871,749.94,749.8,749.8,8967
1784737440,749.8,749.93,749.8,749.84,11540
1784737560,749.85,749.89,749.68,749.77,8133
1784737680,749.77,749.9,749.7,749.87,6837
1784737800,749.85,749.92,749.76,749.83,9550
1784737920,749.83,750,749.8,749.985,9415
1784738040,749.99,750,749.85,749.85,17521
1784738160,749.85,749.91,749.79,749.83,5912
1784738280,749.87,749.94,749.83,749.87,6000
1784738400,749.87,749.88,749.73,749.77,7782
1784738520,749.76,749.8,749.65,749.7,19062
1784738640,749.69,749.89,749.69,749.7,13201
1784738760,749.72,749.75,749.52,749.55,13174
1784738880,749.56,749.67,749.53,749.6,12590
1784739000,749.61,749.68,749.49,749.51,10838
1784739120,749.52,749.65,749.49,749.55,9466
1784739240,749.575,749.83,749.5,749.82,10372
1784739360,749.82,749.95,749.78,749.9,8047
1784739480,749.88,749.92,749.77,749.84,12444
1784739600,749.83,749.96,749.74,749.81,9593
1784739720,749.82,749.82,749.5,749.56,32102
1784739840,749.55,749.59,749.38,749.56,25962
1784739960,749.56,749.75,749.48,749.73,13202
1784740080,749.74,749.74,749.55,749.61,5728
1784740200,749.61,749.61,749.47,749.52,8320
1784740320,749.53,749.56,749.4,749.4,9334
1784740440,749.4,749.4,749.19,749.25,14095
1784740560,749.25,749.4,749.22,749.36,14983
1784740680,749.34,749.43,749.23,749.25,14091
1784740800,749.24,749.27,749.09,749.09,15363
1784740920,749.09,749.14,748.95,749.09,15670
1784741040,749.11,749.19,749.01,749.03,9641
1784741160,749.02,749.11,749.01,749.11,10918
1784741280,749.11,749.39,749.05,749.05,20678
1784741400,749.05,749.29,749.04,749.219,15297
1784741520,749.21,749.24,748.98,749.03,22318
1784741640,749.04,749.04,748.86,748.96,19798
1784741760,748.95,749.29,748.94,749.2,17993
1784741880,749.21,749.41,749.13,749.36,19037
1784742000,749.36,749.36,749.09,749.16,10571
1784742120,749.15,749.25,749.05,749.09,24340
1784742240,749.09,749.169,749.09,749.14,8680
1784742360,749.13,749.23,749.02,749.06,6921
1784742480,749.06,749.13,749.02,749.049,5943
1784742600,749.04,749.15,748.98,749.14,9847
1784742720,749.11,749.139,748.87,748.87,11366
1784742840,748.87,748.87,748.39,748.64,17599
1784742960,748.67,748.69,748.53,748.56,10436
1784743080,748.56,748.63,748.48,748.52,16100
1784743200,748.51,748.71,748.44,748.49,19529
1784743320,748.49,748.52,748.23,748.28,19371
1784743440,748.29,748.54,748.21,748.4,19788
1784743560,748.38,748.68,748.33,748.66,17186
1784743680,748.69,748.69,748.31,748.31,13326
1784743800,748.3,748.4,748.18,748.24,8915
1784743920,748.23,748.25,748.01,748.09,23092
1784744040,748.09,748.15,748.02,748.05,10067
1784744160,748.06,748.3,748.04,748.17,6767
1784744280,748.18,748.38,748.18,748.23,17809
1784744400,748.24,748.59,748.17,748.37,14701
1784744520,748.36,748.36,748.17,748.2,12927
1784744640,748.2,748.37,748.18,748.27,9714
1784744760,748.27,748.36,748.22,748.3,9830
1784744880,748.3,748.55,748.28,748.49,16878
1784745000,748.49,748.49,748.11,748.14,28746
1784745120,748.14,748.23,748.055,748.21,11409
1784745240,748.19,748.42,748.16,748.4,9702
1784745360,748.46,748.47,748.35,748.36,9378
1784745480,748.38,748.44,748.28,748.41,7496
1784745600,748.42,748.45,748.24,748.42,8891
1784745720,748.4,748.47,748.3,748.32,7449
1784745840,748.33,748.59,748.29,748.54,14949
1784745960,748.54,748.545,748.35,748.37,6257
1784746080,748.34,748.49,748.2,748.23,23196
1784746200,748.22,748.34,748.11,748.24,11048
1784746320,748.24,748.38,748.18,748.37,11938
1784746440,748.35,748.58,748.35,748.56,14400
1784746560,748.55,748.57,748.38,748.51,10105
1784746680,748.515,748.55,748.41,748.41,12724
1784746800,748.44,748.46,748.15,748.23,19583
1784746920,748.21,748.32,748.17,748.32,9944
1784747040,748.33,748.45,748.21,748.23,9154
1784747160,748.19,748.35,748.15,748.19,8544
1784747280,748.23,748.34,748.19,748.19,6159
1784747400,748.19,748.24,748.02,748.04,11457
1784747520,748.06,748.06,747.9,747.93,14998
1784747640,747.95,748,747.83,747.96,14082
1784747760,747.97,748.16,747.94,748.09,11482
1784747880,748.07,748.19,748.03,748.13,9780
1784748000,748.11,748.11,747.81,747.89,15232
1784748120,747.89,748.02,747.85,747.96,14615
1784748240,747.95,747.99,747.73,747.77,31801
1784748360,747.78,747.9,747.65,747.87,18559
1784748480,747.871,748.1,747.871,748,20418
1784748600,748,748,747.74,747.78,26181
1784748720,747.79,747.87,747.72,747.72,17522
1784748840,747.73,747.81,747.66,747.67,49925
1784748960,747.65,747.68,747.51,747.59,32680
1784749080,747.59,747.6,747.36,747.42,25602
1784749200,747.42,747.66,747.42,747.65,18919
1784749320,747.65,747.86,747.61,747.83,34807
1784749440,747.82,747.99,747.775,747.8,47230
1784749560,747.81,747.95,747.76,747.87,27716
1784749680,747.87,748.07,747.85,747.98,44316
1784749800,747.99,748.3,747.69,747.79,58205
1784749920,747.77,748.12,747.71,747.94,38024
1784750040,747.94,747.96,747.55,747.69,66780
1784750160,747.7,748.08,747.59,748.01,79673
1784750280,748.01,748.24,747.31,747.31,217802
1784813400,739.37,739.77,738.48,739.77,209268
1784813520,739.78,740.79,739.78,740.74,131773
1784813640,740.77,741.61,740.77,741.27,52122
1784813760,741.23,741.71,740.86,741.6,41408
1784813880,741.63,741.86,741.19,741.45,40679
1784814000,741.49,741.85,741.45,741.831,33097
1784814120,741.83,742.56,741.74,742.38,33608
1784814240,742.38,742.38,741.29,741.79,53677
1784814360,741.73,741.8,741.21,741.24,40805
1784814480,741.25,741.32,740.17,740.38,61713
1784814600,740.37,740.52,739.83,739.88,61522
1784814720,739.89,740.34,739.72,740.26,43079
1784814840,740.24,741.28,740.19,740.75,49174
1784814960,740.74,740.77,739.6,739.82,47148
1784815080,739.77,739.94,739.3,739.58,28125
1784815200,739.58,740.63,739.58,739.77,32095
1784815320,739.759,740.17,739.72,740.025,20251
1784815440,739.98,740.71,739.98,740.71,21696
1784815560,740.72,740.94,740.37,740.55,19103
1784815680,740.51,740.71,738.88,739.36,34212
1784815800,739.49,740.03,739.2,739.97,15840
1784815920,739.93,740.52,739.79,740.07,23440
1784816040,740.07,740.23,739.47,739.63,31252
1784816160,739.6,740.225,739.52,740.17,23251
1784816280,740.15,740.355,739.415,739.5,25947
1784816400,739.52,740.17,739.38,740.12,23197
1784816520,740.12,740.43,739.789,739.839,22950
1784816640,739.82,739.86,739.2,739.639,20455
1784816760,739.66,739.66,739,739.21,36843
1784816880,739.21,739.9,739.17,739.87,17586
1784817000,739.74,740.04,739.36,739.41,15001
1784817120,739.42,739.5,738.65,738.77,21673
1784817240,738.78,739.12,738.62,738.67,30715
1784817360,738.65,740.3,738.6,740.25,20761
1784817480,740.28,740.52,739.669,740.38,25925
1784817600,740.38,740.62,739.34,739.41,25497
1784817720,739.44,739.64,738.68,738.87,19922
1784817840,738.85,739.11,738.7,738.75,27334
1784817960,738.72,739.46,738.67,739.18,19546
1784818080,739.16,739.18,738.67,738.81,21266
1784818200,738.83,739.07,738.02,738.04,52469
1784818320,738.06,738.44,738.01,738.19,19395
1784818440,738.15,738.35,738.01,738.09,24009
1784818560,738.09,738.58,738.09,738.5,20901
1784818680,738.5,738.51,738.14,738.31,19425
1784818800,738.33,738.48,737.76,737.91,34077
1784818920,737.91,738.03,737.65,737.76,33844
1784819040,737.74,737.74,737.31,737.31,32157
1784819160,737.3,737.5,736.94,737.34,65991
1784819280,737.31,737.5,737.12,737.179,57978
1784819400,737.16,737.41,736.85,736.85,43921
1784819520,736.849,736.88,736.51,736.82,45822
1784819640,736.79,737.07,736.44,736.89,46949
1784819760,736.86,737.19,736.65,737.08,36731
1784819880,737.08,737.27,736.92,737.19,24420
1784820000,737.23,737.68,736.9,736.93,33242
1784820120,736.92,737.16,735.98,736.489,74487
1784820240,736.5,736.765,736.2,736.3,32108
1784820360,736.29,736.31,736.01,736.05,24475
1784820480,736.06,736.33,735.81,735.92,41907
1784820600,735.91,736,735.21,735.7,46921
1784820720,735.68,736.33,735.68,736.16,50359
1784820840,736.16,736.81,736.06,736.59,60553
1784820960,736.61,737.21,736.38,736.88,57260
1784821080,736.89,737.44,736.87,737.34,34002
1784821200,737.34,737.65,737.06,737.45,22572
1784821320,737.44,737.57,736.73,736.75,20648
1784821440,736.74,736.92,736.36,736.75,32272
1784821560,736.76,736.86,736.46,736.55,26602
1784821680,736.56,736.96,736.52,736.9,13417
1784821800,736.83,737.02,736.59,736.74,24516
1784821920,736.74,737.045,736.74,736.9,14248
1784822040,736.9,737.44,736.9,737.36,27242
1784822160,737.35,737.59,737.12,737.41,22487
1784822280,737.44,737.91,737.4,737.845,25274
1784822400,737.85,737.94,737.55,737.85,29425
1784822520,737.86,738.3,737.78,738.15,19957
1784822640,738.12,738.12,737.57,737.63,28680
1784822760,737.6,738,737.55,737.83,28828
1784822880,737.82,738.47,737.82,738.47,28564
1784823000,738.47,738.72,738.42,738.629,37038
1784823120,738.65,738.83,738.47,738.47,14703
1784823240,738.45,738.76,738.45,738.72,23679
1784823360,738.72,738.82,738.48,738.81,16516
1784823480,738.8,738.805,738.21,738.58,10097
1784823600,738.58,739.12,738.579,739.03,18233
1784823720,739.02,739.65,738.915,739.53,22611
1784823840,739.54,739.65,739.34,739.4,31010
1784823960,739.43,739.49,739.16,739.43,16910
1784824080,739.44,739.62,739.31,739.43,20300
1784824200,739.45,739.49,739.19,739.359,18627
1784824320,739.34,739.439,739.18,739.26,19662
1784824440,739.27,739.37,738.94,739.28,17407
1784824560,739.3,739.39,739.14,739.28,7384
1784824680,739.25,739.72,739.129,739.699,17852
1784824800,739.7,739.71,739.14,739.215,10980
1784824920,739.19,739.195,738.99,739.13,12916
1784825040,739.14,739.15,738.39,738.39,23102
1784825160,738.4,738.519,738.285,738.38,23374
1784825280,738.41,738.45,738.02,738.03,12869
1784825400,738.01,738.11,737.819,737.94,13380
1784825520,737.93,738.34,737.76,737.88,15631
1784825640,737.869,738.4,737.849,738.25,13595
1784825760,738.26,738.4,738.1,738.19,36409
1784825880,738.21,738.71,738.12,738.63,12598
1784826000,738.68,738.94,738.35,738.8,8248
1784826120,738.78,738.82,738.43,738.72,11067
1784826240,738.73,738.73,737.79,738,10128
1784826360,737.97,738.22,737.85,738.02,7904
1784826480,738.04,738.47,737.93,738.44,7659
1784826600,738.45,738.82,738.43,738.55,32232
1784826720,738.58,738.84,738.54,738.54,13406
1784826840,738.6,738.68,738.45,738.66,13109
1784826960,738.63,738.89,738.28,738.28,15865
1784827080,738.28,738.519,738.16,738.5,68693
1784827200,738.58,738.95,738.58,738.58,31143
1784827320,738.58,738.9,738.41,738.89,15362
1784827440,738.92,739.09,738.78,739.09,12193
1784827560,739.12,739.2,738.78,738.87,13059
1784827680,738.9,738.96,738.75,738.76,11375
1784827800,738.74,738.79,738.175,738.23,18149
1784827920,738.23,738.3,738.05,738.15,19275
1784828040,738.09,738.23,737.63,737.65,9884
1784828160,737.63,737.729,737.47,737.62,12248
1784828280,737.61,737.86,737.59,737.62,7757
1784828400,737.66,737.71,737.27,737.51,15430
1784828520,737.515,737.77,737.43,737.75,18970
1784828640,737.76,738.19,737.51,738.1,16756
1784828760,738.1,738.27,737.95,738.14,9058
1784828880,738.16,738.27,738,738.17,7752
1784829000,738.1,738.2,737.9,737.939,6570
1784829120,737.97,738.22,737.88,737.91,4885
1784829240,737.909,737.93,737.43,737.61,13896
1784829360,737.57,737.57,737.19,737.21,8762
1784829480,737.18,737.3,737.15,737.18,10785
1784829600,737.19,737.3,736.9,737.07,16891
1784829720,737.06,737.27,736.96,737.26,7322
1784829840,737.22,737.3,736.87,736.99,11121
1784829960,736.98,737.15,736.82,736.84,11451
1784830080,736.82,737.05,736.81,736.86,8184
1784830200,736.89,737.11,736.87,737.09,7887
1784830320,737.089,737.36,737.08,737.25,10469
1784830440,737.24,737.29,736.95,737.22,11800
1784830560,737.2,737.36,736.88,736.91,12894
1784830680,736.89,737.12,736.85,737.01,8984
1784830800,737.02,737.29,736.93,737.28,12230
1784830920,737.26,737.28,737.08,737.28,5353
1784831040,737.27,737.5,737.15,737.25,11679
1784831160,737.28,737.32,737.03,737.03,9190
1784831280,737.06,737.45,737.06,737.42,10458
1784831400,737.41,737.61,737.31,737.569,19355
1784831520,737.57,737.61,737.35,737.5,9877
1784831640,737.5,737.68,737.31,737.31,14649
1784831760,737.3,737.379,736.86,737,16889
1784831880,737.02,737.05,736.84,736.94,14693
1784832000,736.93,737.02,736.69,736.74,25585
1784832120,736.74,736.87,736.62,736.85,13533
1784832240,736.89,737.14,736.75,737.08,15521
1784832360,737.1,737.395,737.1,737.395,15017
1784832480,737.41,737.45,737.21,737.31,15689
1784832600,737.29,737.37,737.13,737.19,13254
1784832720,737.2,737.28,737.07,737.11,15906
1784832840,737.12,737.14,736.64,736.81,25596
1784832960,736.83,736.84,736.65,736.73,13431
1784833080,736.75,737.07,736.62,737.05,13140
1784833200,737.12,737.39,737.04,737.14,19113
1784833320,737.12,737.26,736.82,736.82,12180
1784833440,736.82,736.91,736.7,736.9,16079
1784833560,736.89,736.92,736.78,736.78,11014
1784833680,736.78,736.96,736.71,736.71,20191
1784833800,736.71,736.71,736.47,736.67,17863
1784833920,736.68,736.88,736.62,736.7,17322
1784834040,736.65,736.89,736.59,736.73,11366
1784834160,736.75,737.15,736.74,737.04,21542
1784834280,737,737.02,736.78,736.96,11883
1784834400,736.96,737.52,736.95,737.41,28797
1784834520,737.44,737.55,737.26,737.45,20127
1784834640,737.5,737.9,737.42,737.78,17522
1784834760,737.75,737.87,737.61,737.75,20279
1784834880,737.71,737.81,737.32,737.49,15754
1784835000,737.5,737.73,736.99,737.01,24981
1784835120,737.03,737.16,736.69,736.92,41005
1784835240,736.94,737.28,736.94,737,25000
1784835360,737,737.16,736.84,737.06,28474
1784835480,737.05,737.13,736.83,736.92,25563
1784835600,736.89,736.98,736.64,736.77,34391
1784835720,736.775,736.78,736.27,736.44,77820
1784835840,736.44,736.46,736.18,736.24,59111
1784835960,736.26,736.29,735.87,736.16,32299
1784836080,736.15,736.2,735.73,735.92,77119
1784836200,735.93,736.98,735.93,736.82,225542
1784836320,736.81,736.88,736.23,736.33,71952
1784836440,736.36,737.55,736.2,737.53,224399
1784836560,737.54,738.08,737.43,738.06,127405
1784836680,738.06,738.63,738.05,738.15,271859
1784899800,738.49,739.05,738.42,738.77,58851
1784899920,738.79,739.49,738.79,739.09,20890
1784900040,739.11,739.65,739.09,739.39,17684
1784900160,739.33,739.6,738.88,739.58,23290
1784900280,739.57,739.65,739,739.02,12066
1784900400,739.1,739.15,738.79,739,30101
1784900520,738.99,739.04,738.68,738.78,18849
1784900640,738.765,739.08,738.6,738.95,19099
1784900760,738.985,739.56,738.83,739.44,29358
1784900880,739.45,739.88,739.34,739.83,23007
1784901000,739.81,739.81,738.2,738.3,74543
1784901120,738.25,738.31,737.85,737.92,34292
1784901240,737.85,737.99,737.43,737.57,30488
1784901360,737.55,737.95,737.49,737.77,33335
1784901480,737.82,738.18,737.5,737.53,20029
1784901600,737.5,738.37,737.33,738.13,48766
1784901720,738.14,738.69,737.87,738.42,42527
1784901840,738.46,738.52,737.68,738.1,20420
1784901960,738.11,738.43,737.57,738.29,35320
1784902080,738.34,739.48,738.24,739.34,24049
1784902200,739.26,739.46,739.06,739.27,24528
1784902320,739.23,739.41,738.83,739.25,25334
1784902440,739.33,739.9,739.09,739.09,38321
1784902560,739.11,739.18,738.31,738.62,35567
1784902680,738.59,738.84,738,738.52,37223
1784902800,738.53,739.35,738.16,739.26,21060
1784902920,739.26,739.95,739.21,739.76,27640
1784903040,739.78,739.82,739.13,739.35,28402
1784903160,739.35,739.72,738.98,739.11,30071
1784903280,739.13,739.49,739.05,739.23,14422
1784903400,739.18,739.24,738.58,739.02,31927
1784903520,739.02,739.04,738.61,738.72,22630
1784903640,738.71,738.82,738.28,738.69,30269
1784903760,738.71,738.81,738.42,738.46,19254
1784903880,738.43,738.62,737.91,738.02,24068
1784904000,738.05,738.35,737.9,738.16,33170
1784904120,738.15,738.27,737.84,738.08,20216
1784904240,738.06,738.29,737.55,737.55,17963
1784904360,737.52,738.25,737.43,737.71,26308
1784904480,737.77,738.53,737.74,738.53,18161
1784904600,738.53,739.27,738.53,739.18,23221
1784904720,739.14,739.32,738.63,739.2,17825
1784904840,739.19,739.44,738.71,739.41,8665
1784904960,739.37,740.12,739.26,740.02,30507
1784905080,740.04,740.7,739.86,740.59,31832
1784905200,740.62,740.98,740.33,740.46,24433
1784905320,740.47,740.57,740.26,740.39,15852
1784905440,740.42,740.47,740.21,740.41,14804
1784905560,740.42,740.53,739.85,740.221,11445
1784905680,740.22,740.64,739.66,739.7,15377
1784905800,739.69,741.85,739.59,740.92,65477
1784905920,740.94,741.26,740.79,740.87,40227
1784906040,740.9,743,740.9,742.83,68370
1784906160,742.79,742.99,741.84,741.88,21543
1784906280,741.88,742.21,741.34,741.48,13379
1784906400,741.48,742.32,741.41,742.21,22355
1784906520,742.19,742.65,742.12,742.5,8967
1784906640,742.52,742.66,742.33,742.66,12671
1784906760,742.67,742.9,742.55,742.8,15206
1784906880,742.84,743.13,742.5,742.59,25470
1784907000,742.61,742.9,742.35,742.81,14143
1784907120,742.78,742.83,742.22,742.31,4166
1784907240,742.35,742.44,742.06,742.43,6629
1784907360,742.46,742.71,742.2,742.64,10166
1784907480,742.7,743.15,742.66,743.1,22606
1784907600,743.06,743.24,742.58,742.68,20774
1784907720,742.61,742.75,742.03,742.18,9878
1784907840,742.19,742.65,742.19,742.44,8359
1784907960,742.5,742.61,742.2,742.27,7145
1784908080,742.22,742.38,742,742.13,12555
1784908200,742.13,742.79,742.13,742.44,15749
1784908320,742.44,742.59,742.18,742.54,16452
1784908440,742.63,742.8,742.48,742.68,7428
1784908560,742.66,742.95,742.65,742.78,8500
1784908680,742.76,743.11,742.68,743.01,13419
1784908800,743.04,743.09,742.64,742.84,14522
1784908920,742.82,743.01,742.74,743,11840
1784909040,742.97,743.29,742.96,743.17,10851
1784909160,743.19,743.51,742.95,743.49,10444
1784909280,743.52,743.54,743.27,743.28,12394
1784909400,743.27,743.72,743.27,743.43,14548
1784909520,743.41,743.57,742.91,743,17470
1784909640,742.98,743.06,742.82,742.96,9597
1784909760,742.94,743.1,742.88,742.96,7027
1784909880,742.92,743.32,742.91,743.13,23986
1784910000,743.16,743.45,743.11,743.23,8637
1784910120,743.24,743.48,743.2,743.37,5485
1784910240,743.35,743.45,743.25,743.45,4606
1784910360,743.461,743.56,743.35,743.35,8339
1784910480,743.37,743.41,743.19,743.19,22837
1784910600,743.17,743.19,742.48,742.67,32790
1784910720,742.65,742.76,742.35,742.41,12924
1784910840,742.44,742.67,742.41,742.56,12491
1784910960,742.57,742.76,742.39,742.64,5812
1784911080,742.62,742.68,742.22,742.27,14600
1784911200,742.26,742.26,741.92,742.08,9440
1784911320,742.05,742.09,741.74,741.85,13288
1784911440,741.84,741.86,741.52,741.72,13591
1784911560,741.75,741.77,741.23,741.25,22190
1784911680,741.24,741.26,740.95,741.19,24996
1784911800,741.13,741.26,741.04,741.12,19430
1784911920,741.18,741.18,740.76,740.96,14653
1784912040,740.92,741.37,740.88,741.229,13578
1784912160,741.24,741.54,741.13,741.54,7929
1784912280,741.58,741.76,741.45,741.45,5846
1784912400,741.47,741.6,741.02,741.35,6913
1784912520,741.33,741.37,741.02,741.149,7353
1784912640,741.15,741.31,741.08,741.19,6614
1784912760,741.21,741.23,740.51,740.68,40051
1784912880,740.65,740.67,740.38,740.42,10848
1784913000,740.38,740.83,740.25,740.68,12416
1784913120,740.7,740.99,740.68,740.86,6688
1784913240,740.83,741.06,740.77,740.77,6464
1784913360,740.84,741.18,740.67,741.16,13133
1784913480,741.15,741.44,741.05,741.39,6882
1784913600,741.419,741.49,741.26,741.26,4602
1784913720,741.24,741.36,740.92,741.01,7702
1784913840,740.98,741.34,740.91,741.29,48564
1784913960,741.36,741.78,741.31,741.67,9645
1784914080,741.7,741.83,741.6,741.71,8369
1784914200,741.81,741.86,741.54,741.84,13401
1784914320,741.84,741.98,741.62,741.97,9237
1784914440,741.91,742.16,741.88,742.04,9662
1784914560,742.04,742.05,741.64,741.69,10261
1784914680,741.65,741.78,741.43,741.51,10708
1784914800,741.52,741.54,741.14,741.26,11242
1784914920,741.3,741.31,741.155,741.18,9835
1784915040,741.24,741.35,740.94,741.04,8060
1784915160,741.04,741.39,741.04,741.11,6505
1784915280,741.12,741.33,740.939,741.31,11910
1784915400,741.31,741.53,741.06,741.06,12137
1784915520,741.07,741.22,740.97,741.14,7902
1784915640,741.13,741.39,741.08,741.16,5782
1784915760,741.17,741.36,741.08,741.11,32899
1784915880,741.08,741.25,740.97,740.97,11511
1784916000,740.98,741.27,740.89,740.9,17278
1784916120,740.91,740.95,740.78,740.8,10953
1784916240,740.78,740.94,740.75,740.88,14244
1784916360,740.91,741.2,740.82,741.2,12356
1784916480,741.21,741.24,740.97,740.97,4398
1784916600,741.01,741.05,740.68,740.75,13813
1784916720,740.71,740.75,740.545,740.6,14605
1784916840,740.54,740.68,740.47,740.56,15279
1784916960,740.56,740.64,740.45,740.5,18069
1784917080,740.49,740.54,740.16,740.2,11952
1784917200,740.19,740.19,739.77,739.811,13499
1784917320,739.81,739.94,739.72,739.9,16013
1784917440,739.91,739.96,739.46,739.61,17128
1784917560,739.601,739.63,739.29,739.33,15396
1784917680,739.26,739.351,739,739.05,19629
1784917800,739.02,739.16,738.57,738.71,25339
1784917920,738.64,738.85,738.311,738.38,22725
1784918040,738.355,738.41,737.83,738.14,47234
1784918160,738.17,738.62,738.11,738.13,25642
1784918280,738.15,738.5,737.93,738.27,45545
1784918400,738.27,738.27,737.75,737.75,25421
1784918520,737.73,738.12,737.65,737.96,35083
1784918640,737.97,738.38,737.81,738.37,25302
1784918760,738.39,738.69,738.39,738.62,16277
1784918880,738.64,738.69,738.22,738.3,9949
1784919000,738.31,738.51,738.03,738.26,16724
1784919120,738.34,738.46,738.21,738.38,11940
1784919240,738.36,738.38,738.07,738.36,11689
1784919360,738.36,738.71,738.29,738.56,22263
1784919480,738.54,738.61,738.37,738.38,20250
1784919600,738.39,738.9,738.28,738.57,23332
1784919720,738.58,738.64,738.22,738.28,20918
1784919840,738.29,738.58,738.15,738.5,16526
1784919960,738.5,738.64,737.74,737.76,29853
1784920080,737.76,737.91,737.56,737.6,29715
1784920200,737.6,737.76,737.471,737.69,25709
1784920320,737.69,738.22,737.69,737.85,43771
1784920440,737.85,737.85,737.51,737.58,31253
1784920560,737.55,737.79,737.42,737.57,87330
1784920680,737.6,737.83,737.55,737.8,26353
1784920800,737.82,737.96,737.58,737.93,19061
1784920920,737.915,738.02,737.7,737.72,21341
1784921040,737.71,737.74,737.3,737.43,45377
1784921160,737.41,737.81,737.36,737.6,18403
1784921280,737.58,737.86,737.48,737.65,28750
1784921400,737.74,738,737.7,737.93,25087
1784921520,737.951,738.35,737.94,738.2,87587
1784921640,738.17,738.62,738.01,738.53,40545
1784921760,738.52,738.65,738.2,738.47,43634
1784921880,738.47,738.56,738.05,738.11,42823
1784922000,738.12,738.34,737.94,738.07,42293
1784922120,738.04,738.14,737.79,738.02,21687
1784922240,738.03,738.43,737.92,737.95,39576
1784922360,737.92,738.1,737.82,737.82,27637
1784922480,737.85,738.33,737.76,738.33,30502
1784922600,738.34,738.5,737.7,737.8,60626
1784922720,737.8,738.05,737.64,738.01,50238
1784922840,737.99,738.61,737.95,738.14,78372
1784922960,738.14,738.51,738.05,738.44,152057
1784923080,738.44,739.1,738.14,738.85,207799
1785159000,744.89,745.17,744.43,744.58,82710
1785159120,744.62,744.9,743.96,744.07,37237
1785159240,744.07,745.45,743.95,745.45,30064
1785159360,745.47,745.53,745.2,745.33,48329
1785159480,745.35,745.52,744.91,744.96,32917
1785159600,744.97,745.03,744.45,744.7,26775
1785159720,744.6,744.72,743.47,743.66,41970
1785159840,743.66,743.9,743.44,743.9,40600
1785159960,743.85,744.03,743.21,743.33,43525
1785160080,743.34,744.15,743.25,743.8,28164
1785160200,743.84,744.08,743.68,744.08,24835
1785160320,744.09,744.17,743.39,743.72,32595
1785160440,743.74,743.85,743.07,743.14,24263
1785160560,743.14,743.16,742.39,742.44,30508
1785160680,742.44,742.47,741.61,741.61,47034
1785160800,741.61,741.97,741.22,741.47,74349
1785160920,741.43,742.11,741.34,741.65,39366
1785161040,741.64,741.99,741.46,741.64,34588
1785161160,741.61,741.839,741.23,741.6,28477
1785161280,741.6,742.03,741.6,741.75,26646
1785161400,741.76,741.76,740.47,740.86,45679
1785161520,740.85,741.26,740.62,740.75,25522
1785161640,740.81,741.56,740.74,741.1,42110
1785161760,741.15,741.35,740.7,740.89,14450
1785161880,740.9,741.33,740.53,740.93,23556
1785162000,740.93,740.93,740.32,740.84,14015
1785162120,740.82,740.85,739.88,739.93,31440
1785162240,739.93,740.07,739.43,739.72,37967
1785162360,739.72,739.87,739.25,739.26,34849
1785162480,739.25,739.33,738.2,738.28,37901
1785162600,738.33,738.55,737.84,738.19,60725
1785162720,738.19,738.41,737.95,738.07,45484
1785162840,737.97,738.31,737.55,738.04,42103
1785162960,738.07,738.18,737.14,737.53,33857
1785163080,737.54,738.34,737.54,738.08,49212
1785163200,738.07,738.27,736.63,736.94,52178
1785163320,736.96,737.2,736.55,737.1,27909
1785163440,737.11,737.52,736.63,737.2,26151
1785163560,737.15,737.79,737.05,737.51,21833
1785163680,737.49,738.14,737.41,737.99,29007
1785163800,738,738.64,737.97,738.27,35151
1785163920,738.25,738.72,737.93,738.49,23906
1785164040,738.47,738.99,738.37,738.99,21239
1785164160,738.93,739.299,738.77,739.14,35777
1785164280,739.13,739.88,739.05,739.71,36234
1785164400,739.71,739.94,739.36,739.7,39020
1785164520,739.68,739.93,739.45,739.48,12108
1785164640,739.51,740.27,739.44,740.25,14335
1785164760,740.28,740.34,739.5,739.88,21353
1785164880,739.88,740.02,739.22,739.24,19275
1785165000,739.27,739.69,739.1,739.47,14054
1785165120,739.45,739.85,739.38,739.59,15895
1785165240,739.64,739.91,738.78,738.83,18058
1785165360,738.79,738.98,738.44,738.48,18699
1785165480,738.48,738.81,737.94,738.81,22825
1785165600,738.81,739.32,738.76,738.78,13781
1785165720,738.72,739.15,738.18,738.3,8553
1785165840,738.3,738.31,738.02,738.16,17349
1785165960,738.15,738.52,738.06,738.14,14708
1785166080,738.15,738.37,737.88,738.3,14657
1785166200,738.269,738.27,737.77,737.81,12840
1785166320,737.75,737.97,737.3,737.47,13175
1785166440,737.49,737.65,737.05,737.11,13103
1785166560,737.08,737.2,736.45,736.46,18394
1785166680,736.48,737.07,736.33,736.949,23196
1785166800,736.95,737.1,736.6,736.97,18609
1785166920,736.98,737.47,736.94,737,20292
1785167040,737.02,737.54,737.01,737.01,15200
1785167160,736.96,737.31,736.69,736.82,8512
1785167280,736.83,737.23,736.74,736.83,10020
1785167400,736.89,737.36,736.72,737.2,6410
1785167520,737.16,737.27,736.75,737,7899
1785167640,737.03,737.38,736.9,737.34,7842
1785167760,737.32,737.61,737.22,737.499,19892
1785167880,737.45,737.61,737.06,737.47,17290
1785168000,737.5,737.84,737.45,737.53,8516
1785168120,737.58,737.79,737.39,737.739,7223
1785168240,737.8,738.34,737.8,738.14,16470
1785168360,738.18,738.18,737.73,737.93,6119
1785168480,737.94,738.34,737.85,738.32,6457
1785168600,738.3,738.68,738.3,738.53,12127
1785168720,738.51,738.64,737.75,737.77,9683
1785168840,737.82,737.82,737.29,737.31,16555
1785168960,737.36,737.38,736.87,737.22,19155
1785169080,737.22,737.48,737.16,737.3,17320
1785169200,737.27,737.785,737.08,737.33,10926
1785169320,737.33,737.56,737.19,737.44,3768
1785169440,737.57,739.61,737.49,739.53,80430
1785169560,739.53,739.67,738.78,739.24,30345
1785169680,739.17,739.49,738.57,738.69,18955
1785169800,738.72,739.31,738.68,739.27,9288
1785169920,739.19,739.24,738.41,738.63,11969
1785170040,738.68,739.02,738.64,738.71,5584
1785170160,738.71,739.34,738.45,738.86,10637
1785170280,738.88,739.2,738.79,738.92,9077
1785170400,738.98,739.1,738.69,738.69,8163
1785170520,738.69,738.76,738.28,738.32,7766
1785170640,738.275,738.5,738.09,738.4,5011
1785170760,738.42,738.8,738.39,738.59,5335
1785170880,738.58,738.72,738.19,738.19,5773
1785171000,738.07,738.07,737.44,737.489,8732
1785171120,737.49,737.53,737.02,737.1,9900
1785171240,737.11,737.22,736.64,736.76,9742
1785171360,736.8,737.1,736.76,736.97,9555
1785171480,736.93,737.1,736.84,737.03,9400
1785171600,737.05,737.1,736.61,736.69,8517
1785171720,736.6,736.63,736.11,736.25,17329
1785171840,736.28,736.42,736.07,736.25,15927
1785171960,736.26,736.49,736.13,736.45,14686
1785172080,736.5,736.58,736.28,736.4,14180
1785172200,736.37,736.45,736.25,736.25,6048
1785172320,736.25,736.76,736.18,736.6,13196
1785172440,736.61,736.76,736.52,736.71,8143
1785172560,736.74,736.75,735.96,736.07,9649
1785172680,736.06,736.22,735.85,736.215,16584
1785172800,736.22,736.75,736.1,736.58,23857
1785172920,736.5,736.77,736.29,736.29,15088
1785173040,736.3,736.46,736.25,736.33,19194
1785173160,736.33,736.64,736.23,736.46,18083
1785173280,736.48,736.6,736.19,736.2,11579
1785173400,736.22,736.57,736.2,736.45,7791
1785173520,736.45,737.1,736.36,737.1,20685
1785173640,737.09,737.28,736.96,737.11,11742
1785173760,737.099,737.15,736.64,736.64,14313
1785173880,736.66,737.05,736.57,736.71,8681
1785174000,736.69,736.85,736.51,736.84,3597
1785174120,736.82,736.88,736.52,736.79,5584
1785174240,736.78,736.85,736.58,736.641,4264
1785174360,736.66,737.12,736.66,736.91,7080
1785174480,736.9,737.1,736.73,736.79,8771
1785174600,736.73,737,736.69,736.84,4342
1785174720,736.89,737.36,736.86,737.25,5838
1785174840,737.27,737.66,737.26,737.4,16484
1785174960,737.39,737.74,737.39,737.51,3725
1785175080,737.59,737.849,737.59,737.8,6452
1785175200,737.82,737.92,737.63,737.79,11815
1785175320,737.56,737.86,737.54,737.85,11358
1785175440,737.86,737.91,737.49,737.82,14298
1785175560,737.8,737.97,737.6,737.72,14099
1785175680,737.73,737.77,737.61,737.709,8329
1785175800,737.65,737.83,737.62,737.66,13210
1785175920,737.66,737.88,737.66,737.865,15825
1785176040,737.87,737.92,737.25,737.27,18001
1785176160,737.27,737.37,737.04,737.26,14384
1785176280,737.26,737.45,737.169,737.25,11016
1785176400,737.22,737.33,737.14,737.19,13659
1785176520,737.25,737.44,737.09,737.24,5688
1785176640,737.29,737.79,737.28,737.57,7149
1785176760,737.6,737.77,737.49,737.5,8225
1785176880,737.5,737.695,737.41,737.63,12074
1785177000,737.635,737.635,737.05,737.05,12411
1785177120,737.05,737.25,736.97,737.14,6828
1785177240,737.1,737.125,736.77,737.01,20305
1785177360,736.975,737.08,736.87,736.97,5998
1785177480,736.97,737,736.7,736.79,10338
1785177600,736.79,737.6,736.61,737.19,94474
1785177720,737.22,737.52,737.02,737.47,16306
1785177840,737.47,737.72,737.41,737.54,16786
1785177960,737.575,737.66,737.37,737.56,15524
1785178080,737.52,737.74,737.35,737.39,7758
1785178200,737.39,737.81,737.39,737.8,6948
1785178320,737.789,738.64,737.75,738.63,33924
1785178440,738.64,739.25,738.48,739.1,19724
1785178560,739.1,739.14,738.65,738.77,21904
1785178680,738.79,739.06,738.51,739.06,26275
1785178800,739.06,739.1,738.8,738.98,20008
1785178920,739,739.17,738.78,738.86,16598
1785179040,738.86,738.98,738.48,738.551,25604
1785179160,738.58,739.34,738.51,739.29,20433
1785179280,739.29,739.4,739.19,739.33,22353
1785179400,739.31,739.57,739.15,739.24,17256
1785179520,739.28,739.35,738.93,739.05,8077
1785179640,739.07,739.19,738.97,739.15,8015
1785179760,739.16,739.35,739.13,739.33,9213
1785179880,739.32,739.5,739.31,739.5,7575
1785180000,739.51,739.69,739.37,739.39,9295
1785180120,739.36,739.76,739.35,739.51,16324
1785180240,739.52,739.71,739.36,739.46,10218
1785180360,739.44,739.58,739.35,739.58,6657
1785180480,739.59,739.65,739.41,739.65,11331
1785180600,739.64,739.73,739.52,739.69,24107
1785180720,739.66,739.77,739.47,739.75,14009
1785180840,739.77,739.83,739.5,739.569,33526
1785180960,739.58,739.65,739.12,739.2,33444
1785181080,739.22,739.26,738.92,738.98,19192
1785181200,738.99,739.2,738.91,739.03,20902
1785181320,739.02,739.18,738.82,738.93,25666
1785181440,738.96,739.05,738.69,738.89,36098
1785181560,738.88,739.04,738.62,738.91,40453
1785181680,738.89,739.05,738.66,739.03,50623
1785181800,739.04,739.19,738.59,738.66,30934
1785181920,738.68,738.86,738.59,738.69,20042
1785182040,738.71,738.97,738.5,738.81,59498
1785182160,738.81,739.09,738.74,738.78,54705
1785182280,738.79,739.11,738.68,739.05,272516
1785245400,739.2,739.47,738.29,738.4,161631
1785245520,738.4,738.58,738.03,738.25,85437
1785245640,738.29,739.06,738.05,739,56277
1785245760,738.98,739.07,738.07,738.22,56298
1785245880,738.19,738.46,737.76,737.79,44872
1785246000,737.8,738.34,737.7,737.78,82100
1785246120,737.79,737.86,736.57,736.645,85623
1785246240,736.65,737.3,736.64,736.83,66514
1785246360,736.8,736.81,736,736.015,52811
1785246480,736,737.6,736,737.53,50673
1785246600,737.58,738.17,736.87,737.15,45434
1785246720,737.19,737.89,736.73,737.31,48988
1785246840,737.3,737.58,736.65,736.73,28838
1785246960,736.76,737.13,736.56,736.74,33288
1785247080,736.72,736.73,736.16,736.5,26422
1785247200,736.49,737.58,736.49,737.07,21977
1785247320,737.16,737.72,737.16,737.35,14924
1785247440,737.26,737.96,737.11,737.96,12345
1785247560,737.88,738.21,737.47,737.47,30983
1785247680,737.46,737.5,736.88,737.08,24517
1785247800,737.12,737.68,737.02,737.64,23094
1785247920,737.65,737.79,736.67,736.69,18341
1785248040,736.64,737.14,736.27,737.09,43732
1785248160,737.1,737.16,736.44,736.67,20117
1785248280,736.67,737.07,736.56,736.61,18702
1785248400,736.63,737.25,736.37,737.21,17920
1785248520,737.24,737.62,736.53,737.62,36943
1785248640,737.58,737.85,737.14,737.41,30207
1785248760,737.43,737.71,737.19,737.33,17976
1785248880,737.34,737.74,737.17,737.71,18722
1785249000,737.72,738,737.31,737.68,15960
1785249120,737.7,737.96,737.39,737.75,21861
1785249240,737.75,737.92,737.15,737.91,28701
1785249360,737.9,738.61,737.86,738.4,39926
1785249480,738.41,738.44,737.35,737.55,25980
1785249600,737.52,738.4,737.4,738.4,27870
1785249720,738.37,738.61,737.97,738.42,23962
1785249840,738.42,738.57,737.86,737.95,31146
1785249960,737.949,738.77,737.89,738.72,37292
1785250080,738.72,739.41,738.7,739.3,32922
1785250200,739.29,739.78,739.27,739.68,18471
1785250320,739.71,739.76,739.16,739.52,29006
1785250440,739.51,739.81,739.26,739.67,17018
1785250560,739.61,739.64,738.86,739,14812
1785250680,738.98,739,738.58,738.68,15253
1785250800,738.67,739.18,738.64,739,15656
1785250920,739,739.01,738.3,738.32,10448
1785251040,738.349,738.45,738.02,738.35,16388
1785251160,738.37,738.83,738.21,738.4,12594
1785251280,738.39,738.81,738.26,738.81,15046
1785251400,738.78,739.53,738.479,738.91,24578
1785251520,738.82,739.7,738.8,739.36,21758
1785251640,739.41,739.67,739.2,739.54,13229
1785251760,739.55,739.895,739.33,739.88,26031
1785251880,739.84,740.58,739.78,740.58,41828
1785252000,740.57,741.17,740.56,741.05,25017
1785252120,741,741.22,740.84,741.09,35434
1785252240,741.07,741.51,741.01,741.36,23756
1785252360,741.38,741.91,741.3,741.33,31519
1785252480,741.33,741.33,741.06,741.2,11049
1785252600,741.19,741.46,741,741.18,9432
1785252720,741.18,741.44,741.14,741.41,9932
1785252840,741.43,741.57,741.23,741.57,7653
1785252960,741.54,741.735,741.45,741.72,5223
1785253080,741.72,741.9,741.64,741.66,14697
1785253200,741.59,741.78,741.42,741.64,9935
1785253320,741.65,741.91,741.56,741.889,6359
1785253440,741.899,742.22,741.89,742.05,23488
1785253560,742.06,742.31,742.05,742.19,17519
1785253680,742.17,742.45,742.17,742.31,36041
1785253800,742.33,742.37,741.78,742.02,23381
1785253920,742.02,742.41,741.89,742.37,12836
1785254040,742.32,742.35,741.8,741.85,8032
1785254160,741.84,742.25,741.83,742.24,5549
1785254280,742.25,742.38,742.11,742.19,6758
1785254400,742.22,742.35,742,742.17,15064
1785254520,742.17,742.29,741.96,742.12,8452
1785254640,742.12,742.19,741.94,742.04,6332
1785254760,742.06,742.135,741.71,741.71,11445
1785254880,741.74,741.74,741.57,741.59,25223
1785255000,741.57,741.78,741.49,741.75,17607
1785255120,741.76,741.83,741.55,741.57,9769
1785255240,741.54,741.76,741.49,741.58,10383
1785255360,741.52,741.6,741.39,741.4,9821
1785255480,741.42,741.93,741.32,741.9,12149
1785255600,741.89,742.08,741.71,741.85,8855
1785255720,741.84,741.87,741.44,741.52,5839
1785255840,741.44,741.58,741.3,741.58,6987
1785255960,741.56,741.6,741.28,741.43,17207
1785256080,741.45,741.49,741.21,741.21,3823
1785256200,741.23,741.23,740.92,741.02,13999
1785256320,740.98,741.36,740.96,741.11,6619
1785256440,741.12,741.33,741.08,741.189,5440
1785256560,741.2,741.26,741.08,741.21,6984
1785256680,741.25,741.8,741.18,741.76,22335
1785256800,741.78,742.02,741.71,742,11074
1785256920,742.01,742.09,741.78,742.09,7059
1785257040,742.14,742.14,741.79,741.829,16993
1785257160,741.79,741.9,741.39,741.73,7937
1785257280,741.705,741.81,741.47,741.76,4722
1785257400,741.8,742.53,741.79,742.51,16153
1785257520,742.51,742.66,742.43,742.51,12165
1785257640,742.52,742.65,742.49,742.61,11884
1785257760,742.65,742.79,742.51,742.68,14403
1785257880,742.68,742.68,742.53,742.6,8107
1785258000,742.58,742.76,742.47,742.61,12120
1785258120,742.6,742.63,742.11,742.19,30072
1785258240,742.2,742.32,742.07,742.16,7574
1785258360,742.17,742.3,741.86,742.06,20969
1785258480,742.11,742.12,741.45,741.52,13712
1785258600,741.5,741.64,741.18,741.62,16538
1785258720,741.61,741.82,741.23,741.35,8955
1785258840,741.37,741.52,741.21,741.39,9502
1785258960,741.44,741.45,741.09,741.12,6053
1785259080,741.13,741.37,741.12,741.34,19577
1785259200,741.27,742.19,741.23,741.62,33714
1785259320,741.63,741.77,741.39,741.61,4705
1785259440,741.7,741.7,741.14,741.28,3526
1785259560,741.25,741.72,741.24,741.595,6641
1785259680,741.59,741.7,741.3,741.3,4296
1785259800,741.31,741.34,741.13,741.18,7039
1785259920,741.17,741.64,741.13,741.55,10967
1785260040,741.57,741.92,741.57,741.69,7143
1785260160,741.68,741.77,741.61,741.61,4350
1785260280,741.6,741.68,741.36,741.4,6379
1785260400,741.38,741.67,741.18,741.18,13805
1785260520,741.16,741.25,740.8,740.84,13862
1785260640,740.84,740.92,740.66,740.76,14597
1785260760,740.75,741,740.69,740.75,5983
1785260880,740.79,741.36,740.76,741.3,19875
1785261000,741.23,741.24,740.85,740.98,4419
1785261120,740.92,741.115,740.81,740.9,3086
1785261240,740.88,740.95,740.51,740.61,14433
1785261360,740.6,740.94,740.6,740.85,9346
1785261480,740.86,741.19,740.79,741.19,6794
1785261600,741.2,741.51,741.04,741.17,9754
1785261720,741.13,741.36,741.01,741.13,14926
1785261840,741.13,741.26,741.01,741.07,23969
1785261960,741.07,741.1,740.81,740.9,17984
1785262080,740.89,740.93,740.74,740.85,14549
1785262200,740.85,740.93,740.58,740.6,17825
1785262320,740.59,740.78,740.45,740.59,25050
1785262440,740.59,740.74,740.42,740.71,12338
1785262560,740.681,740.76,740.43,740.57,10719
1785262680,740.59,740.82,740.55,740.75,7502
1785262800,740.76,740.96,740.67,740.73,6973
1785262920,740.73,740.9,740.52,740.57,5262
1785263040,740.58,740.7,740.48,740.62,9775
1785263160,740.63,740.68,740.5,740.58,6055
1785263280,740.59,740.66,740.44,740.59,25645
1785263400,740.59,740.77,740.51,740.59,9459
1785263520,740.59,740.92,740.52,740.87,12572
1785263640,740.9,741.04,740.75,740.86,16589
1785263760,740.9,740.97,740.74,740.97,5523
1785263880,740.98,741.13,740.74,740.83,8502
1785264000,740.83,740.87,740.59,740.64,8002
1785264120,740.63,740.76,740.56,740.76,14900
1785264240,740.76,741.05,740.63,741.05,40097
1785264360,741.04,741.42,740.98,741.3,10300
1785264480,741.28,741.33,741.17,741.24,3426
1785264600,741.239,741.51,741.23,741.42,9241
1785264720,741.4,741.45,741.16,741.19,13192
1785264840,741.21,741.44,741.07,741.41,16346
1785264960,741.42,741.6,741.35,741.51,17584
1785265080,741.5,741.61,741.44,741.45,5008
1785265200,741.47,741.79,741.47,741.68,12249
1785265320,741.69,741.9,741.57,741.84,9071
1785265440,741.84,741.96,741.74,741.92,18584
1785265560,741.91,741.96,741.72,741.73,18299
1785265680,741.7,741.7,741.4,741.4,19931
1785265800,741.43,741.66,741.39,741.52,9850
1785265920,741.53,741.53,741.34,741.52,8968
1785266040,741.51,741.57,741.37,741.38,13675
1785266160,741.39,741.55,741.31,741.45,17793
1785266280,741.46,741.7,741.43,741.63,26432
1785266400,741.62,741.69,741.54,741.59,6365
1785266520,741.61,741.82,741.605,741.76,14921
1785266640,741.73,741.84,741.63,741.64,18867
1785266760,741.63,741.69,741.36,741.43,28535
1785266880,741.44,741.79,741.4,741.66,14147
1785267000,741.71,741.72,741.47,741.55,15847
1785267120,741.56,741.67,741.5,741.5,12497
1785267240,741.49,741.6,741.23,741.28,17653
1785267360,741.27,741.28,741.08,741.16,21404
1785267480,741.15,741.19,740.93,741.01,22223
1785267600,741.01,741.2,741,741.2,23550
1785267720,741.19,741.3,741.07,741.25,29159
1785267840,741.24,741.34,740.98,740.98,40355
1785267960,740.97,741.16,740.9,741.05,29469
1785268080,741.03,741.16,741.01,741.11,37321
1785268200,741.1,741.17,740.86,740.89,59864
1785268320,740.89,741.18,740.87,741.18,27674
1785268440,741.22,741.66,741.01,741.19,95365
1785268560,741.19,741.36,741,741.12,110239
1785268680,741.115,741.21,740.43,740.77,394151
1785331800,739.97,739.97,738.71,738.82,64313
1785331920,738.87,740.07,738.79,740.07,31435
1785332040,740.11,740.36,739.93,740.07,28898
1785332160,740.06,740.17,739.39,739.77,19169
1785332280,739.8,740.031,739.2,739.9,17343
1785332400,739.92,740.04,739.43,739.71,18708
1785332520,739.675,739.79,739.33,739.53,18127
1785332640,739.68,740.2,739.53,739.97,19092
1785332760,739.98,740.11,739.03,739.17,30609
1785332880,739.21,739.38,738.88,739.2,34739
1785333000,739.15,739.19,737.87,737.88,25488
1785333120,737.89,737.99,737.43,737.989,31077
1785333240,737.97,738.09,737.05,737.25,30128
1785333360,737.26,737.26,736.62,737.06,30860
1785333480,737.1,737.619,737.03,737.33,31568
1785333600,737.39,737.84,737.35,737.5,23328
1785333720,737.53,738.08,737.48,737.54,33036
1785333840,737.54,738.32,737.39,737.87,21257
1785333960,737.85,737.929,736.88,736.99,28638
1785334080,737.11,737.16,736.71,736.81,12302
1785334200,736.72,737.03,736.54,736.88,27686
1785334320,736.86,736.98,735.06,735.33,45287
1785334440,735.36,735.8,735.14,735.69,36236
1785334560,735.67,736,735.529,735.6,23882
1785334680,735.63,736.27,735.619,735.89,45425
1785334800,735.89,736.27,735.71,736.22,40035
1785334920,736.22,736.47,735.93,736,29196
1785335040,735.98,736.06,734.79,734.81,43874
1785335160,734.8,734.93,734.26,734.82,57903
1785335280,734.84,735.22,734.76,734.95,34932
1785335400,734.915,735.43,734.83,735.2,39178
1785335520,735.205,735.84,735.17,735.5,44872
1785335640,735.5,735.52,734.97,735.32,25408
1785335760,735.33,735.45,735.1,735.2,23935
1785335880,735.17,735.41,734.66,734.84,39374
1785336000,734.77,734.8,734.04,734.35,42849
1785336120,734.38,734.38,733.93,734.24,44432
1785336240,734.09,734.39,733.78,734.24,38172
1785336360,734.28,734.79,733.99,734.299,29639
1785336480,734.23,734.44,733.89,734.43,15921
1785336600,734.43,734.66,734.31,734.51,14950
1785336720,734.55,735.34,734.55,735.12,43489
1785336840,735.1,735.11,734.58,734.58,13309
1785336960,734.57,734.68,734.27,734.38,15670
1785337080,734.36,734.97,734.33,734.82,20819
1785337200,734.82,735.14,734.46,735.13,34309
1785337320,735.13,735.54,735.09,735.3,27165
1785337440,735.28,735.35,734.69,734.96,26213
1785337560,734.95,735.38,734.91,735.38,24590
1785337680,735.36,735.61,735.18,735.61,24271
1785337800,735.59,735.655,734.51,734.8,26289
1785337920,734.78,735.06,734.75,734.79,24621
1785338040,734.82,735.01,734.53,735.01,19066
1785338160,735.02,735.44,734.88,735.19,35459
1785338280,735.18,735.49,734.54,734.56,20915
1785338400,734.57,734.74,734.37,734.73,23975
1785338520,734.73,734.99,734.44,734.96,24670
1785338640,734.97,735.09,734.66,735.01,20329
1785338760,734.96,735.2,734.42,734.48,14773
1785338880,734.51,734.7,734.35,734.44,17921
1785339000,734.42,734.65,734.28,734.65,11845
1785339120,734.7,734.99,734.56,734.81,11508
1785339240,734.8,734.95,734.38,734.85,19637
1785339360,734.85,734.95,734.58,734.66,12459
1785339480,734.66,734.86,734.04,734.04,16017
1785339600,734.01,734.39,733.95,734.28,20270
1785339720,734.28,734.42,733.73,733.74,19458
1785339840,733.73,734.14,733.73,733.921,20147
1785339960,733.94,734.35,733.94,734.29,23389
1785340080,734.25,734.47,734.17,734.44,14717
1785340200,734.43,734.53,734.17,734.27,19405
1785340320,734.26,734.38,733.95,734.07,19503
1785340440,734.04,734.08,733.1,733.23,29597
1785340560,733.23,733.47,733.03,733.4,21675
1785340680,733.38,733.88,733.29,733.74,30838
1785340800,733.77,734.029,733.12,733.16,13285
1785340920,733.15,733.29,733.08,733.14,19814
1785341040,733.14,733.15,732.22,732.49,32761
1785341160,732.47,732.7,732.39,732.67,22175
1785341280,732.67,732.82,732.53,732.71,25061
1785341400,732.69,732.77,732.45,732.52,12086
1785341520,732.5,732.72,732.48,732.5,26081
1785341640,732.52,732.59,731.73,732.08,37372
1785341760,732.07,732.27,731.89,732.21,19675
1785341880,732.19,732.35,732.04,732.23,16061
1785342000,732.24,732.7,732.12,732.54,25482
1785342120,732.56,733.6,732.56,733.3,36519
1785342240,733.27,733.6,733.13,733.37,20414
1785342360,733.39,733.7,733.28,733.55,15804
1785342480,733.54,733.92,733.41,733.85,21406
1785342600,733.81,734.3,733.78,733.95,28805
1785342720,733.99,734.01,733.55,733.75,10957
1785342840,733.75,733.93,733.08,733.23,15327
1785342960,733.28,733.39,733,733.36,16456
1785343080,733.38,733.67,733.25,733.58,17842
1785343200,733.55,733.7,733.29,733.31,17084
1785343320,733.32,733.35,732.92,732.95,17222
1785343440,732.96,733.33,732.88,733.16,19468
1785343560,733.13,733.595,733.03,733.57,28158
1785343680,733.58,733.95,733.49,733.93,10723
1785343800,733.93,734.18,733.77,733.99,18565
1785343920,733.98,734.5,733.72,734.4,17325
1785344040,734.37,734.5,734.159,734.32,13817
1785344160,734.34,734.66,734.15,734.53,12740
1785344280,734.52,734.87,734.34,734.86,8805
1785344400,734.9,735.16,734.75,735.03,13041
1785344520,735.04,735.6,734.88,735.57,12649
1785344640,735.55,735.99,735.48,735.61,15809
1785344760,735.64,735.85,735.46,735.46,15990
1785344880,735.45,735.67,735.35,735.4,14647
1785345000,735.38,736,735.35,735.98,12876
1785345120,735.96,736.5,735.75,736.31,21785
1785345240,736.3,736.64,736.24,736.43,24942
1785345360,736.36,736.73,736.31,736.65,12796
1785345480,736.66,736.86,736.54,736.73,14941
1785345600,736.73,737.23,736.71,737.23,19304
1785345720,737.22,737.27,736.71,736.919,17448
1785345840,736.88,736.88,736.125,736.23,28331
1785345960,736.23,736.48,736.16,736.25,21027
1785346080,736.24,736.42,735.74,735.76,28272
1785346200,735.75,735.76,735.28,735.75,33882
1785346320,735.79,736.28,735.7,736.27,19676
1785346440,736.27,736.33,735.5,735.56,12222
1785346560,735.51,735.7,735.36,735.49,11189
1785346680,735.46,735.72,735.46,735.64,16715
1785346800,735.64,735.78,735.53,735.7,18866
1785346920,735.71,735.88,735.39,735.84,18187
1785347040,735.84,735.92,735.5,735.51,8853
1785347160,735.5,735.74,735.39,735.72,9783
1785347280,735.74,736.03,735.66,735.97,10842
1785347400,735.97,736.23,735.95,736.2,12143
1785347520,736.18,736.4,736.09,736.26,15934
1785347640,736.26,736.27,735.819,735.91,18303
1785347760,735.92,735.92,735.7,735.82,16773
1785347880,735.82,736.4,735.62,736.4,19148
1785348000,736.4,739.51,736.32,739.29,148977
1785348120,739.2,739.55,738.27,738.55,63302
1785348240,738.58,738.63,737.86,738.42,56804
1785348360,738.39,739.04,738.26,738.3,38981
1785348480,738.29,738.41,737.68,738.08,30924
1785348600,738.06,738.4,737.66,738.19,50646
1785348720,738.18,738.34,737.44,737.66,20136
1785348840,737.68,738.09,736.96,737.87,15799
1785348960,737.92,738.28,737.15,737.5,16940
1785349080,737.57,737.57,736.82,737.02,16102
1785349200,737.02,737.11,736.51,736.72,17804
1785349320,736.7,737.03,736.34,736.36,16032
1785349440,736.38,736.97,736.36,736.7,40111
1785349560,736.7,737.07,736.5,736.72,18993
1785349680,736.77,737.36,736.73,737.34,16740
1785349800,737.36,738.08,736.88,736.98,29242
1785349920,736.94,737.35,735.95,736.99,62578
1785350040,737.01,737.11,736.34,736.67,22017
1785350160,736.72,738,736.42,737.89,29427
1785350280,737.89,739.29,737.88,738.95,34862
1785350400,738.96,740.25,738.86,739.81,24649
1785350520,739.81,740.39,739.19,740.34,32711
1785350640,740.37,741.14,740.23,740.86,52537
1785350760,740.88,742.01,740.72,741.58,64142
1785350880,741.58,742.12,741.06,741.95,47426
1785351000,741.93,742.07,741.29,741.92,49568
1785351120,741.91,742.48,741.68,742.3,53771
1785351240,742.31,742.67,742.21,742.41,51408
1785351360,742.42,742.47,741.55,741.97,51898
1785351480,741.97,742.23,741.56,741.94,23318
1785351600,741.96,742.46,741.32,742.39,33819
1785351720,742.44,742.57,740.975,741.13,26258
1785351840,741.15,741.2,739.73,739.79,34600
1785351960,739.9,740.02,739.09,739.15,44247
1785352080,739.12,739.45,738.43,738.43,42456
1785352200,738.41,739.2,737.97,739.07,63405
1785352320,739.03,739.249,738.36,738.9,30077
1785352440,738.9,739.69,738.63,739.6,30989
1785352560,739.65,739.73,738.08,738.08,40507
1785352680,738.05,738.05,737.41,737.58,25423
1785352800,737.66,737.66,735.95,736.38,77786
1785352920,736.3,736.37,735.37,735.72,75680
1785353040,735.76,736.15,734.89,734.93,74223
1785353160,734.98,735.24,734.28,734.93,80567
1785353280,734.92,735.32,734.66,735.14,61618
1785353400,735.24,735.74,734.93,735.33,83568
1785353520,735.36,735.43,732.97,733.09,57276
1785353640,733.1,733.7,732.72,733.15,72266
1785353760,733.19,734.02,732.85,732.94,73959
1785353880,732.97,732.98,731.52,731.59,114796
1785354000,731.59,732.27,731.07,731.74,123994
1785354120,731.76,732,730.9,731.74,73347
1785354240,731.72,731.74,730.86,730.87,105628
1785354360,730.85,731.46,730.41,730.9,138266
1785354480,730.88,732.09,730.81,731.9,86634
1785354600,731.88,731.9,730.61,730.93,141853
1785354720,730.92,730.97,730.18,730.67,100431
1785354840,730.64,731.17,729.75,730.04,121543
1785354960,730.07,730.33,729.61,729.69,163962
1785355080,729.67,730.09,729.1,729.52,1195505
1785418200,736.02,736.27,735.17,735.51,141109
1785418320,735.51,735.76,734.97,735.28,86089
1785418440,735.3,735.77,735.04,735.58,58997
1785418560,735.57,736.02,735.22,736.02,62386
1785418680,736.02,736.04,734.99,735.28,60395
1785418800,735.35,735.44,734.64,735.11,57453
1785418920,735.15,736.48,735.04,736.46,60618
1785419040,736.47,736.91,736.35,736.84,68087
1785419160,736.85,737.38,736.77,737.16,72394
1785419280,737.165,737.43,736.97,737.38,50312
1785419400,737.39,738.38,737.07,737.87,106113
1785419520,737.87,738.11,737.26,737.66,62663
1785419640,737.64,738.06,737.56,737.94,46889
1785419760,737.92,738.13,737.64,737.96,45379
1785419880,737.97,738.65,737.73,738.65,51865
1785420000,738.61,738.88,738.29,738.71,97212
1785420120,738.7,739,738.1,738.39,58082
1785420240,738.4,738.8,738.29,738.61,46249
1785420360,738.64,738.9,738.07,738.09,22632
1785420480,738.12,738.14,737.55,737.77,49787
1785420600,737.76,738.05,737.44,738.05,47533
1785420720,738.06,738.15,737.56,737.67,28219
1785420840,737.7,738.13,737.67,738.08,30392
1785420960,738.1,738.47,737.91,737.93,29795
1785421080,737.93,737.93,737.38,737.76,33792
1785421200,737.79,738.35,737.64,738.15,24266
1785421320,738.17,738.565,737.88,738.18,18832
1785421440,738.16,738.33,737.77,738.07,31321
1785421560,738.1,738.74,737.77,738.74,28421
1785421680,738.75,739.3,738.58,738.62,54325
1785421800,738.66,738.88,738.18,738.81,45713
1785421920,738.82,738.87,738.33,738.48,37817
1785422040,738.49,738.56,738.04,738.12,30019
1785422160,738.08,738.92,738.04,738.82,38204
1785422280,738.82,738.82,738.48,738.69,24867
1785422400,738.68,739.1,738.55,739.04,21177
1785422520,739.03,739.12,738.08,738.08,30132
1785422640,738.07,738.07,737.54,738.05,25182
1785422760,738.075,738.13,737.34,737.35,31006
1785422880,737.34,737.37,736.84,737.22,40071
1785423000,737.23,737.33,736.72,736.98,25971
1785423120,736.98,737,736.36,736.46,27455
1785423240,736.42,736.43,735.85,736.17,40882
1785423360,736.15,736.21,735.62,736,39431
1785423480,736.03,736.55,735.83,736.209,33617
1785423600,736.23,736.27,735.31,735.435,35264
1785423720,735.43,736.39,735.26,736.39,54856
1785423840,736.39,736.59,735.96,736.17,38243
1785423960,736.18,736.22,735.53,735.6,25397
1785424080,735.6,736.81,735.41,736.75,26820
1785424200,736.74,736.77,735.36,735.45,33169
1785424320,735.44,735.61,734.95,735.099,28893
1785424440,735.06,735.37,734.6,735.37,30298
1785424560,735.42,735.73,735.01,735.13,27954
1785424680,735.07,735.55,735.07,735.47,19987
1785424800,735.5,736.16,735.22,735.92,14052
1785424920,735.9,736.09,735.22,735.62,21503
1785425040,735.63,735.83,735.07,735.16,21700
1785425160,735.15,735.41,734.63,735.06,16065
1785425280,735.09,735.19,734.76,734.82,14975
1785425400,734.81,735.2,734.68,735,20914
1785425520,735,735.3,734.94,735.3,11345
1785425640,735.34,736.23,735.13,735.85,18305
1785425760,735.87,736.44,735.56,735.56,13465
1785425880,735.6,735.93,735.48,735.92,10218
1785426000,735.91,736.29,735.78,736.21,13701
1785426120,736.2,736.73,735.99,736.7,18996
1785426240,736.75,736.95,736.63,736.83,21156
1785426360,736.81,737.28,736.77,737.12,28620
1785426480,737.14,737.2,736.72,737.04,31168
1785426600,737.08,737.2,736.59,737.09,21769
1785426720,737.08,737.1,736.36,737,22806
1785426840,737.07,737.55,736.88,737.491,17970
1785426960,737.52,737.665,737.295,737.57,23699
1785427080,737.55,737.57,737.09,737.15,9021
1785427200,737.17,737.48,736.89,737.48,14902
1785427320,737.52,737.85,737.38,737.771,14231
1785427440,737.79,738.42,737.77,738.1,30885
1785427560,738.12,738.29,737.88,738.13,20196
1785427680,738.12,738.26,737.96,738.19,6738
1785427800,738.14,738.65,738.14,738.63,15352
1785427920,738.62,738.97,738.53,738.95,21698
1785428040,738.99,738.99,738.74,738.87,12355
1785428160,738.85,739.08,738.84,739.08,16546
1785428280,739.07,739.22,738.83,738.94,10351
1785428400,738.95,739.13,738.86,739.12,16107
1785428520,739.09,739.11,738.62,738.79,12054
1785428640,738.78,738.86,738.54,738.67,13939
1785428760,738.68,738.94,738.58,738.94,9619
1785428880,738.96,738.98,738.675,738.76,8401
1785429000,738.76,738.87,738.35,738.57,13952
1785429120,738.57,738.76,738.4,738.73,21391
1785429240,738.75,739.06,738.59,738.85,23355
1785429360,738.87,738.95,738.59,738.63,10191
1785429480,738.62,738.67,738.49,738.55,4390
1785429600,738.53,738.55,737.89,738.08,15941
1785429720,738.12,738.22,737.77,738.04,26786
1785429840,737.99,738.48,737.9,738.39,33176
1785429960,738.42,738.75,738.41,738.48,19011
1785430080,738.5,738.62,738.4,738.56,8034
1785430200,738.62,738.85,738.27,738.85,8005
1785430320,738.88,739.17,738.79,739,12469
1785430440,738.99,739.09,738.86,739.08,12667
1785430560,739.06,739.17,738.88,738.92,8096
1785430680,738.88,739.04,738.83,738.98,9951
1785430800,738.99,740.04,738.99,740.02,38750
1785430920,740.02,740.045,739.74,739.75,18026
1785431040,739.79,740,739.77,739.91,15237
1785431160,739.905,740.12,739.68,739.75,21242
1785431280,739.74,739.8,739.63,739.8,6804
1785431400,739.8,739.98,739.67,739.905,11461
1785431520,739.9,739.91,739.53,739.72,11771
1785431640,739.74,739.81,739.65,739.65,7644
1785431760,739.66,740.08,739.66,739.97,12014
1785431880,739.99,740.231,739.82,740.18,15870
1785432000,740.17,740.17,739.99,740.11,13104
1785432120,740.07,740.07,739.79,739.98,10100
1785432240,739.97,740,739.78,739.87,9564
1785432360,739.87,739.97,739.72,739.89,11279
1785432480,739.85,739.88,739.65,739.76,12551
1785432600,739.79,740.01,739.71,739.76,19147
1785432720,739.75,739.79,739.45,739.54,13180
1785432840,739.54,739.72,739.39,739.715,11752
1785432960,739.73,739.93,739.5,739.51,14985
1785433080,739.54,739.55,739.25,739.3,11870
1785433200,739.38,739.77,739.38,739.71,9092
1785433320,739.74,740.12,739.69,739.98,10535
1785433440,739.94,740.03,739.87,739.89,15371
1785433560,739.89,740.17,739.87,739.97,9048
1785433680,739.95,740.105,739.9,739.94,9384
1785433800,739.87,740.38,739.83,740.3,14555
1785433920,740.32,740.34,739.88,739.91,10667
1785434040,739.85,740.02,739.67,739.89,7058
1785434160,739.915,739.99,739.82,739.94,5049
1785434280,739.95,739.95,739.73,739.77,8628
1785434400,739.79,740.25,739.79,740.18,20702
1785434520,740.18,740.285,739.95,740.01,12839
1785434640,740.02,740.02,739.71,739.93,17137
1785434760,739.95,740.13,739.91,740.02,12309
1785434880,740.01,740.22,739.91,740.08,21331
1785435000,740.1,740.19,740,740.18,17533
1785435120,740.17,740.18,739.99,740.14,11967
1785435240,740.13,740.31,740.09,740.17,12049
1785435360,740.17,740.27,740.06,740.16,11091
1785435480,740.16,740.35,740.1,740.15,15388
1785435600,740.14,740.39,740.08,740.32,8773
1785435720,740.33,740.43,740.22,740.32,10005
1785435840,740.33,740.39,740.23,740.25,7623
1785435960,740.26,740.34,740.14,740.28,8530
1785436080,740.31,740.42,740.21,740.38,12682
1785436200,740.4,740.59,740.26,740.39,23914
1785436320,740.391,740.42,740.2,740.31,14402
1785436440,740.32,740.34,740.22,740.3,10043
1785436560,740.29,740.38,740.07,740.16,13163
1785436680,740.16,740.35,740,740.12,23387
1785436800,740.1,740.37,740.08,740.16,37087
1785436920,740.151,740.3,740.1,740.24,10203
1785437040,740.24,740.44,740.17,740.42,16794
1785437160,740.41,740.56,740.36,740.56,11612
1785437280,740.54,740.58,740.4,740.51,11810
1785437400,740.49,740.69,740.39,740.5,21794
1785437520,740.48,740.64,740.45,740.59,19496
1785437640,740.59,740.64,740.47,740.5,16394
1785437760,740.48,740.64,740.4,740.555,12561
1785437880,740.6,740.83,740.5,740.78,15726
1785438000,740.75,741.12,740.75,741.1,28118
1785438120,741.1,741.35,741.08,741.08,27124
1785438240,741.08,741.32,741.07,741.28,32017
1785438360,741.3,741.58,741.2,741.55,39972
1785438480,741.53,741.81,741.47,741.79,20223
1785438600,741.78,742.25,741.78,742,23340
1785438720,742.01,742.3,742.01,742.2,33934
1785438840,742.21,742.24,741.83,741.92,22677
1785438960,741.92,742.27,741.92,742.24,24687
1785439080,742.27,742.45,742.19,742.29,16323
1785439200,742.29,742.29,742.1,742.1,24468
1785439320,742.13,742.155,741.951,742.13,12459
1785439440,742.15,742.25,742.01,742.06,18719
1785439560,742.06,742.21,742,742.07,18896
1785439680,742.06,742.13,741.74,741.78,26988
1785439800,741.77,741.98,741.72,741.83,32925
1785439920,741.88,741.91,741.65,741.76,22937
1785440040,741.8,741.87,741.64,741.65,57731
1785440160,741.64,741.73,741.44,741.64,30410
1785440280,741.67,741.9,741.64,741.75,23272
1785440400,741.73,741.84,741.55,741.78,30321
1785440520,741.78,741.91,741.53,741.85,45807
1785440640,741.84,741.88,741.69,741.8,59079
1785440760,741.78,741.87,741.5,741.59,81879
1785440880,741.59,741.63,741.31,741.6,77083
1785441000,741.59,741.65,741.16,741.34,62385
1785441120,741.4,741.58,741.17,741.18,78662
1785441240,741.16,741.58,741.01,741.19,166961
1785441360,741.18,741.625,741.16,741.61,101623
1785441480,741.6,742.1,741.29,741.72,425701
1785504600,744.68,745.51,744.58,745.39,74624
1785504720,745.44,746.14,745.42,745.81,64761
1785504840,745.78,746.31,745.76,746.04,83520
1785504960,746.04,746.26,745.41,745.64,36546
1785505080,745.61,745.66,744.13,744.15,63871
1785505200,744.13,744.21,743.5,743.71,56651
1785505320,743.72,743.76,742.86,743.51,60022
1785505440,743.54,743.77,742.65,742.96,86985
1785505560,742.95,743.07,742.52,742.63,41791
1785505680,742.65,742.71,741.99,742.299,43826
1785505800,742.28,742.68,741.87,742.62,48890
1785505920,742.6,742.68,741.55,742.01,58256
1785506040,741.97,742.32,741.67,742.25,51174
1785506160,742.23,742.83,742.03,742.33,51567
1785506280,742.32,742.43,741.89,741.94,41969
1785506400,741.94,742.36,741,741.55,37994
1785506520,741.53,741.6,740.67,740.9,37748
1785506640,740.89,740.98,740.13,740.53,42825
1785506760,740.51,740.75,739.025,739.44,75182
1785506880,739.41,739.44,738.42,739.13,75415
1785507000,739.13,739.39,738.29,738.91,59885
1785507120,738.92,739.17,738.05,738.25,48942
1785507240,738.23,738.88,737.96,738.35,48696
1785507360,738.3,738.95,737.66,738.55,67994
1785507480,738.57,739.5,738.55,738.62,72586
1785507600,738.61,739.47,738.37,739.34,41574
1785507720,739.33,740.12,739.28,739.939,46558
1785507840,739.93,739.93,738.98,739.66,34214
1785507960,739.66,740.19,739.28,740.13,25481
1785508080,740.17,740.55,740,740.49,32711
1785508200,740.49,740.91,740.13,740.66,32511
1785508320,740.72,741.09,740.37,740.59,41234
1785508440,740.53,741.17,740.39,741.16,23036
1785508560,741.17,741.4,740.92,741.23,23213
1785508680,741.21,741.37,741.025,741.23,17274
1785508800,741.23,741.6,741.075,741.09,45722
1785508920,741.08,741.39,740.61,741.37,24988
1785509040,741.43,742.01,741.4,741.57,28373
1785509160,741.56,742.27,741.46,741.85,21013
1785509280,741.83,742.49,741.74,742.43,26599
1785509400,742.41,742.73,742.33,742.69,18051
1785509520,742.66,742.95,742.49,742.83,22921
1785509640,742.86,742.86,741.71,741.87,23544
1785509760,741.8,742.67,741.52,742.405,21081
1785509880,742.42,742.66,742,742.555,21758
1785510000,742.56,742.7,742.08,742.14,18267
1785510120,742.14,742.52,741.77,741.95,16098
1785510240,741.94,742.81,741.89,742.41,20477
1785510360,742.4,742.67,741.9,742.179,9290
1785510480,742.17,742.26,741.46,741.83,26708
1785510600,741.85,742.03,741.235,741.36,10952
1785510720,741.37,742.18,741.13,742.15,12426
1785510840,742.21,743.09,742.08,742.48,29450
1785510960,742.45,742.52,741.54,741.69,9369
1785511080,741.705,742.03,741.51,741.95,13212
1785511200,741.95,742.16,741.46,741.52,11240
1785511320,741.49,741.69,741.23,741.39,12831
1785511440,741.39,741.39,740.76,740.8,18552
1785511560,740.83,740.93,740.16,740.2,27281
1785511680,740.21,740.56,740.09,740.29,20102
1785511800,740.29,740.63,740,740.34,22266
1785511920,740.24,740.5,740.095,740.34,13045
1785512040,740.31,741.17,739.84,741,28958
1785512160,741.04,741.74,741,741.7,23754
1785512280,741.74,742.33,741.73,742.06,27634
1785512400,742.02,742.34,741.185,741.24,10413
1785512520,741.21,741.53,740.98,741.53,8043
1785512640,741.511,741.97,741.47,741.71,7669
1785512760,741.71,741.925,741.13,741.31,9977
1785512880,741.31,741.69,741.12,741.421,8184
1785513000,741.45,742.5,741.3,742.43,10224
1785513120,742.5,742.81,742.16,742.53,12125
1785513240,742.5,742.92,742.45,742.69,16196
1785513360,742.699,743.11,742.65,743.02,17471
1785513480,743.02,743.32,742.76,743.1,28700
1785513600,743.09,743.55,742.92,743.24,22953
1785513720,743.27,743.4,742.98,743.2,17877
1785513840,743.2,743.44,742.95,742.95,12341
1785513960,742.99,743.01,742.5,742.66,21439
1785514080,742.67,743.14,742.65,743.02,17882
1785514200,743.04,743.52,743,743.49,36094
1785514320,743.48,743.64,743.29,743.62,14191
1785514440,743.61,743.66,742.87,742.93,20022
1785514560,742.92,743.38,742.79,743.32,8173
1785514680,743.31,743.41,743.1,743.3,10395
1785514800,743.28,743.8,743.26,743.74,10348
1785514920,743.73,744.05,743.679,744.04,20213
1785515040,744.05,744.42,743.86,743.959,17241
1785515160,743.96,744.18,743.82,743.89,8032
1785515280,743.88,744.42,743.81,744.4,5909
1785515400,744.43,744.75,744.29,744.75,24252
1785515520,744.77,744.83,744.54,744.8,11756
1785515640,744.8,745.03,744.66,744.9,20286
1785515760,744.91,744.91,744.52,744.64,10426
1785515880,744.58,744.62,744.35,744.53,9078
1785516000,744.54,744.77,744.25,744.25,9378
1785516120,744.25,744.46,744.09,744.25,14052
1785516240,744.27,744.38,743.99,744.23,14168
1785516360,744.22,744.6,744.08,744.5,14463
1785516480,744.5,744.56,744.31,744.55,11772
1785516600,744.56,745,744.43,744.8,11944
1785516720,744.795,744.83,744.67,744.81,9470
1785516840,744.83,744.92,744.54,744.69,7731
1785516960,744.67,744.86,744.58,744.84,9867
1785517080,744.85,744.85,744.62,744.65,8692
1785517200,744.73,745.181,744.5,745.17,14596
1785517320,745.18,745.3,745.1,745.25,11451
1785517440,745.25,745.26,745,745.16,9092
1785517560,745.14,745.18,744.58,744.58,14209
1785517680,744.54,744.85,744.54,744.79,11315
1785517800,744.8,745.19,744.64,745.18,11412
1785517920,745.19,745.28,745.17,745.17,9189
1785518040,745.17,745.48,745.08,745.36,9716
1785518160,745.39,745.52,745.12,745.16,11687
1785518280,745.15,745.48,745.1,745.46,10368
1785518400,745.44,745.6,745.35,745.35,22915
1785518520,745.38,745.65,745.2,745.65,7119
1785518640,745.66,746.1,745.65,746.07,18889
1785518760,746.08,746.41,745.92,746.06,10912
1785518880,746.07,746.37,746.06,746.28,12022
1785519000,746.3,746.35,746.14,746.24,14748
1785519120,746.24,746.42,746.05,746.4,21187
1785519240,746.4,746.45,746.24,746.4,20840
1785519360,746.39,746.5,746.3,746.41,12835
1785519480,746.4,746.45,745.75,745.78,41058
1785519600,745.77,746.02,745.74,745.81,18257
1785519720,745.8,745.84,745.61,745.83,10898
1785519840,745.81,745.98,745.76,745.79,9086
1785519960,745.79,746.1,745.48,745.48,9567
1785520080,745.49,745.53,745.24,745.27,14581
1785520200,745.29,745.575,745.18,745.575,9045
1785520320,745.59,745.86,745.56,745.57,17390
1785520440,745.52,745.71,745.52,745.605,9650
1785520560,745.6,745.77,745.531,745.71,5328
1785520680,745.66,745.76,745.41,745.44,8915
1785520800,745.44,746.02,745.3,745.89,14499
1785520920,745.84,745.93,745.68,745.71,11151
1785521040,745.71,745.81,745.48,745.611,7100
1785521160,745.62,746.04,745.62,745.86,14277
1785521280,745.845,745.96,745.78,745.88,7858
1785521400,745.91,746.04,745.55,745.63,9849
1785521520,745.64,745.721,745.5,745.7,5208
1785521640,745.71,745.88,745.62,745.82,6233
1785521760,745.81,746.07,745.791,745.95,14216
1785521880,745.97,746.25,745.95,746.1,17665
1785522000,746.08,746.34,746.02,746.24,19057
1785522120,746.24,746.365,746.17,746.305,19951
1785522240,746.27,746.43,746.04,746.07,30536
1785522360,746.08,746.13,745.92,746.02,16734
1785522480,746,746.15,745.95,746.02,17348
1785522600,746.12,746.25,746.06,746.21,15617
1785522720,746.225,746.27,746.05,746.09,13126
1785522840,746.1,746.25,745.74,745.96,18083
1785522960,745.95,746.08,745.8,745.89,27761
1785523080,745.89,745.98,745.8,745.82,26869
1785523200,745.81,746.08,745.68,745.93,33127
1785523320,745.95,746.17,745.9,746.09,9039
1785523440,746.09,746.26,746.02,746.19,12594
1785523560,746.21,746.22,745.94,746.09,17268
1785523680,746.08,746.37,746.02,746.33,17897
1785523800,746.35,746.54,746.3,746.41,21919
1785523920,746.42,746.445,746.27,746.32,14317
1785524040,746.33,746.37,746.06,746.06,13043
1785524160,746.05,746.17,745.92,746.08,35092
1785524280,746.05,746.19,746.02,746.155,24008
1785524400,746.16,746.57,746.14,746.23,33057
1785524520,746.26,746.35,746.03,746.03,15800
1785524640,746.04,746.09,745.8,746.04,20383
1785524760,746.05,746.05,745.82,746.02,8943
1785524880,746.03,746.24,745.981,746.16,8831
1785525000,746.17,746.4,746.14,746.22,13073
1785525120,746.23,746.52,746.12,746.415,17663
1785525240,746.44,746.55,746.31,746.525,20997
1785525360,746.52,747.03,746.44,747.02,45399
1785525480,747.03,747.55,747.03,747.52,111511
1785525600,747.53,747.72,747.41,747.69,49230
1785525720,747.71,747.915,747.58,747.62,43750
1785525840,747.63,747.64,747.34,747.5,35219
1785525960,747.51,747.65,747.47,747.57,45732
1785526080,747.57,747.66,747.39,747.48,31055
1785526200,747.49,747.51,746.89,747.04,52031
1785526320,747.04,747.24,746.93,747.01,31321
1785526440,747.01,747.39,746.94,747.39,35688
1785526560,747.39,747.565,747.32,747.51,39613
1785526680,747.52,747.65,747.4,747.56,41484
1785526800,747.54,747.67,747.3,747.35,47896
1785526920,747.35,747.92,747.33,747.92,38860
1785527040,747.96,748.42,747.85,748.17,94101
1785527160,748.17,748.49,748.08,748.11,81013
1785527280,748.11,748.51,748.07,748.5,62221
1785527400,748.48,748.8,747.84,748.07,94743
1785527520,748.09,748.73,748.08,748.67,59409
1785527640,748.68,748.9,747.96,748.18,115962
1785527760,748.175,748.33,747.97,747.98,110951
1785527880,747.99,748.28,746.36,746.77,302019
1785763800,749.39,750.26,749.13,749.96,99164
1785763920,749.975,750.77,749.7,750.71,49110
1785764040,750.729,751.45,750.62,751.25,70785
1785764160,751.245,751.93,751.245,751.56,56482
1785764280,751.59,751.86,751.29,751.72,61064
1785764400,751.71,751.82,751.11,751.54,54161
1785764520,751.53,751.64,750.975,751.13,35292
1785764640,751.16,751.93,751.14,751.62,48314
1785764760,751.61,752,751.37,752,35880
1785764880,752.04,752.33,751.68,751.92,78630
1785765000,751.91,752.5,751.61,752.5,43669
1785765120,752.5,752.9,752.32,752.89,57235
1785765240,752.89,753.14,752.61,753.07,54286
1785765360,753.07,753.3,752.93,753.27,48296
1785765480,753.26,753.63,753.05,753.6,52021
1785765600,753.61,753.62,753.2,753.375,38292
1785765720,753.375,753.95,753.375,753.58,28777
1785765840,753.57,753.59,753.08,753.49,28738
1785765960,753.51,753.63,753.291,753.291,23112
1785766080,753.29,753.65,753.18,753.58,28683
1785766200,753.65,753.95,753.57,753.9,31989
1785766320,753.91,754.04,753.72,753.76,50534
1785766440,753.76,754.03,753.57,754.03,31073
1785766560,754.04,754.42,754.03,754.38,47344
1785766680,754.38,754.54,754.17,754.17,41867
1785766800,754.18,754.48,754.17,754.48,54035
1785766920,754.5,754.655,754.37,754.64,64516
1785767040,754.65,754.78,754.55,754.595,36934
1785767160,754.58,754.64,754.37,754.51,39215
1785767280,754.505,754.6,754.425,754.5,19979
1785767400,754.52,754.64,754.4,754.44,31011
1785767520,754.45,754.55,754.31,754.39,31457
1785767640,754.4,754.56,754.321,754.53,28004
1785767760,754.53,754.78,754.5,754.701,39721
1785767880,754.72,754.93,754.68,754.8,41432
1785768000,754.79,755.17,754.75,754.965,50597
1785768120,754.95,755,754.8,754.98,30007
1785768240,754.99,755.02,754.705,754.72,30767
1785768360,754.73,754.95,754.73,754.87,38880
1785768480,754.87,754.96,754.8,754.87,27263
1785768600,754.87,755.12,754.82,755.08,34945
1785768720,755.08,755.09,754.91,755.07,33788
1785768840,755.07,755.15,754.91,755.08,31246
1785768960,755.08,755.4,755.08,755.22,38800
1785769080,755.22,755.39,755.15,755.38,22670
1785769200,755.38,755.43,755.25,755.33,27177
1785769320,755.34,755.36,755.17,755.24,23230
1785769440,755.24,755.27,755.035,755.035,24228
1785769560,755.03,755.22,754.795,755.08,18269
1785769680,755.089,755.1,754.89,754.95,17929
1785769800,754.94,754.99,754.81,754.98,64465
1785769920,754.99,755.13,754.84,755.08,26736
1785770040,755.07,755.31,754.96,755.23,28962
1785770160,755.23,755.3,755.1,755.22,25911
1785770280,755.23,755.39,755.22,755.39,15632
1785770400,755.4,755.6,755.39,755.429,34329
1785770520,755.43,755.63,755.39,755.62,25614
1785770640,755.63,755.7,755.1,755.38,46106
1785770760,755.39,755.56,755.23,755.39,55458
1785770880,755.43,755.44,755.03,755.13,19618
1785771000,755.12,755.38,755.1,755.25,16024
1785771120,755.26,755.43,755.21,755.43,15897
1785771240,755.44,755.46,755.205,755.39,15581
1785771360,755.39,755.46,755.29,755.36,15604
1785771480,755.38,755.62,755.325,755.56,20055
1785771600,755.54,755.83,755.53,755.74,28623
1785771720,755.75,755.75,755.6,755.63,18252
1785771840,755.62,755.93,755.58,755.88,17693
1785771960,755.88,756.01,755.85,755.975,28113
1785772080,755.97,756.07,755.88,756.02,31451
1785772200,756.03,756.13,755.97,756.09,18783
1785772320,756.095,756.19,756.02,756.18,13035
1785772440,756.17,756.21,755.98,756.035,15608
1785772560,756.03,756.13,755.83,755.88,23563
1785772680,755.89,756.015,755.83,755.955,16410
1785772800,755.95,756.17,755.93,756.08,13444
1785772920,756.1,756.13,755.98,756.04,14941
1785773040,756.08,756.13,755.98,756.03,34734
1785773160,756.04,756.04,755.94,755.97,16088
1785773280,755.97,756.09,755.87,756.025,19036
1785773400,756.05,756.05,755.79,755.82,18069
1785773520,755.8,755.93,755.77,755.86,30684
1785773640,755.87,756.09,755.83,756.09,20034
1785773760,756.09,756.26,756.09,756.25,14684
1785773880,756.25,756.28,756.16,756.22,20975
1785774000,756.24,756.26,756.08,756.16,16471
1785774120,756.17,756.29,756.17,756.195,15061
1785774240,756.209,756.31,756.19,756.29,23958
1785774360,756.28,756.45,756.18,756.44,29139
1785774480,756.44,756.59,756.4,756.56,16037
1785774600,756.56,756.585,756.46,756.47,18154
1785774720,756.47,756.62,756.33,756.445,35398
1785774840,756.445,756.58,756.26,756.35,20206
1785774960,756.35,756.43,756.27,756.38,12675
1785775080,756.37,756.42,756.22,756.3,12560
1785775200,756.29,756.41,756.28,756.32,11799
1785775320,756.29,756.41,756.23,756.41,12489
1785775440,756.4,756.5,756.38,756.4,18208
1785775560,756.43,756.5,756.36,756.37,8687
1785775680,756.37,756.4,756.3,756.35,13417
1785775800,756.31,756.38,756.14,756.15,17754
1785775920,756.145,756.19,756.04,756.17,23423
1785776040,756.18,756.23,756.01,756.045,10331
1785776160,756.04,756.34,756.04,756.34,15246
1785776280,756.34,756.34,756.165,756.22,10700
1785776400,756.22,756.29,756.09,756.2,11998
1785776520,756.19,756.28,756.03,756.12,11848
1785776640,756.1,756.3,756.07,756.14,15602
1785776760,756.14,756.14,755.98,756.06,13339
1785776880,756.04,756.26,756.02,756.24,19517
1785777000,756.21,756.61,756.21,756.54,14111
1785777120,756.54,756.59,756.49,756.54,11817
1785777240,756.55,756.66,756.49,756.54,28455
1785777360,756.52,756.64,756.52,756.639,12045
1785777480,756.62,756.79,756.58,756.78,17291
1785777600,756.77,756.805,756.67,756.8,16994
1785777720,756.8,756.97,756.79,756.93,12534
1785777840,756.93,757.01,756.89,756.895,17835
1785777960,756.89,757.16,756.85,757.04,8752
1785778080,757.035,757.14,757.01,757.08,30925
1785778200,757.08,757.15,757.02,757.05,15247
1785778320,757.09,757.24,757.01,757.2,10958
1785778440,757.2,757.46,757.15,757.36,54537
1785778560,757.35,757.38,757.23,757.24,17026
1785778680,757.24,757.26,757.12,757.21,11646
1785778800,757.225,757.28,757.165,757.23,8636
1785778920,757.22,757.3,757.21,757.23,9983
1785779040,757.25,757.46,757.22,757.43,11196
1785779160,757.43,757.53,757.42,757.46,47054
1785779280,757.455,757.455,757.37,757.44,46975
1785779400,757.45,757.535,757.415,757.5,49297
1785779520,757.505,757.55,757.46,757.53,13011
1785779640,757.52,757.73,757.52,757.65,17798
1785779760,757.65,757.74,757.57,757.74,23446
1785779880,757.75,757.78,757.65,757.65,19999
1785780000,757.645,757.82,757.64,757.68,52167
1785780120,757.7,757.94,757.68,757.93,33218
1785780240,757.95,758.27,757.95,758.27,32902
1785780360,758.27,758.29,758.15,758.15,28384
1785780480,758.15,758.31,758.08,758.31,21343
1785780600,758.31,758.33,757.96,757.98,35730
1785780720,757.99,758.13,757.86,758.05,22773
1785780840,758.05,758.23,758.01,758.21,17741
1785780960,758.195,758.31,758.1,758.1,17115
1785781080,758.12,758.14,757.91,757.96,13107
1785781200,757.96,758.07,757.81,758.07,14646
1785781320,758.07,758.16,758.02,758.13,15131
1785781440,758.14,758.14,757.85,757.89,14012
1785781560,757.89,757.899,757.63,757.69,15927
1785781680,757.7,757.72,757.49,757.57,16382
1785781800,757.58,757.81,757.48,757.6,19955
1785781920,757.59,757.7,757.35,757.39,26338
1785782040,757.39,757.685,757.35,757.65,24443
1785782160,757.66,757.72,757.48,757.67,15145
1785782280,757.67,757.8,757.59,757.67,11800
1785782400,757.67,757.85,757.58,757.84,26438
1785782520,757.86,758,757.85,757.98,23945
1785782640,758,758.19,757.97,757.985,31265
1785782760,757.99,757.99,757.76,757.88,19003
1785782880,757.9,758.11,757.89,758.11,18587
1785783000,758.14,758.15,757.92,758.03,24474
1785783120,758.025,758.29,758.01,758.28,26579
1785783240,758.25,758.27,758.06,758.09,14576
1785783360,758.12,758.13,757.99,758.125,15237
1785783480,758.12,758.23,757.92,757.95,22408
1785783600,757.98,758.47,757.98,758.39,31365
1785783720,758.39,758.58,758.39,758.51,25738
1785783840,758.5,758.52,758.29,758.36,22737
1785783960,758.38,758.41,758.22,758.22,23001
1785784080,758.22,758.24,758.07,758.18,14862
1785784200,758.19,758.4,758.18,758.36,19349
1785784320,758.37,758.38,758.1,758.18,15263
1785784440,758.19,758.33,758.16,758.28,21877
1785784560,758.3,758.42,758.23,758.39,17409
1785784680,758.39,758.43,758.29,758.34,18567
1785784800,758.35,758.4,758.22,758.32,23805
1785784920,758.34,758.39,758.29,758.33,9900
1785785040,758.33,758.49,758.33,758.43,30547
1785785160,758.44,758.52,758.41,758.49,22629
1785785280,758.49,758.55,758.26,758.34,25060
1785785400,758.36,758.51,758.33,758.44,23780
1785785520,758.44,758.5,758.26,758.26,38964
1785785640,758.26,758.45,758.2,758.4,30635
1785785760,758.4,758.45,757.97,758.06,63160
1785785880,758.1,758.12,757.97,758,38176
1785786000,758.01,758.16,757.86,757.95,67435
1785786120,757.94,758.03,757.92,757.94,48349
1785786240,757.95,758.16,757.95,758.08,44984
1785786360,758.12,758.15,757.93,758.13,61878
1785786480,758.13,758.25,758.08,758.15,66723
1785786600,758.15,758.38,757.975,758.27,88844
1785786720,758.26,758.41,758.02,758.02,78087
1785786840,758.01,758.01,757.55,757.66,141904
1785786960,757.66,757.88,757.5,757.745,114657
1785787080,757.74,757.98,757.44,757.67,211634
1785850200,760.58,761.56,760.52,761.53,103368
1785850320,761.54,761.89,761.535,761.77,47614
1785850440,761.77,762.06,761.63,762.04,73807
1785850560,762.06,762.19,761.6,761.81,48228
1785850680,761.85,762.05,761.54,761.96,22414
1785850800,761.97,762.16,761.68,762.08,39695
1785850920,762.06,762.21,761.91,762.03,20550
1785851040,762.04,762.47,761.63,762.47,60182
1785851160,762.48,762.52,761.96,762.005,37222
1785851280,762,762.53,761.98,762.53,32492
1785851400,762.58,763.1,762.4,762.92,77730
1785851520,762.93,763.23,762.9,763.22,33484
1785851640,763.23,763.48,762.94,762.94,40218
1785851760,762.93,763.1,762.67,762.85,44279
1785851880,762.84,763.38,762.84,763.36,35648
1785852000,763.38,763.78,763.1,763.76,68582
1785852120,763.77,764.1,763.72,764.07,92378
1785852240,764.11,764.36,763.82,764.29,40106
1785852360,764.3,764.52,764.22,764.52,45745
1785852480,764.51,764.55,764.28,764.34,32740
1785852600,764.35,764.5,764.31,764.43,18281
1785852720,764.43,764.75,764.41,764.69,47282
1785852840,764.69,765.06,764.68,765,31302
1785852960,765.025,765.3,764.78,765.3,45409
1785853080,765.29,765.37,765.111,765.24,45708
1785853200,765.25,765.26,764.48,764.6,61313
1785853320,764.56,764.77,764.21,764.55,48087
1785853440,764.56,764.71,764.17,764.71,46605
1785853560,764.71,764.84,764.6,764.72,25375
1785853680,764.74,764.84,764.38,764.5,24703
1785853800,764.49,764.5,764.1,764.33,38678
1785853920,764.33,764.97,764.3,764.94,32533
1785854040,764.96,765.11,764.88,765.09,23444
1785854160,765.08,765.16,764.76,765.09,31883
1785854280,765.08,765.72,764.96,765.145,52609
1785854400,765.15,765.33,765.1,765.27,20967
1785854520,765.28,765.67,765.26,765.66,45330
1785854640,765.67,765.8,765.59,765.67,59866
1785854760,765.66,765.8,765.6,765.8,32396
1785854880,765.77,765.96,765.62,765.925,28953
1785855000,765.93,766.03,765.65,765.75,20275
1785855120,765.74,765.92,765.73,765.83,35447
1785855240,765.815,765.99,765.74,765.91,36951
1785855360,765.925,766.16,765.91,766.005,27906
1785855480,766,766.42,766,766.32,34555
1785855600,766.32,766.62,766.2,766.54,18186
1785855720,766.53,766.83,766.48,766.74,38567
1785855840,766.79,766.89,766.71,766.75,64201
1785855960,766.74,766.78,766.56,766.58,47479
1785856080,766.58,766.85,766.4,766.85,39695
1785856200,766.855,766.86,766.73,766.86,14209
1785856320,766.85,767.16,766.85,767.115,24796
1785856440,767.11,767.2,766.9,767.19,18783
1785856560,767.2,767.29,767.13,767.15,25685
1785856680,767.17,767.35,767.16,767.32,24944
1785856800,767.33,767.41,767.29,767.36,23335
1785856920,767.36,767.64,767.22,767.63,50815
1785857040,767.63,767.86,767.62,767.77,38072
1785857160,767.79,767.84,767.37,767.43,25769
1785857280,767.43,767.49,767.28,767.35,23647
1785857400,767.34,767.56,767.32,767.55,18692
1785857520,767.55,767.57,767.18,767.18,15606
1785857640,767.18,767.54,767.18,767.43,21102
1785857760,767.42,767.5,767.37,767.47,18661
1785857880,767.45,768.09,767.36,767.78,49246
1785858000,767.78,768,767.735,767.87,25292
1785858120,767.89,768.15,767.79,768.12,28410
1785858240,768.12,768.5,768.08,768.46,73634
1785858360,768.45,768.64,768.42,768.58,41619
1785858480,768.575,768.71,768.575,768.64,27951
1785858600,768.64,768.86,768.605,768.8,19828
1785858720,768.79,768.9,768.34,768.35,17103
1785858840,768.36,768.5,768.19,768.49,36395
1785858960,768.49,768.58,768.37,768.58,24585
1785859080,768.57,768.63,768.4,768.44,15229
1785859200,768.44,768.82,768.42,768.815,36730
1785859320,768.81,768.87,768.74,768.8,29154
1785859440,768.8,768.93,768.72,768.82,40824
1785859560,768.82,768.82,768.53,768.565,40411
1785859680,768.57,768.66,768.34,768.4,25399
1785859800,768.41,768.52,768.25,768.25,14429
1785859920,768.23,768.49,768.15,768.425,24826
1785860040,768.42,768.44,768.24,768.44,20228
1785860160,768.44,768.63,768.41,768.58,14571
1785860280,768.59,768.79,768.55,768.72,15534
1785860400,768.77,769.08,768.72,769.02,34896
1785860520,769.05,769.2,769.05,769.2,33514
1785860640,769.21,769.29,769.02,769.2,28665
1785860760,769.23,769.27,769.13,769.23,11267
1785860880,769.23,769.34,769.19,769.22,18126
1785861000,769.23,769.33,769.02,769.3,29193
1785861120,769.32,769.57,769.32,769.56,66605
1785861240,769.56,769.6,769.455,769.52,25812
1785861360,769.51,769.675,769.45,769.51,24488
1785861480,769.5,769.54,769.25,769.48,33154
1785861600,769.49,769.55,769.39,769.46,28790
1785861720,769.45,769.705,769.45,769.69,30888
1785861840,769.69,770.17,769.69,770.11,41542
1785861960,770.13,770.175,769.97,770.13,21508
1785862080,770.13,770.225,769.99,770.2,16680
1785862200,770.19,770.28,770.12,770.16,17229
1785862320,770.19,770.26,770.065,770.24,18374
1785862440,770.25,770.32,770.12,770.12,22385
1785862560,770.1,770.23,770.06,770.22,18813
1785862680,770.2,770.27,770.1,770.265,20832
1785862800,770.27,770.82,770.17,770.76,34714
1785862920,770.77,770.91,770.7,770.881,24641
1785863040,770.9,771.28,770.89,770.9,101775
1785863160,770.91,771.16,770.73,771.16,24229
1785863280,771.17,771.2,770.975,771.05,18004
1785863400,771.05,771.19,770.92,771.125,16940
1785863520,771.12,771.21,770.93,771.09,21941
1785863640,771.095,771.4,771.05,771.4,45632
1785863760,771.4,771.61,771.23,771.49,46887
1785863880,771.471,771.5,771.28,771.37,27774
1785864000,771.37,771.41,771.05,771.125,15605
1785864120,771.13,771.25,770.95,771.21,21856
1785864240,771.205,771.265,771.13,771.26,19561
1785864360,771.27,771.47,771.21,771.39,21057
1785864480,771.41,771.47,771.195,771.28,17539
1785864600,771.29,771.29,770.97,771.13,26113
1785864720,771.14,771.39,771.14,771.24,20544
1785864840,771.25,771.48,771.19,771.48,21496
1785864960,771.48,771.78,771.45,771.709,20985
1785865080,771.7,771.9,771.67,771.87,26491
1785865200,771.88,772.16,771.88,772.1,39517
1785865320,772.13,772.22,772.05,772.145,21116
1785865440,772.13,772.51,772.12,772.47,28372
1785865560,772.48,772.74,772.38,772.71,49656
1785865680,772.69,773.09,772.68,772.73,52440
1785865800,772.71,772.71,771.68,771.73,42869
1785865920,771.73,772.15,771.65,772.111,19460
1785866040,772.12,772.13,771.73,771.985,29589
1785866160,772.01,772.15,771.87,772.01,17271
1785866280,772.01,772.08,771.57,771.57,20437
1785866400,771.57,771.75,771.09,771.701,89393
1785866520,771.71,771.98,771.63,771.74,25698
1785866640,771.73,771.85,771.28,771.85,16943
1785866760,771.86,771.97,771.45,771.78,23357
1785866880,771.79,771.97,771.65,771.85,15248
1785867000,771.86,772.09,771.8,771.835,20024
1785867120,771.84,772,771.71,771.98,10465
1785867240,771.98,772.37,771.92,772.28,19028
1785867360,772.28,772.28,772.005,772.01,15642
1785867480,772.01,772.21,771.98,772.11,14026
1785867600,772.11,772.33,772.07,772.1,26775
1785867720,772.15,772.42,772.15,772.3,24111
1785867840,772.29,772.29,772.09,772.17,36439
1785867960,772.14,772.24,772.01,772.07,15719
1785868080,772.08,772.38,772.055,772.36,14092
1785868200,772.39,772.47,772.24,772.26,11856
1785868320,772.28,772.44,772.19,772.28,15628
1785868440,772.28,772.34,772.12,772.2,19330
1785868560,772.195,772.31,771.87,771.97,23583
1785868680,771.96,772,771.79,771.88,26254
1785868800,771.87,771.9,771.56,771.83,27607
1785868920,771.84,771.84,771.41,771.6,21170
1785869040,771.61,772,771.6,771.89,31388
1785869160,771.93,772.12,771.93,772.12,119043
1785869280,772.13,772.28,772.06,772.07,14358
1785869400,772.05,772.28,772.05,772.19,15209
1785869520,772.17,772.25,772.05,772.09,21253
1785869640,772.11,772.2,771.925,771.985,18224
1785869760,771.99,772.13,771.99,772.08,13816
1785869880,772.12,772.13,771.97,772.07,21950
1785870000,772.13,772.85,772.04,772.74,49539
1785870120,772.77,772.96,772.68,772.94,32757
1785870240,772.955,772.955,772.65,772.7,33346
1785870360,772.68,772.9,772.53,772.75,27841
1785870480,772.77,773.02,772.64,773,23719
1785870600,773,773.04,772.89,772.94,31915
1785870720,772.93,772.95,772.72,772.88,28339
1785870840,772.9,773.03,772.81,772.85,23906
1785870960,772.81,773.08,772.77,772.995,21508
1785871080,773,773.03,772.85,773,46257
1785871200,773,773.12,772.96,772.965,26249
1785871320,772.96,773.04,772.72,772.85,21488
1785871440,772.84,772.96,772.55,772.63,47798
1785871560,772.62,772.63,772.43,772.43,28495
1785871680,772.46,772.46,772.13,772.32,26107
1785871800,772.31,772.62,772.13,772.62,44728
1785871920,772.61,772.63,772.35,772.5,48498
1785872040,772.49,772.63,772.339,772.51,57493
1785872160,772.51,772.83,772.34,772.79,34010
1785872280,772.8,772.9,772.74,772.77,36618
1785872400,772.77,773.06,772.76,772.99,28934
1785872520,772.985,773.19,772.85,773.19,68087
1785872640,773.18,773.33,773.09,773.24,59920
1785872760,773.25,773.41,772.97,773.01,50562
1785872880,773.01,773.01,772.74,772.9,108815
1785873000,772.93,773.03,772.24,772.3,98245
1785873120,772.36,772.52,772.05,772.12,124744
1785873240,772.12,772.16,771.36,771.5,125181
1785873360,771.48,771.51,771.15,771.38,118930
1785873480,771.4,772.31,770.97,771.24,382678
1785936600,775.84,776.79,775.76,776.21,109360
1785936720,776.21,776.24,775.26,775.8,43085
1785936840,775.82,776.5,775.67,776.29,33077
1785936960,776.31,776.32,775.33,775.58,27350
1785937080,775.6,776.81,775.54,776.51,32737
1785937200,776.51,776.8,776.209,776.43,26910
1785937320,776.44,776.44,775.96,776.24,23487
1785937440,776.29,776.64,775.54,775.57,37425
1785937560,775.52,775.87,775.39,775.84,31128
1785937680,775.805,776.19,775.33,775.39,26292
1785937800,775.4,775.42,774.38,774.919,61694
1785937920,774.93,775.74,774.93,775.379,25507
1785938040,775.43,775.96,775.01,775.67,23573
1785938160,775.68,776.17,775.4,776.15,28045
1785938280,776.15,776.71,776.12,776.71,23670
1785938400,776.67,776.68,775.43,775.6,36443
1785938520,775.6,775.92,774.97,775.8,28484
1785938640,775.84,776.54,775.36,776.009,32846
1785938760,776.05,776.24,775.63,775.87,38463
1785938880,775.889,776.35,775.86,776.01,14624
1785939000,776.08,776.4,775.82,775.93,13215
1785939120,775.85,776.23,775.8,776.18,8327
1785939240,776.15,776.52,776.1,776.285,13501
1785939360,776.29,776.32,775.88,776.19,9031
1785939480,776.2,776.27,775.66,775.67,16509
1785939600,775.67,775.79,775.3,775.4,22210
1785939720,775.42,775.47,774.78,774.98,21761
1785939840,775,776.17,774.97,775.63,20841
1785939960,775.63,775.78,775.31,775.55,15998
1785940080,775.54,775.54,774.74,774.79,22813
1785940200,774.78,774.88,774.24,774.28,22013
1785940320,774.26,775,774.235,774.89,35545
1785940440,774.95,775.02,774.45,774.59,27921
1785940560,774.58,774.58,773.96,773.96,33867
1785940680,773.96,774.49,773.855,773.91,20939
1785940800,773.92,774.2,773.62,774.07,40038
1785940920,774.05,774.41,773.79,774.21,27217
1785941040,774.23,774.33,773.74,774.01,19271
1785941160,774,774.59,774,774.35,26029
1785941280,774.36,774.72,774.23,774.59,18230
1785941400,774.56,774.83,773.78,773.905,36217
1785941520,773.91,773.95,772.54,772.89,59037
1785941640,772.91,773.19,772.73,773.09,24480
1785941760,773.031,773.755,772.8,773.53,18698
1785941880,773.54,773.709,773.11,773.46,17103
1785942000,773.545,773.93,773.35,773.54,14460
1785942120,773.58,773.95,773.41,773.51,16707
1785942240,773.53,773.72,773.35,773.38,17599
1785942360,773.36,773.73,773.18,773.579,22508
1785942480,773.555,773.87,773.28,773.64,14708
1785942600,773.59,773.91,773.39,773.45,11881
1785942720,773.47,773.7,773.055,773.055,14141
1785942840,773.049,773.21,772.54,772.54,16637
1785942960,772.54,772.67,772.08,772.08,25621
1785943080,772.1,772.46,771,772.42,95566
1785943200,772.4,772.65,772.1,772.645,17130
1785943320,772.6,772.62,772.27,772.27,8080
1785943440,772.215,772.58,771.88,771.95,16234
1785943560,771.93,772.22,771.9,772,19671
1785943680,771.985,771.985,771.53,771.73,26347
1785943800,771.7,772.52,771.69,772.35,14879
1785943920,772.36,772.5,772.199,772.32,8052
1785944040,772.3,772.4,771.82,772.01,14619
1785944160,772.02,772.2,771.86,772.109,12433
1785944280,772.109,772.28,771.81,772.14,14691
1785944400,772.15,772.26,771.68,772.03,20691
1785944520,772,772.21,771.87,771.98,15851
1785944640,772,772.02,771.59,771.82,11105
1785944760,771.8,771.83,771.56,771.59,11706
1785944880,771.63,771.76,771.25,771.34,18500
1785945000,771.33,771.54,771.18,771.22,19707
1785945120,771.22,771.57,771.13,771.475,22105
1785945240,771.45,771.569,771.08,771.14,18059
1785945360,771.105,771.14,770.32,770.65,50293
1785945480,770.66,771.11,770.6,770.63,16210
1785945600,770.63,770.8,770.52,770.52,34517
1785945720,770.52,770.55,770.08,770.51,61934
1785945840,770.5,771,770.5,770.76,17151
1785945960,770.77,770.84,770.34,770.41,32718
1785946080,770.45,770.45,769.91,770.24,37786
1785946200,770.24,770.37,770.07,770.27,19541
1785946320,770.3,770.35,769.93,770.17,22509
1785946440,770.17,770.57,770.03,770.49,19583
1785946560,770.495,771.11,770.49,770.92,34247
1785946680,770.88,770.9,770.5,770.53,15019
1785946800,770.63,771.77,770.56,771.63,35604
1785946920,771.64,771.7,771.27,771.27,20257
1785947040,771.25,771.48,770.94,771.47,19164
1785947160,771.48,772.08,771.43,771.72,45086
1785947280,771.73,772.12,771.63,772.1,23589
1785947400,772.12,772.22,771.54,771.59,33776
1785947520,771.579,771.83,771.23,771.34,11308
1785947640,771.31,771.71,771.3,771.53,14382
1785947760,771.54,771.62,771.36,771.58,11368
1785947880,771.63,771.83,771.51,771.56,12189
1785948000,771.55,771.99,771.55,771.77,19171
1785948120,771.76,771.76,771.39,771.7,26459
1785948240,771.7,771.82,771.41,771.68,26171
1785948360,771.665,771.69,771.41,771.51,7921
1785948480,771.43,771.55,771.295,771.42,7014
1785948600,771.4,771.93,771.39,771.72,20674
1785948720,771.75,772.05,771.7,772.03,27220
1785948840,772.03,772.08,771.88,771.93,15726
1785948960,771.95,772.115,771.86,772.055,17420
1785949080,772.06,772.17,771.7,771.83,12264
1785949200,771.86,772.15,771.67,772.09,9693
1785949320,772.06,772.07,771.45,771.63,6483
1785949440,771.63,771.65,771.3,771.53,11541
1785949560,771.53,771.59,771.07,771.33,20862
1785949680,771.37,771.46,771.26,771.33,8114
1785949800,771.33,771.58,771.04,771.58,25917
1785949920,771.57,771.75,771.4,771.515,9773
1785950040,771.43,771.76,771.24,771.74,28184
1785950160,771.72,771.805,771.24,771.41,13296
1785950280,771.4,771.57,771.33,771.39,7324
1785950400,771.39,771.46,771.305,771.38,6825
1785950520,771.39,771.43,771.01,771.22,9801
1785950640,771.21,771.47,771.18,771.42,5749
1785950760,771.5,771.81,771.47,771.58,9003
1785950880,771.62,771.66,771.27,771.34,4961
1785951000,771.33,771.33,771.08,771.28,9020
1785951120,771.29,771.6,771.2,771.55,6648
1785951240,771.58,771.79,771.46,771.72,9364
1785951360,771.73,771.76,771.49,771.68,9805
1785951480,771.67,771.69,771.54,771.66,9362
1785951600,771.66,772.01,771.66,771.75,8909
1785951720,771.73,771.89,771.69,771.84,8870
1785951840,771.85,771.86,771.33,771.53,7472
1785951960,771.53,771.72,771.43,771.71,7457
1785952080,771.68,771.92,771.56,771.83,5413
1785952200,771.83,771.96,771.7,771.94,31027
1785952320,771.95,771.95,771.66,771.75,10139
1785952440,771.74,771.79,771.48,771.58,13497
1785952560,771.59,771.79,771.58,771.75,7918
1785952680,771.76,771.83,771.54,771.56,6439
1785952800,771.58,771.77,771.54,771.59,14837
1785952920,771.58,771.95,771.58,771.92,11399
1785953040,771.92,772.2,771.86,772.19,12314
1785953160,772.19,772.25,771.72,771.83,14345
1785953280,771.76,771.98,771.7,771.92,6388
1785953400,771.94,772.09,771.86,772.09,7534
1785953520,772.08,772.1,771.88,771.9,7609
1785953640,771.93,772.06,771.68,772.05,7648
1785953760,772.045,772.07,771.83,771.84,5755
1785953880,771.85,772.1,771.82,772.04,7345
1785954000,772.04,772.05,771.91,771.92,11672
1785954120,771.91,771.96,771.75,771.9,5967
1785954240,771.91,772.06,771.83,772.05,19530
1785954360,772.05,772.12,771.9,771.91,24925
1785954480,771.91,771.96,771.82,771.94,7071
1785954600,771.93,771.94,771.27,771.3,37987
1785954720,771.3,771.4,771.21,771.36,27814
1785954840,771.35,771.55,771.28,771.54,9187
1785954960,771.53,771.69,771.445,771.6,21311
1785955080,771.6,771.7,771.46,771.47,10009
1785955200,771.47,771.67,771.4,771.54,25706
1785955320,771.51,771.67,771.46,771.55,16257
1785955440,771.56,771.8,771.5,771.78,24428
1785955560,771.775,771.86,771.63,771.79,14690
1785955680,771.78,771.95,771.74,771.82,7958
1785955800,771.82,771.96,771.69,771.74,11813
1785955920,771.71,771.78,771.64,771.7,13917
1785956040,771.71,771.825,771.57,771.57,31557
1785956160,771.55,771.585,771.36,771.58,26496
1785956280,771.57,771.63,771.35,771.39,11170
1785956400,771.375,771.615,771.24,771.585,14027
1785956520,771.56,771.61,771.36,771.48,17405
1785956640,771.5,771.83,771.5,771.755,11037
1785956760,771.73,771.84,771.53,771.81,13973
1785956880,771.795,771.815,771.64,771.69,8865
1785957000,771.695,771.715,771.53,771.63,17075
1785957120,771.65,771.775,771.61,771.7,9713
1785957240,771.68,771.84,771.63,771.79,11895
1785957360,771.79,771.9,771.73,771.83,7196
1785957480,771.8,771.91,771.77,771.81,21660
1785957600,771.83,771.99,771.65,771.72,21127
1785957720,771.725,771.94,771.7,771.89,15406
1785957840,771.88,771.92,771.77,771.8,18140
1785957960,771.81,771.97,771.81,771.91,10296
1785958080,771.91,771.93,771.78,771.79,14064
1785958200,771.79,771.89,771.58,771.61,23553
1785958320,771.6,771.73,771.365,771.48,23308
1785958440,771.46,771.58,771.26,771.325,26186
1785958560,771.33,771.5,771.25,771.38,27129
1785958680,771.37,771.49,771.26,771.285,18232
1785958800,771.31,771.56,771.27,771.49,14076
1785958920,771.53,771.63,771.46,771.49,14540
1785959040,771.49,771.64,771.4,771.54,45611
1785959160,771.55,771.55,771.19,771.47,21785
1785959280,771.45,771.48,771.22,771.48,27218
1785959400,771.49,771.69,771.38,771.51,25578
1785959520,771.51,771.58,771.37,771.58,38626
1785959640,771.59,771.59,771.35,771.35,47367
1785959760,771.35,771.36,770.96,771.13,63069
1785959880,771.11,771.12,769.51,769.77,228404
1786023000,770.16,770.79,770,770,75888
1786023120,770.01,770.05,769.07,769.47,40117
1786023240,769.47,770.1,769.3,769.95,33199
1786023360,770.01,770.86,770.01,770.51,26205
1786023480,770.53,770.735,769.69,769.72,11911
1786023600,769.705,770.51,769.5,770.4,16822
1786023720,770.4,770.75,770.189,770.62,11990
1786023840,770.63,770.93,770.36,770.68,11575
1786023960,770.65,771.4,770.61,771.4,15475
1786024080,771.47,771.52,771.25,771.31,11687
1786024200,771.29,771.51,771.04,771.42,14970
1786024320,771.43,771.51,771.029,771.079,13098
1786024440,771.13,771.19,770.781,771.01,11289
1786024560,770.99,771.26,770.66,770.88,34630
1786024680,770.87,771.1,770.54,770.9,27967
1786024800,770.92,771.24,770.62,771.07,12139
1786024920,770.96,771.35,770.68,770.73,9046
1786025040,770.7,771.28,770.7,771.01,7952
1786025160,770.98,771.47,770.9,771.29,12221
1786025280,771.29,771.5,771.2,771.4,11495
1786025400,771.49,771.749,771.39,771.68,14658
1786025520,771.68,771.71,771.4,771.59,8883
1786025640,771.59,771.65,771.15,771.34,11407
1786025760,771.34,771.63,771.13,771.62,10031
1786025880,771.62,771.81,771.47,771.701,15000
1786026000,771.71,771.78,771.505,771.51,8585
1786026120,771.54,771.8,771.37,771.4,11870
1786026240,771.34,771.48,770.8,771.07,19141
1786026360,771.03,771.03,770.26,770.4,31752
1786026480,770.39,770.63,770.08,770.44,7823
1786026600,770.45,770.81,770.27,770.45,11867
1786026720,770.5,770.54,770.175,770.52,14481
1786026840,770.58,770.93,770.45,770.93,13637
1786026960,770.94,770.95,770.21,770.31,14331
1786027080,770.32,770.4,769.755,769.755,21926
1786027200,769.75,770.27,769.65,770.27,12206
1786027320,770.35,770.65,770.28,770.65,9066
1786027440,770.66,770.73,769.75,770.04,14666
1786027560,770.05,770.09,769.74,769.94,11092
1786027680,769.955,770,769.65,769.66,32177
1786027800,769.66,769.95,769.53,769.82,18112
1786027920,769.8,770.12,769.74,769.79,17758
1786028040,769.79,770.53,769.79,770.52,18995
1786028160,770.5,771.03,770.42,770.91,14322
1786028280,770.96,771,770.64,770.98,9188
1786028400,771,771.21,770.77,770.91,13098
1786028520,770.9,770.93,770.12,770.24,29453
1786028640,770.25,770.505,770.18,770.48,11188
1786028760,770.5,770.75,770.325,770.69,7971
1786028880,770.69,770.81,770.43,770.58,8645
1786029000,770.57,770.73,770.45,770.499,6690
1786029120,770.54,770.55,770.2,770.2,7037
1786029240,770.16,770.16,769.88,770.08,24267
1786029360,770.04,770.06,769.55,769.56,13667
1786029480,769.56,769.615,768.96,768.96,18820
1786029600,769,769.221,768.845,769.09,29389
1786029720,769.05,769.19,768.63,769.11,17434
1786029840,769.1,769.24,768.7,769.03,25199
1786029960,769.05,769.29,768.92,768.97,9369
1786030080,768.91,769.245,768.87,769.24,10772
1786030200,769.24,769.43,769,769,21033
1786030320,768.96,769.04,768.689,768.8,10147
1786030440,768.84,768.86,768.44,768.76,26672
1786030560,768.78,768.78,768.33,768.66,36147
1786030680,768.65,768.9,768.53,768.71,18071
1786030800,768.7,768.97,768.57,768.62,43358
1786030920,768.61,768.68,768.36,768.44,35072
1786031040,768.45,768.57,768.32,768.44,21255
1786031160,768.46,769.23,768.46,769.05,16577
1786031280,769.02,769.57,769.01,769.21,20945
1786031400,769.22,769.77,769.03,769.16,13798
1786031520,769.16,769.32,768.38,768.59,20785
1786031640,768.58,768.71,767.95,768.23,25415
1786031760,768.25,768.56,768.13,768.51,24515
1786031880,768.51,768.51,768.01,768.139,23936
1786032000,768.16,768.31,767.74,767.99,27614
1786032120,767.99,768.22,767.94,767.99,28103
1786032240,767.95,768.36,767.77,768.31,20924
1786032360,768.265,768.35,767.92,768.13,20295
1786032480,768.16,768.5,768.16,768.34,28425
1786032600,768.32,768.53,767.95,767.95,13018
1786032720,767.969,768.14,767.85,767.85,17622
1786032840,767.85,768.03,767.8,767.81,20234
1786032960,767.81,768,767.46,767.95,21853
1786033080,767.98,768.32,767.85,768.24,43542
1786033200,768.23,768.28,767.91,768.21,19697
1786033320,768.2,768.35,768.02,768.04,16289
1786033440,768.05,768.3,767.88,768.02,15778
1786033560,768,768.35,768,768.32,21595
1786033680,768.29,768.49,768.21,768.25,18280
1786033800,768.26,768.69,768.23,768.62,18008
1786033920,768.63,768.81,768.19,768.259,15101
1786034040,768.225,768.45,768.13,768.33,9752
1786034160,768.32,768.64,768.27,768.62,10608
1786034280,768.61,768.86,768.61,768.86,17051
1786034400,768.87,768.89,768.15,768.36,25195
1786034520,768.38,768.51,768.15,768.159,11341
1786034640,768.16,768.32,768.07,768.2,10278
1786034760,768.15,768.2,767.92,768.09,8238
1786034880,768.09,768.41,768.03,768.41,11128
1786035000,768.41,768.57,768.24,768.43,12523
1786035120,768.44,768.65,768.36,768.51,10023
1786035240,768.5,768.55,768.305,768.55,10838
1786035360,768.62,768.8,768.55,768.56,5117
1786035480,768.599,769.04,768.57,768.94,8654
1786035600,768.99,769.18,768.86,768.88,25377
1786035720,768.88,768.9,768.7,768.74,11719
1786035840,768.74,769.01,768.69,769.01,12674
1786035960,769,769.14,768.43,768.52,27910
1786036080,768.49,768.49,768.19,768.34,34347
1786036200,768.33,768.49,768.26,768.36,8357
1786036320,768.3,768.58,768.27,768.43,11088
1786036440,768.41,768.46,768.03,768.11,11444
1786036560,768.13,768.26,768.11,768.19,12165
1786036680,768.17,768.45,768.12,768.34,7714
1786036800,768.37,768.4,767.91,768.03,9984
1786036920,768.02,768.16,767.96,768.05,8268
1786037040,768.04,768.24,767.93,768.23,41186
1786037160,768.21,768.27,768.08,768.19,11485
1786037280,768.17,768.17,767.81,767.81,12383
1786037400,767.82,768.14,767.72,768.009,11576
1786037520,767.98,768.21,767.97,768.009,9926
1786037640,767.99,768.28,767.98,768.12,8953
1786037760,768.14,768.18,768.03,768.17,8916
1786037880,768.17,768.24,767.98,768.02,8087
1786038000,768.07,768.09,767.83,767.93,7510
1786038120,767.89,768.08,767.89,767.99,19107
1786038240,767.94,768.3,767.94,768.28,9225
1786038360,768.25,768.37,768.089,768.19,11220
1786038480,768.18,768.18,767.98,767.98,14052
1786038600,767.98,768.26,767.98,768.21,11661
1786038720,768.19,768.51,768.189,768.43,14812
1786038840,768.42,768.55,768.36,768.36,11192
1786038960,768.37,768.62,768.28,768.62,11742
1786039080,768.63,768.64,768.53,768.64,12149
1786039200,768.65,768.77,768.5,768.6,17149
1786039320,768.605,768.77,768.52,768.77,20505
1786039440,768.76,768.97,768.76,768.87,36236
1786039560,768.85,768.97,768.69,768.96,16957
1786039680,768.97,768.98,768.65,768.86,14032
1786039800,768.86,768.89,768.7,768.835,14162
1786039920,768.82,768.95,768.74,768.94,19759
1786040040,768.94,769.26,768.88,769.14,21353
1786040160,769.14,769.72,768.45,769.28,64197
1786040280,769.27,769.4,769.27,769.33,17977
1786040400,769.32,769.61,769.32,769.58,15054
1786040520,769.58,769.59,769.445,769.48,22889
1786040640,769.48,769.62,769.385,769.385,29232
1786040760,769.389,769.46,769.19,769.42,19830
1786040880,769.42,769.54,769.33,769.43,15698
1786041000,769.43,769.46,769.27,769.34,13371
1786041120,769.339,769.47,769.17,769.19,10937
1786041240,769.2,769.29,769.07,769.17,18135
1786041360,769.17,769.22,769.01,769.03,16928
1786041480,769.02,769.03,768.79,768.84,16164
1786041600,768.86,768.93,768.6,768.61,12115
1786041720,768.59,768.8,768.515,768.73,14510
1786041840,768.73,768.99,768.7,768.94,21363
1786041960,768.95,769.05,768.91,769.02,20262
1786042080,769.02,769.17,768.86,768.875,22098
1786042200,768.88,769.01,768.83,768.915,16619
1786042320,768.9,768.9,768.74,768.81,13459
1786042440,768.815,768.94,768.77,768.94,11734
1786042560,768.94,769.05,768.92,769.03,13786
1786042680,769.01,769.08,768.91,768.96,14295
1786042800,768.97,769.43,768.95,769.42,24118
1786042920,769.43,769.55,769.32,769.39,18415
1786043040,769.37,769.57,769.32,769.39,14601
1786043160,769.39,769.48,769.26,769.4,16925
1786043280,769.4,769.71,769.39,769.69,17142
1786043400,769.71,769.76,769.67,769.73,12892
1786043520,769.74,769.79,769.43,769.44,25800
1786043640,769.43,769.45,769.09,769.15,32675
1786043760,769.17,769.27,769.09,769.22,18625
1786043880,769.21,769.22,769.06,769.13,12878
1786044000,769.17,769.48,769.14,769.27,21476
1786044120,769.26,769.33,769.11,769.16,36185
1786044240,769.15,769.17,768.56,768.89,23048
1786044360,768.91,768.96,768.68,768.72,22942
1786044480,768.7,768.91,768.6,768.67,23155
1786044600,768.66,768.85,768.41,768.82,43181
1786044720,768.85,769,768.7,768.73,19636
1786044840,768.725,768.99,768.72,768.95,26205
1786044960,768.94,768.96,768.745,768.78,29774
1786045080,768.78,768.8,768.53,768.53,20863
1786045200,768.53,768.6,768.26,768.265,23982
1786045320,768.27,768.31,768.1,768.16,17588
1786045440,768.17,768.51,768.11,768.38,49163
1786045560,768.36,768.48,768,768.01,38467
1786045680,768.01,768.45,767.96,768.43,22759
1786045800,768.43,768.43,767.72,767.8,125585
1786045920,767.78,768.54,767.71,768.37,71688
1786046040,768.4,768.77,768.32,768.54,50379
1786046160,768.55,768.8,768.38,768.7,61749
1786046280,768.68,768.87,768.13,768.53,158871
1786109400,771.01,771.24,770.63,771.22,121013
1786109520,771.23,771.61,771.07,771.33,65808
1786109640,771.34,771.53,770.98,771.22,42566
1786109760,771.26,771.32,770.68,771.16,19543
1786109880,771.25,771.47,770.99,771.1,30976
1786110000,771.14,771.64,770.9,771.19,17766
1786110120,771.19,771.93,770.985,771.881,23029
1786110240,771.91,772.37,771.56,771.56,36579
1786110360,771.56,771.67,771.14,771.44,23221
1786110480,771.39,771.77,771.17,771.77,23376
1786110600,771.75,772.03,771.59,771.91,20424
1786110720,771.91,772.2,771.86,772.02,16545
1786110840,771.95,772.13,771.68,771.805,17534
1786110960,771.78,771.81,770.49,770.62,44358
1786111080,770.66,771.22,770.46,771.1,14016
1786111200,771.065,771.61,770.84,771.03,19150
1786111320,770.99,771.29,770.77,770.86,19964
1786111440,770.81,770.84,770.37,770.65,23403
1786111560,770.66,771,770.56,770.93,10932
1786111680,770.915,771.065,770.41,770.47,15162
1786111800,770.49,770.78,770.07,770.07,20826
1786111920,770.08,770.23,769.62,770.18,54236
1786112040,770.07,770.34,769.69,770.34,17302
1786112160,770.36,771.15,770.3,770.91,56012
1786112280,770.91,771.81,770.78,771.81,16454
1786112400,771.83,771.93,771.53,771.85,21199
1786112520,771.83,772.23,771.54,772.23,21392
1786112640,772.26,772.69,771.97,772.69,17577
1786112760,772.699,772.96,772.61,772.85,22629
1786112880,772.82,773.29,772.8,773.17,21166
1786113000,773.16,773.35,772.43,772.76,29709
1786113120,772.769,772.82,772.4,772.55,15973
1786113240,772.52,772.79,772.16,772.27,12558
1786113360,772.279,772.6,772.03,772.43,18072
1786113480,772.45,772.725,771.74,771.9,20400
1786113600,771.89,772.27,771.84,772.15,16063
1786113720,772.15,772.43,771.845,771.98,16159
1786113840,771.94,772.53,771.71,772.44,19963
1786113960,772.435,772.65,772.26,772.65,19142
1786114080,772.659,772.7,772.24,772.39,10991
1786114200,772.43,772.51,771.97,772.1,10580
1786114320,772.07,772.32,771.87,772.215,14219
1786114440,772.21,772.53,772.12,772.51,11724
1786114560,772.56,772.73,772.41,772.65,11329
1786114680,772.669,772.99,772.61,772.88,12642
1786114800,772.88,772.89,772.46,772.52,14079
1786114920,772.56,772.84,772.4,772.79,9944
1786115040,772.82,772.93,772.709,772.85,9411
1786115160,772.85,773.005,772.78,772.785,16853
1786115280,772.79,773.03,772.74,772.94,15074
1786115400,772.98,773.38,772.95,772.97,68387
1786115520,772.97,773.11,772.63,772.87,15785
1786115640,772.89,773.11,772.86,772.96,11488
1786115760,772.93,773.15,772.82,772.86,13462
1786115880,772.845,772.96,772.81,772.869,11872
1786116000,772.87,773.1,772.84,773.1,10133
1786116120,773.11,773.5,773.08,773.41,15547
1786116240,773.43,773.76,773.405,773.76,22389
1786116360,773.73,773.89,773.69,773.83,26934
1786116480,773.84,773.85,773.62,773.64,21399
1786116600,773.68,773.87,773.68,773.7,28525
1786116720,773.71,773.91,773.505,773.51,38696
1786116840,773.52,773.56,773.22,773.35,23140
1786116960,773.3,773.555,773.23,773.51,16889
1786117080,773.53,773.54,773.379,773.4,11865
1786117200,773.42,773.62,773.01,773.01,12263
1786117320,773.04,773.13,772.9,773.08,12043
1786117440,773.08,773.33,773.05,773.19,12649
1786117560,773.205,773.37,773.11,773.25,9468
1786117680,773.24,773.57,773.22,773.57,9402
1786117800,773.54,773.63,773.48,773.48,10168
1786117920,773.51,773.56,773.06,773.22,14104
1786118040,773.23,773.31,773.13,773.17,9618
1786118160,773.21,773.21,772.94,772.95,14562
1786118280,772.949,773.08,772.84,773.02,15500
1786118400,773.04,773.11,772.749,772.82,15986
1786118520,772.855,773.05,772.81,772.95,10877
1786118640,772.92,773.37,772.88,773.21,15050
1786118760,773.225,773.35,773.19,773.28,11600
1786118880,773.28,773.32,773.04,773.17,14887
1786119000,773.18,773.35,773.14,773.34,20495
1786119120,773.35,773.35,773.09,773.12,18617
1786119240,773.11,773.18,772.96,773.11,8820
1786119360,773.13,773.22,773.015,773.07,10354
1786119480,773.04,773.17,772.88,772.95,13487
1786119600,772.97,773.34,772.68,772.76,24335
1786119720,772.73,772.8,772.44,772.47,13136
1786119840,772.42,772.48,771.57,771.76,20426
1786119960,771.8,771.86,771.34,771.67,18752
1786120080,771.69,771.78,771.37,771.71,18018
1786120200,771.74,771.83,771.12,771.16,18705
1786120320,771.12,771.58,771.05,771.57,13497
1786120440,771.5,771.97,771.5,771.84,29576
1786120560,771.85,772.03,771.8,771.86,19859
1786120680,771.885,772.35,771.74,772.295,14217
1786120800,772.31,772.56,772.25,772.495,11451
1786120920,772.49,772.5,772.265,772.47,11322
1786121040,772.48,772.74,772.43,772.7,14623
1786121160,772.72,772.74,772.45,772.55,22577
1786121280,772.55,772.69,772.44,772.64,15547
1786121400,772.66,772.86,772.42,772.42,10843
1786121520,772.42,772.445,772.09,772.25,10238
1786121640,772.3,772.31,772.11,772.22,6581
1786121760,772.21,772.39,772.12,772.12,9301
1786121880,772.12,772.16,771.96,771.96,9796
1786122000,771.98,772.12,771.78,772.02,9422
1786122120,772.04,772.28,772.04,772.15,10687
1786122240,772.18,772.25,772.02,772.21,12387
1786122360,772.25,772.29,772.11,772.22,8811
1786122480,772.21,772.29,772.14,772.25,7862
1786122600,772.289,772.37,772.13,772.17,6893
1786122720,772.16,772.19,772,772.09,6173
1786122840,772.09,772.18,772.03,772.05,14114
1786122960,772.08,772.29,771.99,772.2,8668
1786123080,772.2,772.38,772.16,772.3,10710
1786123200,772.31,772.385,772.12,772.17,7067
1786123320,772.17,772.35,772.05,772.08,7318
1786123440,772.09,772.14,771.74,771.96,21599
1786123560,771.96,772.02,771.91,771.96,8967
1786123680,771.95,772.21,771.92,772.11,11424
1786123800,772.11,772.22,772,772.09,12633
1786123920,772.08,772.18,771.73,772.03,14179
1786124040,772.08,772.085,771.87,772.07,10815
1786124160,772.06,772.13,771.97,772.005,9954
1786124280,771.99,772.4,771.99,772.38,7234
1786124400,772.38,772.4,772.15,772.19,7835
1786124520,772.179,772.27,772.14,772.27,6983
1786124640,772.28,772.3,772.09,772.26,6079
1786124760,772.28,772.43,772.26,772.4,11330
1786124880,772.35,772.38,772.26,772.31,17278
1786125000,772.27,772.46,772.1,772.189,12308
1786125120,772.189,772.199,771.98,772.09,8147
1786125240,772.07,772.34,772.06,772.21,6985
1786125360,772.18,772.38,772.18,772.38,7044
1786125480,772.38,772.4,772.16,772.16,9002
1786125600,772.15,772.28,772.12,772.22,18538
1786125720,772.25,772.26,772.13,772.19,10495
1786125840,772.2,772.21,771.94,772.015,30749
1786125960,772.02,772.08,771.84,772.03,16134
1786126080,772.03,772.15,772.01,772.04,10621
1786126200,772.06,772.12,771.91,771.965,23833
1786126320,771.96,771.96,771.64,771.65,21889
1786126440,771.65,771.67,771.46,771.54,19500
1786126560,771.54,771.67,771.49,771.65,17068
1786126680,771.64,771.81,771.64,771.73,15091
1786126800,771.739,771.8,771.63,771.63,10724
1786126920,771.59,771.78,771.56,771.69,9523
1786127040,771.68,771.74,771.54,771.56,20145
1786127160,771.56,771.76,771.52,771.72,11352
1786127280,771.66,771.67,771.45,771.48,7332
1786127400,771.48,771.49,771.34,771.43,10199
1786127520,771.42,771.65,771.38,771.63,36409
1786127640,771.63,771.64,771.2,771.21,9239
1786127760,771.22,771.39,771.205,771.33,15487
1786127880,771.34,771.38,771.2,771.29,8403
1786128000,771.31,771.38,771.28,771.36,7996
1786128120,771.36,771.36,771.23,771.23,10916
1786128240,771.22,771.23,770.89,771.08,33153
1786128360,771.09,771.09,770.91,770.97,7698
1786128480,770.96,771.28,770.96,771.24,7062
1786128600,771.25,771.48,771.22,771.46,13593
1786128720,771.48,771.48,771.33,771.41,11226
1786128840,771.41,771.45,771.24,771.27,10959
1786128960,771.29,771.45,771.21,771.431,15959
1786129080,771.45,771.81,771.45,771.65,18762
1786129200,771.7,772.45,771.66,772.12,44436
1786129320,772.12,772.16,771.95,772,15949
1786129440,772.005,772.33,771.98,772.33,22226
1786129560,772.33,772.57,772.305,772.53,18792
1786129680,772.52,772.68,772.41,772.66,26216
1786129800,772.68,773.06,772.68,772.98,22322
1786129920,772.975,772.99,772.85,772.9,11052
1786130040,772.91,773.3,772.87,773.28,29343
1786130160,773.28,773.43,773.06,773.09,22647
1786130280,773.11,773.13,772.82,772.86,26432
1786130400,772.85,773.175,772.85,773.04,17373
1786130520,773.03,773.21,772.97,773.13,18292
1786130640,773.19,773.2,772.859,772.91,16745
1786130760,772.95,773.12,772.87,773,28051
1786130880,773,773.1,772.865,773.08,14301
1786131000,773.09,773.09,772.67,772.89,23792
1786131120,772.9,772.93,772.81,772.86,26388
1786131240,772.84,772.88,772.605,772.66,17273
1786131360,772.65,772.88,772.61,772.85,21884
1786131480,772.88,773.09,772.86,772.91,27060
1786131600,772.92,772.95,772.52,772.64,19150
1786131720,772.63,772.8,772.63,772.63,25434
1786131840,772.62,772.81,772.55,772.75,38909
1786131960,772.76,772.87,772.64,772.83,47261
1786132080,772.82,772.97,772.75,772.86,35941
1786132200,772.85,773.02,772.69,772.72,51331
1786132320,772.74,773.01,772.66,772.97,25917
1786132440,772.98,773.29,772.82,772.94,56605
1786132560,772.94,773.26,772.83,773.12,107077
1786132680,773.12,773.79,773.01,773.14,428328
1786368600,772.62,773.52,772.59,773.44,38938
1786368720,773.46,773.63,773.3,773.3,24742
1786368840,773.265,773.27,772.5,772.75,24259
1786368960,772.85,773.1,772.68,772.79,26633
1786369080,772.8,772.83,772.5,772.8,19840
1786369200,772.79,772.98,772.52,772.98,18385
1786369320,772.95,773.11,772.715,772.99,26524
1786369440,773,773.08,772.62,772.85,32582
1786369560,772.8,773,772.74,773,25438
1786369680,773.06,773.28,772.81,773.13,26622
1786369800,773.13,773.405,772.71,772.79,60977
1786369920,772.77,773.2,772.5,773.2,13272
1786370040,773.19,773.3,773.03,773.055,22460
1786370160,773.04,773.45,773.02,773.339,6707
1786370280,773.32,773.52,773.26,773.45,20622
1786370400,773.42,773.73,773.39,773.73,71899
1786370520,773.725,773.78,773.58,773.59,45588
1786370640,773.58,773.85,773.56,773.68,34977
1786370760,773.699,773.92,773.699,773.83,15713
1786370880,773.82,774.03,773.77,774.02,28603
1786371000,774.03,774.2,773.9,773.95,26544
1786371120,773.94,774.25,773.93,774.21,14276
1786371240,774.2,774.35,774.11,774.2,16151
1786371360,774.2,774.27,774.115,774.14,15337
1786371480,774.14,774.32,773.98,774.29,25919
1786371600,774.29,774.38,774.24,774.315,24576
1786371720,774.32,774.32,773.96,774.03,26933
1786371840,774.01,774.23,773.77,774.23,16475
1786371960,774.21,774.29,774.045,774.19,18614
1786372080,774.2,774.45,774.13,774.35,21234
1786372200,774.355,774.68,774.28,774.62,44883
1786372320,774.61,774.65,774.425,774.48,27715
1786372440,774.46,774.61,774.31,774.51,25641
1786372560,774.51,774.63,774.42,774.6,14422
1786372680,774.605,774.605,774.19,774.34,12666
1786372800,774.34,774.54,774.31,774.43,17869
1786372920,774.45,774.62,774.34,774.6,17294
1786373040,774.589,774.92,774.47,774.92,18863
1786373160,774.94,775.03,774.79,774.97,27065
1786373280,774.95,775.03,774.88,774.9,8559
1786373400,774.93,774.95,774.59,774.59,22627
1786373520,774.58,774.61,773.89,773.92,20919
1786373640,773.901,773.99,773.78,773.84,33058
1786373760,773.91,774.11,773.795,773.9,23369
1786373880,773.87,773.93,773.5,773.5,41711
1786374000,773.53,773.75,773.31,773.73,22646
1786374120,773.67,773.935,773.58,773.84,21785
1786374240,773.84,773.959,773.68,773.92,13997
1786374360,773.93,774.02,773.79,773.92,13380
1786374480,773.94,774,773.59,773.61,12500
1786374600,773.55,773.92,773.45,773.68,7861
1786374720,773.665,773.79,773.5,773.789,5910
1786374840,773.75,774.14,773.72,774.11,8087
1786374960,774.14,774.18,773.76,773.91,7643
1786375080,773.9,774.02,773.82,773.92,9523
1786375200,774,774.1,773.87,773.96,4359
1786375320,773.99,774.04,773.8,773.99,6912
1786375440,773.92,773.965,773.53,773.53,8060
1786375560,773.58,773.775,773.42,773.72,9498
1786375680,773.71,773.825,773.63,773.73,4086
1786375800,773.73,773.86,773.53,773.63,11049
1786375920,773.6,773.63,773.42,773.53,7649
1786376040,773.55,773.59,773.23,773.48,14815
1786376160,773.46,773.54,773.23,773.34,25110
1786376280,773.35,773.41,773.24,773.29,5494
1786376400,773.27,773.58,773.17,773.57,8117
1786376520,773.58,773.64,773.39,773.64,8253
1786376640,773.64,773.875,773.61,773.769,8731
1786376760,773.77,773.77,773.56,773.58,12080
1786376880,773.6,773.72,773.53,773.55,6747
1786377000,773.59,774.01,773.51,773.99,9515
1786377120,774.01,774.18,774,774.165,11615
1786377240,774.17,774.34,774.06,774.13,8210
1786377360,774.1,774.3,774.04,774.29,13653
1786377480,774.28,774.41,774.27,774.32,5364
1786377600,774.36,774.43,774.23,774.25,9486
1786377720,774.25,774.31,774.16,774.2,19384
1786377840,774.175,774.2,774.04,774.1,8273
1786377960,774.08,774.12,773.98,774.06,29905
1786378080,774.05,774.13,773.88,773.99,9000
1786378200,773.985,774.14,773.94,773.959,11434
1786378320,773.94,773.96,773.81,773.91,5985
1786378440,773.92,773.92,773.45,773.53,15519
1786378560,773.54,773.72,773.535,773.665,12259
1786378680,773.655,773.78,773.61,773.68,12057
1786378800,773.67,773.86,773.5,773.52,8713
1786378920,773.52,773.69,773.48,773.68,6555
1786379040,773.68,773.91,773.61,773.8,12718
1786379160,773.81,773.82,773.44,773.44,18509
1786379280,773.41,773.58,773.36,773.385,14674
1786379400,773.37,773.48,772.17,772.32,35941
1786379520,772.36,772.92,771.62,772.79,112120
1786379640,772.78,772.93,772.65,772.9,17971
1786379760,772.9,773.06,772.7,772.755,28087
1786379880,772.76,772.76,772.53,772.565,13692
1786380000,772.58,772.64,772.23,772.33,12535
1786380120,772.32,772.52,772.07,772.14,16340
1786380240,772.05,772.17,771.94,772.11,30661
1786380360,772.06,772.505,772.05,772.5,26095
1786380480,772.44,772.62,772.37,772.61,11209
1786380600,772.6,772.64,772.34,772.4,13683
1786380720,772.42,772.46,772.26,772.3,5956
1786380840,772.32,772.76,772.32,772.6,10445
1786380960,772.61,772.83,772.54,772.79,9316
1786381080,772.78,772.96,772.73,772.95,16918
1786381200,772.95,773.05,772.74,772.74,16519
1786381320,772.73,772.8,772.53,772.53,22313
1786381440,772.535,772.7,772.5,772.6,5738
1786381560,772.63,772.83,772.59,772.82,4967
1786381680,772.82,773.09,772.8,773.09,9813
1786381800,773.07,773.24,772.9,772.98,11576
1786381920,772.96,773.1,772.9,773.07,2924
1786382040,773.1,773.23,773.07,773.19,12809
1786382160,773.18,773.26,773.14,773.24,4581
1786382280,773.25,773.25,772.99,773.14,9128
1786382400,773.15,773.2,773.02,773.04,30570
1786382520,773.01,773.19,773,773.13,6090
1786382640,773.11,773.18,773.03,773.03,5271
1786382760,773.03,773.09,772.94,772.94,8326
1786382880,772.93,773.16,772.88,773.11,13816
1786383000,773.11,773.25,773.09,773.21,10120
1786383120,773.17,773.27,773.1,773.1,8758
1786383240,773.1,773.14,773.03,773.05,5622
1786383360,773.04,773.1,772.79,772.81,5552
1786383480,772.76,772.88,772.74,772.84,6498
1786383600,772.82,772.89,772.8,772.88,10506
1786383720,772.89,772.97,772.72,772.76,10962
1786383840,772.76,772.84,772.55,772.64,7996
1786383960,772.65,772.76,772.58,772.67,7128
1786384080,772.67,772.76,772.61,772.68,6198
1786384200,772.67,772.75,772.5,772.535,8191
1786384320,772.55,772.7,772.51,772.57,8891
1786384440,772.56,772.79,772.55,772.6,9382
1786384560,772.61,772.71,772.51,772.7,18975
1786384680,772.72,772.82,772.71,772.735,11255
1786384800,772.73,772.87,772.67,772.68,14294
1786384920,772.67,772.78,772.66,772.74,6532
1786385040,772.74,772.79,772.65,772.75,25559
1786385160,772.76,772.86,772.72,772.84,4791
1786385280,772.82,773.02,772.81,772.94,22594
1786385400,772.935,773.06,772.93,772.95,31918
1786385520,772.98,772.98,772.7,772.76,18505
1786385640,772.77,772.78,772.61,772.65,9150
1786385760,772.67,772.75,772.62,772.719,8855
1786385880,772.7,772.73,772.53,772.575,9948
1786386000,772.579,772.64,772.5,772.64,10890
1786386120,772.64,772.73,772.58,772.62,7508
1786386240,772.615,772.64,772.55,772.64,8619
1786386360,772.67,772.7,772.52,772.59,19738
1786386480,772.56,772.6,772.52,772.53,9005
1786386600,772.52,772.6,772.36,772.6,32545
1786386720,772.58,772.67,772.52,772.58,21490
1786386840,772.58,772.71,772.53,772.59,21099
1786386960,772.6,772.605,772.33,772.36,11704
1786387080,772.36,772.59,772.35,772.55,15641
1786387200,772.57,772.79,772.56,772.78,15791
1786387320,772.77,772.93,772.73,772.78,18376
1786387440,772.77,772.93,772.77,772.909,14670
1786387560,772.889,772.93,772.84,772.905,7586
1786387680,772.9,772.93,772.74,772.825,20157
1786387800,772.85,773.08,772.85,772.94,15454
1786387920,772.935,773.1,772.935,773.07,7095
1786388040,773.08,773.15,773.01,773.01,7787
1786388160,773.02,773.28,773,773.27,8805
1786388280,773.29,773.32,773.15,773.19,18530
1786388400,773.2,773.22,773.05,773.14,7999
1786388520,773.14,773.31,773.13,773.29,17756
1786388640,773.285,773.32,773.12,773.19,25489
1786388760,773.18,773.31,773.15,773.29,7178
1786388880,773.295,773.39,773.28,773.39,16186
1786389000,773.39,773.39,773.27,773.279,40330
1786389120,773.26,773.39,773.22,773.34,10122
1786389240,773.35,773.35,773.25,773.3,18108
1786389360,773.3,773.37,773.21,773.36,42381
1786389480,773.341,773.44,773.27,773.31,8234
1786389600,773.32,773.38,773.2,773.26,9060
1786389720,773.27,773.34,773.21,773.34,26670
1786389840,773.31,773.39,773.17,773.17,20921
1786389960,773.16,773.26,773.03,773.06,12969
1786390080,773.03,773.09,772.89,772.93,12270
1786390200,772.94,772.98,772.85,772.89,31966
1786390320,772.89,772.96,772.73,772.82,18431
1786390440,772.82,772.96,772.78,772.78,25399
1786390560,772.84,773.01,772.84,772.99,8871
1786390680,772.99,773.29,772.99,773.18,36130
1786390800,773.19,773.19,772.98,773,16609
1786390920,772.99,773.19,772.94,773.15,17012
1786391040,773.12,773.19,772.895,772.93,22639
1786391160,772.94,773.11,772.925,773.07,59914
1786391280,773.07,773.22,772.96,773.18,24333
1786391400,773.16,773.16,772.42,772.49,50153
1786391520,772.49,772.59,772.36,772.48,44874
1786391640,772.49,772.82,772.38,772.58,57611
1786391760,772.59,772.59,772.33,772.35,51232
1786391880,772.35,773.16,772.315,773.05,259544
1786455000,774.52,774.54,773.51,773.56,45237
1786455120,773.55,773.66,773.25,773.29,46535
1786455240,773.31,773.52,773.01,773.04,27222
1786455360,773.04,773.54,772.96,773.3,27458
1786455480,773.32,773.32,772.87,773.11,16496
1786455600,773.12,773.65,773.1,773.615,20291
1786455720,773.595,773.72,773.35,773.39,13543
1786455840,773.415,773.5,772.98,773,17094
1786455960,772.99,773.06,772.61,772.79,42167
1786456080,772.77,773,772.59,772.84,26244
1786456200,772.84,773,772.59,772.76,21671
1786456320,772.78,773.14,772.68,773.06,16877
1786456440,773.03,773.1,772.8,773.05,8885
1786456560,773.08,773.46,773.03,773.429,27644
1786456680,773.41,773.62,773.18,773.62,13719
1786456800,773.61,774.09,773.5,773.99,32689
1786456920,774.01,774.01,773.711,773.92,22478
1786457040,773.9,773.97,773.7,773.94,11194
1786457160,773.94,773.97,773.56,773.76,15298
1786457280,773.74,773.85,773.55,773.8,14283
1786457400,773.8,773.98,773.67,773.74,17478
1786457520,773.7,773.77,773.59,773.69,11980
1786457640,773.67,773.91,773.63,773.87,6818
1786457760,773.87,773.95,773.47,773.48,6363
1786457880,773.48,773.73,773.4,773.64,5316
1786458000,773.65,773.87,773.6,773.74,10078
1786458120,773.705,773.78,773.5,773.57,20213
1786458240,773.53,773.6,773.34,773.519,10309
1786458360,773.55,773.67,773.4,773.5,10153
1786458480,773.49,773.94,773.48,773.9,32556
1786458600,773.88,773.93,773.47,773.56,14920
1786458720,773.55,773.7,773.54,773.65,4997
1786458840,773.6,773.77,773.505,773.709,7067
1786458960,773.71,773.73,773.36,773.41,10837
1786459080,773.4,773.45,773.22,773.34,19676
1786459200,773.37,773.59,773.33,773.58,6062
1786459320,773.6,773.6,773.29,773.39,11163
1786459440,773.425,773.57,773.3,773.57,6086
1786459560,773.65,773.8,773.6,773.77,12074
1786459680,773.79,773.93,773.76,773.89,9314
1786459800,773.889,773.89,773.465,773.87,12990
1786459920,773.85,774.025,773.68,773.68,9618
1786460040,773.66,774.03,773.66,773.79,8354
1786460160,773.8,773.87,773.68,773.72,17602
1786460280,773.73,773.825,773.545,773.64,13778
1786460400,773.63,773.81,773.63,773.79,9111
1786460520,773.79,773.79,773.47,773.48,10436
1786460640,773.47,773.55,773.24,773.27,13593
1786460760,773.25,773.28,773.03,773.04,13565
1786460880,773.02,773.07,772.74,772.86,22098
1786461000,772.79,772.865,772.55,772.75,18836
1786461120,772.75,772.945,772.61,772.61,26322
1786461240,772.6,772.76,772.53,772.64,10676
1786461360,772.62,772.68,772.49,772.5,21661
1786461480,772.49,772.49,772.21,772.42,19785
1786461600,772.46,772.77,772.4,772.76,16467
1786461720,772.77,772.84,772.62,772.64,12979
1786461840,772.63,772.65,772.42,772.61,12029
1786461960,772.59,772.7,772.46,772.47,20251
1786462080,772.44,772.53,772.41,772.41,9585
1786462200,772.42,772.56,772.35,772.38,9818
1786462320,772.41,772.54,772.26,772.37,13376
1786462440,772.38,772.39,771.805,772.01,37623
1786462560,772,772.1,771.87,771.985,16219
1786462680,771.98,772.09,771.76,771.86,16341
1786462800,771.84,772.06,771.79,771.95,10654
1786462920,771.98,772.2,771.89,772.17,20578
1786463040,772.18,772.2,772.03,772.099,28599
1786463160,772.08,772.13,771.92,771.92,11937
1786463280,771.92,772.11,771.9,771.995,10492
1786463400,771.999,772.24,771.92,771.93,7437
1786463520,771.92,771.95,771.77,771.785,16793
1786463640,771.76,771.965,771.76,771.79,14098
1786463760,771.81,771.96,771.81,771.87,26179
1786463880,771.85,772.14,771.83,772.01,10381
1786464000,772.06,772.3,772.05,772.11,13942
1786464120,772.11,772.18,772.03,772.035,6119
1786464240,772.04,772.33,771.97,772.33,6995
1786464360,772.33,772.39,772.23,772.26,20192
1786464480,772.26,772.31,772.18,772.3,9712
1786464600,772.32,772.329,772.01,772.11,29355
1786464720,772.09,772.17,772.04,772.1,5577
1786464840,772.11,772.21,771.93,772.12,11817
1786464960,772.13,772.45,772.11,772.36,8424
1786465080,772.35,772.35,772.04,772.07,9167
1786465200,772.08,772.16,772.02,772.119,6382
1786465320,772.12,772.2,772.02,772.02,13828
1786465440,772.01,772.05,771.39,771.62,30186
1786465560,771.62,771.87,771.5,771.87,20109
1786465680,771.86,771.86,771.59,771.819,24427
1786465800,771.82,771.91,771.54,771.54,16475
1786465920,771.54,771.64,771.46,771.56,25016
1786466040,771.57,771.77,771.52,771.74,7836
1786466160,771.74,772.01,771.74,771.9,18965
1786466280,771.91,771.92,771.78,771.87,8341
1786466400,771.859,771.859,771.64,771.73,7560
1786466520,771.715,771.75,771.575,771.61,3566
1786466640,771.58,771.66,771.45,771.47,19565
1786466760,771.48,771.505,771.3,771.35,12591
1786466880,771.35,771.5,771.28,771.44,10393
1786467000,771.43,771.56,771.34,771.46,16828
1786467120,771.44,771.48,771.32,771.34,7920
1786467240,771.33,771.43,771.28,771.29,11074
1786467360,771.29,771.29,771.11,771.14,26903
1786467480,771.145,771.21,771.05,771.13,22201
1786467600,771.15,771.26,770.95,771.07,16540
1786467720,771.05,771.06,770.8,770.98,11146
1786467840,770.99,771.05,770.76,770.82,10812
1786467960,770.86,771.09,770.86,770.989,5291
1786468080,770.96,771.05,770.85,770.9,15945
1786468200,770.87,770.87,770.51,770.54,22553
1786468320,770.55,770.55,770.34,770.47,11208
1786468440,770.48,770.54,770.26,770.44,15262
1786468560,770.43,770.655,770.34,770.635,9541
1786468680,770.65,770.84,770.625,770.73,14417
1786468800,770.75,770.96,770.62,770.96,10290
1786468920,770.94,770.96,770.67,770.74,4950
1786469040,770.76,770.975,770.7,770.74,7997
1786469160,770.76,770.81,770.66,770.73,6725
1786469280,770.73,770.97,770.69,770.85,8333
1786469400,770.85,770.89,770.72,770.77,6897
1786469520,770.77,770.89,770.73,770.79,4958
1786469640,770.81,771.13,770.74,771.04,15429
1786469760,771.03,771.07,770.9,770.93,22469
1786469880,770.92,770.94,770.77,770.9,9248
1786470000,770.89,771.16,770.845,771.14,9628
1786470120,771.14,771.29,771.13,771.22,15742
1786470240,771.22,771.28,771.12,771.26,6903
1786470360,771.18,771.26,771.14,771.21,3948
1786470480,771.28,771.35,771.16,771.18,7785
1786470600,771.2,771.3,771.15,771.22,5854
1786470720,771.19,771.279,771.17,771.26,7880
1786470840,771.25,771.33,771.19,771.23,12987
1786470960,771.23,771.25,771.12,771.139,13513
1786471080,771.12,771.28,771.12,771.21,4220
1786471200,771.225,771.24,771.05,771.05,14109
1786471320,771.03,771.12,770.9,771.12,15639
1786471440,771.12,771.16,770.95,771.02,6824
1786471560,771.005,771.05,770.71,770.86,17915
1786471680,770.85,770.89,770.67,770.69,4834
1786471800,770.72,770.89,770.66,770.87,24958
1786471920,770.835,770.91,770.77,770.78,27688
1786472040,770.82,770.93,770.78,770.8,4985
1786472160,770.805,770.82,770.65,770.67,9417
1786472280,770.65,770.84,770.65,770.75,10498
1786472400,770.74,770.76,770.345,770.4,22564
1786472520,770.395,770.45,770.3,770.33,15155
1786472640,770.33,770.55,770.32,770.55,29179
1786472760,770.55,770.55,770.07,770.11,21140
1786472880,770.09,770.09,769.2,769.51,66623
1786473000,769.53,769.99,769.53,769.97,22255
1786473120,769.97,770.05,769.84,769.88,20992
1786473240,769.91,770.16,769.91,770.09,17058
1786473360,770.1,770.22,770.01,770.01,17544
1786473480,770.01,770.05,769.94,770.01,8839
1786473600,770.01,770.01,769.68,769.68,24412
1786473720,769.69,769.85,769.67,769.82,24273
1786473840,769.82,769.96,769.78,769.92,8725
1786473960,769.92,770.07,769.92,769.99,12036
1786474080,770,770.35,770,770.34,8914
1786474200,770.33,770.36,770.14,770.26,18207
1786474320,770.28,770.47,770.25,770.31,7808
1786474440,770.3,770.42,770.28,770.285,5868
1786474560,770.28,770.36,770.18,770.33,9550
1786474680,770.31,770.31,770.06,770.07,12438
1786474800,770.11,770.21,769.89,769.99,6875
1786474920,770,770.15,770,770.1,6749
1786475040,770.08,770.15,770.01,770.09,7331
1786475160,770.065,770.17,769.84,769.88,18757
1786475280,769.88,770.08,769.87,770.08,14695
1786475400,770.09,770.27,770.02,770.27,9636
1786475520,770.24,770.37,770.18,770.36,6645
1786475640,770.38,770.38,770.18,770.21,8208
1786475760,770.2,770.4,770.175,770.26,17471
1786475880,770.27,770.495,770.26,770.43,12309
1786476000,770.45,770.55,770.37,770.52,9901
1786476120,770.51,770.615,770.41,770.535,15498
1786476240,770.535,770.66,770.53,770.62,10221
1786476360,770.63,770.65,770.46,770.52,20661
1786476480,770.52,770.69,770.47,770.62,12596
1786476600,770.63,770.83,770.58,770.76,32822
1786476720,770.75,770.77,770.58,770.69,8159
1786476840,770.72,770.86,770.71,770.8,12643
1786476960,770.79,771.04,770.7,770.925,20860
1786477080,770.92,771.1,770.92,771.05,12203
1786477200,771.07,771.07,770.84,770.9,19865
1786477320,770.89,770.93,770.75,770.81,29479
1786477440,770.81,770.81,770.42,770.47,22745
1786477560,770.49,770.57,770.44,770.47,16034
1786477680,770.47,770.49,770.28,770.36,29514
1786477800,770.4,770.47,769.94,770.12,21781
1786477920,770.13,770.14,769.8,769.96,23040
1786478040,769.96,770.48,769.85,770.235,52502
1786478160,770.24,770.34,770.05,770.08,43816
1786478280,770.12,770.53,769.84,770.45,174598
1786541400,774.71,774.9,773.07,773.11,116525
1786541520,773.14,773.25,772.72,773.05,48172
1786541640,773,773.28,772.86,773.145,31642
1786541760,773.14,773.51,773.04,773.04,39076
1786541880,773.04,773.29,772.81,772.875,19158
1786542000,772.88,773.01,772.46,773.01,32670
1786542120,773.01,773.12,772.79,772.9,29818
1786542240,772.89,773.01,772.64,772.75,22042
1786542360,772.77,772.78,772.37,772.7,43487
1786542480,772.73,773.65,772.73,773.55,66063
1786542600,773.53,773.53,772.95,773.12,21219
1786542720,773.12,773.12,772.6,772.89,18664
1786542840,772.89,772.97,772.43,772.55,21828
1786542960,772.565,772.65,772.095,772.33,26568
1786543080,772.34,772.78,772.33,772.59,17627
1786543200,772.62,772.82,772.26,772.56,25072
1786543320,772.6,772.6,772.16,772.16,23297
1786543440,772.15,772.36,771.88,772.305,45278
1786543560,772.31,772.4,772.2,772.26,12623
1786543680,772.23,772.51,772.15,772.4,20836
1786543800,772.42,772.71,772.36,772.485,23136
1786543920,772.48,772.5,772.16,772.37,15116
1786544040,772.38,772.62,772.24,772.53,13025
1786544160,772.55,772.72,772.48,772.72,27674
1786544280,772.7,773.02,772.47,772.5,26774
1786544400,772.5,772.56,772.2,772.5,16301
1786544520,772.51,772.86,772.47,772.86,14162
1786544640,772.88,773.03,772.77,772.8,15401
1786544760,772.81,773.3,772.77,773.19,13040
1786544880,773.18,773.3,772.59,772.78,17706
1786545000,772.77,772.99,771.25,772.48,104316
1786545120,772.47,772.58,772.18,772.41,37315
1786545240,772.43,772.43,771.92,772.25,14721
1786545360,772.27,772.7,772.17,772.67,9209
1786545480,772.61,772.79,772.47,772.77,18133
1786545600,772.79,773.01,772.72,772.93,15357
1786545720,772.9,773.03,772.68,772.99,13667
1786545840,772.98,773.139,772.91,773.1,12153
1786545960,773.09,773.19,772.48,772.55,13345
1786546080,772.55,772.69,772.43,772.68,8397
1786546200,772.68,772.7,772.13,772.29,10513
1786546320,772.34,772.465,772.21,772.435,14485
1786546440,772.46,772.57,771.83,771.91,15393
1786546560,771.93,772.28,771.93,772.15,20065
1786546680,772.2,772.33,772.13,772.22,9281
1786546800,772.22,772.27,771.94,772.22,10348
1786546920,772.24,772.25,771.79,771.81,9457
1786547040,771.81,771.91,771.71,771.87,10913
1786547160,771.88,772.21,771.73,772.11,16904
1786547280,772.11,772.18,771.99,772.13,8472
1786547400,772.09,772.14,771.77,771.945,23125
1786547520,771.98,772.4,771.93,772.3,10485
1786547640,772.25,772.32,771.99,772.07,7175
1786547760,772.18,772.3,772.12,772.26,7115
1786547880,772.27,772.27,771.94,772.11,5136
1786548000,772.13,772.19,771.98,772.11,6674
1786548120,772.11,772.11,771.73,771.87,6242
1786548240,771.89,772,771.78,771.96,5933
1786548360,771.94,772.03,771.86,771.96,5169
1786548480,771.99,772.36,771.88,772.36,5776
1786548600,772.38,772.47,772.13,772.16,14869
1786548720,772.17,772.22,771.72,771.75,18815
1786548840,771.769,772.06,771.68,771.92,8077
1786548960,771.91,772.19,771.88,771.95,8912
1786549080,771.97,772.08,771.68,771.68,10007
1786549200,771.655,771.84,771.57,771.84,6597
1786549320,771.87,771.95,771.78,771.92,8530
1786549440,771.91,771.97,771.77,771.85,11161
1786549560,771.849,772.05,771.775,772.039,8640
1786549680,772.03,772.17,771.86,772.17,5174
1786549800,772.17,772.17,771.85,771.9,6240
1786549920,771.91,772.12,771.87,772.09,4905
1786550040,772.09,772.1,771.875,771.89,5577
1786550160,771.88,772.08,771.88,772.01,8119
1786550280,771.99,772.06,771.94,772.02,8841
1786550400,772.01,772.4,771.98,772.37,9693
1786550520,772.36,772.39,772.19,772.19,7414
1786550640,772.22,772.31,772.2,772.26,7871
1786550760,772.26,772.3,772.05,772.05,10737
1786550880,772.05,772.36,771.99,772.34,9491
1786551000,772.38,772.43,772.2,772.425,12349
1786551120,772.44,772.54,772.3,772.52,18180
1786551240,772.51,772.61,772.44,772.51,9987
1786551360,772.5,772.61,772.42,772.51,12044
1786551480,772.51,772.58,772.37,772.43,13762
1786551600,772.43,772.51,772.32,772.48,15805
1786551720,772.46,772.63,772.42,772.54,10047
1786551840,772.57,772.68,772.47,772.63,9753
1786551960,772.63,772.63,772.42,772.47,12849
1786552080,772.475,772.52,772.41,772.46,10222
1786552200,772.46,772.52,772.2,772.29,14293
1786552320,772.28,772.44,772.26,772.32,18718
1786552440,772.34,772.36,772.18,772.27,12260
1786552560,772.265,772.58,772.26,772.58,9226
1786552680,772.59,772.77,772.59,772.76,9584
1786552800,772.76,772.92,772.72,772.8,16031
1786552920,772.79,772.84,772.7,772.71,10579
1786553040,772.72,772.77,772.62,772.64,8187
1786553160,772.64,772.72,772.56,772.66,8560
1786553280,772.65,772.89,772.65,772.85,10211
1786553400,772.86,773.15,772.85,773.09,17135
1786553520,773.1,773.2,773.04,773.145,21172
1786553640,773.13,773.13,772.93,772.94,9742
1786553760,772.98,773.02,772.92,772.92,12888
1786553880,772.94,772.97,772.81,772.94,14325
1786554000,772.91,773.08,772.85,773.04,10088
1786554120,773.03,773.03,772.93,773.03,14680
1786554240,773.02,773.09,773.01,773.09,9858
1786554360,773.11,773.29,773.06,773.26,13064
1786554480,773.25,773.29,773.02,773.02,10529
1786554600,773.01,773.07,772.88,772.88,13675
1786554720,772.88,772.98,772.77,772.95,10385
1786554840,772.97,773.02,772.7,772.76,17343
1786554960,772.74,772.77,772.66,772.69,12305
1786555080,772.69,772.77,772.609,772.77,19755
1786555200,772.77,772.905,772.74,772.83,10659
1786555320,772.85,772.85,772.675,772.72,6558
1786555440,772.72,772.92,772.71,772.92,6444
1786555560,772.92,773.025,772.92,772.96,12518
1786555680,772.945,772.945,772.749,772.82,8554
1786555800,772.83,772.83,772.71,772.78,6708
1786555920,772.79,773,772.789,772.92,16483
1786556040,772.91,772.93,772.79,772.82,6303
1786556160,772.81,772.95,772.81,772.91,7712
1786556280,772.92,772.92,772.76,772.87,8701
1786556400,772.865,772.94,772.72,772.93,12262
1786556520,772.94,772.97,772.93,772.94,8430
1786556640,772.935,772.95,772.8,772.81,9035
1786556760,772.81,772.96,772.81,772.9,6361
1786556880,772.9,772.92,772.76,772.79,6482
1786557000,772.79,772.97,772.74,772.92,10828
1786557120,772.91,772.98,772.83,772.83,9214
1786557240,772.83,772.85,772.65,772.7,9816
1786557360,772.71,772.83,772.71,772.83,6212
1786557480,772.83,772.895,772.79,772.83,11500
1786557600,772.81,772.94,772.78,772.85,10256
1786557720,772.869,772.93,772.82,772.9,6705
1786557840,772.9,772.97,772.83,772.93,7880
1786557960,772.95,772.95,772.81,772.85,4756
1786558080,772.88,772.94,772.84,772.89,7224
1786558200,772.89,773.19,772.89,773.17,9823
1786558320,773.16,773.2,773.09,773.17,15228
1786558440,773.16,773.16,773.045,773.12,8057
1786558560,773.11,773.13,772.995,772.995,15827
1786558680,772.99,773.13,772.98,773.12,9301
1786558800,773.12,773.16,772.96,773.14,17675
1786558920,773.13,773.14,773.05,773.11,9918
1786559040,773.12,773.3,773.1,773.17,14519
1786559160,773.18,773.22,773.13,773.2,10775
1786559280,773.19,773.19,773.07,773.08,12274
1786559400,773.11,773.33,773.11,773.32,8727
1786559520,773.32,773.47,773.32,773.39,8718
1786559640,773.39,773.41,773.32,773.4,11026
1786559760,773.42,773.49,773.42,773.425,11657
1786559880,773.42,773.48,773.39,773.425,11223
1786560000,773.42,773.63,773.42,773.6,17256
1786560120,773.599,773.62,773.54,773.57,12505
1786560240,773.56,773.56,773.42,773.43,14660
1786560360,773.44,773.52,773.389,773.47,20885
1786560480,773.48,773.54,773.47,773.52,10510
1786560600,773.54,773.59,773.51,773.585,5678
1786560720,773.59,773.63,773.49,773.49,10171
1786560840,773.49,773.49,773.32,773.34,18527
1786560960,773.34,773.37,773.05,773.07,23085
1786561080,773.08,773.18,773.05,773.06,13471
1786561200,773.03,773.325,773.02,773.29,23258
1786561320,773.29,773.305,773.21,773.27,10014
1786561440,773.25,773.34,773.24,773.34,8795
1786561560,773.35,773.37,773.29,773.3,11672
1786561680,773.28,773.32,773.21,773.23,16442
1786561800,773.23,773.275,773.1,773.13,10172
1786561920,773.13,773.19,773.06,773.15,7926
1786562040,773.17,773.17,773,773.06,11869
1786562160,773.07,773.22,773.07,773.15,5008
1786562280,773.16,773.2,773.09,773.16,5105
1786562400,773.14,773.16,772.81,772.84,10532
1786562520,772.85,772.94,772.85,772.9,10724
1786562640,772.92,772.97,772.84,772.97,5764
1786562760,772.92,772.99,772.845,772.85,8662
1786562880,772.84,772.975,772.81,772.97,9671
1786563000,772.97,772.98,772.81,772.98,15421
1786563120,772.98,773.02,772.81,772.82,13724
1786563240,772.81,772.94,772.8,772.91,16315
1786563360,772.91,772.98,772.88,772.92,24053
1786563480,772.885,772.99,772.85,772.88,14765
1786563600,772.88,772.9,772.72,772.73,12529
1786563720,772.73,772.76,772.57,772.73,13839
1786563840,772.73,772.98,772.73,772.78,19505
1786563960,772.78,772.93,772.71,772.91,20564
1786564080,772.9,773,772.85,772.89,27359
1786564200,772.88,772.9,772.32,772.36,59615
1786564320,772.39,772.45,772.34,772.42,24644
1786564440,772.42,772.46,772,772.07,68780
1786564560,772.07,772.28,772.02,772.24,40980
1786564680,772.26,772.71,772.23,772.52,114772
1786627800,774.89,774.94,774.12,774.5,51855
1786627920,774.46,775.09,774.45,774.99,21368
1786628040,775.01,775.82,774.99,775.72,56943
1786628160,775.72,776.21,775.72,776.17,48265
1786628280,776.19,776.46,776.04,776.44,31127
1786628400,776.42,776.42,776.11,776.11,21905
1786628520,776.12,776.2,775.75,775.75,22628
1786628640,775.76,776.27,775.56,776.23,26877
1786628760,776.23,776.86,776.22,776.83,36746
1786628880,776.85,776.96,776.73,776.86,25882
1786629000,776.85,777.029,776.68,777.029,48627
1786629120,777.029,777.05,776.78,776.89,15782
1786629240,776.9,777.17,776.86,777.02,27930
1786629360,777.02,777.45,776.94,777.4,49502
1786629480,777.41,777.7,777.38,777.62,16831
1786629600,777.61,778,777.52,778,39121
1786629720,777.99,778.25,777.95,778.02,34059
1786629840,778.04,778.39,777.965,778.22,32201
1786629960,778.23,778.23,777.93,778.04,30528
1786630080,778.07,778.22,777.92,778.14,17178
1786630200,778.16,778.49,778.13,778.46,15079
1786630320,778.47,778.54,778.39,778.46,19984
1786630440,778.47,778.54,778.38,778.46,20074
1786630560,778.45,778.45,778.03,778.35,23846
1786630680,778.36,778.65,778.33,778.52,16793
1786630800,778.52,778.83,778.4,778.83,14484
1786630920,778.84,779.21,778.81,779.1,40826
1786631040,779.1,779.17,778.95,779.14,15173
1786631160,779.139,779.139,778.91,778.99,8235
1786631280,779,779.24,779,779.21,11942
1786631400,779.19,779.24,778.98,779.22,17310
1786631520,779.24,779.37,779.03,779.09,32174
1786631640,779.11,779.37,779.11,779.325,21259
1786631760,779.3,779.3,779.09,779.1,18325
1786631880,779.1,779.12,778.82,779.07,32909
1786632000,779.07,779.12,778.8,778.8,14350
1786632120,778.79,778.86,778.58,778.685,43800
1786632240,778.72,778.76,778.19,778.19,14513
1786632360,778.18,778.39,778.11,778.14,15243
1786632480,778.15,778.19,777.54,777.68,31531
1786632600,777.69,777.94,777.57,777.84,30310
1786632720,777.775,777.87,777.6,777.73,11042
1786632840,777.7,777.84,777.38,777.45,12486
1786632960,777.46,777.83,777.42,777.83,12190
1786633080,777.82,777.97,777.74,777.8,11822
1786633200,777.79,778.2,777.69,778.16,15505
1786633320,778.19,778.22,777.509,777.569,16542
1786633440,777.545,777.59,777.33,777.59,14712
1786633560,777.59,777.59,777.11,777.11,23416
1786633680,777.09,777.25,776.97,777.23,23301
1786633800,777.24,777.37,777.125,777.23,47713
1786633920,777.24,777.3,777.02,777.19,13264
1786634040,777.2,777.2,777.03,777.14,10218
1786634160,777.14,777.25,776.99,777.02,11748
1786634280,777.05,777.18,776.73,777.18,15755
1786634400,777.16,777.25,777.02,777.15,8457
1786634520,777.17,777.175,776.84,776.95,11765
1786634640,776.99,777.005,776.61,776.61,25020
1786634760,776.63,776.78,776.21,776.45,57069
1786634880,776.48,776.5,775.94,776.16,35351
1786635000,776.17,776.32,776.02,776.16,25727
1786635120,776.14,776.22,775.99,776.059,17001
1786635240,776,776.15,775.71,776.04,16390
1786635360,776.03,776.03,775.77,775.84,24473
1786635480,775.83,775.99,775.58,775.96,57183
1786635600,775.95,776.15,775.72,776.15,19553
1786635720,776.165,776.37,776.15,776.15,18807
1786635840,776.14,776.195,775.85,775.91,12225
1786635960,775.93,776.13,775.93,776,13630
1786636080,776.03,776.03,775.71,775.91,17882
1786636200,775.86,775.92,775.66,775.75,10234
1786636320,775.75,775.79,775.51,775.79,11896
1786636440,775.8,775.8,775.62,775.71,5038
1786636560,775.71,775.95,775.655,775.68,11631
1786636680,775.66,775.68,775.39,775.48,13296
1786636800,775.485,775.81,775.45,775.81,9404
1786636920,775.81,776.05,775.8,776.03,8668
1786637040,776.02,776.18,775.87,776.18,5937
1786637160,776.2,776.29,776.01,776.03,6407
1786637280,776.04,776.11,775.92,775.97,10453
1786637400,775.96,776.1,775.93,775.98,6576
1786637520,775.94,776.05,775.73,775.77,4947
1786637640,775.77,775.84,775.68,775.75,8628
1786637760,775.72,775.769,775.6,775.74,10933
1786637880,775.75,775.89,775.69,775.85,10749
1786638000,775.85,775.99,775.76,775.94,18999
1786638120,775.97,776.09,775.93,775.97,11884
1786638240,776,776.36,775.989,776.36,13955
1786638360,776.36,776.49,776.29,776.37,11299
1786638480,776.33,776.51,776.33,776.51,9537
1786638600,776.53,776.66,776.45,776.53,16419
1786638720,776.51,776.7,776.41,776.7,18375
1786638840,776.71,776.71,776.59,776.64,16185
1786638960,776.64,776.66,776.45,776.45,14566
1786639080,776.51,776.63,776.24,776.31,14429
1786639200,776.29,776.39,776.21,776.365,7695
1786639320,776.36,776.51,776.33,776.46,7401
1786639440,776.44,776.57,776.415,776.53,15786
1786639560,776.51,776.619,776.43,776.619,8405
1786639680,776.61,776.67,776.57,776.6,11147
1786639800,776.61,776.8,776.6,776.71,11968
1786639920,776.72,776.76,776.68,776.68,9130
1786640040,776.66,776.76,776.62,776.73,9688
1786640160,776.67,776.71,776.6,776.68,6975
1786640280,776.69,776.75,776.67,776.7,6024
1786640400,776.71,777.03,776.71,777,9708
1786640520,776.99,777.02,776.85,777.01,5919
1786640640,777.02,777.13,776.94,777.12,9666
1786640760,777.12,777.19,777.05,777.12,7697
1786640880,777.12,777.37,777.12,777.25,12239
1786641000,777.23,777.29,777.19,777.27,8476
1786641120,777.27,777.27,777.08,777.18,5569
1786641240,777.18,777.31,777.14,777.23,5247
1786641360,777.26,777.34,777.24,777.24,8703
1786641480,777.23,777.4,777.18,777.4,6450
1786641600,777.405,777.47,777.31,777.39,5241
1786641720,777.37,777.37,777.18,777.22,10281
1786641840,777.189,777.31,777.189,777.26,6191
1786641960,777.21,777.24,777.12,777.199,7983
1786642080,777.18,777.26,777.1,777.1,6906
1786642200,777.11,777.24,777.09,777.105,4772
1786642320,777.09,777.11,776.85,776.86,6337
1786642440,776.88,776.98,776.84,776.88,7745
1786642560,776.86,776.9,776.69,776.7,9105
1786642680,776.69,776.79,776.67,776.79,8872
1786642800,776.77,776.9,776.76,776.79,7717
1786642920,776.81,776.82,776.72,776.8,8297
1786643040,776.78,776.91,776.62,776.83,3222
1786643160,776.83,776.84,776.78,776.83,5157
1786643280,776.84,776.9,776.77,776.83,5603
1786643400,776.84,776.93,776.745,776.79,4084
1786643520,776.81,776.91,776.73,776.91,6386
1786643640,776.88,776.88,776.73,776.77,9637
1786643760,776.77,776.89,776.67,776.88,10708
1786643880,776.88,776.935,776.73,776.745,8346
1786644000,776.75,776.93,776.75,776.78,4860
1786644120,776.84,776.91,776.76,776.89,7536
1786644240,776.9,777.03,776.83,777.02,24729
1786644360,777.01,777.04,776.8,776.82,9866
1786644480,776.825,776.9,776.79,776.84,7835
1786644600,776.81,776.99,776.67,776.99,14924
1786644720,777,777.15,776.97,777.07,13357
1786644840,777.05,777.17,777,777.08,8034
1786644960,777.08,777.08,776.92,776.99,14662
1786645080,777,777.01,776.89,776.94,5869
1786645200,776.93,776.99,776.85,776.93,15104
1786645320,776.92,776.98,776.78,776.8,10284
1786645440,776.78,776.9,776.69,776.805,9092
1786645560,776.78,776.94,776.78,776.87,21571
1786645680,776.89,777.04,776.87,776.98,7612
1786645800,776.99,777.19,776.99,777.15,12839
1786645920,777.13,777.25,777.08,777.24,8568
1786646040,777.25,777.32,777.16,777.31,14208
1786646160,777.34,777.38,777.28,777.3,13159
1786646280,777.31,777.41,777.3,777.39,13440
1786646400,777.41,777.67,777.37,777.62,20409
1786646520,777.68,777.72,777.57,777.61,13694
1786646640,777.6,777.71,777.6,777.69,15520
1786646760,777.67,777.76,777.62,777.73,9113
1786646880,777.73,777.75,777.66,777.75,8717
1786647000,777.75,777.82,777.7,777.73,8251
1786647120,777.75,777.88,777.62,777.86,10547
1786647240,777.9,777.93,777.85,777.88,19149
1786647360,777.85,777.92,777.72,777.75,11091
1786647480,777.74,777.76,777.67,777.75,11537
1786647600,777.75,777.92,777.73,777.9,17039
1786647720,777.915,777.94,777.87,777.94,20273
1786647840,777.93,777.96,777.82,777.92,22376
1786647960,777.95,778.22,777.95,778.19,12944
1786648080,778.19,778.42,778.17,778.35,17177
1786648200,778.36,778.36,778.18,778.26,13987
1786648320,778.24,778.25,777.83,777.845,37377
1786648440,777.84,777.99,777.8,777.98,16025
1786648560,777.99,778.01,777.8,777.97,15694
1786648680,777.96,778.15,777.94,778.15,42612
1786648800,778.14,778.27,778.13,778.18,23495
1786648920,778.2,778.31,778.2,778.26,16146
1786649040,778.27,778.35,778.15,778.17,20955
1786649160,778.17,778.18,777.99,778.14,25700
1786649280,778.14,778.21,777.97,778.03,17388
1786649400,778.02,778.24,777.95,778.12,34269
1786649520,778.1,778.2,778.03,778.04,22905
1786649640,778.03,778.08,777.84,777.85,54182
1786649760,777.85,777.9,777.73,777.83,48825
1786649880,777.84,777.95,777.81,777.95,35673
1786650000,777.95,778.01,777.83,777.96,25056
1786650120,777.955,778.03,777.78,777.86,18906
1786650240,777.87,777.87,777.67,777.74,53217
1786650360,777.73,777.82,777.69,777.7,29706
1786650480,777.69,777.79,777.64,777.76,55481
1786650600,777.76,777.76,777.35,777.42,82736
1786650720,777.41,777.56,777.4,777.54,67092
1786650840,777.55,777.71,777.35,777.54,63056
1786650960,777.55,777.73,777.48,777.65,73868
1786651080,777.63,777.93,777.545,777.78,212717
1786714200,778.53,778.55,777.92,778.43,45514
1786714320,778.41,778.5,778.03,778.14,20348
1786714440,778.14,778.27,778.05,778.16,12100
1786714560,778.16,778.21,777.67,777.84,36004
1786714680,777.85,778.03,777.77,778.01,24744
1786714800,778.02,778.19,777.82,778.08,80439
1786714920,778.08,778.43,778.041,778.34,15299
1786715040,778.36,778.59,778.33,778.49,11172
1786715160,778.49,778.5,777.89,778.08,25683
1786715280,778.07,778.22,777.95,777.95,8397
1786715400,777.95,778.53,777.81,778.42,40541
1786715520,778.43,778.59,778.285,778.45,13896
1786715640,778.5,778.6,778.26,778.37,11083
1786715760,778.4,778.42,778.17,778.17,8985
1786715880,778.27,778.56,778.09,778.49,14158
1786716000,778.35,778.51,778.215,778.29,16236
1786716120,778.27,778.47,778.24,778.38,9586
1786716240,778.36,778.74,778.35,778.73,9196
1786716360,778.71,778.75,778.635,778.7,6300
1786716480,778.7,778.8,778.46,778.485,15821
1786716600,778.55,778.645,778.31,778.52,5873
1786716720,778.51,778.66,778.44,778.49,13347
1786716840,778.5,778.6,778.1,778.235,11392
1786716960,778.22,778.26,778.03,778.131,14094
1786717080,778.15,778.15,777.76,777.82,31871
1786717200,777.82,777.92,777.38,777.68,28232
1786717320,777.62,777.71,777.43,777.49,14802
1786717440,777.48,777.61,777.42,777.46,14432
1786717560,777.48,777.52,777.25,777.325,19089
1786717680,777.3,777.43,777.13,777.41,15317
1786717800,777.41,777.48,776.86,777.08,36561
1786717920,777.07,777.15,776.825,776.84,16759
1786718040,776.86,777.08,776.82,777.02,10757
1786718160,777.03,777.39,776.99,777.11,15717
1786718280,777.09,777.43,777.09,777.43,5395
1786718400,777.375,777.375,777.01,777.1,8594
1786718520,777.13,777.24,777.03,777.09,10206
1786718640,777.06,777.23,777.015,777.12,6989
1786718760,777.13,777.42,777.13,777.27,12082
1786718880,777.31,777.39,777.19,777.22,13035
1786719000,777.22,777.31,777.15,777.27,8394
1786719120,777.25,777.43,777.06,777.07,27358
1786719240,777.06,777.15,776.98,777.12,8679
1786719360,777.12,777.15,776.93,776.96,7271
1786719480,776.98,776.99,776.74,776.74,13988
1786719600,776.745,777.11,776.71,777.01,9431
1786719720,777.04,777.06,776.815,776.9,6698
1786719840,776.9,777.05,776.8,777.01,10593
1786719960,776.97,777.05,776.8,776.81,9815
1786720080,776.81,776.81,776.58,776.64,16639
1786720200,776.67,776.79,776.58,776.66,24239
1786720320,776.72,776.78,776.6,776.66,9177
1786720440,776.67,776.67,776.42,776.52,12177
1786720560,776.52,776.61,776.42,776.59,10101
1786720680,776.6,776.69,776.5,776.57,10047
1786720800,776.6,776.64,776.31,776.31,13493
1786720920,776.3,776.355,776.14,776.23,38136
1786721040,776.21,776.21,775.98,776.065,24725
1786721160,776.03,776.13,775.865,776.075,34187
1786721280,776.07,776.3,776.01,776.29,32732
1786721400,776.3,776.41,776.01,776.06,18868
1786721520,776.02,776.23,776.01,776.09,11241
1786721640,776.07,776.3,776.07,776.3,24900
1786721760,776.32,776.46,776.07,776.149,17543
1786721880,776.14,776.33,776.08,776.09,19255
1786722000,776.1,776.13,775.88,775.93,15243
1786722120,775.92,775.98,775.86,775.91,14836
1786722240,775.91,776.31,775.91,776.31,16606
1786722360,776.31,776.35,776.09,776.09,16236
1786722480,776.08,776.17,775.86,775.88,18836
1786722600,775.88,775.99,775.81,775.99,17375
1786722720,775.995,776.16,775.95,776.13,13841
1786722840,776.139,776.23,776.11,776.21,14506
1786722960,776.17,776.22,776.02,776.22,9809
1786723080,776.23,776.35,776.19,776.24,11001
1786723200,776.24,776.55,776.24,776.44,11920
1786723320,776.44,776.49,776.29,776.49,9326
1786723440,776.5,776.59,776.375,776.44,16115
1786723560,776.43,776.5,776.31,776.38,9808
1786723680,776.4,776.44,776.09,776.24,6330
1786723800,776.24,776.33,776.17,776.25,6625
1786723920,776.25,776.44,776.24,776.44,13924
1786724040,776.45,776.66,776.44,776.59,15649
1786724160,776.599,776.71,776.54,776.71,11295
1786724280,776.7,776.75,776.54,776.57,18661
1786724400,776.59,776.7,776.44,776.7,5005
1786724520,776.67,776.67,776.53,776.57,6423
1786724640,776.57,776.68,776.56,776.68,15341
1786724760,776.7,776.82,776.67,776.71,7669
1786724880,776.705,776.75,776.62,776.69,9123
1786725000,776.69,776.73,776.46,776.495,15667
1786725120,776.49,776.49,776.3,776.39,14211
1786725240,776.4,776.475,776.32,776.46,6432
1786725360,776.43,776.63,776.39,776.6,8659
1786725480,776.59,776.6,776.43,776.48,10891
1786725600,776.475,776.48,776.23,776.34,7637
1786725720,776.34,776.4,776.27,776.345,5525
1786725840,776.32,776.32,776.08,776.1,7872
1786725960,776.08,776.1,775.99,776.04,5493
1786726080,776.04,776.21,776.04,776.14,9588
1786726200,776.12,776.12,775.87,775.895,10335
1786726320,775.9,776.02,775.83,775.83,7722
1786726440,775.85,775.99,775.83,775.95,7625
1786726560,775.95,776.01,775.865,775.88,8656
1786726680,775.885,775.89,775.66,775.7,22583
1786726800,775.7,775.85,775.7,775.81,8740
1786726920,775.8,775.82,775.63,775.8,18354
1786727040,775.83,775.95,775.78,775.82,8206
1786727160,775.81,775.97,775.81,775.92,10446
1786727280,775.92,775.95,775.84,775.9,7226
1786727400,775.91,776.11,775.83,776.04,8029
1786727520,776.025,776.08,775.86,775.96,20670
1786727640,775.97,776.1,775.96,776.045,8191
1786727760,776.03,776.04,775.8,775.95,5823
1786727880,775.95,776.04,775.92,775.97,6442
1786728000,775.96,776.05,775.89,775.95,5403
1786728120,775.95,776.13,775.95,776,6801
1786728240,775.99,775.99,775.68,775.76,28035
1786728360,775.75,775.8,775.66,775.8,7600
1786728480,775.8,775.84,775.73,775.77,5266
1786728600,775.78,775.87,775.74,775.83,11273
1786728720,775.79,775.98,775.79,775.84,8422
1786728840,775.82,775.82,775.72,775.77,4841
1786728960,775.83,775.83,775.43,775.49,11051
1786729080,775.5,775.6,775.455,775.56,8284
1786729200,775.54,775.66,775.47,775.53,9775
1786729320,775.52,775.59,775.48,775.52,9577
1786729440,775.51,775.7,775.5,775.57,19603
1786729560,775.58,775.72,775.57,775.71,8751
1786729680,775.69,775.69,775.545,775.61,5181
1786729800,775.57,775.64,775.47,775.61,9735
1786729920,775.61,775.79,775.6,775.77,9661
1786730040,775.78,775.81,775.64,775.7,5519
1786730160,775.69,775.93,775.69,775.85,4336
1786730280,775.83,775.9,775.82,775.83,1714
1786730400,775.84,775.88,775.75,775.84,6614
1786730520,775.85,776.11,775.85,776.01,17401
1786730640,776.01,776.06,775.96,776.04,4976
1786730760,776.02,776.13,775.95,776.01,9808
1786730880,776.01,776.15,776.01,776.15,9102
1786731000,776.14,776.23,776.08,776.16,14854
1786731120,776.17,776.3,776.14,776.25,16420
1786731240,776.27,776.285,776.15,776.28,13787
1786731360,776.29,776.335,776.251,776.27,11841
1786731480,776.27,776.32,776.12,776.21,6838
1786731600,776.205,776.305,776.08,776.29,9701
1786731720,776.29,776.33,776.18,776.2,5686
1786731840,776.19,776.25,776.18,776.23,25716
1786731960,776.23,776.27,776.07,776.07,3173
1786732080,776.07,776.07,775.89,775.92,7286
1786732200,775.93,776.1,775.92,775.96,8866
1786732320,775.94,775.94,775.875,775.9,8011
1786732440,775.9,775.93,775.82,775.86,5880
1786732560,775.84,775.94,775.84,775.94,28232
1786732680,775.95,776.04,775.9,776.005,10719
1786732800,776.01,776.17,775.96,776.15,9274
1786732920,776.15,776.24,776.105,776.18,15120
1786733040,776.19,776.26,776.13,776.15,9026
1786733160,776.13,776.24,776.04,776.15,13113
1786733280,776.155,776.25,776.14,776.25,5824
1786733400,776.26,776.49,776.26,776.47,26410
1786733520,776.45,776.48,776.32,776.38,8123
1786733640,776.39,776.41,776.25,776.25,5447
1786733760,776.24,776.3,776.22,776.28,8182
1786733880,776.26,776.26,776.16,776.19,4866
1786734000,776.19,776.22,776.02,776.17,22196
1786734120,776.155,776.195,776.085,776.09,6905
1786734240,776.09,776.09,775.89,776.06,10215
1786734360,776.065,776.065,775.96,775.99,3481
1786734480,775.98,776.19,775.96,776.16,4886
1786734600,776.13,776.17,776.06,776.07,5127
1786734720,776.08,776.18,776.05,776.13,5765
1786734840,776.13,776.18,776.04,776.11,10316
1786734960,776.08,776.08,775.87,775.95,52582
1786735080,775.955,776.09,775.84,775.99,11407
1786735200,775.99,776.02,775.9,775.92,25294
1786735320,775.925,776.04,775.88,776.04,14876
1786735440,776.04,776.23,776.01,776.23,15576
1786735560,776.24,776.27,776.14,776.15,7003
1786735680,776.18,776.33,776.15,776.15,11157
1786735800,776.155,776.195,776.1,776.15,33250
1786735920,776.16,776.22,776.14,776.19,12083
1786736040,776.2,776.31,776.18,776.185,24514
1786736160,776.2,776.23,776.06,776.08,60666
1786736280,776.06,776.17,776.03,776.17,23432
1786736400,776.16,776.31,776.16,776.21,11715
1786736520,776.21,776.25,776.18,776.24,18520
1786736640,776.24,776.25,776.06,776.06,28338
1786736760,776.075,776.12,775.97,776.07,16643
1786736880,776.07,776.22,776.05,776.195,15830
1786737000,776.17,776.4,776.17,776.37,36114
1786737120,776.34,776.37,776.15,776.21,39635
1786737240,776.21,776.31,776.02,776.09,45158
1786737360,776.09,776.09,775.97,776.06,26113
1786737480,776.07,776.42,775.92,776.35,101132
1786973400,776.18,776.77,776.13,776.52,62342
1786973520,776.48,776.52,775.91,775.935,27476
1786973640,775.955,775.955,775.32,775.69,32251
1786973760,775.68,775.89,775.54,775.585,23676
1786973880,775.59,775.71,775.34,775.44,27455
1786974000,775.45,775.62,775.33,775.56,8872
1786974120,775.6,775.84,775.5,775.5,8618
1786974240,775.5,775.76,775.44,775.5,10293
1786974360,775.47,775.62,775.19,775.56,18887
1786974480,775.55,776.015,775.54,775.97,21320
1786974600,775.96,776,775.65,775.87,12153
1786974720,775.87,775.87,775.57,775.63,6700
1786974840,775.67,775.83,775.6,775.6,16122
1786974960,775.58,775.58,775.34,775.44,16028
1786975080,775.44,775.47,775.19,775.28,8783
1786975200,775.29,775.37,775.04,775.2,12389
1786975320,775.21,775.59,775.02,775.44,18942
1786975440,775.439,775.5,775.21,775.36,9380
1786975560,775.359,775.49,775.23,775.26,11275
1786975680,775.25,775.45,775.09,775.435,20287
1786975800,775.41,775.69,775.38,775.42,15981
1786975920,775.41,775.68,775.39,775.58,9107
1786976040,775.63,775.76,775.44,775.55,14467
1786976160,775.51,775.51,775.24,775.38,19960
1786976280,775.38,775.43,775.27,775.33,11373
1786976400,775.35,775.35,775.1,775.16,7374
1786976520,775.14,775.29,775.06,775.19,11949
1786976640,775.22,775.31,775.03,775.11,23367
1786976760,775.1,775.26,775.04,775.17,17943
1786976880,775.17,775.47,775,775.47,35415
1786977000,775.45,775.55,775.34,775.53,15341
1786977120,775.55,775.58,775.41,775.48,15357
1786977240,775.51,775.58,775.285,775.319,19137
1786977360,775.32,775.32,775.04,775.13,8203
1786977480,775.15,775.16,774.95,775.045,16576
1786977600,775.06,775.26,775.03,775.22,13875
1786977720,775.23,775.34,775.16,775.21,14479
1786977840,775.19,775.35,775.13,775.25,11747
1786977960,775.28,775.34,775.12,775.34,12930
1786978080,775.33,775.37,775.26,775.285,15726
1786978200,775.3,775.48,775.22,775.355,32001
1786978320,775.35,775.35,774.96,775.01,16806
1786978440,775.02,775.065,774.89,775.01,23627
1786978560,775.02,775.15,774.93,775.07,26671
1786978680,775.06,775.28,775.05,775.27,16507
1786978800,775.28,775.43,775.16,775.43,20817
1786978920,775.44,775.46,775.28,775.43,20547
1786979040,775.44,775.59,775.315,775.37,19453
1786979160,775.39,775.6,775.37,775.489,12435
1786979280,775.53,775.53,775.32,775.38,8920
1786979400,775.38,775.51,775.37,775.5,9586
1786979520,775.51,775.57,775.42,775.54,7324
1786979640,775.51,775.62,775.3,775.58,13749
1786979760,775.57,775.66,775.54,775.55,8063
1786979880,775.549,775.75,775.549,775.7,6559
1786980000,775.7,775.86,775.7,775.81,19369
1786980120,775.8,775.81,775.65,775.73,9588
1786980240,775.72,775.74,775.55,775.585,11308
1786980360,775.58,775.75,775.53,775.74,16557
1786980480,775.72,775.79,775.68,775.715,5177
1786980600,775.715,775.81,775.6,775.64,10385
1786980720,775.63,775.64,775.25,775.27,14852
1786980840,775.33,775.33,775.15,775.27,16797
1786980960,775.28,775.28,775.11,775.18,16984
1786981080,775.18,775.2,774.97,775.02,30610
1786981200,775.01,775.04,774.71,774.88,34346
1786981320,774.94,775.005,774.83,774.89,12454
1786981440,774.91,775.17,774.9,775.13,12484
1786981560,775.13,775.165,775.02,775.1,10009
1786981680,775.11,775.24,775.04,775.09,13867
1786981800,775.08,775.31,775.03,775.28,13952
1786981920,775.27,775.4,775.23,775.4,9320
1786982040,775.39,775.4,775.28,775.36,12835
1786982160,775.35,775.44,775.31,775.34,12836
1786982280,775.33,775.42,775.28,775.3,10363
1786982400,775.295,775.37,775.15,775.17,11292
1786982520,775.2,775.27,775.14,775.23,7831
1786982640,775.22,775.27,775.17,775.2,20579
1786982760,775.19,775.19,775.05,775.18,10410
1786982880,775.15,775.32,775.1,775.13,17485
1786983000,775.15,775.24,775.14,775.17,21653
1786983120,775.19,775.45,775.18,775.41,12437
1786983240,775.4,775.51,775.365,775.5,10567
1786983360,775.5,775.55,775.45,775.54,8395
1786983480,775.54,775.59,775.42,775.5,9774
1786983600,775.51,775.61,775.43,775.55,6500
1786983720,775.54,775.61,775.48,775.509,7457
1786983840,775.51,775.53,775.34,775.37,11491
1786983960,775.37,775.37,775.26,775.27,6959
1786984080,775.265,775.33,775.205,775.29,12087
1786984200,775.3,775.4,775.22,775.22,5340
1786984320,775.21,775.27,775.1,775.15,14562
1786984440,775.15,775.19,775.09,775.17,19138
1786984560,775.16,775.19,775.09,775.18,6621
1786984680,775.18,775.29,775.17,775.29,8425
1786984800,775.28,775.29,775.02,775.05,11241
1786984920,775.05,775.07,775.01,775.01,9710
1786985040,775.01,775.01,774.89,774.91,18112
1786985160,774.89,775.06,774.89,774.95,19312
1786985280,774.93,775.03,774.85,775.01,12209
1786985400,775,775.045,774.94,774.97,8902
1786985520,774.94,774.96,774.77,774.77,19653
1786985640,774.76,774.92,774.65,774.87,10334
1786985760,774.86,774.91,774.64,774.66,11661
1786985880,774.645,774.78,774.62,774.68,19006
1786986000,774.67,774.75,774.56,774.73,18209
1786986120,774.73,774.78,774.66,774.72,12305
1786986240,774.73,774.73,774.52,774.56,20991
1786986360,774.57,774.64,774.53,774.53,13845
1786986480,774.525,774.64,774.49,774.57,16196
1786986600,774.57,774.64,774.47,774.62,13273
1786986720,774.61,774.65,774.43,774.48,11672
1786986840,774.46,774.52,774.27,774.35,24024
1786986960,774.38,774.39,774.07,774.3,34911
1786987080,774.32,774.41,774.19,774.24,16161
1786987200,774.23,774.32,774.08,774.129,20433
1786987320,774.09,774.19,773.77,773.77,37257
1786987440,773.82,773.85,773.575,773.63,22306
1786987560,773.639,773.69,773.47,773.61,37349
1786987680,773.6,773.68,773.47,773.58,23428
1786987800,773.57,773.73,773.47,773.66,35101
1786987920,773.66,773.85,773.59,773.799,22295
1786988040,773.78,773.78,773.35,773.41,30054
1786988160,773.375,773.53,773.31,773.34,14087
1786988280,773.34,773.38,773.15,773.16,23320
1786988400,773.13,773.49,773.1,773.43,42634
1786988520,773.43,773.72,773.43,773.7,20020
1786988640,773.67,773.845,773.67,773.78,20683
1786988760,773.78,773.805,773.56,773.6,19073
1786988880,773.62,773.63,773.47,773.51,14807
1786989000,773.5,773.61,773.4,773.43,12153
1786989120,773.43,773.55,773.405,773.52,17888
1786989240,773.53,773.66,773.42,773.52,13337
1786989360,773.48,773.485,773.32,773.45,8310
1786989480,773.44,773.54,773.41,773.41,18025
1786989600,773.42,773.58,773.34,773.36,29798
1786989720,773.38,773.51,773.28,773.49,38857
1786989840,773.49,773.505,773.33,773.44,21888
1786989960,773.43,773.63,773.4,773.455,31768
1786990080,773.48,773.539,773.29,773.39,10170
1786990200,773.35,773.545,773.33,773.505,10996
1786990320,773.52,773.75,773.51,773.67,19982
1786990440,773.67,773.77,773.6,773.61,31122
1786990560,773.61,773.8,773.61,773.73,12847
1786990680,773.72,773.75,773.51,773.57,12423
1786990800,773.56,773.58,773.39,773.575,23701
1786990920,773.59,773.73,773.46,773.72,16782
1786991040,773.715,773.8,773.66,773.71,12823
1786991160,773.73,773.75,773.41,773.5,21405
1786991280,773.5,773.61,773.47,773.58,14743
1786991400,773.61,773.63,773.29,773.3,21093
1786991520,773.31,773.4,773.25,773.27,22737
1786991640,773.27,773.48,773.25,773.45,12655
1786991760,773.42,773.44,773.33,773.425,9497
1786991880,773.42,773.49,773.38,773.46,12682
1786992000,773.46,773.53,773.4,773.51,7887
1786992120,773.51,773.69,773.47,773.6,25725
1786992240,773.59,773.67,773.57,773.57,8792
1786992360,773.57,773.64,773.56,773.62,10380
1786992480,773.63,773.78,773.63,773.72,9527
1786992600,773.72,773.83,773.7,773.78,30079
1786992720,773.78,773.81,773.61,773.62,9026
1786992840,773.62,773.66,773.54,773.62,17256
1786992960,773.62,773.62,773.53,773.55,6421
1786993080,773.53,773.6,773.5,773.53,12524
1786993200,773.54,773.59,773.43,773.46,17970
1786993320,773.45,773.45,773.3,773.33,38903
1786993440,773.33,773.43,773.3,773.39,14981
1786993560,773.38,773.39,773.26,773.29,17969
1786993680,773.31,773.33,773.27,773.29,33393
1786993800,773.29,773.41,773.26,773.36,35454
1786993920,773.37,773.39,773.15,773.23,54557
1786994040,773.23,773.32,773.17,773.32,37814
1786994160,773.3,773.455,773.3,773.455,17339
1786994280,773.46,773.51,773.37,773.38,16021
1786994400,773.38,773.47,773.27,773.35,19865
1786994520,773.345,773.39,773.28,773.34,21838
1786994640,773.34,773.4,773.25,773.4,7844
1786994760,773.4,773.4,773.19,773.22,26644
1786994880,773.21,773.29,773.13,773.13,28544
1786995000,773.13,773.16,772.92,772.94,35698
1786995120,772.93,772.96,772.73,772.93,66539
1786995240,772.92,773.09,772.92,773.03,60695
1786995360,773.02,773.05,772.86,773,59957
1786995480,773,773.12,772.96,773.01,33556
1786995600,772.995,773.06,772.82,772.86,22711
1786995720,772.87,773,772.81,772.92,59778
1786995840,772.92,773.16,772.92,773.11,40315
1786995960,773.13,773.24,773.09,773.19,73122
1786996080,773.19,773.34,773.15,773.31,42205
1786996200,773.32,773.35,772.835,772.89,49382
1786996320,772.89,772.94,772.61,772.84,37505
1786996440,772.85,772.95,772.565,772.58,56543
1786996560,772.59,772.74,772.51,772.66,69153
1786996680,772.67,772.94,772.52,772.66,631652
1787059800,768.68,769.45,767.91,769.28,137773
1787059920,769.26,769.31,768.1,768.18,63816
1787060040,768.2,769.1,767.96,768.58,66682
1787060160,768.56,769.03,768.3,768.46,41824
1787060280,768.45,769.19,768.35,769.13,45704
1787060400,769.11,769.5,768.95,769.41,50862
1787060520,769.401,769.45,768.97,769.08,34035
1787060640,769.08,769.2,768.43,768.95,65476
1787060760,768.96,769,768.53,768.75,47258
1787060880,768.75,769.08,768.37,768.445,34098
1787061000,768.45,768.81,768.255,768.43,29070
1787061120,768.44,768.63,768.21,768.36,19771
1787061240,768.35,768.64,768.13,768.17,20052
1787061360,768.2,768.84,768.17,768.52,23469
1787061480,768.54,768.74,768.35,768.52,20353
1787061600,768.49,768.57,768.18,768.57,28840
1787061720,768.52,769.27,768.5,768.85,42614
1787061840,768.86,769.01,768.47,768.479,22926
1787061960,768.51,769.21,768.45,769.11,25113
1787062080,769.045,769.045,768.55,768.57,28710
1787062200,768.52,768.57,767.8,767.87,59012
1787062320,767.86,768.041,767.64,767.95,50366
1787062440,767.97,768.56,767.82,768.55,41755
1787062560,768.55,768.68,768.19,768.24,38335
1787062680,768.235,768.82,768.22,768.58,22281
1787062800,768.565,768.8,768.22,768.22,22127
1787062920,768.22,768.54,768.09,768.54,29579
1787063040,768.51,768.98,768.33,768.94,39380
1787063160,768.92,769.08,768.71,768.9,42559
1787063280,768.92,768.92,768.55,768.66,18251
1787063400,768.64,769.12,768.58,768.94,26649
1787063520,768.96,769.25,768.81,769.11,24697
1787063640,769.09,769.19,768.73,768.98,11705
1787063760,769,769.12,768.92,768.995,18534
1787063880,768.97,769.15,768.91,769.09,15086
1787064000,769.085,769.2,768.83,768.87,20271
1787064120,768.87,768.89,768.52,768.62,16112
1787064240,768.58,768.58,768.29,768.29,28789
1787064360,768.25,768.56,768.18,768.38,17645
1787064480,768.371,768.585,768.29,768.47,16562
1787064600,768.48,768.785,768.38,768.7,20760
1787064720,768.69,768.8,767.92,768.16,55211
1787064840,768.17,768.2,767.87,768.05,34675
1787064960,768.02,768.08,767.77,767.9,22447
1787065080,767.91,767.94,767.72,767.93,30470
1787065200,767.93,768.03,767.41,767.55,22049
1787065320,767.52,768.11,767.48,768.05,19497
1787065440,768.04,768.38,767.99,768.22,23918
1787065560,768.17,768.31,768.075,768.26,14225
1787065680,768.25,768.25,767.735,767.77,17360
1787065800,767.77,767.92,767.64,767.83,15712
1787065920,767.84,767.9,767.67,767.76,10161
1787066040,767.77,767.88,767.64,767.73,16530
1787066160,767.74,767.87,767.59,767.59,19894
1787066280,767.58,767.82,767.45,767.45,23490
1787066400,767.45,767.58,767.37,767.5,21240
1787066520,767.47,767.7,767.33,767.68,18948
1787066640,767.69,767.71,767.42,767.48,16346
1787066760,767.49,767.7,767.46,767.65,12393
1787066880,767.639,768.04,767.639,767.859,17575
1787067000,767.84,768.18,767.76,767.9,34672
1787067120,767.94,768.08,767.74,767.925,13560
1787067240,767.91,768.05,767.65,767.72,10356
1787067360,767.71,767.82,767.6,767.77,13396
1787067480,767.78,767.9,767.76,767.83,5941
1787067600,767.81,768.155,767.69,768.14,20027
1787067720,768.16,768.26,767.99,768,14948
1787067840,767.99,768.33,767.95,768.33,11058
1787067960,768.33,768.51,768.24,768.47,40295
1787068080,768.48,768.57,768.34,768.39,12530
1787068200,768.37,768.39,768.1,768.26,15051
1787068320,768.23,768.63,768.215,768.47,9575
1787068440,768.47,768.565,768.36,768.38,7732
1787068560,768.4,768.4,768.1,768.11,3319
1787068680,768.13,768.37,768.08,768.35,8088
1787068800,768.35,768.56,768.29,768.41,14147
1787068920,768.41,768.61,768.41,768.52,11997
1787069040,768.55,768.69,768.48,768.62,12164
1787069160,768.6,768.6,768.24,768.49,8159
1787069280,768.5,768.57,768.34,768.399,10457
1787069400,768.4,768.69,768.4,768.68,9790
1787069520,768.62,768.73,768.56,768.66,7107
1787069640,768.68,768.7,768.4,768.42,6468
1787069760,768.45,768.47,768.33,768.43,7961
1787069880,768.411,768.44,768.24,768.31,5008
1787070000,768.31,768.7,768.31,768.651,7871
1787070120,768.65,768.87,768.55,768.685,11707
1787070240,768.69,768.69,768.51,768.67,11003
1787070360,768.67,768.71,768.31,768.33,4634
1787070480,768.3,768.31,768.16,768.21,5472
1787070600,768.205,768.34,768.085,768.15,9552
1787070720,768.13,768.33,768.12,768.23,7423
1787070840,768.24,768.42,768.17,768.25,8554
1787070960,768.255,768.36,768.19,768.34,8101
1787071080,768.34,768.56,768.34,768.46,7540
1787071200,768.45,768.59,768.389,768.47,4274
1787071320,768.47,768.49,768.19,768.255,7653
1787071440,768.25,768.43,768.2,768.22,7591
1787071560,768.215,768.65,768.21,768.59,15135
1787071680,768.58,768.83,768.58,768.78,7799
1787071800,768.77,768.82,768.66,768.78,14430
1787071920,768.78,768.84,768.649,768.84,8810
1787072040,768.79,768.87,768.65,768.65,26129
1787072160,768.67,768.73,768.64,768.67,3785
1787072280,768.68,768.75,768.62,768.64,5846
1787072400,768.62,768.63,768.4,768.4,17760
1787072520,768.39,768.68,768.37,768.67,23318
1787072640,768.68,768.7,768.55,768.57,8135
1787072760,768.55,768.64,768.45,768.48,12028
1787072880,768.48,768.77,768.48,768.77,12942
1787073000,768.76,768.81,768.52,768.52,8381
1787073120,768.5,768.72,768.49,768.61,11881
1787073240,768.62,768.69,768.45,768.45,7845
1787073360,768.44,768.44,768.35,768.41,11847
1787073480,768.41,768.41,768.28,768.3,8038
1787073600,768.3,768.54,768.28,768.49,9412
1787073720,768.47,768.48,768.3,768.31,10026
1787073840,768.31,768.34,768.09,768.09,16375
1787073960,768.08,768.18,768.08,768.13,8313
1787074080,768.11,768.33,768.11,768.31,14258
1787074200,768.29,768.34,768.1,768.3,7535
1787074320,768.29,768.385,768.21,768.29,6384
1787074440,768.3,768.33,768.1,768.21,6618
1787074560,768.21,768.24,768.02,768.1,7922
1787074680,768.1,768.39,768.09,768.229,11380
1787074800,768.215,768.299,768.05,768.12,8601
1787074920,768.15,768.21,768.11,768.12,5201
1787075040,768.1,768.2,768.06,768.09,2975
1787075160,768.12,768.14,768,768.04,7138
1787075280,768.04,768.08,768,768.01,8976
1787075400,768.02,768.06,767.95,768.05,5839
1787075520,768.05,768.18,768.01,768.12,7320
1787075640,768.12,768.14,767.92,767.985,5115
1787075760,767.99,768,767.78,767.8,14684
1787075880,767.8,767.82,767.61,767.62,24437
1787076000,767.62,767.66,767.54,767.62,30110
1787076120,767.61,767.73,767.56,767.59,25475
1787076240,767.58,767.75,767.55,767.56,11434
1787076360,767.53,767.64,767.5,767.61,11697
1787076480,767.62,767.67,767.45,767.51,15069
1787076600,767.5,767.62,767.47,767.55,12397
1787076720,767.56,768.03,767.52,767.99,16022
1787076840,767.98,768.22,767.97,768.15,19145
1787076960,768.14,768.21,768.09,768.21,6808
1787077080,768.21,768.43,768.19,768.41,13527
1787077200,768.4,768.48,768.25,768.48,9796
1787077320,768.47,768.565,768.24,768.25,21815
1787077440,768.25,768.3,768.13,768.16,8538
1787077560,768.14,768.31,768.11,768.25,11871
1787077680,768.26,768.39,768.26,768.36,10632
1787077800,768.37,768.4,768.3,768.38,11450
1787077920,768.37,768.38,768.18,768.18,14522
1787078040,768.17,768.41,768.15,768.38,27855
1787078160,768.38,768.43,768.31,768.39,9929
1787078280,768.4,768.42,768.29,768.31,5996
1787078400,768.31,768.36,768.11,768.16,12857
1787078520,768.15,768.35,768.15,768.22,12326
1787078640,768.22,768.22,768.05,768.11,11631
1787078760,768.12,768.19,768.04,768.18,16099
1787078880,768.19,768.2,768.03,768.06,12115
1787079000,768.05,768.09,767.95,767.96,16971
1787079120,767.97,767.98,767.86,767.87,21700
1787079240,767.88,767.91,767.71,767.8,12711
1787079360,767.8,767.91,767.75,767.8,11930
1787079480,767.81,767.82,767.685,767.7,32152
1787079600,767.69,767.83,767.61,767.8,11255
1787079720,767.79,767.87,767.73,767.82,31881
1787079840,767.81,767.83,767.65,767.71,12237
1787079960,767.7,767.85,767.66,767.78,11405
1787080080,767.78,767.95,767.77,767.82,8829
1787080200,767.83,767.92,767.7,767.71,14470
1787080320,767.7,767.729,767.57,767.65,17917
1787080440,767.65,767.74,767.56,767.67,11374
1787080560,767.66,767.81,767.64,767.7,11987
1787080680,767.69,767.86,767.67,767.86,11177
1787080800,767.86,767.87,767.76,767.83,12597
1787080920,767.81,768.03,767.8,767.97,14379
1787081040,767.98,768.14,767.95,768.1,13803
1787081160,768.09,768.15,768.05,768.1,18956
1787081280,768.11,768.185,768.005,768.02,17313
1787081400,768.02,768.21,767.97,768.01,18334
1787081520,768.01,768.11,767.92,767.95,20769
1787081640,767.96,767.96,767.85,767.87,23324
1787081760,767.89,768,767.86,767.97,25181
1787081880,767.96,768.06,767.9,767.96,13032
1787082000,767.95,767.97,767.75,767.81,24964
1787082120,767.81,767.92,767.73,767.87,26073
1787082240,767.88,767.96,767.86,767.89,36414
1787082360,767.9,767.95,767.71,767.71,64146
1787082480,767.72,767.94,767.65,767.89,56594
1787082600,767.89,767.93,767.68,767.71,54620
1787082720,767.7,767.78,767.52,767.6,48590
1787082840,767.6,767.65,767.275,767.46,110598
1787082960,767.46,767.47,767.24,767.24,126145
1787083080,767.24,767.645,766.92,767.38,572664
1787146200,770.35,770.63,770.12,770.38,95184
1787146320,770.4,770.61,769.86,769.94,30830
1787146440,770.01,770.23,769.82,770.17,29011
1787146560,770.12,770.2,769.59,769.94,37237
1787146680,769.925,770.01,769.41,769.53,30400
1787146800,769.5,769.64,769.26,769.34,26685
1787146920,769.39,770.26,769.31,770.17,19483
1787147040,770.14,770.5,770.05,770.28,20483
1787147160,770.32,770.6,769.81,769.93,16489
1787147280,769.87,770.02,768.36,768.53,59741
1787147400,768.58,768.98,768.1,768.35,46542
1787147520,768.35,769.44,768.3,769.32,43708
1787147640,769.325,770.15,769.22,769.99,28874
1787147760,770,770.31,769.8,770.25,20172
1787147880,770.24,770.37,769.93,770.03,14895
1787148000,769.98,770.26,769.62,769.84,20393
1787148120,769.89,769.93,769.58,769.62,29259
1787148240,769.62,770.02,769.6,769.7,10959
1787148360,769.84,769.95,769.53,769.69,20401
1787148480,769.71,769.89,769.5,769.801,13943
1787148600,769.79,769.96,769.11,769.15,38244
1787148720,769.15,769.53,768.99,769.46,35962
1787148840,769.45,769.45,768.72,769.29,32224
1787148960,769.26,769.85,769.11,769.78,31310
1787149080,769.8,770.13,769.67,769.79,26653
1787149200,769.759,770.17,769.5,769.66,15615
1787149320,769.65,769.8,769.38,769.71,10644
1787149440,769.7,769.8,769.21,769.25,16645
1787149560,769.31,769.75,769.23,769.71,23653
1787149680,769.7,770.06,769.62,770.02,19472
1787149800,770.02,770.3,769.825,770.27,13930
1787149920,770.27,770.45,770.12,770.31,23252
1787150040,770.31,770.51,770.04,770.5,14691
1787150160,770.52,770.85,770.4,770.85,31952
1787150280,770.89,771.29,770.87,771.14,27159
1787150400,771.15,771.33,771,771.01,23906
1787150520,771.01,771.2,770.83,771.049,14352
1787150640,771.04,771.22,770.99,771.19,31839
1787150760,771.18,771.29,771.03,771.15,12969
1787150880,771.15,771.2,770.67,770.76,13310
1787151000,770.74,771.16,770.72,770.92,13238
1787151120,770.96,771.4,770.87,771.4,16143
1787151240,771.41,771.61,771.31,771.4,22141
1787151360,771.43,771.88,771.43,771.7,15477
1787151480,771.71,772.24,771.66,772.2,23398
1787151600,772.2,772.47,772.04,772.23,32469
1787151720,772.22,772.24,772.03,772.11,14134
1787151840,772.12,772.25,772.01,772.139,10471
1787151960,772.2,772.22,771.89,771.94,16811
1787152080,771.95,771.95,771.5,771.52,12621
1787152200,771.54,771.66,771.5,771.59,9176
1787152320,771.62,771.94,771.6,771.83,12653
1787152440,771.84,771.84,771.41,771.44,9261
1787152560,771.44,771.71,771.44,771.6,8258
1787152680,771.58,771.62,771.43,771.51,15142
1787152800,771.47,771.54,771.25,771.25,15313
1787152920,771.25,771.6,771.25,771.515,8260
1787153040,771.47,771.51,770.9,771.06,25919
1787153160,771.055,771.17,770.91,771.03,18927
1787153280,771.05,771.25,770.945,771.09,18642
1787153400,771.11,771.18,770.94,770.94,15344
1787153520,770.945,771.04,770.87,770.87,8529
1787153640,770.869,770.91,770.67,770.74,15637
1787153760,770.73,770.85,770.39,770.741,18996
1787153880,770.73,770.78,770.51,770.54,8778
1787154000,770.53,770.53,770.09,770.17,22636
1787154120,770.17,770.4,770.1,770.28,28050
1787154240,770.28,770.515,770.24,770.49,18437
1787154360,770.499,770.71,770.45,770.56,12492
1787154480,770.54,770.88,770.38,770.38,10405
1787154600,770.44,770.54,770.24,770.39,21860
1787154720,770.38,770.43,770.205,770.23,8962
1787154840,770.25,770.31,770.07,770.28,21367
1787154960,770.23,770.36,770.14,770.27,7223
1787155080,770.27,770.64,770.225,770.62,13210
1787155200,770.63,770.94,770.44,770.92,14071
1787155320,770.93,771.19,770.91,771.15,11532
1787155440,771.11,771.33,771.11,771.3,11693
1787155560,771.33,771.53,771.23,771.53,14901
1787155680,771.54,771.6,771.38,771.51,10880
1787155800,771.52,771.65,771.47,771.61,19752
1787155920,771.57,771.65,771.51,771.56,8610
1787156040,771.58,771.77,771.44,771.75,13439
1787156160,771.755,771.9,771.69,771.78,24780
1787156280,771.79,771.98,771.72,771.839,26564
1787156400,771.82,771.85,771.52,771.55,9440
1787156520,771.59,771.6,771.45,771.48,10737
1787156640,771.48,771.53,771.18,771.18,7167
1787156760,771.195,771.28,771.01,771.12,10278
1787156880,771.11,771.17,770.67,770.675,12957
1787157000,770.65,770.66,770.42,770.59,21536
1787157120,770.59,770.72,770.47,770.69,17648
1787157240,770.66,770.76,770.335,770.34,16536
1787157360,770.33,770.51,770.29,770.43,10905
1787157480,770.41,770.7,770.41,770.52,11901
1787157600,770.53,770.54,770.28,770.49,13158
1787157720,770.46,770.49,770.25,770.33,8930
1787157840,770.34,770.48,770.235,770.26,10337
1787157960,770.26,770.41,770.25,770.31,4374
1787158080,770.34,770.45,770.12,770.18,11325
1787158200,770.18,770.18,769.85,769.961,21058
1787158320,769.97,770.06,769.77,769.77,8441
1787158440,769.77,769.89,769.67,769.79,18551
1787158560,769.79,769.815,769.515,769.52,16541
1787158680,769.52,769.81,769.5,769.7,16654
1787158800,769.69,769.96,769.6,769.89,14937
1787158920,769.92,770.11,769.74,769.95,19705
1787159040,769.94,770.22,769.84,770.16,14838
1787159160,770.15,770.15,769.75,769.75,7077
1787159280,769.705,769.85,769.46,769.53,8421
1787159400,769.53,769.76,769.53,769.68,7388
1787159520,769.69,770.06,769.68,769.9,15195
1787159640,769.87,769.96,769.8,769.82,7915
1787159760,769.79,769.97,769.75,769.89,4989
1787159880,769.89,769.92,769.48,769.48,7626
1787160000,769.47,769.51,769.1,769.11,30258
1787160120,769.12,769.42,769.02,769.36,26076
1787160240,769.32,769.37,769.23,769.26,5849
1787160360,769.23,769.5,769.23,769.42,7568
1787160480,769.43,769.66,769.42,769.57,7430
1787160600,769.6,769.66,769.36,769.36,11431
1787160720,769.34,769.38,769.2,769.32,7837
1787160840,769.32,769.41,769.16,769.3,18989
1787160960,769.34,769.47,769.24,769.24,7053
1787161080,769.26,769.35,769.2,769.24,7966
1787161200,769.25,769.47,769.25,769.45,6289
1787161320,769.465,769.75,769.46,769.67,18739
1787161440,769.65,769.75,769.54,769.715,4515
1787161560,769.73,769.79,769.595,769.629,7890
1787161680,769.6,769.73,769.51,769.54,8918
1787161800,769.56,769.74,769.47,769.74,6311
1787161920,769.74,769.88,769.62,769.83,8546
1787162040,769.84,769.84,769.52,769.55,11285
1787162160,769.54,769.62,769.41,769.44,16848
1787162280,769.449,769.56,769.38,769.53,9080
1787162400,769.53,770.14,769.42,770.13,21431
1787162520,770.14,770.55,770.08,770.38,27121
1787162640,770.4,770.4,769.8,769.83,7946
1787162760,769.83,769.87,769.1,769.27,22476
1787162880,769.28,769.3,768.96,769.001,23342
1787163000,768.98,769.41,768.98,769.39,10247
1787163120,769.39,769.71,769.32,769.49,10909
1787163240,769.46,769.59,769.255,769.28,9964
1787163360,769.28,769.35,769.06,769.06,10262
1787163480,769.07,769.43,769.07,769.31,9563
1787163600,769.26,769.48,769.21,769.46,4297
1787163720,769.44,769.46,769.23,769.34,10330
1787163840,769.35,769.46,769.215,769.46,18945
1787163960,769.465,769.47,769.3,769.39,9322
1787164080,769.39,769.6,769.35,769.57,8077
1787164200,769.565,769.99,769.565,769.83,22500
1787164320,769.84,769.89,769.71,769.74,11281
1787164440,769.74,770.01,769.71,769.86,7634
1787164560,769.865,769.88,769.74,769.74,6663
1787164680,769.74,769.89,769.68,769.82,6784
1787164800,769.765,770.09,769.765,770.01,11417
1787164920,769.97,769.99,769.83,769.88,9733
1787165040,769.9,769.9,769.69,769.73,8785
1787165160,769.75,769.76,769.59,769.73,8569
1787165280,769.74,769.84,769.62,769.82,19662
1787165400,769.83,769.86,769.67,769.71,30763
1787165520,769.7,769.74,769.49,769.65,31508
1787165640,769.65,769.73,769.62,769.7,11320
1787165760,769.68,769.7,769.51,769.51,9807
1787165880,769.52,769.69,769.485,769.51,7029
1787166000,769.53,769.8,769.43,769.72,14597
1787166120,769.69,769.74,769.49,769.61,11560
1787166240,769.61,769.66,769.51,769.55,6432
1787166360,769.59,769.7,769.53,769.7,9680
1787166480,769.71,769.98,769.71,769.9,11240
1787166600,769.9,769.95,769.8,769.86,7164
1787166720,769.84,769.95,769.75,769.8,5868
1787166840,769.77,769.81,769.65,769.74,8023
1787166960,769.75,769.81,769.6,769.7,28466
1787167080,769.725,770,769.69,770,10917
1787167200,770.01,770.02,769.68,769.69,25567
1787167320,769.7,769.9,769.695,769.9,10210
1787167440,769.905,770.01,769.86,769.89,19999
1787167560,769.885,770.01,769.84,769.87,48052
1787167680,769.86,769.92,769.58,769.63,40216
1787167800,769.67,770.04,769.61,770,21920
1787167920,770.02,770.38,769.96,770.18,36147
1787168040,770.2,770.25,769.7,769.78,38719
1787168160,769.78,769.81,769.25,769.31,71794
1787168280,769.29,769.48,769.17,769.175,35709
1787168400,769.17,769.39,769.13,769.26,17115
1787168520,769.24,769.25,769,769.09,22975
1787168640,769.1,769.125,768.855,768.855,39658
1787168760,768.88,768.89,768.55,768.81,47786
1787168880,768.8,769,768.67,768.74,24401
1787169000,768.74,768.74,768.3,768.44,39633
1787169120,768.44,768.71,768.31,768.6,32102
1787169240,768.58,768.86,768.2,768.285,107389
1787169360,768.28,768.72,768.24,768.72,111421
1787169480,768.73,769.09,768.48,769.08,448442
1787232600,765.94,766.73,765.88,766.58,72177
1787232720,766.6,766.86,766.32,766.86,22882
1787232840,766.82,767.67,766.66,767.54,54719
1787232960,767.56,767.72,767.2,767.23,56083
1787233080,767.23,767.43,766.96,767.3,53441
1787233200,767.245,767.4,766.65,767.21,41639
1787233320,767.24,767.69,767.17,767.69,14807
1787233440,767.67,767.74,767.055,767.061,35070
1787233560,767.18,767.39,766.93,767.03,18726
1787233680,767.06,767.19,766.62,767.14,36437
1787233800,767.16,767.27,766.65,766.77,34957
1787233920,766.69,766.93,766.44,766.5,41160
1787234040,766.495,767.2,766.45,767.2,24250
1787234160,767.21,767.31,766.25,766.25,28311
1787234280,766.26,766.67,766.19,766.565,19806
1787234400,766.535,766.92,766.48,766.64,22844
1787234520,766.625,766.73,766.07,766.23,20423
1787234640,766.21,766.36,765.87,766.07,16356
1787234760,766.09,766.57,765.94,766.37,31845
1787234880,766.39,766.64,765.89,766.63,34173
1787235000,766.68,766.74,766.21,766.265,43272
1787235120,766.3,766.52,766.07,766.12,32734
1787235240,766.17,766.29,765.62,765.66,24077
1787235360,765.62,765.8,765.39,765.62,49764
1787235480,765.6,765.84,765.43,765.44,30957
1787235600,765.4,766.41,765.35,766.09,22056
1787235720,766.1,766.91,765.77,766.9,35867
1787235840,766.9,766.91,766.53,766.59,22298
1787235960,766.62,766.71,766.02,766.13,13706
1787236080,766.15,766.49,765.99,766.24,14340
1787236200,766.205,766.55,766.01,766.425,17857
1787236320,766.45,766.69,766.22,766.65,11722
1787236440,766.61,766.81,765.96,766.28,14664
1787236560,766.31,766.87,766.25,766.65,16055
1787236680,766.62,767.16,766.535,766.97,14233
1787236800,766.94,767.055,766.57,766.585,12349
1787236920,766.6,767.25,766.6,767.1,25273
1787237040,767.12,767.41,767.12,767.28,23191
1787237160,767.3,767.49,766.96,766.97,22488
1787237280,766.98,767.01,766.62,766.75,31443
1787237400,766.74,766.9,766.6,766.895,12010
1787237520,766.89,767.25,766.78,767.04,21351
1787237640,767.04,767.079,766.67,766.9,15429
1787237760,766.89,766.89,766.48,766.82,35149
1787237880,766.81,767.22,766.57,767.2,11774
1787238000,767.17,768.03,767.14,767.889,41082
1787238120,767.86,768.14,767.55,768.14,42577
1787238240,768.15,768.15,767.22,767.24,32750
1787238360,767.21,767.3,766.93,766.93,32818
1787238480,767.02,767.14,766.36,766.56,30097
1787238600,766.52,766.68,766.059,766.36,27075
1787238720,766.36,766.96,766.16,766.955,27975
1787238840,766.95,767,766.51,766.68,21298
1787238960,766.68,766.87,766.4,766.78,13336
1787239080,766.72,767.08,766.625,766.8,17890
1787239200,766.73,766.8,766.2,766.25,17731
1787239320,766.28,766.34,766.04,766.07,22331
1787239440,766.08,766.39,765.99,766.14,49298
1787239560,766.15,766.55,766.08,766.54,20853
1787239680,766.5,766.8,766.44,766.73,24856
1787239800,766.74,766.87,766.44,766.55,12184
1787239920,766.49,766.61,765.88,765.98,10231
1787240040,766.01,766.07,765.76,765.76,19854
1787240160,765.75,766.12,765.67,765.97,19599
1787240280,765.9,765.99,765.55,765.56,21691
1787240400,765.55,765.67,765.47,765.57,25016
1787240520,765.59,765.85,765.43,765.51,19851
1787240640,765.49,765.54,765.31,765.43,15916
1787240760,765.46,765.61,765.22,765.61,20678
1787240880,765.59,765.72,765.53,765.54,28640
1787241000,765.545,765.89,765.44,765.89,22147
1787241120,765.96,766.025,765.72,765.739,14886
1787241240,765.74,766.02,765.72,765.94,22630
1787241360,765.92,765.94,765.71,765.72,16131
1787241480,765.75,765.85,765.62,765.84,14275
1787241600,765.86,765.9,765.5,765.56,18186
1787241720,765.55,766.08,765.53,765.88,19466
1787241840,765.84,765.96,765.55,765.6,14141
1787241960,765.61,765.71,765.53,765.6,7849
1787242080,765.66,766.01,765.57,766.01,8279
1787242200,766,766.08,765.73,766,11610
1787242320,765.98,765.98,765.48,765.5,10933
1787242440,765.5,765.59,765.47,765.54,18543
1787242560,765.56,765.59,765.46,765.57,11824
1787242680,765.56,765.66,765.49,765.63,11521
1787242800,765.61,765.71,765.47,765.64,21585
1787242920,765.63,766.01,765.51,765.81,16734
1787243040,765.79,766.07,765.79,765.93,14933
1787243160,766.01,766.01,765.74,765.74,11561
1787243280,765.74,765.87,765.635,765.75,12599
1787243400,765.74,765.76,765.37,765.41,9897
1787243520,765.41,765.82,765.41,765.76,11394
1787243640,765.74,766.14,765.74,766.14,14752
1787243760,766.11,766.38,766.06,766.21,11753
1787243880,766.21,766.38,766.16,766.29,12596
1787244000,766.32,766.51,766.28,766.37,17842
1787244120,766.42,766.45,766.3,766.37,16169
1787244240,766.31,766.63,766.27,766.39,26454
1787244360,766.39,766.62,766.39,766.545,22490
1787244480,766.54,766.59,766.36,766.37,15801
1787244600,766.37,766.62,766.28,766.29,13422
1787244720,766.31,766.32,766.15,766.2,9413
1787244840,766.15,766.23,766.11,766.14,12755
1787244960,766.125,766.34,766.02,766.12,15453
1787245080,766.15,766.49,766.06,766.42,32494
1787245200,766.4,766.42,766.05,766.07,14839
1787245320,766.06,766.2,765.96,765.97,14861
1787245440,766,766.08,765.87,765.96,14790
1787245560,765.96,765.97,765.72,765.73,16718
1787245680,765.77,765.77,765.6,765.72,17255
1787245800,765.69,765.75,765.61,765.74,15280
1787245920,765.74,765.83,765.64,765.65,15127
1787246040,765.595,765.61,765.28,765.3,13575
1787246160,765.31,765.31,764.95,765.05,30621
1787246280,765.04,765.16,764.85,764.85,28832
1787246400,764.829,765.08,764.79,764.99,30314
1787246520,765,765.25,765,765.14,18468
1787246640,765.15,765.24,764.92,764.93,19488
1787246760,764.93,764.99,764.71,764.74,17323
1787246880,764.75,764.88,764.72,764.78,23078
1787247000,764.79,764.88,764.67,764.84,18114
1787247120,764.85,764.89,764.68,764.69,15119
1787247240,764.69,764.77,764.56,764.65,16218
1787247360,764.67,764.72,764.31,764.43,20385
1787247480,764.41,764.59,764.37,764.49,12925
1787247600,764.46,764.51,764.29,764.31,13678
1787247720,764.28,764.39,764.23,764.3,11510
1787247840,764.29,764.63,764.29,764.63,15970
1787247960,764.57,764.71,764.54,764.71,16381
1787248080,764.72,764.84,764.67,764.74,15511
1787248200,764.73,765.02,764.7,764.9,17451
1787248320,764.89,764.91,764.73,764.84,19799
1787248440,764.85,764.87,764.61,764.73,15872
1787248560,764.71,764.82,764.67,764.81,10113
1787248680,764.81,764.84,764.52,764.54,13049
1787248800,764.5,764.54,764.21,764.27,26686
1787248920,764.26,764.28,764.02,764.12,33368
1787249040,764.09,764.16,763.7,763.87,32128
1787249160,763.83,763.97,763.64,763.68,20588
1787249280,763.69,763.75,763.59,763.72,20531
1787249400,763.72,763.72,763.34,763.525,33981
1787249520,763.53,763.77,763.48,763.61,18123
1787249640,763.61,763.68,763.38,763.46,30072
1787249760,763.45,763.47,763.15,763.38,35983
1787249880,763.39,763.71,763.36,763.69,23067
1787250000,763.69,763.88,763.69,763.81,22668
1787250120,763.79,763.95,763.73,763.75,22122
1787250240,763.76,763.835,763.49,763.535,15855
1787250360,763.52,763.59,763.45,763.51,12748
1787250480,763.5,763.72,763.47,763.56,19931
1787250600,763.565,763.62,763.46,763.52,18123
1787250720,763.51,763.54,763.3,763.3,22590
1787250840,763.31,763.46,763.26,763.37,14955
1787250960,763.37,763.62,763.34,763.545,25246
1787251080,763.55,763.59,763.41,763.42,19642
1787251200,763.41,763.45,763.22,763.33,23535
1787251320,763.34,763.605,763.34,763.53,18921
1787251440,763.53,763.61,763.44,763.54,21827
1787251560,763.52,763.68,763.4,763.675,21697
1787251680,763.67,763.84,763.62,763.72,31923
1787251800,763.7,763.77,763.58,763.68,30453
1787251920,763.69,763.7,763.52,763.54,19610
1787252040,763.54,763.76,763.53,763.58,23576
1787252160,763.6,763.63,763.45,763.49,17056
1787252280,763.5,763.5,763.24,763.24,21391
1787252400,763.25,763.4,763.2,763.24,40312
1787252520,763.24,763.42,763.18,763.33,18837
1787252640,763.34,763.53,763.27,763.53,19230
1787252760,763.5,763.69,763.49,763.62,33237
1787252880,763.62,763.71,763.58,763.62,18089
1787253000,763.64,763.67,763.39,763.47,20424
1787253120,763.48,763.57,763.42,763.57,24445
1787253240,763.56,763.78,763.52,763.74,28897
1787253360,763.72,763.79,763.45,763.46,16140
1787253480,763.455,763.54,763.26,763.32,18128
1787253600,763.36,763.37,763.23,763.33,21413
1787253720,763.34,763.68,763.34,763.58,33590
1787253840,763.56,763.75,763.52,763.64,43774
1787253960,763.625,763.7,763.52,763.58,19583
1787254080,763.56,763.58,763.45,763.49,21376
1787254200,763.49,763.505,763.22,763.27,33476
1787254320,763.27,763.36,763.19,763.2,38201
1787254440,763.19,763.29,763.04,763.29,99608
1787254560,763.295,763.54,763.24,763.35,32315
1787254680,763.37,763.65,763.37,763.49,34060
1787254800,763.5,763.55,763.34,763.38,35682
1787254920,763.37,763.37,763.13,763.13,40551
1787255040,763.13,763.13,762.8,763.01,66683
1787255160,763.01,763.08,762.82,762.99,63710
1787255280,762.98,763.4,762.97,763.37,61088
1787255400,763.37,763.43,763.08,763.36,80526
1787255520,763.36,763.42,763.16,763.23,50887
1787255640,763.22,763.27,762.36,762.495,140827
1787255760,762.5,762.5,762.16,762.24,141583
1787255880,762.25,762.725,762.04,762.63,615530
1787319000,766.05,766.1,765.16,765.32,95715
1787319120,765.32,765.57,764.86,764.99,46337
1787319240,765.01,765.16,764.62,764.82,50120
1787319360,764.81,765.175,764.68,765.14,44017
1787319480,765.14,765.19,764.635,765.09,50109
1787319600,765.105,765.27,765,765.11,34612
1787319720,765.08,765.25,764.8,764.84,18305
1787319840,764.85,765.42,764.82,765.13,32320
1787319960,765.14,765.31,764.82,764.99,35602
1787320080,764.99,765.13,764.69,764.97,28059
1787320200,764.97,765.24,764.73,764.78,16571
1787320320,764.8,764.8,764.43,764.45,24504
1787320440,764.43,764.64,764.18,764.43,19040
1787320560,764.43,764.81,764.4,764.59,16590
1787320680,764.57,764.76,764.31,764.55,24369
1787320800,764.53,764.91,764.53,764.82,16827
1787320920,764.8,764.85,764.56,764.7,8375
1787321040,764.7,765.285,764.67,765.285,20313
1787321160,765.27,765.54,765.16,765.23,29394
1787321280,765.23,765.41,765.16,765.25,15131
1787321400,765.26,765.45,765.11,765.26,17321
1787321520,765.26,765.27,764.71,764.85,11573
1787321640,764.83,764.95,764.62,764.93,20221
1787321760,764.94,765.05,764.66,764.84,19412
1787321880,764.83,764.89,764.58,764.63,20453
1787322000,764.625,764.73,764.46,764.66,21702
1787322120,764.64,765.15,764.64,765.06,17618
1787322240,765.08,765.19,764.7,765.01,14113
1787322360,764.98,765.06,764.885,764.91,18700
1787322480,764.92,765.1,764.62,764.65,20163
1787322600,764.649,764.87,764.64,764.84,13951
1787322720,764.79,764.82,764.589,764.59,7906
1787322840,764.595,764.76,764.34,764.349,15625
1787322960,764.349,764.495,764.22,764.36,17407
1787323080,764.28,764.61,764.28,764.379,21101
1787323200,764.37,764.61,764.22,764.22,14669
1787323320,764.25,764.85,764.22,764.78,16150
1787323440,764.72,764.745,764.515,764.73,10606
1787323560,764.705,764.97,764.62,764.73,9651
1787323680,764.725,765.085,764.72,765.03,21491
1787323800,765.02,765.12,764.91,765.01,11154
1787323920,764.95,765.3,764.9,765.105,12850
1787324040,765.09,765.39,764.89,765.36,9297
1787324160,765.37,765.69,765.28,765.57,21373
1787324280,765.57,765.83,765.49,765.815,19490
1787324400,765.81,766.13,765.75,765.87,64045
1787324520,765.85,766.22,765.75,766.16,23024
1787324640,766.16,766.4,766.06,766.16,50850
1787324760,766.16,766.41,766.1,766.13,10857
1787324880,766.14,766.22,765.81,765.839,14920
1787325000,765.86,766.05,765.81,765.98,9908
1787325120,765.98,766,765.81,765.94,8147
1787325240,765.94,765.97,765.68,765.78,14958
1787325360,765.78,765.805,765.59,765.675,18363
1787325480,765.67,765.78,765.55,765.57,9734
1787325600,765.6,765.73,765.46,765.64,9790
1787325720,765.65,765.87,765.65,765.84,9400
1787325840,765.83,765.84,765.455,765.51,10792
1787325960,765.505,765.87,765.46,765.81,13909
1787326080,765.81,766.01,765.78,765.94,10871
1787326200,765.95,766.02,765.82,765.86,9758
1787326320,765.9,766.24,765.89,766.235,9967
1787326440,766.24,766.54,766.24,766.525,23785
1787326560,766.51,766.91,766.505,766.65,18165
1787326680,766.63,767.05,766.58,767.05,25726
1787326800,767.05,767.44,766.93,767.37,16302
1787326920,767.389,767.39,767.1,767.15,22323
1787327040,767.15,767.44,767.15,767.32,20658
1787327160,767.35,767.355,767.2,767.23,11156
1787327280,767.23,767.25,766.94,767.01,12570
1787327400,767.01,767.57,767.01,767.53,10315
1787327520,767.52,767.84,767.515,767.8,11662
1787327640,767.8,767.83,767.49,767.57,12632
1787327760,767.55,767.56,767.22,767.24,13658
1787327880,767.23,767.25,767.075,767.2,13267
1787328000,767.19,767.32,766.995,767.025,19738
1787328120,767.02,767.03,766.82,766.875,11895
1787328240,766.875,766.96,766.57,766.64,23782
1787328360,766.68,766.71,766.425,766.57,30906
1787328480,766.58,766.65,766.29,766.35,11417
1787328600,766.33,766.58,766.3,766.43,21303
1787328720,766.429,766.48,766.3,766.45,9991
1787328840,766.46,766.46,766.19,766.37,24492
1787328960,766.31,766.53,766.31,766.41,13452
1787329080,766.43,766.43,765.93,766.02,13050
1787329200,766.02,767,765.875,766.28,41224
1787329320,766.26,766.38,766.08,766.25,30595
1787329440,766.24,766.34,766.155,766.245,9457
1787329560,766.22,766.41,766.13,766.41,5122
1787329680,766.45,766.58,766.44,766.5,4171
1787329800,766.51,766.52,766.13,766.14,10817
1787329920,766.14,766.3,766.14,766.26,17498
1787330040,766.25,766.26,766.025,766.1,5932
1787330160,766.1,766.35,766.1,766.26,15946
1787330280,766.26,766.56,766.23,766.56,9676
1787330400,766.55,766.55,766.41,766.459,9139
1787330520,766.435,766.55,766.285,766.36,6702
1787330640,766.39,766.4,766.11,766.16,8903
1787330760,766.18,766.3,766.16,766.19,6844
1787330880,766.2,766.285,766.16,766.16,13410
1787331000,766.16,766.17,765.81,765.9,10103
1787331120,765.98,765.99,765.89,765.96,3533
1787331240,765.96,766.11,765.95,766.06,51876
1787331360,766.03,766.27,766,766.27,5353
1787331480,766.27,766.43,766.22,766.37,9135
1787331600,766.42,766.45,766.3,766.39,9298
1787331720,766.41,766.43,766.23,766.34,8583
1787331840,766.31,766.34,766.18,766.315,5755
1787331960,766.31,766.415,766.18,766.27,8718
1787332080,766.28,766.53,766.28,766.365,8486
1787332200,766.365,766.365,766.13,766.18,6101
1787332320,766.18,766.25,766.13,766.14,5981
1787332440,766.15,766.28,766.1,766.28,4649
1787332560,766.25,766.29,766.13,766.15,6705
1787332680,766.14,766.19,766.1,766.16,5027
1787332800,766.155,766.2,765.925,765.94,8235
1787332920,765.95,765.99,765.73,765.835,33590
1787333040,765.83,765.88,765.73,765.76,7323
1787333160,765.77,765.915,765.71,765.811,5710
1787333280,765.81,766.01,765.8,765.8,34614
1787333400,765.82,765.9,765.74,765.77,18461
1787333520,765.78,765.809,765.68,765.75,16319
1787333640,765.77,765.779,765.5,765.55,7302
1787333760,765.55,765.8,765.55,765.625,10877
1787333880,765.64,765.66,765.55,765.58,7511
1787334000,765.58,765.7,765.48,765.67,10752
1787334120,765.67,765.71,765.59,765.6,3931
1787334240,765.6,765.79,765.54,765.619,5383
1787334360,765.6,765.81,765.6,765.77,4965
1787334480,765.77,765.88,765.61,765.69,6393
1787334600,765.7,765.77,765.59,765.63,5957
1787334720,765.62,765.73,765.51,765.69,7086
1787334840,765.7,765.7,765.46,765.55,7454
1787334960,765.545,765.57,765.47,765.53,6270
1787335080,765.53,765.57,765.435,765.44,21574
1787335200,765.44,765.61,765.35,765.47,16663
1787335320,765.47,765.73,765.45,765.69,16234
1787335440,765.68,765.7,765.5,765.515,13713
1787335560,765.515,765.52,765.31,765.41,9811
1787335680,765.4,765.44,765.32,765.32,6264
1787335800,765.31,765.41,765.285,765.35,15058
1787335920,765.37,765.54,765.355,765.44,6559
1787336040,765.44,765.46,765.325,765.34,11251
1787336160,765.34,765.4,765.32,765.35,11954
1787336280,765.355,765.53,765.31,765.47,15305
1787336400,765.46,765.63,765.43,765.56,9784
1787336520,765.56,765.59,765.48,765.485,7518
1787336640,765.47,765.53,765.31,765.31,5206
1787336760,765.335,765.39,765.315,765.33,5852
1787336880,765.31,765.36,765.26,765.29,7278
1787337000,765.27,765.37,765.1,765.21,20103
1787337120,765.2,765.21,765.06,765.19,5161
1787337240,765.18,765.31,765.11,765.26,6403
1787337360,765.255,765.33,765.22,765.29,7315
1787337480,765.27,765.31,765.2,765.24,11056
1787337600,765.24,765.41,765.21,765.33,9925
1787337720,765.31,765.47,765.31,765.47,14903
1787337840,765.47,765.51,765.34,765.375,14148
1787337960,765.375,765.55,765.32,765.48,12786
1787338080,765.48,765.7,765.43,765.65,25111
1787338200,765.66,765.87,765.66,765.69,25329
1787338320,765.7,765.85,765.7,765.8,6933
1787338440,765.84,765.98,765.8,765.87,9719
1787338560,765.865,765.95,765.85,765.95,6726
1787338680,765.97,766.23,765.94,766.21,11919
1787338800,766.2,766.36,766.2,766.33,36528
1787338920,766.325,766.35,766.11,766.16,14665
1787339040,766.165,766.2,766,766.02,29236
1787339160,766.03,766.25,766.02,766.23,17399
1787339280,766.25,766.33,766.08,766.1,15283
1787339400,766.09,766.1,765.98,766.03,12596
1787339520,766.04,766.08,765.88,766.02,11604
1787339640,766.03,766.05,765.925,765.93,10187
1787339760,765.93,766.03,765.86,765.995,12507
1787339880,766.01,766.11,765.95,765.95,15853
1787340000,765.965,766.12,765.88,766.09,9166
1787340120,766.1,766.13,766.06,766.09,17436
1787340240,766.08,766.23,766.05,766.08,13273
1787340360,766.07,766.09,765.95,766.08,10436
1787340480,766.1,766.22,766,766.04,7065
1787340600,766.06,766.31,766.06,766.09,15453
1787340720,766.08,766.19,766.03,766.07,14758
1787340840,766.07,766.18,765.975,766.14,21980
1787340960,766.15,766.28,766.12,766.27,27219
1787341080,766.28,766.37,766.24,766.27,21030
1787341200,766.27,766.28,766.1,766.11,30895
1787341320,766.12,766.32,766.1,766.32,33694
1787341440,766.325,766.59,766.32,766.445,34983
1787341560,766.48,766.69,766.38,766.69,42640
1787341680,766.68,766.8,766.59,766.66,62064
1787341800,766.64,766.65,766.17,766.18,52084
1787341920,766.16,766.24,765.93,766,26348
1787342040,766.01,766.07,765.54,765.85,71122
1787342160,765.85,766.04,765.77,765.98,52948
1787342280,765.975,766.23,765.355,765.64,268619
1787578200,764.779,764.81,763.5,764.15,75993
1787578320,764.17,764.17,763.18,763.47,32427
1787578440,763.43,763.76,763.21,763.66,28847
1787578560,763.68,763.82,763.45,763.53,14985
1787578680,763.53,763.69,762.96,763.36,37252
1787578800,763.38,763.75,763.12,763.58,19602
1787578920,763.49,763.5,762.75,762.78,30924
1787579040,762.77,762.85,762.08,762.38,60696
1787579160,762.37,763.36,762.37,763.16,51110
1787579280,763.12,763.59,763.07,763.11,54188
1787579400,763.11,763.23,762.91,762.94,34192
1787579520,762.95,763.19,762.74,763.14,29988
1787579640,763.16,763.53,763.145,763.4,27050
1787579760,763.41,763.64,763.34,763.36,20087
1787579880,763.36,763.66,763.24,763.41,16926
1787580000,763.42,763.945,763.22,763.75,27632
1787580120,763.75,763.75,762.855,762.98,46304
1787580240,762.98,763.2,762.8,763.14,25902
1787580360,763.14,763.16,762.82,762.88,8228
1787580480,762.91,762.94,762.62,762.9,13676
1787580600,762.91,762.95,762.62,762.68,14615
1787580720,762.69,762.85,762.5,762.71,23129
1787580840,762.73,763.02,762.66,762.9,7513
1787580960,762.87,763.06,762.71,762.72,12551
1787581080,762.73,762.97,762.65,762.85,9086
1787581200,762.89,763.409,762.89,763.409,21270
1787581320,763.4,763.5,763.03,763.16,50571
1787581440,763.15,763.16,762.74,762.75,24567
1787581560,762.77,762.89,762.67,762.77,20605
1787581680,762.79,763.14,762.75,762.94,17325
1787581800,762.92,763.54,762.78,763.43,18540
1787581920,763.44,763.75,763.385,763.63,26890
1787582040,763.65,763.75,763.57,763.6,13616
1787582160,763.63,763.88,763.6,763.73,10625
1787582280,763.74,763.88,763.62,763.7,12296
1787582400,763.7,764.11,763.6,764.07,13434
1787582520,764.07,764.07,763.51,763.51,10811
1787582640,763.52,763.78,763.51,763.71,7419
1787582760,763.72,763.77,763.47,763.75,7912
1787582880,763.69,763.86,763.63,763.86,7131
1787583000,763.87,763.92,763.44,763.53,8600
1787583120,763.49,763.6,763.41,763.53,8160
1787583240,763.54,763.69,763.52,763.59,12850
1787583360,763.595,763.96,763.52,763.74,18819
1787583480,763.76,763.76,763.58,763.655,8199
1787583600,763.65,763.8,763.25,763.27,9905
1787583720,763.25,763.32,763.13,763.14,12485
1787583840,763.16,763.18,762.85,762.88,15016
1787583960,762.87,762.98,762.82,762.95,11594
1787584080,762.92,763.08,762.78,762.99,16397
1787584200,762.99,763.01,762.8,762.95,20331
1787584320,762.94,763.17,762.87,762.9,6985
1787584440,762.88,762.89,762.659,762.66,14810
1787584560,762.66,762.78,762.65,762.72,9004
1787584680,762.72,762.805,762.67,762.68,9126
1787584800,762.68,762.7,762.37,762.61,25143
1787584920,762.61,762.93,762.51,762.89,18619
1787585040,762.925,763.3,762.87,763.2,16746
1787585160,763.19,763.25,763.05,763.18,21864
1787585280,763.18,764,763.13,763.76,66554
1787585400,763.74,764,763.4,763.809,35848
1787585520,763.81,763.96,763.56,763.91,9484
1787585640,763.9,763.945,763.7,763.77,11071
1787585760,763.78,764,763.72,763.96,7815
1787585880,763.99,764.15,763.83,764.03,25286
1787586000,764.04,764.35,764.03,764.29,26663
1787586120,764.31,764.44,764.14,764.23,18350
1787586240,764.24,764.5,764.11,764.48,16111
1787586360,764.45,764.63,764.39,764.6,19398
1787586480,764.629,764.71,764.27,764.29,10553
1787586600,764.29,764.48,764.285,764.43,14511
1787586720,764.42,764.61,764.35,764.57,6663
1787586840,764.6,764.6,764.18,764.365,12548
1787586960,764.35,764.36,764.22,764.28,22181
1787587080,764.26,764.53,764.23,764.525,27443
1787587200,764.525,764.97,764.43,764.78,46500
1787587320,764.84,765.12,764.67,765,27987
1787587440,765.02,765.11,764.72,764.749,14971
1787587560,764.73,764.77,764.64,764.68,11505
1787587680,764.679,764.68,764.465,764.465,8373
1787587800,764.47,764.595,764.44,764.46,5635
1787587920,764.49,764.56,764.47,764.53,5461
1787588040,764.53,764.88,764.51,764.82,10084
1787588160,764.83,765.08,764.79,764.97,15001
1787588280,764.97,765.16,764.96,765.07,27071
1787588400,765.04,765.12,764.94,765.11,27056
1787588520,765.1,765.23,764.81,764.88,7811
1787588640,764.9,764.91,764.79,764.83,12466
1787588760,764.85,764.93,764.8,764.85,9092
1787588880,764.85,765,764.84,764.9,8802
1787589000,764.909,764.98,764.59,764.59,14770
1787589120,764.57,764.61,764.505,764.55,12982
1787589240,764.54,764.64,764.51,764.61,11366
1787589360,764.6,764.69,764.579,764.66,9442
1787589480,764.68,764.71,764.335,764.35,11456
1787589600,764.35,764.41,764.29,764.34,11586
1787589720,764.35,764.37,764.19,764.26,12088
1787589840,764.27,764.37,764.15,764.209,9895
1787589960,764.2,764.299,764.18,764.25,14501
1787590080,764.26,764.39,764.19,764.35,8828
1787590200,764.38,764.46,764.14,764.15,6755
1787590320,764.15,764.3,764.15,764.29,8164
1787590440,764.29,764.3,764.13,764.14,14566
1787590560,764.15,764.33,764.13,764.2,7510
1787590680,764.17,764.22,764.13,764.18,10924
1787590800,764.2,764.21,764.06,764.06,9151
1787590920,764.05,764.085,763.92,763.95,9020
1787591040,763.93,764.07,763.88,764.05,8220
1787591160,764.03,764.52,764.02,764.5,11498
1787591280,764.5,764.64,764.37,764.45,12329
1787591400,764.45,764.74,764.34,764.73,27865
1787591520,764.74,764.77,764.5,764.5,36547
1787591640,764.47,764.54,764.33,764.4,9473
1787591760,764.39,764.6,764.05,764.53,18708
1787591880,764.53,764.53,764.17,764.21,9819
1787592000,764.13,764.16,763.68,763.73,50855
1787592120,763.7,763.76,763.5,763.67,25562
1787592240,763.68,763.71,763.34,763.51,17663
1787592360,763.51,763.67,763.49,763.64,6616
1787592480,763.64,763.72,763.38,763.39,13949
1787592600,763.39,763.47,763.27,763.43,15524
1787592720,763.44,763.55,763.385,763.48,10075
1787592840,763.475,763.53,763.18,763.19,8104
1787592960,763.19,763.33,763.15,763.169,6558
1787593080,763.15,763.39,763.15,763.38,6285
1787593200,763.41,763.46,763.2,763.34,13518
1787593320,763.37,763.419,763.24,763.24,6691
1787593440,763.249,763.249,763.05,763.11,33252
1787593560,763.12,763.2,763.08,763.14,8751
1787593680,763.15,763.28,763.145,763.25,21688
1787593800,763.23,763.51,763.21,763.28,15095
1787593920,763.29,763.33,763.13,763.24,7833
1787594040,763.25,763.27,763.14,763.2,4408
1787594160,763.195,763.38,763.19,763.25,9710
1787594280,763.27,763.32,763.24,763.3,5776
1787594400,763.31,763.62,763.28,763.57,17076
1787594520,763.58,763.65,763.47,763.57,16359
1787594640,763.55,763.66,763.5,763.62,11942
1787594760,763.62,763.83,763.61,763.78,13408
1787594880,763.76,763.98,763.71,763.92,10561
1787595000,763.9,764,763.82,763.93,14126
1787595120,763.93,764.05,763.83,764.01,14910
1787595240,764.02,764.38,764.02,764.28,15692
1787595360,764.27,764.47,764.2,764.22,14214
1787595480,764.24,764.26,764.135,764.24,10701
1787595600,764.23,764.48,764.21,764.48,13618
1787595720,764.49,764.69,764.48,764.58,14894
1787595840,764.59,764.68,764.55,764.6,35788
1787595960,764.6,764.76,764.59,764.65,41496
1787596080,764.659,764.84,764.65,764.82,10852
1787596200,764.8,765.12,764.73,764.75,33073
1787596320,764.79,764.85,764.71,764.75,10669
1787596440,764.75,764.77,764.6,764.6,6846
1787596560,764.61,764.63,764.34,764.365,12273
1787596680,764.36,764.38,764.12,764.24,24621
1787596800,764.23,764.34,764.17,764.32,19214
1787596920,764.33,764.41,764.21,764.37,17261
1787597040,764.35,764.4,764.25,764.25,5370
1787597160,764.22,764.27,764.12,764.23,14957
1787597280,764.23,764.37,764.17,764.32,10005
1787597400,764.33,764.43,764.23,764.24,15210
1787597520,764.25,764.27,764.07,764.1,9223
1787597640,764.1,764.24,764.09,764.11,11280
1787597760,764.105,764.205,764.08,764.14,23671
1787597880,764.14,764.18,763.98,763.98,18609
1787598000,763.97,764.04,763.83,764.03,13405
1787598120,764.03,764.04,763.81,763.87,16457
1787598240,763.85,764.04,763.85,764.04,6779
1787598360,764.03,764.08,763.95,764.01,11969
1787598480,764.01,764.01,763.85,763.91,7292
1787598600,763.9,764.09,763.86,764.05,9444
1787598720,764.06,764.14,764.03,764.13,5492
1787598840,764.12,764.21,763.955,763.99,7540
1787598960,764.01,764.08,763.97,764.07,6231
1787599080,764.06,764.23,764.04,764.14,9088
1787599200,764.05,764.15,763.96,764.15,6725
1787599320,764.16,764.19,764.02,764.02,9898
1787599440,764.05,764.16,764,764.14,10518
1787599560,764.145,764.16,763.94,764.05,9227
1787599680,764.05,764.08,763.92,763.99,8810
1787599800,763.98,764.24,763.97,764.12,15594
1787599920,764.11,764.11,763.865,763.91,18501
1787600040,763.91,763.92,763.66,763.75,33685
1787600160,763.75,763.85,763.69,763.78,9890
1787600280,763.78,763.81,763.64,763.65,22081
1787600400,763.65,763.72,763.56,763.59,14474
1787600520,763.6,763.75,763.55,763.72,22214
1787600640,763.7,763.74,763.58,763.6,38763
1787600760,763.58,763.69,763.48,763.64,28228
1787600880,763.58,763.78,763.57,763.775,27878
1787601000,763.79,763.92,763.57,763.58,34164
1787601120,763.58,763.58,763.36,763.43,45681
1787601240,763.45,763.76,763.39,763.6,54290
1787601360,763.61,763.84,763.59,763.77,62724
1787601480,763.76,763.95,763.43,763.48,240821
1787664600,766.17,766.52,765.9,766.15,59840
1787664720,766.175,766.68,766.17,766.68,34976
1787664840,766.67,766.77,766.4,766.46,26487
1787664960,766.44,766.61,766.19,766.56,14809
1787665080,766.59,766.63,766.14,766.14,19535
1787665200,766.15,766.63,766.1,766.3,23546
1787665320,766.41,766.5,765.87,766.07,16176
1787665440,766.06,766.53,766.04,766.24,22590
1787665560,766.24,766.52,766.12,766.32,13941
1787665680,766.34,766.7,766.295,766.46,21510
1787665800,766.46,766.53,766.15,766.25,25458
1787665920,766.25,766.29,766,766.21,19080
1787666040,766.22,766.26,765.73,765.83,12683
1787666160,765.8,765.92,765.62,765.66,11529
1787666280,765.675,765.7,765.51,765.69,15585
1787666400,765.68,765.74,765.4,765.71,25786
1787666520,765.7,765.81,765.36,765.4,25195
1787666640,765.4,765.58,765.23,765.46,20614
1787666760,765.45,765.51,765.12,765.19,29381
1787666880,765.25,765.36,765.14,765.349,6003
1787667000,765.31,765.53,765.15,765.19,21271
1787667120,765.23,765.4,765.14,765.31,13690
1787667240,765.29,765.35,765.07,765.34,16739
1787667360,765.35,765.46,765.19,765.33,11673
1787667480,765.31,765.63,765.28,765.42,25505
1787667600,765.44,765.49,765.13,765.15,20753
1787667720,765.14,765.205,764.86,764.88,21658
1787667840,764.89,765.18,764.84,765.02,24935
1787667960,764.999,765.12,764.95,765.01,14393
1787668080,765.01,765.05,764.69,764.7,17473
1787668200,764.7,764.71,763.07,764.57,153880
1787668320,764.59,764.88,764.56,764.75,13804
1787668440,764.76,764.78,764.3,764.46,30721
1787668560,764.43,764.77,764.43,764.77,17146
1787668680,764.72,765.05,764.68,765,15999
1787668800,765.03,765.03,764.51,764.55,12683
1787668920,764.58,764.58,764.17,764.29,17986
1787669040,764.31,764.35,764.17,764.3,14514
1787669160,764.25,764.47,764.19,764.32,19695
1787669280,764.32,764.39,764.19,764.24,14497
1787669400,764.19,764.43,764.04,764.43,7304
1787669520,764.42,764.79,764.41,764.77,14098
1787669640,764.775,764.8,764.61,764.67,13068
1787669760,764.68,764.82,764.48,764.82,42319
1787669880,764.83,764.84,764.69,764.72,5157
1787670000,764.715,764.77,764.45,764.53,16072
1787670120,764.54,764.62,764.3,764.38,6943
1787670240,764.35,764.63,764.34,764.63,6606
1787670360,764.55,764.77,764.4,764.579,11799
1787670480,764.56,764.7,764.53,764.61,4521
1787670600,764.62,764.8,764.47,764.79,5748
1787670720,764.75,764.79,764.4,764.4,6365
1787670840,764.43,764.73,764.43,764.72,7942
1787670960,764.73,764.84,764.7,764.81,13415
1787671080,764.8,764.92,764.61,764.91,6544
1787671200,764.91,765.16,764.9,765.15,14776
1787671320,765.14,765.15,764.68,764.76,13552
1787671440,764.759,764.899,764.66,764.79,11398
1787671560,764.79,765.095,764.74,765.095,10591
1787671680,765.1,765.39,765.08,765.36,37682
1787671800,765.32,765.38,765.24,765.25,36364
1787671920,765.27,765.78,765.04,765.49,18109
1787672040,765.5,765.72,765.04,765.28,39457
1787672160,765.31,765.35,765.15,765.15,3837
1787672280,765.16,765.28,765.09,765.1,3830
1787672400,765.155,765.21,764.91,764.94,22212
1787672520,764.98,765.13,764.92,765.07,13838
1787672640,765.065,765.2,764.97,765,7300
1787672760,765.02,765.02,764.74,764.79,8554
1787672880,764.79,764.79,764.6,764.7,12101
1787673000,764.7,764.9,764.62,764.86,11225
1787673120,764.85,765.15,764.76,765.13,27558
1787673240,765.15,765.33,765.14,765.32,6931
1787673360,765.34,765.47,765.34,765.455,7018
1787673480,765.46,765.6,765.39,765.46,28420
1787673600,765.46,765.54,765.43,765.47,8273
1787673720,765.49,765.85,765.49,765.82,82957
1787673840,765.81,765.81,765.5,765.5,10649
1787673960,765.48,765.63,765.48,765.53,4916
1787674080,765.55,765.58,765.34,765.37,7090
1787674200,765.36,765.57,765.33,765.45,7857
1787674320,765.42,765.45,765.33,765.44,7031
1787674440,765.44,765.54,765.41,765.51,11944
1787674560,765.5,765.59,765.44,765.48,7585
1787674680,765.48,765.59,765.47,765.49,14066
1787674800,765.51,765.51,765.37,765.48,7606
1787674920,765.48,765.62,765.48,765.59,7099
1787675040,765.58,765.68,765.57,765.64,8101
1787675160,765.66,765.73,765.56,765.72,6721
1787675280,765.73,765.8,765.66,765.75,5782
1787675400,765.75,765.85,765.729,765.76,6318
1787675520,765.79,765.86,765.759,765.76,5687
1787675640,765.76,765.77,765.59,765.61,5759
1787675760,765.64,765.74,765.6,765.71,11490
1787675880,765.69,765.95,765.68,765.9,6783
1787676000,765.895,765.91,765.78,765.8,5708
1787676120,765.81,765.85,765.55,765.55,5622
1787676240,765.53,765.73,765.51,765.67,11173
1787676360,765.66,765.79,765.51,765.53,12974
1787676480,765.52,765.65,765.41,765.61,13134
1787676600,765.62,765.62,765.33,765.36,5121
1787676720,765.37,765.52,765.36,765.44,6040
1787676840,765.45,765.48,765.36,765.42,4134
1787676960,765.46,765.68,765.43,765.539,6542
1787677080,765.53,765.89,765.479,765.76,9043
1787677200,765.76,765.84,765.61,765.69,11071
1787677320,765.72,765.74,765.46,765.53,7276
1787677440,765.51,765.51,765.28,765.3,9367
1787677560,765.32,765.35,765.22,765.24,12095
1787677680,765.23,765.28,764.94,765.11,21949
1787677800,765.12,765.12,764.96,765.035,31412
1787677920,765.02,765.24,765,765.19,32073
1787678040,765.22,765.32,765.19,765.26,5136
1787678160,765.28,765.4,765.18,765.29,4975
1787678280,765.29,765.42,765.2,765.4,5252
1787678400,765.41,765.41,765.07,765.1,8643
1787678520,765.12,765.19,765.09,765.1,5061
1787678640,765.06,765.1,764.895,764.91,22920
1787678760,764.88,764.89,764.77,764.77,40472
1787678880,764.78,764.85,764.64,764.82,18879
1787679000,764.83,764.94,764.74,764.94,9545
1787679120,764.92,764.93,764.82,764.93,10369
1787679240,764.93,764.93,764.76,764.79,7217
1787679360,764.83,764.95,764.78,764.91,4996
1787679480,764.91,765,764.84,764.91,12069
1787679600,764.93,765.03,764.84,765.03,4857
1787679720,765.03,765.03,764.89,764.93,5533
1787679840,764.919,764.92,764.84,764.91,9548
1787679960,764.93,765.06,764.85,765.04,6347
1787680080,765.03,765.06,764.88,764.92,14075
1787680200,764.92,764.92,764.84,764.92,5503
1787680320,764.93,765.11,764.93,765.07,22680
1787680440,765.07,765.16,765.05,765.1,6613
1787680560,765.11,765.13,764.92,765,7668
1787680680,765.02,765.12,765.01,765.04,5312
1787680800,765.03,765.03,764.86,764.91,8459
1787680920,764.9,765.01,764.83,764.87,18632
1787681040,764.86,764.88,764.8,764.88,8856
1787681160,764.87,765.03,764.87,764.9,18067
1787681280,764.885,764.92,764.81,764.92,5148
1787681400,764.92,764.99,764.84,764.99,5334
1787681520,765,765.09,764.88,764.9,19995
1787681640,764.91,764.93,764.78,764.83,9276
1787681760,764.81,764.84,764.73,764.79,12576
1787681880,764.79,764.85,764.75,764.85,3681
1787682000,764.82,764.93,764.82,764.93,8724
1787682120,764.929,764.99,764.85,764.88,9416
1787682240,764.88,764.94,764.8,764.819,8781
1787682360,764.84,764.98,764.81,764.87,9903
1787682480,764.87,765.01,764.87,764.97,7008
1787682600,764.99,765.25,764.99,765.19,16831
1787682720,765.18,765.4,765.16,765.34,12022
1787682840,765.34,765.4,765.235,765.33,9930
1787682960,765.32,765.395,765.27,765.38,7787
1787683080,765.35,765.35,765.25,765.3,9798
1787683200,765.32,765.385,765.29,765.38,5003
1787683320,765.38,765.57,765.34,765.56,16084
1787683440,765.56,765.77,765.51,765.76,12675
1787683560,765.77,765.87,765.735,765.78,45493
1787683680,765.77,765.86,765.72,765.8,6370
1787683800,765.81,765.83,765.64,765.73,14286
1787683920,765.73,765.79,765.7,765.74,10061
1787684040,765.73,765.78,765.68,765.7,17809
1787684160,765.71,765.74,765.54,765.57,21630
1787684280,765.56,765.68,765.56,765.65,9682
1787684400,765.65,765.83,765.62,765.63,14906
1787684520,765.61,765.63,765.45,765.47,10581
1787684640,765.47,765.54,765.42,765.48,12886
1787684760,765.48,765.5,765.39,765.46,19712
1787684880,765.46,765.47,765.3,765.37,31073
1787685000,765.37,765.39,765.22,765.22,63173
1787685120,765.21,765.3,765.17,765.17,12447
1787685240,765.15,765.18,765.09,765.14,17685
1787685360,765.14,765.18,764.951,765,6193
1787685480,765,765.07,764.94,765,15278
1787685600,765,765.03,764.88,764.95,19839
1787685720,764.94,765.03,764.94,765.03,11625
1787685840,765.04,765.15,764.98,765.145,8305
1787685960,765.18,765.18,765.06,765.08,9915
1787686080,765.09,765.19,765.09,765.17,16574
1787686200,765.17,765.24,765.13,765.14,14939
1787686320,765.14,765.18,765.02,765.14,14426
1787686440,765.14,765.25,765.06,765.25,23726
1787686560,765.26,765.29,765.21,765.24,16709
1787686680,765.25,765.35,765.18,765.25,34999
1787686800,765.26,765.55,765.24,765.55,35469
1787686920,765.52,765.63,765.51,765.58,19995
1787687040,765.59,765.6,765.3,765.33,27056
1787687160,765.33,765.395,765.27,765.29,22129
1787687280,765.32,765.54,765.29,765.51,40109
1787687400,765.46,765.47,765.24,765.34,22033
1787687520,765.36,765.97,765.35,765.97,46427
1787687640,765.96,766.22,765.92,765.95,56199
1787687760,765.97,766.2,765.81,766.035,66620
1787687880,766.05,766.18,765.69,765.86,145858
1787751000,764.655,765.48,764.655,765.48,39965
1787751120,765.43,765.55,765.18,765.47,13522
1787751240,765.47,765.82,764.84,765.06,19230
1787751360,765.02,765.67,764.81,765.67,20514
1787751480,765.65,765.82,765.44,765.57,29023
1787751600,765.53,765.84,765.43,765.68,16876
1787751720,765.645,766.53,765.44,766.28,27075
1787751840,766.31,766.67,766.28,766.65,38317
1787751960,766.65,766.67,766.1,766.165,18548
1787752080,766.21,766.42,765.93,765.93,17156
1787752200,765.92,766,765.65,765.99,22485
1787752320,766.06,766.41,765.97,766.4,7891
1787752440,766.38,766.74,766.34,766.74,10040
1787752560,766.69,766.86,766.58,766.66,14184
1787752680,766.67,766.89,766.53,766.88,5535
1787752800,766.9,766.9,766.62,766.719,14135
1787752920,766.74,766.91,766.73,766.83,6221
1787753040,766.82,766.96,766.65,766.75,21140
1787753160,766.76,766.94,766.59,766.66,7968
1787753280,766.7,766.75,766.48,766.59,9195
1787753400,766.62,766.63,766.41,766.52,6322
1787753520,766.515,766.515,766.08,766.25,12734
1787753640,766.25,766.37,766.049,766.08,10383
1787753760,766.06,766.21,765.96,766.13,10598
1787753880,766.135,766.32,765.94,765.96,9243
1787754000,765.959,766.04,765.79,765.825,11370
1787754120,765.83,765.83,765.58,765.61,10592
1787754240,765.6,765.62,765.18,765.189,12568
1787754360,765.18,765.19,764.87,764.88,20166
1787754480,764.9,765.215,764.84,765.11,17089
1787754600,765.03,765.25,764.93,765.08,18359
1787754720,765.08,765.14,764.98,765.11,7508
1787754840,765.125,765.29,765.019,765.09,10180
1787754960,765.09,765.6,765.09,765.6,15161
1787755080,765.59,765.59,765.22,765.22,11611
1787755200,765.24,765.52,765.215,765.39,10401
1787755320,765.4,765.42,765.18,765.24,9221
1787755440,765.24,765.45,765.12,765.15,14464
1787755560,765.15,765.38,765.11,765.32,8372
1787755680,765.3,765.56,765.25,765.53,9452
1787755800,765.57,765.77,765.53,765.69,14342
1787755920,765.71,765.93,765.71,765.75,17447
1787756040,765.75,765.78,765.55,765.76,7411
1787756160,765.74,765.86,765.73,765.86,13163
1787756280,765.87,765.9,765.72,765.87,10040
1787756400,765.86,766.18,765.85,766.16,12326
1787756520,766.18,766.43,766.12,766.22,12551
1787756640,766.215,766.31,766.14,766.3,8060
1787756760,766.33,766.44,766.25,766.38,7435
1787756880,766.39,766.47,766.35,766.35,13719
1787757000,766.35,766.42,766.18,766.37,42742
1787757120,766.36,766.44,766.12,766.14,26123
1787757240,766.17,766.289,766.01,766.03,19191
1787757360,766.03,766.03,765.54,765.68,9352
1787757480,765.67,765.84,765.67,765.73,18882
1787757600,765.79,766.02,765.75,766,12940
1787757720,765.98,765.99,765.72,765.84,11990
1787757840,765.82,765.825,765.71,765.74,6440
1787757960,765.73,765.93,765.72,765.87,11445
1787758080,765.9,766.05,765.8,765.85,9670
1787758200,765.84,765.89,765.6,765.74,9747
1787758320,765.74,765.77,765.37,765.42,13633
1787758440,765.4,765.45,765.13,765.38,18131
1787758560,765.36,765.48,765.3,765.46,7386
1787758680,765.43,765.55,765.35,765.44,8551
1787758800,765.48,765.73,765.42,765.7,8692
1787758920,765.685,766.09,765.62,766.07,9387
1787759040,766.06,766.14,766.03,766.04,9200
1787759160,766.04,766.165,765.96,766.165,9014
1787759280,766.145,766.26,766.085,766.24,13278
1787759400,766.25,766.3,765.48,765.5,38557
1787759520,765.5,765.69,765.41,765.53,12647
1787759640,765.56,765.61,765.32,765.4,17300
1787759760,765.42,765.76,765.39,765.54,14106
1787759880,765.57,765.59,765.31,765.32,16315
1787760000,765.33,765.35,764.88,764.94,17659
1787760120,764.94,765.165,764.93,765.16,17011
1787760240,765.16,765.25,765.03,765.16,13280
1787760360,765.18,765.33,765.09,765.26,9496
1787760480,765.26,765.44,765.15,765.15,11247
1787760600,765.145,765.2,764.96,765.19,10664
1787760720,765.18,765.3,765.15,765.17,10764
1787760840,765.2,765.21,765.02,765.12,8045
1787760960,765.1,765.11,764.83,764.91,6481
1787761080,764.91,765.02,764.87,765,8511
1787761200,764.99,765.1,764.87,765.1,11657
1787761320,765.09,765.1,764.909,764.95,12536
1787761440,764.93,764.99,764.92,764.97,7629
1787761560,764.96,764.96,764.73,764.77,8547
1787761680,764.79,764.88,764.77,764.8,12341
1787761800,764.78,764.96,764.77,764.9,11164
1787761920,764.88,764.93,764.77,764.83,9841
1787762040,764.82,764.91,764.76,764.88,9081
1787762160,764.88,764.89,764.44,764.47,14854
1787762280,764.47,764.59,764.16,764.16,21444
1787762400,764.16,764.38,764.02,764.345,14538
1787762520,764.34,764.38,763.949,763.96,19399
1787762640,763.975,764.13,763.93,764.06,14637
1787762760,764.06,764.33,763.95,764.32,19260
1787762880,764.32,764.35,764.049,764.07,14288
1787763000,764.08,764.32,764.05,764.15,13885
1787763120,764.13,764.23,764.06,764.2,11834
1787763240,764.199,764.38,764.14,764.34,9161
1787763360,764.37,764.81,764.33,764.74,31691
1787763480,764.73,764.73,764.61,764.7,14787
1787763600,764.68,764.94,764.58,764.81,9015
1787763720,764.82,764.86,764.69,764.83,7494
1787763840,764.87,764.96,764.74,764.74,14438
1787763960,764.785,764.98,764.71,764.96,4147
1787764080,764.951,765.1,764.93,765.05,12278
1787764200,765.04,765.11,764.99,765.02,11171
1787764320,765.03,765.13,765.01,765.08,10521
1787764440,765.07,765.37,765.07,765.35,11495
1787764560,765.34,765.5,765.33,765.35,9005
1787764680,765.379,765.42,765.28,765.33,11380
1787764800,765.33,765.53,765.33,765.4,14195
1787764920,765.41,765.65,765.39,765.6,6492
1787765040,765.58,765.67,765.44,765.46,7465
1787765160,765.46,765.66,765.43,765.65,7025
1787765280,765.67,765.72,765.57,765.65,8496
1787765400,765.65,765.78,765.55,765.61,15793
1787765520,765.57,765.65,765.535,765.6,7001
1787765640,765.59,765.84,765.59,765.84,9686
1787765760,765.82,765.82,765.66,765.68,5663
1787765880,765.685,765.8,765.6,765.62,12146
1787766000,765.62,765.75,765.62,765.72,7976
1787766120,765.73,765.74,765.47,765.69,15999
1787766240,765.7,765.75,765.64,765.64,3379
1787766360,765.635,765.67,765.45,765.58,10467
1787766480,765.565,765.61,765.46,765.46,5325
1787766600,765.47,765.61,765.47,765.52,6251
1787766720,765.49,765.68,765.441,765.68,7942
1787766840,765.69,765.86,765.69,765.78,6393
1787766960,765.78,765.8,765.67,765.72,5487
1787767080,765.72,765.76,765.65,765.67,4091
1787767200,765.67,765.68,765.48,765.5,11980
1787767320,765.51,765.62,765.51,765.55,8762
1787767440,765.55,765.69,765.51,765.58,8677
1787767560,765.59,765.73,765.59,765.69,5728
1787767680,765.7,765.86,765.68,765.76,9108
1787767800,765.79,765.79,765.55,765.56,9941
1787767920,765.54,765.54,765.41,765.465,12096
1787768040,765.45,765.46,765.36,765.405,8101
1787768160,765.41,765.65,765.41,765.62,15675
1787768280,765.62,765.77,765.61,765.73,9546
1787768400,765.73,765.98,765.72,765.81,12223
1787768520,765.78,765.83,765.63,765.65,9829
1787768640,765.65,765.7,765.49,765.64,19290
1787768760,765.669,765.71,765.58,765.705,6690
1787768880,765.69,765.73,765.56,765.61,5922
1787769000,765.57,765.65,765.53,765.6,11192
1787769120,765.61,765.89,765.56,765.83,21326
1787769240,765.85,765.86,765.73,765.78,10734
1787769360,765.79,765.8,765.65,765.67,30357
1787769480,765.68,765.83,765.61,765.73,9847
1787769600,765.74,765.82,765.675,765.81,8467
1787769720,765.8,765.89,765.74,765.75,8211
1787769840,765.75,766.18,765.74,766.14,64584
1787769960,766.13,766.44,766.12,766.38,12522
1787770080,766.38,766.41,766.24,766.32,6906
1787770200,766.31,766.37,766.22,766.27,7153
1787770320,766.3,766.58,766.285,766.54,15188
1787770440,766.53,766.56,766.35,766.37,38666
1787770560,766.36,766.56,766.33,766.5,9141
1787770680,766.5,766.63,766.44,766.5,25470
1787770800,766.52,767.06,766.48,766.89,20289
1787770920,766.89,767.2,766.89,767.06,19731
1787771040,767.05,767.34,767.04,767.11,19663
1787771160,767.13,767.13,767.01,767.04,6281
1787771280,767.03,767.03,766.88,766.955,7228
1787771400,766.96,767.09,766.95,767.08,15107
1787771520,767.08,767.09,766.91,766.93,28807
1787771640,766.91,767.08,766.88,767.05,17635
1787771760,767.05,767.15,766.97,767.12,11607
1787771880,767.13,767.27,767.05,767.19,12021
1787772000,767.19,767.19,766.82,766.87,17715
1787772120,766.91,767.02,766.86,766.99,19180
1787772240,766.98,767.08,766.98,767.03,15630
1787772360,767.01,767.12,766.99,767.08,15971
1787772480,767.08,767.08,766.83,766.89,14590
1787772600,766.9,766.9,766.76,766.85,29443
1787772720,766.84,766.91,766.75,766.8,14222
1787772840,766.78,766.87,766.765,766.81,18701
1787772960,766.8,766.8,766.62,766.68,22924
1787773080,766.68,766.73,766.59,766.66,32201
1787773200,766.67,766.82,766.65,766.73,33178
1787773320,766.71,766.87,766.66,766.67,54453
1787773440,766.67,766.76,766.6,766.75,46806
1787773560,766.75,766.95,766.74,766.88,25283
1787773680,766.87,767.105,766.83,767.1,28369
1787773800,767.1,767.21,766.83,766.83,35377
1787773920,766.84,766.91,766.36,766.38,50185
1787774040,766.39,766.5,765.94,766.21,145773
1787774160,766.21,766.43,766.18,766.25,44218
1787774280,766.25,766.25,765.49,765.95,146819
1787837400,768.46,768.81,767.52,767.52,108648
1787837520,767.51,768.18,767.17,767.79,76065
1787837640,767.85,767.9,767.16,767.61,39552
1787837760,767.6,767.87,767.355,767.65,24771
1787837880,767.63,768.26,767.54,768.23,55574
1787838000,768.22,768.72,768.13,768.43,45640
1787838120,768.39,768.62,767.97,768.51,17996
1787838240,768.49,769.56,768.49,769.52,68992
1787838360,769.53,769.685,768.055,768.31,73845
1787838480,768.33,768.4,767.72,768.05,42232
1787838600,768.1,768.98,768.1,768.95,29823
1787838720,768.96,769.28,768.81,769.27,38335
1787838840,769.23,769.35,768.51,768.83,16674
1787838960,768.81,768.87,767.65,767.74,23474
1787839080,767.75,768.48,767.75,768.41,32043
1787839200,768.37,768.81,768.23,768.71,31127
1787839320,768.7,768.95,768.45,768.95,30700
1787839440,768.95,769.09,768.68,768.91,24037
1787839560,768.92,768.99,768.05,768.59,28491
1787839680,768.61,768.61,768.22,768.45,10935
1787839800,768.52,768.96,768.47,768.745,17042
1787839920,768.76,768.96,768.66,768.96,13220
1787840040,768.99,769.07,768.58,769.05,19171
1787840160,769.055,769.15,768.78,769.119,24049
1787840280,769.12,769.34,769.05,769.14,19405
1787840400,769.15,769.5,769.11,769.11,15125
1787840520,769.12,769.57,769.07,769.21,18903
1787840640,769.24,769.46,769.14,769.44,14178
1787840760,769.45,769.88,769.38,769.7,22005
1787840880,769.699,769.8,769.51,769.69,34384
1787841000,769.68,769.72,769.08,769.31,8397
1787841120,769.34,769.58,769.15,769.58,9323
1787841240,769.56,769.75,769.37,769.71,10529
1787841360,769.72,770.02,769.68,769.8,26996
1787841480,769.83,769.85,769.32,769.33,12060
1787841600,769.35,769.58,769.32,769.53,12450
1787841720,769.49,769.67,769.49,769.55,9358
1787841840,769.58,769.68,769.44,769.66,7852
1787841960,769.65,769.79,769.36,769.449,9810
1787842080,769.45,770.29,769.4,770.24,14380
1787842200,770.22,770.3,770.07,770.1,18015
1787842320,770.12,770.42,769.9,770.08,14099
1787842440,770.04,770.18,769.77,769.79,12204
1787842560,769.82,770.11,769.74,769.935,12191
1787842680,769.93,770.4,769.9,770.4,13597
1787842800,770.41,770.66,770.26,770.56,22370
1787842920,770.56,770.61,770.235,770.24,13231
1787843040,770.26,770.7,770.23,770.55,14756
1787843160,770.59,770.6,770.33,770.48,19109
1787843280,770.43,770.6,770.33,770.55,5902
1787843400,770.56,770.69,770.52,770.63,8726
1787843520,770.65,770.76,770.5,770.59,9616
1787843640,770.61,771.03,770.61,770.98,13508
1787843760,770.98,771.1,770.98,771.03,11898
1787843880,771.03,771.1,770.885,770.96,7015
1787844000,770.98,771.08,770.81,770.81,19424
1787844120,770.85,770.93,770.76,770.92,9489
1787844240,770.92,770.955,770.52,770.6,12178
1787844360,770.62,770.72,770.5,770.5,5441
1787844480,770.48,770.58,770.22,770.31,11518
1787844600,770.29,770.345,770.1,770.31,22373
1787844720,770.33,770.609,770.14,770.449,28553
1787844840,770.42,770.43,770.09,770.16,12800
1787844960,770.19,770.19,769.95,770.029,17019
1787845080,770.03,770.11,769.82,769.93,11497
1787845200,769.93,770.36,769.85,770.35,35361
1787845320,770.35,770.35,769.76,769.8,12273
1787845440,769.81,769.81,769.4,769.53,20171
1787845560,769.51,769.72,769.4,769.61,18402
1787845680,769.595,769.73,769.51,769.67,8058
1787845800,769.67,770.38,769.67,770.3,9666
1787845920,770.3,770.78,770.2,770.69,11657
1787846040,770.63,770.86,770.53,770.56,28544
1787846160,770.56,770.74,770.54,770.74,5989
1787846280,770.76,770.79,770.61,770.64,5312
1787846400,770.63,770.76,770.56,770.74,5219
1787846520,770.76,770.95,770.57,770.91,12466
1787846640,770.93,770.97,770.64,770.64,6349
1787846760,770.65,770.71,770.49,770.51,10214
1787846880,770.52,770.63,770.44,770.48,17372
1787847000,770.53,770.75,770.42,770.51,6223
1787847120,770.52,770.63,770.51,770.61,5382
1787847240,770.61,770.69,770.44,770.69,5614
1787847360,770.71,770.81,770.61,770.65,7255
1787847480,770.64,770.68,770.53,770.62,5402
1787847600,770.629,770.629,770.33,770.42,3967
1787847720,770.41,770.609,770.39,770.54,7286
1787847840,770.56,770.61,770.48,770.52,3206
1787847960,770.52,770.84,770.44,770.84,6255
1787848080,770.84,770.9,770.8,770.89,10749
1787848200,770.89,771.05,770.83,771.02,16069
1787848320,771.01,771.07,770.895,771,6838
1787848440,770.99,771.22,770.98,771.17,10734
1787848560,771.2,771.435,771.185,771.43,12353
1787848680,771.42,771.519,771.31,771.51,18223
1787848800,771.52,771.67,771.5,771.645,17106
1787848920,771.63,771.79,771.58,771.73,9580
1787849040,771.75,771.94,771.61,771.895,8701
1787849160,771.89,771.89,771.67,771.67,4515
1787849280,771.66,771.85,771.66,771.74,8575
1787849400,771.74,771.84,771.61,771.78,5591
1787849520,771.78,771.95,771.77,771.95,17003
1787849640,771.93,772.02,771.76,771.76,11120
1787849760,771.755,771.92,771.73,771.88,6441
1787849880,771.88,772.03,771.84,772.01,8212
1787850000,772.02,772.15,771.99,772.11,9096
1787850120,772.065,772.15,771.96,772.07,29228
1787850240,772.08,772.08,771.93,771.96,6540
1787850360,771.95,771.98,771.76,771.8,7835
1787850480,771.8,772.25,771.79,772.23,20724
1787850600,772.225,772.35,772.19,772.24,12762
1787850720,772.22,772.28,772.13,772.16,4265
1787850840,772.145,772.28,772.1,772.22,6514
1787850960,772.22,772.26,772.11,772.11,5233
1787851080,772.1,772.19,772.04,772.13,6011
1787851200,772.125,772.2,772.07,772.19,19080
1787851320,772.19,772.27,772.06,772.2,6017
1787851440,772.19,772.22,772.03,772.06,6577
1787851560,772.07,772.07,771.82,771.82,8467
1787851680,771.83,771.91,771.7,771.75,10090
1787851800,771.75,771.89,771.68,771.79,13813
1787851920,771.78,772.07,771.78,771.99,8393
1787852040,771.95,771.95,771.72,771.85,6604
1787852160,771.825,771.89,771.78,771.81,2269
1787852280,771.79,771.82,771.689,771.72,3728
1787852400,771.74,771.84,771.72,771.81,4537
1787852520,771.819,771.95,771.78,771.95,15831
1787852640,771.95,771.95,771.44,771.46,20441
1787852760,771.46,771.58,771.41,771.43,12259
1787852880,771.44,771.46,771.29,771.39,18356
1787853000,771.4,771.44,771.22,771.3,9014
1787853120,771.32,771.35,771.21,771.25,12317
1787853240,771.24,771.41,771.23,771.33,10117
1787853360,771.33,771.46,771.27,771.27,8672
1787853480,771.27,771.28,771.1,771.23,21192
1787853600,771.23,771.39,770.64,770.72,20418
1787853720,770.73,770.86,770.6,770.83,19474
1787853840,770.83,770.83,770.48,770.61,47622
1787853960,770.62,770.72,770.42,770.56,10273
1787854080,770.55,770.6,770.38,770.49,6557
1787854200,770.53,770.55,770.25,770.46,8654
1787854320,770.47,770.49,770.16,770.16,15226
1787854440,770.14,770.34,769.99,770.24,14876
1787854560,770.19,770.27,770.06,770.22,14809
1787854680,770.26,770.5,770.24,770.27,9551
1787854800,770.27,770.43,770.265,770.3,13148
1787854920,770.36,770.45,770.06,770.07,16301
1787855040,770.07,770.13,769.87,769.93,9111
1787855160,769.94,769.995,769.51,769.52,17690
1787855280,769.52,769.57,769.26,769.44,34308
1787855400,769.49,769.815,769.4,769.79,15206
1787855520,769.755,769.94,769.51,769.54,15816
1787855640,769.49,769.64,769.43,769.585,14413
1787855760,769.55,769.82,769.55,769.76,9612
1787855880,769.77,770.06,769.7,770.06,26944
1787856000,770.01,770.11,769.87,769.9,7402
1787856120,769.89,770,769.79,769.9,4164
1787856240,769.89,769.98,769.82,769.83,4615
1787856360,769.83,770.03,769.76,770.03,8143
1787856480,770.05,770.07,769.5,769.5,16648
1787856600,769.52,769.59,769.36,769.57,21395
1787856720,769.57,769.62,769.41,769.42,19394
1787856840,769.4,769.48,769.18,769.43,22263
1787856960,769.41,769.62,769.32,769.62,6204
1787857080,769.59,769.77,769.53,769.65,11097
1787857200,769.655,769.91,769.56,769.81,8406
1787857320,769.83,769.83,769.52,769.78,54512
1787857440,769.78,770.2,769.75,769.85,29309
1787857560,769.83,770.11,769.68,770.03,44096
1787857680,770.03,770.2,769.83,770.15,11625
1787857800,770.15,770.23,770.03,770.07,10550
1787857920,770.07,770.21,770.01,770.17,9872
1787858040,770.16,770.22,769.88,770.1,11631
1787858160,770.1,770.23,770.03,770.04,7319
1787858280,770.05,770.21,769.959,770.19,10733
1787858400,770.17,770.26,770.07,770.17,24416
1787858520,770.17,770.24,770.1,770.15,12543
1787858640,770.155,770.16,769.81,769.94,20869
1787858760,769.94,770.07,769.8,769.8,17915
1787858880,769.8,770.02,769.76,769.95,15439
1787859000,769.97,770.34,769.87,770.34,10676
1787859120,770.34,770.41,770.24,770.32,11877
1787859240,770.32,770.59,770.32,770.55,12944
1787859360,770.51,770.56,770.41,770.555,19768
1787859480,770.55,770.61,770.43,770.54,11908
1787859600,770.54,770.66,770.52,770.6,15810
1787859720,770.6,770.64,770.39,770.6,13813
1787859840,770.59,770.71,770.55,770.7,20279
1787859960,770.69,770.81,770.66,770.68,23073
1787860080,770.69,770.88,770.61,770.8,52357
1787860200,770.78,770.78,770.4,770.52,26770
1787860320,770.54,771.06,770.54,771,28567
1787860440,771.02,771.33,770.93,771,60828
1787860560,770.99,771.15,770.93,770.95,80112
1787860680,770.95,771.36,770.92,771.04,298616
1787923800,771.77,772.081,771.48,771.7,32036
1787923920,771.73,771.92,771.53,771.72,11937
1787924040,771.7,772.08,771.7,771.91,10999
1787924160,771.89,772.44,771.89,772.12,18378
1787924280,772.12,772.31,772.05,772.26,6741
1787924400,772.26,772.82,772.18,772.82,14949
1787924520,772.82,772.82,772.55,772.71,5288
1787924640,772.68,772.7,772.221,772.38,14576
1787924760,772.36,772.56,772.19,772.56,9843
1787924880,772.56,772.87,771.99,772.14,34321
1787925000,772.1,772.16,771.67,771.8,17227
1787925120,771.81,772,771.76,771.9,33007
1787925240,771.9,772.01,771.68,771.74,15870
1787925360,771.74,772.13,771.73,772.08,9336
1787925480,772.075,772.355,771.64,771.75,16250
1787925600,771.78,773.11,771.29,772.015,46004
1787925720,772.05,772.355,771.45,771.45,35102
1787925840,771.44,771.8,771.08,771.08,45171
1787925960,771.11,771.2,770.62,770.87,22100
1787926080,770.87,771.54,770.62,770.989,21001
1787926200,770.989,771.1,770.34,770.58,25820
1787926320,770.59,770.67,769.78,770,22347
1787926440,770.03,770.55,769.9,770.41,21955
1787926560,770.44,771.159,770.29,771.12,33054
1787926680,771.15,771.75,771.09,771.43,27393
1787926800,771.46,772,771.39,771.87,18522
1787926920,771.88,772.23,771.44,771.56,25899
1787927040,771.56,771.69,770.98,771.24,29108
1787927160,771.2,771.35,770.59,770.64,22716
1787927280,770.66,771.3,770.64,771.3,21640
1787927400,771.3,771.5,770.9,771.299,19455
1787927520,771.279,771.9,771.16,771.88,14942
1787927640,771.909,772.25,771.9,772.25,16470
1787927760,772.24,772.49,772.1,772.39,18987
1787927880,772.39,772.69,772.32,772.32,18661
1787928000,772.33,772.89,772.31,772.64,20034
1787928120,772.71,773.1,772.66,773.08,16457
1787928240,773.1,773.56,773.1,773.21,33476
1787928360,773.24,773.72,773.2,773.52,22438
1787928480,773.53,773.86,773.48,773.84,16172
1787928600,773.86,774.16,773.78,774,24187
1787928720,773.99,774.55,773.99,774.53,42604
1787928840,774.53,774.725,774.47,774.705,37267
1787928960,774.68,774.89,774.6,774.81,31815
1787929080,774.815,775.05,774.79,774.98,26405
1787929200,774.97,775.3,774.89,775.06,41770
1787929320,775.06,775.13,774.77,774.96,25872
1787929440,774.97,775.11,774.74,774.87,36260
1787929560,774.89,774.99,774.61,774.82,32774
1787929680,774.79,774.79,774.11,774.24,31788
1787929800,774.25,774.4,774.01,774.181,18944
1787929920,774.17,774.25,773.835,774.22,19560
1787930040,774.24,774.63,774.09,774.409,20973
1787930160,774.37,774.67,774.33,774.52,13061
1787930280,774.52,774.56,774.25,774.309,9540
1787930400,774.31,774.79,774.31,774.45,13276
1787930520,774.49,774.84,774.34,774.79,11963
1787930640,774.8,775.059,774.789,775.059,13266
1787930760,775.09,775.2,774.86,774.94,14112
1787930880,774.92,775.02,774.74,774.95,13676
1787931000,774.97,774.99,774.62,774.7,17458
1787931120,774.69,774.9,774.66,774.8,13125
1787931240,774.76,774.82,774.43,774.47,11266
1787931360,774.48,774.57,774.2,774.219,12575
1787931480,774.17,774.17,773.57,773.65,24732
1787931600,773.679,773.679,772.68,773.22,49866
1787931720,773.2,773.28,772.84,773.09,30339
1787931840,773.13,773.14,772.64,772.91,27749
1787931960,772.91,772.96,772.49,772.52,17304
1787932080,772.52,772.55,772.18,772.28,45332
1787932200,772.27,772.49,771.74,771.75,29448
1787932320,771.76,771.94,771.47,771.669,22815
1787932440,771.63,772.13,771.49,771.55,17652
1787932560,771.54,771.59,770.84,771.05,30391
1787932680,770.94,771.28,770.91,771.06,27469
1787932800,771.08,771.23,770.47,770.78,46556
1787932920,770.75,771.21,770.65,771.12,35386
1787933040,771.1,771.23,770.7,771.085,16595
1787933160,771.12,771.49,770.81,771.47,30896
1787933280,771.43,771.64,771.25,771.57,20860
1787933400,771.53,771.58,771.11,771.11,24411
1787933520,771.11,771.259,770.99,771.13,25528
1787933640,771.09,771.23,770.56,770.59,19349
1787933760,770.57,770.58,770.32,770.38,18722
1787933880,770.39,770.42,769.76,770.18,36327
1787934000,770.16,770.36,769.58,770.01,21131
1787934120,769.94,769.95,769.59,769.73,17396
1787934240,769.7,769.7,769.18,769.61,25782
1787934360,769.61,769.83,769.49,769.75,11242
1787934480,769.79,769.9,769.51,769.6,13055
1787934600,769.6,770.22,769.58,770.135,25761
1787934720,770.16,770.52,770.05,770.16,13957
1787934840,770.17,770.24,769.65,770.22,17847
1787934960,770.22,770.59,770.15,770.53,16931
1787935080,770.52,770.629,770.07,770.34,15825
1787935200,770.33,770.35,769.71,769.789,14684
1787935320,769.759,769.97,769.58,769.68,11257
1787935440,769.61,770.37,769.55,770.37,18011
1787935560,770.36,770.54,770.279,770.4,17322
1787935680,770.39,770.6,770.269,770.42,11707
1787935800,770.41,770.54,770.17,770.46,11364
1787935920,770.46,770.66,770.2,770.23,9291
1787936040,770.2,770.43,769.83,769.99,12745
1787936160,769.93,770.02,769.75,770,36787
1787936280,770.04,770.09,769.68,769.709,29004
1787936400,769.68,769.71,768.77,768.9,21845
1787936520,768.81,769.21,768.7,769.19,33548
1787936640,769.21,769.42,768.81,768.86,20491
1787936760,768.87,768.9,768.49,768.675,22753
1787936880,768.67,768.83,768.47,768.47,17503
1787937000,768.47,768.85,768.31,768.82,13688
1787937120,768.85,769.16,768.85,769.15,19142
1787937240,769.14,769.41,768.96,769.12,11200
1787937360,769.14,769.37,768.95,769.37,9124
1787937480,769.36,769.36,769.03,769.17,9347
1787937600,769.13,769.22,768.71,768.86,12205
1787937720,768.9,768.975,768.59,768.62,10455
1787937840,768.64,769.02,768.64,768.845,5193
1787937960,768.86,769.04,768.81,768.96,8107
1787938080,768.99,769.34,768.81,768.83,16089
1787938200,768.82,769.07,768.72,769.07,9598
1787938320,769.07,769.46,768.98,769.4,6170
1787938440,769.38,769.49,769.31,769.43,7160
1787938560,769.42,769.479,769.099,769.27,8153
1787938680,769.27,769.29,768.6,768.679,19021
1787938800,768.659,768.97,768.64,768.92,16822
1787938920,768.94,769.15,768.87,769,11601
1787939040,769.03,769.19,768.86,769.16,7646
1787939160,769.16,769.54,769.16,769.3,12647
1787939280,769.31,769.72,769.31,769.66,11385
1787939400,769.66,769.66,769.42,769.57,10332
1787939520,769.56,769.73,769.52,769.56,7843
1787939640,769.58,769.6,769.09,769.15,10492
1787939760,769.15,769.4,769.09,769.26,9549
1787939880,769.26,769.57,769.24,769.55,6703
1787940000,769.54,769.67,769.37,769.48,8102
1787940120,769.47,769.76,769.43,769.73,11739
1787940240,769.75,769.8,769.48,769.57,8437
1787940360,769.55,769.67,769.42,769.5,5077
1787940480,769.49,769.68,769.34,769.589,7910
1787940600,769.58,769.77,769.56,769.709,8701
1787940720,769.7,769.76,769.46,769.489,8549
1787940840,769.47,769.5,769.2,769.47,12689
1787940960,769.43,769.52,769.15,769.33,11661
1787941080,769.34,769.52,769.33,769.42,8126
1787941200,769.42,769.54,769.36,769.49,8945
1787941320,769.48,769.49,768.93,768.98,13220
1787941440,769,769.14,768.9,769.03,16334
1787941560,769.05,769.33,768.99,769.19,8704
1787941680,769.13,769.28,769.05,769.05,9755
1787941800,769.07,769.27,769,769.21,12052
1787941920,769.22,769.24,769.04,769.19,7617
1787942040,769.19,769.57,769.17,769.41,10895
1787942160,769.4,769.46,769.18,769.18,10240
1787942280,769.2,769.24,769.07,769.11,13959
1787942400,769.11,769.39,769.11,769.21,15380
1787942520,769.23,769.23,769.03,769.1,15999
1787942640,769.1,769.32,769.1,769.18,7681
1787942760,769.18,769.19,769.02,769.1,8371
1787942880,769.06,769.08,768.72,768.77,5895
1787943000,768.76,768.76,768.38,768.5,29778
1787943120,768.53,768.66,768.31,768.66,22030
1787943240,768.66,768.67,768.37,768.51,10469
1787943360,768.52,768.72,768.49,768.68,10073
1787943480,768.71,768.79,768.56,768.69,9051
1787943600,768.7,768.91,768.47,768.91,15813
1787943720,768.89,768.92,768.7,768.85,9291
1787943840,768.845,769.03,768.72,768.96,15451
1787943960,768.95,769,768.77,769,12276
1787944080,768.98,769.36,768.93,769.35,17047
1787944200,769.34,769.38,769.04,769.14,29576
1787944320,769.16,769.26,769.05,769.11,13212
1787944440,769.1,769.26,769,769.15,13684
1787944560,769.15,769.19,769.03,769.09,13174
1787944680,769.075,769.27,769,769.23,8011
1787944800,769.22,769.52,769.22,769.37,14626
1787944920,769.37,769.47,769.18,769.185,21293
1787945040,769.19,769.48,769.16,769.47,15610
1787945160,769.47,769.59,769.39,769.57,15588
1787945280,769.57,769.58,769.38,769.49,19110
1787945400,769.51,769.51,769.19,769.32,16964
1787945520,769.35,769.47,769.29,769.38,25269
1787945640,769.37,769.42,769.21,769.26,21467
1787945760,769.26,769.33,769.13,769.25,28638
1787945880,769.25,769.575,769.24,769.55,26133
1787946000,769.55,769.78,769.53,769.66,35191
1787946120,769.66,769.74,769.59,769.74,32156
1787946240,769.75,769.79,769.335,769.4,25903
1787946360,769.391,769.51,769.08,769.145,32981
1787946480,769.14,769.28,769.02,769.24,39440
1787946600,769.25,769.77,769.15,769.3,80115
1787946720,769.28,769.37,769.11,769.16,38837
1787946840,769.18,769.66,769.16,769.61,80421
1787946960,769.62,769.88,769.62,769.76,59678
1787947080,769.78,769.82,769.07,769.38,278460
1788183000,767.29,767.61,767.14,767.36,102073
1788183120,767.37,767.439,766.34,766.61,43030
1788183240,766.53,766.55,765.79,765.9,29285
1788183360,765.97,766.35,765.76,766.25,25451
1788183480,766.27,766.52,766.1,766.33,16304
1788183600,766.25,766.64,766.055,766.21,24530
1788183720,766.21,766.35,765.84,765.84,14274
1788183840,765.84,766.21,765.77,766.15,15674
1788183960,766.07,766.59,765.51,766.52,41777
1788184080,766.56,766.63,765.95,766.12,28719
1788184200,766.11,766.44,765.78,766.37,20776
1788184320,766.4,766.4,765.84,766.36,16703
1788184440,766.34,766.7,766.24,766.48,30972
1788184560,766.47,766.55,766.21,766.45,32247
1788184680,766.44,766.44,766.08,766.21,14432
1788184800,766.195,766.29,765.94,766.015,28526
1788184920,765.94,766.1,765.75,765.77,24613
1788185040,765.73,766.06,765.7,766.05,10673
1788185160,765.95,766,765.46,765.6,28279
1788185280,765.6,765.81,765.47,765.5,6712
1788185400,765.48,765.83,765.36,765.61,16497
1788185520,765.55,765.68,765.44,765.67,9311
1788185640,765.66,765.88,765.6,765.75,11228
1788185760,765.73,765.92,765.58,765.879,18956
1788185880,765.85,766.03,765.65,765.94,20510
1788186000,765.96,765.96,765.69,765.939,12663
1788186120,765.88,765.935,765.23,765.36,13250
1788186240,765.35,765.35,764.74,764.79,22398
1788186360,764.81,764.96,764.73,764.83,13480
1788186480,764.86,765.08,764.77,764.94,20837
1788186600,764.92,765.15,764.83,764.97,13917
1788186720,764.945,765.06,764.81,765.025,11011
1788186840,765.01,765.28,764.81,765.27,13408
1788186960,765.28,765.79,765.28,765.545,23529
1788187080,765.53,765.7,765.46,765.66,13531
1788187200,765.62,765.99,765.58,765.86,11643
1788187320,765.86,766.06,765.78,765.82,11418
1788187440,765.81,765.93,765.55,765.72,15982
1788187560,765.71,765.83,765.48,765.7,11128
1788187680,765.7,765.78,765.37,765.4,16165
1788187800,765.4,765.66,765.35,765.6,11065
1788187920,765.59,765.65,765.42,765.45,9004
1788188040,765.45,765.905,765.45,765.79,12335
1788188160,765.81,766.39,765.81,766.39,13338
1788188280,766.38,766.38,765.88,765.92,17200
1788188400,765.95,766.44,765.88,766.17,21442
1788188520,766.18,766.22,765.73,765.949,14329
1788188640,765.97,765.98,765.68,765.87,9676
1788188760,765.9,766.2,765.75,765.75,11276
1788188880,765.73,765.779,765.61,765.68,11145
1788189000,765.69,765.93,765.6,765.63,13023
1788189120,765.67,765.98,765.64,765.7,8695
1788189240,765.64,765.875,765.57,765.74,9515
1788189360,765.73,765.77,765.37,765.44,11921
1788189480,765.45,765.77,765.42,765.77,13911
1788189600,765.77,766,765.59,766,12466
1788189720,766.01,766.07,765.88,765.89,20850
1788189840,765.89,766.155,765.78,765.89,9650
1788189960,765.92,766.01,765.81,765.99,7455
1788190080,765.99,766.17,765.899,765.94,6625
1788190200,765.93,766,765.45,765.7,14933
1788190320,765.69,765.85,765.56,765.59,8063
1788190440,765.59,765.83,765.57,765.77,31559
1788190560,765.74,765.85,765.6,765.7,8326
1788190680,765.7,765.785,765.44,765.59,16902
1788190800,765.59,765.67,765.4,765.67,10011
1788190920,765.64,765.87,765.54,765.6,5986
1788191040,765.65,765.99,765.61,765.66,6309
1788191160,765.75,766.01,765.73,765.76,5320
1788191280,765.79,765.96,765.77,765.86,5833
1788191400,765.86,766.2,765.86,766.11,11602
1788191520,766.11,766.34,766.045,766.14,17605
1788191640,766.15,766.18,765.79,765.9,11024
1788191760,765.9,765.98,765.64,765.66,7723
1788191880,765.66,765.67,765.32,765.4,11261
1788192000,765.4,765.4,765.1,765.27,10374
1788192120,765.27,765.36,765.17,765.27,10330
1788192240,765.27,765.27,765.05,765.05,12671
1788192360,765.05,765.21,764.98,765.11,16624
1788192480,765.08,765.21,765.06,765.13,12174
1788192600,765.13,765.64,765.075,765.62,16300
1788192720,765.63,765.73,765.51,765.51,8964
1788192840,765.54,765.76,765.49,765.64,7446
1788192960,765.64,765.665,765.289,765.33,17685
1788193080,765.35,765.61,765.31,765.59,6911
1788193200,765.63,765.66,765.49,765.53,7328
1788193320,765.53,765.54,765.29,765.37,15330
1788193440,765.35,765.57,765.34,765.539,7654
1788193560,765.53,765.82,765.47,765.82,11893
1788193680,765.8,765.95,765.74,765.9,7835
1788193800,765.92,765.95,765.65,765.745,41163
1788193920,765.73,765.8,765.63,765.76,8314
1788194040,765.78,765.93,765.75,765.76,9119
1788194160,765.75,765.83,765.65,765.68,6514
1788194280,765.69,765.7,765.22,765.22,12086
1788194400,765.22,765.72,765.19,765.72,11373
1788194520,765.72,765.74,765.54,765.71,8990
1788194640,765.7,765.72,765.42,765.48,7534
1788194760,765.48,765.62,765.43,765.59,8086
1788194880,765.59,765.85,765.57,765.76,9737
1788195000,765.74,765.91,765.68,765.87,11437
1788195120,765.89,765.95,765.84,765.85,11167
1788195240,765.84,765.91,765.76,765.86,6723
1788195360,765.88,765.97,765.81,765.95,5582
1788195480,765.97,765.98,765.77,765.84,12063
1788195600,765.85,765.89,765.67,765.81,14457
1788195720,765.83,765.83,765.61,765.62,7506
1788195840,765.64,765.83,765.57,765.7,6943
1788195960,765.69,765.72,765.57,765.7,6088
1788196080,765.68,765.73,765.54,765.58,4510
1788196200,765.58,765.8,765.57,765.76,5884
1788196320,765.775,765.92,765.75,765.81,4531
1788196440,765.81,765.97,765.805,765.95,6207
1788196560,765.97,766.06,765.92,765.95,8928
1788196680,765.9,765.96,765.72,765.9,6413
1788196800,765.79,765.88,765.71,765.75,5758
1788196920,765.759,765.93,765.72,765.92,5334
1788197040,765.92,765.92,765.53,765.56,7459
1788197160,765.55,765.56,765.44,765.5,5617
1788197280,765.5,765.535,765.39,765.42,9638
1788197400,765.44,765.44,765.17,765.32,25713
1788197520,765.35,765.55,765.33,765.55,8612
1788197640,765.53,765.55,765.29,765.49,11487
1788197760,765.49,765.73,765.44,765.7,8996
1788197880,765.69,765.84,765.62,765.84,3824
1788198000,765.84,766.07,765.79,766.03,6722
1788198120,766.07,766.18,765.97,766.15,7796
1788198240,766.155,766.37,766.15,766.24,5650
1788198360,766.26,766.33,766.14,766.32,11890
1788198480,766.38,766.45,766.28,766.325,5705
1788198600,766.32,766.74,766.32,766.705,17983
1788198720,766.7,766.76,766.62,766.73,9124
1788198840,766.73,766.8,766.63,766.71,7003
1788198960,766.7,766.72,766.38,766.4,11702
1788199080,766.39,766.54,766.38,766.52,27365
1788199200,766.47,766.49,766.18,766.46,18097
1788199320,766.47,766.62,766.35,766.61,7872
1788199440,766.62,766.63,766.48,766.48,5878
1788199560,766.47,766.68,766.46,766.59,3868
1788199680,766.57,766.69,766.54,766.67,5958
1788199800,766.66,766.66,766.45,766.57,7455
1788199920,766.58,766.61,766.49,766.53,7034
1788200040,766.53,766.74,766.53,766.68,6249
1788200160,766.66,766.78,766.555,766.62,28637
1788200280,766.64,766.7,766.59,766.7,7746
1788200400,766.71,766.84,766.6,766.6,17763
1788200520,766.58,766.7,766.51,766.67,10631
1788200640,766.68,766.73,766.41,766.48,9701
1788200760,766.46,766.46,766.305,766.42,6398
1788200880,766.4,766.5,766.29,766.31,3632
1788201000,766.29,766.42,766.22,766.27,7027
1788201120,766.29,766.31,766.15,766.15,5928
1788201240,766.175,766.21,765.7,765.715,17092
1788201360,765.72,765.8,765.64,765.66,17061
1788201480,765.67,765.7,765.28,765.455,30117
1788201600,765.455,765.57,765.25,765.25,20637
1788201720,765.25,765.42,765.05,765.12,19407
1788201840,765.15,765.4,765.12,765.26,16252
1788201960,765.26,765.36,765.19,765.269,10937
1788202080,765.27,765.439,765.22,765.41,6634
1788202200,765.43,765.44,765.24,765.419,8028
1788202320,765.41,765.7,765.37,765.64,39803
1788202440,765.645,765.71,765.55,765.605,11785
1788202560,765.61,765.82,765.58,765.71,35627
1788202680,765.71,765.89,765.66,765.67,16597
1788202800,765.7,766.05,765.7,765.84,14823
1788202920,765.85,766,765.84,765.9,10456
1788203040,765.89,765.93,765.75,765.81,8389
1788203160,765.81,765.865,765.69,765.84,12088
1788203280,765.83,766.03,765.83,766.01,15153
1788203400,766.03,766.16,765.99,766.04,10385
1788203520,766.05,766.11,765.94,766.04,14434
1788203640,766.09,766.23,766.06,766.12,10209
1788203760,766.111,766.25,766.06,766.06,8228
1788203880,766.1,766.12,765.98,766.03,5408
1788204000,766.02,766.11,765.99,766.01,13382
1788204120,766.01,766.48,766.01,766.3,15977
1788204240,766.32,766.45,766.3,766.35,11513
1788204360,766.36,766.61,766.27,766.61,8167
1788204480,766.61,766.73,766.53,766.635,24035
1788204600,766.62,766.62,766.26,766.28,21499
1788204720,766.3,766.37,766.18,766.32,18809
1788204840,766.32,766.51,766.25,766.48,10760
1788204960,766.48,766.68,766.48,766.64,16081
1788205080,766.63,766.69,766.56,766.64,38277
1788205200,766.63,766.76,766.6,766.75,25654
1788205320,766.75,767.17,766.73,767.12,70389
1788205440,767.14,767.2,766.9,767.07,26787
1788205560,767.075,767.16,766.77,766.77,34345
1788205680,766.77,766.87,766.61,766.85,74019
1788205800,766.9,767.65,766.9,767.41,153932
1788205920,767.41,767.58,767.2,767.3,177034
1788206040,767.28,767.41,767,767.11,231515
1788206160,767.12,767.42,767.11,767.18,196694
1788206280,767.18,768,766.58,766.95,838682
1788269400,762.04,762.05,761.17,761.76,105481
1788269520,761.75,762.11,761.59,761.79,40237
1788269640,761.79,762.39,761.75,762.3,15175
1788269760,762.28,762.3,761.98,762.21,26959
1788269880,762.16,762.17,761.615,761.77,25302
1788270000,761.76,761.89,761.44,761.73,41003
1788270120,761.72,761.97,761.62,761.96,19461
1788270240,761.95,762.18,761.79,762.01,16836
1788270360,762.02,762.15,761.68,761.95,19694
1788270480,761.96,762.2,761.87,762.19,16349
1788270600,762.18,762.48,762.07,762.15,19998
1788270720,762.14,762.14,761.7,761.77,17042
1788270840,761.78,761.83,761.47,761.68,20459
1788270960,761.71,761.84,761.63,761.72,28667
1788271080,761.72,762.07,761.71,762.01,13392
1788271200,762.06,762.55,761.75,762.55,26163
1788271320,762.53,762.56,761.92,762.36,13534
1788271440,762.34,762.439,762.175,762.38,17428
1788271560,762.41,762.91,762.41,762.88,28390
1788271680,762.88,762.96,762.62,762.92,17615
1788271800,762.93,763,762.62,762.63,26088
1788271920,762.65,762.78,762.5,762.77,17591
1788272040,762.77,763.31,762.74,763.25,17289
1788272160,763.27,763.5,763.21,763.31,22880
1788272280,763.31,763.33,763.045,763.3,12394
1788272400,763.32,763.59,763.32,763.46,18836
1788272520,763.44,763.999,763.43,763.75,24079
1788272640,763.74,763.99,763.63,763.94,16332
1788272760,763.93,764,763.68,763.82,17298
1788272880,763.8,763.88,763.62,763.76,10342
1788273000,763.77,764.35,763.76,764.25,23823
1788273120,764.24,764.48,764.19,764.45,59749
1788273240,764.46,764.545,764.31,764.34,20186
1788273360,764.33,764.39,764.21,764.32,12365
1788273480,764.34,764.45,764.08,764.24,24659
1788273600,764.28,764.305,764.09,764.09,11454
1788273720,764.05,764.17,763.96,764.02,27082
1788273840,764.04,764.16,763.89,764.11,11456
1788273960,764.11,764.28,764.01,764.25,34880
1788274080,764.23,764.36,763.91,763.93,16533
1788274200,763.93,763.93,763.62,763.64,10095
1788274320,763.64,763.77,763.56,763.575,12907
1788274440,763.595,763.65,763.5,763.57,10738
1788274560,763.54,763.69,763.44,763.46,25648
1788274680,763.479,763.57,763.35,763.55,11015
1788274800,763.56,763.66,763.35,763.4,12167
1788274920,763.38,763.52,763.15,763.15,10956
1788275040,763.15,763.17,762.96,763.09,18662
1788275160,763.04,763.095,762.71,762.76,22828
1788275280,762.775,762.87,762.69,762.8,14506
1788275400,762.79,762.99,762.7,762.825,14939
1788275520,762.84,763.15,762.79,763.02,8917
1788275640,763.01,763.17,762.85,762.97,10955
1788275760,762.98,763.14,762.94,763.055,7165
1788275880,763.05,763.33,763.05,763.29,11227
1788276000,763.29,763.35,763.07,763.17,6806
1788276120,763.2,763.43,763.17,763.39,7216
1788276240,763.38,763.47,763.23,763.24,11565
1788276360,763.26,763.455,763.24,763.39,9475
1788276480,763.4,763.6,763.21,763.6,14820
1788276600,763.59,763.78,763.44,763.509,11635
1788276720,763.51,763.68,763.45,763.649,8490
1788276840,763.64,763.71,763.48,763.66,14198
1788276960,763.69,763.93,763.64,763.93,10459
1788277080,763.93,764.1,763.93,764.1,15741
1788277200,764.09,764.24,764.02,764.06,17700
1788277320,764.06,764.13,763.99,764.06,13221
1788277440,764.06,764.28,764.03,764.22,22847
1788277560,764.21,764.52,764.2,764.5,22934
1788277680,764.49,764.6,764.39,764.57,16794
1788277800,764.57,764.58,764.32,764.44,20044
1788277920,764.44,764.67,764.28,764.63,19424
1788278040,764.61,764.62,764.42,764.5,8976
1788278160,764.5,764.5,764.22,764.22,27050
1788278280,764.21,764.45,764.13,764.271,12929
1788278400,764.29,764.34,764.17,764.2,20828
1788278520,764.22,764.22,764.06,764.2,21484
1788278640,764.19,764.29,764.18,764.29,5694
1788278760,764.26,764.3,763.99,764.08,10281
1788278880,764.065,764.1,763.81,763.87,11717
1788279000,763.91,763.97,763.72,763.92,10035
1788279120,763.93,764.09,763.81,763.82,8955
1788279240,763.81,763.84,763.42,763.57,16393
1788279360,763.555,763.6,763.21,763.21,13759
1788279480,763.24,763.32,762.97,763,17778
1788279600,763.02,763.03,762.4,762.5,27003
1788279720,762.5,763.09,762.5,762.93,29207
1788279840,762.89,762.935,762.64,762.83,23844
1788279960,762.89,762.89,762.29,762.35,41575
1788280080,762.36,762.59,762.34,762.55,14948
1788280200,762.54,762.63,761.85,761.965,42383
1788280320,761.97,762.1,761.86,762,23080
1788280440,762,762,761.58,761.96,23554
1788280560,761.955,762,761.69,761.94,25355
1788280680,761.93,762.23,761.93,762.22,10527
1788280800,762.24,762.36,762.02,762.29,9523
1788280920,762.29,762.29,761.805,761.95,20447
1788281040,761.94,761.97,761.64,761.84,27171
1788281160,761.84,761.96,761.76,761.81,11660
1788281280,761.83,762.02,761.81,761.95,8931
1788281400,761.95,762.08,761.81,761.89,10939
1788281520,761.89,761.97,761.76,761.79,16206
1788281640,761.77,762.17,761.77,762.13,9351
1788281760,762.13,762.29,762.04,762.18,13059
1788281880,762.17,762.39,762.17,762.26,10632
1788282000,762.27,762.29,761.83,761.83,15561
1788282120,761.87,762.01,761.8,761.81,7692
1788282240,761.8,761.93,761.69,761.74,7438
1788282360,761.73,761.79,761.53,761.58,20056
1788282480,761.525,761.77,761.5,761.73,15590
1788282600,761.715,761.91,761.62,761.91,30559
1788282720,761.895,762.09,761.84,761.9,14538
1788282840,761.9,762.14,761.9,762.07,12712
1788282960,762.065,762.1,761.6,761.61,31260
1788283080,761.6,761.75,761.5,761.61,11110
1788283200,761.61,761.78,761.51,761.66,11385
1788283320,761.68,761.72,761.51,761.52,10424
1788283440,761.54,761.73,760.78,761.43,41699
1788283560,761.45,761.61,761.25,761.56,27786
1788283680,761.57,761.74,761.4,761.68,11788
1788283800,761.68,762,761.62,762,12417
1788283920,761.98,761.99,761.66,761.89,16038
1788284040,761.9,762.19,761.88,762.14,12734
1788284160,762.12,762.18,761.91,761.98,7657
1788284280,761.97,762.05,761.78,761.9,15992
1788284400,761.915,762.23,761.87,762.07,10133
1788284520,762.1,762.18,762,762,10713
1788284640,762.025,762.14,762,762.02,8915
1788284760,762.03,762.03,761.67,761.86,18068
1788284880,761.85,761.86,761.56,761.58,11295
1788285000,761.575,761.78,761.55,761.769,27801
1788285120,761.77,761.83,761.52,761.52,15053
1788285240,761.53,761.63,761.48,761.57,6505
1788285360,761.57,761.62,761.47,761.5,14783
1788285480,761.55,761.88,761.5,761.82,9404
1788285600,761.81,762.02,761.7,761.71,27716
1788285720,761.69,761.95,761.69,761.78,16368
1788285840,761.81,761.81,761.49,761.549,13100
1788285960,761.51,761.61,761.44,761.6,21988
1788286080,761.63,761.69,761.555,761.66,14022
1788286200,761.63,761.71,761.51,761.57,9426
1788286320,761.58,761.63,761.36,761.39,7925
1788286440,761.37,761.46,761.28,761.399,25816
1788286560,761.39,761.77,761.37,761.77,9911
1788286680,761.78,761.82,761.7,761.76,9014
1788286800,761.74,761.83,761.65,761.69,7725
1788286920,761.68,761.76,761.5,761.56,8903
1788287040,761.6,761.69,761.35,761.58,14503
1788287160,761.6,761.61,761.21,761.25,11675
1788287280,761.22,761.22,761.07,761.22,27642
1788287400,761.19,761.245,760.89,760.89,22781
1788287520,760.92,761.14,760.835,760.835,9515
1788287640,760.835,760.86,760.67,760.86,15776
1788287760,760.84,760.91,760.63,760.685,27301
1788287880,760.67,760.76,760.5,760.55,21901
1788288000,760.53,760.62,760.3,760.3,15022
1788288120,760.31,760.32,759.88,759.95,37581
1788288240,759.94,759.94,759.5,759.5,69818
1788288360,759.505,760,759.48,759.999,27852
1788288480,759.99,760.26,759.75,760.19,26070
1788288600,760.19,760.24,760.04,760.16,19729
1788288720,760.16,760.38,760.1,760.22,19439
1788288840,760.23,760.45,760.14,760.35,11756
1788288960,760.35,760.78,760.33,760.63,32583
1788289080,760.64,760.89,760.63,760.71,14871
1788289200,760.7,761.03,760.62,760.81,20434
1788289320,760.8,761.02,760.689,761.02,15819
1788289440,761,761.2,760.9,761,26851
1788289560,760.99,761.18,760.88,760.93,18562
1788289680,760.96,761.12,760.86,761.095,16556
1788289800,761.08,761.44,761.05,761.27,24257
1788289920,761.25,761.39,761.14,761.32,25798
1788290040,761.33,761.56,761.31,761.56,20191
1788290160,761.57,761.61,761.26,761.32,12734
1788290280,761.33,761.48,761.23,761.39,18705
1788290400,761.38,761.41,761.12,761.18,18388
1788290520,761.18,761.48,761.08,761.4,18496
1788290640,761.37,761.42,761.23,761.29,15619
1788290760,761.24,761.29,761.18,761.2,18542
1788290880,761.23,761.43,761.18,761.375,17027
1788291000,761.36,761.36,760.89,760.89,19901
1788291120,760.93,760.95,760.775,760.91,16369
1788291240,760.89,761.34,760.84,761.255,25008
1788291360,761.26,761.26,760.88,760.979,19642
1788291480,760.98,761,760.85,760.86,21956
1788291600,760.85,761.25,760.74,761.1,34528
1788291720,761.1,761.13,760.78,760.96,24545
1788291840,760.95,761.28,760.9,761.02,30505
1788291960,761.02,761.37,760.989,761.36,30287
1788292080,761.35,761.43,761.13,761.27,63433
1788292200,761.27,761.28,760.97,761.06,47108
1788292320,761.06,761.12,760.58,760.69,64635
1788292440,760.72,761.2,760.65,760.86,46370
1788292560,760.85,760.85,760.59,760.81,35949
1788292680,760.83,761.76,760.77,761.64,469192
1788355800,762.45,762.52,761.74,761.88,57768
1788355920,761.87,762.4,761.86,762.22,35614
1788356040,762.3,762.41,762,762.14,27635
1788356160,762.15,762.22,761.7,762.02,30222
1788356280,762.02,762.47,761.95,762.45,18815
1788356400,762.46,762.679,762.269,762.57,32160
1788356520,762.57,762.69,762.4,762.49,12243
1788356640,762.48,762.9,762.1,762.33,40584
1788356760,762.335,762.4,762.07,762.32,31076
1788356880,762.36,762.48,762,762.09,17480
1788357000,762.095,762.45,762.05,762.07,14250
1788357120,762.08,762.61,762.08,762.49,14219
1788357240,762.49,762.585,762.18,762.365,20016
1788357360,762.37,762.73,762.36,762.55,13832
1788357480,762.53,763.05,762.5,763.05,14931
1788357600,763.04,763.57,762.86,763.38,25420
1788357720,763.38,763.47,763.15,763.35,22809
1788357840,763.34,763.89,763.34,763.83,25417
1788357960,763.83,764.13,763.73,764.06,35003
1788358080,764.06,764.13,763.63,763.73,28147
1788358200,763.75,764.06,763.69,763.925,13794
1788358320,763.97,764.03,763.66,764.02,24593
1788358440,764.02,764.355,764.02,764.2,31074
1788358560,764.23,764.57,764.23,764.54,25725
1788358680,764.54,764.98,764.415,764.84,36560
1788358800,764.86,765.25,764.77,765.24,25099
1788358920,765.25,765.35,765.07,765.3,22431
1788359040,765.29,765.3,765.04,765.18,17391
1788359160,765.2,765.571,765.19,765.38,13660
1788359280,765.4,765.46,765.23,765.29,16262
1788359400,765.26,765.37,765.07,765.28,14711
1788359520,765.24,765.33,764.94,765.11,17512
1788359640,765.12,765.741,765.09,765.65,14663
1788359760,765.66,765.79,765.5,765.67,12366
1788359880,765.67,765.88,765.5,765.88,14085
1788360000,765.86,766.07,765.8,765.93,35194
1788360120,765.96,766.2,765.91,766.14,14857
1788360240,766.14,766.34,766,766,19979
1788360360,766,766.01,765.83,765.94,15112
1788360480,765.91,765.99,765.62,765.83,16704
1788360600,765.81,765.81,765.39,765.61,21059
1788360720,765.61,765.68,765.331,765.37,18113
1788360840,765.381,765.57,765.32,765.46,14496
1788360960,765.465,765.58,765.33,765.57,14015
1788361080,765.59,765.59,765.17,765.33,12398
1788361200,765.33,765.37,765.14,765.18,18246
1788361320,765.19,765.63,765.19,765.63,15908
1788361440,765.64,765.67,765.3,765.39,14799
1788361560,765.43,765.62,765.26,765.3,13888
1788361680,765.28,765.47,765.215,765.44,15403
1788361800,765.44,765.73,765.22,765.73,18281
1788361920,765.73,765.77,765.25,765.25,15753
1788362040,765.29,765.65,765.25,765.65,8205
1788362160,765.64,765.76,765.59,765.69,6826
1788362280,765.71,766.01,765.66,765.96,9104
1788362400,765.99,766.03,765.79,765.79,12261
1788362520,765.78,765.99,765.72,765.79,14676
1788362640,765.82,766.13,765.8,766.12,13310
1788362760,766.13,766.13,766.01,766.06,6318
1788362880,766.07,766.39,766.07,766.28,10897
1788363000,766.31,766.42,766.11,766.16,19122
1788363120,766.22,766.3,766.1,766.23,10603
1788363240,766.19,766.22,765.92,765.95,19119
1788363360,765.98,766.14,765.961,766.061,14170
1788363480,766.095,766.11,765.77,765.86,15967
1788363600,765.87,765.98,765.8,765.885,12242
1788363720,765.88,765.9,765.71,765.73,25772
1788363840,765.73,765.78,765.25,765.27,17371
1788363960,765.27,765.45,765.23,765.27,10949
1788364080,765.28,765.3,765,765.05,15357
1788364200,765.05,765.255,764.98,765.25,10465
1788364320,765.25,765.59,765.22,765.36,10228
1788364440,765.32,765.35,765.2,765.23,5246
1788364560,765.26,765.42,765.16,765.35,7269
1788364680,765.36,765.96,765.36,765.94,16075
1788364800,765.92,765.92,765.7,765.73,10065
1788364920,765.739,765.78,765.55,765.67,7169
1788365040,765.65,765.85,765.64,765.76,6226
1788365160,765.77,765.88,765.63,765.81,5135
1788365280,765.84,765.89,765.66,765.72,4897
1788365400,765.74,765.85,765.669,765.67,4508
1788365520,765.67,765.785,765.63,765.7,5057
1788365640,765.72,765.77,765.47,765.49,5343
1788365760,765.485,765.56,765.32,765.35,8099
1788365880,765.335,765.47,765.33,765.46,5901
1788366000,765.44,765.56,765.32,765.33,4022
1788366120,765.32,765.39,765.09,765.11,14693
1788366240,765.09,765.14,764.97,765.03,7388
1788366360,765.02,765.06,764.87,764.89,7286
1788366480,764.89,764.93,764.69,764.845,13121
1788366600,764.87,765.16,764.84,765.15,13210
1788366720,765.13,765.31,764.99,764.99,8425
1788366840,764.99,765.2,764.99,765.15,4646
1788366960,765.14,765.255,765,765.24,10412
1788367080,765.185,765.21,765.04,765.07,3139
1788367200,765.085,765.09,764.88,764.93,6182
1788367320,764.93,764.94,764.76,764.82,4901
1788367440,764.81,764.9,764.7,764.87,16706
1788367560,764.86,764.98,764.73,764.73,5567
1788367680,764.72,764.85,764.72,764.84,5378
1788367800,764.87,764.88,764.71,764.77,7816
1788367920,764.78,765.13,764.729,765.13,4375
1788368040,765.13,765.23,765.05,765.06,9866
1788368160,765.04,765.15,764.985,764.995,6571
1788368280,765,765.05,764.88,764.92,6065
1788368400,764.93,765.28,764.93,765.26,8199
1788368520,765.29,765.42,765.22,765.37,6068
1788368640,765.34,765.47,765.32,765.39,6770
1788368760,765.39,765.39,764.99,764.995,11356
1788368880,765,765.04,764.61,764.68,17630
1788369000,764.71,764.85,764.71,764.78,4341
1788369120,764.82,764.96,764.74,764.96,6355
1788369240,764.98,765.1,764.76,764.94,10286
1788369360,764.905,764.91,764.69,764.69,14495
1788369480,764.715,764.74,764.51,764.6,8328
1788369600,764.6,764.68,764.46,764.68,9487
1788369720,764.68,764.78,764.55,764.71,6851
1788369840,764.73,764.74,764.61,764.7,5379
1788369960,764.73,764.86,764.59,764.611,5626
1788370080,764.61,764.79,764.61,764.72,11166
1788370200,764.74,764.78,764.61,764.72,6681
1788370320,764.72,764.72,764.46,764.5,9325
1788370440,764.49,764.55,764.39,764.45,9259
1788370560,764.47,764.55,764.38,764.5,6134
1788370680,764.5,764.58,764.43,764.46,8229
1788370800,764.45,764.55,764.35,764.4,6922
1788370920,764.42,764.78,764.41,764.74,12782
1788371040,764.75,765.23,764.75,765.18,14086
1788371160,765.17,765.27,765.09,765.22,13841
1788371280,765.21,765.27,764.98,764.99,9610
1788371400,765,765.08,764.83,764.92,9937
1788371520,764.92,765.04,764.92,764.98,4188
1788371640,764.99,765.07,764.75,765.01,13412
1788371760,765.02,765.29,764.96,765.26,7145
1788371880,765.26,765.26,765.11,765.17,8795
1788372000,765.17,765.21,764.72,764.76,17694
1788372120,764.759,765.3,764.759,765.25,38372
1788372240,765.25,765.41,765.23,765.31,13083
1788372360,765.33,765.4,765.07,765.13,8334
1788372480,765.16,765.2,765.07,765.1,9219
1788372600,765.095,765.25,765.09,765.12,11369
1788372720,765.1,765.28,765.06,765.22,7934
1788372840,765.2,765.28,765.09,765.2,6805
1788372960,765.24,765.28,765.17,765.27,14699
1788373080,765.24,766.1,765.17,765.6,70405
1788373200,765.57,765.72,765.49,765.53,15191
1788373320,765.53,765.54,765.4,765.41,16677
1788373440,765.46,765.53,765.42,765.46,6609
1788373560,765.47,765.47,765.22,765.27,8446
1788373680,765.26,765.35,765.22,765.32,18051
1788373800,765.34,765.5,765.3,765.42,10694
1788373920,765.42,765.52,765.41,765.49,9585
1788374040,765.49,765.52,765.24,765.245,15229
1788374160,765.26,765.29,764.95,764.95,40603
1788374280,764.95,765,764.8,764.81,8586
1788374400,764.83,764.88,764.67,764.71,7259
1788374520,764.75,764.81,764.64,764.73,10857
1788374640,764.735,764.88,764.7,764.785,8939
1788374760,764.8,764.81,764.58,764.68,6135
1788374880,764.69,764.98,764.68,764.88,14686
1788375000,764.885,764.99,764.79,764.83,9111
1788375120,764.82,764.93,764.67,764.9,41395
1788375240,764.9,764.92,764.8,764.88,12101
1788375360,764.89,765,764.73,764.73,17884
1788375480,764.72,764.82,764.68,764.8,29585
1788375600,764.8,764.88,764.67,764.72,17661
1788375720,764.72,764.98,764.71,764.89,8447
1788375840,764.89,765.05,764.85,764.981,29934
1788375960,764.97,765.08,764.94,764.94,6505
1788376080,764.93,765.23,764.93,765.21,11278
1788376200,765.24,765.33,765.22,765.28,10821
1788376320,765.3,765.45,765.26,765.4,59972
1788376440,765.4,765.46,765.23,765.25,10666
1788376560,765.25,765.35,765.21,765.26,6898
1788376680,765.25,765.42,765.2,765.41,10535
1788376800,765.4,765.41,765.08,765.235,26589
1788376920,765.24,765.39,765.24,765.29,10170
1788377040,765.3,765.3,765.18,765.22,9279
1788377160,765.22,765.42,765.21,765.38,10885
1788377280,765.38,765.52,765.37,765.48,10885
1788377400,765.48,765.49,765.3,765.36,12458
1788377520,765.38,765.48,765.25,765.309,14307
1788377640,765.31,765.33,765.15,765.23,18743
1788377760,765.24,765.35,765.145,765.15,22893
1788377880,765.14,765.19,765.09,765.11,28125
1788378000,765.1,765.195,765.06,765.13,27655
1788378120,765.14,765.39,765.05,765.37,41554
1788378240,765.38,765.49,765.31,765.33,21989
1788378360,765.33,765.39,765.22,765.24,30186
1788378480,765.29,765.44,765.25,765.38,26101
1788378600,765.37,765.43,765.01,765.08,50460
1788378720,765.08,765.17,764.96,765.01,31395
1788378840,765.005,765.31,764.83,764.93,43745
1788378960,764.94,765.05,764.82,764.94,69893
1788379080,764.93,765.15,764.755,765.14,159029
1788442200,767.87,768.65,767.83,768.3,78397
1788442320,768.3,769.235,768.26,769.22,58057
1788442440,769.22,769.23,768.72,768.94,63577
1788442560,768.95,769.39,768.53,769.35,44314
1788442680,769.36,769.8,769.29,769.73,53179
1788442800,769.74,769.83,769.35,769.83,40485
1788442920,769.84,769.88,769.42,769.49,21650
1788443040,769.51,769.93,769.42,769.79,29749
1788443160,769.77,769.97,769.615,769.84,30042
1788443280,769.87,769.935,769.43,769.64,24271
1788443400,769.645,770.02,769.63,770.01,37458
1788443520,770.03,770.045,769.51,769.569,74643
1788443640,769.53,769.6,769.32,769.42,27968
1788443760,769.39,769.39,769.11,769.15,19578
1788443880,769.15,769.6,769.14,769.53,16725
1788444000,769.56,769.56,768.4,768.43,52493
1788444120,768.415,768.629,768.14,768.629,28866
1788444240,768.61,768.61,767.97,768.29,63721
1788444360,768.3,768.33,767.75,767.78,67951
1788444480,767.755,767.94,767.59,767.8,31623
1788444600,767.83,768.04,767.53,768.04,23787
1788444720,768.05,768.28,767.88,768.135,31253
1788444840,768.15,768.69,768.07,768.539,20565
1788444960,768.54,768.63,768.23,768.45,15317
1788445080,768.46,768.88,768.29,768.84,10154
1788445200,768.85,768.98,768.515,768.57,19802
1788445320,768.6,768.99,768.6,768.88,14355
1788445440,768.92,769.06,768.53,768.72,16589
1788445560,768.71,768.96,768.71,768.89,12948
1788445680,768.89,768.93,768.669,768.7,12630
1788445800,768.67,768.97,768.36,768.52,22374
1788445920,768.53,768.62,768.22,768.22,10126
1788446040,768.23,768.37,767.84,768.29,13481
1788446160,768.36,768.46,768.17,768.28,14364
1788446280,768.34,768.52,768.09,768.17,13182
1788446400,768.15,768.38,768.03,768.38,9713
1788446520,768.42,768.66,768.11,768.179,11657
1788446640,768.19,768.4,768.03,768.4,8140
1788446760,768.37,768.64,768.155,768.58,11753
1788446880,768.54,768.77,768.42,768.75,16224
1788447000,768.72,768.82,768.27,768.49,26388
1788447120,768.48,768.48,768.2,768.28,11541
1788447240,768.285,768.75,768.25,768.75,13540
1788447360,768.745,768.81,767.46,768.63,95665
1788447480,768.64,769.35,768.64,769.28,14773
1788447600,769.26,769.64,769.25,769.53,25234
1788447720,769.53,770.2,769.52,770.01,40386
1788447840,770,770.64,769.97,770.59,55899
1788447960,770.64,770.71,770.43,770.67,51741
1788448080,770.7,770.88,770.61,770.73,12766
1788448200,770.75,771.26,770.68,771.23,41151
1788448320,771.23,771.43,771.14,771.39,25999
1788448440,771.42,771.73,771.3,771.71,70854
1788448560,771.71,771.88,771.61,771.78,49179
1788448680,771.77,772.03,771.63,772,65730
1788448800,772.01,772.01,771.49,771.62,51150
1788448920,771.62,772.18,771.585,772.15,45993
1788449040,772.155,772.225,772.01,772.201,29678
1788449160,772.21,772.65,772.18,772.61,31479
1788449280,772.585,772.95,772.52,772.93,37355
1788449400,772.95,773.2,772.81,773.14,42720
1788449520,773.13,773.13,772.7,772.77,28926
1788449640,772.77,772.98,772.65,772.84,21326
1788449760,772.81,772.81,772.445,772.46,26235
1788449880,772.46,772.63,772.42,772.479,22635
1788450000,772.47,772.601,772.28,772.49,26181
1788450120,772.49,772.84,772.46,772.81,24001
1788450240,772.81,772.82,772.55,772.8,13305
1788450360,772.81,772.86,772.64,772.73,21041
1788450480,772.78,772.99,772.7,772.94,17267
1788450600,772.92,773.201,772.92,773.18,16205
1788450720,773.17,773.25,773.02,773.06,23089
1788450840,773.06,773.21,773,773.1,30658
1788450960,773.1,773.23,772.96,773.155,20513
1788451080,773.16,773.32,773.13,773.32,14410
1788451200,773.31,773.31,773.08,773.08,11330
1788451320,773.1,773.2,773.03,773.07,21879
1788451440,773.08,773.08,772.76,772.78,34628
1788451560,772.77,772.77,772.52,772.52,18462
1788451680,772.52,772.66,772.47,772.535,18112
1788451800,772.52,772.67,772.42,772.44,14903
1788451920,772.45,772.52,772.38,772.49,12608
1788452040,772.52,772.74,772.52,772.709,26048
1788452160,772.73,772.76,772.54,772.64,8672
1788452280,772.65,772.85,772.575,772.73,9938
1788452400,772.759,772.779,772.56,772.68,8014
1788452520,772.71,772.81,772.52,772.59,14064
1788452640,772.6,772.62,772.29,772.3,11200
1788452760,772.295,772.46,772.22,772.46,11895
1788452880,772.46,772.48,772.36,772.46,7764
1788453000,772.43,772.52,772.31,772.4,10357
1788453120,772.409,772.59,772.31,772.59,9497
1788453240,772.6,772.61,772.38,772.38,8488
1788453360,772.43,772.62,772.38,772.6,15790
1788453480,772.605,773.05,772.59,772.95,20916
1788453600,772.97,773.18,772.92,773.12,8748
1788453720,773.12,773.18,773.035,773.12,11873
1788453840,773.12,773.2,773.03,773.15,6785
1788453960,773.135,773.21,773.055,773.17,13510
1788454080,773.13,773.23,773.015,773.1,9567
1788454200,773.1,773.13,772.86,772.9,15097
1788454320,772.88,772.91,772.74,772.74,6573
1788454440,772.74,772.88,772.74,772.84,7196
1788454560,772.845,773,772.74,772.96,7020
1788454680,772.98,773.01,772.87,772.88,6062
1788454800,772.9,773,772.73,772.85,10465
1788454920,772.85,772.859,772.66,772.71,5184
1788455040,772.72,772.89,772.71,772.81,4530
1788455160,772.81,772.83,772.58,772.62,11222
1788455280,772.59,772.62,772.41,772.41,20693
1788455400,772.42,772.52,772.39,772.43,8772
1788455520,772.43,772.48,772.33,772.46,11991
1788455640,772.46,772.56,772.39,772.53,8690
1788455760,772.52,772.57,772.41,772.52,5332
1788455880,772.51,772.57,772.33,772.34,7951
1788456000,772.32,772.32,772.15,772.21,8513
1788456120,772.205,772.32,772.12,772.29,12531
1788456240,772.27,772.41,772.24,772.41,12282
1788456360,772.4,772.61,772.39,772.49,8356
1788456480,772.48,772.67,772.45,772.66,15202
1788456600,772.67,772.84,772.65,772.815,10308
1788456720,772.8,772.88,772.78,772.86,8057
1788456840,772.86,772.96,772.84,772.96,6912
1788456960,772.98,773.13,772.9,772.9,13486
1788457080,772.89,773.05,772.88,773.02,15295
1788457200,773.01,773.18,773.01,773.16,9578
1788457320,773.13,773.2,773.04,773.09,10451
1788457440,773.07,773.19,773.01,773.13,11202
1788457560,773.12,773.13,772.96,773.05,8659
1788457680,773.02,773.02,772.88,773.01,13721
1788457800,772.99,773.27,772.95,773.27,8920
1788457920,773.269,773.49,773.269,773.4,37095
1788458040,773.35,773.49,773.35,773.45,14378
1788458160,773.43,773.48,773.3,773.3,10219
1788458280,773.27,773.34,773.22,773.28,6678
1788458400,773.28,773.94,773.28,773.8,37160
1788458520,773.78,773.92,773.65,773.79,23475
1788458640,773.76,773.85,773.68,773.77,24721
1788458760,773.79,773.91,773.67,773.72,21768
1788458880,773.715,773.85,773.65,773.81,29329
1788459000,773.795,773.91,773.73,773.81,11199
1788459120,773.8,773.9,773.72,773.88,9320
1788459240,773.87,774.02,773.8,774.02,11487
1788459360,774.025,774.03,773.9,773.95,14487
1788459480,773.96,773.96,773.65,773.73,24823
1788459600,773.73,773.82,773.705,773.73,10960
1788459720,773.73,773.75,773.57,773.59,13609
1788459840,773.57,773.78,773.57,773.77,10308
1788459960,773.76,773.86,773.64,773.71,8371
1788460080,773.7,773.8,773.68,773.74,9578
1788460200,773.75,773.77,773.55,773.61,10872
1788460320,773.63,773.84,773.61,773.83,12656
1788460440,773.83,773.9,773.76,773.82,17581
1788460560,773.82,773.88,773.77,773.82,23424
1788460680,773.81,773.88,773.77,773.81,12693
1788460800,773.82,773.82,773.67,773.67,11817
1788460920,773.68,773.69,773.5,773.56,14223
1788461040,773.56,773.68,773.56,773.66,11113
1788461160,773.65,773.75,773.62,773.75,17178
1788461280,773.74,773.8,773.62,773.77,13441
1788461400,773.765,773.85,773.59,773.6,29761
1788461520,773.609,773.65,773.55,773.64,7773
1788461640,773.645,773.65,773.46,773.5,15081
1788461760,773.5,773.51,773.41,773.44,12516
1788461880,773.44,773.68,773.43,773.68,15713
1788462000,773.68,773.72,773.445,773.59,21300
1788462120,773.595,773.595,773.47,773.52,8900
1788462240,773.52,773.67,773.5,773.61,37609
1788462360,773.62,773.69,773.58,773.6,11201
1788462480,773.58,773.58,773.47,773.58,14532
1788462600,773.58,773.62,773.46,773.5,12895
1788462720,773.5,773.58,773.43,773.46,14948
1788462840,773.44,773.45,773.3,773.37,23373
1788462960,773.4,773.47,773.33,773.42,16890
1788463080,773.41,773.59,773.34,773.59,29454
1788463200,773.6,773.6,773.34,773.44,21960
1788463320,773.43,773.45,773.29,773.32,48624
1788463440,773.33,773.33,773.13,773.2,41697
1788463560,773.22,773.37,773.15,773.319,25109
1788463680,773.3,773.42,773.25,773.41,23301
1788463800,773.4,773.535,773.37,773.48,26899
1788463920,773.49,773.51,773.34,773.36,46662
1788464040,773.38,773.4,773.27,773.355,32223
1788464160,773.34,773.55,773.33,773.54,21138
1788464280,773.52,773.53,773.41,773.439,35490
1788464400,773.45,773.53,773.28,773.3,34216
1788464520,773.29,773.38,773.2,773.275,55539
1788464640,773.28,773.4,773.2,773.4,59932
1788464760,773.385,773.42,773.2,773.24,28619
1788464880,773.23,773.3,773.15,773.26,31946
1788465000,773.26,773.36,773.105,773.225,31590
1788465120,773.22,773.34,773.09,773.09,33281
1788465240,773.09,773.26,772.86,772.94,75155
1788465360,772.935,773.04,772.86,773.02,142116
1788465480,773.005,773.22,772.69,773.12,407339
1788528600,772,772.54,771.87,772.509,63593
1788528720,772.5,772.789,772.31,772.59,29241
1788528840,772.68,772.82,772.56,772.75,30255
1788528960,772.74,772.87,772.34,772.5,29159
1788529080,772.5,772.58,772.27,772.48,19933
1788529200,772.47,772.49,772.02,772.27,24640
1788529320,772.28,772.38,772,772.38,37574
1788529440,772.43,772.49,771.82,771.94,58543
1788529560,771.92,772.43,771.9,772.34,22989
1788529680,772.35,772.61,772.35,772.515,27574
1788529800,772.51,772.51,772.15,772.22,19579
1788529920,772.21,772.33,771.99,772.31,20596
1788530040,772.33,772.5,772.25,772.49,13910
1788530160,772.5,772.57,772.32,772.4,17688
1788530280,772.43,772.51,772.12,772.31,33574
1788530400,772.305,772.36,772,772.07,33246
1788530520,772.07,772.16,771.83,772.03,41586
1788530640,772.03,772.14,771.93,772.08,12997
1788530760,772.08,772.13,771.81,771.81,13037
1788530880,771.84,771.86,771.53,771.53,27175
1788531000,771.52,771.64,771.16,771.19,25610
1788531120,771.2,771.24,770.84,771.23,33236
1788531240,771.24,771.69,771.23,771.35,17999
1788531360,771.36,771.439,771.17,771.18,18956
1788531480,771.19,771.28,770.94,770.97,10964
1788531600,770.97,771.18,770.86,771.17,29104
1788531720,771.2,771.24,771.01,771.18,21064
1788531840,771.195,771.195,770.94,771.05,13245
1788531960,771.05,771.05,770.77,770.92,12988
1788532080,770.89,771.27,770.78,771.2,13876
1788532200,771.22,771.29,770.73,770.8,26278
1788532320,770.82,771.12,770.77,770.9,9904
1788532440,770.93,771.01,770.75,770.98,7437
1788532560,770.97,771.061,770.78,771.01,9616
1788532680,771.045,771.16,770.95,771.1,10175
1788532800,771.1,771.11,770.87,770.93,9550
1788532920,770.95,770.95,770.28,770.33,16807
1788533040,770.33,770.49,770.279,770.38,10240
1788533160,770.38,770.38,770.07,770.12,19552
1788533280,770.16,770.2,769.75,769.79,30915
1788533400,769.78,770.155,769.76,769.955,17588
1788533520,769.93,770.1,769.8,769.81,10666
1788533640,769.82,769.84,769.501,769.68,19096
1788533760,769.69,769.74,769.31,769.57,20060
1788533880,769.59,769.7,769.34,769.45,15403
1788534000,769.47,769.63,769.34,769.42,19521
1788534120,769.42,769.47,769.05,769.32,24519
1788534240,769.28,769.51,769.26,769.42,16296
1788534360,769.45,769.69,769.42,769.67,17437
1788534480,769.675,769.75,769.53,769.7,14821
1788534600,769.69,769.74,769.43,769.59,20150
1788534720,769.59,769.929,769.52,769.88,22782
1788534840,769.85,769.94,769.75,769.88,13881
1788534960,769.85,769.98,769.54,769.63,12671
1788535080,769.6,769.6,769.27,769.35,11880
1788535200,769.35,769.405,769.12,769.2,12913
1788535320,769.19,769.44,769.18,769.28,15211
1788535440,769.26,769.4,769.18,769.32,14051
1788535560,769.32,769.4,769.14,769.35,10455
1788535680,769.4,769.5,769.29,769.44,12048
1788535800,769.45,769.49,769,769.07,22177
1788535920,769.08,769.33,769.04,769.33,13531
1788536040,769.32,769.5,769.095,769.37,17601
1788536160,769.37,769.44,769.28,769.3,8220
1788536280,769.32,769.55,769.32,769.55,8178
1788536400,769.54,769.86,769.49,769.85,13136
1788536520,769.83,770.019,769.82,770.01,17044
1788536640,770,770.04,769.82,770.025,13792
1788536760,770.03,770.06,769.63,769.73,11197
1788536880,769.75,769.83,769.65,769.81,8640
1788537000,769.82,769.98,769.71,769.79,13631
1788537120,769.78,769.93,769.76,769.89,12252
1788537240,769.88,770.04,769.85,769.989,7252
1788537360,769.98,769.99,769.67,769.93,9735
1788537480,769.94,770.04,769.88,769.95,7700
1788537600,769.95,770.06,769.87,769.93,7438
1788537720,769.96,770.04,769.83,769.86,6722
1788537840,769.88,770.21,769.88,770.15,11303
1788537960,770.14,770.25,769.92,770.25,11942
1788538080,770.26,770.43,770.24,770.34,13431
1788538200,770.35,770.5,770.29,770.5,8585
1788538320,770.48,770.63,770.42,770.59,6180
1788538440,770.63,770.75,770.6,770.61,7158
1788538560,770.63,770.78,770.57,770.73,6798
1788538680,770.74,770.88,770.67,770.85,9337
1788538800,770.87,771.16,770.86,771.03,13954
1788538920,770.99,771.01,770.87,770.92,7407
1788539040,770.919,770.92,770.74,770.75,12509
1788539160,770.78,770.81,770.66,770.81,5785
1788539280,770.77,770.82,770.61,770.66,5010
1788539400,770.65,770.75,770.55,770.68,9994
1788539520,770.69,770.87,770.69,770.8,11548
1788539640,770.79,770.925,770.79,770.88,6561
1788539760,770.87,770.87,770.68,770.75,12070
1788539880,770.77,770.82,770.72,770.79,4955
1788540000,770.78,770.86,770.71,770.77,7378
1788540120,770.78,770.86,770.73,770.82,3984
1788540240,770.86,770.98,770.86,770.95,6097
1788540360,770.96,771.19,770.93,771.17,12960
1788540480,771.19,771.23,771.06,771.22,10009
1788540600,771.21,771.26,771.19,771.26,6092
1788540720,771.26,771.32,771.16,771.16,5975
1788540840,771.13,771.16,771.05,771.13,5538
1788540960,771.13,771.16,770.97,771.04,8858
1788541080,771.05,771.085,770.88,770.89,7057
1788541200,770.89,770.965,770.73,770.79,6928
1788541320,770.79,770.79,770.44,770.45,16170
1788541440,770.45,770.64,770.38,770.52,23428
1788541560,770.53,770.62,770.46,770.55,7631
1788541680,770.57,770.67,770.35,770.35,9406
1788541800,770.35,770.5,770.35,770.35,6078
1788541920,770.35,770.47,770.31,770.4,5893
1788542040,770.41,770.47,770.29,770.36,6928
1788542160,770.36,770.48,770.24,770.43,17064
1788542280,770.435,770.47,770.22,770.29,13695
1788542400,770.29,770.37,770.15,770.15,8794
1788542520,770.16,770.27,770.15,770.185,5775
1788542640,770.16,770.2,770.03,770.15,16403
1788542760,770.15,770.22,770.04,770.09,3439
1788542880,770.12,770.13,769.81,769.86,19825
1788543000,769.84,769.87,769.55,769.61,21513
1788543120,769.67,769.74,769.5,769.56,13915
1788543240,769.52,769.75,769.48,769.67,6815
1788543360,769.65,769.67,769.53,769.59,3697
1788543480,769.59,769.75,769.58,769.68,15825
1788543600,769.7,769.7,769.45,769.45,14593
1788543720,769.45,769.48,769.32,769.45,15101
1788543840,769.45,769.46,769.139,769.16,14535
1788543960,769.19,769.53,769.13,769.45,13397
1788544080,769.44,769.48,769.285,769.41,3841
1788544200,769.37,769.48,769.28,769.36,8184
1788544320,769.37,769.52,769.37,769.41,11044
1788544440,769.41,769.429,769.3,769.35,10427
1788544560,769.38,769.44,769.329,769.36,6593
1788544680,769.36,769.54,769.34,769.459,16416
1788544800,769.43,769.61,769.23,769.25,11868
1788544920,769.26,769.38,769.23,769.33,15480
1788545040,769.33,769.37,769.24,769.31,13219
1788545160,769.31,769.42,769.21,769.35,9524
1788545280,769.36,769.59,769.36,769.59,8068
1788545400,769.57,769.72,769.535,769.64,23026
1788545520,769.61,769.74,769.57,769.679,8577
1788545640,769.69,769.74,769.59,769.6,5536
1788545760,769.6,769.71,769.6,769.7,7185
1788545880,769.73,769.83,769.73,769.79,5900
1788546000,769.79,769.959,769.73,769.95,24434
1788546120,769.98,769.99,769.84,769.87,3070
1788546240,769.879,769.96,769.86,769.9,6961
1788546360,769.92,769.94,769.76,769.94,7144
1788546480,769.93,769.93,769.77,769.88,9388
1788546600,769.89,769.99,769.85,769.89,5137
1788546720,769.9,770.03,769.85,770.01,10756
1788546840,770.02,770.03,769.91,769.91,6891
1788546960,769.93,769.93,769.79,769.79,3508
1788547080,769.81,769.89,769.79,769.89,9731
1788547200,769.88,769.98,769.79,769.93,13310
1788547320,769.95,770.09,769.94,770.08,13164
1788547440,770.09,770.18,770.07,770.11,10552
1788547560,770.105,770.23,770.105,770.2,6942
1788547680,770.22,770.24,770.15,770.22,15957
1788547800,770.21,770.21,770.15,770.19,7885
1788547920,770.18,770.3,770.18,770.2,25443
1788548040,770.21,770.27,770.169,770.25,8321
1788548160,770.26,770.34,770.23,770.34,11805
1788548280,770.37,770.37,770.23,770.23,7000
1788548400,770.26,770.38,770.08,770.21,22447
1788548520,770.2,770.22,769.8,769.81,16623
1788548640,769.81,769.83,769.68,769.78,14980
1788548760,769.78,769.819,769.65,769.66,11277
1788548880,769.68,769.72,769.63,769.68,15357
1788549000,769.69,769.799,769.65,769.77,13303
1788549120,769.765,769.83,769.63,769.64,11438
1788549240,769.65,769.7,769.6,769.65,15521
1788549360,769.65,769.77,769.59,769.67,22497
1788549480,769.67,769.725,769.62,769.66,12125
1788549600,769.66,769.83,769.65,769.75,29154
1788549720,769.75,769.78,769.63,769.68,13003
1788549840,769.68,769.88,769.68,769.88,19185
1788549960,769.85,770.02,769.835,769.96,6529
1788550080,769.96,770.07,769.945,770.01,14311
1788550200,769.97,770,769.85,769.93,12503
1788550320,769.93,770.07,769.88,770.06,14574
1788550440,770.03,770.05,769.89,769.94,20703
1788550560,769.94,770,769.73,769.73,23690
1788550680,769.73,769.75,769.64,769.75,23562
1788550800,769.75,769.94,769.66,769.89,28725
1788550920,769.88,769.95,769.8,769.87,31932
1788551040,769.875,770.03,769.86,769.93,31257
1788551160,769.94,770.15,769.91,770.14,28369
1788551280,770.15,770.19,770.07,770.13,30677
1788551400,770.12,770.4,770.06,770.33,36189
1788551520,770.33,770.37,770.12,770.21,25564
1788551640,770.22,770.48,770.11,770.24,44254
1788551760,770.25,770.39,770.17,770.3,54694
1788551880,770.31,770.375,769.8,770.24,509321
1788874200,769.07,769.69,768.835,768.87,119386
1788874320,768.875,769.18,768.68,768.95,38150
1788874440,768.94,769.03,768.45,768.539,42676
1788874560,768.53,768.57,768.145,768.495,23275
1788874680,768.47,768.71,768.12,768.14,13071
1788874800,768.14,768.14,767.49,767.5,26214
1788874920,767.5,767.519,767.1,767.44,30627
1788875040,767.43,767.69,767.2,767.63,23816
1788875160,767.62,767.805,767.25,767.4,18171
1788875280,767.43,767.715,767.36,767.715,31476
1788875400,767.74,767.74,767,767.15,31864
1788875520,767.19,767.29,766.82,766.97,20898
1788875640,766.97,767.91,766.94,767.91,22286
1788875760,767.9,768.08,767.71,767.96,16217
1788875880,767.96,767.96,767.38,767.48,18456
1788876000,767.46,767.64,766.89,766.89,30457
1788876120,766.88,766.92,766.6,766.77,33792
1788876240,766.82,767.07,766.55,766.89,9988
1788876360,766.87,766.95,766.51,766.65,31956
1788876480,766.62,766.72,766.4,766.445,23627
1788876600,766.42,766.42,765.99,765.99,30208
1788876720,766.02,766.77,766,766.71,11193
1788876840,766.69,766.76,766.37,766.64,12680
1788876960,766.65,766.72,766.33,766.37,23961
1788877080,766.37,766.59,766.13,766.56,33711
1788877200,766.54,766.86,766.35,766.73,41776
1788877320,766.74,766.95,766.63,766.94,14234
1788877440,766.95,767.14,766.92,767,17941
1788877560,767.02,767.04,766.44,766.449,21959
1788877680,766.44,766.74,766.41,766.7,15513
1788877800,766.7,766.89,766.445,766.65,15139
1788877920,766.67,766.77,766.47,766.75,12985
1788878040,766.785,767.04,766.725,766.94,12552
1788878160,766.94,766.96,766.65,766.85,9836
1788878280,766.88,767.07,766.67,766.89,13893
1788878400,766.91,767.17,766.79,767.08,12764
1788878520,767.09,767.23,766.92,766.97,10046
1788878640,766.969,767.21,766.67,766.92,23335
1788878760,766.89,767.2,766.86,767.15,7565
1788878880,767.15,767.29,767.01,767.26,8978
1788879000,767.25,767.72,767.21,767.52,14547
1788879120,767.51,767.63,767.28,767.61,18569
1788879240,767.65,767.94,767.53,767.925,14566
1788879360,767.88,767.88,767.45,767.45,12590
1788879480,767.46,767.66,767.34,767.63,16005
1788879600,767.67,767.76,767.54,767.74,9240
1788879720,767.72,767.87,767.49,767.78,10687
1788879840,767.77,767.77,767.63,767.71,19522
1788879960,767.74,767.815,767.57,767.69,9017
1788880080,767.69,767.715,767.47,767.67,8646
1788880200,767.67,768.105,767.665,768,20261
1788880320,767.99,768.31,767.89,768.29,28888
1788880440,768.28,768.3,767.93,768.21,14932
1788880560,768.19,768.31,768.13,768.31,10987
1788880680,768.29,768.34,768,768.09,12354
1788880800,768.08,768.08,767.55,767.55,13402
1788880920,767.55,767.71,767.35,767.71,25217
1788881040,767.7,768.35,767.68,768.07,47923
1788881160,768.07,768.17,767.97,768.02,25786
1788881280,768.02,768.13,767.81,767.83,38039
1788881400,767.8,768.07,767.8,767.9,13899
1788881520,767.88,767.91,767.625,767.7,8122
1788881640,767.7,767.84,767.5,767.53,15090
1788881760,767.52,767.54,767.39,767.49,13274
1788881880,767.46,767.52,767.34,767.52,11702
1788882000,767.47,767.87,767.41,767.87,16275
1788882120,767.88,768.02,767.85,767.94,9038
1788882240,767.94,768.04,767.875,767.95,6734
1788882360,767.96,767.96,767.57,767.61,13503
1788882480,767.61,767.72,767.47,767.55,8833
1788882600,767.57,767.77,767.51,767.59,7308
1788882720,767.63,767.71,767.57,767.61,5209
1788882840,767.62,767.65,767.48,767.58,6352
1788882960,767.6,767.69,767.54,767.62,6775
1788883080,767.65,767.71,767.35,767.37,7511
1788883200,767.39,767.39,767.2,767.29,7723
1788883320,767.28,767.4,767.26,767.4,71489
1788883440,767.39,767.77,767.38,767.77,9578
1788883560,767.77,767.79,767.48,767.64,6637
1788883680,767.64,767.68,767.32,767.32,8169
1788883800,767.33,767.34,767.03,767.07,22242
1788883920,767.095,767.31,767.09,767.31,14874
1788884040,767.3,767.3,767.08,767.09,26383
1788884160,767.1,767.1,766.81,766.98,23397
1788884280,766.97,767.06,766.89,766.91,10975
1788884400,766.9,767.26,766.81,767.18,16669
1788884520,767.19,767.42,767.18,767.42,8591
1788884640,767.415,767.65,767.3,767.57,8691
1788884760,767.56,767.58,767.29,767.29,11514
1788884880,767.29,767.31,767.09,767.1,11355
1788885000,767.11,767.21,767,767.21,12994
1788885120,767.16,767.29,767.05,767.29,6549
1788885240,767.29,767.32,767.1,767.16,12452
1788885360,767.16,767.19,767.07,767.09,8628
1788885480,767.07,767.11,766.945,766.99,10949
1788885600,767,767.13,766.89,766.98,12713
1788885720,766.99,767.04,766.81,766.98,9235
1788885840,766.97,767.1,766.91,766.98,13521
1788885960,766.98,767.25,766.97,767.17,12087
1788886080,767.19,767.31,767.1,767.26,7359
1788886200,767.25,767.62,767.14,767.19,20182
1788886320,767.18,767.36,767.1,767.36,12479
1788886440,767.375,767.4,767.175,767.18,13582
1788886560,767.25,767.25,766.65,766.94,41052
1788886680,766.95,767.3,766.55,766.94,24724
1788886800,766.9,767.8,766.9,767.79,13608
1788886920,767.76,767.84,767.665,767.79,8922
1788887040,767.77,767.92,767.72,767.86,9994
1788887160,767.9,768.12,767.78,767.83,30071
1788887280,767.82,767.82,767.55,767.55,7203
1788887400,767.56,767.72,767.56,767.63,6141
1788887520,767.66,767.695,767.52,767.66,4622
1788887640,767.67,767.7,767.52,767.605,8225
1788887760,767.63,767.72,767.61,767.67,4697
1788887880,767.66,767.67,767.56,767.61,5721
1788888000,767.6,767.65,767.43,767.53,5633
1788888120,767.53,767.595,767.45,767.55,8663
1788888240,767.56,767.7,767.3,767.35,9450
1788888360,767.32,767.32,767.19,767.28,8831
1788888480,767.28,767.49,767.28,767.49,7186
1788888600,767.49,767.63,767.44,767.54,10383
1788888720,767.56,767.75,767.51,767.72,10724
1788888840,767.71,767.815,767.64,767.745,8484
1788888960,767.75,767.82,767.68,767.8,13302
1788889080,767.845,767.875,767.69,767.69,6291
1788889200,767.69,767.69,767.44,767.51,11701
1788889320,767.49,767.58,767.42,767.42,7660
1788889440,767.42,767.46,767.315,767.37,9202
1788889560,767.39,767.525,767.35,767.52,9221
1788889680,767.52,767.61,767.47,767.58,3875
1788889800,767.58,767.65,767.48,767.64,20339
1788889920,767.64,767.83,767.64,767.83,9896
1788890040,767.83,767.83,767.65,767.66,7933
1788890160,767.65,767.67,767.51,767.57,10003
1788890280,767.57,767.61,767.47,767.47,10918
1788890400,767.47,767.65,767.46,767.51,8799
1788890520,767.52,767.6,767.49,767.5,11128
1788890640,767.51,767.72,767.49,767.72,15753
1788890760,767.75,767.81,767.67,767.69,15011
1788890880,767.705,767.82,767.69,767.77,6430
1788891000,767.775,767.88,767.76,767.86,7675
1788891120,767.86,767.86,767.68,767.69,9279
1788891240,767.69,767.83,767.69,767.79,9369
1788891360,767.76,767.87,767.7,767.76,8343
1788891480,767.75,767.81,767.67,767.81,6577
1788891600,767.79,767.889,767.73,767.74,8499
1788891720,767.74,767.79,767.62,767.63,7325
1788891840,767.63,767.67,767.53,767.65,13627
1788891960,767.64,767.74,767.62,767.68,9692
1788892080,767.68,767.8,767.63,767.76,8219
1788892200,767.78,767.79,767.56,767.63,6210
1788892320,767.62,767.7,767.6,767.6,10347
1788892440,767.62,767.64,767.3,767.32,9393
1788892560,767.32,767.41,767.27,767.36,9157
1788892680,767.355,767.45,767.15,767.2,10619
1788892800,767.19,767.21,767.08,767.16,8494
1788892920,767.16,767.45,767.14,767.45,6947
1788893040,767.45,767.62,767.41,767.52,9885
1788893160,767.51,767.6,766.99,767,36270
1788893280,767.04,767.06,765.68,766.26,101519
1788893400,766.28,766.95,766.28,766.59,29447
1788893520,766.6,766.88,766.2,766.86,29197
1788893640,766.84,767.05,766.8,766.98,26804
1788893760,766.97,767.08,766.86,766.955,23291
1788893880,766.93,766.975,766.75,766.77,11487
1788894000,766.81,766.94,766.6,766.82,17951
1788894120,766.81,766.85,766.66,766.72,9101
1788894240,766.72,766.73,766.5,766.71,14468
1788894360,766.71,766.97,766.66,766.96,10807
1788894480,766.93,766.98,766.82,766.83,11915
1788894600,766.85,767.1,766.79,767.02,17463
1788894720,767.02,767.04,766.91,766.94,17255
1788894840,766.94,766.98,766.83,766.91,9224
1788894960,766.95,767.03,766.74,766.85,15682
1788895080,766.83,766.835,766.61,766.7,17901
1788895200,766.695,766.87,766.63,766.83,14824
1788895320,766.82,766.87,766.61,766.68,26850
1788895440,766.66,766.66,766.51,766.6,27193
1788895560,766.62,766.9,766.53,766.83,17921
1788895680,766.85,767.03,766.69,766.985,25863
1788895800,766.97,766.97,766.72,766.94,28124
1788895920,766.97,767.1,766.91,767.03,20621
1788896040,767.03,767.15,766.84,766.85,24393
1788896160,766.85,766.92,766.77,766.85,27501
1788896280,766.85,766.995,766.81,766.95,19003
1788896400,766.975,767.075,766.81,766.875,35740
1788896520,766.86,766.87,766.68,766.76,47697
1788896640,766.77,766.88,766.48,766.49,32526
1788896760,766.495,766.55,766.41,766.495,35176
1788896880,766.49,766.59,766.32,766.55,39775
1788897000,766.56,766.63,765.85,766.06,140060
1788897120,766.06,766.1,765.73,765.79,82833
1788897240,765.79,766.06,765.52,766.02,124010
1788897360,766.01,766.03,765.73,765.735,147539
1788897480,765.74,766.14,765.15,765.98,497613
1788960600,764.09,764.19,763.24,763.81,66884
1788960720,763.84,763.86,763.36,763.67,12619
1788960840,763.65,764.38,763.65,763.91,26784
1788960960,763.9,764.08,763.669,763.75,64748
1788961080,763.78,763.92,763.61,763.8,6921
1788961200,763.76,764.01,763.62,763.97,12350
1788961320,763.96,763.96,763.42,763.55,13169
1788961440,763.56,763.95,763.5,763.5,11353
1788961560,763.54,763.99,763.43,763.69,11302
1788961680,763.71,764.21,763.52,763.85,47155
1788961800,763.88,763.92,763.5,763.5,31910
1788961920,763.5,763.93,763.49,763.93,10031
1788962040,763.83,764,763.66,764,10086
1788962160,764,764.02,763.75,763.889,15396
1788962280,763.87,764.2,763.76,764.1,11147
1788962400,764.11,764.2,763.56,763.57,20376
1788962520,763.58,763.86,763.4,763.82,17058
1788962640,763.85,764.02,763.73,763.92,11339
1788962760,763.91,764.03,763.78,764.03,9355
1788962880,764.02,764.15,763.9,764.069,12992
1788963000,764.07,764.13,763.62,763.66,10597
1788963120,763.68,763.9,763.64,763.9,19203
1788963240,763.91,764.01,763.53,763.66,14218
1788963360,763.62,763.62,763.14,763.27,29817
1788963480,763.23,763.23,762.81,763.05,31692
1788963600,763.04,763.16,762.85,762.899,30593
1788963720,762.89,762.95,762.72,762.8,31519
1788963840,762.82,763.1,762.49,763.1,48295
1788963960,763.09,763.49,763.02,763.41,12423
1788964080,763.42,764.05,763.41,763.98,29413
1788964200,763.97,764.01,763.66,763.85,15085
1788964320,763.81,763.96,763.49,763.54,14665
1788964440,763.51,763.74,763.42,763.61,16391
1788964560,763.63,763.8,763.27,763.37,14390
1788964680,763.37,763.62,763.25,763.62,9950
1788964800,763.59,763.8,763.46,763.76,10411
1788964920,763.72,763.73,763.49,763.68,6550
1788965040,763.67,763.87,763.41,763.64,14533
1788965160,763.64,763.68,763.46,763.57,5721
1788965280,763.6,763.77,763.49,763.73,6928
1788965400,763.74,763.81,763.57,763.72,6442
1788965520,763.71,763.94,763.53,763.62,18952
1788965640,763.649,763.89,763.58,763.65,8927
1788965760,763.6,763.72,763.465,763.65,6117
1788965880,763.66,763.9,763.6,763.78,9525
1788966000,763.79,764.47,763.11,763.34,45616
1788966120,763.33,763.55,762.83,762.95,28181
1788966240,762.91,763.04,762.68,762.68,20165
1788966360,762.69,762.86,762.56,762.72,23509
1788966480,762.715,762.82,762.17,762.23,27768
1788966600,762.27,762.29,761.44,761.51,24555
1788966720,761.48,761.76,761.4,761.59,40617
1788966840,761.61,761.86,761.5,761.71,39534
1788966960,761.72,762.03,761.59,761.91,40710
1788967080,761.91,762.16,761.86,762.04,16848
1788967200,762.03,762.13,761.66,761.76,23141
1788967320,761.765,761.79,761.12,761.22,26404
1788967440,761.2,761.27,760.94,761.25,28944
1788967560,761.24,761.42,761.14,761.37,19615
1788967680,761.33,761.57,761.27,761.54,30058
1788967800,761.57,761.82,761.48,761.63,25080
1788967920,761.63,761.97,761.59,761.965,24801
1788968040,761.96,762.27,761.92,762.1,15234
1788968160,762.08,762.33,762.08,762.09,9712
1788968280,762.05,762.96,761.77,762.93,33539
1788968400,762.92,763.1,762,762.15,49219
1788968520,762.15,762.32,762.12,762.22,14719
1788968640,762.22,762.27,762.1,762.1,14958
1788968760,762.04,762.2,762.025,762.1,8149
1788968880,762.09,762.34,762.065,762.27,6117
1788969000,762.27,762.62,762.27,762.55,13062
1788969120,762.51,762.55,762.4,762.5,10464
1788969240,762.49,762.55,762.11,762.12,7647
1788969360,762.12,762.14,761.85,761.85,13399
1788969480,761.86,762.22,761.86,762.19,13592
1788969600,762.15,762.27,762.03,762.23,7311
1788969720,762.2,762.37,762.14,762.25,5881
1788969840,762.251,762.41,762.25,762.38,8097
1788969960,762.34,762.34,761.94,761.94,7641
1788970080,761.93,761.93,761.52,761.52,37361
1788970200,761.5,761.7,761.43,761.65,14563
1788970320,761.66,761.9,761.62,761.8,10320
1788970440,761.78,761.78,761.47,761.47,5684
1788970560,761.49,761.6,761.38,761.41,14771
1788970680,761.41,761.47,761.39,761.45,3934
1788970800,761.43,761.57,761.31,761.52,8258
1788970920,761.5,761.52,761.36,761.51,8766
1788971040,761.49,761.81,761.49,761.63,21426
1788971160,761.63,761.72,761.51,761.61,3212
1788971280,761.58,761.63,761.43,761.63,4552
1788971400,761.62,761.87,761.6,761.87,6277
1788971520,761.9,762.07,761.8,762.05,11561
1788971640,762.06,762.23,762.05,762.1,15413
1788971760,762.12,762.12,761.93,762.02,5846
1788971880,761.99,762.26,761.95,762.241,7494
1788972000,762.24,762.37,762.17,762.34,4783
1788972120,762.32,762.34,762.12,762.33,6448
1788972240,762.33,762.48,762.24,762.33,8821
1788972360,762.35,762.44,762.19,762.44,5842
1788972480,762.44,762.54,762.4,762.47,11698
1788972600,762.49,762.87,762.49,762.82,20784
1788972720,762.8,762.86,762.64,762.64,11520
1788972840,762.65,762.75,762.51,762.58,7320
1788972960,762.62,762.79,762.59,762.7,5394
1788973080,762.7,762.7,762.55,762.56,5961
1788973200,762.58,762.63,762.43,762.53,7456
1788973320,762.56,763.02,762.46,762.58,21823
1788973440,762.6,762.64,762.39,762.64,26354
1788973560,762.66,762.77,762.61,762.69,10304
1788973680,762.695,762.71,762.565,762.59,17495
1788973800,762.58,762.88,762.55,762.86,9605
1788973920,762.83,763.01,762.7,762.95,6501
1788974040,762.96,763.29,762.955,763.24,17176
1788974160,763.25,763.29,762.98,763.11,21827
1788974280,763.09,763.13,762.86,762.87,25813
1788974400,762.87,763.04,762.79,763,12751
1788974520,762.985,763.11,762.97,763.08,7854
1788974640,763.07,763.2,762.99,763.14,10454
1788974760,763.18,763.2,763,763.07,10952
1788974880,763.1,763.12,762.86,762.92,18721
1788975000,762.93,763.05,762.72,762.75,22794
1788975120,762.72,762.94,762.72,762.94,5719
1788975240,762.94,762.97,762.74,762.79,5636
1788975360,762.81,762.87,762.7,762.7,3622
1788975480,762.67,762.67,762.37,762.44,9171
1788975600,762.44,762.725,762.44,762.62,6602
1788975720,762.685,762.79,762.64,762.76,7193
1788975840,762.78,762.97,762.78,762.93,4666
1788975960,762.92,763.16,762.88,763.02,9562
1788976080,763.06,763.09,762.93,763.07,8034
1788976200,763.06,763.08,762.94,763.005,7506
1788976320,762.97,763.3,762.96,763.3,8191
1788976440,763.29,763.32,763.19,763.31,13676
1788976560,763.31,763.31,763.12,763.17,12483
1788976680,763.17,763.21,763.02,763.03,8272
1788976800,763.01,763.16,762.98,763.07,8528
1788976920,763.08,763.18,763.04,763.155,14340
1788977040,763.12,763.12,762.98,762.98,7486
1788977160,762.97,763.01,762.78,762.79,8026
1788977280,762.795,762.81,762.72,762.75,10993
1788977400,762.78,762.79,762.62,762.62,23689
1788977520,762.62,762.67,762.53,762.54,7726
1788977640,762.54,762.6,762.295,762.36,16435
1788977760,762.37,762.6,762.3,762.6,16657
1788977880,762.59,762.69,762.47,762.56,17861
1788978000,762.61,762.81,762.58,762.77,6055
1788978120,762.775,763.02,762.73,763,8962
1788978240,762.98,763.01,762.86,762.86,12029
1788978360,762.86,763.03,762.81,763.021,8721
1788978480,763.025,763.03,762.73,762.85,24832
1788978600,762.83,762.84,762.65,762.705,13830
1788978720,762.68,762.9,762.59,762.89,6246
1788978840,762.88,762.88,762.72,762.83,6133
1788978960,762.85,762.87,762.79,762.79,3920
1788979080,762.85,763.02,762.82,763.01,7032
1788979200,763,763.25,763,763.22,11995
1788979320,763.23,763.3,763.12,763.19,12115
1788979440,763.17,763.21,763.1,763.16,8197
1788979560,763.15,763.16,763.05,763.09,14452
1788979680,763.099,763.13,762.96,763.02,5696
1788979800,763.02,763.17,763.01,763.13,8932
1788979920,763.14,763.35,763.14,763.34,10679
1788980040,763.34,763.39,763.26,763.32,7698
1788980160,763.33,763.36,763.045,763.06,8929
1788980280,763.05,763.05,762.88,762.91,6440
1788980400,762.93,763.08,762.82,762.85,9612
1788980520,762.86,762.86,762.66,762.7,15579
1788980640,762.7,762.76,762.64,762.69,17376
1788980760,762.67,763.1,762.66,763.08,43147
1788980880,763.09,763.11,762.99,763.08,12434
1788981000,763.09,763.135,763,763.085,18729
1788981120,763.1,763.11,762.975,763.06,41161
1788981240,763.06,763.2,762.96,763.15,17380
1788981360,763.151,763.19,763.09,763.13,18611
1788981480,763.13,763.34,763.13,763.27,12671
1788981600,763.27,763.33,763.14,763.24,12051
1788981720,763.24,763.27,763.1,763.27,33970
1788981840,763.3,763.39,763.19,763.37,16007
1788981960,763.37,763.37,763.16,763.17,11717
1788982080,763.17,763.22,763.09,763.11,9245
1788982200,763.1,763.21,763,763.05,17956
1788982320,763.06,763.1,762.97,763.02,18898
1788982440,763,763.04,762.91,763.01,28693
1788982560,763.015,763.1,762.87,762.87,17161
1788982680,762.87,762.93,762.77,762.77,19292
1788982800,762.77,762.82,762.72,762.74,18846
1788982920,762.74,762.8,762.61,762.74,34116
1788983040,762.74,762.89,762.64,762.64,44751
1788983160,762.64,762.78,762.63,762.7,26508
1788983280,762.72,762.92,762.72,762.83,35417
1788983400,762.84,762.84,762.21,762.275,50655
1788983520,762.285,762.43,762.26,762.38,34126
1788983640,762.375,762.59,762.12,762.395,121034
1788983760,762.385,762.5,762.3,762.31,43752
1788983880,762.3,762.46,762.1,762.38,376982
1789047000,758.03,758.39,757.65,757.92,109727
1789047120,757.91,758.1,757.62,757.995,84772
1789047240,758.005,758.2,757.56,757.98,45707
1789047360,757.985,758.54,757.83,758.06,35934
1789047480,758.075,758.51,758.03,758.45,24336
1789047600,758.42,758.74,758.22,758.46,43487
1789047720,758.5,758.7,758.14,758.51,26089
1789047840,758.5,758.57,758.08,758.48,47358
1789047960,758.485,758.82,758.41,758.73,58288
1789048080,758.66,759,758.21,758.65,63962
1789048200,758.64,758.64,757.31,757.43,78195
1789048320,757.41,757.61,757.28,757.54,43258
1789048440,757.5,757.7,756.97,757.03,28846
1789048560,757,757.33,756.81,757.05,47006
1789048680,757.05,757.1,756.71,756.78,38453
1789048800,756.75,757.54,756.73,757.53,33075
1789048920,757.55,757.77,757.26,757.565,49532
1789049040,757.585,757.6,757.13,757.16,17088
1789049160,757.2,757.37,756.87,756.87,30010
1789049280,756.87,756.92,756.63,756.81,43290
1789049400,756.835,757.32,756.75,757.28,29020
1789049520,757.32,757.775,757.32,757.64,37667
1789049640,757.64,757.685,757.15,757.51,20007
1789049760,757.47,757.77,757.29,757.35,32501
1789049880,757.4,758.08,757.33,758.02,25259
1789050000,758.01,758.39,757.97,758.38,37926
1789050120,758.39,758.67,758.25,758.36,30796
1789050240,758.38,760.11,758.275,759.45,120688
1789050360,759.44,759.64,758.84,758.85,40779
1789050480,758.83,759.07,758.55,758.71,33588
1789050600,758.72,759.17,758.65,759.02,21058
1789050720,759.04,759.04,758.77,758.89,25450
1789050840,758.9,759.36,758.86,759.26,31758
1789050960,759.25,759.53,759.13,759.52,26893
1789051080,759.5,759.58,759.27,759.3,28680
1789051200,759.3,759.395,759.08,759.25,33481
1789051320,759.24,759.4,758.74,758.78,25019
1789051440,758.785,758.86,758.6,758.66,20251
1789051560,758.65,759.03,758.49,758.49,17838
1789051680,758.47,758.885,758.43,758.79,60632
1789051800,758.78,758.96,758.51,758.96,15996
1789051920,759.01,759.16,758.88,759.07,34101
1789052040,759.07,759.23,758.91,758.91,15152
1789052160,758.91,759.5,758.86,759.42,21237
1789052280,759.42,759.45,759.23,759.39,14087
1789052400,759.4,759.42,758.8,758.9,27305
1789052520,758.875,758.88,758.55,758.86,25141
1789052640,758.85,759.36,758.77,759.34,23062
1789052760,759.26,759.385,759.12,759.29,15646
1789052880,759.28,759.44,758.97,759.01,20893
1789053000,759.02,759.46,759.01,759.24,15562
1789053120,759.24,759.42,758.94,759.18,14305
1789053240,759.18,759.21,758.89,759.01,11592
1789053360,759.02,759.24,758.93,759.19,14383
1789053480,759.16,759.17,758.89,759.1,11873
1789053600,759.095,759.21,758.64,758.78,14886
1789053720,758.77,759.12,758.74,758.98,15555
1789053840,758.99,759.39,758.99,759.32,20804
1789053960,759.31,759.54,759.17,759.48,13530
1789054080,759.46,759.56,759.17,759.2,9420
1789054200,759.265,759.4,759.17,759.21,18898
1789054320,759.215,759.5,759.03,759.415,18717
1789054440,759.401,759.58,759.38,759.58,19025
1789054560,759.57,759.97,759.561,759.88,14151
1789054680,759.89,759.89,759.06,759.21,21536
1789054800,759.21,759.39,759.09,759.26,11165
1789054920,759.28,759.39,759.14,759.39,8740
1789055040,759.39,759.51,759.16,759.16,15084
1789055160,759.17,759.17,758.75,758.83,10366
1789055280,758.83,759.24,758.82,759.16,16781
1789055400,759.11,759.13,758.9,758.99,27227
1789055520,758.99,759.33,758.76,758.795,12951
1789055640,758.83,758.84,758.33,758.45,15701
1789055760,758.46,758.47,758.23,758.29,18522
1789055880,758.3,758.7,758.24,758.54,19136
1789056000,758.54,759.07,758.5,758.81,20514
1789056120,758.81,758.85,758.46,758.55,11717
1789056240,758.52,758.75,758.49,758.6,10017
1789056360,758.55,758.64,758.16,758.21,12278
1789056480,758.2,758.28,758.07,758.095,8719
1789056600,758.08,758.2,757.83,758,8838
1789056720,757.96,758.275,757.9,758.19,22516
1789056840,758.2,758.38,758.08,758.37,10311
1789056960,758.35,758.435,757.9,757.98,13568
1789057080,757.94,758.15,757.94,758.03,9315
1789057200,758.05,758.29,758.05,758.05,14289
1789057320,758.07,758.22,758.05,758.12,8352
1789057440,758.1,758.16,757.84,757.9,9861
1789057560,757.9,757.95,757.8,757.88,9648
1789057680,757.86,758.09,757.85,758.05,20532
1789057800,758.08,758.28,758.01,758.185,14296
1789057920,758.185,758.41,758.09,758.17,8505
1789058040,758.18,758.225,757.26,757.52,75928
1789058160,757.5,758.15,757.5,758.03,15926
1789058280,758.02,758.24,757.95,758.21,6197
1789058400,758.19,758.535,758.13,758.53,8828
1789058520,758.52,758.71,758.41,758.675,13737
1789058640,758.7,759.08,758.64,759.03,8497
1789058760,759.04,759.34,758.99,759.16,28249
1789058880,759.18,759.22,758.815,758.83,9281
1789059000,758.84,758.98,758.77,758.77,6630
1789059120,758.76,759.13,758.7,759.1,25254
1789059240,759.12,759.34,759.09,759.27,15954
1789059360,759.26,759.28,759.05,759.07,21184
1789059480,759.06,759.28,759.05,759.21,15091
1789059600,759.2,759.21,758.97,759.15,8200
1789059720,759.16,759.85,758.8,758.82,64882
1789059840,758.83,759.27,758.79,759.11,9501
1789059960,759.1,759.11,758.865,759.06,15269
1789060080,759.05,759.11,758.9,758.95,5706
1789060200,758.96,759.43,758.96,759.32,15659
1789060320,759.32,759.44,759.16,759.16,20946
1789060440,759.14,759.19,758.97,759.07,9004
1789060560,759.07,759.18,758.99,759.14,8480
1789060680,759.07,759.12,758.87,758.99,4385
1789060800,758.97,759.1,758.86,758.87,11220
1789060920,758.85,758.95,758.66,758.66,4070
1789061040,758.671,758.7,758.51,758.55,11090
1789061160,758.54,758.715,758.53,758.61,13829
1789061280,758.62,758.68,758.5,758.6,10531
1789061400,758.58,758.58,758.36,758.55,8784
1789061520,758.56,758.66,758.39,758.49,11839
1789061640,758.51,758.76,758.51,758.71,5246
1789061760,758.68,758.77,758.32,758.32,11636
1789061880,758.3,758.39,758.055,758.07,8730
1789062000,758.05,758.26,758.02,758.25,8107
1789062120,758.26,758.37,758.14,758.37,4772
1789062240,758.33,758.49,758.3,758.37,8049
1789062360,758.37,758.4,758.19,758.28,5344
1789062480,758.28,758.35,758.2,758.26,4764
1789062600,758.26,758.48,758.24,758.42,5767
1789062720,758.43,758.53,758.19,758.35,15317
1789062840,758.36,758.41,758.21,758.27,6796
1789062960,758.22,758.51,758.22,758.285,4829
1789063080,758.3,758.38,758.25,758.27,5824
1789063200,758.27,758.56,758.13,758.15,13595
1789063320,758.135,758.18,757.83,757.89,22708
1789063440,757.87,758.04,757.73,757.87,18233
1789063560,757.84,758.16,757.83,758.12,20843
1789063680,758.1,758.17,757.66,757.71,9700
1789063800,757.69,757.7,757.48,757.67,11158
1789063920,757.63,757.8,757.54,757.76,16208
1789064040,757.765,757.91,757.46,757.63,13576
1789064160,757.65,757.76,757.46,757.56,9508
1789064280,757.58,757.72,757.49,757.66,22108
1789064400,757.69,757.93,757.69,757.86,37617
1789064520,757.881,758.04,757.85,757.91,7449
1789064640,757.895,757.93,757.705,757.71,13286
1789064760,757.69,757.75,757.59,757.63,6547
1789064880,757.66,757.92,757.66,757.7,8593
1789065000,757.655,757.655,757.47,757.59,9421
1789065120,757.56,757.61,757.27,757.335,11518
1789065240,757.31,757.7,757.25,757.7,18935
1789065360,757.68,757.74,757.59,757.64,6687
1789065480,757.66,757.87,757.55,757.84,13203
1789065600,757.84,757.91,757.74,757.83,13886
1789065720,757.84,757.86,757.69,757.77,6278
1789065840,757.78,757.86,757.61,757.64,9843
1789065960,757.66,757.75,757.59,757.63,12577
1789066080,757.63,758.09,757.41,757.78,25358
1789066200,757.75,758.39,757.56,758.17,29528
1789066320,758.19,758.38,758.02,758.17,33875
1789066440,758.16,758.24,757.9,758.035,14938
1789066560,758.03,758.11,757.775,757.85,11117
1789066680,757.84,757.87,757.67,757.8,6146
1789066800,757.77,757.775,757.48,757.485,34518
1789066920,757.5,757.58,757.39,757.53,17826
1789067040,757.52,757.56,757.31,757.41,22465
1789067160,757.42,757.65,757.391,757.45,18353
1789067280,757.43,758.03,757.43,757.98,41897
1789067400,757.96,757.96,757.55,757.58,23425
1789067520,757.57,757.93,757.53,757.85,13884
1789067640,757.85,757.96,757.69,757.72,17506
1789067760,757.7,757.77,757.47,757.49,15891
1789067880,757.48,757.62,757.37,757.53,22380
1789068000,757.52,757.7,757.45,757.5,17175
1789068120,757.54,757.59,757.36,757.36,23267
1789068240,757.4,757.78,757.4,757.57,32240
1789068360,757.57,757.66,757.56,757.611,17592
1789068480,757.61,757.66,757.51,757.635,25216
1789068600,757.61,757.7,757.44,757.7,49532
1789068720,757.7,757.83,757.6,757.79,25159
1789068840,757.78,758,757.78,757.78,41818
1789068960,757.78,757.89,757.66,757.74,13246
1789069080,757.75,758.13,757.71,758.01,18588
1789069200,758.01,758.16,757.98,758.06,27217
1789069320,758.06,758.28,758.06,758.24,36202
1789069440,758.26,758.27,757.97,758.2,38781
1789069560,758.2,758.23,757.8,757.94,49496
1789069680,757.93,758.14,757.77,758.1,48321
1789069800,758.09,758.27,757.77,757.865,68698
1789069920,757.85,757.87,757.61,757.82,24950
1789070040,757.84,758,757.68,757.9,48605
1789070160,757.9,757.95,757.72,757.87,74779
1789070280,757.84,758.03,757.63,757.9,304216
1789133400,764.71,764.81,764.23,764.505,96685
1789133520,764.53,765.5,764.5,765.48,62160
1789133640,765.44,765.97,765.32,765.92,48251
1789133760,765.91,765.97,765.5,765.79,48678
1789133880,765.77,765.83,765.38,765.56,30696
1789134000,765.58,765.81,764.67,765.43,76450
1789134120,765.4,765.42,765.06,765.31,32925
1789134240,765.31,765.53,764.96,765.26,41502
1789134360,765.28,765.93,765.01,765.15,61639
1789134480,765.15,765.281,764.82,764.97,38093
1789134600,764.99,765.28,764.83,765.07,29776
1789134720,765.09,765.2,764.74,765.1,18617
1789134840,765.07,765.44,764.9,765.41,19859
1789134960,765.43,765.86,765.401,765.775,16498
1789135080,765.78,766.37,765.66,766.3,36016
1789135200,766.31,766.33,765.68,765.68,36984
1789135320,765.65,765.84,765.46,765.61,32124
1789135440,765.61,765.67,765.13,765.13,18945
1789135560,765.15,765.29,764.94,765.13,33585
1789135680,765.16,765.42,765.05,765.35,17233
1789135800,765.41,765.69,765,765.24,32135
1789135920,765.23,765.43,764.77,765.25,27077
1789136040,765.27,765.3,764.82,765.01,22403
1789136160,765,765.14,764.64,764.84,25819
1789136280,764.84,765.75,764.81,765.72,30142
1789136400,765.72,765.94,765.58,765.86,27461
1789136520,765.84,766.02,765.76,765.85,32842
1789136640,765.82,765.92,765.62,765.66,18752
1789136760,765.68,766.03,765.57,765.881,13497
1789136880,765.89,766.081,765.73,765.73,14373
1789137000,765.73,765.78,765.07,765.07,26667
1789137120,765.09,765.26,764.8,765.05,24205
1789137240,765.06,765.13,764.53,764.61,32291
1789137360,764.59,764.7,764.42,764.615,38312
1789137480,764.59,764.62,764.04,764.305,24473
1789137600,764.3,764.75,764.3,764.42,32582
1789137720,764.39,764.49,763.92,763.921,25196
1789137840,763.92,764.17,763.89,764.16,18436
1789137960,764.11,764.21,763.6,763.71,23563
1789138080,763.74,764.79,763.69,764.69,70047
1789138200,764.73,764.85,764.26,764.47,18102
1789138320,764.47,764.549,764.1,764.16,18882
1789138440,764.16,764.18,763.7,763.76,13654
1789138560,763.82,764.09,763.72,764.04,13098
1789138680,764.08,764.18,763.78,763.97,8924
1789138800,763.98,764.31,763.83,764.295,14084
1789138920,764.285,764.57,764.08,764.57,7919
1789139040,764.59,764.98,764.29,764.94,16981
1789139160,764.93,765.25,764.93,765.21,21198
1789139280,765.17,765.17,764.81,764.9,12668
1789139400,764.9,764.94,764.56,764.67,12686
1789139520,764.66,764.76,764.12,764.37,20445
1789139640,764.4,765.2,764.38,765.19,18193
1789139760,765.18,765.42,765.1,765.355,14830
1789139880,765.395,765.55,765.3,765.35,13002
1789140000,765.4,765.6,765.34,765.539,13646
1789140120,765.52,765.66,765.425,765.56,5899
1789140240,765.58,765.89,765.57,765.73,16178
1789140360,765.75,766.22,765.74,766.22,20604
1789140480,766.23,766.23,765.94,765.99,12387
1789140600,765.98,766.03,765.76,765.86,10046
1789140720,765.85,766.17,765.85,765.99,8939
1789140840,765.97,765.99,765.65,765.77,6398
1789140960,765.84,765.89,765.63,765.68,9280
1789141080,765.65,766.05,765.62,765.95,6699
1789141200,765.95,766.11,765.86,766.06,15803
1789141320,766.05,766.27,765.98,766.11,23731
1789141440,766.12,766.19,765.96,766.02,18094
1789141560,766.02,766.02,765.85,765.851,10893
1789141680,765.85,766.03,765.77,765.88,19754
1789141800,765.88,765.96,765.78,765.83,26239
1789141920,765.81,765.82,765.48,765.5,19859
1789142040,765.5,765.581,765.41,765.41,14859
1789142160,765.4,765.8,765.4,765.64,9005
1789142280,765.68,765.8,765.6,765.71,19692
1789142400,765.74,766.03,765.72,765.98,15284
1789142520,765.97,766.18,765.9,765.9,9920
1789142640,765.91,766.2,765.91,766.12,13644
1789142760,766.14,766.15,765.8,765.81,22798
1789142880,765.82,765.9,765.74,765.89,21159
1789143000,765.91,765.99,765.84,765.84,10122
1789143120,765.86,765.86,765.53,765.55,7868
1789143240,765.57,765.65,765.5,765.53,9242
1789143360,765.52,765.56,765.4,765.46,13617
1789143480,765.45,765.56,765.42,765.49,12749
1789143600,765.52,765.6,765.38,765.39,11676
1789143720,765.39,765.41,765.28,765.39,32089
1789143840,765.36,765.48,765.28,765.36,11347
1789143960,765.32,765.59,765.265,765.4,11247
1789144080,765.46,765.535,764.87,764.91,55917
1789144200,764.94,765.29,764.81,765.07,31304
1789144320,765.065,765.7,764.92,765.7,16438
1789144440,765.71,765.76,765.39,765.39,13931
1789144560,765.395,765.42,765.16,765.27,8857
1789144680,765.26,765.28,764.91,764.925,16389
1789144800,764.93,765.205,764.85,765.205,24512
1789144920,765.21,765.29,764.99,765.28,8708
1789145040,765.26,765.471,765.26,765.47,11099
1789145160,765.46,765.6,765.43,765.56,10200
1789145280,765.55,765.55,765.3,765.3,7989
1789145400,765.31,765.55,765.28,765.34,7843
1789145520,765.33,765.43,765.28,765.38,7972
1789145640,765.38,765.58,765.37,765.43,6688
1789145760,765.41,765.53,765.38,765.45,5224
1789145880,765.46,765.68,765.45,765.62,8602
1789146000,765.65,765.85,765.6,765.6,17691
1789146120,765.59,765.82,765.54,765.78,10786
1789146240,765.78,765.81,765.6,765.64,7660
1789146360,765.67,766.08,765.6,765.66,21393
1789146480,765.67,765.81,765.66,765.74,8860
1789146600,765.74,765.87,765.6,765.63,15374
1789146720,765.62,765.77,765.56,765.58,9837
1789146840,765.55,765.69,765.52,765.63,9120
1789146960,765.68,765.815,765.58,765.815,8361
1789147080,765.77,765.92,765.75,765.9,7674
1789147200,765.92,766.04,765.88,765.88,8891
1789147320,765.88,766.2,765.88,766.171,11454
1789147440,766.16,766.32,766.09,766.2,13594
1789147560,766.17,766.23,766.11,766.14,13550
1789147680,766.12,766.12,765.91,765.98,27166
1789147800,765.99,766.195,765.915,766.17,8669
1789147920,766.18,766.25,766.01,766.07,12514
1789148040,766.09,766.14,765.87,765.87,18090
1789148160,765.87,765.98,765.86,765.94,25979
1789148280,765.93,765.94,765.79,765.81,24962
1789148400,765.82,765.99,765.8,765.84,9530
1789148520,765.84,765.98,765.8,765.95,7542
1789148640,765.94,765.95,765.78,765.84,8512
1789148760,765.82,765.86,765.74,765.85,7859
1789148880,765.83,765.94,765.72,765.9,12169
1789149000,765.91,765.94,765.82,765.91,8148
1789149120,765.89,765.97,765.88,765.9,8776
1789149240,765.88,765.92,765.77,765.85,7413
1789149360,765.83,765.85,765.72,765.75,6719
1789149480,765.75,765.82,765.64,765.74,15672
1789149600,765.74,765.86,765.7,765.85,9307
1789149720,765.85,765.96,765.84,765.91,14604
1789149840,765.92,765.97,765.73,765.73,38781
1789149960,765.74,765.81,765.71,765.73,4974
1789150080,765.71,765.73,765.6,765.69,18438
1789150200,765.7,765.725,765.59,765.635,7247
1789150320,765.65,765.67,765.53,765.56,9878
1789150440,765.57,765.61,765.51,765.58,9175
1789150560,765.56,765.65,765.55,765.6,6972
1789150680,765.62,765.72,765.55,765.58,15081
1789150800,765.58,765.605,765.14,765.31,65821
1789150920,765.32,765.43,765.27,765.27,22561
1789151040,765.29,765.42,765.27,765.29,10279
1789151160,765.32,765.41,765.21,765.32,18081
1789151280,765.33,765.54,765.3,765.41,19459
1789151400,765.4,765.58,765.16,765.18,13062
1789151520,765.17,765.37,765.16,765.37,14802
1789151640,765.37,765.47,765.32,765.39,15293
1789151760,765.4,765.57,765.37,765.37,8165
1789151880,765.31,765.36,765.25,765.29,9613
1789152000,765.3,765.42,765.29,765.37,8513
1789152120,765.36,765.36,765.12,765.17,9256
1789152240,765.15,765.21,765.08,765.09,12564
1789152360,765.09,765.32,765.07,765.251,12345
1789152480,765.26,765.3,764.96,765.06,13505
1789152600,765.05,765.17,765.04,765.11,8738
1789152720,765.12,765.14,765.04,765.1,14945
1789152840,765.1,765.2,765.02,765.15,9675
1789152960,765.14,765.26,765.09,765.09,11889
1789153080,765.09,765.15,764.95,765.03,25637
1789153200,765.04,765.15,765,765.11,18044
1789153320,765.09,765.13,765.05,765.11,6497
1789153440,765.1,765.18,765.05,765.09,10188
1789153560,765.08,765.12,764.84,764.88,12228
1789153680,764.88,764.9,764.72,764.76,22261
1789153800,764.75,764.765,764.56,764.75,19041
1789153920,764.77,764.865,764.73,764.81,17543
1789154040,764.83,765,764.8,764.91,8654
1789154160,764.93,765.06,764.88,765,8319
1789154280,765,765.1,764.95,765,19968
1789154400,765,765.05,764.91,765.05,10430
1789154520,765.04,765.13,764.995,765.12,15715
1789154640,765.12,765.22,765.11,765.17,14426
1789154760,765.17,765.3,765.09,765.12,25700
1789154880,765.12,765.18,765.01,765.03,14829
1789155000,765.04,765.13,764.93,765,20060
1789155120,765.01,765.03,764.92,764.96,14707
1789155240,764.95,765.03,764.88,764.94,35885
1789155360,764.93,764.98,764.88,764.97,22035
1789155480,764.96,764.96,764.87,764.93,25838
1789155600,764.93,764.97,764.89,764.94,41829
1789155720,764.94,765.04,764.92,764.97,19525
1789155840,764.975,765.05,764.93,764.98,35530
1789155960,764.99,764.99,764.73,764.82,30363
1789156080,764.81,764.84,764.73,764.75,44536
1789156200,764.73,764.74,764.44,764.49,83085
1789156320,764.49,764.76,764.43,764.5,78605
1789156440,764.52,764.82,764.49,764.6,75704
1789156560,764.59,764.59,764.46,764.52,70381
1789156680,764.49,764.7,764.04,764.18,537996
1789392600,759.01,759.2,758.59,758.81,81263
1789392720,758.83,759.11,758.74,758.77,61864
1789392840,758.78,758.91,758.57,758.78,40782
1789392960,758.76,758.78,758.47,758.57,43103
1789393080,758.575,758.7,758.46,758.57,27737
1789393200,758.58,759.07,758.48,759.04,28437
1789393320,759.09,759.38,759.03,759.24,13390
1789393440,759.25,759.69,759.25,759.51,27342
1789393560,759.5,759.92,759.48,759.92,25358
1789393680,759.98,760.56,759.85,760.29,25031
1789393800,760.3,760.565,760.06,760.11,23454
1789393920,760.09,760.59,760.09,760.47,32744
1789394040,760.47,760.47,759.92,760,34383
1789394160,760.02,760.06,759.81,760.05,19127
1789394280,760.04,760.185,759.78,759.995,23174
1789394400,759.98,760.59,759.91,760.56,38535
1789394520,760.55,760.57,760.18,760.29,26154
1789394640,760.28,760.51,760.28,760.36,15247
1789394760,760.37,760.95,760.37,760.94,31847
1789394880,760.95,761.1,760.85,760.88,18010
1789395000,760.87,761,760.66,760.7,29238
1789395120,760.705,760.72,760.42,760.65,33233
1789395240,760.63,760.73,760.43,760.43,13296
1789395360,760.44,760.46,760.05,760.081,15770
1789395480,760.12,760.12,759.77,759.85,15859
1789395600,759.83,759.83,759.23,759.36,29289
1789395720,759.32,759.39,759.17,759.24,37620
1789395840,759.25,759.27,758.59,758.6,46455
1789395960,758.62,758.65,758.23,758.55,58132
1789396080,758.54,758.85,758.46,758.84,25816
1789396200,758.82,758.95,758.53,758.72,22354
1789396320,758.7,758.94,758.63,758.91,22681
1789396440,758.94,759.13,758.64,758.7,29222
1789396560,758.68,758.78,758.35,758.52,30707
1789396680,758.5,758.54,758.3,758.44,15443
1789396800,758.48,758.48,758.13,758.21,14971
1789396920,758.2,758.51,758.19,758.28,25581
1789397040,758.26,758.91,758.25,758.9,16312
1789397160,758.88,759.03,758.46,758.59,20651
1789397280,758.6,758.79,758.49,758.61,12399
1789397400,758.63,758.655,758.31,758.45,18633
1789397520,758.46,758.46,758.14,758.14,22454
1789397640,758.14,758.28,757.94,758.09,20483
1789397760,758.07,758.35,757.96,758.33,29448
1789397880,758.33,758.58,758.24,758.57,11333
1789398000,758.595,758.61,758.2,758.45,9766
1789398120,758.46,758.57,758.3,758.51,18263
1789398240,758.5,759.63,758.15,759.11,113712
1789398360,759.11,759.88,759.06,759.33,89063
1789398480,759.26,759.37,758.969,759.12,12291
1789398600,759.16,759.21,758.8,758.81,10461
1789398720,758.8,759.01,758.78,759.01,7833
1789398840,758.97,759.06,758.52,758.77,12045
1789398960,758.78,759.18,758.569,759.07,12678
1789399080,759.04,759.18,758.99,759.07,18615
1789399200,759.09,759.22,759,759.13,12966
1789399320,759.15,759.38,759.1,759.29,16395
1789399440,759.29,759.64,759.29,759.4,15678
1789399560,759.4,759.88,759.38,759.64,24656
1789399680,759.63,759.77,759.57,759.6,10925
1789399800,759.57,759.78,759.45,759.48,14934
1789399920,759.51,760.61,759.47,760.55,109204
1789400040,760.57,761.05,760.48,760.67,53247
1789400160,760.709,761.12,760.45,761.12,26003
1789400280,761.11,761.24,760.93,761.2,43031
1789400400,761.22,761.7,760.97,761.64,55264
1789400520,761.63,761.99,761.44,761.98,44474
1789400640,761.97,762.24,761.86,761.86,24559
1789400760,761.87,761.9,761.58,761.67,21581
1789400880,761.67,761.79,761.48,761.48,22454
1789401000,761.47,761.58,761.29,761.56,23859
1789401120,761.55,761.89,761.54,761.83,15501
1789401240,761.84,761.87,761.66,761.78,14850
1789401360,761.76,761.89,761.69,761.87,12517
1789401480,761.88,762.03,761.73,761.75,13399
1789401600,761.76,761.91,761.44,761.46,16119
1789401720,761.44,761.57,761.34,761.53,17319
1789401840,761.53,761.53,761.24,761.34,8516
1789401960,761.33,761.51,761.33,761.43,11447
1789402080,761.429,761.43,761.21,761.39,9185
1789402200,761.41,761.6,761.36,761.51,11328
1789402320,761.53,761.67,761.5,761.58,10569
1789402440,761.53,762.13,761.43,762.09,24125
1789402560,762.06,762.33,762.04,762.32,16967
1789402680,762.31,762.44,762.28,762.361,27451
1789402800,762.35,762.381,762.03,762.09,17175
1789402920,762.07,762.45,762.05,762.45,13403
1789403040,762.46,762.6,762.19,762.2,15742
1789403160,762.18,762.2,761.88,762.08,12358
1789403280,762.06,762.06,761.91,762.02,17144
1789403400,762.01,762.44,761.95,762.07,36035
1789403520,762.11,762.33,762.02,762.2,11992
1789403640,762.2,762.27,761.84,761.89,7222
1789403760,761.91,762.1,761.88,761.99,12933
1789403880,761.96,762.13,761.9,762.051,11275
1789404000,762.05,762.13,761.93,762.13,10111
1789404120,762.14,762.23,761.97,762.18,14395
1789404240,762.16,762.32,762.07,762.12,9039
1789404360,762.15,762.88,762.09,762.68,28214
1789404480,762.66,763.49,762.66,763.27,64825
1789404600,763.25,763.37,763.1,763.37,10039
1789404720,763.35,763.52,763.24,763.285,14430
1789404840,763.29,763.29,762.98,763,12378
1789404960,762.99,763.06,762.7,762.73,11290
1789405080,762.73,762.9,762.57,762.9,11803
1789405200,762.89,763.06,762.73,762.79,10066
1789405320,762.75,762.87,762.53,762.59,11625
1789405440,762.65,762.715,762.59,762.66,6785
1789405560,762.66,762.8,762.5,762.51,10563
1789405680,762.52,762.53,762.35,762.43,9646
1789405800,762.46,762.71,762.4,762.61,7027
1789405920,762.64,762.85,762.37,762.38,14583
1789406040,762.35,762.42,762.1,762.19,11398
1789406160,762.16,762.27,762.08,762.13,7733
1789406280,762.11,762.14,761.91,762.05,12456
1789406400,762.1,762.34,762.055,762.17,6882
1789406520,762.17,762.41,762.17,762.309,5552
1789406640,762.32,762.48,762.24,762.259,5420
1789406760,762.26,762.41,762.18,762.41,4528
1789406880,762.35,762.71,762.33,762.71,5344
1789407000,762.715,762.83,762.52,762.65,6579
1789407120,762.689,762.83,762.5,762.62,11580
1789407240,762.57,762.72,762.51,762.55,6973
1789407360,762.55,762.73,762.55,762.73,20450
1789407480,762.72,762.86,762.72,762.83,11279
1789407600,762.84,762.84,762.6,762.6,11559
1789407720,762.58,762.71,762.53,762.71,6904
1789407840,762.7,762.76,762.55,762.63,8482
1789407960,762.6,762.77,762.59,762.76,8807
1789408080,762.78,762.835,762.64,762.65,7819
1789408200,762.67,762.73,762.59,762.68,5454
1789408320,762.68,762.85,762.65,762.71,7662
1789408440,762.7,762.85,762.7,762.78,5440
1789408560,762.79,762.86,762.6,762.66,7914
1789408680,762.67,762.67,762.35,762.36,5201
1789408800,762.34,762.81,762.34,762.49,23579
1789408920,762.5,762.54,762.21,762.22,13096
1789409040,762.24,762.34,762.13,762.26,15139
1789409160,762.25,762.43,762.21,762.39,12416
1789409280,762.39,762.59,762.39,762.43,7178
1789409400,762.43,762.45,762.29,762.29,3716
1789409520,762.275,762.29,762.17,762.18,9132
1789409640,762.19,762.48,762.18,762.42,11694
1789409760,762.38,762.38,762.22,762.25,5247
1789409880,762.27,762.31,762.17,762.29,4833
1789410000,762.27,762.33,762.19,762.2,6052
1789410120,762.18,762.2,762.11,762.13,7946
1789410240,762.14,762.21,762.08,762.15,11446
1789410360,762.16,762.18,762,762,6715
1789410480,762.01,762.04,761.91,762,10861
1789410600,762.05,762.15,761.97,762.02,5623
1789410720,762.03,762.33,762.01,762.26,9135
1789410840,762.27,762.35,762.19,762.3,10243
1789410960,762.31,762.47,762.29,762.39,5231
1789411080,762.385,762.41,762.33,762.35,11496
1789411200,762.33,762.47,762.26,762.43,14802
1789411320,762.43,762.52,762.36,762.45,10678
1789411440,762.445,762.46,762.34,762.4,14355
1789411560,762.4,762.7,762.12,762.31,40803
1789411680,762.29,762.54,762.29,762.51,15931
1789411800,762.495,762.54,762.33,762.37,8665
1789411920,762.37,762.46,762.35,762.4,15465
1789412040,762.4,762.4,762.245,762.38,16727
1789412160,762.38,762.46,762.25,762.25,17345
1789412280,762.24,762.26,762.09,762.12,19431
1789412400,762.13,762.21,761.91,761.98,19623
1789412520,761.97,762.01,761.91,761.99,13848
1789412640,762,762.11,761.82,761.83,44775
1789412760,761.82,761.88,761.74,761.75,18625
1789412880,761.745,761.95,761.62,761.84,11677
1789413000,761.85,761.92,761.83,761.87,9090
1789413120,761.89,762.04,761.89,761.93,12537
1789413240,761.925,762.09,761.83,761.88,23351
1789413360,761.88,761.92,761.81,761.88,15764
1789413480,761.88,761.93,761.78,761.87,27697
1789413600,761.86,761.93,761.72,761.72,25084
1789413720,761.74,761.75,761.65,761.69,18765
1789413840,761.69,761.86,761.68,761.7,19767
1789413960,761.7,761.82,761.7,761.73,16839
1789414080,761.72,761.83,761.71,761.72,11240
1789414200,761.73,761.925,761.71,761.86,22638
1789414320,761.87,761.93,761.74,761.78,21423
1789414440,761.75,761.79,761.56,761.6,33686
1789414560,761.6,761.7,761.57,761.64,22985
1789414680,761.64,761.68,761.58,761.6,16966
1789414800,761.605,761.72,761.58,761.64,31929
1789414920,761.64,761.67,761.55,761.589,28555
1789415040,761.58,761.71,761.56,761.7,49293
1789415160,761.71,761.82,761.66,761.71,36328
1789415280,761.705,761.74,761.6,761.715,35667
1789415400,761.715,761.82,761.35,761.39,60933
1789415520,761.4,761.48,761.12,761.23,45126
1789415640,761.26,761.3,760.82,760.985,132096
1789415760,760.99,761.19,760.895,761.155,111626
1789415880,761.15,761.32,760.66,760.76,351867
1789479000,760.11,760.36,759.115,759.15,58488
1789479120,759.14,759.34,758.82,758.829,33005
1789479240,758.83,759.43,758.735,759.39,18475
1789479360,759.39,759.7,759.34,759.47,30038
1789479480,759.48,759.86,759.47,759.81,16312
1789479600,759.8,759.85,759.52,759.66,20844
1789479720,759.65,759.69,759.41,759.65,17391
1789479840,759.68,760.18,759.66,759.79,35803
1789479960,759.78,759.845,759.45,759.52,23261
1789480080,759.52,759.54,759.22,759.35,15246
1789480200,759.33,759.52,759.2,759.52,22868
1789480320,759.49,759.77,759.45,759.72,21709
1789480440,759.72,759.75,759.49,759.645,7630
1789480560,759.555,759.615,759.4,759.57,10185
1789480680,759.57,759.59,759.37,759.55,16268
1789480800,759.54,759.54,759.05,759.17,18797
1789480920,759.16,759.18,758.91,758.939,18092
1789481040,758.93,759.1,758.83,758.9,21620
1789481160,758.88,758.99,758.55,758.76,24663
1789481280,758.72,758.74,758.49,758.52,20397
1789481400,758.49,758.515,758.05,758.16,40064
1789481520,758.15,758.21,757.93,757.94,19132
1789481640,757.92,758.13,757.88,758.07,28007
1789481760,758.08,758.26,757.93,758.26,18829
1789481880,758.24,758.425,758.14,758.22,25147
1789482000,758.22,758.34,757.62,757.62,17390
1789482120,757.64,757.665,757.19,757.19,28143
1789482240,757.2,757.74,757.2,757.6,20976
1789482360,757.57,757.66,757.48,757.53,15804
1789482480,757.53,757.73,757.47,757.49,15794
1789482600,757.47,757.62,757.22,757.62,21747
1789482720,757.58,757.63,757.26,757.36,13886
1789482840,757.33,757.61,757.1,757.44,45862
1789482960,757.4,757.595,757.21,757.28,19612
1789483080,757.27,757.28,757.06,757.15,54122
1789483200,757.14,757.15,756.88,757.06,22701
1789483320,757.04,757.24,757.02,757.03,20167
1789483440,757.04,757.38,757.02,757.23,22916
1789483560,757.249,757.31,757.11,757.29,17691
1789483680,757.225,757.225,756.92,756.93,38235
1789483800,756.91,757.01,756.3,756.32,64889
1789483920,756.32,756.49,756.15,756.32,39724
1789484040,756.33,756.61,756.32,756.45,33462
1789484160,756.43,756.86,756.365,756.86,28246
1789484280,756.84,756.85,756.43,756.44,22551
1789484400,756.45,756.97,756.44,756.94,21245
1789484520,756.93,757.06,756.6,757.05,17332
1789484640,757.03,757.27,757.03,757.1,15690
1789484760,757.03,757.2,756.94,757.03,20917
1789484880,757.02,757.02,756.8,756.88,11849
1789485000,756.86,757,756.7,756.96,15362
1789485120,756.99,757.04,756.78,756.81,28315
1789485240,756.84,757.05,756.83,756.925,17251
1789485360,756.92,757.22,756.82,757.21,16751
1789485480,757.21,757.37,757.18,757.265,23714
1789485600,757.25,757.34,756.99,757.06,20490
1789485720,757.07,757.49,756.99,757.41,18761
1789485840,757.4,757.5,757.33,757.36,17762
1789485960,757.36,757.47,757.17,757.47,17681
1789486080,757.47,757.48,757.3,757.48,15092
1789486200,757.49,757.55,757.19,757.24,24234
1789486320,757.22,757.27,756.93,757.04,21680
1789486440,757.06,757.39,756.98,757.22,18000
1789486560,757.26,757.5,757.16,757.245,10907
1789486680,757.25,757.42,757.25,757.31,5533
1789486800,757.3,757.66,757.3,757.56,23172
1789486920,757.57,757.75,757.56,757.73,27286
1789487040,757.71,757.74,757.4,757.505,6892
1789487160,757.485,757.52,757.26,757.26,8317
1789487280,757.27,757.36,756.92,757.01,9437
1789487400,757,757.56,757,757.16,42740
1789487520,757.17,757.24,757.1,757.15,8184
1789487640,757.18,757.7,757,757.53,25055
1789487760,757.47,757.47,757.16,757.27,14656
1789487880,757.29,757.33,757.11,757.11,10958
1789488000,757.12,757.32,757.03,757.26,14147
1789488120,757.25,757.32,757.17,757.24,19560
1789488240,757.23,757.35,757.1,757.21,9304
1789488360,757.19,757.23,756.84,756.91,15887
1789488480,756.91,756.92,756.63,756.74,18717
1789488600,756.74,756.85,756.68,756.81,12030
1789488720,756.83,756.84,756.69,756.83,10306
1789488840,756.81,756.84,756.71,756.79,14008
1789488960,756.78,756.94,756.74,756.93,14922
1789489080,756.93,757.09,756.86,757.08,15558
1789489200,757.07,757.26,757.07,757.23,12367
1789489320,757.23,757.68,757.23,757.58,18132
1789489440,757.57,757.73,757.56,757.63,15237
1789489560,757.63,757.8,757.619,757.74,13328
1789489680,757.74,757.87,757.48,757.59,17796
1789489800,757.56,757.56,757.31,757.55,10575
1789489920,757.54,757.82,757.54,757.7,12428
1789490040,757.7,757.769,757.52,757.6,7751
1789490160,757.59,757.73,757.565,757.67,6820
1789490280,757.67,757.69,757.45,757.55,10187
1789490400,757.55,757.65,757.47,757.65,9617
1789490520,757.64,757.67,757.54,757.6,8776
1789490640,757.6,757.74,757.52,757.63,16474
1789490760,757.63,757.7,757.54,757.57,11252
1789490880,757.55,757.57,757.32,757.45,8456
1789491000,757.45,757.58,757.42,757.51,20165
1789491120,757.51,757.955,757.5,757.93,20568
1789491240,757.94,758.06,757.93,757.98,15483
1789491360,757.96,757.98,757.65,757.68,14815
1789491480,757.67,757.73,757.56,757.73,10520
1789491600,757.73,757.84,757.67,757.83,7473
1789491720,757.84,757.84,757.26,757.34,27115
1789491840,757.34,757.39,757.1,757.12,11271
1789491960,757.1,757.44,757.05,757.34,9068
1789492080,757.35,757.37,757.21,757.23,10796
1789492200,757.23,757.53,757.22,757.42,9676
1789492320,757.43,757.43,757.22,757.27,9213
1789492440,757.29,757.31,757.01,757.06,8167
1789492560,757.02,757.08,756.89,756.989,7689
1789492680,756.91,757.01,756.86,757.01,10015
1789492800,756.99,757.06,756.92,756.95,12758
1789492920,756.92,756.93,756.72,756.79,10036
1789493040,756.78,756.8,756.61,756.76,14309
1789493160,756.74,756.91,756.73,756.83,11335
1789493280,756.82,756.88,756.67,756.88,9322
1789493400,756.87,757.07,756.82,757.04,19319
1789493520,757.06,757.2,757.05,757.13,17232
1789493640,757.12,757.17,756.95,757.105,9399
1789493760,757.105,757.12,756.93,757.12,9079
1789493880,757.11,757.11,756.98,757.11,10704
1789494000,757.04,757.24,757.04,757.1,10544
1789494120,757.1,757.1,756.9,757.1,9479
1789494240,757.125,757.2,757.11,757.2,11677
1789494360,757.2,757.26,757.04,757.07,7576
1789494480,757.07,757.09,756.91,756.97,9948
1789494600,756.95,757.12,756.95,757.1,6923
1789494720,757.07,757.225,757.06,757.225,5180
1789494840,757.22,757.28,757.09,757.26,5717
1789494960,757.27,757.4,757.26,757.36,7470
1789495080,757.35,757.36,757.25,757.29,5369
1789495200,757.3,757.41,757.14,757.36,6179
1789495320,757.37,757.51,757.33,757.51,10761
1789495440,757.48,757.5,757.41,757.47,6116
1789495560,757.46,757.62,757.46,757.58,9992
1789495680,757.58,757.7,757.52,757.7,6753
1789495800,757.69,757.8,757.56,757.745,10020
1789495920,757.74,757.94,757.74,757.85,9776
1789496040,757.87,757.89,757.65,757.66,22338
1789496160,757.67,757.67,757.48,757.55,9633
1789496280,757.55,757.59,757.5,757.57,17883
1789496400,757.57,757.65,757.535,757.57,17956
1789496520,757.56,757.58,757.42,757.42,15810
1789496640,757.43,757.54,757.42,757.54,8811
1789496760,757.53,757.53,757.38,757.4,8402
1789496880,757.43,757.69,757.43,757.66,8887
1789497000,757.64,757.65,757.28,757.33,12367
1789497120,757.35,757.37,757.13,757.21,15329
1789497240,757.19,757.31,757.14,757.29,8282
1789497360,757.27,757.29,757.16,757.24,7724
1789497480,757.24,757.315,757.23,757.26,6962
1789497600,757.27,757.62,757.14,757.46,22494
1789497720,757.47,757.52,757.225,757.23,16573
1789497840,757.21,757.27,757.06,757.12,7474
1789497960,757.11,757.17,756.93,756.931,9239
1789498080,756.92,756.95,756.74,756.85,14359
1789498200,756.845,757.09,756.84,757,14221
1789498320,757,757.15,756.99,757.05,15638
1789498440,757.1,757.18,757.05,757.12,7699
1789498560,757.1,757.32,757.1,757.26,7031
1789498680,757.25,757.49,757.25,757.49,5159
1789498800,757.48,757.62,757.36,757.4,9553
1789498920,757.39,757.41,757.28,757.38,13530
1789499040,757.38,757.46,757.31,757.33,7758
1789499160,757.31,757.37,757.22,757.35,5550
1789499280,757.35,757.4,757.28,757.34,12327
1789499400,757.33,757.369,757.24,757.24,9444
1789499520,757.21,757.26,757.08,757.1,29381
1789499640,757.1,757.22,757.09,757.13,7940
1789499760,757.1,757.2,757.08,757.17,16012
1789499880,757.17,757.28,757.13,757.21,16408
1789500000,757.19,757.22,757.09,757.14,20922
1789500120,757.14,757.21,757.12,757.18,15085
1789500240,757.16,757.2,756.94,756.97,17427
1789500360,756.95,757.13,756.95,757.1,19797
1789500480,757.11,757.11,756.98,756.98,12043
1789500600,756.97,757.03,756.92,756.95,30004
1789500720,756.95,757.07,756.93,756.995,18374
1789500840,756.96,756.97,756.83,756.85,33716
1789500960,756.86,756.91,756.72,756.8,41370
1789501080,756.8,756.83,756.57,756.67,50418
1789501200,756.65,756.77,756.56,756.68,33161
1789501320,756.69,756.74,756.51,756.665,37319
1789501440,756.68,756.79,756.62,756.66,33131
1789501560,756.655,756.96,756.65,756.85,48190
1789501680,756.83,757,756.8,756.97,41004
1789501800,756.96,757.04,756.67,756.715,56359
1789501920,756.72,756.745,756.54,756.68,39943
1789502040,756.69,757.05,756.67,756.96,48963
1789502160,756.96,757.04,756.91,756.96,67962
1789502280,756.97,757.46,756.86,757.42,220527
1789565400,759.5,759.66,759.24,759.36,46933
1789565520,759.32,759.52,759.19,759.42,20197
1789565640,759.43,759.52,759.14,759.31,23110
1789565760,759.33,759.33,759.1,759.13,10682
1789565880,759.11,759.11,758.75,758.8,16868
1789566000,758.82,759.12,758.73,758.82,43137
1789566120,758.83,758.9,758.74,758.81,24909
1789566240,758.79,759.74,758.75,759.42,60654
1789566360,759.39,759.89,759.33,759.89,22222
1789566480,759.89,759.91,759.58,759.885,19611
1789566600,759.89,760.25,759.86,760.24,16121
1789566720,760.25,760.43,760.04,760.41,12666
1789566840,760.41,760.41,760.09,760.22,11248
1789566960,760.2,760.265,760.075,760.19,9766
1789567080,760.19,760.26,759.98,760.2,14025
1789567200,760.24,760.41,759.99,760.05,13874
1789567320,760.07,760.08,759.71,759.74,21375
1789567440,759.77,759.78,759.5,759.51,16551
1789567560,759.53,759.63,759.34,759.62,18702
1789567680,759.64,759.83,759.54,759.66,12535
1789567800,759.69,759.761,759.51,759.64,22636
1789567920,759.621,759.63,759.11,759.325,22846
1789568040,759.32,759.71,759.29,759.68,12339
1789568160,759.66,759.72,759.4,759.541,6403
1789568280,759.55,759.59,759.235,759.28,10669
1789568400,759.28,759.33,759.2,759.24,12681
1789568520,759.2,759.22,758.94,759.095,15147
1789568640,759.09,759.09,758.9,758.93,7272
1789568760,758.92,759.015,758.76,758.85,8774
1789568880,758.83,759.01,758.81,759,7853
1789569000,758.98,759.14,758.88,759,11313
1789569120,759.001,759.22,758.8,759.165,15801
1789569240,759.18,759.25,759.06,759.13,11630
1789569360,759.14,759.37,758.92,759.341,15794
1789569480,759.35,759.5,759.29,759.4,14380
1789569600,759.36,759.71,759.33,759.6,22870
1789569720,759.605,759.84,759.51,759.82,14003
1789569840,759.81,759.95,759.725,759.83,16511
1789569960,759.86,759.95,759.76,759.81,11501
1789570080,759.85,759.87,759.61,759.61,16519
1789570200,759.64,759.75,759.62,759.66,6215
1789570320,759.68,759.88,759.59,759.78,12978
1789570440,759.8,759.81,759.68,759.78,7268
1789570560,759.78,759.88,759.75,759.81,6293
1789570680,759.83,760.25,759.74,760.19,15005
1789570800,760.215,760.61,760.215,760.44,30768
1789570920,760.45,760.47,760.16,760.45,19044
1789571040,760.46,760.6,760.37,760.43,25320
1789571160,760.43,761.01,760.27,760.76,32584
1789571280,760.72,761.03,760.65,760.91,22590
1789571400,760.9,760.98,760.62,760.64,41977
1789571520,760.63,760.71,760.5,760.7,10170
1789571640,760.7,760.78,760.48,760.53,12586
1789571760,760.54,760.54,760.37,760.48,11623
1789571880,760.47,760.64,760.37,760.61,11069
1789572000,760.6,760.62,760.4,760.43,12166
1789572120,760.42,760.55,760.42,760.45,14656
1789572240,760.465,760.8,760.45,760.8,18893
1789572360,760.81,760.83,760.52,760.55,9185
1789572480,760.56,760.57,760.3,760.35,10578
1789572600,760.37,760.46,760.13,760.21,9269
1789572720,760.17,760.17,760.02,760.03,11423
1789572840,760.07,760.26,760.04,760.25,15431
1789572960,760.26,760.36,760.18,760.23,9970
1789573080,760.255,760.56,760.24,760.39,9941
1789573200,760.4,760.56,760.39,760.395,9117
1789573320,760.42,760.54,760.34,760.49,5728
1789573440,760.5,760.61,760.47,760.57,11087
1789573560,760.59,761.67,760.53,761.2,52934
1789573680,761.19,761.21,760.93,761.01,13590
1789573800,761.07,761.1,760.8,760.83,12701
1789573920,760.829,761.04,760.68,760.89,11694
1789574040,760.9,760.965,760.65,760.82,10622
1789574160,760.84,760.85,760.66,760.75,8248
1789574280,760.78,760.86,760.65,760.68,10494
1789574400,760.7,760.74,760.5,760.52,9348
1789574520,760.53,760.58,760.35,760.37,14295
1789574640,760.375,760.43,760.33,760.37,8403
1789574760,760.37,760.45,760.32,760.33,9263
1789574880,760.33,760.51,760.29,760.48,5971
1789575000,760.49,760.52,760.295,760.32,9555
1789575120,760.3,760.37,760.17,760.37,10065
1789575240,760.33,760.46,760.27,760.46,7034
1789575360,760.47,760.47,760.29,760.43,12068
1789575480,760.45,760.45,760.32,760.34,5553
1789575600,760.32,760.32,760.03,760.06,9175
1789575720,760.06,760.09,759.94,760.07,16054
1789575840,760.06,760.1,759.95,760.06,6939
1789575960,760.06,760.1,759.95,759.95,6145
1789576080,759.95,760.19,759.89,760.14,9947
1789576200,760.135,760.21,759.95,759.96,5504
1789576320,759.94,759.96,759.68,759.71,7059
1789576440,759.71,759.84,759.68,759.8,9404
1789576560,759.81,759.89,759.76,759.84,7538
1789576680,759.841,759.94,759.83,759.9,8459
1789576800,759.87,759.97,759.84,759.88,7573
1789576920,759.89,759.95,759.83,759.95,3109
1789577040,759.95,760.09,759.93,760.08,8472
1789577160,760.07,760.17,760.035,760.16,5955
1789577280,760.14,760.19,760.1,760.1,6384
1789577400,760.08,760.14,759.84,759.86,6113
1789577520,759.84,759.845,759.74,759.84,4509
1789577640,759.82,760,759.81,759.97,10399
1789577760,759.97,760,759.85,759.91,6067
1789577880,759.91,759.93,759.775,759.775,9072
1789578000,759.78,759.79,759.42,759.44,7386
1789578120,759.43,759.48,759.27,759.31,6978
1789578240,759.285,759.48,759.285,759.43,9087
1789578360,759.4,759.5,759.4,759.47,3219
1789578480,759.49,759.58,759.44,759.57,8929
1789578600,759.57,759.63,759.47,759.48,5149
1789578720,759.49,759.6,759.44,759.59,3646
1789578840,759.6,759.8,759.59,759.69,10344
1789578960,759.71,759.83,759.7,759.75,4370
1789579080,759.73,759.84,759.72,759.76,11374
1789579200,759.75,759.92,759.75,759.84,9303
1789579320,759.85,759.89,759.575,759.58,5523
1789579440,759.56,759.84,759.54,759.821,4198
1789579560,759.79,759.89,759.735,759.89,4858
1789579680,759.87,759.94,759.83,759.93,8232
1789579800,759.94,760.06,759.66,759.7,13065
1789579920,759.72,759.79,759.67,759.77,4636
1789580040,759.751,759.84,759.74,759.83,7979
1789580160,759.83,759.89,759.811,759.84,8746
1789580280,759.81,759.83,759.63,759.63,6860
1789580400,759.63,759.64,759.45,759.53,13855
1789580520,759.51,759.55,759.33,759.33,7346
1789580640,759.325,759.53,759.315,759.53,5180
1789580760,759.54,759.77,759.54,759.72,11757
1789580880,759.715,759.72,759.53,759.55,9975
1789581000,759.57,759.68,759.5,759.68,6754
1789581120,759.66,759.82,759.63,759.82,16747
1789581240,759.84,759.86,759.67,759.69,15071
1789581360,759.68,759.94,759.67,759.93,8983
1789581480,759.92,760.27,759.92,760.27,15987
1789581600,760.3,760.86,758.8,758.9,182476
1789581720,758.94,760.06,758.78,759.64,58607
1789581840,759.64,760.57,759.45,760.465,26083
1789581960,760.49,760.85,760.16,760.81,46231
1789582080,760.8,761.22,760.65,760.67,44538
1789582200,760.69,760.83,760.11,760.21,26526
1789582320,760.21,760.37,759.84,760.29,27678
1789582440,760.32,760.53,759.849,759.88,9098
1789582560,759.85,760.1,759.73,759.91,8160
1789582680,759.9,760.31,759.67,759.96,16936
1789582800,759.94,760.15,759.619,759.98,13122
1789582920,759.95,760.28,759.83,760.06,4932
1789583040,760.12,760.15,759.56,759.58,12566
1789583160,759.661,759.681,758.87,759.05,18292
1789583280,758.97,759.78,758.79,759.69,14111
1789583400,759.65,759.88,758.66,758.82,14564
1789583520,758.84,758.87,757.68,757.85,59345
1789583640,757.83,758.15,756.77,756.95,68882
1789583760,756.96,757.14,756.06,756.32,60398
1789583880,756.41,758.03,756.38,757.915,62488
1789584000,757.87,759,757.83,758.98,45141
1789584120,759.05,760.21,759.05,759.88,36851
1789584240,759.88,759.97,758.795,759.13,50355
1789584360,759.085,759.18,758.04,758.04,36054
1789584480,758.08,758.17,757.46,757.54,29425
1789584600,757.589,757.83,756.74,757.24,45560
1789584720,757.22,757.22,755.54,755.54,46531
1789584840,755.535,755.74,755.03,755.25,42144
1789584960,755.25,755.25,753.91,754.26,55417
1789585080,754.28,754.75,753.75,753.84,56069
1789585200,753.92,755.18,753.75,754.36,80101
1789585320,754.39,755.15,754.12,755.09,44375
1789585440,755.075,755.36,753.94,754.44,82284
1789585560,754.44,754.75,753.74,753.99,39464
1789585680,754.02,754.17,752.99,753.24,43270
1789585800,753.2,753.33,751.84,751.86,55647
1789585920,751.88,752.17,751.25,751.4,71137
1789586040,751.39,752.12,751.14,751.52,67331
1789586160,751.51,751.65,751.06,751.11,110489
1789586280,751.22,751.4,750.5,750.94,77368
1789586400,750.95,751.33,750.37,750.63,94318
1789586520,750.62,750.825,750.19,750.25,113391
1789586640,750.25,750.87,749.8,749.8,122851
1789586760,749.76,750.47,749.6,750.33,56075
1789586880,750.3,751.31,750.06,751.24,90876
1789587000,751.23,751.85,751.12,751.62,95712
1789587120,751.655,752.31,751.58,752.09,102460
1789587240,752.05,752.635,752.02,752.33,40775
1789587360,752.32,752.35,751.47,752.165,50787
1789587480,752.12,752.56,751.92,752.43,40454
1789587600,752.42,752.8,752.025,752.025,51503
1789587720,752,752.38,751.78,752.25,43994
1789587840,752.27,752.915,752.02,752.91,47429
1789587960,752.9,753.31,752.78,753.26,74979
1789588080,753.23,753.64,753.12,753.47,70434
1789588200,753.49,754.07,753.36,753.59,99392
1789588320,753.565,753.98,753.46,753.74,70539
1789588440,753.73,754.22,753.56,754.09,105836
1789588560,754.125,754.37,753.89,753.98,99856
1789588680,753.99,754.34,753.81,754.095,302082
1789651800,763.1,763.39,762.11,762.11,119808
1789651920,762.15,762.37,761.91,761.97,55421
1789652040,761.97,762,761.19,761.29,52935
1789652160,761.34,761.55,761.09,761.21,42554
1789652280,761.2,761.28,761.01,761.13,27237
1789652400,761.12,761.24,760.74,760.85,38089
1789652520,760.85,761.1,760.71,761,24598
1789652640,761.035,761.19,760.52,760.85,66190
1789652760,760.8,761.48,760.73,761.255,61241
1789652880,761.25,761.4,760.79,761.33,22517
1789653000,761.4,761.62,761.05,761.3,33579
1789653120,761.28,761.87,761,761.17,40130
1789653240,761.17,761.42,760.97,761,21111
1789653360,761.09,761.16,760.79,760.92,15416
1789653480,760.94,761.25,760.87,761.25,14598
1789653600,761.25,761.25,760.38,760.63,29155
1789653720,760.62,760.63,760.29,760.63,34433
1789653840,760.63,760.69,760.32,760.45,23040
1789653960,760.45,760.63,760.11,760.11,16033
1789654080,760.11,760.38,759.97,760.25,25550
1789654200,760.23,760.47,760.1,760.43,23451
1789654320,760.37,760.82,760.29,760.81,35627
1789654440,760.81,761.23,760.81,761.08,38391
1789654560,761.11,761.43,761.11,761.23,27674
1789654680,761.23,761.48,761.19,761.48,26266
1789654800,761.475,761.72,761.28,761.65,54206
1789654920,761.68,762.03,761.66,761.97,50282
1789655040,761.97,762.09,761.75,761.89,34495
1789655160,761.925,762.26,761.9,762.26,33088
1789655280,762.24,762.27,761.66,761.68,38314
1789655400,761.68,761.97,761.62,761.73,19983
1789655520,761.75,761.89,761.55,761.67,25126
1789655640,761.68,762.06,761.67,761.88,29769
1789655760,761.9,762.005,761.74,761.919,14924
1789655880,761.93,762.01,761.665,761.67,18418
1789656000,761.66,762.17,761.63,762.17,15064
1789656120,762.16,762.22,762,762,24862
1789656240,762.01,762.08,761.69,761.71,17096
1789656360,761.69,761.79,761.1,761.17,21303
1789656480,761.23,761.39,761.06,761.26,28485
1789656600,761.25,761.28,761.04,761.16,11787
1789656720,761.16,761.17,760.82,760.82,22985
1789656840,760.83,760.83,760.48,760.5,32912
1789656960,760.53,760.99,760.44,760.81,28079
1789657080,760.85,761.1,760.65,760.785,16913
1789657200,760.8,760.91,760.62,760.65,15388
1789657320,760.69,761,760.61,760.85,11483
1789657440,760.83,760.85,760.4,760.43,15942
1789657560,760.4,760.8,760.36,760.75,21227
1789657680,760.75,760.87,760.67,760.79,10598
1789657800,760.74,761.055,760.65,761.01,8609
1789657920,761.03,761.18,760.87,761.15,12935
1789658040,761.159,761.24,760.93,761.02,14931
1789658160,761.02,761.42,760.965,761.42,17793
1789658280,761.39,761.49,761.31,761.44,12178
1789658400,761.45,761.45,761.17,761.21,13556
1789658520,761.21,761.35,761.1,761.19,14711
1789658640,761.18,761.67,761.07,761.67,12957
1789658760,761.66,761.73,761.49,761.51,14505
1789658880,761.52,761.67,761.39,761.57,15889
1789659000,761.6,761.71,761.5,761.67,13004
1789659120,761.64,761.72,761.52,761.59,27069
1789659240,761.58,761.94,761.49,761.8,16193
1789659360,761.8,762.03,761.77,761.93,14451
1789659480,761.915,762.03,761.86,762.03,11584
1789659600,762.05,762.35,762.01,762.28,12248
1789659720,762.31,762.51,762.28,762.29,23410
1789659840,762.285,762.34,762.18,762.22,13570
1789659960,762.23,762.39,762.205,762.28,9567
1789660080,762.27,762.405,762.22,762.33,25289
1789660200,762.37,762.42,762.09,762.24,15726
1789660320,762.24,762.43,762.22,762.28,17596
1789660440,762.27,762.44,762.27,762.32,9794
1789660560,762.3,762.3,762.07,762.11,11315
1789660680,762.09,762.56,762.09,762.54,7038
1789660800,762.55,762.59,762.415,762.46,10418
1789660920,762.48,762.6,762.4,762.54,8128
1789661040,762.58,762.58,762.19,762.19,8062
1789661160,762.2,762.27,762.055,762.22,35300
1789661280,762.25,762.53,762.16,762.48,6315
1789661400,762.48,762.5,762.255,762.26,9486
1789661520,762.23,762.31,762.15,762.18,11114
1789661640,762.18,762.34,762.16,762.34,11089
1789661760,762.31,762.38,762.25,762.355,10424
1789661880,762.37,762.41,762.23,762.32,8953
1789662000,762.3,762.39,762.25,762.36,9494
1789662120,762.38,762.49,762.34,762.49,6478
1789662240,762.48,762.58,762.47,762.49,12109
1789662360,762.5,762.6,762.46,762.6,11633
1789662480,762.615,762.63,762.4,762.52,10665
1789662600,762.51,762.66,762.33,762.33,11565
1789662720,762.33,762.375,761.985,762,14435
1789662840,762.01,762.17,761.98,762.11,14616
1789662960,762.08,762.29,762.015,762.27,10043
1789663080,762.25,762.31,762.13,762.145,7417
1789663200,762.17,762.37,762.11,762.31,11776
1789663320,762.32,762.58,762.32,762.58,18534
1789663440,762.58,762.65,762.51,762.52,12756
1789663560,762.53,762.67,762.46,762.59,6633
1789663680,762.61,762.62,762.41,762.44,9166
1789663800,762.455,762.53,762.41,762.43,11936
1789663920,762.44,762.55,762.44,762.49,7121
1789664040,762.51,762.53,761.84,761.93,50809
1789664160,761.91,762.04,761.62,761.97,29657
1789664280,761.97,762.45,761.96,762.45,14372
1789664400,762.44,762.73,762.36,762.73,11163
1789664520,762.73,762.73,762.33,762.415,14752
1789664640,762.44,762.67,762.4,762.63,9927
1789664760,762.65,762.8,762.6,762.77,11507
1789664880,762.74,762.74,762.36,762.39,11049
1789665000,762.33,762.37,762.25,762.27,13031
1789665120,762.26,762.39,762.19,762.33,7209
1789665240,762.335,762.43,762.2,762.275,8988
1789665360,762.27,762.31,762.2,762.23,8644
1789665480,762.23,762.27,762.115,762.181,14453
1789665600,762.18,762.23,761.96,761.96,11547
1789665720,762.06,762.2,762.045,762.08,15074
1789665840,762.09,762.2,761.88,762.04,9842
1789665960,762.01,762.1,761.8,762.08,9786
1789666080,762.09,762.1,761.93,762.03,13537
1789666200,762.06,762.12,761.91,762.02,15272
1789666320,761.99,762.2,761.98,762.16,12707
1789666440,762.17,762.38,762.155,762.32,10166
1789666560,762.31,762.34,762.17,762.175,7277
1789666680,762.19,762.3,762.18,762.22,10147
1789666800,762.25,762.47,762.25,762.43,17832
1789666920,762.42,762.43,762.33,762.36,14153
1789667040,762.36,762.47,762.36,762.47,7294
1789667160,762.47,762.62,762.465,762.5,9654
1789667280,762.5,762.529,762.435,762.47,14492
1789667400,762.43,762.45,762.29,762.41,11499
1789667520,762.4,762.41,762.29,762.35,8010
1789667640,762.35,762.47,762.33,762.45,9814
1789667760,762.45,762.62,762.41,762.54,19194
1789667880,762.54,762.63,762.5,762.62,16026
1789668000,762.62,762.64,762.53,762.64,11333
1789668120,762.64,762.78,762.56,762.78,16346
1789668240,762.78,762.85,762.73,762.8,8382
1789668360,762.8,762.81,762.53,762.53,14522
1789668480,762.54,762.565,762.42,762.52,9877
1789668600,762.52,762.64,762.46,762.51,13094
1789668720,762.505,762.69,762.505,762.64,22700
1789668840,762.65,762.89,762.65,762.89,51046
1789668960,762.89,762.95,762.73,762.74,6919
1789669080,762.73,762.88,762.61,762.85,13101
1789669200,762.86,762.92,762.72,762.74,20264
1789669320,762.71,762.77,762.64,762.7,21463
1789669440,762.72,762.74,762.51,762.62,33019
1789669560,762.64,762.79,762.63,762.75,18532
1789669680,762.76,762.81,762.67,762.7,7908
1789669800,762.73,762.85,762.61,762.63,9234
1789669920,762.67,762.74,762.59,762.59,15899
1789670040,762.59,762.6,762.41,762.41,7362
1789670160,762.44,762.46,762.21,762.3,27223
1789670280,762.3,762.3,762.18,762.2,12940
1789670400,762.21,762.37,762.14,762.32,16448
1789670520,762.32,762.325,762.18,762.3,12344
1789670640,762.28,762.45,762.28,762.39,7714
1789670760,762.39,762.46,762.37,762.46,25211
1789670880,762.47,762.65,762.43,762.44,16235
1789671000,762.47,762.52,762.41,762.42,10645
1789671120,762.44,762.46,762.2,762.27,23278
1789671240,762.27,762.37,762.23,762.285,6648
1789671360,762.285,762.45,762.255,762.43,10246
1789671480,762.41,762.47,762.365,762.435,9401
1789671600,762.445,762.75,762.44,762.72,35203
1789671720,762.72,762.81,762.67,762.77,24341
1789671840,762.8,763,762.79,762.96,32093
1789671960,762.99,763.05,762.84,762.93,32236
1789672080,762.92,762.94,762.75,762.78,36257
1789672200,762.78,762.86,762.74,762.78,22491
1789672320,762.78,762.88,762.72,762.88,15657
1789672440,762.86,762.9,762.74,762.81,14438
1789672560,762.82,762.82,762.67,762.75,57658
1789672680,762.75,762.94,762.745,762.9,32210
1789672800,762.9,762.91,762.73,762.77,36438
1789672920,762.77,762.77,762.64,762.71,32634
1789673040,762.69,762.78,762.59,762.76,50691
1789673160,762.76,762.76,762.555,762.58,26083
1789673280,762.6,762.64,762.55,762.61,17847
1789673400,762.64,762.93,762.61,762.9,23329
1789673520,762.89,762.9,762.75,762.81,22509
1789673640,762.81,762.92,762.78,762.9,30046
1789673760,762.9,763.03,762.9,763.01,55009
1789673880,763.02,763.08,762.93,762.99,26752
1789674000,762.95,763.01,762.84,762.86,40468
1789674120,762.86,763.05,762.77,763.01,48971
1789674240,763.01,763.15,762.93,763,58926
1789674360,762.99,763.04,762.79,762.92,65296
1789674480,762.91,762.96,762.77,762.81,72245
1789674600,762.82,763.37,762.78,763.36,105681
1789674720,763.36,763.57,763.17,763.48,82742
1789674840,763.48,763.55,763.01,763.1,146186
1789674960,763.09,763.27,763.05,763.06,94008
1789675080,763.06,763.1,762.43,762.64,265501
1789738200,761.31,761.61,760.95,761.6,155453
1789738320,761.64,761.76,761.21,761.25,29001
1789738440,761.21,761.37,760.65,760.73,73417
1789738560,760.74,761.07,760.59,761.05,46508
1789738680,761.04,761.19,760.8,760.91,48983
1789738800,760.91,761.43,760.88,761.29,39326
1789738920,761.28,761.31,760.8,760.85,23274
1789739040,760.79,761.06,760.75,761.04,27684
1789739160,761.02,761.16,760.72,760.72,23069
1789739280,760.76,760.84,760.47,760.5,20659
1789739400,760.47,760.54,760.14,760.35,28389
1789739520,760.35,760.53,760.23,760.24,23071
1789739640,760.23,760.3,759.82,760.04,27077
1789739760,760.05,760.12,759.7,759.83,20672
1789739880,759.86,760.01,759.56,759.73,117797
1789740000,759.71,759.949,759.4,759.46,43537
1789740120,759.45,759.46,758.96,759.02,26711
1789740240,759.01,759.18,758.85,759.09,49475
1789740360,759.09,759.29,758.9,758.97,30531
1789740480,758.98,759.44,758.93,759.44,17644
1789740600,759.42,759.89,759.42,759.88,32901
1789740720,759.89,759.905,759.255,759.48,24454
1789740840,759.48,759.49,759.1,759.145,27554
1789740960,759.16,759.195,758.76,758.99,28599
1789741080,759.015,759.35,759,759.35,20970
1789741200,759.35,759.41,759.1,759.29,13854
1789741320,759.3,759.62,759.3,759.53,32497
1789741440,759.5,759.51,759.09,759.17,13773
1789741560,759.15,759.44,759.12,759.38,14744
1789741680,759.39,759.64,759.33,759.37,14039
1789741800,759.32,759.44,759.14,759.15,11909
1789741920,759.22,759.39,759.17,759.27,9623
1789742040,759.25,759.29,759.09,759.22,13883
1789742160,759.19,759.3,758.99,759.24,11167
1789742280,759.23,759.76,759.23,759.495,24255
1789742400,759.49,759.52,759.25,759.31,16435
1789742520,759.36,759.37,758.86,758.95,20804
1789742640,758.92,759.05,758.87,758.99,14709
1789742760,758.98,759.35,758.96,759.12,16639
1789742880,759.12,759.52,759.1,759.44,13481
1789743000,759.45,759.77,759.34,759.76,19553
1789743120,759.74,759.96,759.69,759.88,12678
1789743240,759.88,759.9,759.71,759.74,12368
1789743360,759.76,759.81,759.62,759.72,15867
1789743480,759.72,759.95,759.69,759.93,9797
1789743600,759.95,760,759.66,759.69,16263
1789743720,759.66,759.77,759.42,759.76,21018
1789743840,759.73,759.93,759.63,759.93,8030
1789743960,759.93,760.04,759.79,760.01,8116
1789744080,759.97,759.99,759.74,759.74,4259
1789744200,759.77,759.94,759.65,759.66,6455
1789744320,759.64,759.76,759.5,759.73,10351
1789744440,759.7,759.7,759.515,759.65,17028
1789744560,759.63,759.66,759.44,759.52,28786
1789744680,759.52,759.79,759.46,759.77,10619
1789744800,759.75,759.82,759.64,759.65,8190
1789744920,759.64,759.87,759.64,759.78,12250
1789745040,759.77,759.93,759.69,759.9,8399
1789745160,759.9,760.04,759.88,759.95,18898
1789745280,759.93,760.06,759.85,759.98,9108
1789745400,760,760.08,759.56,759.62,36662
1789745520,759.62,759.79,759.5,759.75,7323
1789745640,759.7,759.83,759.6,759.79,8258
1789745760,759.77,759.89,759.59,759.59,34862
1789745880,759.58,759.6,759.24,759.29,19364
1789746000,759.27,759.28,759.11,759.22,13555
1789746120,759.2,759.39,759.15,759.29,16914
1789746240,759.29,759.37,759.11,759.12,9295
1789746360,759.11,759.28,759.11,759.15,13510
1789746480,759.13,759.25,759.099,759.14,15056
1789746600,759.15,759.32,759.08,759.2,10685
1789746720,759.18,759.19,758.96,758.97,12167
1789746840,758.97,759.04,758.91,758.98,11273
1789746960,759.02,759.2,759.01,759.01,13641
1789747080,759.01,759.02,758.85,758.99,13762
1789747200,758.99,759.01,758.7,758.759,17587
1789747320,758.76,758.91,758.68,758.82,15276
1789747440,758.81,758.92,758.74,758.89,13831
1789747560,758.895,759.21,758.89,759.21,16987
1789747680,759.22,759.23,758.99,759.13,17465
1789747800,759.15,759.175,759.03,759.08,15536
1789747920,759.08,759.19,758.98,758.98,8911
1789748040,758.97,759.09,758.91,758.92,10117
1789748160,758.94,759.07,758.89,759.01,12462
1789748280,758.995,759.16,758.995,759.09,11269
1789748400,759.11,759.11,758.91,758.96,11113
1789748520,759,759,758.3,758.33,20515
1789748640,758.32,758.32,757.97,758.17,30753
1789748760,758.18,758.44,758.09,758.44,17552
1789748880,758.44,758.91,758.38,758.76,37344
1789749000,758.76,758.96,758.57,758.77,28252
1789749120,758.77,759.18,758.72,759.12,11421
1789749240,759.15,759.29,759.085,759.211,8421
1789749360,759.16,759.23,758.97,758.97,7361
1789749480,758.96,759.07,758.82,758.96,12086
1789749600,758.96,759.039,758.87,758.88,3349
1789749720,758.88,759.14,758.84,759.04,3722
1789749840,759.05,759.27,759.02,759.08,13938
1789749960,759.08,759.11,758.78,759.02,11356
1789750080,758.99,759.18,758.91,759.16,10510
1789750200,759.16,759.33,759.16,759.29,17916
1789750320,759.29,759.53,759.29,759.49,23214
1789750440,759.48,759.48,759.41,759.465,6426
1789750560,759.47,759.47,759.36,759.45,10447
1789750680,759.44,759.53,759.32,759.37,26914
1789750800,759.37,759.37,759.18,759.29,8632
1789750920,759.285,759.45,759.28,759.41,3946
1789751040,759.39,759.49,759.34,759.45,5557
1789751160,759.45,759.52,759.4,759.44,7764
1789751280,759.48,759.53,759.27,759.31,7656
1789751400,759.32,759.33,759.13,759.19,23494
1789751520,759.19,759.295,759.03,759.27,10051
1789751640,759.25,759.44,759.24,759.44,12840
1789751760,759.43,759.48,759.275,759.48,4690
1789751880,759.47,759.47,759.27,759.34,3027
1789752000,759.351,759.38,759.27,759.34,6614
1789752120,759.35,759.48,759.31,759.45,9420
1789752240,759.46,759.58,759.43,759.53,4982
1789752360,759.56,759.56,759.48,759.56,3978
1789752480,759.54,759.55,759.38,759.4,9533
1789752600,759.4,759.41,759.27,759.3,6149
1789752720,759.3,759.36,759.22,759.28,4320
1789752840,759.271,759.63,759.26,759.591,63110
1789752960,759.61,759.75,759.61,759.64,24159
1789753080,759.65,759.72,759.59,759.691,5095
1789753200,759.71,759.71,759.6,759.65,6614
1789753320,759.65,759.67,759.57,759.63,11468
1789753440,759.63,759.8,759.63,759.73,9655
1789753560,759.72,759.8,759.69,759.75,14154
1789753680,759.76,759.785,759.61,759.66,9907
1789753800,759.66,759.8,759.65,759.79,14082
1789753920,759.8,759.85,759.77,759.83,6674
1789754040,759.83,759.86,759.72,759.8,5907
1789754160,759.8,759.89,759.79,759.82,10575
1789754280,759.83,759.89,759.75,759.83,9788
1789754400,759.82,759.96,759.68,759.875,25704
1789754520,759.88,759.94,759.85,759.88,17357
1789754640,759.9,759.97,759.85,759.88,11958
1789754760,759.87,759.87,759.76,759.84,12113
1789754880,759.86,759.87,759.75,759.78,8467
1789755000,759.79,759.85,759.665,759.75,10326
1789755120,759.76,759.87,759.67,759.87,21350
1789755240,759.87,759.89,759.8,759.86,7438
1789755360,759.87,759.98,759.87,759.89,7927
1789755480,759.9,760.1,759.9,760.1,21539
1789755600,760.1,760.36,760.07,760.311,28896
1789755720,760.31,760.61,760.31,760.37,41120
1789755840,760.37,760.37,760.27,760.29,11925
1789755960,760.28,760.41,760.27,760.34,16835
1789756080,760.33,760.48,760.22,760.48,15663
1789756200,760.49,760.5,760.26,760.27,12586
1789756320,760.27,760.43,760.26,760.4,16431
1789756440,760.41,760.53,760.37,760.53,4907
1789756560,760.52,760.53,760.28,760.345,10315
1789756680,760.34,760.381,760.24,760.37,8112
1789756800,760.35,760.36,760.29,760.33,6899
1789756920,760.34,760.5,760.32,760.48,6042
1789757040,760.48,760.83,760.46,760.82,8558
1789757160,760.81,761.48,760.81,761.41,41858
1789757280,761.4,761.42,761.24,761.27,18539
1789757400,761.28,761.35,761.21,761.27,16199
1789757520,761.275,761.73,761.27,761.66,21375
1789757640,761.665,761.83,761.28,761.39,16224
1789757760,761.39,761.44,761.26,761.39,9592
1789757880,761.38,761.39,761.17,761.231,10810
1789758000,761.26,761.34,761.11,761.12,12523
1789758120,761.15,761.26,761.12,761.19,6491
1789758240,761.21,761.44,761.21,761.36,11295
1789758360,761.38,761.47,761.09,761.11,18760
1789758480,761.12,761.23,761.09,761.21,12348
1789758600,761.22,761.33,761.15,761.31,10854
1789758720,761.31,761.38,761.11,761.12,17037
1789758840,761.12,761.21,761.06,761.15,51933
1789758960,761.17,761.24,761.11,761.17,16594
1789759080,761.18,761.21,761.025,761.17,12896
1789759200,761.165,761.27,761.03,761.155,16705
1789759320,761.17,761.18,761.07,761.08,18993
1789759440,761.07,761.105,761.01,761.01,13984
1789759560,761.01,761.13,761,761.08,14018
1789759680,761.08,761.09,760.84,760.87,16006
1789759800,760.87,760.92,760.71,760.73,19677
1789759920,760.75,760.83,760.69,760.75,18951
1789760040,760.75,760.82,760.68,760.71,15655
1789760160,760.7,761.11,760.7,761.06,28446
1789760280,761.06,761.22,761.02,761.17,38340
1789760400,761.175,761.22,761.06,761.14,32463
1789760520,761.14,761.34,761.12,761.305,51525
1789760640,761.3,761.44,761.295,761.38,60008
1789760760,761.39,761.66,761.33,761.56,90660
1789760880,761.54,761.66,761.52,761.65,54821
1789761000,761.64,761.79,761.25,761.25,98949
1789761120,761.26,761.415,761.18,761.38,36699
1789761240,761.4,761.99,761.29,761.57,94325
1789761360,761.575,761.96,761.49,761.96,100305
1789761480,761.94,761.94,761.395,761.64,505187
1789997400,766.28,766.65,766.04,766.16,122796
1789997520,766.18,766.61,766.07,766.34,48863
1789997640,766.35,766.67,766.33,766.67,51206
1789997760,766.65,766.74,766.37,766.68,39449
1789997880,766.68,766.69,766.52,766.66,31192
1789998000,766.67,766.77,766.53,766.61,33518
1789998120,766.62,766.72,766.48,766.57,31375
1789998240,766.58,767.09,766.55,767.07,38000
1789998360,767.06,767.15,766.92,766.94,40626
1789998480,766.94,767.04,766.86,767.02,18897
1789998600,767.02,767.12,766.97,767.12,43517
1789998720,767.11,767.43,767.11,767.38,34941
1789998840,767.38,767.56,767.32,767.41,35488
1789998960,767.42,767.51,767.27,767.51,33731
1789999080,767.5,767.72,767.385,767.7,37547
1789999200,767.705,767.82,767.5,767.58,33559
1789999320,767.58,767.61,767.44,767.49,13440
1789999440,767.49,767.57,767.11,767.19,21110
1789999560,767.2,767.31,767.045,767.23,23865
1789999680,767.24,767.49,767.24,767.37,15993
1789999800,767.38,767.66,767.38,767.54,19576
1789999920,767.53,767.89,767.5,767.88,25269
1790000040,767.88,768.05,767.76,768.05,26116
1790000160,768.045,768.39,768.03,768.35,23003
1790000280,768.34,768.49,768.32,768.43,16376
1790000400,768.43,768.85,768.28,768.84,35892
1790000520,768.85,769.1,768.84,769.09,28052
1790000640,769.08,769.14,768.975,769.11,28646
1790000760,769.11,769.21,769.01,769.11,25169
1790000880,769.11,769.29,768.94,769.04,46640
1790001000,769.01,769.22,768.885,769.21,41424
1790001120,769.18,769.36,769.08,769.2,86260
1790001240,769.205,769.24,769.09,769.18,40260
1790001360,769.2,769.56,769.16,769.48,38165
1790001480,769.46,769.49,769.21,769.27,26847
1790001600,769.28,769.55,769.14,769.21,33181
1790001720,769.2,769.24,768.905,768.92,33248
1790001840,768.94,769,768.73,768.78,40159
1790001960,768.79,769.2,768.79,769.19,32618
1790002080,769.185,769.31,769,769,24839
1790002200,768.99,769.02,768.87,768.97,22980
1790002320,768.96,769.05,768.9,768.9,33683
1790002440,768.89,769.21,768.89,769.09,25369
1790002560,769.115,769.32,768.99,769.31,58937
1790002680,769.31,769.44,769.18,769.21,20437
1790002800,769.22,769.32,769.19,769.24,21420
1790002920,769.235,769.29,769.12,769.28,23873
1790003040,769.29,769.62,769.27,769.48,31309
1790003160,769.48,769.55,769.35,769.49,20253
1790003280,769.51,769.59,769.5,769.541,21096
1790003400,769.56,769.56,769.4,769.49,33847
1790003520,769.48,769.79,769.455,769.77,17548
1790003640,769.76,769.95,769.71,769.95,16950
1790003760,769.945,770.04,769.85,769.98,22210
1790003880,769.98,770.17,769.97,770.15,17632
1790004000,770.14,770.16,769.97,770.07,35155
1790004120,770.05,770.05,769.9,769.98,16397
1790004240,769.99,770.07,769.88,770.04,28368
1790004360,770.03,770.08,769.89,769.98,11440
1790004480,769.96,770,769.82,769.87,16050
1790004600,769.86,770,769.85,769.93,15657
1790004720,769.94,770.02,769.93,769.97,20834
1790004840,769.97,770,769.81,769.9,11817
1790004960,769.92,770.29,769.9,770.29,17881
1790005080,770.28,770.55,770.25,770.52,39815
1790005200,770.49,770.54,770.37,770.46,17438
1790005320,770.49,770.58,770.36,770.56,23031
1790005440,770.56,770.95,770.56,770.885,26475
1790005560,770.88,771.2,770.88,771.18,22304
1790005680,771.16,771.16,770.94,770.965,22342
1790005800,770.96,771.33,770.82,770.9,45932
1790005920,770.9,770.935,770.74,770.82,13614
1790006040,770.83,770.84,770.63,770.765,22103
1790006160,770.78,770.79,770.54,770.59,23509
1790006280,770.61,770.75,770.54,770.74,18291
1790006400,770.73,770.73,770.515,770.63,18731
1790006520,770.62,771.045,770.62,771.03,18235
1790006640,771.02,771.11,770.98,771.02,19425
1790006760,771.015,771.51,770.86,771.27,51738
1790006880,771.27,771.7,771.24,771.64,31173
1790007000,771.66,771.84,771.61,771.74,37123
1790007120,771.745,771.745,771.49,771.49,25278
1790007240,771.49,771.72,771.43,771.69,22117
1790007360,771.68,771.8,771.55,771.55,19347
1790007480,771.54,771.63,771.44,771.6,21619
1790007600,771.59,771.66,771.45,771.56,13873
1790007720,771.57,771.72,771.55,771.65,17273
1790007840,771.68,771.77,771.56,771.77,11920
1790007960,771.78,772.02,771.73,772.02,24461
1790008080,772.02,772.05,771.78,771.84,18360
1790008200,771.84,772.26,771.81,772.245,27175
1790008320,772.24,772.66,772.215,772.5,29916
1790008440,772.51,772.54,772.305,772.43,19547
1790008560,772.42,772.5,772.26,772.27,17301
1790008680,772.26,772.26,771.88,771.89,28159
1790008800,771.9,772.05,771.8,772,54511
1790008920,772,772.16,771.97,772.1,20884
1790009040,772.1,772.26,771.93,772.2,16353
1790009160,772.21,772.33,772.17,772.25,18912
1790009280,772.26,772.27,772.13,772.25,11853
1790009400,772.25,772.33,772.1,772.16,18072
1790009520,772.15,772.16,771.98,772.095,19079
1790009640,772.105,772.305,772.09,772.28,15933
1790009760,772.27,772.28,772.06,772.15,21909
1790009880,772.14,772.34,772.13,772.33,10866
1790010000,772.33,772.5,772.33,772.37,19496
1790010120,772.38,772.4,772.26,772.285,10599
1790010240,772.28,772.52,772.19,772.48,19221
1790010360,772.47,772.52,772.35,772.35,10770
1790010480,772.33,772.39,772.28,772.38,14718
1790010600,772.39,772.53,772.355,772.53,14812
1790010720,772.53,772.78,772.53,772.74,17550
1790010840,772.74,772.9,772.7,772.7,25735
1790010960,772.71,772.78,772.62,772.68,16868
1790011080,772.68,772.96,772.655,772.85,12264
1790011200,772.86,772.98,772.85,772.92,30315
1790011320,772.92,772.95,772.58,772.63,18336
1790011440,772.62,772.64,772.49,772.58,21789
1790011560,772.57,772.63,772.42,772.6,31788
1790011680,772.61,772.81,772.5,772.81,18295
1790011800,772.82,772.84,772.5,772.63,29519
1790011920,772.6,772.6,772.4,772.41,14847
1790012040,772.45,772.46,772.29,772.425,19129
1790012160,772.43,772.54,772.26,772.29,23762
1790012280,772.27,772.42,772.27,772.29,17817
1790012400,772.29,772.46,772.24,772.39,30602
1790012520,772.39,772.74,772.39,772.73,27742
1790012640,772.73,773.1,772.73,773.08,33009
1790012760,773.07,773.16,772.79,772.81,22000
1790012880,772.81,772.87,772.72,772.8,19411
1790013000,772.78,772.92,772.76,772.9,14220
1790013120,772.91,773.03,772.91,772.98,17768
1790013240,772.98,773.04,772.795,772.85,29422
1790013360,772.84,772.9,772.735,772.86,12376
1790013480,772.88,772.97,772.87,772.91,14322
1790013600,772.9,773.1,772.9,773.09,15011
1790013720,773.1,773.2,773.05,773.05,16033
1790013840,773.07,773.31,773.07,773.31,12760
1790013960,773.305,773.35,773.245,773.28,12612
1790014080,773.31,773.35,773.13,773.18,14703
1790014200,773.19,773.24,773.1,773.23,19027
1790014320,773.23,773.25,773.165,773.21,18799
1790014440,773.23,773.41,773.23,773.4,26980
1790014560,773.4,773.4,773.16,773.29,16342
1790014680,773.285,773.419,773.23,773.33,23633
1790014800,773.33,773.48,773.295,773.48,19538
1790014920,773.485,773.84,773.48,773.84,32979
1790015040,773.835,773.88,773.74,773.835,15093
1790015160,773.84,773.87,773.72,773.85,14409
1790015280,773.82,773.985,773.81,773.85,18518
1790015400,773.9,773.99,773.7,773.73,32010
1790015520,773.73,773.75,773.59,773.71,25330
1790015640,773.72,773.82,773.6,773.65,18470
1790015760,773.65,773.86,773.61,773.84,12361
1790015880,773.84,773.94,773.83,773.92,18645
1790016000,773.95,774.01,773.87,773.99,26658
1790016120,774,774.06,773.91,774.05,20094
1790016240,774.065,774.34,774.05,774.2,36884
1790016360,774.2,774.22,774.07,774.18,28557
1790016480,774.17,774.36,774.15,774.35,28560
1790016600,774.35,774.56,774.35,774.5,30291
1790016720,774.51,774.59,774.31,774.59,37893
1790016840,774.59,774.62,774.38,774.4,15528
1790016960,774.4,774.48,774.34,774.34,14377
1790017080,774.34,774.37,774.17,774.29,22615
1790017200,774.3,774.485,774.21,774.3,22137
1790017320,774.29,774.4,774.23,774.25,15437
1790017440,774.27,774.31,774.05,774.05,18839
1790017560,774.05,774.17,773.99,774.05,30800
1790017680,774.055,774.209,774.03,774.2,24343
1790017800,774.19,774.21,773.96,774.21,30109
1790017920,774.22,774.42,774.19,774.415,33210
1790018040,774.42,774.46,774.26,774.4,27645
1790018160,774.39,774.465,774.34,774.38,24327
1790018280,774.39,774.41,774.265,774.369,31445
1790018400,774.36,774.36,774.08,774.24,33937
1790018520,774.25,774.39,774.22,774.22,24577
1790018640,774.22,774.22,774.03,774.07,32579
1790018760,774.06,774.28,774.05,774.2,33821
1790018880,774.2,774.32,774.09,774.1,29302
1790019000,774.11,774.22,774.06,774.19,47954
1790019120,774.18,774.42,774.15,774.409,45935
1790019240,774.41,774.56,774.4,774.54,96754
1790019360,774.54,774.69,774.46,774.66,68225
1790019480,774.66,774.9,774.65,774.78,59346
1790019600,774.77,774.83,774.41,774.43,46157
1790019720,774.43,774.47,774.29,774.45,45236
1790019840,774.44,774.545,774.32,774.52,62891
1790019960,774.52,774.52,774.28,774.295,58471
1790020080,774.28,774.37,774.1,774.22,77017
1790020200,774.21,774.21,773.7,773.86,111351
1790020320,773.86,773.99,773.74,773.77,77403
1790020440,773.76,773.87,773.65,773.73,97163
1790020560,773.72,773.91,773.66,773.78,89433
1790020680,773.78,773.92,773.41,773.52,256190
1790083800,773.98,774.96,773.89,774.91,52133
1790083920,774.929,775.02,774.74,774.91,58936
1790084040,774.915,775.14,774.72,775.02,45419
1790084160,775,775.04,774.64,774.82,47101
1790084280,774.82,775.1,774.79,774.98,24782
1790084400,774.96,774.96,774.44,774.515,39686
1790084520,774.51,774.79,774.41,774.72,22066
1790084640,774.72,774.73,774.13,774.31,27679
1790084760,774.31,774.4,773.94,774,26047
1790084880,774.02,774.64,773.88,774.3,61376
1790085000,774.33,774.4,774.13,774.32,15380
1790085120,774.31,774.43,774.09,774.13,13354
1790085240,774.08,774.12,773.77,773.95,33793
1790085360,773.94,774.1,773.66,774.1,28117
1790085480,774.07,774.1,773.68,773.77,14732
1790085600,773.8,774.08,773.77,773.965,25045
1790085720,773.975,774.24,773.94,774.09,16807
1790085840,774.09,774.159,773.96,774.109,12759
1790085960,774.09,774.17,773.85,774.04,7267
1790086080,774.05,774.05,773.77,773.81,14352
1790086200,773.79,774.35,773.79,774.25,20618
1790086320,774.29,774.91,774.29,774.43,43793
1790086440,774.46,774.51,774.17,774.43,16110
1790086560,774.43,774.43,773.86,773.95,48426
1790086680,773.97,773.97,773.555,773.83,18565
1790086800,773.83,773.96,773.6,773.67,9278
1790086920,773.68,773.819,773.64,773.73,11478
1790087040,773.75,773.8,773.61,773.73,10475
1790087160,773.75,773.86,773.68,773.77,9374
1790087280,773.76,773.76,773.5,773.54,20933
1790087400,773.54,773.86,773.495,773.75,10626
1790087520,773.8,774.06,773.79,773.93,9900
1790087640,773.92,774.02,773.27,773.32,38695
1790087760,773.34,773.86,773.34,773.85,18163
1790087880,773.85,774.4,773.46,773.49,47897
1790088000,773.5,773.55,773.09,773.15,44828
1790088120,773.12,773.35,773.01,773.33,14368
1790088240,773.33,773.45,773.08,773.17,15772
1790088360,773.16,773.5,772.97,773.39,29636
1790088480,773.39,773.69,773.3,773.69,17227
1790088600,773.68,773.87,773.44,773.45,9781
1790088720,773.42,773.54,773.38,773.4,13691
1790088840,773.38,773.63,773.3,773.63,8415
1790088960,773.63,773.73,773.54,773.6,8472
1790089080,773.6,773.6,773.26,773.39,5789
1790089200,773.4,773.6,773.32,773.55,10821
1790089320,773.56,773.65,773.43,773.61,13082
1790089440,773.64,773.7,773.42,773.59,10660
1790089560,773.601,773.79,773.41,773.68,28011
1790089680,773.66,773.7,773.34,773.36,7610
1790089800,773.38,773.54,773.33,773.37,5482
1790089920,773.37,773.409,773.2,773.28,16439
1790090040,773.26,773.66,773.26,773.49,22932
1790090160,773.47,773.71,773.42,773.56,8361
1790090280,773.55,773.59,773.4,773.54,9447
1790090400,773.52,773.66,773.39,773.545,13386
1790090520,773.57,773.63,773.43,773.57,5528
1790090640,773.56,773.71,773.47,773.66,6673
1790090760,773.67,773.67,773.51,773.585,3680
1790090880,773.56,773.56,773.3,773.34,4613
1790091000,773.33,773.33,773.04,773.05,8782
1790091120,773.07,773.14,772.93,772.94,30923
1790091240,772.93,773.08,772.9,772.939,14960
1790091360,772.94,772.955,772.73,772.85,17995
1790091480,772.84,772.85,772.66,772.75,16701
1790091600,772.7,772.79,772.57,772.76,23309
1790091720,772.77,772.91,772.76,772.78,8398
1790091840,772.79,772.9,772.75,772.84,35460
1790091960,772.83,773.09,772.82,773.04,15620
1790092080,773.03,773.1,772.85,772.92,11865
1790092200,772.91,772.98,772.81,772.85,7961
1790092320,772.85,772.96,772.849,772.9,9941
1790092440,772.93,772.94,772.68,772.77,12710
1790092560,772.75,772.77,772.655,772.77,7593
1790092680,772.77,773.05,772.77,773.04,17493
1790092800,773.04,773.23,772.88,772.96,12825
1790092920,772.94,772.99,772.88,772.97,16894
1790093040,772.99,773.05,772.93,772.98,8977
1790093160,772.99,773.23,772.89,773.21,7478
1790093280,773.2,773.4,773.2,773.27,22372
1790093400,773.28,773.38,773.18,773.28,16171
1790093520,773.3,773.36,773.26,773.33,6107
1790093640,773.32,773.38,773.15,773.159,4700
1790093760,773.14,773.31,773.11,773.3,7292
1790093880,773.29,773.29,773.03,773.06,8373
1790094000,773.065,773.21,772.89,773.14,15875
1790094120,773.15,773.19,772.85,772.86,22604
1790094240,772.85,772.92,772.69,772.9,13973
1790094360,772.88,772.93,772.78,772.91,9247
1790094480,772.89,772.94,772.83,772.91,9309
1790094600,772.93,773.12,772.88,773.01,9264
1790094720,773.03,773.09,772.9,773.07,7615
1790094840,773.06,773.23,773.02,773.05,9031
1790094960,773.049,773.1,772.999,773,6317
1790095080,772.98,773.06,772.84,773.02,7185
1790095200,773.03,773.06,772.93,772.97,7953
1790095320,772.96,773,772.795,772.94,13573
1790095440,772.95,773.1,772.93,773.05,10108
1790095560,773.07,773.17,773.03,773.06,8850
1790095680,773.05,773.7,773.05,773.65,56801
1790095800,773.64,773.71,773.5,773.68,13014
1790095920,773.69,773.7,773.56,773.56,12341
1790096040,773.55,773.63,773.45,773.49,4596
1790096160,773.49,773.51,773.39,773.49,10350
1790096280,773.51,773.63,773.45,773.579,5547
1790096400,773.57,773.62,773.53,773.58,5494
1790096520,773.57,773.57,773.43,773.44,4724
1790096640,773.43,773.49,773.31,773.409,6436
1790096760,773.45,773.66,773.4,773.41,7469
1790096880,773.43,773.43,773.26,773.37,6919
1790097000,773.38,773.45,773.29,773.33,7252
1790097120,773.34,773.35,773.23,773.31,6555
1790097240,773.28,773.33,773.22,773.33,4734
1790097360,773.32,773.32,773.2,773.24,8688
1790097480,773.24,773.27,773.17,773.27,6470
1790097600,773.27,773.27,773.15,773.15,7721
1790097720,773.18,773.18,773.09,773.14,2979
1790097840,773.16,773.29,773.14,773.29,6050
1790097960,773.26,773.43,773.24,773.43,7173
1790098080,773.44,773.58,773.4,773.58,5600
1790098200,773.561,773.58,773.42,773.43,4056
1790098320,773.43,773.45,773.33,773.34,3477
1790098440,773.36,773.4,773.28,773.33,5227
1790098560,773.37,773.37,773.25,773.26,6689
1790098680,773.28,773.37,773.18,773.2,9862
1790098800,773.2,773.27,773.1,773.235,5083
1790098920,773.25,773.44,773.23,773.44,4366
1790099040,773.43,773.57,773.42,773.56,3463
1790099160,773.58,773.58,773.37,773.45,4887
1790099280,773.45,773.48,773.41,773.48,3168
1790099400,773.48,773.5,773.35,773.45,4927
1790099520,773.44,774.31,773.42,773.95,92443
1790099640,773.96,774.25,773.94,774.13,26389
1790099760,774.13,774.22,773.97,774.03,11625
1790099880,774,774.13,773.98,774.11,7062
1790100000,774.11,774.19,773.77,773.81,20781
1790100120,773.8,773.87,773.71,773.85,5834
1790100240,773.85,774.06,773.81,774.01,6236
1790100360,774.02,774.11,773.9,773.95,9870
1790100480,773.97,774.13,773.92,774.12,6812
1790100600,774.11,774.14,774.05,774.109,5956
1790100720,774.09,774.14,773.92,773.98,38143
1790100840,773.99,774.06,773.89,774.03,16900
1790100960,774.025,774.05,773.93,773.96,41408
1790101080,773.98,774.11,773.97,774.07,21407
1790101200,774.05,774.21,774.04,774.17,22191
1790101320,774.19,774.41,774.19,774.37,13815
1790101440,774.36,774.37,774.23,774.24,10422
1790101560,774.24,774.25,774.14,774.2,10342
1790101680,774.2,774.26,774.12,774.13,6486
1790101800,774.14,774.27,774.03,774.14,14971
1790101920,774.15,774.18,774,774.03,21990
1790102040,774.03,774.09,773.85,773.9,17565
1790102160,773.88,773.93,773.72,773.9,12240
1790102280,773.9,773.93,773.78,773.92,14548
1790102400,773.89,774.04,773.74,773.91,14599
1790102520,773.91,774.2,773.9,774.19,12705
1790102640,774.17,774.2,774.1,774.19,13239
1790102760,774.2,774.2,774.07,774.1,4748
1790102880,774.1,774.2,774.08,774.15,6476
1790103000,774.17,774.19,774.01,774.15,6358
1790103120,774.14,774.18,774.09,774.11,10460
1790103240,774.12,774.13,773.98,774.05,4291
1790103360,774.07,774.07,773.73,773.74,12956
1790103480,773.75,773.77,773.67,773.77,12992
1790103600,773.77,773.94,773.73,773.879,17673
1790103720,773.83,773.9,773.81,773.86,9049
1790103840,773.85,773.9,773.8,773.85,10651
1790103960,773.85,774.02,773.85,773.95,8428
1790104080,773.95,773.99,773.81,773.87,6541
1790104200,773.9,774.02,773.87,774,9073
1790104320,774,774.1,773.97,774.07,16482
1790104440,774.1,774.11,774,774.05,17725
1790104560,774.06,774.2,774.04,774.19,19755
1790104680,774.21,774.28,774.18,774.27,14464
1790104800,774.27,774.28,774.15,774.2,14824
1790104920,774.19,774.22,774.11,774.2,15198
1790105040,774.195,774.49,774.1,774.4,73087
1790105160,774.41,774.48,774.31,774.38,27172
1790105280,774.36,774.47,774.34,774.39,10866
1790105400,774.365,774.46,774.31,774.44,43116
1790105520,774.43,774.77,774.41,774.74,40371
1790105640,774.71,774.92,774.61,774.9,88433
1790105760,774.9,774.94,774.79,774.84,89832
1790105880,774.87,774.93,774.71,774.83,31531
1790106000,774.83,774.85,774.47,774.49,44063
1790106120,774.48,774.49,774.25,774.46,56586
1790106240,774.49,774.64,774.4,774.55,18268
1790106360,774.55,774.68,774.52,774.63,18999
1790106480,774.63,774.75,774.6,774.74,34411
1790106600,774.73,774.8,774.39,774.74,46816
1790106720,774.74,774.895,774.53,774.535,33659
1790106840,774.55,774.62,773.82,773.86,109115
1790106960,773.85,773.89,773.67,773.75,80467
1790107080,773.75,773.8,773.31,773.43,184418
1790170200,772.8,773.03,772.51,772.8,53122
1790170320,772.75,772.89,772.56,772.82,21912
1790170440,772.82,772.83,772.05,772.23,38391
1790170560,772.23,772.4,772.17,772.27,23113
1790170680,772.3,772.4,772.1,772.15,15334
1790170800,772.15,772.25,772.03,772.11,21753
1790170920,772.11,772.13,771.89,771.94,17862
1790171040,771.96,772.05,771.57,771.62,14383
1790171160,771.59,771.6,771.1,771.27,49548
1790171280,771.26,771.29,771,771.12,22137
1790171400,771.12,771.295,770.9,770.99,15434
1790171520,770.98,771.17,770.71,770.98,26225
1790171640,771,771,770.61,770.62,17862
1790171760,770.64,770.78,770.46,770.76,33339
1790171880,770.71,770.91,770.61,770.66,23831
1790172000,770.68,771.04,770.64,770.72,20510
1790172120,770.72,770.73,770.38,770.395,25078
1790172240,770.41,770.6,770.25,770.315,24185
1790172360,770.3,770.5,770.17,770.17,24392
1790172480,770.15,770.24,769.92,770,32995
1790172600,770.01,770.04,769.4,769.66,49666
1790172720,769.67,769.78,769.28,769.55,40906
1790172840,769.53,769.89,769.45,769.89,38668
1790172960,769.89,769.89,769.34,769.43,53860
1790173080,769.38,769.39,769.08,769.15,28870
1790173200,769.11,769.33,768.849,768.849,33441
1790173320,768.86,768.86,768.5,768.75,32757
1790173440,768.74,769.01,768.55,768.71,39875
1790173560,768.7,768.73,768.38,768.56,46304
1790173680,768.59,768.97,768.54,768.86,49304
1790173800,768.85,769.27,768.83,769.06,46106
1790173920,769.05,769.42,768.955,769.36,33841
1790174040,769.36,769.86,769.23,769.77,43282
1790174160,769.76,769.87,769.405,769.43,48471
1790174280,769.43,769.44,768.86,768.88,34979
1790174400,768.87,769.2,768.69,769.1,40250
1790174520,769.09,769.215,769.02,769.14,24285
1790174640,769.17,769.34,769.06,769.15,32308
1790174760,769.15,769.34,769.07,769.08,18588
1790174880,769.109,769.33,769.1,769.23,29092
1790175000,769.23,769.89,768.86,769.45,63399
1790175120,769.44,770.44,769.34,770.44,69417
1790175240,770.42,770.57,769.87,770.21,100052
1790175360,770.2,770.28,769.86,770.16,35462
1790175480,770.16,770.31,770.01,770.25,19457
1790175600,770.27,770.27,769.925,770.02,12265
1790175720,770.04,770.07,769.57,769.73,18588
1790175840,769.72,769.86,769.62,769.64,15245
1790175960,769.69,769.88,769.58,769.8,12816
1790176080,769.87,770.02,769.87,769.95,6462
1790176200,769.95,770.01,769.64,769.715,8145
1790176320,769.7,769.79,769.59,769.77,14462
1790176440,769.78,769.84,769.66,769.73,15740
1790176560,769.76,769.79,769.33,769.48,11931
1790176680,769.47,769.72,769.41,769.63,7729
1790176800,769.62,769.78,769.48,769.73,8027
1790176920,769.75,769.96,769.75,769.81,17840
1790177040,769.81,770,769.71,769.9,17361
1790177160,769.9,769.9,769.5,769.54,17223
1790177280,769.55,769.55,768.95,769.02,19825
1790177400,769.02,769.02,768.84,768.95,10449
1790177520,768.94,769.09,768.85,768.94,11449
1790177640,768.96,769.08,768.77,769.03,22304
1790177760,769.03,769.06,768.89,768.99,12738
1790177880,768.99,769.07,768.84,768.94,24171
1790178000,768.94,768.94,768.65,768.71,29979
1790178120,768.71,769.21,768.71,769.2,30448
1790178240,769.22,769.27,769.12,769.14,25212
1790178360,769.14,769.19,768.75,768.81,13985
1790178480,768.809,768.965,768.45,768.5,23075
1790178600,768.51,768.61,768.24,768.34,33102
1790178720,768.32,768.59,768.3,768.5,28865
1790178840,768.53,768.86,768.51,768.74,20190
1790178960,768.74,768.76,768.555,768.63,13669
1790179080,768.63,768.7,768.54,768.64,10793
1790179200,768.58,768.6,768.355,768.43,15754
1790179320,768.43,768.46,768.26,768.36,7728
1790179440,768.33,768.49,768.29,768.38,11029
1790179560,768.36,768.57,768.34,768.51,11897
1790179680,768.52,768.66,768.44,768.49,13324
1790179800,768.48,768.62,768.42,768.6,10455
1790179920,768.605,768.7,768.53,768.6,11630
1790180040,768.605,768.72,768.5,768.7,16497
1790180160,768.69,768.73,768.275,768.36,17764
1790180280,768.36,768.38,768.17,768.38,13909
1790180400,768.37,768.37,768.15,768.26,8997
1790180520,768.21,768.35,768.14,768.32,14530
1790180640,768.31,768.48,768.24,768.44,18182
1790180760,768.44,768.46,768.23,768.36,20774
1790180880,768.37,768.48,768.32,768.43,15175
1790181000,768.42,768.7,768.42,768.7,24010
1790181120,768.69,768.73,768.48,768.53,20729
1790181240,768.53,768.53,768.37,768.44,16033
1790181360,768.45,768.52,768.33,768.36,14792
1790181480,768.37,768.45,768.19,768.29,13671
1790181600,768.3,768.3,768.06,768.09,10700
1790181720,768.09,768.14,767.98,768.01,18518
1790181840,768.04,768.04,767.63,767.78,33274
1790181960,767.77,768.07,767.7,767.83,18921
1790182080,767.83,767.84,767.53,767.57,14203
1790182200,767.57,767.57,767.11,767.2,31729
1790182320,767.14,767.39,767.05,767.09,10585
1790182440,767.07,767.21,767.02,767.09,11228
1790182560,767.08,767.375,767.02,767.18,23744
1790182680,767.17,767.53,767.15,767.42,12410
1790182800,767.4,767.7,767.39,767.64,20123
1790182920,767.62,767.63,766.51,766.57,49928
1790183040,766.55,767.02,766.5,766.87,19219
1790183160,766.87,766.97,766.59,766.82,28228
1790183280,766.83,767.19,766.83,767.12,25688
1790183400,767.12,767.25,766.85,766.86,21130
1790183520,766.85,767.04,766.83,767.01,16754
1790183640,767,767.22,766.93,767.21,14767
1790183760,767.21,767.38,767.06,767.34,9580
1790183880,767.34,767.91,767.34,767.88,13953
1790184000,767.89,767.92,767.54,767.57,19828
1790184120,767.59,767.87,767.48,767.51,16283
1790184240,767.5,767.5,767.14,767.33,14575
1790184360,767.305,767.39,767.21,767.27,7836
1790184480,767.29,767.38,767.19,767.27,12188
1790184600,767.24,767.41,767.07,767.4,6534
1790184720,767.44,767.55,767.19,767.54,10350
1790184840,767.539,767.58,767.3,767.3,9515
1790184960,767.309,767.57,767.28,767.55,18328
1790185080,767.56,767.6,767.29,767.36,16409
1790185200,767.37,767.88,767.17,767.745,29898
1790185320,767.72,768.56,767.72,768.49,50510
1790185440,768.48,768.66,768.34,768.63,26697
1790185560,768.63,768.83,768.41,768.42,28586
1790185680,768.45,768.48,768.25,768.41,36509
1790185800,768.41,768.55,768.33,768.38,15537
1790185920,768.38,768.58,768.33,768.41,25629
1790186040,768.41,768.59,768.24,768.43,17418
1790186160,768.45,768.82,768.375,768.81,24880
1790186280,768.8,769.04,768.79,769,14787
1790186400,768.99,768.99,768.74,768.77,18383
1790186520,768.78,768.8,768.34,768.41,31173
1790186640,768.39,768.39,768.05,768.26,19549
1790186760,768.23,768.41,768.23,768.37,10846
1790186880,768.36,768.47,768.29,768.41,9660
1790187000,768.44,768.54,768.37,768.41,13940
1790187120,768.41,768.42,768.3,768.37,5985
1790187240,768.38,768.54,768.34,768.52,6159
1790187360,768.53,768.61,768.28,768.49,11405
1790187480,768.47,768.745,768.47,768.53,8414
1790187600,768.51,768.58,768.32,768.39,10658
1790187720,768.39,768.57,768.31,768.47,10778
1790187840,768.469,768.595,768.43,768.43,18993
1790187960,768.44,768.53,768.33,768.36,24868
1790188080,768.38,768.38,768.19,768.28,17939
1790188200,768.3,768.36,768,768.11,10525
1790188320,768.07,768.18,768.03,768.04,5524
1790188440,768.04,768.21,767.93,768.14,7128
1790188560,768.13,768.16,767.82,767.83,7738
1790188680,767.775,767.8,767.59,767.68,4079
1790188800,767.69,767.92,767.69,767.82,16924
1790188920,767.82,768.025,767.82,767.94,7564
1790189040,767.94,767.94,767.78,767.835,10234
1790189160,767.83,767.93,767.8,767.87,10787
1790189280,767.86,768.1,767.84,768.1,10705
1790189400,768.09,768.17,767.93,767.985,5940
1790189520,767.985,767.985,767.8,767.93,13246
1790189640,767.9,768.15,767.83,768.14,14144
1790189760,768.16,768.27,768.16,768.26,16619
1790189880,768.26,768.31,768.14,768.18,17187
1790190000,768.185,768.32,768.06,768.19,22926
1790190120,768.18,768.18,767.78,767.78,16890
1790190240,767.78,767.89,767.71,767.86,16811
1790190360,767.85,768.31,767.8,768.22,36152
1790190480,768.22,768.3,768,768.125,19621
1790190600,768.13,768.18,768.01,768.141,12195
1790190720,768.16,768.21,767.82,767.95,17656
1790190840,767.975,768,767.76,767.76,16963
1790190960,767.74,767.775,767.6,767.77,29036
1790191080,767.77,767.925,767.73,767.82,26338
1790191200,767.79,767.79,767.56,767.65,24176
1790191320,767.635,767.73,767.57,767.67,24096
1790191440,767.67,767.815,767.6,767.6,43055
1790191560,767.61,767.69,767.43,767.52,53945
1790191680,767.52,767.65,767.45,767.65,18807
1790191800,767.675,767.78,767.54,767.71,27097
1790191920,767.71,767.93,767.695,767.93,36084
1790192040,767.921,768.02,767.83,767.86,32364
1790192160,767.86,767.99,767.82,767.88,35002
1790192280,767.89,768.01,767.8,767.99,16064
1790192400,768,768.15,767.83,767.85,18233
1790192520,767.81,767.85,767.31,767.47,35137
1790192640,767.47,767.81,767.42,767.69,28504
1790192760,767.71,767.99,767.57,767.99,49106
1790192880,767.98,768.01,767.82,767.96,61725
1790193000,767.95,768.03,766.62,766.71,125225
1790193120,766.74,766.98,766.57,766.98,79609
1790193240,766.995,767.58,766.8,767.29,207358
1790193360,767.295,767.63,767.12,767.48,85298
1790193480,767.48,767.98,767.21,767.78,552279
1790256600,764.02,764.36,763.62,764.29,97203
1790256720,764.29,764.81,764.17,764.671,71418
1790256840,764.69,764.95,764.48,764.62,20970
1790256960,764.63,765.06,764.61,764.7,24453
1790257080,764.66,765.03,764.66,765.02,27276
1790257200,764.99,765.02,764.491,764.53,33712
1790257320,764.53,764.71,764.36,764.64,13525
1790257440,764.64,764.88,764.49,764.81,15184
1790257560,764.83,765.36,764.77,765.29,14811
1790257680,765.28,765.36,764.7,764.95,26747
1790257800,764.99,765.26,764.85,764.95,14320
1790257920,764.98,765.22,764.89,765.06,9444
1790258040,765.05,765.1,764.75,764.86,14503
1790258160,764.86,765.19,764.76,765.17,12203
1790258280,765.16,765.48,765.1,765.39,23414
1790258400,765.35,765.7,765.25,765.51,21426
1790258520,765.48,765.925,765.48,765.925,20119
1790258640,765.92,766.13,765.8,766.12,21300
1790258760,766.12,766.399,765.97,766.37,22493
1790258880,766.36,766.42,766.19,766.19,29536
1790259000,766.2,766.219,765.85,765.91,30255
1790259120,765.92,766.1,765.8,766.05,10567
1790259240,766.03,766.12,765.63,765.69,26380
1790259360,765.68,766.18,765.67,766,12764
1790259480,766.01,766.35,765.95,766.219,11773
1790259600,766.2,766.23,765.94,765.94,36887
1790259720,765.93,766.12,765.84,766.04,16423
1790259840,766.03,766.075,765.66,765.92,32066
1790259960,765.92,766.32,765.82,766.32,19052
1790260080,766.32,766.32,765.99,766.04,6705
1790260200,766.08,766.11,765.72,765.74,10080
1790260320,765.72,765.87,765.52,765.7,18117
1790260440,765.71,766.09,765.68,766.06,19916
1790260560,766.05,766.14,765.69,766.07,10080
1790260680,766.075,766.1,765.76,765.9,10566
1790260800,765.91,766.015,765.65,765.65,5784
1790260920,765.64,765.86,765.37,765.38,21388
1790261040,765.39,765.39,765.03,765.1,18816
1790261160,765.065,765.52,764.97,765.42,33707
1790261280,765.42,765.47,765.19,765.29,10105
1790261400,765.29,765.66,765.19,765.24,21225
1790261520,765.22,765.27,764.805,765.03,41426
1790261640,765.04,765.06,764.65,764.66,15817
1790261760,764.685,764.71,764.505,764.6,18313
1790261880,764.6,764.6,764.18,764.49,22335
1790262000,764.5,764.52,764.31,764.4,23225
1790262120,764.425,764.67,764.33,764.6,17191
1790262240,764.6,764.78,764.24,764.28,18870
1790262360,764.28,764.45,764.01,764.08,15633
1790262480,764.08,764.24,764.031,764.08,15288
1790262600,764.1,764.26,764,764.07,12778
1790262720,764.06,764.1,763.47,763.475,22094
1790262840,763.49,763.63,763.25,763.58,37294
1790262960,763.565,764.16,763.51,764.06,39327
1790263080,764.05,764.05,763.68,763.855,29235
1790263200,763.84,764.015,763.67,764,16596
1790263320,763.98,764.345,763.93,764.335,27015
1790263440,764.331,764.555,763.93,763.969,13462
1790263560,763.949,764.03,763.62,763.7,17125
1790263680,763.7,763.74,763.53,763.62,44361
1790263800,763.63,763.76,763.53,763.55,12932
1790263920,763.53,763.72,763.4,763.569,12864
1790264040,763.56,763.85,763.49,763.73,13378
1790264160,763.75,763.99,763.75,763.99,20501
1790264280,763.97,764.03,763.54,763.77,10118
1790264400,763.75,763.8,763.57,763.68,12706
1790264520,763.67,763.94,763.59,763.92,9047
1790264640,763.92,764.3,763.92,764.27,14397
1790264760,764.25,764.25,763.86,763.86,10433
1790264880,763.86,763.89,763.44,763.57,14428
1790265000,763.57,764.265,763.51,764.205,15599
1790265120,764.2,764.43,764.19,764.2,6257
1790265240,764.19,764.34,764.12,764.12,12178
1790265360,764.11,764.29,763.97,764.26,6576
1790265480,764.26,764.38,764.26,764.28,5627
1790265600,764.27,764.32,763.7,763.9,14602
1790265720,763.9,764.03,763.76,763.99,6014
1790265840,763.93,764.19,763.87,764.18,6970
1790265960,764.175,764.175,763.765,763.82,13758
1790266080,763.81,763.91,763.75,763.89,10790
1790266200,763.89,764.02,763.65,763.72,5089
1790266320,763.72,763.98,763.68,763.97,3954
1790266440,763.95,766.04,763.95,765.85,64300
1790266560,765.91,767.95,765.71,767.74,122373
1790266680,767.75,768.4,766.575,766.85,81892
1790266800,766.82,767.34,766.75,766.97,32205
1790266920,766.9,767.28,766.86,766.95,34046
1790267040,766.87,767.165,766.39,766.4,19339
1790267160,766.42,767.09,766.3,767.03,23729
1790267280,767.01,767.35,767.01,767.165,6886
1790267400,767.165,767.24,766.61,766.61,11098
1790267520,766.6,766.89,766.4,766.86,9419
1790267640,766.8,767.18,766.67,767.16,10178
1790267760,767.15,767.75,767.15,767.59,21647
1790267880,767.589,767.78,767.52,767.74,17034
1790268000,767.78,768.65,767.62,768.61,29443
1790268120,768.64,768.88,768.33,768.35,18875
1790268240,768.33,768.365,767.21,767.42,32539
1790268360,767.41,767.76,767.34,767.68,39034
1790268480,767.76,768.66,767.76,768.55,31568
1790268600,768.55,768.75,768.37,768.44,20167
1790268720,768.45,768.5,767.87,767.95,11693
1790268840,767.9,768.4,767.89,768.25,82002
1790268960,768.225,768.93,768.17,768.59,30836
1790269080,768.6,768.76,768.26,768.26,22314
1790269200,768.27,768.27,767.72,768.04,22263
1790269320,768.08,768.67,767.54,768.33,41458
1790269440,768.36,768.66,767.93,768.19,42881
1790269560,768.24,768.52,768.11,768.19,15391
1790269680,768.21,768.45,768.02,768.24,27481
1790269800,768.22,768.23,767.65,767.88,44171
1790269920,767.845,768.181,767.65,768.181,14330
1790270040,768.24,768.53,768.02,768.115,17163
1790270160,768.15,768.34,768.04,768.04,10211
1790270280,768.04,768.34,767.51,767.51,21247
1790270400,767.5,767.64,767.25,767.48,36684
1790270520,767.49,767.85,767.45,767.67,15379
1790270640,767.66,767.85,767.07,767.08,14884
1790270760,767.08,767.13,766.61,766.88,19915
1790270880,766.86,767.31,766.85,767.22,11246
1790271000,767.22,767.66,767.18,767.53,21686
1790271120,767.5,767.53,767.07,767.13,15970
1790271240,767.14,767.14,766.77,766.77,13168
1790271360,766.77,767.01,766.6,766.61,13813
1790271480,766.62,767.01,766.53,766.85,12862
1790271600,766.855,767.05,766.67,766.81,11497
1790271720,766.83,767.05,766.15,766.25,20121
1790271840,766.25,766.34,766.03,766.32,16824
1790271960,766.26,766.74,766.26,766.74,19867
1790272080,766.72,766.81,766.49,766.66,16495
1790272200,766.64,766.81,766.53,766.54,14978
1790272320,766.585,766.72,766.42,766.48,7522
1790272440,766.51,766.72,766.4,766.44,17897
1790272560,766.45,766.96,766.45,766.76,11820
1790272680,766.77,767.07,766.61,766.93,12662
1790272800,766.95,767.005,766.22,766.34,19306
1790272920,766.37,766.37,765.62,765.79,21409
1790273040,765.82,766.06,765.62,765.921,21752
1790273160,765.9,766.68,765.79,766.44,18874
1790273280,766.46,766.97,766.46,766.755,19589
1790273400,766.76,767.12,766.595,766.84,17778
1790273520,766.86,766.89,766.63,766.79,9514
1790273640,766.8,767.07,766.79,767.01,9849
1790273760,766.99,767.39,766.99,767.31,18769
1790273880,767.31,767.5,767.11,767.25,12071
1790274000,767.25,767.31,766.83,767.03,10219
1790274120,767.02,767.28,766.96,767.22,8191
1790274240,767.21,767.81,767.1,767.51,40435
1790274360,767.61,768.025,767.59,767.69,25951
1790274480,767.74,767.9,767.58,767.58,11031
1790274600,767.6,767.69,767.22,767.4,12403
1790274720,767.38,767.44,767.12,767.3,8064
1790274840,767.29,767.32,766.91,766.945,10973
1790274960,766.96,767.2,766.9,767.08,11065
1790275080,767.11,768.37,767.08,767.84,70878
1790275200,767.79,767.79,767.4,767.51,13232
1790275320,767.5,767.53,767.18,767.34,10397
1790275440,767.35,767.69,767.34,767.54,8109
1790275560,767.55,767.64,767.46,767.47,9613
1790275680,767.47,767.63,767.44,767.54,7903
1790275800,767.53,767.97,767.485,767.691,21664
1790275920,767.71,768.06,767.71,767.82,14532
1790276040,767.81,767.95,767.7,767.93,14534
1790276160,767.93,768.28,767.9,768.23,11891
1790276280,768.22,768.23,767.89,767.93,15842
1790276400,767.93,768.04,767.45,767.56,55082
1790276520,767.59,767.64,767.06,767.07,16101
1790276640,767.07,767.41,767.06,767.41,9170
1790276760,767.38,767.54,767.3,767.43,9976
1790276880,767.46,767.59,767.325,767.41,8007
1790277000,767.45,767.55,767.22,767.34,10447
1790277120,767.34,767.57,767.3,767.48,8640
1790277240,767.49,767.52,767.3,767.52,9302
1790277360,767.52,767.73,767.49,767.51,10555
1790277480,767.55,767.74,767.5,767.68,17352
1790277600,767.68,767.74,767.51,767.73,11376
1790277720,767.72,767.75,767.61,767.75,11338
1790277840,767.75,767.88,767.72,767.77,11345
1790277960,767.77,767.87,767.67,767.7,11222
1790278080,767.69,767.73,767.49,767.57,16867
1790278200,767.58,767.73,767.5,767.67,26662
1790278320,767.68,767.69,767.42,767.58,20019
1790278440,767.57,767.75,767.48,767.61,30663
1790278560,767.6,767.71,767.43,767.52,25271
1790278680,767.52,767.77,767.465,767.76,10003
1790278800,767.77,767.88,767.57,767.75,30761
1790278920,767.75,767.75,767.54,767.66,23269
1790279040,767.65,767.75,767.42,767.52,47589
1790279160,767.52,767.71,767.5,767.59,43594
1790279280,767.6,767.62,767.34,767.36,66054
1790279400,767.37,768.05,767.37,767.96,114802
1790279520,767.97,768.15,767.85,768.04,41105
1790279640,768.03,768.13,767.6,767.73,102243
1790279760,767.73,767.87,767.45,767.47,54900
1790279880,767.5,767.645,767.26,767.28,350865
1790343000,768.78,768.79,767.76,768.58,63549
1790343120,768.67,769.11,768.35,769.11,21881
1790343240,769.1,769.78,769.1,769.55,56785
1790343360,769.57,769.59,769.25,769.535,32483
1790343480,769.5,769.72,769.42,769.681,15582
1790343600,769.7,770.03,769.41,770.03,24593
1790343720,769.99,770.04,769.359,769.41,20019
1790343840,769.43,769.65,769.28,769.37,38474
1790343960,769.36,769.58,769.19,769.54,30308
1790344080,769.54,769.65,769,769.51,30844
1790344200,769.48,769.84,769.399,769.74,24838
1790344320,769.75,770,769.69,769.98,16443
1790344440,769.96,770.3,769.89,770.28,23833
1790344560,770.29,770.31,769.65,769.7,35944
1790344680,769.7,769.88,769.54,769.68,88167
1790344800,769.725,769.81,768.66,768.66,31800
1790344920,768.665,768.76,768.045,768.35,30630
1790345040,768.31,768.36,766.58,766.58,55052
1790345160,766.585,767.455,766.54,767.23,34918
1790345280,767.22,767.74,767.17,767.68,24108
1790345400,767.68,767.92,767.245,767.66,43318
1790345520,767.65,767.68,767.13,767.2,21854
1790345640,767.18,767.29,766.3,767,30897
1790345760,767,767.23,766.45,766.67,17488
1790345880,766.71,767.09,766.34,767.08,17538
1790346000,767.05,767.49,766.93,767.145,23045
1790346120,767.16,767.66,767.13,767.48,11628
1790346240,767.47,767.879,767.25,767.879,13925
1790346360,767.89,767.96,767.48,767.51,25276
1790346480,767.53,767.79,767.2,767.4,20977
1790346600,767.4,767.52,767.23,767.52,10191
1790346720,767.65,767.82,767.5,767.6,13435
1790346840,767.62,768.04,767.61,767.83,23080
1790346960,767.91,768.24,767.8,768.19,16592
1790347080,768.2,768.53,768.09,768.23,11194
1790347200,768.24,768.31,767.67,767.67,27890
1790347320,767.67,767.91,767.53,767.585,14652
1790347440,767.635,768.01,767.48,768.01,16218
1790347560,767.95,768.28,767.65,768.08,21794
1790347680,768.09,768.4,767.63,768.31,8397
1790347800,768.29,768.31,767.67,767.67,13628
1790347920,767.68,768.02,767.52,767.84,12926
1790348040,767.91,768.54,767.88,768.51,9741
1790348160,768.54,768.76,768.46,768.53,12907
1790348280,768.51,768.85,768.22,768.77,16325
1790348400,768.72,769.18,768.65,769.1,41415
1790348520,769.11,769.45,769.11,769.28,22557
1790348640,769.295,769.7,769.26,769.6,16209
1790348760,769.6,769.81,769.48,769.49,10934
1790348880,769.5,769.53,769.07,769.09,16712
1790349000,769.09,769.13,768.32,768.47,17789
1790349120,768.45,768.81,768.37,768.78,14481
1790349240,768.775,768.98,768.69,768.82,12999
1790349360,768.81,769.15,768.8,768.99,10688
1790349480,768.985,769.03,768.43,768.52,11058
1790349600,768.52,769.32,768.41,769.005,20795
1790349720,769.035,769.24,768.97,768.99,8760
1790349840,769.04,769.05,768.55,768.66,5813
1790349960,768.64,769.02,768.53,768.86,14688
1790350080,768.91,768.99,768.715,768.74,7830
1790350200,768.75,769.59,768.73,769.59,55607
1790350320,769.56,769.78,769.44,769.56,23646
1790350440,769.58,769.68,768.68,768.88,46558
1790350560,768.81,768.86,768.44,768.65,11114
1790350680,768.66,768.66,768.13,768.19,12041
1790350800,768.2,768.53,768.07,768.45,13192
1790350920,768.48,768.54,768,768,29841
1790351040,768.03,768.04,767.675,767.675,14556
1790351160,767.66,768.13,767.45,768.07,12146
1790351280,768.03,768.32,767.91,768.28,9112
1790351400,768.3,768.35,767.63,767.63,19143
1790351520,767.6,767.85,767.52,767.83,13306
1790351640,767.83,768.68,767.8,768.65,40075
1790351760,768.66,769.09,768.54,769.07,19556
1790351880,769.09,769.97,769.08,769.95,34942
1790352000,769.94,770.77,769.8,770.47,73112
1790352120,770.5,771.44,770.5,771.39,50931
1790352240,771.391,771.68,770.94,771.58,52569
1790352360,771.55,771.76,771.25,771.44,41029
1790352480,771.43,771.64,771.15,771.48,32850
1790352600,771.6,771.98,771.5,771.79,33731
1790352720,771.76,771.96,771.53,771.609,22628
1790352840,771.599,771.605,771.25,771.51,22799
1790352960,771.5,771.83,771.17,771.17,22974
1790353080,771.19,771.19,770.75,770.99,13370
1790353200,770.99,771.08,770.3,770.62,22839
1790353320,770.64,770.7,769.99,770.35,29862
1790353440,770.39,770.75,770.29,770.66,15140
1790353560,770.65,771.4,770.61,771.26,18517
1790353680,771.25,771.6,771.16,771.541,20607
1790353800,771.55,771.59,771.32,771.53,13950
1790353920,771.57,771.7,771.495,771.68,14647
1790354040,771.72,771.73,770.36,771.05,116968
1790354160,771,771.34,770.64,771.04,14633
1790354280,771.06,771.15,770.76,770.95,13153
1790354400,770.99,771.09,770.66,770.81,15548
1790354520,770.86,771.335,770.84,771.23,12186
1790354640,771.28,771.43,770.81,770.985,6530
1790354760,770.96,771.025,770.76,770.79,12433
1790354880,770.78,770.85,770.28,770.68,13974
1790355000,770.705,770.75,770.535,770.71,13271
1790355120,770.7,770.86,770.6,770.69,17491
1790355240,770.71,770.99,770.65,770.855,19020
1790355360,770.85,770.98,770.57,770.585,6661
1790355480,770.58,770.64,770.14,770.44,33771
1790355600,770.44,771,770.31,770.94,49924
1790355720,770.94,771.15,770.88,771,12907
1790355840,771.01,771.18,770.92,771.04,10976
1790355960,771.04,771.13,770.72,770.85,10072
1790356080,770.86,771.11,770.54,771.04,13462
1790356200,771.01,771.09,770.78,770.81,15169
1790356320,770.855,771.19,770.68,771.06,24585
1790356440,771.06,771.3,771.02,771.17,13268
1790356560,771.18,771.23,770.96,770.96,9136
1790356680,770.96,771.01,770.83,770.9,12080
1790356800,770.87,770.98,770.83,770.91,5004
1790356920,770.88,771.16,770.88,771.125,2922
1790357040,771.13,771.251,771.1,771.18,7817
1790357160,771.2,771.22,771.11,771.18,4577
1790357280,771.15,771.29,771.15,771.27,5131
1790357400,771.29,771.36,770.93,770.93,13165
1790357520,770.95,771.11,770.85,770.85,12780
1790357640,770.84,770.86,770.58,770.75,7820
1790357760,770.73,770.78,770.51,770.64,5966
1790357880,770.69,771.08,770.68,770.91,9095
1790358000,770.97,771.21,770.92,771.1,4549
1790358120,771.15,771.21,771.025,771.08,5032
1790358240,771.07,771.15,770.86,770.86,2434
1790358360,770.89,770.95,770.84,770.84,1728
1790358480,770.84,771.17,770.82,771.11,11436
1790358600,771.12,771.13,770.97,771.01,2322
1790358720,771,771.01,770.72,770.84,1979
1790358840,770.81,770.81,770.61,770.8,3776
1790358960,770.85,770.94,770.8,770.93,1622
1790359080,770.94,771.15,770.94,771.14,4380
1790359200,771.16,771.25,771.06,771.2,6211
1790359320,771.17,771.2,771.09,771.12,5653
1790359440,771.125,771.13,770.97,770.99,8897
1790359560,770.99,771.04,770.84,770.86,14226
1790359680,770.91,771.12,770.91,771.12,3506
1790359800,771.09,771.14,770.99,771.04,10811
1790359920,771.03,771.36,770.95,771.36,5354
1790360040,771.34,771.485,771.29,771.43,16760
1790360160,771.46,771.46,771.34,771.39,17285
1790360280,771.38,771.5,771.23,771.32,14538
1790360400,771.31,771.34,771.17,771.17,5732
1790360520,771.17,771.25,771.1,771.23,5882
1790360640,771.25,771.4,771.23,771.31,11455
1790360760,771.32,771.32,770.47,770.57,56915
1790360880,770.59,770.96,770.43,770.88,28080
1790361000,770.9,771.34,770.891,771.21,34998
1790361120,771.21,771.33,771.19,771.29,13445
1790361240,771.31,771.335,771.02,771.16,24077
1790361360,771.151,771.22,770.69,770.75,14395
1790361480,770.74,770.75,770.58,770.63,11633
1790361600,770.67,770.79,770.5,770.77,12737
1790361720,770.79,771,770.761,770.9,15495
1790361840,770.89,771.1,770.85,770.995,53703
1790361960,771.035,771.041,770.69,770.7,9999
1790362080,770.75,770.91,770.72,770.86,7836
1790362200,770.85,770.88,770.72,770.8,9222
1790362320,770.82,770.91,770.77,770.81,7837
1790362440,770.79,770.8,770.63,770.64,10419
1790362560,770.68,770.71,770.61,770.68,10847
1790362680,770.671,770.83,770.63,770.65,9822
1790362800,770.7,771,770.64,770.66,31564
1790362920,770.66,770.66,770.43,770.55,26379
1790363040,770.55,770.69,770.54,770.64,7932
1790363160,770.67,770.87,770.54,770.84,8465
1790363280,770.8,770.84,770.66,770.71,3063
1790363400,770.68,770.76,770.63,770.75,7665
1790363520,770.74,770.99,770.74,770.99,10043
1790363640,770.99,771.16,770.97,771.03,10840
1790363760,771.04,771.09,770.88,770.92,5878
1790363880,770.94,771,770.81,770.82,13137
1790364000,770.8,770.86,770.67,770.72,14920
1790364120,770.71,770.755,770.49,770.55,18507
1790364240,770.56,770.681,770.37,770.43,13059
1790364360,770.45,770.45,770.21,770.38,14043
1790364480,770.37,770.46,770.18,770.33,11095
1790364600,770.34,770.47,770.22,770.46,22098
1790364720,770.47,770.49,770.36,770.43,10120
1790364840,770.41,770.42,770.21,770.33,14058
1790364960,770.33,770.75,770.21,770.75,39024
1790365080,770.74,770.96,770.73,770.94,20281
1790365200,770.93,771,770.75,770.95,16683
1790365320,770.96,771.26,770.95,771.23,24206
1790365440,771.26,771.825,771.14,771.63,81131
1790365560,771.65,771.965,771.61,771.81,64878
1790365680,771.81,771.86,771.66,771.71,34080
1790365800,771.74,772.28,771.74,772.05,85031
1790365920,772.06,772.07,771.8,771.995,36043
1790366040,772,772.04,771.6,771.6,70705
1790366160,771.59,771.62,771.38,771.59,56491
1790366280,771.58,771.63,771.15,771.3,173095
1790602200,768.38,768.43,767.5,767.97,105765
1790602320,767.98,768.61,767.63,767.79,53384
1790602440,767.75,767.96,767.12,767.18,40403
1790602560,767.18,767.57,766.97,767.35,65368
1790602680,767.36,767.59,767.15,767.47,33103
1790602800,767.49,767.59,767.02,767.06,24116
1790602920,767.07,767.77,767.05,767.75,23791
1790603040,767.73,767.76,767.34,767.62,21854
1790603160,767.62,768.15,767.5,767.87,29420
1790603280,767.91,768.34,767.82,768.07,32506
1790603400,768.03,768.22,767.575,767.68,26577
1790603520,767.69,768.41,767.67,768.28,17613
1790603640,768.29,768.51,767.89,767.93,17964
1790603760,767.94,768.07,767.64,768.07,18446
1790603880,768.06,768.4,767.98,768.355,27268
1790604000,768.345,768.39,768.05,768.19,19537
1790604120,768.17,768.41,768,768.11,13319
1790604240,768.09,768.1,767.45,767.57,21100
1790604360,767.56,768,767.51,767.86,19758
1790604480,767.86,768.02,767.72,767.78,15529
1790604600,767.72,767.8,767.32,767.37,15728
1790604720,767.42,767.58,767.32,767.459,19799
1790604840,767.43,767.48,766.985,767.29,22199
1790604960,767.31,767.56,767.06,767.53,32820
1790605080,767.57,767.68,767.41,767.49,42327
1790605200,767.42,767.7,767.19,767.28,26552
1790605320,767.34,767.92,767.34,767.67,19424
1790605440,767.64,767.8,767.56,767.65,13215
1790605560,767.69,767.82,767.43,767.64,20108
1790605680,767.64,767.69,767.335,767.49,13916
1790605800,767.44,767.46,767.09,767.18,18182
1790605920,767.18,767.46,767.085,767.18,19712
1790606040,767.18,767.23,767.02,767.05,13791
1790606160,767.06,767.24,766.78,766.78,53247
1790606280,766.79,766.84,766.35,766.43,31563
1790606400,766.44,766.56,766.19,766.42,30970
1790606520,766.42,766.42,765.3,765.51,43943
1790606640,765.51,765.52,764.71,764.81,57449
1790606760,764.82,764.91,763.8,764.09,93051
1790606880,764.09,764.35,763.94,764.255,32450
1790607000,764.26,764.82,764.22,764.24,36770
1790607120,764.17,764.46,764.15,764.17,22284
1790607240,764.2,764.269,763.73,763.759,35337
1790607360,763.76,764.43,763.76,764.32,36423
1790607480,764.29,764.46,764.02,764.16,19600
1790607600,764.165,764.53,764.14,764.32,22069
1790607720,764.34,764.67,764.21,764.67,20525
1790607840,764.66,764.8,764.54,764.6,16325
1790607960,764.56,765.29,764.38,765.28,37271
1790608080,765.29,765.65,765.21,765.65,24833
1790608200,765.66,765.77,765.41,765.42,19895
1790608320,765.409,765.56,765.27,765.33,4763
1790608440,765.32,765.32,765.04,765.18,21491
1790608560,765.17,765.17,764.77,764.94,12171
1790608680,764.94,765.19,764.8,765.12,12742
1790608800,765.05,765.05,764.62,764.72,9354
1790608920,764.72,764.89,764.645,764.85,9190
1790609040,764.84,765.23,764.62,764.98,27892
1790609160,764.98,765.08,764.78,764.98,16783
1790609280,764.99,765.15,764.9,765.07,9849
1790609400,765.08,765.17,764.74,764.809,12276
1790609520,764.83,765.13,764.78,764.79,11822
1790609640,764.81,765.16,764.76,765.1,7957
1790609760,765.11,765.6,765.11,765.515,19252
1790609880,765.51,765.73,765.48,765.73,26770
1790610000,765.72,765.73,764.84,764.86,16870
1790610120,764.88,764.99,764.66,764.69,9061
1790610240,764.69,764.95,764.69,764.89,5986
1790610360,764.91,765.03,764.77,764.96,9718
1790610480,764.93,765.07,764.9,764.94,6520
1790610600,764.89,765.16,764.87,764.97,8164
1790610720,764.98,765.01,764.82,764.88,8827
1790610840,764.88,765.43,764.86,765.38,24918
1790610960,765.36,765.49,765.29,765.33,10640
1790611080,765.38,765.56,765.34,765.51,7665
1790611200,765.51,765.65,765.2,765.28,16444
1790611320,765.25,765.365,765.17,765.26,6365
1790611440,765.23,765.33,765.14,765.2,6700
1790611560,765.2,765.57,765.13,765.49,6478
1790611680,765.5,765.68,765.48,765.59,6042
1790611800,765.62,765.83,765.589,765.6,12545
1790611920,765.61,765.66,765.32,765.35,4967
1790612040,765.36,765.52,765.32,765.44,7896
1790612160,765.48,766.85,765.37,766.41,56229
1790612280,766.46,766.8,766.17,766.55,13623
1790612400,766.52,767.58,766.4,767.38,52395
1790612520,767.4,767.59,767.065,767.36,23538
1790612640,767.38,768.23,767.29,768.18,47648
1790612760,768.16,769.55,768.08,769,118367
1790612880,769.09,769.33,768.56,768.71,36886
1790613000,768.7,768.77,768.09,768.32,48180
1790613120,768.28,768.34,767.44,767.76,89826
1790613240,767.77,767.99,767.69,767.86,23511
1790613360,767.84,768.19,767.84,768.08,15788
1790613480,768.06,768.06,767.38,767.48,11232
1790613600,767.51,767.665,767.04,767.05,20208
1790613720,767,767.11,766.64,766.94,22489
1790613840,766.94,767.44,766.89,766.99,19257
1790613960,767.02,767.28,766.82,766.98,17088
1790614080,766.97,766.97,766.67,766.88,6380
1790614200,766.88,767.04,766.72,766.85,9316
1790614320,766.75,767.13,766.69,767.13,5215
1790614440,767.13,767.3,767.13,767.24,7963
1790614560,767.25,767.3,767.13,767.18,8016
1790614680,767.25,767.28,767.07,767.16,8964
1790614800,767.14,767.14,766.67,766.91,5755
1790614920,766.909,766.909,766.64,766.74,7348
1790615040,766.77,766.96,766.7,766.71,9546
1790615160,766.7,766.83,766.5,766.51,6469
1790615280,766.53,766.73,766.47,766.65,5725
1790615400,766.63,769.07,766.6,768.93,100466
1790615520,768.93,769.29,768.34,768.91,71394
1790615640,768.89,768.9,767.98,768.51,28451
1790615760,768.51,768.69,767.75,768.03,36727
1790615880,768.07,768.07,767.3,767.3,22763
1790616000,767.26,767.37,767.06,767.26,12273
1790616120,767.26,767.49,767.21,767.21,7671
1790616240,767.26,767.49,767.26,767.42,10122
1790616360,767.4,767.44,766.89,766.91,21696
1790616480,766.95,767.15,766.95,767.06,12296
1790616600,767.04,767.44,767.04,767.41,40264
1790616720,767.41,767.52,767.06,767.06,7901
1790616840,767,767.39,766.94,767.37,8089
1790616960,767.38,767.45,766.85,766.865,17448
1790617080,766.86,767.21,766.86,767.18,7254
1790617200,767.2,767.33,767.12,767.33,9460
1790617320,767.32,767.32,767.04,767.21,15700
1790617440,767.2,767.39,767.1,767.16,14788
1790617560,767.185,767.26,767.1,767.109,14990
1790617680,767.09,767.441,767.02,767.38,10425
1790617800,767.36,767.4,767.15,767.32,11851
1790617920,767.3,767.38,767.26,767.28,6370
1790618040,767.31,767.49,767.04,767.34,28217
1790618160,767.32,767.36,767.19,767.19,10816
1790618280,767.21,767.33,767.135,767.29,7011
1790618400,767.3,767.38,766.88,767.06,12385
1790618520,767.04,767.34,767.03,767.29,8925
1790618640,767.29,767.46,767.24,767.34,10264
1790618760,767.32,767.37,767.14,767.2,9435
1790618880,767.2,767.365,767.12,767.32,6887
1790619000,767.3,767.51,767.28,767.34,9215
1790619120,767.35,767.46,767.19,767.32,15344
1790619240,767.3,767.56,767.29,767.42,7338
1790619360,767.41,767.5,767.16,767.16,3919
1790619480,767.11,767.23,767.04,767.04,7433
1790619600,767.02,767.19,767.02,767.17,6721
1790619720,767.17,767.25,766.815,766.82,6190
1790619840,766.83,766.93,766.69,766.91,6448
1790619960,766.91,767.05,766.88,766.98,8306
1790620080,766.95,767.02,766.87,766.89,7611
1790620200,766.89,767.07,766.55,766.65,21648
1790620320,766.66,766.805,766.53,766.77,12766
1790620440,766.72,766.89,766.68,766.86,12661
1790620560,766.845,766.91,766.7,766.8,19513
1790620680,766.81,766.83,766.34,766.4,9486
1790620800,766.44,766.8,766.36,766.78,9517
1790620920,766.781,766.95,766.66,766.92,6475
1790621040,766.95,767.15,766.91,766.95,12521
1790621160,766.96,767.02,766.82,767,8902
1790621280,767,767.255,766.82,767.14,24127
1790621400,767.14,767.18,766.82,766.98,9088
1790621520,767,767.3,766.94,767.02,26164
1790621640,767.01,767.075,766.77,766.94,9334
1790621760,766.99,767.08,766.93,766.95,10748
1790621880,766.95,767.175,766.92,766.96,8344
1790622000,767,767.02,766.45,766.45,12087
1790622120,766.41,766.64,766.27,766.6,30258
1790622240,766.57,766.61,766.5,766.57,8412
1790622360,766.59,766.65,766.28,766.38,8640
1790622480,766.41,766.42,766.28,766.28,9765
1790622600,766.28,766.29,766.07,766.09,14279
1790622720,766.03,766.14,765.86,765.92,22397
1790622840,765.88,765.92,765.63,765.8,54092
1790622960,765.82,766.02,765.77,766,48913
1790623080,765.99,766.09,765.84,765.91,28032
1790623200,765.91,766.1,765.81,766.09,18863
1790623320,766.02,766.04,765.85,765.94,17122
1790623440,765.94,766.24,765.87,766.18,30425
1790623560,766.18,766.22,765.93,766,22301
1790623680,766,766.11,765.82,765.99,42742
1790623800,766,766.05,765.66,765.79,32332
1790623920,765.8,766.03,765.57,765.77,62086
1790624040,765.77,766.04,765.67,765.83,44252
1790624160,765.82,765.82,765.49,765.535,40168
1790624280,765.53,765.56,765.125,765.18,36085
1790624400,765.19,765.41,765.13,765.35,70737
1790624520,765.36,765.575,765.28,765.4,25611
1790624640,765.4,765.55,765.36,765.52,33446
1790624760,765.51,765.69,765.5,765.65,51640
1790624880,765.65,765.65,765.22,765.29,55086
1790625000,765.28,765.57,765.045,765.43,225289
1790625120,765.38,765.38,765.13,765.2,41160
1790625240,765.17,765.17,764.83,764.93,55892
1790625360,764.93,765.41,764.895,765.41,76412
1790625480,765.42,765.68,765.26,765.5,273769
1790688600,766.83,766.94,765.86,765.94,80739
1790688720,766.01,766.16,765.19,765.26,26696
1790688840,765.19,765.62,765.12,765.51,21033
1790688960,765.51,765.77,765.41,765.49,13889
1790689080,765.32,765.82,765.29,765.82,24674
1790689200,765.88,765.91,765.38,765.74,25730
1790689320,765.68,765.745,765.08,765.08,12483
1790689440,765.08,765.28,764.935,765.23,14957
1790689560,765.22,765.51,765.03,765.06,16518
1790689680,765.1,765.199,764.66,765.01,21386
1790689800,765.01,765.259,764.889,765.11,14494
1790689920,765.1,765.52,765.065,765.39,22387
1790690040,765.4,765.62,765.12,765.61,28211
1790690160,765.64,765.64,765.22,765.32,17194
1790690280,765.3,765.3,764.6,764.705,20815
1790690400,764.69,765.62,764.69,765.19,21803
1790690520,765.13,765.28,764.85,765.03,43780
1790690640,764.99,765.1,764.75,765.03,23109
1790690760,765.02,765.02,764.6,764.7,12738
1790690880,764.75,765.03,764.72,765.03,10285
1790691000,765.03,765.22,764.75,764.8,13955
1790691120,764.78,765.46,764.67,765.11,18880
1790691240,765.09,765.31,764.85,764.869,12821
1790691360,764.84,765.43,764.81,765.34,39483
1790691480,765.32,765.54,765.19,765.38,17733
1790691600,765.43,765.54,764.77,765.02,48754
1790691720,765.07,765.44,764.85,765.149,38183
1790691840,765.1,765.34,764.9,765.33,13111
1790691960,765.31,765.76,765.24,765.55,23280
1790692080,765.55,765.55,765.06,765.31,17761
1790692200,765.3,765.64,765.3,765.439,15225
1790692320,765.43,765.55,764.94,765.24,20254
1790692440,765.26,765.44,765.2,765.4,17081
1790692560,765.39,765.46,764.95,765.08,14829
1790692680,765.11,765.44,765.05,765.35,13778
1790692800,765.35,765.75,764.92,764.98,34141
1790692920,764.98,765.21,764.82,765.03,14517
1790693040,765.04,765.18,764.93,765.17,15030
1790693160,765.11,765.13,764.93,765.09,12374
1790693280,765.19,765.27,764.5,764.52,26080
1790693400,764.52,765.4,764.51,765.36,16794
1790693520,765.35,765.44,765.005,765.32,11160
1790693640,765.32,765.57,765.29,765.51,17684
1790693760,765.48,765.55,765.3,765.47,13851
1790693880,765.44,765.44,764.82,764.87,18862
1790694000,764.87,764.93,764.38,764.58,20827
1790694120,764.56,764.56,764.19,764.41,9290
1790694240,764.43,764.52,764.07,764.16,16421
1790694360,764.16,764.4,764.15,764.26,16372
1790694480,764.24,764.24,763.86,764.06,23033
1790694600,764.05,764.27,763.95,764.01,12178
1790694720,764.01,764.01,763.58,763.94,13189
1790694840,763.96,764.33,763.91,764.16,14491
1790694960,764.19,764.27,763.89,763.92,7973
1790695080,763.94,763.94,763.31,763.31,17460
1790695200,763.28,763.38,763.11,763.21,11838
1790695320,763.209,763.27,762.76,762.81,36492
1790695440,762.82,763.05,762.65,762.97,13695
1790695560,762.99,763.12,762.57,762.83,31437
1790695680,762.85,763,762.725,762.92,7864
1790695800,762.98,763.14,762.865,763.04,19056
1790695920,763.04,763.59,763.04,763.585,24521
1790696040,763.58,763.88,763.57,763.78,21011
1790696160,763.78,763.96,763.66,763.75,7311
1790696280,763.75,764.12,763.62,763.84,9408
1790696400,763.84,763.9,763.45,763.5,6521
1790696520,763.48,763.86,763.47,763.645,8800
1790696640,763.62,763.9,763.57,763.7,6576
1790696760,763.689,764.29,763.31,763.98,86116
1790696880,763.94,764.15,763.56,763.9,66951
1790697000,763.94,764.09,763.3,763.38,13833
1790697120,763.38,763.49,763.07,763.14,20821
1790697240,763.11,763.24,762.895,762.99,17384
1790697360,763.01,763.31,763.01,763.1,17624
1790697480,763.1,763.33,763.08,763.24,12140
1790697600,763.3,763.3,762.99,763.06,6949
1790697720,763.03,763.03,762.67,762.93,14528
1790697840,762.92,762.95,762.71,762.75,13625
1790697960,762.715,763.12,762.65,763.07,10884
1790698080,763.05,763.35,762.9,763.28,7074
1790698200,763.27,763.46,763.13,763.46,6885
1790698320,763.35,763.39,762.94,762.965,13447
1790698440,762.97,763.1,762.86,763.07,8309
1790698560,763.08,763.21,762.97,763.05,8384
1790698680,763.08,763.16,762.92,763.16,4202
1790698800,763.18,763.43,762.97,762.98,9435
1790698920,762.96,763.13,762.88,763.045,8859
1790699040,763.13,763.3,763.11,763.25,4370
1790699160,763.21,763.44,763.21,763.44,5563
1790699280,763.445,763.56,763.4,763.4,4681
1790699400,763.39,763.41,763.11,763.19,6569
1790699520,763.19,763.28,763.11,763.24,5172
1790699640,763.23,763.47,763.2,763.3,7546
1790699760,763.3,763.45,763.23,763.35,6046
1790699880,763.34,763.49,763.29,763.4,5791
1790700000,763.41,763.41,762.88,762.88,11755
1790700120,762.87,763.09,762.81,762.84,19643
1790700240,762.859,762.86,762.41,762.515,35669
1790700360,762.54,763.04,762.465,762.87,19078
1790700480,762.87,763.14,762.81,762.99,8328
1790700600,763.01,763.32,762.98,763,11396
1790700720,762.98,763.11,762.87,763.029,5276
1790700840,763,763.09,762.78,762.79,16068
1790700960,762.79,762.79,762.58,762.7,10875
1790701080,762.71,763.035,762.69,763.01,3893
1790701200,763,763,762.58,762.65,10550
1790701320,762.65,762.7,762.37,762.63,12530
1790701440,762.64,762.81,762.54,762.75,6157
1790701560,762.76,762.78,762.51,762.59,8841
1790701680,762.63,762.74,762.53,762.53,3881
1790701800,762.569,762.88,762.48,762.649,14270
1790701920,762.63,762.67,762.51,762.65,6285
1790702040,762.605,762.84,762.59,762.685,5825
1790702160,762.68,762.745,762.36,762.53,10771
1790702280,762.54,762.63,762.46,762.56,3661
1790702400,762.58,762.71,762.42,762.57,14385
1790702520,762.6,762.86,762.509,762.79,8053
1790702640,762.8,763.14,762.8,762.99,9734
1790702760,762.99,763.16,762.91,763.1,8330
1790702880,763.12,763.16,762.9,763.08,3649
1790703000,763.09,763.17,762.91,763.11,6677
1790703120,763.13,763.26,763,763.11,3061
1790703240,763.11,763.3,763.09,763.23,8704
1790703360,763.21,763.28,763.12,763.14,4372
1790703480,763.15,763.27,763.04,763.18,1943
1790703600,763.18,763.24,763.05,763.08,2737
1790703720,763.04,763.05,762.81,763.05,4052
1790703840,763.07,763.42,763.07,763.3,21920
1790703960,763.3,763.47,763.16,763.22,8141
1790704080,763.23,763.23,763.02,763.07,3534
1790704200,763.06,763.14,762.96,763.01,4711
1790704320,762.98,763.05,762.59,762.65,8288
1790704440,762.62,762.78,762.62,762.67,6665
1790704560,762.67,762.74,762.5,762.54,5684
1790704680,762.54,762.7,762.39,762.62,11199
1790704800,762.64,763.88,762.64,763.3,101880
1790704920,763.31,763.65,763.29,763.44,24261
1790705040,763.42,763.83,763.3,763.7,17083
1790705160,763.71,764.03,763.45,763.605,24703
1790705280,763.625,763.72,762.99,763.039,12584
1790705400,763.04,763.25,763,763.04,10399
1790705520,763.07,763.62,763.02,763.56,31413
1790705640,763.55,763.82,763.55,763.73,12549
1790705760,763.73,763.84,763.69,763.78,9726
1790705880,763.76,763.96,763.73,763.9,11136
1790706000,763.9,764.115,763.8,764.1,10688
1790706120,764.04,764.39,764.02,764.14,19597
1790706240,764.14,764.21,763.85,763.85,9315
1790706360,763.84,764.02,763.84,763.97,9504
1790706480,763.96,764.21,763.95,763.97,10493
1790706600,763.96,764.39,763.57,763.7,34169
1790706720,763.69,763.92,763.68,763.71,10572
1790706840,763.71,764.06,763.7,764.04,28782
1790706960,764.03,764.2,763.96,764.15,31055
1790707080,764.15,764.96,764.11,764.88,37300
1790707200,764.89,765.3,764.84,765.12,34200
1790707320,765.13,765.17,764.72,764.75,13586
1790707440,764.78,764.98,764.64,764.9,36869
1790707560,764.88,764.88,764.39,764.5,20767
1790707680,764.53,764.73,764.45,764.67,4608
1790707800,764.69,764.77,764.53,764.71,14146
1790707920,764.72,764.82,764.63,764.771,12127
1790708040,764.76,764.77,764.57,764.68,12451
1790708160,764.7,764.71,764.51,764.57,11261
1790708280,764.59,764.91,764.58,764.88,10258
1790708400,764.85,765.04,764.79,764.86,24497
1790708520,764.84,764.94,764.77,764.83,9865
1790708640,764.84,765.06,764.71,764.96,12258
1790708760,764.95,765,764.81,764.91,7637
1790708880,764.92,764.97,764.73,764.74,8272
1790709000,764.73,764.82,764.68,764.72,13459
1790709120,764.73,764.73,764.47,764.49,14615
1790709240,764.49,764.51,764.29,764.35,15601
1790709360,764.33,764.42,764.3,764.4,22240
1790709480,764.37,764.58,764.37,764.52,22840
1790709600,764.515,764.64,764.39,764.621,18968
1790709720,764.65,764.83,764.59,764.74,15618
1790709840,764.75,764.79,764.47,764.56,23686
1790709960,764.55,764.68,764.54,764.57,16478
1790710080,764.57,764.61,764.42,764.57,9522
1790710200,764.59,764.65,764.39,764.65,20314
1790710320,764.65,764.82,764.58,764.68,12484
1790710440,764.68,764.68,764.43,764.445,20552
1790710560,764.44,764.63,764.425,764.6,10702
1790710680,764.61,764.68,764.47,764.48,11098
1790710800,764.52,764.53,764.26,764.37,21192
1790710920,764.37,764.38,764.06,764.07,27013
1790711040,764.07,764.19,763.91,763.99,37652
1790711160,763.98,764.36,763.98,764.305,52692
1790711280,764.31,764.36,764.15,764.22,33242
1790711400,764.21,764.48,764.17,764.42,37427
1790711520,764.42,764.59,764.3,764.54,36841
1790711640,764.53,764.8,763.96,764.11,122078
1790711760,764.115,764.35,763.76,764.34,64559
1790711880,764.33,764.42,763.87,764.29,365840
1790775000,766.46,767.13,766.19,767.06,76893
1790775120,767.17,767.27,766.28,766.65,26565
1790775240,766.75,766.94,766.45,766.59,27855
1790775360,766.59,766.93,766.4,766.69,18191
1790775480,766.67,766.93,766.14,766.84,28982
1790775600,766.82,766.88,766.42,766.87,10526
1790775720,766.86,767.07,766.74,766.75,12608
1790775840,766.73,766.97,766.25,766.25,21210
1790775960,766.21,766.38,766.06,766.33,11063
1790776080,766.31,767.16,766.2,767.12,27141
1790776200,767.12,767.33,767,767.01,13526
1790776320,767,767.06,766.51,767.05,14287
1790776440,766.91,767.58,766.86,767.36,13068
1790776560,767.3,767.47,767.25,767.265,9226
1790776680,767.25,767.98,767.06,767.97,49008
1790776800,767.95,768.64,767.95,768.49,57113
1790776920,768.49,768.58,768.24,768.54,20947
1790777040,768.55,768.87,768.45,768.87,47764
1790777160,768.86,769.16,768.76,768.82,41237
1790777280,768.81,768.84,768.415,768.56,24175
1790777400,768.56,768.575,768,768.12,19934
1790777520,768.08,768.52,768.08,768.12,15022
1790777640,768.09,768.47,767.97,768.36,18312
1790777760,768.36,768.58,768.18,768.49,22656
1790777880,768.525,768.79,768.5,768.74,18261
1790778000,768.76,769.11,768.7,768.97,13445
1790778120,768.99,769.01,768.48,768.7,22579
1790778240,768.68,768.72,768.11,768.25,17212
1790778360,768.25,768.42,767.92,768.12,13376
1790778480,768.13,768.13,767.47,767.855,24419
1790778600,767.87,768.15,767.62,768.1,17337
1790778720,768.14,768.27,767.62,767.77,15487
1790778840,767.76,767.81,767.4,767.53,39668
1790778960,767.53,767.67,767.36,767.665,11968
1790779080,767.68,768.01,767.25,767.7,29223
1790779200,767.71,768.06,767.37,768,10547
1790779320,768.02,768.42,767.88,768.05,20053
1790779440,768.06,768.11,767.59,767.93,11710
1790779560,767.93,768.33,767.78,768.3,17560
1790779680,768.3,768.66,768.23,768.66,12277
1790779800,768.67,768.7,768.45,768.55,16012
1790779920,768.57,769.11,768.56,769.03,22463
1790780040,769.06,769.45,769.02,769.15,33823
1790780160,769.15,769.28,768.91,769.22,13821
1790780280,769.22,769.22,768.525,768.53,12373
1790780400,768.54,768.58,768.09,768.27,12209
1790780520,768.4,768.52,768.02,768.38,5894
1790780640,768.38,768.54,768.17,768.22,11925
1790780760,768.22,768.36,767.87,768.05,9783
1790780880,768.01,768.55,767.96,768.54,7744
1790781000,768.53,768.68,768.15,768.21,17971
1790781120,768.219,768.36,767.73,768.24,16894
1790781240,768.25,768.67,768.02,768.64,11463
1790781360,768.625,768.95,768.6,768.69,27920
1790781480,768.68,768.68,768.42,768.46,10939
1790781600,768.49,768.49,768.08,768.14,11162
1790781720,768.14,768.17,767.91,768.05,16852
1790781840,768.069,768.28,767.98,767.98,11423
1790781960,767.98,768.33,767.9,768.33,15424
1790782080,768.34,768.73,768.3,768.73,13933
1790782200,768.77,768.88,768.66,768.86,13677
1790782320,768.87,769.01,768.72,768.74,25995
1790782440,768.79,768.99,768.55,768.62,13354
1790782560,768.62,768.67,768.31,768.67,11598
1790782680,768.68,768.76,768.64,768.659,8560
1790782800,768.66,768.82,768.54,768.63,9731
1790782920,768.62,768.72,768.11,768.11,8455
1790783040,768.12,768.185,767.88,768.09,15589
1790783160,768.07,768.14,767.975,768.13,8998
1790783280,768.14,769.21,768.14,769.19,30168
1790783400,769.17,769.24,768.82,768.85,19620
1790783520,768.84,768.84,768.52,768.68,10587
1790783640,768.64,768.72,768.1,768.21,12746
1790783760,768.22,768.51,768.22,768.51,8069
1790783880,768.51,768.73,768.39,768.73,16759
1790784000,768.72,768.75,768.48,768.66,17866
1790784120,768.7,769.02,768.7,768.91,17301
1790784240,768.89,769.05,768.69,768.92,22628
1790784360,768.98,769.08,768.74,768.74,10984
1790784480,768.77,768.83,768.74,768.8,8051
1790784600,768.81,769.1,768.71,768.93,26133
1790784720,768.93,769,768.67,768.955,10605
1790784840,768.96,769.04,768.78,768.85,9975
1790784960,768.85,768.87,768.29,768.31,17975
1790785080,768.31,768.46,768.19,768.46,13526
1790785200,768.48,768.48,768.33,768.44,11362
1790785320,768.43,768.525,768.32,768.43,11377
1790785440,768.44,768.49,768.3,768.35,9719
1790785560,768.37,768.37,768.13,768.19,10012
1790785680,768.19,768.24,768.04,768.05,15924
1790785800,768.07,768.09,767.78,767.84,20223
1790785920,767.86,767.95,767.78,767.86,10078
1790786040,767.9,768.07,767.89,767.96,6308
1790786160,767.98,768.01,767.67,767.89,8905
1790786280,767.84,768.02,767.8,767.92,14519
1790786400,767.91,768.31,767.87,768.17,10952
1790786520,768.17,768.43,768.04,768.4,8905
1790786640,768.42,768.51,768.09,768.1,8553
1790786760,768.1,768.32,768.05,768.17,6069
1790786880,768.12,768.12,767.71,767.85,7243
1790787000,767.83,768.03,767.83,767.87,8945
1790787120,767.9,768.11,767.9,768.03,6513
1790787240,768.02,768.06,767.85,767.87,6455
1790787360,767.9,768.239,767.869,768.1,8515
1790787480,768.12,768.3,768.1,768.24,10886
1790787600,768.26,768.41,768.17,768.37,10620
1790787720,768.37,768.46,768.2,768.3,6127
1790787840,768.33,768.42,768.22,768.3,2726
1790787960,768.29,768.47,768.27,768.4,5762
1790788080,768.4,768.47,768.22,768.22,2632
1790788200,768.26,768.3,768.1,768.12,3401
1790788320,768.14,768.18,767.63,767.645,18624
1790788440,767.64,767.76,767.2,767.2,10782
1790788560,767.18,767.33,766.98,767.2,21216
1790788680,767.24,767.24,766.81,766.81,10556
1790788800,766.81,767.11,766.65,767.06,16351
1790788920,767.06,767.18,766.77,766.86,10396
1790789040,766.88,767.02,766.77,766.77,10443
1790789160,766.85,766.9,766.26,766.651,25542
1790789280,766.66,767.03,766.62,766.97,13940
1790789400,766.99,767.25,766.97,767.18,11946
1790789520,767.17,767.37,767.17,767.2,10927
1790789640,767.21,767.4,767.12,767.27,13636
1790789760,767.3,767.425,767.04,767.09,11301
1790789880,767.08,767.5,767.08,767.45,7120
1790790000,767.49,767.65,767.37,767.61,15512
1790790120,767.56,767.72,767.48,767.52,4932
1790790240,767.48,767.52,767.27,767.3,7424
1790790360,767.3,767.75,767.2,767.44,16645
1790790480,767.43,767.86,767.4,767.84,8639
1790790600,767.87,767.95,767.81,767.84,7852
1790790720,767.81,767.89,767.56,767.68,7041
1790790840,767.67,767.75,767.54,767.61,6178
1790790960,767.61,767.73,767.61,767.68,5066
1790791080,767.68,767.74,767.65,767.71,2394
1790791200,767.68,767.68,767.15,767.25,15015
1790791320,767.265,767.36,767.21,767.25,13792
1790791440,767.26,767.37,767.17,767.17,17917
1790791560,767.15,767.16,766.86,767.01,17463
1790791680,767,767.21,766.87,767.19,12083
1790791800,767.19,767.45,767.09,767.37,13449
1790791920,767.36,767.54,767.22,767.31,17355
1790792040,767.32,767.42,767.19,767.28,20591
1790792160,767.26,767.35,767.08,767.08,43549
1790792280,767.09,767.17,766.95,767.01,11859
1790792400,766.99,767.06,766.64,766.68,14189
1790792520,766.7,766.78,766.65,766.71,8286
1790792640,766.71,766.73,766.36,766.38,15834
1790792760,766.35,766.61,766.31,766.53,19423
1790792880,766.55,766.805,766.54,766.76,26662
1790793000,766.76,766.82,766.41,766.41,17275
1790793120,766.39,766.42,766.12,766.23,19804
1790793240,766.22,766.28,766.11,766.21,15200
1790793360,766.225,766.505,766.16,766.47,13395
1790793480,766.48,766.86,766.38,766.81,10179
1790793600,766.79,766.84,766.71,766.76,11132
1790793720,766.76,766.97,766.75,766.86,52597
1790793840,766.86,766.89,766.59,766.6,15612
1790793960,766.63,766.74,766.58,766.59,14456
1790794080,766.59,766.59,766.15,766.28,12893
1790794200,766.29,766.41,766.16,766.16,11667
1790794320,766.165,766.28,766.03,766.07,16575
1790794440,766.04,766.28,766.01,766.22,14462
1790794560,766.21,766.39,766.17,766.39,9341
1790794680,766.395,766.64,766.3,766.46,16923
1790794800,766.48,766.755,766.47,766.72,10798
1790794920,766.73,766.82,766.64,766.77,7518
1790795040,766.775,766.81,766.66,766.7,12438
1790795160,766.7,766.79,766.63,766.73,12158
1790795280,766.71,766.845,766.63,766.8,9299
1790795400,766.8,766.8,766.54,766.54,11935
1790795520,766.545,766.64,766.52,766.6,28507
1790795640,766.6,766.88,766.59,766.62,57215
1790795760,766.63,766.68,766.5,766.6,42608
1790795880,766.575,766.77,766.47,766.665,13459
1790796000,766.675,766.675,766.48,766.51,14535
1790796120,766.52,766.55,766.245,766.26,12694
1790796240,766.265,766.5,766.25,766.3,9659
1790796360,766.31,766.4,766.28,766.34,12130
1790796480,766.34,766.41,766.26,766.34,7910
1790796600,766.335,766.45,766.22,766.279,22970
1790796720,766.3,766.31,766.05,766.18,9242
1790796840,766.19,766.435,766.15,766.38,23599
1790796960,766.36,766.36,765.75,765.88,29402
1790797080,765.89,766.11,765.73,765.98,43506
1790797200,765.94,766.08,765.73,765.75,30219
1790797320,765.76,765.85,765.52,765.68,25661
1790797440,765.7,765.87,765.52,765.59,21509
1790797560,765.609,765.665,765.36,765.41,47182
1790797680,765.38,765.74,765.29,765.34,113280
1790797800,765.31,765.31,764.24,764.54,248630
1790797920,764.53,765.01,764.5,764.72,357311
1790798040,764.7,764.7,763.53,763.87,385854
1790798160,763.9,764.04,763.69,763.89,333875
1790798280,763.87,764.06,762.21,762.41,924271
1790861400,764.33,765.19,763.4,763.46,101015
1790861520,763.51,765.25,763.48,764.85,54432
1790861640,764.88,765.15,764.27,764.89,48626
1790861760,764.935,765.305,764.63,765.27,59085
1790861880,765.29,765.33,764.55,764.62,37944
1790862000,764.65,764.65,763.72,763.72,49133
1790862120,763.72,763.86,763.28,763.4,53081
1790862240,763.41,763.93,763.2,763.55,29087
1790862360,763.51,763.7,763.1,763.11,27147
1790862480,763.11,763.33,762.6,762.63,28363
1790862600,762.63,763.33,762.62,763.07,31235
1790862720,763.07,764,763.03,763.82,37080
1790862840,763.81,764.05,763.21,763.31,25216
1790862960,763.26,763.26,762.73,763.03,32981
1790863080,763.03,763.04,762.46,762.57,25480
1790863200,762.59,762.73,760.34,760.45,64818
1790863320,760.44,760.55,759.89,760.25,54467
1790863440,760.3,760.45,759.77,759.961,43231
1790863560,759.99,760.55,759.72,760.32,43441
1790863680,760.37,761.62,760.34,761.56,62797
1790863800,761.57,761.58,760.8,760.82,35049
1790863920,760.85,761.36,760.3,760.6,37365
1790864040,760.55,761.19,760.46,760.87,22795
1790864160,760.865,761.28,760.71,761.02,13294
1790864280,761.01,761.01,760.135,760.6,14832
1790864400,760.6,760.86,760.31,760.38,22750
1790864520,760.47,760.68,759.8,760.4,26843
1790864640,760.37,760.69,760.21,760.55,20379
1790864760,760.56,761.06,760.42,760.75,29435
1790864880,760.78,760.8,760.04,760.5,13103
1790865000,760.44,760.93,760.16,760.49,23308
1790865120,760.5,761.29,760.35,761.069,36301
1790865240,761.03,761.59,760.91,761.24,33924
1790865360,761.23,761.91,761.22,761.51,25053
1790865480,761.49,762.11,761.33,762.01,31216
1790865600,762,762.18,761.31,761.5,41496
1790865720,761.45,761.8,761.4,761.61,17355
1790865840,761.64,761.94,761.31,761.94,21369
1790865960,761.931,762.1,760.92,760.95,23981
1790866080,760.99,761.38,760.83,761.23,29510
1790866200,761.24,761.42,760.74,760.74,20842
1790866320,760.76,760.86,760.1,760.32,19966
1790866440,760.29,760.79,760.14,760.54,16156
1790866560,760.53,760.69,760.28,760.505,20507
1790866680,760.48,761.31,759.95,760.44,38049
1790866800,760.42,760.52,759.36,759.62,22314
1790866920,759.66,759.795,759.31,759.48,26488
1790867040,759.4,759.86,759.31,759.51,22838
1790867160,759.51,759.86,759.4,759.4,10972
1790867280,759.42,759.53,759,759.3,33786
1790867400,759.3,759.49,758.8,759.4,39323
1790867520,759.36,759.9,759.3,759.76,11534
1790867640,759.8,760.47,759.74,760.32,27996
1790867760,760.325,761.1,760.325,761.1,31367
1790867880,761.13,761.17,760.44,760.73,37476
1790868000,760.73,761.13,760.35,760.88,47939
1790868120,760.825,760.96,760.57,760.68,12979
1790868240,760.73,761,760.66,760.84,13873
1790868360,760.79,761.2,760.65,761.17,18840
1790868480,761.15,761.33,760.38,760.38,14210
1790868600,760.42,760.51,760.05,760.2,8288
1790868720,760.15,760.31,759.93,759.95,15956
1790868840,759.94,760.045,759.25,759.28,21215
1790868960,759.29,759.995,759.25,759.98,21184
1790869080,760,760.87,759.92,760.52,15697
1790869200,760.5,760.835,759.83,759.935,21743
1790869320,759.93,760.15,759.58,759.63,18832
1790869440,759.64,759.85,759.39,759.81,19515
1790869560,759.79,760.16,759.72,760.1,16581
1790869680,760.1,760.37,759.94,760.159,25003
1790869800,760.14,760.14,759.42,759.46,14002
1790869920,759.46,759.71,759.27,759.429,10763
1790870040,759.43,760.28,759.37,760.28,15435
1790870160,760.29,760.93,760.09,760.64,36342
1790870280,760.66,760.7,760.3,760.67,23948
1790870400,760.66,760.92,760.26,760.75,16329
1790870520,760.75,761.25,760.68,761.06,22367
1790870640,761.07,761.25,760.65,760.67,17408
1790870760,760.67,761.28,760.6,760.89,17753
1790870880,760.91,761.18,760.74,760.9,8424
1790871000,760.93,761.165,760.895,760.95,10618
1790871120,760.96,761.03,760.43,760.53,12073
1790871240,760.53,760.74,760.44,760.64,10332
1790871360,760.6,761.51,760.58,761.48,11418
1790871480,761.485,761.6,760.98,761.04,14225
1790871600,761.03,761.15,760.81,761.09,9599
1790871720,761.11,761.42,761.06,761.39,8471
1790871840,761.36,761.75,761.35,761.6,21742
1790871960,761.61,761.71,761.41,761.58,15703
1790872080,761.56,761.61,761.27,761.27,7362
1790872200,761.29,761.93,761.17,761.91,19125
1790872320,761.91,762.39,761.87,762.23,22524
1790872440,762.26,762.42,762.14,762.39,14312
1790872560,762.38,762.58,762.09,762.13,17116
1790872680,762.13,762.13,761.56,761.88,30354
1790872800,761.91,762.06,761.58,761.59,10919
1790872920,761.59,762.16,761.47,762.065,19750
1790873040,762.065,762.11,761.86,762,11397
1790873160,761.99,762.07,761.87,762,15276
1790873280,762,762.28,761.81,761.9,25113
1790873400,761.86,761.995,761.21,761.27,18216
1790873520,761.325,761.39,761.1,761.11,9305
1790873640,761.085,761.1,760.54,760.55,26242
1790873760,760.55,760.72,760.3,760.71,20328
1790873880,760.67,761.01,760.67,760.99,18623
1790874000,760.91,761.18,760.74,761.18,28964
1790874120,761.17,761.75,761.16,761.46,15079
1790874240,761.45,762.01,761.41,761.82,8238
1790874360,761.875,762.01,761.6,761.76,8416
1790874480,761.75,761.86,761.575,761.63,12487
1790874600,761.645,761.94,761.58,761.9,20681
1790874720,761.89,762.16,761.82,762.15,18666
1790874840,762.11,762.26,761.79,762.02,23834
1790874960,762.02,762.25,761.995,762.18,17970
1790875080,762.16,762.74,762.11,762.56,18786
1790875200,762.56,763,762.56,762.85,22807
1790875320,762.88,763.47,762.79,763.35,34889
1790875440,763.34,763.955,763.23,763.79,44122
1790875560,763.78,763.83,763.57,763.7,38710
1790875680,763.69,763.86,763.48,763.66,64138
1790875800,763.69,765.17,763.67,764.66,137428
1790875920,764.65,764.88,764.21,764.5,38620
1790876040,764.48,764.72,764.14,764.15,24838
1790876160,764.14,764.49,764.065,764.32,31536
1790876280,764.32,764.44,764.11,764.29,19664
1790876400,764.28,764.42,764.11,764.36,19445
1790876520,764.4,764.961,764.4,764.78,41772
1790876640,764.77,765.1,764.68,765.1,17770
1790876760,765.1,765.31,764.84,764.87,50004
1790876880,764.84,764.89,764.495,764.51,52319
1790877000,764.53,764.6,764.3,764.56,26352
1790877120,764.54,764.75,764.5,764.56,14090
1790877240,764.58,764.58,763.56,763.91,95662
1790877360,763.93,764.13,763.28,763.35,41071
1790877480,763.38,763.63,763.26,763.56,19543
1790877600,763.555,763.72,762.89,763.49,42902
1790877720,763.47,763.63,763.19,763.21,39348
1790877840,763.2,763.31,762.66,762.73,16036
1790877960,762.73,762.73,762.219,762.46,23740
1790878080,762.465,762.8,762.34,762.66,22007
1790878200,762.68,762.91,762.47,762.81,19235
1790878320,762.801,763.54,762.801,763.35,31345
1790878440,763.32,763.76,763.09,763.43,18782
1790878560,763.43,763.55,763.28,763.4,15766
1790878680,763.43,763.81,763.41,763.5,17178
1790878800,763.5,763.58,763.31,763.44,9269
1790878920,763.4,764.13,762.93,764.06,52053
1790879040,764.07,764.22,763.72,764.08,19807
1790879160,764.02,764.17,763.73,763.87,7706
1790879280,763.87,764.24,763.84,764.12,19497
1790879400,764.14,764.2,763.79,763.79,19157
1790879520,763.79,764.42,763.74,764.42,62759
1790879640,764.41,765.15,764.12,764.92,44499
1790879760,764.9,764.9,764.42,764.525,18401
1790879880,764.5,764.5,764.285,764.35,7201
1790880000,764.38,764.58,764.27,764.46,8572
1790880120,764.47,764.5,764.11,764.16,8797
1790880240,764.19,764.36,764.17,764.21,12118
1790880360,764.17,764.39,764.06,764.36,14927
1790880480,764.33,764.4,764.28,764.3,11538
1790880600,764.31,764.41,764.17,764.34,5182
1790880720,764.35,764.64,764.35,764.64,12189
1790880840,764.65,764.69,764.41,764.64,15686
1790880960,764.63,764.7,764.51,764.53,8549
1790881080,764.555,764.83,764.555,764.83,13618
1790881200,764.8,764.9,764.38,764.38,19523
1790881320,764.38,764.47,764.21,764.3,11434
1790881440,764.32,764.56,764.28,764.49,7282
1790881560,764.49,764.5,764.21,764.375,17558
1790881680,764.38,764.64,764.36,764.55,10468
1790881800,764.54,764.78,764.42,764.485,8068
1790881920,764.48,764.63,764.42,764.6,6906
1790882040,764.57,764.63,764.42,764.56,5964
1790882160,764.56,764.59,764.33,764.35,13893
1790882280,764.36,764.7,764.36,764.68,8855
1790882400,764.68,764.8,764.54,764.65,8541
1790882520,764.63,764.66,764.47,764.5,10462
1790882640,764.5,764.55,764.29,764.455,12831
1790882760,764.45,764.53,764.26,764.29,11454
1790882880,764.285,764.54,764.285,764.51,12233
1790883000,764.51,764.795,764.48,764.68,10175
1790883120,764.66,764.68,764.48,764.54,6765
1790883240,764.54,764.66,764.31,764.37,15537
1790883360,764.35,764.37,764.22,764.37,12678
1790883480,764.37,764.75,764.37,764.62,16037
1790883600,764.61,764.92,764.58,764.82,22259
1790883720,764.83,764.88,764.61,764.76,13127
1790883840,764.75,764.86,764.55,764.85,18055
1790883960,764.87,765.03,764.76,764.81,21805
1790884080,764.84,764.88,764.7,764.86,35354
1790884200,764.825,765.65,764.8,765.335,51893
1790884320,765.35,765.36,764.88,764.88,37386
1790884440,764.91,764.98,763.93,764.14,113301
1790884560,764.14,764.33,763.95,764.005,48115
1790884680,764.02,764.15,763.47,764.02,336271
1790947800,770.58,770.84,769.54,769.54,112349
1790947920,769.53,770.3,769.5,769.87,64646
1790948040,769.86,770.9,769.86,770.68,37415
1790948160,770.71,771.12,770.475,771,36251
1790948280,771,771.03,770.4,770.765,40034
1790948400,770.8,770.8,770.26,770.61,30163
1790948520,770.66,771.65,770.595,771.29,50087
1790948640,771.28,772.09,771.1,771.82,40000
1790948760,771.79,772.07,771.72,771.92,54568
1790948880,771.9,771.91,771.2,771.37,52213
1790949000,771.38,771.73,771.14,771.3,28078
1790949120,771.35,771.4,770.65,770.72,39302
1790949240,770.74,770.96,769.54,769.62,51244
1790949360,769.62,770.135,769.07,769.85,104047
1790949480,769.87,770.65,769.87,770.54,49291
1790949600,770.56,771,769.88,770.85,51941
1790949720,770.9,771.44,770.75,771.43,44275
1790949840,771.43,771.8,771.245,771.57,42799
1790949960,771.57,771.65,771.235,771.24,28821
1790950080,771.24,771.53,771.05,771.15,35852
1790950200,771.16,771.67,770.7,770.76,38261
1790950320,770.759,771.58,770.7,771.46,34813
1790950440,771.45,771.69,771.31,771.31,49426
1790950560,771.32,771.82,771.18,771.805,34079
1790950680,771.81,772.06,771.74,771.98,49090
1790950800,771.97,772.26,771.93,771.96,65971
1790950920,771.95,772.1,771.68,771.76,54100
1790951040,771.77,772.36,771.72,772.16,22374
1790951160,772.18,772.49,772.08,772.16,21804
1790951280,772.18,772.36,772.02,772.05,23857
1790951400,772.09,772.12,771.5,771.66,33447
1790951520,771.7,771.8,771.3,771.6,29812
1790951640,771.59,771.97,771.41,771.95,42264
1790951760,771.94,772.07,771.67,771.75,36189
1790951880,771.77,772.19,771.745,772.06,19980
1790952000,772.07,772.45,772.07,772.45,30567
1790952120,772.46,772.65,771.93,772.05,29234
1790952240,772.07,772.18,771.8,771.85,21852
1790952360,771.86,772.24,771.83,772.16,23698
1790952480,772.19,772.45,772.06,772.08,28063
1790952600,772.08,772.08,771.57,771.81,31031
1790952720,771.81,771.82,771.09,771.2,41992
1790952840,771.23,771.43,770.83,771.43,35747
1790952960,771.47,771.59,771.26,771.48,35369
1790953080,771.48,771.64,770.75,770.97,27528
1790953200,771.01,771.12,770.81,771.04,13631
1790953320,771.04,771.04,769.97,770.13,44238
1790953440,770.16,770.24,769.67,769.67,31047
1790953560,769.665,769.79,769.5,769.5,35813
1790953680,769.52,769.72,768.94,769.03,54943
1790953800,768.99,769.26,768.37,768.851,66000
1790953920,768.875,768.94,768.18,768.65,43396
1790954040,768.68,769.07,768.5,768.63,38053
1790954160,768.61,768.63,767.93,768.09,41829
1790954280,768.11,768.53,768.06,768.16,30537
1790954400,768.13,768.3,767.76,768.27,71658
1790954520,768.24,768.5,768.23,768.43,32449
1790954640,768.435,768.435,767.15,767.66,43426
1790954760,767.67,768.435,767.6,768.26,65932
1790954880,768.26,768.86,768.2,768.78,28698
1790955000,768.8,768.8,768.17,768.59,54886
1790955120,768.61,769.18,768.61,769.15,35872
1790955240,769.14,769.25,768.98,769.08,31085
1790955360,769.1,769.3,768.87,768.99,42345
1790955480,768.96,769.47,768.83,769.27,26798
1790955600,769.29,769.5,768.73,768.92,25590
1790955720,768.97,769.41,768.91,769.12,31000
1790955840,769.13,769.2,768.855,769.02,45945
1790955960,769.01,769.33,768.89,769.08,23765
1790956080,769.09,769.32,768.89,768.93,83119
1790956200,768.94,769.25,768.78,769.16,45255
1790956320,769.14,769.29,768.71,768.72,28436
1790956440,768.73,769.03,768.515,768.99,58458
1790956560,768.96,769.09,768.71,769,20392
1790956680,769.01,769.28,768.92,769.23,17270
1790956800,769.26,769.86,769.17,769.72,25270
1790956920,769.72,769.81,769.28,769.339,36322
1790957040,769.33,769.61,769.095,769.37,21182
1790957160,769.34,769.82,769.33,769.58,16295
1790957280,769.58,769.84,769.45,769.781,13417
1790957400,769.78,769.9,769.5,769.5,13228
1790957520,769.49,769.83,769.29,769.74,16370
1790957640,769.7,769.73,769.36,769.6,19656
1790957760,769.59,769.76,769.37,769.59,15699
1790957880,769.6,769.8,769.53,769.68,7286
1790958000,769.69,769.73,769.5,769.55,6544
1790958120,769.55,769.58,769.14,769.37,14996
1790958240,769.35,769.52,769.035,769.27,19974
1790958360,769.24,769.3,768.81,769.17,21186
1790958480,769.18,769.29,768.92,768.96,31431
1790958600,768.98,769.42,768.96,769.28,16460
1790958720,769.32,769.39,769.05,769.27,10698
1790958840,769.24,769.54,769.18,769.21,14395
1790958960,769.22,769.465,769.1,769.35,5320
1790959080,769.37,769.85,769.37,769.79,18175
1790959200,769.74,769.76,768.96,768.96,20996
1790959320,768.93,769.04,768.71,768.93,11215
1790959440,768.95,769.22,768.9,769.22,9409
1790959560,769.21,769.35,768.969,768.979,9652
1790959680,768.975,769.09,768.86,769.03,11374
1790959800,768.97,769.19,768.85,769.13,11071
1790959920,769.13,769.54,769.13,769.46,10773
1790960040,769.49,769.61,769.45,769.54,10660
1790960160,769.54,769.54,769.37,769.44,12691
1790960280,769.46,769.55,769.2,769.31,5328
1790960400,769.3,770.06,769.3,770,12336
1790960520,769.98,770.03,769.8,769.82,8905
1790960640,769.81,769.85,769.68,769.815,7125
1790960760,769.82,769.845,769.19,769.24,10505
1790960880,769.29,769.55,769.29,769.51,8616
1790961000,769.51,769.66,769.44,769.44,7967
1790961120,769.43,769.54,769.37,769.51,6209
1790961240,769.54,769.565,769.03,769.17,16104
1790961360,769.2,769.64,769.16,769.555,8292
1790961480,769.59,769.67,769.39,769.52,6633
1790961600,769.53,769.58,768.98,769.055,9815
1790961720,769.09,769.19,768.81,768.84,16001
1790961840,768.84,768.895,768.65,768.83,18184
1790961960,768.83,768.87,768.38,768.46,15557
1790962080,768.42,768.64,768.33,768.5,29691
1790962200,768.48,768.86,768.42,768.85,10430
1790962320,768.85,769.12,768.7,769.07,16191
1790962440,769.06,769.3,768.89,769.005,14294
1790962560,768.98,769.04,768.68,768.88,8835
1790962680,768.87,768.95,768.82,768.87,5347
1790962800,768.89,768.89,768.61,768.73,9094
1790962920,768.68,768.73,768.57,768.73,8041
1790963040,768.72,769.16,768.67,768.99,9225
1790963160,768.96,769.17,768.86,769.02,7233
1790963280,769.03,769.185,768.93,769.185,6945
1790963400,769.17,769.47,768.68,769.34,17601
1790963520,769.29,769.47,769.29,769.46,9847
1790963640,769.44,769.45,769.21,769.27,5861
1790963760,769.26,769.28,768.94,768.95,9467
1790963880,768.95,769.22,768.83,769.17,7917
1790964000,769.18,769.35,769.11,769.265,9943
1790964120,769.24,769.26,768.93,769.1,11828
1790964240,769.08,769.25,769.045,769.16,7728
1790964360,769.17,769.19,768.89,769.09,9321
1790964480,769.095,769.165,769,769.135,14163
1790964600,769.135,769.16,768.97,769,6679
1790964720,768.97,769.2,768.97,769.1,6977
1790964840,769.1,769.35,769.07,769.19,16613
1790964960,769.16,769.19,768.85,768.85,11131
1790965080,768.845,768.94,768.74,768.88,16477
1790965200,768.87,768.93,768.76,768.81,10987
1790965320,768.78,768.78,768.51,768.54,13074
1790965440,768.54,768.81,768.52,768.77,10138
1790965560,768.75,768.86,768.5,768.61,4516
1790965680,768.63,769.02,768.63,768.99,15447
1790965800,768.97,769.06,768.75,768.77,17488
1790965920,768.76,769.23,768.76,769.01,9491
1790966040,768.97,769.11,768.85,768.99,8595
1790966160,768.98,769.15,768.98,769.06,8767
1790966280,769.07,769.07,768.77,768.83,5793
1790966400,768.82,769.15,768.76,769.15,9504
1790966520,769.13,769.29,769.085,769.15,13714
1790966640,769.12,769.3,769.12,769.21,12169
1790966760,769.2,769.31,769.15,769.21,8375
1790966880,769.2,769.28,769.11,769.18,11168
1790967000,769.16,769.27,769.115,769.19,10356
1790967120,769.2,769.31,769.2,769.25,6054
1790967240,769.23,769.34,769.16,769.27,5856
1790967360,769.3,769.3,769.14,769.15,9083
1790967480,769.16,769.39,769.16,769.29,8640
1790967600,769.31,769.42,769.24,769.37,13729
1790967720,769.36,769.37,769.15,769.28,8999
1790967840,769.24,769.35,769.18,769.24,13227
1790967960,769.21,769.24,769.02,769.08,23317
1790968080,769.07,769.09,768.97,769.001,16694
1790968200,769,769.11,768.98,769.03,21327
1790968320,769.02,769.18,769.02,769.18,14432
1790968440,769.16,769.23,769.09,769.18,17922
1790968560,769.17,769.38,769.03,769.25,18189
1790968680,769.28,769.53,769.19,769.33,20005
1790968800,769.34,769.44,769.25,769.27,13855
1790968920,769.25,769.31,769.14,769.25,19576
1790969040,769.25,769.6,769.25,769.53,28021
1790969160,769.52,769.57,769.28,769.33,14443
1790969280,769.33,769.39,769.16,769.34,13244
1790969400,769.35,769.61,769.33,769.49,22780
1790969520,769.49,769.6,769.31,769.43,47213
1790969640,769.46,769.81,769.46,769.77,51939
1790969760,769.775,769.89,769.68,769.83,55539
1790969880,769.84,770.06,769.79,769.8,28872
1790970000,769.81,769.87,769.64,769.72,22538
1790970120,769.72,769.72,769.52,769.56,22040
1790970240,769.57,770.07,769.55,769.715,65046
1790970360,769.72,770.02,769.72,769.92,52139
1790970480,769.92,769.92,769.43,769.56,248073
1790970600,769.57,769.85,769.475,769.72,61903
1790970720,769.72,769.98,769.68,769.92,49286
1790970840,769.95,769.98,769.27,769.385,95053
1790970960,769.38,769.7,769.31,769.68,51382
1790971080,769.67,769.73,769.17,769.615,299935