time,open,high,low,close
1789948800,81178.01,81228.01,81178.01,81198.23
1789948860,81198.22,81350,81184,81342.01
1789948920,81342,81403.01,81322,81322.01
1789948980,81322.01,81394.01,81269.8,81290.01
1789949040,81290,81382.01,81290,81382.01
1789949100,81382.01,81444,81382.01,81436.58
1789949160,81436.58,81610.7,81420,81532
1789949220,81532,81532,81471.6,81472.92
1789949280,81472.92,81604.01,81458,81604.01
1789949340,81604,81604.01,81494,81494.01
1789949400,81494,81552.01,81494,81502
1789949460,81502.01,81502.01,81436,81489.33
1789949520,81489.32,81670,81482.01,81668
1789949580,81668,81708.18,81606.88,81607.1
1789949640,81607.1,81713.97,81596,81683.96
1789949700,81683.96,81702.01,81645.65,81670.98
1789949760,81670.98,81725,81552,81560.17
1789949820,81560.16,81593.3,81517.45,81582.01
1789949880,81582,81734.01,81570.01,81689.34
1789949940,81689.34,81778.01,81686,81778
1789950000,81778,81800,81732.01,81795.01
1789950060,81795,81832.86,81790,81808.01
1789950120,81808,81816.01,81717.85,81767.99
1789950180,81767.99,81768.69,81727.7,81727.7
1789950240,81727.71,81795.32,81727.7,81766.01
1789950300,81766,81800.01,81728.19,81737.3
1789950360,81737.31,81810,81735.93,81786.01
1789950420,81786.01,81794.01,81738,81784
1789950480,81784,81784,81724.01,81746.01
1789950540,81746,81760.01,81728.83,81738.75
1789950600,81738.76,81766.01,81686,81734
1789950660,81734.01,81842.58,81734.01,81774.76
1789950720,81774.76,81775.89,81716,81729.06
1789950780,81729.06,81758.01,81698,81698
1789950840,81698,81698,81638,81648.88
1789950900,81648.88,81686.01,81605.31,81678.28
1789950960,81678.28,81705.17,81672,81705.17
1789951020,81705.16,81754.01,81705.16,81754.01
1789951080,81754.01,81756.01,81672.24,81677.12
1789951140,81677.13,81683.04,81594,81670
1789951200,81670.01,81686.03,81654.06,81654.06
1789951260,81654.06,81654.06,81571.72,81581.27
1789951320,81581.27,81581.28,81518.52,81556
1789951380,81556,81584.01,81550,81550
1789951440,81550.01,81693.92,81532.01,81693.92
1789951500,81694.01,81805.89,81686,81768.1
1789951560,81768.09,81834.59,81766,81833.26
1789951620,81833.26,81836.01,81800,81821.1
1789951680,81821.1,81849.15,81714,81730.01
1789951740,81730,81739.63,81660,81673.79
1789951800,81672.69,81672.69,81600,81622
1789951860,81622.01,81702.64,81600,81702.64
1789951920,81702.64,81734.01,81696.55,81696.56
1789951980,81696.56,81696.56,81632.97,81632.97
1789952040,81632,81676.01,81624.96,81676
1789952100,81676,81696.01,81658.01,81673.99
1789952160,81674,81696.01,81628,81642
1789952220,81641.99,81641.99,81608.01,81612.01
1789952280,81612.01,81634,81583.64,81628
1789952340,81628,81628.01,81607.72,81607.72
1789952400,81607.72,81620.01,81583.65,81610
1789952460,81610,81610,81546.32,81546.32
1789952520,81546.28,81558,81513.98,81558
1789952580,81558.01,81583.08,81545.96,81565.31
1789952640,81565.31,81610.01,81565.31,81610.01
1789952700,81610.01,81650,81594.71,81649.99
1789952760,81649.99,81683.55,81630,81683.55
1789952820,81683.55,81714.01,81670,81712.27
1789952880,81712.27,81738.81,81674,81732.01
1789952940,81732.01,81770.01,81732,81770
1789953000,81770,81798.01,81754.92,81798
1789953060,81798.01,81800,81762,81792.97
1789953120,81792.97,81800,81737.07,81799.99
1789953180,81799.99,81804.83,81784.21,81802.21
1789953240,81802.21,81802.21,81746.03,81794
1789953300,81794,81804,81776.1,81776.11
1789953360,81776.11,81776.11,81758,81759.68
1789953420,81759.67,81783.72,81726,81726
1789953480,81726,81733.29,81700,81708.18
1789953540,81708.19,81822.01,81708.18,81822.01
1789953600,81822.01,81836.69,81812.2,81836.69
1789953660,81836.68,81942.36,81836.68,81895.33
1789953720,81895.33,82071.6,81895.33,82004.94
1789953780,82005.09,82100,81909.47,81929.89
1789953840,81929.89,81930,81781.81,81835.93
1789953900,81835.94,81960.01,81835.94,81916.7
1789953960,81916.7,81922.01,81562.21,81562.22
1789954020,81562.22,81613,81507.67,81524.09
1789954080,81524.09,81583.21,81502,81580.01
1789954140,81580,81604.01,81562,81584
1789954200,81584,81648.01,81510.38,81647.98
1789954260,81647.98,81667.82,81523.77,81523.78
1789954320,81523.77,81533.94,81273.32,81356.01
1789954380,81356,81472.01,81356,81472.01
1789954440,81472.01,81480.01,81340,81352.01
1789954500,81352,81406.01,81352,81397.66
1789954560,81397.66,81449.11,81374,81374
1789954620,81374,81404.01,81364,81389.26
1789954680,81389.26,81404.01,81360,81386.01
1789954740,81386.02,81429.12,81386.02,81414.02
1789954800,81414.01,81423.02,81390.01,81423.02
1789954860,81423.01,81434,81402,81424.01
1789954920,81424.01,81450,81414,81449.99
1789954980,81450,81468.26,81441.3,81462
1789955040,81462,81472.01,81452,81468.06
1789955100,81468.01,81491.2,81452.4,81466.01
1789955160,81466.01,81466.01,81376,81394.02
1789955220,81394.01,81394.02,81336,81364.01
1789955280,81364.01,81400.01,81334,81334.01
1789955340,81334.01,81335.32,81265.02,81278.66
1789955400,81278.65,81290.01,81118.92,81135.16
1789955460,81135.15,81136.35,80882.95,80997.16
1789955520,80997.17,81060.01,80971.05,80992.04
1789955580,80992.03,81034.01,80961.78,80989.25
1789955640,80989.25,81044.01,80934.94,80934.94
1789955700,80934.94,80974.17,80919.52,80952.36
1789955760,80952.35,80990.28,80850.22,80980.42
1789955820,80980.42,81057.14,80980.41,81029.92
1789955880,81029.92,81108.96,81015.66,81052.41
1789955940,81052.4,81055.82,80975.85,80996.97
1789956000,80996.98,81055.55,80975.89,80975.89
1789956060,80975.89,81078.04,80952.35,81040.01
1789956120,81040.01,81232.71,81040,81232.7
1789956180,81232.71,81266.71,81232.7,81244.15
1789956240,81244.15,81266.01,81196.48,81237.19
1789956300,81237.19,81270.01,81231,81236
1789956360,81236,81236,81184,81208.01
1789956420,81208,81234.13,81194,81218.58
1789956480,81218.58,81265.97,81218.58,81265.96
1789956540,81265.96,81300.01,81257.02,81286.47
1789956600,81286.47,81294.01,81286,81290
1789956660,81290,81331.98,81272.01,81312.01
1789956720,81312,81357.18,81300.83,81352.55
1789956780,81352.55,81354.01,81350,81350.43
1789956840,81350.08,81368.01,81326,81368.01
1789956900,81368.01,81368.01,81337.99,81337.99
1789956960,81338,81372.02,81322,81372.01
1789957020,81372.02,81378.89,81362,81362.01
1789957080,81362,81367.89,81340,81340.01
1789957140,81340.01,81456,81340,81456
1789957200,81456,81474.32,81448,81464.01
1789957260,81464.01,81475.47,81444,81456.01
1789957320,81456,81482.01,81456,81480.01
1789957380,81480.01,81514.01,81439.82,81514
1789957440,81514.01,81514.01,81474,81474
1789957500,81474,81500,81474,81488.01
1789957560,81488.01,81512.01,81486,81512.01
1789957620,81512.01,81512.01,81446,81446
1789957680,81446.01,81485.3,81446,81454
1789957740,81454.01,81454.01,81430,81430
1789957800,81430,81430.01,81396,81396.01
1789957860,81396,81396,81259.98,81259.98
1789957920,81259.99,81274.01,81200,81218
1789957980,81218.01,81220.01,81166.66,81216.01
1789958040,81216,81216.01,81168,81170
1789958100,81170,81238.01,81151.97,81212.22
1789958160,81212.21,81247.69,81212.21,81242.73
1789958220,81242.73,81261.77,81242.73,81260.01
1789958280,81260.01,81282.08,81260,81276.01
1789958340,81276,81317.95,81266,81313.01
1789958400,81313.02,81313.02,81284,81307.69
1789958460,81307.68,81307.69,81275.28,81275.28
1789958520,81275.28,81275.29,81260,81260
1789958580,81260,81275.77,81234.27,81275.77
1789958640,81275.77,81275.77,81257.02,81257.02
1789958700,81257.03,81317.96,81257.02,81315.97
1789958760,81315.97,81315.97,81290.19,81292.01
1789958820,81292.01,81292.02,81224.97,81224.97
1789958880,81224.97,81225.6,81200,81225.59
1789958940,81225.6,81241.19,81225.6,81241.19
1789959000,81241.18,81249.55,81231.17,81249.55
1789959060,81249.54,81291.71,81241.69,81241.7
1789959120,81241.7,81281.07,81241.69,81281.07
1789959180,81281.06,81290.02,81281.06,81288.01
1789959240,81288.01,81329.98,81263.32,81329.98
1789959300,81329.99,81358.01,81329.99,81357.65
1789959360,81357.66,81396.59,81353.64,81377.56
1789959420,81377.55,81377.56,81286,81310.01
1789959480,81310,81314.01,81310,81314.01
1789959540,81314,81314.01,81310.6,81310.61
1789959600,81310.61,81372.01,81310.61,81343.56
1789959660,81343.55,81349.45,81308.83,81308.83
1789959720,81308.84,81389.75,81308.84,81389.75
1789959780,81389.75,81437.17,81389.75,81434
1789959840,81434,81454,81434,81440.27
1789959900,81440.27,81454,81440.27,81454
1789959960,81454,81454,81378.88,81378.88
1789960020,81378.88,81386.01,81370,81370.01
1789960080,81370,81370.01,81360.04,81360.04
1789960140,81360.04,81360.04,81311.02,81338
1789960200,81338,81338,81311.04,81319.84
1789960260,81319.84,81319.84,81300,81300
1789960320,81300.01,81300.01,81274.84,81275
1789960380,81275.01,81275.01,81250,81257.82
1789960440,81257.83,81325.61,81257.83,81324
1789960500,81324,81356.01,81324,81356.01
1789960560,81356.01,81398.01,81356.01,81398
1789960620,81398.01,81418.01,81363.21,81378.01
1789960680,81378.01,81408.01,81378,81401.97
1789960740,81401.97,81403.92,81401.97,81403.92
1789960800,81403.92,81403.92,81374,81374
1789960860,81374.01,81400.01,81374,81400
1789960920,81400.01,81430.8,81400,81430.79
1789960980,81430.8,81439.83,81430.79,81439.83
1789961040,81439.83,81445.03,81396.58,81416.85
1789961100,81416.86,81455.99,81416.85,81455.99
1789961160,81456,81500,81456,81499.99
1789961220,81500,81500,81418.01,81418.02
1789961280,81418.01,81418.02,81407.4,81407.4
1789961340,81407.41,81456.01,81385,81444.97
1789961400,81444.96,81500,81444.96,81499.99
1789961460,81499.99,81576.01,81499.99,81558
1789961520,81558.01,81558.01,81510.45,81510.45
1789961580,81510.45,81554.01,81508,81520.46
1789961640,81520.47,81532.01,81510,81532
1789961700,81532.01,81554.01,81490.05,81490.05
1789961760,81490.01,81490.05,81478.01,81488
1789961820,81488.01,81516.01,81488.01,81493.98
1789961880,81493.99,81500,81473.21,81490
1789961940,81490,81490.01,81464,81464
1789962000,81464,81482.01,81464,81482
1789962060,81482.01,81482.01,81468,81468
1789962120,81468.01,81468.01,81462.42,81462.43
1789962180,81462.43,81462.43,81462.42,81462.42
1789962240,81462.42,81470.01,81449.21,81470.01
1789962300,81470.01,81498,81470,81492.77
1789962360,81492.77,81513.96,81472,81472.01
1789962420,81472,81475.2,81430,81475.2
1789962480,81475.21,81500.76,81468.99,81500.75
1789962540,81500.76,81500.76,81490.28,81490.28
1789962600,81490.28,81490.28,81429.64,81429.65
1789962660,81429.64,81439.03,81408.53,81408.54
1789962720,81408.54,81428.01,81408.53,81428.01
1789962780,81428.01,81428.01,81404.79,81404.8
1789962840,81404.79,81404.79,81388,81388
1789962900,81388.01,81398.01,81365.62,81398.01
1789962960,81398,81431.73,81398,81431.73
1789963020,81431.73,81431.73,81407.92,81407.93
1789963080,81407.93,81425.24,81407.92,81425.23
1789963140,81425.23,81425.24,81425.23,81425.23
1789963200,81425.24,81427.24,81400.64,81425.23
1789963260,81425.22,81456.17,81425.22,81456.17
1789963320,81456.17,81462.75,81456.16,81456.95
1789963380,81456.94,81456.94,81383.63,81383.7
1789963440,81383.7,81402,81383.69,81383.7
1789963500,81383.7,81383.7,81333,81334.01
1789963560,81334.01,81346.7,81304,81304
1789963620,81304,81316.01,81290,81315.9
1789963680,81315.91,81358,81315.9,81355.47
1789963740,81355.48,81355.48,81325.76,81325.76
1789963800,81325.76,81350.01,81316,81339.99
1789963860,81339.99,81340,81279.99,81287.11
1789963920,81287.11,81295.31,81287.1,81288.01
1789963980,81288,81315.99,81286,81292
1789964040,81292.01,81292.01,81277.04,81282.56
1789964100,81282.55,81320.01,81282.55,81320
1789964160,81320.01,81329.97,81309.7,81318.01
1789964220,81318,81330.01,81318,81330
1789964280,81330,81348.01,81274.54,81282.12
1789964340,81282.11,81282.12,81272.01,81272.01
1789964400,81272.01,81272.01,81246,81246.01
1789964460,81246,81298.01,81246,81292.24
1789964520,81292.25,81300,81272,81300
1789964580,81300,81300,81287.21,81287.21
1789964640,81287.22,81287.22,81257.02,81257.02
1789964700,81257.02,81257.03,81252,81252
1789964760,81252.01,81252.01,81252,81252
1789964820,81252.01,81276.01,81252,81276
1789964880,81276.01,81304.93,81268,81304.92
1789964940,81304.93,81317.85,81304.92,81304.94
1789965000,81304.93,81304.93,81240.84,81244
1789965060,81244.01,81252.3,81228.15,81238.16
1789965120,81238.17,81262.01,81238.17,81261.08
1789965180,81261.07,81286.01,81256.69,81276.04
1789965240,81276.05,81333.67,81276.05,81333.65
1789965300,81333.66,81356.27,81320.01,81326.47
1789965360,81326.47,81366.01,81326.46,81354.01
1789965420,81354.01,81368.01,81349.55,81359.28
1789965480,81359.29,81370.01,81359.28,81366.93
1789965540,81366.94,81398.01,81366.93,81376.38
1789965600,81376.38,81389.46,81357.21,81389.45
1789965660,81389.46,81389.46,81388.01,81388.02
1789965720,81388.02,81398.01,81388.01,81398.01
1789965780,81398.01,81398.01,81392.31,81392.31
1789965840,81392.31,81424.43,81392.31,81419.39
1789965900,81419.38,81419.39,81410.36,81410.37
1789965960,81410.36,81419.38,81410.36,81419.38
1789966020,81419.37,81439.83,81419.37,81439.83
1789966080,81439.83,81462.01,81439.82,81462
1789966140,81462.01,81500,81462,81498.69
1789966200,81498.69,81500.76,81498.68,81500.76
1789966260,81500.76,81509.25,81474,81474
1789966320,81474.01,81474.01,81449.36,81449.37
1789966380,81449.36,81453.62,81443.14,81443.14
1789966440,81443.14,81443.15,81426.57,81426.57
1789966500,81426.57,81426.58,81368.66,81376
1789966560,81376,81442.01,81376,81442.01
1789966620,81442.01,81446,81431.21,81445.99
1789966680,81446,81446,81382,81382.01
1789966740,81382.01,81406.01,81382.01,81400.01
1789966800,81400,81400,81355.71,81373.57
1789966860,81373.56,81391.95,81373.56,81391.95
1789966920,81391.95,81416.87,81391.94,81413.15
1789966980,81413.15,81415,81376.82,81376.82
1789967040,81376.83,81376.83,81370,81370.01
1789967100,81370.01,81370.01,81346,81368.01
1789967160,81368.01,81379.94,81354.01,81354.02
1789967220,81354.01,81354.02,81340,81340
1789967280,81340,81340.01,81317.43,81317.44
1789967340,81317.43,81317.44,81302.05,81302.06
1789967400,81302.05,81333.13,81302.05,81333.12
1789967460,81333.12,81333.13,81316,81316.01
1789967520,81316,81326.01,81316,81326.01
1789967580,81326.01,81331.69,81326,81330.37
1789967640,81330.38,81330.38,81326,81326.01
1789967700,81326.01,81346,81326,81345.99
1789967760,81345.99,81372.01,81345.99,81372.01
1789967820,81372.01,81372.01,81365.18,81365.19
1789967880,81365.18,81396,81355.66,81396
1789967940,81396,81428.18,81395.99,81419.25
1789968000,81419.25,81419.25,81398.68,81398.68
1789968060,81398.69,81415.64,81398.69,81412.01
1789968120,81412,81482.01,81410.02,81482.01
1789968180,81482,81522.01,81482,81512.82
1789968240,81512.82,81530.01,81512.82,81528
1789968300,81528,81599.99,81520.31,81599.99
1789968360,81599.99,81618.01,81590,81604.81
1789968420,81604.81,81648.01,81604.81,81618.01
1789968480,81618,81631.01,81600.36,81631.01
1789968540,81631,81631.01,81580.16,81582.02
1789968600,81582.02,81680.01,81582.01,81680.01
1789968660,81680,81748.01,81680,81707.32
1789968720,81707.32,81708.01,81676,81676.01
1789968780,81676,81792.01,81672,81792
1789968840,81792,81792,81744.48,81768.01
1789968900,81768,81775.44,81730.44,81747.38
1789968960,81747.37,81749.47,81700,81700
1789969020,81700,81700.01,81659,81659.01
1789969080,81659.01,81706.01,81650.01,81704.32
1789969140,81704.32,81704.33,81652.01,81652.02
1789969200,81652.02,81674.01,81640,81664.01
1789969260,81664,81664.01,81630,81634
1789969320,81634,81634.01,81624.01,81624.21
1789969380,81624.22,81624.22,81624.21,81624.22
1789969440,81624.22,81658.51,81624.22,81628
1789969500,81628,81656.01,81628,81644.01
1789969560,81644.01,81680.01,81638,81680
1789969620,81680.01,81680.01,81599.66,81599.66
1789969680,81599.66,81599.67,81534.32,81535.5
1789969740,81535.5,81586.37,81535.49,81586.37
1789969800,81586.36,81586.37,81557.46,81578
1789969860,81578.01,81578.01,81559.97,81559.97
1789969920,81559.97,81573.99,81559.97,81566.39
1789969980,81566.39,81594.01,81566.38,81594
1789970040,81594,81594.01,81570,81570
1789970100,81570,81570,81530.62,81530.63
1789970160,81530.63,81540.01,81530.62,81532.12
1789970220,81532.13,81532.13,81530,81530.01
1789970280,81530,81530.01,81530,81530
1789970340,81530,81550.01,81530,81550
1789970400,81550.01,81600,81544,81600
1789970460,81599.99,81600,81572.36,81597.38
1789970520,81597.38,81659.59,81597.37,81640.01
1789970580,81640,81650.01,81602.6,81602.6
1789970640,81602.6,81654.2,81602.6,81654.2
1789970700,81654.2,81658.01,81635.02,81642.01
1789970760,81642,81650.01,81630.15,81648.12
1789970820,81648.12,81648.12,81571.1,81585.83
1789970880,81585.83,81610.01,81585.83,81610
1789970940,81610.01,81621.27,81610,81621.26
1789971000,81621.26,81646.01,81614,81614
1789971060,81614,81646.01,81614,81646
1789971120,81646,81683.56,81646,81667.41
1789971180,81667.4,81667.4,81635.65,81635.65
1789971240,81635.66,81668.75,81600.27,81668.73
1789971300,81668.73,81716.01,81668.73,81716.01
1789971360,81716,81716.01,81698.03,81698.04
1789971420,81698.04,81754.01,81698.03,81754
1789971480,81754.01,81786.65,81754.01,81786.51
1789971540,81786.51,81834.02,81784,81807.34
1789971600,81807.33,81807.34,81766,81786
1789971660,81786.01,81791.55,81780,81782
1789971720,81782,81782.01,81754.27,81764
1789971780,81764,81826.01,81763.33,81821.74
1789971840,81821.75,81864.11,81821.74,81837.39
1789971900,81837.39,81837.39,81794.83,81794.84
1789971960,81794.84,81794.84,81776.82,81780.01
1789972020,81780.01,81856.01,81780,81856
1789972080,81856.01,81878.98,81812,81814
1789972140,81814,81814.01,81814,81814.01
1789972200,81814.01,81833.81,81802.66,81802.67
1789972260,81802.67,81833.81,81802.66,81833.8
1789972320,81833.8,81833.8,81802,81802
1789972380,81802.01,81819.04,81800,81819.03
1789972440,81819.04,81825.2,81819.03,81825.2
1789972500,81825.19,81832.73,81796.26,81796.27
1789972560,81796.26,81796.27,81700,81700
1789972620,81700.01,81700.83,81652.1,81655.29
1789972680,81655.29,81655.29,81640,81640.01
1789972740,81640,81640.01,81620.75,81630.17
1789972800,81630.17,81630.18,81594,81594.01
1789972860,81594,81618.87,81582.66,81590.02
1789972920,81590.01,81590.01,81564.62,81564.63
1789972980,81564.63,81564.63,81530,81530.01
1789973040,81530.01,81530.01,81400,81400.01
1789973100,81400.01,81540.3,81400,81536.01
1789973160,81536.01,81708.01,81536,81706.01
1789973220,81706.01,81706.01,81638.01,81696
1789973280,81696.01,81751.67,81696,81718
1789973340,81718,81726.01,81687.99,81726.01
1789973400,81726.01,81726.01,81684,81684
1789973460,81684,81690.01,81670,81678
1789973520,81678,81678,81634,81634.01
1789973580,81634,81651.63,81598,81598
1789973640,81598,81627.21,81598,81627.2
1789973700,81627.21,81627.21,81596.25,81604.01
1789973760,81604.01,81616.01,81604.01,81616.01
1789973820,81616.01,81625.06,81616,81625.06
1789973880,81625.06,81659.62,81625.06,81656.01
1789973940,81656.01,81656.01,81639.9,81639.9
1789974000,81639.91,81642.01,81618,81619.99
1789974060,81619.99,81652.47,81606.93,81652.47
1789974120,81652.47,81678.01,81638.27,81638.27
1789974180,81638.28,81663.92,81626.19,81631.04
1789974240,81631.05,81642.8,81622.25,81642.8
1789974300,81642.8,81642.8,81633.62,81633.63
1789974360,81633.63,81633.63,81610,81610.01
1789974420,81610,81610.01,81586.86,81586.86
1789974480,81586.87,81586.87,81555,81580.02
1789974540,81580.02,81580.02,81557.15,81575.28
1789974600,81575.28,81575.28,81555,81555
1789974660,81555.01,81555.01,81505.35,81505.35
1789974720,81505.35,81505.36,81484,81484.01
1789974780,81484.01,81499.55,81475.82,81499.55
1789974840,81499.55,81567,81499.54,81561.46
1789974900,81561.46,81567.19,81538,81538.01
1789974960,81538.01,81584.01,81538,81584
1789975020,81584,81598.01,81578.05,81598.01
1789975080,81598.01,81600,81552,81600
1789975140,81600,81600,81572,81592.01
1789975200,81592,81600.01,81592,81600.01
1789975260,81600.01,81618,81600,81618
1789975320,81618,81646.54,81617.99,81641.01
1789975380,81641,81652.67,81641,81642.76
1789975440,81642.75,81642.76,81618,81618.01
1789975500,81618.01,81651.05,81618,81647.12
1789975560,81647.12,81649.9,81638,81638.01
1789975620,81638,81660.96,81636.17,81660.01
1789975680,81660.01,81660.01,81638.68,81638.68
1789975740,81638.68,81638.68,81594.01,81614.01
1789975800,81614.02,81614.02,81564.13,81564.13
1789975860,81564.13,81564.13,81484.35,81510
1789975920,81510,81526.31,81480.39,81484.01
1789975980,81484,81540,81484,81530.28
1789976040,81530.28,81538.99,81484,81504.01
1789976100,81504.01,81526.01,81496.02,81524.24
1789976160,81524.23,81540.54,81520.16,81538.01
1789976220,81538,81568.01,81538,81568
1789976280,81568,81586.01,81566,81586.01
1789976340,81586,81586.01,81555.88,81562
1789976400,81562,81562.01,81530.73,81530.73
1789976460,81530.73,81539.93,81495.17,81514
1789976520,81514,81520.01,81484.01,81484.01
1789976580,81484.01,81484.02,81458.42,81468.93
1789976640,81468.92,81510.01,81468.92,81503.75
1789976700,81503.74,81536.01,81491.84,81531.99
1789976760,81531.99,81536.01,81492.03,81492.03
1789976820,81492.03,81534.01,81481.8,81526.64
1789976880,81526.63,81556.01,81526.63,81556.01
1789976940,81556,81560.01,81531.42,81560.01
1789977000,81560,81578.01,81551.11,81578
1789977060,81578.01,81608.01,81578,81608.01
1789977120,81608,81646.01,81608,81646
1789977180,81646.01,81646.01,81587.76,81619.66
1789977240,81619.65,81673.99,81612.99,81673.98
1789977300,81673.99,81674.01,81664.62,81671.75
1789977360,81671.74,81700,81670.2,81699.99
1789977420,81699.99,81725.74,81699.99,81725.74
1789977480,81725.73,81725.74,81725.73,81725.74
1789977540,81725.73,81725.74,81706.09,81720.01
1789977600,81720.01,81813.46,81720,81813.46
1789977660,81813.46,81835.38,81792,81808.82
1789977720,81808.82,81896.01,81808.81,81861.59
1789977780,81861.59,81898.01,81824.74,81898
1789977840,81898.01,81898.01,81856.24,81856.25
1789977900,81856.24,81856.24,81786.92,81824.67
1789977960,81824.67,81917.37,81824.67,81917.37
1789978020,81917.36,81952.3,81917.36,81936.01
1789978080,81936.01,81997.78,81935.19,81962.01
1789978140,81962,81980.65,81924.95,81926.92
1789978200,81926.91,81954.01,81880,81880.01
1789978260,81880.01,81950,81880,81950
1789978320,81949.99,81982.12,81920.44,81924.99
1789978380,81925,81925,81888,81888.01
1789978440,81888.01,81894.01,81866.24,81894
1789978500,81894.01,81904.01,81871.4,81873.73
1789978560,81873.72,81942.01,81873.72,81938
1789978620,81938.01,81938.01,81909.06,81932.76
1789978680,81932.76,81961.97,81932.75,81954.02
1789978740,81954.02,81954.03,81924,81954.02
1789978800,81954.03,81978.37,81932,81978.37
1789978860,81978.37,81997.78,81970.01,81997.78
1789978920,81997.78,82044.12,81997.77,82035.98
1789978980,82035.99,82198.18,82035.98,82125.32
1789979040,82125.31,82242.35,82123.84,82147.77
1789979100,82147.77,82217.52,82102.26,82199.35
1789979160,82199.35,82227.22,82178.14,82188.42
1789979220,82188.41,82214.6,82137.05,82137.06
1789979280,82137.06,82265.32,82119.67,82250
1789979340,82250,82262.18,82240,82240
1789979400,82240,82246.03,82188,82212.16
1789979460,82212.16,82246.02,82212.16,82236.84
1789979520,82236.84,82656.29,82230.97,82620
1789979580,82620,82712,82548.01,82579.63
1789979640,82579.63,82579.64,82503.3,82545.92
1789979700,82545.92,82711.99,82542.45,82711.98
1789979760,82711.98,82828,82668,82775.52
1789979820,82775.51,82950,82753.02,82950
1789979880,82950,84174.1,82920.15,83649.27
1789979940,83650.72,83923.38,83456.44,83522
1789980000,83522.01,83795.89,83463.35,83764.26
1789980060,83764.27,83875.33,83655.81,83838.37
1789980120,83838.36,83922.72,83734.49,83734.49
1789980180,83734.48,83824.01,83678.62,83720.8
1789980240,83720.79,83720.8,83501.4,83531.23
1789980300,83531.22,83541.03,83298.21,83541.03
1789980360,83541.02,83704.5,83541.02,83690.33
1789980420,83690.33,83741.25,83600,83717.35
1789980480,83717.35,83886.01,83692.86,83846.43
1789980540,83846.44,83861.63,83733.25,83769.1
1789980600,83769.1,83858.01,83675.67,83848.21
1789980660,83848.2,83863.82,83735.91,83751.89
1789980720,83751.9,83878.01,83708.6,83771
1789980780,83770.99,83825.4,83763.15,83811.49
1789980840,83811.5,83865.99,83762.92,83809.11
1789980900,83809.12,83842.08,83779.67,83842.07
1789980960,83842.07,83842.07,83700,83700
1789981020,83700,83784.87,83694.59,83784.86
1789981080,83784.86,83823.96,83758.21,83792.65
1789981140,83792.65,83833.98,83760,83760
1789981200,83760,83809.06,83700,83754.48
1789981260,83754.48,83888,83715.62,83887.94
1789981320,83887.93,83983.4,83867.52,83873.64
1789981380,83873.64,83944.64,83807.01,83860.92
1789981440,83860.93,83922.43,83833.63,83864.78
1789981500,83864.79,83998.93,83854.32,83977.15
1789981560,83977.14,83977.15,83949.73,83952.69
1789981620,83952.7,84042.36,83950,84004.04
1789981680,84004.05,84012.75,83962.88,84001.32
1789981740,84001.32,84049.22,83931.23,83942.62
1789981800,83942.61,84040,83942.61,83973.91
1789981860,83973.91,84050.37,83973.9,84050.36
1789981920,84050.36,84050.37,83983.83,83994.96
1789981980,83994.95,84028.1,83951.56,83968.67
1789982040,83968.68,83982.01,83900,83925.54
1789982100,83925.54,84038,83900,84038
1789982160,84037.99,84078.38,84000,84040.05
1789982220,84040.05,84060.01,84000,84060.01
1789982280,84060.01,84071.53,84003.16,84017.46
1789982340,84017.47,84047.58,83991.24,84003.18
1789982400,84003.17,84066,83952.93,84026.49
1789982460,84026.49,84041.62,83969.82,83998.66
1789982520,83998.97,84067.2,83998.97,84004.41
1789982580,84004.42,84010.01,83911.93,83926.92
1789982640,83926.92,84013.92,83925.44,84012.88
1789982700,84012.88,84169.88,84012.88,84169.88
1789982760,84169.87,84567.8,84139.49,84352.5
1789982820,84352.16,84509.66,84313.32,84468.79
1789982880,84468.79,84500,84400,84480.82
1789982940,84480.83,84600,84424.65,84457.18
1789983000,84457.18,84560.18,84396.79,84533.59
1789983060,84533.58,84537.06,84429.69,84448.44
1789983120,84448.43,84689.88,84327.82,84689.88
1789983180,84689.87,84792.57,84578.98,84583.43
1789983240,84583.43,84742.06,84536.76,84742.06
1789983300,84742.05,84858.78,84709.4,84756.37
1789983360,84756.37,84918.04,84676.48,84790.42
1789983420,84790.42,84859.04,84771.28,84850.01
1789983480,84850.01,85299.87,84842.01,85121.04
1789983540,85121.04,85186.43,84900.01,84900.6
1789983600,84900.6,85034.38,84888.88,84897.74
1789983660,84897.75,84938,84773.37,84927.14
1789983720,84927.14,85008.71,84887.19,84963.94
1789983780,84963.93,85093.25,84912.74,85008.73
1789983840,85008.73,85054.01,84968.52,85030.4
1789983900,85030.4,85036.17,84954.88,85013.54
1789983960,85013.55,85069.46,84902.56,84990.42
1789984020,84990.42,84990.43,84900,84967.61
1789984080,84967.61,84990.43,84906.64,84985.28
1789984140,84985.29,84985.29,84782.04,84790.07
1789984200,84790.07,84852.53,84764.7,84764.71
1789984260,84764.71,84822.98,84692.56,84710.66
1789984320,84710.66,84741.78,84613.79,84718.41
1789984380,84718.4,84718.41,84633.37,84691.26
1789984440,84691.26,84704.94,84652.46,84704.93
1789984500,84704.94,84734.75,84694.86,84708.62
1789984560,84708.63,84722.63,84615.52,84650.15
1789984620,84651,84668.07,84560.14,84632.48
1789984680,84632.48,84672.41,84568.41,84602.54
1789984740,84602.53,84655.8,84583.42,84653.71
1789984800,84653.7,84682.85,84575.88,84587.99
1789984860,84588,84797.74,84583.42,84794.48
1789984920,84794.47,84816.42,84667.72,84667.72
1789984980,84667.73,84704.94,84618.44,84618.45
1789985040,84618.45,84644.18,84560.15,84586.76
1789985100,84586.77,84594.81,84550,84563.11
1789985160,84563.12,84593.89,84504,84593.89
1789985220,84593.89,84673.2,84593.48,84595.81
1789985280,84595.81,84595.81,84500,84548.17
1789985340,84548.18,84644.18,84548.17,84615.72
1789985400,84615.72,84628.44,84588.37,84619
1789985460,84618.99,84619,84557.43,84557.43
1789985520,84557.44,84586.59,84544.95,84586.59
1789985580,84586.59,84586.7,84558.96,84586.59
1789985640,84586.58,84624.97,84550.01,84565.25
1789985700,84565.25,84629.61,84565.25,84570.48
1789985760,84570.48,84590.73,84554.54,84554.55
1789985820,84554.54,84591.5,84554.54,84573.53
1789985880,84573.53,84589.54,84552.21,84575.11
1789985940,84575.1,84709.96,84575.1,84676.49
1789986000,84676.48,84741.35,84595.03,84595.04
1789986060,84595.03,84605.36,84556.75,84578.09
1789986120,84578.09,84578.1,84533.92,84549.34
1789986180,84549.33,84583.42,84501.53,84581.72
1789986240,84581.73,84597.63,84555.76,84555.78
1789986300,84555.77,84575.44,84522.04,84571.25
1789986360,84571.25,84579.99,84555.83,84564.67
1789986420,84564.66,84569.47,84529.24,84550.73
1789986480,84550.73,84552.6,84412,84414.63
1789986540,84414.63,84432.19,84368.15,84368.16
1789986600,84368.16,84461.92,84368,84409.38
1789986660,84409.37,84409.4,84335,84340.44
1789986720,84340.41,84466,84340.41,84354
1789986780,84354.01,84366.73,84224.62,84272.7
1789986840,84272.7,84312.41,84256.75,84264.05
1789986900,84264.05,84292.1,84234.21,84245.4
1789986960,84245.4,84263.24,84245.39,84253.07
1789987020,84253.07,84253.08,84200,84204.6
1789987080,84204.61,84204.61,84166,84188
1789987140,84188,84188.01,84174,84174.01
1789987200,84174.01,84180.02,84130.21,84180.02
1789987260,84180.02,84256,84180.01,84251.81
1789987320,84251.81,84279.66,84223.81,84279.65
1789987380,84279.65,84297.95,84263.27,84264
1789987440,84264.01,84288.43,84259.91,84262.44
1789987500,84262.45,84285.19,84207.56,84223.2
1789987560,84223.21,84236.01,84218.9,84222
1789987620,84221.99,84222,84216,84216
1789987680,84216.01,84224.01,84178.96,84193.98
1789987740,84193.98,84222,84193.98,84215.56
1789987800,84215.55,84223.98,84202,84202
1789987860,84202.01,84202.01,84152.1,84152.11
1789987920,84152.11,84190.01,84152.11,84190.01
1789987980,84190,84218.91,84190,84192.01
1789988040,84192.01,84275.13,84192,84275.12
1789988100,84275.12,84303.94,84268,84278.72
1789988160,84278.72,84350.01,84278.71,84342.67
1789988220,84342.66,84443.2,84340.41,84437.2
1789988280,84437.21,84437.21,84408.02,84430.49
1789988340,84430.49,84446.01,84422,84441.77
1789988400,84441.77,84454.01,84392.41,84445.82
1789988460,84445.83,84494.73,84445.82,84468.01
1789988520,84468.01,84500,84468,84500
1789988580,84499.99,84536.03,84483.13,84510.02
1789988640,84510.01,84536.25,84508,84508
1789988700,84508.01,84567,84483.15,84540.01
1789988760,84540.01,84574.01,84527.1,84570.01
1789988820,84570,84570.01,84503.95,84508.62
1789988880,84508.63,84558.01,84490.75,84518
1789988940,84518.01,84572,84506.73,84552.65
1789989000,84552.65,84614.01,84550,84614.01
1789989060,84614.01,84635.23,84598,84601.84
1789989120,84601.83,84601.84,84561.88,84588.01
1789989180,84588.01,84644.18,84588,84628.01
1789989240,84628,84628,84600,84600.01
1789989300,84600.01,84663.46,84532,84663.45
1789989360,84663.44,84700,84663.44,84700
1789989420,84700,84700,84634,84644.01
1789989480,84644.01,84644.01,84552,84552.01
1789989540,84552,84624.01,84552,84585.43
1789989600,84585.43,84610.01,84568.08,84610.01
1789989660,84610.01,84639.12,84602.3,84639.12
1789989720,84639.12,84639.12,84628.98,84636
1789989780,84636,84656.01,84622,84647.07
1789989840,84647.07,84647.07,84612.82,84627.21
1789989900,84627.21,84687.64,84625.65,84682
1789989960,84681.99,84698.39,84681.99,84694.55
1789990020,84694.55,84704.94,84683.63,84683.63
1789990080,84683.63,84696.01,84683.63,84690
1789990140,84690,84709.65,84667.99,84674.01
1789990200,84674,84778.01,84616,84778
1789990260,84778,84789,84734,84746
1789990320,84745.99,84800,84745.99,84755.55
1789990380,84755.56,84755.56,84712.11,84748.01
1789990440,84748.01,84782.01,84738.81,84739.08
1789990500,84739.07,84765.69,84739.07,84765.69
1789990560,84765.68,84772.01,84702.38,84702.39
1789990620,84702.38,84746.01,84693.97,84746.01
1789990680,84746,84763.1,84738,84763.1
1789990740,84763.1,84822.01,84763.1,84806.01
1789990800,84806,84843.43,84806,84843.43
1789990860,84843.43,84857.22,84807.58,84826.45
1789990920,84826.45,84885.76,84826.45,84860.01
1789990980,84860,84860,84804.57,84810.01
1789991040,84810.01,84870.01,84810,84828.84
1789991100,84828.85,84830.21,84780.59,84780.6
1789991160,84780.59,84822.41,84752,84822.41
1789991220,84822.41,84838.01,84782,84797.59
1789991280,84797.6,84812.01,84765.68,84812.01
1789991340,84812.01,84876.01,84812,84876
1789991400,84876.01,84910.01,84826.44,84910.01
1789991460,84910.01,84917.36,84880,84917.35
1789991520,84917.36,84917.36,84880,84880.01
1789991580,84880.01,84880.01,84846,84850
1789991640,84850,84872.94,84850,84859.85
1789991700,84859.86,84859.86,84830.48,84831.48
1789991760,84831.49,84831.49,84776,84776.01
1789991820,84776.01,84785.37,84775.6,84775.6
1789991880,84775.61,84784.01,84720,84784.01
1789991940,84784.01,84887.2,84784,84887.19
1789992000,84887.19,84896.01,84826.45,84894.01
1789992060,84894.01,84959.21,84892,84929.61
1789992120,84929.24,84937.71,84820,84896.01
1789992180,84896.01,84999,84876,84895.97
1789992240,84895.98,84984.65,84887.19,84984.65
1789992300,84984.65,85025.09,84964.87,85021.58
1789992360,85021.57,85100,85021.57,85075.46
1789992420,85075.47,85134.5,85002.05,85077.72
1789992480,85078.64,85171.46,85059.81,85171.45
1789992540,85171.46,85171.46,84947.94,84947.94
1789992600,84947.94,84965.05,84888,84929.97
1789992660,84929.96,85055.22,84913.11,85055.21
1789992720,85055.22,85089.43,85035.27,85055.48
1789992780,85055.48,85095.65,85047.4,85064.21
1789992840,85064.22,85078.22,85000.42,85000.49
1789992900,85000.49,85060,84980.69,85040.58
1789992960,85040.59,85096.11,85040.58,85046.52
1789993020,85046.52,85200,85025.29,85198.55
1789993080,85198.56,85200,85158.21,85172.59
1789993140,85172.6,85261.57,85161.42,85250.53
1789993200,85250.53,85289.99,85215.76,85244.51
1789993260,85244.51,85473.68,85190.96,85200.01
1789993320,85200.01,85200.01,85038.65,85174.83
1789993380,85174.82,85220.15,85161.66,85220.15
1789993440,85220.15,85274.77,85207.26,85233.1
1789993500,85233.02,85233.03,85145.19,85175.69
1789993560,85175.69,85187.42,85150.48,85150.5
1789993620,85150.51,85156.73,85052.21,85063.78
1789993680,85063.79,85075.61,85025.29,85061.92
1789993740,85061.93,85084.49,85032.43,85084.49
1789993800,85084.48,85092.98,85040.34,85085.38
1789993860,85085.38,85160.77,85040,85160.77
1789993920,85160.78,85223.25,85160.78,85201.81
1789993980,85201.81,85235,85159.8,85230.71
1789994040,85230.72,85271.63,85170.4,85251.72
1789994100,85251.72,85362.47,85251.71,85350
1789994160,85350,85414.25,85324.98,85335.48
1789994220,85335.26,85365.16,85290.31,85365.15
1789994280,85365.14,85365.14,85292.88,85312.71
1789994340,85312.7,85324.82,85235.73,85282.09
1789994400,85282.09,85319.45,85263.14,85311.04
1789994460,85311.04,85317.07,85193.54,85203.43
1789994520,85203.42,85203.42,85130.88,85168.13
1789994580,85168.13,85198.66,85122.57,85144.08
1789994640,85144.09,85290.37,85144.09,85290.37
1789994700,85290.36,85315.31,85185.99,85185.99
1789994760,85185.99,85216.6,85162.84,85162.85
1789994820,85162.85,85241.31,85162.84,85219.55
1789994880,85219.54,85263.14,85201.17,85249.51
1789994940,85249.51,85294.03,85244.53,85278.2
1789995000,85278.2,85295.51,85238.24,85238.24
1789995060,85238.24,85245.77,85225.58,85230.54
1789995120,85230.53,85250,85212.96,85230.96
1789995180,85230.64,85281.61,85212.97,85212.97
1789995240,85212.98,85296.53,85206.77,85296.53
1789995300,85296.52,85344.85,85293.86,85327.68
1789995360,85327.68,85344.85,85287.94,85287.94
1789995420,85287.95,85381.66,85287.94,85381.58
1789995480,85381.57,85422.38,85381.57,85418.26
1789995540,85418.27,85420,85322.99,85323
1789995600,85323,85324.67,85210,85222.3
1789995660,85222.31,85328.93,85222.3,85260.38
1789995720,85260.39,85360.09,85260.38,85342.09
1789995780,85342.08,85342.09,85267.53,85267.54
1789995840,85267.53,85267.54,85217.37,85230.52
1789995900,85230.53,85386.45,85230.52,85375.14
1789995960,85375.14,85449.93,85339.07,85430.51
1789996020,85430.51,85430.52,85357.14,85386.5
1789996080,85386.5,85398.75,85346.36,85346.36
1789996140,85346.36,85358.31,85318.71,85340.77
1789996200,85340.77,85347.87,85258.53,85258.54
1789996260,85258.53,85284.47,85224.49,85233.31
1789996320,85233.31,85247.52,85084.23,85092.34
1789996380,85092.34,85196.61,85090.29,85196.61
1789996440,85196.6,85209.38,85159.37,85169.14
1789996500,85169.15,85195.9,85139.45,85139.45
1789996560,85139.45,85150,85109.6,85116.17
1789996620,85116.16,85117.24,85105.52,85110.83
1789996680,85110.83,85130,85100.18,85111.59
1789996740,85111.59,85200,85111.58,85170.68
1789996800,85170.68,85176.34,85120.18,85166.67
1789996860,85166.67,85200,85149.32,85172.88
1789996920,85172.88,85219.44,85154.65,85154.67
1789996980,85154.67,85166.15,85102.26,85102.27
1789997040,85102.27,85112.27,85069.6,85073.41
1789997100,85073.41,85085.65,85009.6,85085.65
1789997160,85085.64,85148.3,85016.95,85038.84
1789997220,85038.84,85081.36,85000,85032.42
1789997280,85032.41,85032.41,84935.78,84985.31
1789997340,84985.31,85029,84926,84946.89
1789997400,84946.89,85058.1,84887.19,85040
1789997460,85039.99,85040,84828.7,85013.73
1789997520,85013.73,85100,84971.57,85053.01
1789997580,85053.02,85066.95,85001.8,85032.94
1789997640,85032.95,85171.46,85027.03,85164.11
1789997700,85164.11,85230,85071.38,85210.11
1789997760,85210.12,85230,84978.75,85008.7
1789997820,85008.71,85010.07,84919.84,84921.53
1789997880,84921.52,84982.21,84778,84950
1789997940,84948.38,85072.99,84888.7,85072.98
1789998000,85072.98,85122.36,85042.47,85071.23
1789998060,85071.23,85137.78,84984.44,85016.33
1789998120,85016.33,85138.77,85008.7,85047.09
1789998180,85047.1,85114.06,85031.32,85113.6
1789998240,85113.6,85123.9,84989.98,85080.58
1789998300,85080.57,85247.98,85038.63,85247.97
1789998360,85247.97,85384.01,85241.17,85363.19
1789998420,85363.19,85552.87,85350.14,85441.03
1789998480,85441.03,85554.99,85307.68,85385.59
1789998540,85385.59,85460.76,85318.53,85444.71
1789998600,85444.7,85691.21,85409.91,85678.88
1789998660,85678.88,85766.19,85661.86,85734.21
1789998720,85734.2,85845.27,85711.25,85711.25
1789998780,85711.25,85711.26,85459.21,85459.21
1789998840,85459.22,85528.65,85390.27,85407.26
1789998900,85407.26,85475.66,85333.15,85445.33
1789998960,85445.33,85614.21,85442.59,85614.21
1789999020,85614.2,85673.15,85563.8,85597.11
1789999080,85597.11,85597.11,85441.48,85490.57
1789999140,85490.58,85490.58,85418.81,85466.34
1789999200,85466.35,85494.74,85415.37,85460.56
1789999260,85460.57,85540.81,85457.4,85491.65
1789999320,85491.65,85536.18,85474.49,85510.6
1789999380,85510.6,85510.6,85312.47,85343.85
1789999440,85343.86,85363.98,85262.5,85299.52
1789999500,85299.45,85316.98,85084.64,85084.65
1789999560,85084.64,85216.02,85050,85179.86
1789999620,85179.86,85248.75,85095.55,85120.11
1789999680,85120.12,85190.97,85089.71,85190.96
1789999740,85190.96,85259.52,85190.96,85250.23
1789999800,85250.22,85377.23,85242.18,85312.48
1789999860,85312.48,85454.53,85312.48,85370.59
1789999920,85370.59,85391.7,85224.3,85253.37
1789999980,85253.37,85318.28,85228.53,85260.25
1790000040,85260.24,85359.84,85253.91,85321.82
1790000100,85321.82,85433.98,85229.82,85355.4
1790000160,85355.4,85436.94,85320.61,85436.94
1790000220,85436.94,85475,85400,85410.5
1790000280,85410.49,85440.45,85378.95,85380.02
1790000340,85380.01,85413.16,85367.49,85413.16
1790000400,85413.16,85453.28,85350,85350.01
1790000460,85350,85445.71,85350,85430.82
1790000520,85430.83,85638.18,85430.83,85638.18
1790000580,85638.17,85750.06,85614.2,85728.48
1790000640,85728.49,85775.42,85678.06,85716.74
1790000700,85716.74,85759.99,85632.14,85689.94
1790000760,85689.95,85737.75,85666.81,85698.16
1790000820,85698.16,85769.04,85694.76,85756.69
1790000880,85756.69,85787.39,85709.71,85719.51
1790000940,85719.52,85771.33,85701.64,85722.72
1790001000,85722.71,85727.99,85610.93,85631.53
1790001060,85631.54,85710.56,85629.68,85710.55
1790001120,85710.55,85798.5,85694.76,85798.49
1790001180,85798.5,85947.06,85798.49,85946.2
1790001240,85946.2,85998.87,85897.52,85995.66
1790001300,85995.65,85999.95,85923.07,85958.43
1790001360,85958.43,85999.95,85938.75,85984.55
1790001420,85984.55,85999.95,85906.17,85989.53
1790001480,85989.53,85990.65,85890.38,85899.67
1790001540,85899.68,85899.68,85779.83,85825.75
1790001600,85825.76,85825.76,85572.94,85669.98
1790001660,85669.98,85854.33,85669.98,85854.33
1790001720,85854.32,85861.86,85806.54,85812.68
1790001780,85812.69,85837.35,85747.23,85756.87
1790001840,85756.88,85799,85741.39,85799
1790001900,85799,85823.14,85698.12,85723.11
1790001960,85723.11,85776.05,85723.11,85769.72
1790002020,85769.72,85920.01,85769.72,85913.33
1790002080,85913.33,85957.93,85903.35,85908.48
1790002140,85908.48,85992.77,85876.15,85990.07
1790002200,85990.07,86101.8,85985.34,86055.84
1790002260,86055.85,86072.42,85978.36,86030.15
1790002320,86030.16,86125,86002.16,86124.89
1790002380,86124.89,86124.9,85962.78,85993.24
1790002440,85993.25,86096.53,85993.24,86073.01
1790002500,86073.01,86073.01,86011.54,86030.12
1790002560,86030.11,86030.11,85928.57,85968.46
1790002620,85968.47,85991.77,85841.96,85860.68
1790002680,85860.67,85860.67,85728.57,85808.52
1790002740,85808.52,85848.59,85798.86,85844.14
1790002800,85844.13,85945.66,85799.99,85900
1790002860,85900,85986.37,85899.99,85947.66
1790002920,85947.66,85992.51,85920,85992.39
1790002980,85992.39,85992.39,85948.77,85961.52
1790003040,85961.52,86022.29,85900,85992.51
1790003100,85992.51,86050,85992.14,86028.52
1790003160,86028.52,86030,85974.22,85980.72
1790003220,85980.72,86192.43,85980.72,86192.43
1790003280,86192.42,86344.7,86192.42,86262.47
1790003340,86262.46,86307.06,86195.59,86305.78
1790003400,86305.78,86333.33,86143.26,86143.26
1790003460,86143.26,86193.75,86102.28,86123.45
1790003520,86123.45,86287.29,86123.45,86287.28
1790003580,86287.29,86337.08,86228.95,86229.56
1790003640,86229.57,86320.19,86175.21,86289.14
1790003700,86289.14,86289.15,86175.22,86188.21
1790003760,86188.2,86200,86116.92,86134.09
1790003820,86134.09,86196.81,86106.44,86196.81
1790003880,86196.82,86222.11,86122.35,86190.91
1790003940,86190.9,86209.7,86129.86,86129.87
1790004000,86129.87,86129.87,86020.03,86069.08
1790004060,86069.08,86093.14,85993,86001.57
1790004120,86001.57,86092.73,85967.83,85989.44
1790004180,85989.43,86017.87,85967.91,85967.92
1790004240,85967.91,85967.92,85867.01,85875.49
1790004300,85875.48,85910,85867.03,85910
1790004360,85910,85910,85834.49,85849.44
1790004420,85849.44,85891.87,85816.96,85862.33
1790004480,85862.32,85862.33,85814.61,85817.16
1790004540,85817.16,85850,85814.94,85849.99
1790004600,85849.99,85930,85821.51,85868.76
1790004660,85868.76,85868.76,85804.36,85826.43
1790004720,85826.43,85884.83,85800,85874.36
1790004780,85874.37,85911.89,85842.65,85892.89
1790004840,85892.89,85915.9,85859.51,85878.13
1790004900,85878.12,85888.61,85820.76,85820.77
1790004960,85820.77,85935.48,85820.76,85881.53
1790005020,85881.53,85912.5,85810.01,85835.89
1790005080,85835.9,85943.33,85818.85,85943.32
1790005140,85943.32,85975.99,85927.79,85975.99
1790005200,85975.99,85985.65,85898.11,85898.11
1790005260,85898.12,85920.01,85855.16,85881
1790005320,85881,85945.41,85870.26,85932.53
1790005380,85932.54,85995.01,85932.52,85995.01
1790005440,85995.01,86119.99,85995,86119.99
1790005500,86119.99,86123.24,86050.67,86050.67
1790005560,86050.68,86108.57,86050.68,86083.96
1790005620,86083.95,86173.86,86083.95,86130.76
1790005680,86130.76,86179.76,86130.76,86134.96
1790005740,86134.95,86134.96,86057.88,86065.87
1790005800,86065.87,86144.23,86063.13,86139.68
1790005860,86139.68,86139.69,86059.2,86059.2
1790005920,86059.21,86098.71,85981.82,86076.11
1790005980,86076.11,86118.58,86018.03,86032.47
1790006040,86032.47,86046.94,85951.86,85952
1790006100,85952,86014.38,85936.26,86001.61
1790006160,86001.62,86035.8,85980.76,86026.62
1790006220,86026.63,86026.63,85927.99,85950
1790006280,85950,85965.18,85903.5,85920.36
1790006340,85920.35,85931.2,85916.06,85927.71
1790006400,85927.71,85948.77,85864.39,85910.99
1790006460,85910.99,85965.88,85897.1,85900
1790006520,85900,85935.37,85868.71,85909.68
1790006580,85909.68,85933.21,85835.17,85861.57
1790006640,85861.57,85869.26,85761.63,85769.2
1790006700,85769.19,85769.2,85721.1,85724.18
1790006760,85724.18,85740,85718.93,85725.44
1790006820,85725.44,85872.8,85673.04,85712.81
1790006880,85712.81,85791.36,85700.01,85713.98
1790006940,85713.98,85738.28,85700.51,85738.27
1790007000,85738.28,85824.47,85738.28,85814.66
1790007060,85814.66,85822.65,85750.3,85750.3
1790007120,85750.31,85750.31,85706.63,85708.09
1790007180,85708.09,85740.97,85708.09,85714.28
1790007240,85714.28,85727.31,85700,85727.3
1790007300,85727.3,85900,85727.3,85899.99
1790007360,85899.99,85899.99,85832.47,85898.57
1790007420,85898.56,85974.98,85788.83,85788.83
1790007480,85788.84,85852.14,85779.1,85779.1
1790007540,85779.1,85834.31,85751.1,85820.75
1790007600,85820.75,85820.75,85771.72,85792.86
1790007660,85792.86,85846.8,85754.17,85846.8
1790007720,85846.79,85888.44,85822.61,85849.75
1790007780,85849.75,85865.22,85785.36,85840
1790007840,85840,85840,85800,85830.94
1790007900,85832.13,85839.96,85806.53,85809.61
1790007960,85809.61,85813.65,85770,85813.65
1790008020,85813.64,85930.93,85812.27,85930.92
1790008080,85930.93,85961.3,85871.84,85871.85
1790008140,85871.85,85884.65,85846.89,85846.89
1790008200,85846.89,85922.21,85846.89,85922.21
1790008260,85922.21,85938,85907.56,85934.44
1790008320,85934.45,85957.12,85864.7,85882.13
1790008380,85882.14,85925.45,85834.32,85834.32
1790008440,85834.32,85834.33,85725.06,85736.83
1790008500,85736.82,85816.29,85736.82,85786.28
1790008560,85786.28,85786.28,85721.94,85751.73
1790008620,85751.72,85778.62,85751.72,85755.49
1790008680,85755.48,85755.48,85662.4,85675.67
1790008740,85675.66,85684.21,85634.12,85634.12
1790008800,85634.13,85686.63,85607.42,85686.63
1790008860,85686.63,85734.21,85685.25,85732.82
1790008920,85732.83,85795.05,85720.73,85792.22
1790008980,85792.22,85859.26,85781.91,85828.73
1790009040,85828.72,85859.26,85820.32,85857.2
1790009100,85857.21,85877.67,85842.13,85876.01
1790009160,85876.01,85933.26,85876,85933.26
1790009220,85933.26,85989.62,85923.97,85980.76
1790009280,85980.77,86000,85955.6,85983.17
1790009340,85983.17,86011.24,85955.94,86000
1790009400,86000,86029.5,85954.99,85989.81
1790009460,85989.8,85989.81,85893.93,85921.66
1790009520,85921.66,85941.75,85887.56,85927.5
1790009580,85927.5,85966.37,85927.5,85966.36
1790009640,85966.37,86010.36,85930,86010.35
1790009700,86010.36,86103.73,86010.36,86081.84
1790009760,86081.83,86081.84,86026.87,86026.88
1790009820,86026.87,86048.57,86022.83,86043.81
1790009880,86043.81,86043.81,85985.23,85985.23
1790009940,85985.23,85985.24,85961.91,85961.91
1790010000,85961.91,86013.49,85918.33,85989.67
1790010060,85989.67,86000,85963.83,85973.93
1790010120,85973.93,85994.23,85953.47,85958.98
1790010180,85958.98,85986.27,85950.39,85971.48
1790010240,85971.48,85971.48,85891.78,85902.18
1790010300,85902.18,85971.48,85902.18,85971.47
1790010360,85971.47,86035.95,85963.46,86028.39
1790010420,86028.39,86075.18,85980.77,86070.05
1790010480,86070.05,86108,86063.04,86102.68
1790010540,86102.68,86107.67,86044.53,86045.91
1790010600,86045.92,86064.38,86042.39,86048.24
1790010660,86048.23,86075.94,86034.5,86058.06
1790010720,86058.06,86066.25,86025.95,86032.85
1790010780,86032.81,86032.81,85969.37,85971.1
1790010840,85971.11,85991.32,85947.14,85950.14
1790010900,85950.14,85990.17,85950.14,85960.29
1790010960,85960.29,85968.66,85870.42,85870.42
1790011020,85870.43,85870.43,85754.7,85754.7
1790011080,85754.7,85799.73,85754.7,85768.96
1790011140,85768.97,85803.16,85768.96,85786.56
1790011200,85786.57,85797.29,85786,85797
1790011260,85797,85856.39,85796.99,85807.72
1790011320,85807.71,85812.41,85761.88,85773.01
1790011380,85773.01,85888.18,85773,85886.68
1790011440,85886.67,85931.69,85863.33,85863.33
1790011500,85863.34,85873.33,85841.34,85873.32
1790011560,85873.33,85885.75,85873.32,85876.53
1790011620,85876.53,85930.98,85852.6,85905.08
1790011680,85905.09,85908.21,85862.43,85878.02
1790011740,85878.02,85927.94,85878.02,85884.93
1790011800,85884.93,85890.26,85823.97,85885.75
1790011860,85885.75,85900.34,85855.79,85867.2
1790011920,85867.2,85920.01,85850,85920
1790011980,85920,85928.32,85875.16,85880.67
1790012040,85880.68,85920.05,85859.25,85859.26
1790012100,85859.26,85872.49,85834.49,85850.01
1790012160,85850.01,85890.12,85840.34,85890.12
1790012220,85890.11,85971.3,85885.98,85927.01
1790012280,85927,85940.95,85908.28,85925.03
1790012340,85925.04,85937.91,85901.08,85901.08
1790012400,85899.45,85932.99,85889.06,85891.38
1790012460,85891.38,85946.5,85891.38,85943.73
1790012520,85943.73,85943.74,85920,85920
1790012580,85920,85921.04,85881.24,85921.04
1790012640,85921.03,85921.04,85893.88,85893.89
1790012700,85893.89,85900.82,85832.03,85832.03
1790012760,85832.03,85856.56,85819.16,85843.26
1790012820,85843.27,85863.18,85827.94,85839.31
1790012880,85839.32,85859.26,85781.53,85855.45
1790012940,85855.45,85855.46,85815.55,85827.28
1790013000,85827.28,85844.9,85806.54,85818.21
1790013060,85818.22,85818.22,85774.12,85797.36
1790013120,85797.62,85845,85797.62,85838.05
1790013180,85838.05,85838.05,85723.73,85725.11
1790013240,85725.12,85733.82,85700.01,85706.51
1790013300,85706.51,85715.84,85667.5,85715.81
1790013360,85715.82,85777.7,85706.51,85775.04
1790013420,85775.04,85845,85775.03,85844.99
1790013480,85844.99,85875,85844.26,85874.99
1790013540,85875,85897.21,85862.43,85897.21
1790013600,85897.2,85920,85835.44,85835.45
1790013660,85835.44,85898.93,85812.54,85898.93
1790013720,85898.93,85898.93,85846.5,85846.5
1790013780,85846.51,85905,85846.51,85904.99
1790013840,85905,85971.77,85904.99,85971.77
1790013900,85971.77,85976.14,85947.81,85976.13
1790013960,85976.14,85992.01,85941.02,85992
1790014020,85992,86000,85957.87,85957.87
1790014080,85957.87,85973.44,85901.77,85908.95
1790014140,85908.95,85948.9,85908.94,85946.76
1790014200,85946.76,85974.52,85945.45,85955.48
1790014260,85955.48,86001,85955.47,86000.99
1790014320,86001,86001,85975,85975
1790014380,85975.01,86010.48,85975,86010.47
1790014440,86010.48,86010.48,85986.87,85987.64
1790014500,85987.64,86055.69,85987.64,86055.47
1790014560,86055.47,86071.19,86034.44,86034.44
1790014620,86034.45,86034.45,86012.1,86031.16
1790014680,86031.15,86044.38,86015.25,86030.97
1790014740,86030.98,86064,86030.97,86054.62
1790014800,86054.62,86064.57,85994.69,86012.45
1790014860,86012.45,86053.11,86012.45,86041.51
1790014920,86041.51,86041.51,86005.37,86028.84
1790014980,86028.85,86046.08,85999.31,86000.01
1790015040,86000,86013.78,85927.37,85937.6
1790015100,85937.6,85970.92,85916.14,85939.76
1790015160,85939.76,85962.27,85929.95,85943.07
1790015220,85943.08,85979.04,85920,85968.64
1790015280,85968.65,85968.65,85891.73,85906
1790015340,85906.01,85933.19,85891.73,85923.02
1790015400,85923.01,85945.37,85920,85922.77
1790015460,85922.76,85980,85920,85920.01
1790015520,85920.01,85937.62,85920,85937.43
1790015580,85937.44,85937.44,85916.79,85916.79
1790015640,85916.79,85916.8,85889.14,85901.8
1790015700,85901.79,85919.54,85896.53,85901.87
1790015760,85901.86,85936.6,85901.86,85936.59
1790015820,85936.6,85936.6,85800,85868.44
1790015880,85868.65,85897.45,85841.57,85894.69
1790015940,85894.7,85971.01,85894.69,85956.64
1790016000,85956.65,85962.26,85921.65,85929.62
1790016060,85929.63,85929.63,85909.7,85929.62
1790016120,85929.62,85967.67,85920,85967.66
1790016180,85967.66,85980.77,85944.12,85980.76
1790016240,85980.77,85980.77,85923.13,85923.13
1790016300,85923.14,85960.1,85923.14,85952.28
1790016360,85952.29,85971.78,85897.03,85897.03
1790016420,85897.03,85963.79,85886.15,85963.79
1790016480,85963.79,85972.61,85949.01,85955.91
1790016540,85955.91,85988.79,85955.9,85988.78
1790016600,85988.79,85988.79,85957.57,85980.76
1790016660,85980.77,85989.54,85980.76,85989.36
1790016720,85989.37,85991,85989.36,85990.99
1790016780,85990.99,86045,85990.99,86044.99
1790016840,86045,86063.36,86033.72,86037.85
1790016900,86037.85,86054.71,86037.85,86054.7
1790016960,86054.71,86054.71,86045.68,86045.69
1790017020,86045.69,86046,86045.68,86045.98
1790017080,86045.98,86046,86045.98,86046
1790017140,86046,86051.75,86045.99,86051.75
1790017200,86051.75,86067.95,86051.75,86067.94
1790017260,86067.94,86067.95,86066.67,86066.67
1790017320,86066.67,86066.68,86029.89,86052.58
1790017380,86052.58,86052.59,86011.55,86011.55
1790017440,86011.56,86022.69,86000.5,86000.5
1790017500,86000.5,86017.46,85987.36,85987.37
1790017560,85987.37,86041.52,85980.76,86041.51
1790017620,86041.51,86049,85994.27,86024.4
1790017680,86024.4,86060,86024.4,86047.49
1790017740,86047.49,86047.5,86011.81,86011.82
1790017800,86011.82,86011.82,85982.31,85986.63
1790017860,85986.64,86043.69,85986.63,86043.68
1790017920,86043.69,86047.5,86040.55,86047.5
1790017980,86047.49,86052.23,86044.02,86052.22
1790018040,86052.22,86061.97,86049.51,86055.65
1790018100,86055.66,86067.89,86045.7,86065.12
1790018160,86065.13,86120.01,86065.12,86120
1790018220,86120.01,86200,86120.01,86193.2
1790018280,86193.2,86250,86188.76,86240.95
1790018340,86240.96,86317.96,86239.65,86314.17
1790018400,86314.17,86462.24,86277.94,86337.81
1790018460,86337.81,86406.04,86334.69,86396.45
1790018520,86396.44,86396.45,86271.77,86292.53
1790018580,86292.52,86294.91,86156.5,86221.2
1790018640,86221.2,86289.79,86221.19,86237.97
1790018700,86238.01,86279.33,86228.11,86252.89
1790018760,86252.89,86292.2,86252.89,86268.06
1790018820,86268.06,86321.82,86268.06,86314.31
1790018880,86314.3,86344.96,86279.66,86286.03
1790018940,86286.05,86372.67,86284.52,86372.66
1790019000,86372.67,86372.67,86318.07,86334
1790019060,86334,86422.74,86334,86406.03
1790019120,86406.03,86500,86406.03,86454.7
1790019180,86454.7,86689.53,86454.7,86605.89
1790019240,86605.89,86888,86601.72,86841.83
1790019300,86841.83,86895.7,86654.7,86686.16
1790019360,86686.16,86720.56,86622.32,86709.18
1790019420,86709.18,86709.19,86572.34,86580.52
1790019480,86580.52,86610.24,86560.13,86587.53
1790019540,86587.53,86619.54,86571.03,86590.98
1790019600,86590.98,86636.63,86583.59,86612.17
1790019660,86612.18,86689.32,86519.31,86519.32
1790019720,86519.32,86572.2,86507.91,86516.01
1790019780,86516,86516.01,86483.14,86501.75
1790019840,86501.75,86583.93,86501.74,86577.63
1790019900,86577.64,86588.3,86552.58,86588.3
1790019960,86588.3,86619.18,86488,86499.47
1790020020,86499.46,86532.16,86488,86505.68
1790020080,86505.68,86510.82,86494.97,86510.82
1790020140,86510.81,86544.8,86474.42,86537.69
1790020200,86537.68,86559.84,86486.22,86550.31
1790020260,86550.31,86551.28,86527.85,86527.86
1790020320,86527.85,86540.87,86494.07,86494.08
1790020380,86494.07,86524.45,86480.85,86510.81
1790020440,86510.81,86510.81,86480.06,86497.58
1790020500,86497.59,86642.72,86497.59,86627.53
1790020560,86627.53,86637.69,86596.67,86637.69
1790020620,86637.68,86670.15,86628.88,86645.33
1790020680,86645.33,86646.16,86589.13,86608.98
1790020740,86608.98,86613.14,86483.98,86490.11
1790020800,86490.11,86570.93,86490.11,86558.76
1790020860,86558.77,86686.05,86558.76,86686.05
1790020920,86686.04,86686.05,86661.08,86663.75
1790020980,86663.75,86700,86663.74,86672.84
1790021040,86672.83,86672.84,86631.81,86662.31
1790021100,86662.3,86708.02,86630.98,86630.99
1790021160,86630.98,86660.62,86624.6,86660.62
1790021220,86660.62,86758.88,86660.61,86714.94
1790021280,86714.95,86738.46,86686.04,86738.46
1790021340,86738.45,86742.97,86698.77,86702.94
1790021400,86702.94,86733.96,86696.42,86733.96
1790021460,86733.97,86799.9,86722.03,86799.89
1790021520,86799.89,86799.9,86765.97,86765.97
1790021580,86765.97,86783.57,86765.97,86783.56
1790021640,86783.56,86783.57,86750.4,86750.4
1790021700,86750.41,86750.41,86707.58,86737.45
1790021760,86737.44,86737.45,86737.44,86737.44
1790021820,86737.45,86762.54,86723.17,86762.54
1790021880,86762.54,86990,86762.54,86971.26
1790021940,86971.26,87000,86935.99,86991.81
1790022000,86991.81,87012,86897.75,86909.45
1790022060,86909.46,87013.58,86883.46,86995.63
1790022120,86995.63,87000,86895.14,86915.95
1790022180,86915.95,87013.58,86915.95,86987.55
1790022240,86987.55,87010.01,86963.05,86974.77
1790022300,86974.76,86974.77,86877.9,86883.37
1790022360,86883.38,87385.01,86883.38,87348.89
1790022420,87348.88,87393,87230.31,87291.8
1790022480,87291.8,87385.27,87256.63,87339.57
1790022540,87339.57,87395.67,87244.64,87278.42
1790022600,87278.42,87303.49,87013.57,87034.55
1790022660,87034.54,87075.5,87021.17,87046.36
1790022720,87046.36,87155,87046.36,87149.24
1790022780,87149.24,87168.25,87035.9,87040.52
1790022840,87040.52,87053.13,86984.34,87031.37
1790022900,87031.37,87032.25,87001.64,87011.73
1790022960,87011.29,87053.13,86962.78,87053.12
1790023020,87053.12,87074.33,87007.69,87038.08
1790023080,87038.07,87038.08,87003.03,87027.16
1790023140,87027.16,87027.16,86928.67,86941.88
1790023200,86941.89,86955,86911.53,86911.54
1790023260,86911.53,86979,86895.95,86906.98
1790023320,86906.98,86959.34,86900,86947.39
1790023380,86947.4,86999,86947.39,86995.35
1790023440,86995.34,86995.35,86900.42,86949
1790023500,86948.99,86963.74,86906.83,86927.09
1790023560,86927.09,86983.18,86927.09,86936.49
1790023620,86936.49,86936.5,86901.77,86906.69
1790023680,86906.69,86936.49,86882.31,86904.4
1790023740,86904.39,86904.4,86863.44,86863.44
1790023800,86863.44,86913.45,86863.44,86913.45
1790023860,86913.45,87034.83,86913.44,86993.34
1790023920,86993.34,87024.22,86986.08,87020.77
1790023980,87020.78,87020.78,86973.51,86987.88
1790024040,86987.55,86989.49,86941.83,86951.38
1790024100,86951.38,86973.51,86935.46,86968.99
1790024160,86969,86996.56,86963.46,86963.46
1790024220,86963.46,87045.54,86955.28,87045.54
1790024280,87045.53,87086.75,86945.97,86955.47
1790024340,86955.46,87011.76,86938.23,87001.68
1790024400,87001.68,87001.68,86922.03,86929.13
1790024460,86929.14,86929.14,86803.25,86853.55
1790024520,86853.54,86863.14,86821.94,86821.94
1790024580,86821.94,86821.94,86757.19,86776.65
1790024640,86776.66,86827.1,86750.07,86750.08
1790024700,86750.08,86767.19,86682.88,86736.71
1790024760,86736.09,86755.52,86685.54,86709.83
1790024820,86709.84,86709.84,86666.66,86666.67
1790024880,86666.66,86668.8,86651.18,86667.41
1790024940,86667.41,86680.01,86631.24,86631.25
1790025000,86631.24,86648.21,86617.8,86648.21
1790025060,86648.21,86669.17,86638.07,86638.08
1790025120,86638.07,86666.89,86638.06,86653.19
1790025180,86653.19,86653.2,86600,86603.26
1790025240,86603.27,86603.27,86594.75,86594.76
1790025300,86594.75,86639.81,86573.27,86639.03
1790025360,86639.03,86665.13,86614.32,86663.73
1790025420,86663.72,86663.73,86620.01,86621.4
1790025480,86621.41,86658.79,86621.4,86658.78
1790025540,86658.78,86658.79,86600.01,86600.01
1790025600,86600.01,86600.02,86537.53,86545.59
1790025660,86545.59,86661.48,86545.59,86661.47
1790025720,86661.47,86704.15,86621.22,86621.22
1790025780,86621.23,86633.63,86583.79,86633.61
1790025840,86633.6,86682.87,86630.82,86682.86
1790025900,86682.87,86687.94,86639.19,86657.04
1790025960,86657.03,86660.92,86644.99,86644.99
1790026020,86644.99,86645,86599.16,86607.8
1790026080,86607.81,86649.05,86607.8,86649.05
1790026140,86649.05,86649.05,86625.94,86625.94
1790026200,86625.94,86672.82,86625.94,86672.81
1790026260,86672.82,86701.01,86658.57,86701
1790026320,86701,86729.22,86701,86729.21
1790026380,86729.22,86795.41,86729.22,86780.94
1790026440,86780.95,86840.65,86780.94,86826.35
1790026500,86826.35,86839.54,86813.45,86839.54
1790026560,86839.54,86839.54,86758.67,86769
1790026620,86769,86810.64,86768.99,86805.99
1790026680,86806,86822.14,86776.27,86803.43
1790026740,86803.43,86823.38,86793.29,86810.74
1790026800,86810.74,86810.74,86770.55,86786.05
1790026860,86786.05,86811.6,86781.36,86811.6
1790026920,86811.61,86870.62,86811.61,86857.89
1790026980,86857.89,86857.89,86790.32,86794.43
1790027040,86794.43,86801.43,86790.33,86790.35
1790027100,86790.35,86790.35,86770.55,86770.56
1790027160,86770.55,86770.56,86688.06,86705.47
1790027220,86705.48,86717.83,86705.47,86717.83
1790027280,86717.83,86717.83,86714.99,86714.99
1790027340,86715,86715,86649.99,86650.59
1790027400,86650.59,86650.7,86650.58,86650.7
1790027460,86650.69,86650.7,86649.99,86650
1790027520,86650,86650,86590,86592
1790027580,86592.01,86594.34,86592,86594.34
1790027640,86594.33,86595.46,86594.33,86595.46
1790027700,86595.46,86595.46,86591.1,86591.11
1790027760,86591.1,86618.19,86591.1,86618.19
1790027820,86618.19,86625.82,86618.18,86625.82
1790027880,86625.81,86642.92,86625.06,86625.06
1790027940,86625.07,86625.07,86588.29,86588.29
1790028000,86588.29,86619.57,86588.29,86591.06
1790028060,86591.06,86607.74,86576.21,86607.73
1790028120,86607.73,86677.7,86588.3,86674.06
1790028180,86674.05,86686.82,86628.31,86653.05
1790028240,86653.06,86700,86653.06,86696.23
1790028300,86696.23,86711.27,86625,86628.8
1790028360,86628.8,86628.8,86572.34,86611.72
1790028420,86611.71,86611.72,86571.97,86571.97
1790028480,86571.97,86602.54,86570,86602.53
1790028540,86602.53,86602.54,86570,86570
1790028600,86570,86584.93,86550,86557.8
1790028660,86557.81,86600.03,86553.93,86600.02
1790028720,86600.02,86612.02,86570.64,86599.09
1790028780,86599.09,86633.75,86578.32,86633.75
1790028840,86633.75,86654.76,86618.8,86622.02
1790028900,86622.01,86652.01,86614,86652.01
1790028960,86652,86697.39,86652,86675.8
1790029020,86674.53,86758.01,86674.53,86746.01
1790029080,86746,86746.01,86694,86712.01
1790029140,86712,86721.06,86684,86686.78
1790029200,86686.78,86686.79,86634.52,86634.53
1790029260,86634.53,86697.74,86634.52,86637.88
1790029320,86637.87,86643.93,86593.99,86594
1790029380,86593.99,86594,86531.25,86556.01
1790029440,86556.01,86581.02,86542.01,86542.01
1790029500,86542.02,86559.21,86500,86559.21
1790029560,86559.21,86559.21,86500,86500
1790029620,86500,86502.28,86468.78,86481.36
1790029680,86481.37,86481.37,86373.27,86373.9
1790029740,86373.89,86418.95,86373.89,86418.95
1790029800,86418.95,86451.56,86418.95,86451.56
1790029860,86451.56,86461.26,86389.36,86411.42
1790029920,86411.43,86442.94,86411.42,86412.35
1790029980,86412.34,86436.02,86397.4,86436.01
1790030040,86436.01,86550,86434.62,86550
1790030100,86550,86550,86486.04,86486.04
1790030160,86486.04,86540.54,86486.04,86510.87
1790030220,86510.87,86597.61,86510.87,86597.61
1790030280,86597.61,86597.61,86532.75,86532.76
1790030340,86532.76,86532.76,86495.11,86507.45
1790030400,86507.45,86512.21,86495.22,86496.5
1790030460,86496.51,86512.21,86470.22,86470.23
1790030520,86470.23,86470.23,86430,86436.82
1790030580,86436.82,86461.4,86424.17,86424.18
1790030640,86424.18,86428.49,86417.45,86428.29
1790030700,86428.29,86428.29,86403.49,86403.49
1790030760,86403.49,86403.5,86386,86388.19
1790030820,86388.19,86388.2,86364,86366.77
1790030880,86366.77,86366.78,86349.91,86349.99
1790030940,86349.99,86350,86304.91,86334.9
1790031000,86334.9,86375.28,86334.9,86374.99
1790031060,86374.99,86380.82,86295.78,86307.27
1790031120,86307.26,86392.01,86300,86392.01
1790031180,86392.01,86398.01,86352,86352.01
1790031240,86352.01,86386.93,86352,86386.93
1790031300,86386.93,86402.33,86386.93,86402.01
1790031360,86402.02,86403.5,86380,86392.01
1790031420,86392.01,86392.01,86384.01,86384.01
1790031480,86384,86417.53,86376,86417.52
1790031540,86417.53,86454.01,86417.53,86453.74
1790031600,86453.73,86453.73,86416.63,86449.99
1790031660,86449.99,86475.59,86448.87,86464.02
1790031720,86464.02,86504.01,86464.01,86503.64
1790031780,86503.64,86569.75,86503.63,86558.04
1790031840,86558.04,86571.3,86543.04,86571.29
1790031900,86571.29,86588.3,86552,86556
1790031960,86556,86623.92,86556,86588.3
1790032020,86588.29,86613.45,86573.55,86604.03
1790032080,86604.03,86604.04,86570,86596
1790032140,86596.01,86596.01,86554,86554.01
1790032200,86554.01,86623.92,86530.35,86623.91
1790032260,86623.92,86649.03,86602.97,86636.25
1790032320,86636.25,86671.05,86592.01,86671.04
1790032380,86671.04,86696.74,86671.04,86696.74
1790032440,86696.74,86696.74,86649.17,86649.18
1790032500,86649.17,86697.52,86649.17,86658.16
1790032560,86658.17,86658.17,86600,86612.77
1790032620,86612.76,86612.77,86600.27,86600.28
1790032680,86600.27,86632.94,86600.27,86604.71
1790032740,86604.7,86604.71,86579.29,86579.29
1790032800,86579.3,86579.3,86555.71,86564.01
1790032860,86564.01,86610.3,86564,86575
1790032920,86575,86580.01,86562,86562.01
1790032980,86562,86566.01,86548,86548
1790033040,86548,86548.01,86534.01,86545.36
1790033100,86545.35,86545.36,86522,86522
1790033160,86522,86522.01,86522,86522
1790033220,86522,86522.01,86508,86508
1790033280,86508,86508,86502.3,86502.31
1790033340,86502.3,86505.16,86500,86500
1790033400,86500.01,86500.01,86472.44,86476.61
1790033460,86476.61,86476.62,86458,86458
1790033520,86458,86484,86420,86468.01
1790033580,86468.01,86468.01,86424,86426
1790033640,86426,86446.01,86412,86434.01
1790033700,86434,86434,86364.05,86364.05
1790033760,86364.05,86408.01,86364.05,86408.01
1790033820,86408.01,86458.01,86408.01,86433.38
1790033880,86433.38,86433.38,86390.01,86430.6
1790033940,86430.6,86434.01,86416,86434.01
1790034000,86434.01,86500,86434.01,86491.66
1790034060,86491.65,86518.01,86486.05,86493.48
1790034120,86493.48,86530,86466.79,86529.99
1790034180,86530,86530,86518,86518
1790034240,86518.01,86518.01,86462,86462.01
1790034300,86462.01,86462.01,86460.43,86460.44
1790034360,86460.44,86490.01,86438.13,86490
1790034420,86490.01,86490.01,86461.25,86461.25
1790034480,86461.25,86472.01,86450,86471.95
1790034540,86471.96,86496.01,86471.95,86495.99
1790034600,86496,86510.51,86485.36,86510.5
1790034660,86510.5,86570.01,86510.5,86550.01
1790034720,86550.01,86570,86526.52,86560.72
1790034780,86560.73,86560.73,86527.54,86538.74
1790034840,86538.74,86575.28,86519.47,86575.27
1790034900,86575.28,86608.72,86575.28,86604.76
1790034960,86604.76,86611.99,86588.29,86588.29
1790035020,86588.29,86596.27,86575.28,86596.26
1790035080,86596.26,86654.64,86596.26,86624.84
1790035140,86624.85,86625.82,86620,86620
1790035200,86620.01,86625.82,86575,86576.01
1790035260,86576.01,86576.01,86550,86550.01
1790035320,86550,86550.01,86480,86480.01
1790035380,86480.01,86480.01,86444.01,86444.02
1790035440,86444.02,86444.02,86387.92,86416.02
1790035500,86416.01,86493.56,86416.01,86488
1790035560,86488,86488,86345.32,86354.15
1790035620,86354.15,86398.01,86320.57,86321.52
1790035680,86321.52,86362.01,86321.51,86354.67
1790035740,86354.67,86377.71,86292.31,86326
1790035800,86326.01,86380.87,86326.01,86364.01
1790035860,86364.01,86406.04,86348,86396.81
1790035920,86396.81,86428,86396.81,86426
1790035980,86426,86445.21,86396,86434.01
1790036040,86434.01,86486.73,86434.01,86478.16
1790036100,86478.16,86497.93,86428,86496
1790036160,86496,86496.01,86466.79,86466.8
1790036220,86466.79,86474.01,86406.03,86406.03
1790036280,86406.03,86406.03,86384,86396
1790036340,86396.01,86464.63,86396.01,86460
1790036400,86460.01,86460.01,86388,86388
1790036460,86388.01,86410.23,86388,86410.22
1790036520,86410.23,86471.77,86410.22,86471.77
1790036580,86471.77,86471.77,86406.03,86406.03
1790036640,86406.04,86406.04,86366.98,86378.22
1790036700,86378.22,86405.07,86374,86398.01
1790036760,86398,86409.92,86345.28,86352.01
1790036820,86352.01,86406.04,86333,86406.03
1790036880,86406.04,86429.71,86406.03,86409.97
1790036940,86409.98,86445.06,86398,86406.97
1790037000,86406.98,86497.95,86398,86497.95
1790037060,86497.95,86497.95,86436,86436.01
1790037120,86436.01,86484.01,86426,86476
1790037180,86476.01,86517.12,86476.01,86479.78
1790037240,86479.77,86498.59,86460.64,86473.72
1790037300,86473.72,86474.01,86426.01,86426.02
1790037360,86426.01,86426.02,86398,86398.01
1790037420,86398,86430.01,86328.24,86336.01
1790037480,86336,86336,86300,86312.85
1790037540,86312.85,86356.8,86275.09,86275.1
1790037600,86275.09,86299.82,86159.09,86178.67
1790037660,86178.67,86272.01,86156.2,86272.01
1790037720,86272,86278.01,86223.77,86278.01
1790037780,86278.01,86314,86269.86,86305.72
1790037840,86305.72,86357.77,86305.72,86357.77
1790037900,86357.78,86411.55,86330,86330.01
1790037960,86330.01,86330.01,86252,86252.01
1790038020,86252.01,86275.98,86233.07,86249.99
1790038080,86249.99,86298.66,86249.99,86298.66
1790038140,86298.66,86303.42,86190.01,86236.81
1790038200,86236.82,86257.13,86141.88,86164
1790038260,86164.01,86187.14,86141.88,86187.13
1790038320,86187.14,86187.14,86122.01,86132.35
1790038380,86132.35,86144.03,86100.47,86115.86
1790038440,86115.86,86169.23,86098.36,86151.57
1790038500,86151.57,86174.31,85933.96,85933.96
1790038560,85933.97,85998.01,85933.96,85957.13
1790038620,85957.13,85957.13,85908.71,85932.12
1790038680,85932.13,85941.66,85867.68,85899.98
1790038740,85899.99,85931.55,85868.92,85890.71
1790038800,85890.72,85973.79,85882.61,85895.6
1790038860,85895.59,85948.26,85859.25,85911.8
1790038920,85911.8,85920,85764.09,85787.09
1790038980,85787.09,85794.11,85681.85,85699.07
1790039040,85699.07,85719.99,85680,85680.02
1790039100,85680.02,85742.11,85602.87,85699.09
1790039160,85699.09,85859.26,85699.09,85827.61
1790039220,85827.61,85850,85799.86,85800.28
1790039280,85800.28,85850,85772.26,85850
1790039340,85850,85908.56,85828.48,85906.25
1790039400,85906.25,85914.22,85861.45,85883.48
1790039460,85883.47,85883.47,85804.86,85831.94
1790039520,85831.94,85848.09,85807.52,85845.35
1790039580,85845.34,85845.34,85775.5,85775.5
1790039640,85775.51,85796.49,85729.96,85786.21
1790039700,85780.02,85876.53,85760.58,85876.52
1790039760,85876.53,85876.53,85737.74,85737.75
1790039820,85737.74,85737.74,85695.16,85695.16
1790039880,85695.16,85695.16,85469.53,85469.53
1790039940,85469.54,85577.25,85395.27,85577.25
1790040000,85577.25,85641.43,85565.47,85599.09
1790040060,85599.08,85613.38,85492.35,85613.37
1790040120,85613.37,85650.84,85570.72,85600
1790040180,85600,85661.77,85594.55,85616.23
1790040240,85616.23,85680.54,85607.71,85680.54
1790040300,85680.54,85690,85609.92,85609.92
1790040360,85609.92,85657.08,85577.05,85657.08
1790040420,85657.07,85708.34,85651.9,85674.12
1790040480,85674.13,85689.24,85663.95,85689.23
1790040540,85689.23,85772.81,85689.23,85772.81
1790040600,85772.8,85773.27,85697.92,85727.14
1790040660,85727.14,85798.5,85727.14,85784.58
1790040720,85784.57,85796.93,85757.17,85769.64
1790040780,85769.64,85833.82,85769.64,85799.87
1790040840,85799.88,85840,85799.87,85814.33
1790040900,85814.33,85819.92,85769.93,85789.6
1790040960,85789.6,85832.5,85789.59,85828.36
1790041020,85828.37,85829.75,85737.74,85737.75
1790041080,85737.75,85752.81,85663.96,85663.97
1790041140,85663.96,85677.63,85636.44,85677.63
1790041200,85677.62,85725.02,85655.25,85725.02
1790041260,85725.01,85725.02,85671.2,85690.57
1790041320,85690.57,85724.43,85672.29,85724.42
1790041380,85724.42,85724.42,85662.7,85674.73
1790041440,85674.72,85693.13,85666.3,85681.72
1790041500,85681.71,85723.9,85681.71,85693.92
1790041560,85693.93,85693.93,85661.6,85676.12
1790041620,85676.12,85697.62,85659.69,85667.26
1790041680,85667.27,85679.57,85650,85652.48
1790041740,85652.48,85652.48,85588,85595.24
1790041800,85595.24,85595.25,85555.48,85556.86
1790041860,85556.86,85660,85552.78,85660
1790041920,85660,85660.74,85641.95,85659.33
1790041980,85659.34,85661.61,85611.1,85626.3
1790042040,85626.29,85642.51,85617.73,85642.5
1790042100,85642.51,85677,85642.51,85665.8
1790042160,85665.8,85667.92,85621.83,85628.64
1790042220,85628.65,85644.63,85590.4,85590.41
1790042280,85590.41,85590.41,85559.79,85561.17
1790042340,85561.17,85616.24,85539.38,85616.23
1790042400,85616.23,85625.85,85599.85,85599.85
1790042460,85599.85,85599.85,85513.1,85513.1
1790042520,85513.11,85594.01,85500,85594.01
1790042580,85594.02,85635.44,85539.93,85540
1790042640,85540,85551.81,85515.78,85536.07
1790042700,85536.07,85547.65,85519.42,85528.38
1790042760,85528.39,85627.7,85528.38,85626.74
1790042820,85626.73,85652.38,85612.75,85652.37
1790042880,85652.37,85698.79,85645.56,85645.56
1790042940,85645.56,85645.57,85513.39,85575.61
1790043000,85575.61,85575.61,85507.46,85507.47
1790043060,85507.47,85528.68,85449.24,85491.95
1790043120,85491.95,85491.95,85300,85453.45
1790043180,85453.44,85555.14,85453.44,85555.14
1790043240,85555.14,85663.78,85555.14,85605.08
1790043300,85605.09,85645,85575.89,85645
1790043360,85645,85663.67,85616.83,85663.66
1790043420,85663.67,85686.7,85570.87,85570.88
1790043480,85570.88,85607.52,85527.17,85607.29
1790043540,85607.3,85627.15,85602.6,85602.61
1790043600,85602.61,85602.61,85555.53,85568.75
1790043660,85568.76,85568.76,85518.62,85539.23
1790043720,85539.23,85657.78,85539.23,85657.77
1790043780,85657.78,85688.55,85628.11,85628.11
1790043840,85628.12,85686.53,85628.12,85645.87
1790043900,85645.86,85711.61,85645.86,85697.44
1790043960,85697.45,85735.09,85697.45,85735.09
1790044020,85735.08,85773.56,85714,85767.18
1790044080,85767.18,85845.8,85767.18,85798.49
1790044140,85798.49,85798.5,85744,85744
1790044200,85744,85783.39,85713.73,85713.74
1790044260,85713.73,85713.74,85680,85680
1790044320,85680,85680.01,85644,85664.01
1790044380,85664.01,85710.82,85664.01,85699.99
1790044440,85699.99,85727.45,85699.99,85726.06
1790044500,85726.07,85762.13,85726.06,85748.2
1790044560,85748.2,85791.63,85737.74,85791.63
1790044620,85791.62,85842.04,85791.62,85813.7
1790044680,85813.7,85833.51,85802,85802
1790044740,85802,85810.73,85770.65,85781.47
1790044800,85781.47,85806.98,85781.47,85789.7
1790044860,85789.7,85798.59,85746.6,85798.58
1790044920,85798.59,85815,85798.58,85805.01
1790044980,85805.01,85845.6,85805,85814.99
1790045040,85814.99,85836.31,85802.43,85812.52
1790045100,85812.51,85812.52,85786.98,85790.5
1790045160,85790.5,85808.25,85762.39,85802.6
1790045220,85802.6,85809.76,85769.98,85809.76
1790045280,85809.75,85875.01,85809.75,85875
1790045340,85875.01,85879.25,85813.32,85813.32
1790045400,85813.32,85822.87,85718.08,85745.61
1790045460,85745.61,85781.43,85700.21,85712.34
1790045520,85712.33,85739.09,85694,85694.01
1790045580,85694,85701.48,85678.8,85678.81
1790045640,85678.81,85705.64,85666.61,85705.64
1790045700,85705.64,85722.99,85673.68,85673.69
1790045760,85673.68,85758.01,85666.14,85747.98
1790045820,85747.97,85747.97,85708.73,85724.54
1790045880,85724.54,85758.01,85724.54,85758
1790045940,85758.01,85758.01,85714.9,85714.9
1790046000,85714.91,85750.01,85700.76,85750
1790046060,85750.01,85750.01,85636,85636
1790046120,85636,85708.57,85607.66,85708.56
1790046180,85708.56,85744.01,85685.99,85706
1790046240,85706,85728.01,85700,85728.01
1790046300,85728.01,85728.01,85678.81,85678.82
1790046360,85678.82,85686,85676.99,85676.99
1790046420,85677,85677,85600,85600
1790046480,85600,85676.98,85600,85676.97
1790046540,85676.97,85676.97,85587.27,85598.47
1790046600,85598.47,85602.92,85543.2,85543.2
1790046660,85543.21,85576.22,85543.21,85548
1790046720,85548,85601.33,85453,85480.6
1790046780,85480.6,85540.05,85480.6,85522.01
1790046840,85522,85548,85522,85544.03
1790046900,85544.02,85596.01,85544.02,85583.26
1790046960,85583.27,85583.27,85438.01,85438.02
1790047020,85438.02,85464,85433.97,85458
1790047080,85458.01,85525.23,85454.01,85522
1790047140,85522,85538.01,85465.52,85496.01
1790047200,85496,85496.01,85388.01,85396.18
1790047260,85396.19,85470.01,85396.19,85452.01
1790047320,85452.01,85452.01,85359.73,85359.73
1790047380,85359.72,85388.65,85300.01,85388.64
1790047440,85388.64,85432.01,85388.64,85390.38
1790047500,85390.37,85474.52,85370,85474.52
1790047560,85474.52,85544.01,85474.51,85544
1790047620,85544,85614.86,85544,85614.85
1790047680,85614.86,85630.77,85597.66,85629.39
1790047740,85629.38,85646.01,85594,85612
1790047800,85612.01,85612.01,85547.12,85547.12
1790047860,85547.13,85566.78,85421.16,85498.01
1790047920,85498.01,85545.23,85464,85528.01
1790047980,85528.01,85544.19,85494.73,85526.01
1790048040,85526.01,85545.23,85520,85542.01
1790048100,85542.01,85564.86,85526,85561.1
1790048160,85561.11,85561.11,85536,85536
1790048220,85536,85546.02,85511.98,85514.01
1790048280,85514,85514.01,85490,85511.98
1790048340,85511.99,85515.94,85484.01,85484.01
1790048400,85484,85490.44,85427.33,85427.33
1790048460,85427.33,85480.39,85427.33,85480.38
1790048520,85480.37,85495.5,85474.22,85474.22
1790048580,85474.22,85476.42,85446,85476.41
1790048640,85476.41,85500.01,85476.41,85486.84
1790048700,85486.84,85510.01,85466.18,85510
1790048760,85510,85517.29,85510,85514.54
1790048820,85514.55,85521.15,85513.17,85521.14
1790048880,85521.14,85521.15,85492,85494.74
1790048940,85494.73,85548.01,85494.73,85548
1790049000,85548.01,85555,85521.41,85528.28
1790049060,85528.28,85534.01,85516,85522.83
1790049120,85522.84,85522.84,85494.74,85494.74
1790049180,85494.74,85506.84,85486,85506.84
1790049240,85506.85,85514.01,85506,85506.31
1790049300,85506.3,85566.01,85506.3,85566
1790049360,85566.01,85582.37,85566.01,85581.11
1790049420,85581.12,85616.24,85581.11,85616.23
1790049480,85616.24,85648.01,85616.23,85637.73
1790049540,85637.73,85742.74,85637.73,85692.83
1790049600,85692.83,85698.02,85665.01,85671.43
1790049660,85671.43,85677.02,85646.29,85662.02
1790049720,85662.01,85663.28,85660,85660.01
1790049780,85660.01,85691.24,85650,85659.43
1790049840,85659.43,85723.67,85659.42,85705.45
1790049900,85705.45,85710.53,85633.72,85665.98
1790049960,85665.98,85730.23,85665.98,85695.57
1790050020,85695.57,85696.01,85682.3,85682.31
1790050080,85682.3,85682.31,85625.17,85626
1790050140,85626,85634.57,85626,85630
1790050200,85630,85668.01,85616.24,85668
1790050260,85668.01,85696.44,85656,85660.01
1790050320,85660.01,85660.01,85638.5,85654.01
1790050380,85654,85674.01,85644,85644
1790050440,85644,85650,85624,85624
1790050500,85624,85626.19,85616.24,85616.25
1790050560,85616.25,85631.49,85573.43,85573.43
1790050620,85573.43,85573.44,85518.01,85520
1790050680,85520.01,85531.95,85510,85524
1790050740,85524,85546.01,85523.99,85536.01
1790050800,85536,85536.01,85500,85535.82
1790050860,85535.82,85559.93,85535.81,85559.92
1790050920,85559.93,85599.99,85558,85558
1790050980,85558,85558.01,85517.33,85546.01
1790051040,85546.01,85568.01,85546,85568
1790051100,85568,85568,85530.85,85530.86
1790051160,85530.86,85588.01,85530.86,85588
1790051220,85588,85588,85540.86,85552.01
1790051280,85552.01,85645.33,85552,85579.62
1790051340,85579.61,85604.87,85565.99,85565.99
1790051400,85565.99,85566,85555.48,85559.92
1790051460,85559.92,85566.93,85538.01,85538.02
1790051520,85538.02,85538.02,85512,85515.38
1790051580,85515.38,85531.66,85492.03,85492.04
1790051640,85492.04,85492.04,85469.79,85473.72
1790051700,85473.72,85498.82,85473.71,85498.81
1790051760,85498.81,85498.81,85469.71,85469.71
1790051820,85469.71,85568.45,85460,85568
1790051880,85568.01,85588.01,85568.01,85576.2
1790051940,85576.21,85606.01,85568.79,85580
1790052000,85580,85580,85554.89,85554.9
1790052060,85554.9,85616.24,85554.89,85609.51
1790052120,85609.52,85609.52,85563.23,85563.24
1790052180,85563.24,85570.3,85554,85570.29
1790052240,85570.29,85570.3,85526,85526.01
1790052300,85526,85526,85500,85508
1790052360,85508.01,85512.8,85498,85498
1790052420,85498,85498.01,85472,85484
1790052480,85484.01,85491.93,85470,85470
1790052540,85470.01,85489.92,85469.96,85489.92
1790052600,85489.91,85505.31,85450,85450
1790052660,85450.01,85488.01,85446,85488
1790052720,85488.01,85518.01,85482.47,85518.01
1790052780,85518,85518.77,85512.01,85514
1790052840,85514,85518.76,85506,85511.53
1790052900,85511.53,85534.18,85468,85468
1790052960,85468,85468.01,85442,85448.72
1790053020,85448.73,85448.73,85442.01,85442.01
1790053080,85442.01,85448.72,85429.11,85429.11
1790053140,85428.58,85452.01,85425.2,85452
1790053200,85452.01,85470.75,85421.05,85432.01
1790053260,85432.01,85432.02,85374,85424.02
1790053320,85424.02,85494.74,85422,85422
1790053380,85422.01,85434.21,85406,85416.01
1790053440,85416.01,85432.01,85389.2,85404
1790053500,85404.01,85448,85390.2,85440.01
1790053560,85440.01,85473.86,85418,85473.86
1790053620,85473.85,85503.6,85463.08,85480.84
1790053680,85480.84,85505.36,85456,85502.01
1790053740,85502,85503.45,85462,85471.78
1790053800,85471.78,85474.01,85460,85474.01
1790053860,85474,85501.91,85442.61,85442.88
1790053920,85442.87,85442.88,85398,85398.01
1790053980,85398.01,85413.19,85394.16,85413.18
1790054040,85413.19,85417.85,85394.16,85404.72
1790054100,85404.73,85416.01,85356.04,85356.05
1790054160,85356.05,85378.6,85333.3,85374.01
1790054220,85374,85374,85312.47,85322.01
1790054280,85322,85325.92,85222,85252.84
1790054340,85252.84,85268.5,85226.89,85226.89
1790054400,85226.89,85270.12,85218.87,85266.01
1790054460,85266.02,85284.55,85258.06,85284.54
1790054520,85284.54,85328.01,85284.54,85328.01
1790054580,85328.01,85336.9,85312.47,85336.9
1790054640,85336.9,85353.92,85243.44,85243.45
1790054700,85243.45,85253.94,85169.03,85169.03
1790054760,85169.03,85224.36,85140.33,85224.35
1790054820,85224.36,85237.08,85166.64,85166.64
1790054880,85166.65,85207.07,85157.32,85199.56
1790054940,85199.57,85215.07,85195,85215.06
1790055000,85215.06,85244.08,85148.82,85173.92
1790055060,85173.93,85173.93,85138.55,85138.56
1790055120,85138.56,85138.56,85114,85117.45
1790055180,85117.45,85169.14,85114.04,85169.13
1790055240,85169.13,85219.57,85155.14,85200.04
1790055300,85200.05,85209.58,85157.12,85157.13
1790055360,85157.12,85204,85130.21,85194.73
1790055420,85194.72,85288.53,85194.72,85280.09
1790055480,85280.1,85315.3,85251.72,85315.29
1790055540,85315.29,85349.61,85315.29,85349.6
1790055600,85349.61,85402.01,85349.6,85374
1790055660,85374.01,85422.54,85374,85379.7
1790055720,85379.7,85411.32,85379.7,85399.99
1790055780,85399.99,85422.44,85399.99,85416
1790055840,85416.01,85430.57,85416.01,85424.01
1790055900,85424.01,85499.99,85424.01,85489.99
1790055960,85489.99,85540.71,85489.99,85531.14
1790056020,85531.14,85553.65,85531.13,85553.65
1790056080,85553.65,85574.01,85553.64,85556.09
1790056140,85556.09,85565.77,85535.02,85538.01
1790056200,85538,85546.01,85499.99,85506.12
1790056260,85506.12,85553.72,85506.12,85553.72
1790056320,85553.71,85582.01,85553.71,85582.01
1790056380,85582.01,85600,85582,85586
1790056440,85586,85586.01,85527.64,85529.24
1790056500,85529.24,85533.36,85518.02,85518.02
1790056560,85518.02,85530.01,85512.21,85512.21
1790056620,85512.22,85518.35,85512.21,85518.34
1790056680,85518.34,85518.34,85409.65,85409.99
1790056740,85410,85423.9,85394,85397.37
1790056800,85397.38,85463.83,85397.37,85463.82
1790056860,85463.82,85472.94,85434,85446
1790056920,85446.01,85446.01,85400,85403.77
1790056980,85403.76,85403.77,85381.83,85381.83
1790057040,85381.84,85381.84,85327.96,85327.96
1790057100,85327.96,85354.01,85327.96,85354.01
1790057160,85354.01,85369.5,85340.16,85350.04
1790057220,85350.05,85350.05,85312.48,85319.14
1790057280,85319.14,85368.06,85319.13,85368.06
1790057340,85368.05,85381.48,85329.23,85329.23
1790057400,85329.23,85331.05,85312.49,85314.8
1790057460,85314.79,85318.9,85294.11,85298.54
1790057520,85298.53,85298.54,85283.64,85283.64
1790057580,85283.64,85296.65,85258.01,85270.19
1790057640,85270.19,85374.01,85270.19,85349.01
1790057700,85349.01,85374,85316.95,85316.95
1790057760,85316.95,85366,85290.92,85290.92
1790057820,85290.93,85320.01,85290.93,85320.01
1790057880,85320,85326.11,85297.5,85297.51
1790057940,85297.51,85297.51,85258,85258.01
1790058000,85258,85288.63,85258,85274.65
1790058060,85274.65,85274.66,85255.97,85274.66
1790058120,85274.65,85297.49,85254.46,85260
1790058180,85260.01,85268.01,85250,85268
1790058240,85268.01,85268.01,85258.55,85263.88
1790058300,85263.88,85284.71,85263.86,85284.7
1790058360,85284.71,85341.02,85284.71,85332.01
1790058420,85332,85332,85295.94,85305.42
1790058480,85305.41,85332,85305.41,85318.17
1790058540,85318.17,85372.01,85318.17,85372
1790058600,85372.01,85372.01,85352.06,85356.01
1790058660,85356.01,85466.03,85350.54,85466.02
1790058720,85466.02,85473.71,85444,85473.51
1790058780,85473.51,85502.01,85473.51,85484
1790058840,85484.01,85536.01,85474,85474.01
1790058900,85474.01,85496.01,85474,85486.32
1790058960,85486.31,85499,85474,85498.99
1790059020,85498.99,85524.01,85478.82,85524
1790059080,85524.01,85552.57,85519.16,85552.57
1790059140,85552.57,85581.52,85522,85561.95
1790059200,85561.95,85567.98,85530,85553.47
1790059260,85553.47,85562.78,85547.91,85562.77
1790059320,85562.77,85562.78,85540.67,85544.35
1790059380,85544.36,85544.36,85508,85508
1790059440,85508,85508.01,85494.73,85494.73
1790059500,85494.74,85494.74,85469.79,85469.8
1790059560,85469.8,85485.23,85469.79,85469.8
1790059620,85469.8,85469.8,85450,85450.01
1790059680,85450,85472.57,85442.1,85472.56
1790059740,85472.57,85472.57,85452,85456.41
1790059800,85456.42,85472.57,85442,85442
1790059860,85442,85453.37,85442,85453.37
1790059920,85453.36,85500,85453.36,85500
1790059980,85499.99,85502.26,85474,85494.74
1790060040,85494.74,85494.74,85456.02,85456.03
1790060100,85456.03,85456.03,85425.06,85431.76
1790060160,85431.75,85433.15,85382.45,85382.46
1790060220,85382.46,85382.79,85378,85378
1790060280,85378,85378.01,85358,85358.01
1790060340,85358.01,85400,85358,85384.01
1790060400,85384.02,85384.02,85376,85377.37
1790060460,85377.36,85377.37,85369.46,85369.46
1790060520,85369.46,85399.99,85369.46,85374.93
1790060580,85374.92,85374.93,85350,85350
1790060640,85350.01,85379.76,85300,85364
1790060700,85364,85389.86,85342,85342
1790060760,85342.01,85372.01,85330.53,85368
1790060820,85368.01,85434.32,85350,85432.01
1790060880,85432.01,85432.01,85372,85378.01
1790060940,85378.01,85433.98,85378,85433.98
1790061000,85433.98,85488.14,85422,85488.13
1790061060,85488.14,85500,85478,85478
1790061120,85478,85490.01,85465.94,85490.01
1790061180,85490.01,85498.51,85450,85450
1790061240,85450.01,85479.99,85432.99,85443.16
1790061300,85443.16,85460.47,85399.99,85416.01
1790061360,85416.01,85436,85392.01,85415.35
1790061420,85415.36,85462.66,85415.35,85436
1790061480,85436,85436.01,85394,85394.01
1790061540,85394.01,85394.01,85338,85338.01
1790061600,85338.01,85368.16,85334,85340.01
1790061660,85340.01,85340.01,85242,85251.23
1790061720,85251.23,85275.18,85214,85214.01
1790061780,85214,85262,85214,85240.57
1790061840,85240.57,85261.68,85214.53,85228
1790061900,85228.01,85270.01,85218,85262
1790061960,85262.01,85266,85238,85246.01
1790062020,85246.01,85290.01,85240.69,85290
1790062080,85290,85298.69,85272.29,85277.75
1790062140,85277.75,85322.71,85277.74,85322.71
1790062200,85322.71,85333.9,85288.14,85288.14
1790062260,85288.14,85320.01,85288.14,85320
1790062320,85320,85320.01,85251.71,85251.71
1790062380,85251.71,85251.72,85213.44,85213.78
1790062440,85213.77,85213.78,85188.1,85194.28
1790062500,85194.28,85194.29,85178.39,85180.3
1790062560,85180.3,85210.01,85157.31,85208.39
1790062620,85208.39,85208.4,85166.32,85188
1790062680,85188,85201.17,85179.25,85201.16
1790062740,85201.16,85247.55,85201.16,85247.55
1790062800,85247.54,85277.43,85247.54,85247.55
1790062860,85247.55,85247.55,85234,85237.98
1790062920,85237.98,85244.01,85230,85244
1790062980,85244,85244.01,85218.87,85218.88
1790063040,85218.87,85247.1,85207.73,85247.1
1790063100,85247.09,85319.47,85247.09,85300
1790063160,85300,85309.22,85280,85280.01
1790063220,85280,85280.01,85254,85254
1790063280,85254,85282.18,85249.54,85271.37
1790063340,85271.36,85316.01,85264.77,85264.78
1790063400,85264.77,85290.99,85264.77,85282.55
1790063460,85282.55,85300,85264.77,85264.78
1790063520,85264.77,85284.88,85264.77,85284
1790063580,85284,85322.01,85284,85315.97
1790063640,85315.97,85334.01,85312,85320
1790063700,85320,85320.01,85300.83,85308
1790063760,85307.99,85326.01,85290.57,85321.9
1790063820,85321.89,85321.9,85272.3,85273.68
1790063880,85273.67,85314.83,85273.67,85306.01
1790063940,85306.01,85344.01,85306,85344
1790064000,85344.01,85427.55,85344.01,85418
1790064060,85418,85438.01,85396,85431.46
1790064120,85431.47,85450,85402.68,85436.01
1790064180,85436,85436.01,85344,85344
1790064240,85344.01,85497,85344,85484.01
1790064300,85484,85490.01,85443.26,85443.27
1790064360,85443.26,85481.84,85434,85434.01
1790064420,85434.01,85460.46,85416,85460.46
1790064480,85460.47,85517.16,85460.46,85500
1790064540,85500.01,85500.01,85474.16,85498.01
1790064600,85498,85498.01,85486,85486
1790064660,85486,85516.01,85480,85514.01
1790064720,85514.01,85514.01,85494.73,85502
1790064780,85502,85529.41,85502,85516.34
1790064840,85516.33,85516.34,85488,85488
1790064900,85488.01,85488.01,85442,85460.02
1790064960,85460.02,85486.14,85442,85486.14
1790065020,85486.14,85524.84,85480,85480.01
1790065080,85480,85492.72,85464,85487.95
1790065140,85487.95,85516.52,85478,85516.51
1790065200,85516.52,85534.01,85508.68,85508.69
1790065260,85508.68,85549.95,85508.68,85547
1790065320,85547,85547,85537.91,85537.91
1790065380,85537.91,85539.09,85518,85532.64
1790065440,85532.64,85534.01,85529.89,85529.9
1790065500,85529.89,85646.75,85457.43,85457.43
1790065560,85457.43,85493.86,85457.43,85493.85
1790065620,85493.85,85493.86,85448,85453.16
1790065680,85453.15,85453.16,85433.97,85433.97
1790065740,85433.97,85433.98,85406,85419.69
1790065800,85419.7,85433.22,85391.46,85391.46
1790065860,85391.46,85427.98,85327.42,85422.01
1790065920,85422.01,85500,85422.01,85436.01
1790065980,85436.01,85509.05,85405.17,85508.84
1790066040,85508.84,85522.01,85490.96,85522.01
1790066100,85522.01,85692.3,85522.01,85690.92
1790066160,85690.91,85776.36,85686.8,85776.35
1790066220,85776.35,85882.6,85766.63,85812.22
1790066280,85812.22,85910.12,85800,85812.01
1790066340,85812,85907.95,85804.01,85900
1790066400,85899.99,85921.66,85846.01,85921.65
1790066460,85921.65,85973.5,85902.44,85955.25
1790066520,85955.26,85999,85943.18,85991.57
1790066580,85991.56,86111.93,85972.58,86085.12
1790066640,86085.12,86149.67,86020.56,86149.66
1790066700,86149.66,86172.66,86050,86062.9
1790066760,86062.9,86130.31,86033.72,86119.74
1790066820,86119.73,86247.7,86119.73,86241.09
1790066880,86241.08,86288,86212.6,86212.62
1790066940,86212.62,86243.18,86148.22,86199.02
1790067000,86199.02,86235.2,86146.13,86232
1790067060,86232.01,86269.31,86183.75,86255.41
1790067120,86255.4,86320.08,86244,86320.08
1790067180,86320.08,86377.77,86317.31,86327.22
1790067240,86327.21,86327.21,86241.89,86268.62
1790067300,86268.61,86300,86268.61,86290
1790067360,86290,86290.01,86218,86223.78
1790067420,86223.77,86227.59,86210,86223.38
1790067480,86223.38,86244.51,86188,86197.99
1790067540,86197.99,86229.05,86197.98,86223.77
1790067600,86223.77,86223.78,86097.47,86097.47
1790067660,86097.48,86102.01,86007.95,86014.84
1790067720,86015.15,86171.91,86015.14,86078
1790067780,86078,86078.01,85822,85822
1790067840,85822.01,85833.35,85705.68,85705.68
1790067900,85705.69,85824.01,85681.83,85737.84
1790067960,85737.85,85865.77,85721.12,85865.76
1790068020,85865.77,85885.82,85810,85872.61
1790068080,85872.6,85915.03,85830.01,85839.99
1790068140,85840,85911.21,85838,85852.01
1790068200,85852,85852.01,85822,85838.77
1790068260,85838.77,85945.42,85828.49,85922.01
1790068320,85922,86015.98,85882,85952
1790068380,85952.43,85992.01,85930,85968
1790068440,85968,85968,85920.01,85934.01
1790068500,85934,85998.44,85934,85950
1790068560,85950,85950.01,85900.01,85908.5
1790068620,85908.51,85956.01,85908.51,85950.45
1790068680,85950.45,85988.01,85950.45,85952.15
1790068740,85952.16,85990.01,85935,85935
1790068800,85935.01,85957.41,85934.01,85946.2
1790068860,85946.19,85968.01,85936.03,85936.04
1790068920,85936.03,85936.04,85900,85918.01
1790068980,85918.01,85918.01,85848,85864
1790069040,85863.99,85896.01,85863.99,85884.94
1790069100,85884.94,85884.95,85824.87,85859.4
1790069160,85859.41,85889.07,85838.01,85889.07
1790069220,85889.07,85889.07,85866,85866.01
1790069280,85866,85889.07,85824,85889.07
1790069340,85889.07,85920.01,85889.06,85900.42
1790069400,85900.43,85904.01,85858,85904.01
1790069460,85904.01,85984,85904,85949.58
1790069520,85949.57,85992.43,85944,85944.01
1790069580,85944.01,85944.01,85876,85890
1790069640,85890.01,85957.97,85890,85916.77
1790069700,85916.77,85916.77,85850,85894.19
1790069760,85894.19,85968.01,85888,85968
1790069820,85968.01,86063.46,85968,86010.01
1790069880,86010,86010.01,85958.98,85958.98
1790069940,85958.99,85993.65,85958.99,85980.76
1790070000,85980.77,85980.77,85965.77,85970
1790070060,85970.01,86036,85970.01,86018.1
1790070120,86018.1,86041.52,86018.09,86041.51
1790070180,86041.51,86060.65,86041.51,86050
1790070240,86050,86064.01,86043.86,86043.87
1790070300,86043.87,86068.01,86043,86043
1790070360,86043,86070.62,86043,86056.01
1790070420,86056,86065.69,86052.09,86052.09
1790070480,86052.1,86052.1,86026.92,86026.93
1790070540,86026.93,86035.39,86026.93,86035.38
1790070600,86035.39,86035.39,86035.38,86035.38
1790070660,86035.39,86046.01,86032.01,86043.24
1790070720,86041.97,86140,86022,86086
1790070780,86085.99,86220,86052,86219.99
1790070840,86219.99,86235.29,86108,86172.01
1790070900,86172,86176.01,86132,86142
1790070960,86142.01,86271.21,86142.01,86188
1790071020,86188,86188,86130,86152.01
1790071080,86152.01,86240.01,86152.01,86225.51
1790071140,86225.52,86271.22,86216,86253.99
1790071200,86253.99,86262.01,86207.57,86256
1790071260,86256,86256.01,86191.75,86191.75
1790071320,86191.75,86212.01,86182.18,86212.01
1790071380,86212,86212.01,86176,86187.6
1790071440,86187.6,86187.6,86162,86162.01
1790071500,86162.01,86162.01,86143.04,86143.04
1790071560,86143.04,86143.05,86088.91,86090.21
1790071620,86090.21,86134.01,86090.21,86102.26
1790071680,86102.27,86143.77,86102.26,86143.76
1790071740,86143.77,86157.65,86102,86102
1790071800,86102.01,86102.01,86072,86072.01
1790071860,86072,86114.01,86072,86114.01
1790071920,86114,86114.76,86068,86074.61
1790071980,86074.61,86074.61,86012,86012
1790072040,86012.01,86066.01,86012,86044
1790072100,86044.01,86074.61,86044,86074.61
1790072160,86074.6,86081.72,86051.02,86081.71
1790072220,86081.72,86094.01,86051.03,86088.34
1790072280,86088.34,86088.34,86042,86042.01
1790072340,86042.01,86052.38,86029.72,86032.71
1790072400,86032.71,86046.01,86014,86014
1790072460,86014.01,86032.01,86008,86032
1790072520,86032,86038.01,86000,86000
1790072580,86000,86000.01,85966.85,85966.85
1790072640,85966.85,85966.86,85907.78,85931.69
1790072700,85931.9,85931.9,85822.45,85882
1790072760,85882,85927.18,85882,85884.38
1790072820,85884.38,85899.99,85876,85887.85
1790072880,85887.85,85887.85,85855.43,85876.01
1790072940,85876.01,85894,85866,85866.02
1790073000,85866.01,85866.02,85816.95,85820
1790073060,85820,85826.01,85804.58,85804.59
1790073120,85804.59,85821.45,85787.05,85791.43
1790073180,85791.43,85814.01,85723.04,85774.01
1790073240,85774,85798.5,85771.98,85791.76
1790073300,85791.76,85838.01,85791.76,85804
1790073360,85804,85861.62,85786.61,85861.61
1790073420,85861.61,85873.89,85861.61,85873.88
1790073480,85873.89,85921.53,85873.88,85894
1790073540,85894.01,85919.11,85892.76,85919.1
1790073600,85919.11,85938.88,85903.4,85903.4
1790073660,85903.41,85912.01,85896,85896.01
1790073720,85896.01,85920.01,85896,85920
1790073780,85920.01,85920.01,85859.88,85859.89
1790073840,85859.89,85859.89,85846,85846
1790073900,85846.01,85848.76,85822,85822.01
1790073960,85822.01,85822.01,85790.64,85794.7
1790074020,85794.7,85844.49,85793.13,85844.49
1790074080,85844.48,85845.68,85800,85816
1790074140,85816,85835.53,85816,85820
1790074200,85820,85860.01,85820,85860.01
1790074260,85860.01,85876.56,85846,85872
1790074320,85871.99,85912.01,85871.99,85912
1790074380,85912,85936.14,85912,85930.03
1790074440,85930.03,85970.46,85916.98,85969.07
1790074500,85969.07,85969.07,85949.85,85964.01
1790074560,85964.01,85980.01,85964,85964.47
1790074620,85964.47,85971.71,85938.26,85939.52
1790074680,85939.52,85953.52,85939.51,85952.82
1790074740,85952.82,85952.82,85904,85904
1790074800,85904,85964.01,85896.43,85938
1790074860,85938,85938.01,85920,85920
1790074920,85920.01,85971.7,85919.98,85971.7
1790074980,85971.7,85994.64,85955.52,85990
1790075040,85990.01,85993.4,85976,85976.01
1790075100,85976.01,85986.73,85954.16,85954.16
1790075160,85954.17,85954.17,85920,85937.44
1790075220,85937.43,85943.67,85927.31,85943.66
1790075280,85943.67,85943.67,85905.83,85905.83
1790075340,85905.83,85970.26,85790,85795.64
1790075400,85795.65,85916.01,85774.27,85916
1790075460,85916,85928,85868,85914
1790075520,85914.01,85980.77,85914,85924.01
1790075580,85924,85943.2,85874.89,85930.01
1790075640,85930,85982,85930,85980.78
1790075700,85980.78,86008.63,85967.94,86005.86
1790075760,86005.87,86064.65,86005.87,86061.89
1790075820,86061.89,86080.03,86061.88,86076.02
1790075880,86076.02,86088.86,86049.91,86060
1790075940,86059.99,86060.01,86030,86040.01
1790076000,86040,86080.89,86036.01,86080.88
1790076060,86080.89,86093.82,86080.88,86086
1790076120,86086.01,86093.83,86068,86068
1790076180,86068,86068.01,86048,86048.01
1790076240,86048.01,86060.01,86045.19,86047
1790076300,86047,86055.6,86038,86047
1790076360,86047,86065.58,86007.87,86011.72
1790076420,86011.72,86011.73,85982.66,85986.57
1790076480,85986.57,85986.58,85936.01,85936.01
1790076540,85936,85936.01,85924.31,85924.31
1790076600,85924.32,85962.01,85904,85904.01
1790076660,85904,85939.06,85861.91,85939.05
1790076720,85939.05,85957.44,85939.05,85957.44
1790076780,85957.43,85960.97,85947.34,85947.34
1790076840,85947.34,85947.34,85916.24,85925.35
1790076900,85925.42,85991.58,85924.43,85991.57
1790076960,85991.57,86028.64,85991.57,86018.01
1790077020,86018.01,86055.6,86018.01,86055.59
1790077080,86055.59,86072.01,86048.42,86072.01
1790077140,86072.01,86090,86055.63,86064.01
1790077200,86064.01,86074.01,86064.01,86067.97
1790077260,86067.98,86124.01,86067.97,86124
1790077320,86124.01,86124.01,86112.55,86114.76
1790077380,86114.76,86129.26,86114.75,86129.25
1790077440,86129.25,86142.01,86103.42,86106.18
1790077500,86106.18,86136.77,86090.45,86121.79
1790077560,86121.8,86121.8,86086.01,86086.02
1790077620,86086.01,86086.01,86047.38,86047.39
1790077680,86047.38,86070.63,86047.38,86058.26
1790077740,86058.25,86077.89,86043.99,86077.89
1790077800,86077.89,86086.49,86031.32,86031.32
1790077860,86031.31,86031.31,86016.56,86016.57
1790077920,86016.56,86016.56,85972,85972
1790077980,85972,85999.05,85958.29,85958.29
1790078040,85958.29,85958.3,85926.66,85928.01
1790078100,85928.01,85958.01,85909.14,85956.26
1790078160,85956.25,85983.93,85894.09,85983.93
1790078220,85983.93,85998,85967.26,85967.27
1790078280,85967.26,85980.01,85956,85979.16
1790078340,85979.15,85986.62,85967.76,85986.62
1790078400,85986.62,86022.78,85986.61,86022.77
1790078460,86022.78,86041.52,85942,85944.01
1790078520,85944.01,85988.01,85944.01,85974
1790078580,85974,85988.01,85950.01,85988.01
1790078640,85988,86000,85950.32,85954.01
1790078700,85954.02,85974,85950.32,85950.32
1790078760,85950.32,85979.94,85950.32,85979.93
1790078820,85979.93,85995.8,85971.49,85980
1790078880,85980,85980,85955.11,85964.94
1790078940,85964.95,85988.01,85934,85952
1790079000,85952.01,85999.95,85952,85999.94
1790079060,85999.95,85999.95,85968,85968.03
1790079120,85968.03,85993.07,85968.02,85993.07
1790079180,85993.07,86022.01,85990.76,86003.88
1790079240,86003.89,86003.89,85918.01,85918.01
1790079300,85918,85918.01,85864,85876.01
1790079360,85876,85931.81,85861.62,85861.62
1790079420,85861.63,85882.01,85852.03,85874.12
1790079480,85874.11,85882.01,85798.63,85798.71
1790079540,85798.7,85848.01,85782.52,85848.01
1790079600,85848.01,85910.01,85848.01,85910.01
1790079660,85910.01,85973.99,85907.23,85973.99
1790079720,85973.98,85992.85,85946.51,85988.01
1790079780,85988,85992.25,85936.05,85939.95
1790079840,85939.96,85980.01,85939.96,85963.4
1790079900,85963.4,86000,85963.4,86000
1790079960,86000,86000,85956,85973.48
1790080020,85973.48,86052.01,85973.47,86052.01
1790080080,86052.01,86052.01,86024.82,86027.6
1790080140,86027.59,86104.01,86027.59,86104.01
1790080200,86104,86156.16,86082.58,86149.43
1790080260,86149.43,86163.03,86102.26,86163.02
1790080320,86163.03,86182.2,86114.62,86136.64
1790080380,86136.65,86143.99,86068,86083.56
1790080440,86083.55,86083.56,86041.51,86041.51
1790080500,86041.51,86041.52,86005.46,86033.06
1790080560,86033.05,86087.82,86032.01,86079.22
1790080620,86079.21,86079.22,86003.13,86039.73
1790080680,86039.73,86058.01,86026.8,86026.81
1790080740,86026.8,86062.01,86020,86020
1790080800,86020,86046.01,86014,86038
1790080860,86038,86038,86000,86000
1790080920,86000.01,86000.01,85985.14,85998
1790080980,85998.01,86042.27,85998.01,86042.27
1790081040,86042.27,86042.28,85981.36,85982.01
1790081100,85982,86026.85,85981.41,85998.01
1790081160,85998,86021.8,85998,86000.15
1790081220,86000.15,86000.16,85980.76,85984.01
1790081280,85984.01,85988.01,85984,85984.25
1790081340,85984.26,86012.01,85971.78,86012
1790081400,86012.01,86060,86012.01,86014.01
1790081460,86014,86018,85996,86002.2
1790081520,86002.21,86012.02,85954.61,85955.61
1790081580,85955.6,85970.28,85941.81,85968
1790081640,85968.01,85968.01,85951.09,85951.1
1790081700,85951.09,86002.66,85951.09,85988.52
1790081760,85988.52,86004.4,85951.1,85969.35
1790081820,85969.34,86021.61,85969.34,86018.79
1790081880,86018.79,86052.69,86018.78,86020
1790081940,86020,86024.01,85960,86024.01
1790082000,86024.01,86038,86015.08,86037.99
1790082060,86037.99,86097.42,86037.99,86097.42
1790082120,86097.42,86146.24,86097.41,86146.24
1790082180,86146.24,86172.01,86136.44,86150.85
1790082240,86150.84,86158.01,86052.38,86053.78
1790082300,86053.78,86126.01,86053.78,86116.33
1790082360,86116.33,86213,86098,86178
1790082420,86178,86213.12,86159.86,86178.1
1790082480,86178.09,86199.86,86150,86163.03
1790082540,86163.03,86163.03,86125.31,86134.01
1790082600,86134.01,86152.62,86112.85,86152.22
1790082660,86152.22,86153.33,86055.18,86055.19
1790082720,86055.19,86093.99,86041.51,86093.99
1790082780,86094,86114.01,86093.99,86102.01
1790082840,86102,86102.01,86062.59,86062.59
1790082900,86062.59,86062.59,85980.76,85985.69
1790082960,85985.68,86029.12,85970.35,86004
1790083020,86004.01,86006.01,85937.98,85994.95
1790083080,85994.95,85998,85967.41,85993.43
1790083140,85993.42,86052.01,85992.83,86000.91
1790083200,86000.91,86032.01,85985.2,86013.23
1790083260,86013.23,86021.11,85975.4,85975.41
1790083320,85975.4,85975.41,85921.26,85947.39
1790083380,85947.39,85965.3,85920.24,85955
1790083440,85954.99,85955,85916.38,85916.39
1790083500,85916.38,85916.38,85865.99,85866
1790083560,85865.99,85876.01,85834.22,85838.05
1790083620,85838.05,85838.05,85731.03,85792.62
1790083680,85792.62,85807.71,85700.1,85794.41
1790083740,85794.41,85802.61,85706.76,85743.06
1790083800,85742.75,85788.01,85569.46,85776
1790083860,85776.01,85956.03,85768,85888.01
1790083920,85888,85991.48,85850.01,85974
1790083980,85974,86007.3,85960,86007.29
1790084040,86007.29,86098.16,85989.65,86098.15
1790084100,86098.15,86170.7,86047.87,86047.88
1790084160,86047.87,86047.87,85818.2,85874.01
1790084220,85874.01,85912,85745.32,85784
1790084280,85784.01,85946,85765.4,85910.01
1790084340,85910,85924.17,85808,85832
1790084400,85832,85832,85701.6,85752.55
1790084460,85752.55,85830,85738.4,85809.99
1790084520,85808.01,85900,85808.01,85899.99
1790084580,85900,85964.34,85861.72,85940
1790084640,85940.01,85960.17,85898,85938.22
1790084700,85938.22,85975.56,85888,85942.48
1790084760,85942.47,85966.01,85883.98,85930
1790084820,85930,86025.67,85922.28,85982
1790084880,85982,86087.76,85944,86078.24
1790084940,86078.23,86133.19,86064.69,86122
1790085000,86122.01,86171.46,86122,86170
1790085060,86169.99,86170,86102,86102.01
1790085120,86102,86160.6,86074.94,86119.86
1790085180,86119.85,86140.01,86098.32,86116.02
1790085240,86116.02,86122.01,86081.23,86121.95
1790085300,86121.95,86154.57,86108.01,86154.56
1790085360,86154.56,86198.85,86132.47,86182
1790085420,86182,86246,86182,86246
1790085480,86246.01,86336,86246.01,86331.33
1790085540,86331.32,86370,86318,86346.01
1790085600,86346.01,86356.27,86174,86182.01
1790085660,86182,86232.01,86138.28,86225.99
1790085720,86226,86236.01,86168.09,86200
1790085780,86200.01,86206.35,86130,86130.01
1790085840,86130,86171.64,86094,86148.35
1790085900,86148.35,86180.25,86081.23,86103.52
1790085960,86103.52,86168.1,86090.72,86168.1
1790086020,86168.1,86282.01,86168.1,86238
1790086080,86238,86252.01,86180.43,86222.52
1790086140,86222.52,86222.52,86130,86130.01
1790086200,86130,86236.01,86122,86236
1790086260,86236.01,86333.32,86233.7,86290.22
1790086320,86290.22,86370.48,86270.74,86355.87
1790086380,86355.87,86470.58,86306,86396.39
1790086440,86396.39,86410.38,86307.5,86350.01
1790086500,86350.01,86388.12,86294.19,86294.19
1790086560,86294.19,86324.01,86245.02,86260.01
1790086620,86260,86260.01,86181.29,86206.51
1790086680,86206.5,86206.5,86126.4,86146.01
1790086740,86146.01,86191.61,86131.23,86131.24
1790086800,86131.23,86147.45,86100,86144
1790086860,86144.01,86174.01,86068,86174.01
1790086920,86174,86218.01,86115.59,86146.76
1790086980,86146.75,86184.01,86138.64,86169.16
1790087040,86169.16,86182.01,86109.43,86152
1790087100,86152,86168.01,86112.27,86122
1790087160,86122,86122.01,86058.44,86068
1790087220,86068,86068.18,86021.55,86068.17
1790087280,86068.18,86106.01,86039.12,86039.13
1790087340,86039.12,86039.13,85930.86,85930.86
1790087400,85930.87,85932,85820.55,85836.01
1790087460,85836.01,85890.01,85782.59,85866
1790087520,85866,85866,85728.2,85743.32
1790087580,85743.31,85798.5,85705.3,85776.01
1790087640,85776,85840.32,85748.59,85756.25
1790087700,85756.25,85761.99,85461.53,85470.26
1790087760,85470.26,85628.08,85470.26,85604.27
1790087820,85604.26,85726,85578.93,85690.48
1790087880,85690.47,85810.77,85690.47,85793.01
1790087940,85793.01,85898.35,85793.01,85883.24
1790088000,85883.25,85973.14,85823.41,85973.14
1790088060,85973.14,86002.01,85898.7,85905.52
1790088120,85905.52,85905.53,85810.01,85810.01
1790088180,85810.01,85852.92,85790.81,85835.87
1790088240,85835.88,85901.81,85816.01,85900.96
1790088300,85900.96,85959.25,85891.99,85898.01
1790088360,85898,85982,85896.76,85970
1790088420,85970.01,86003.24,85902,86003.24
1790088480,86003.23,86003.27,85963.34,85988.01
1790088540,85988,86050.65,85978,86030.01
1790088600,86030,86086.01,86000,86038
1790088660,86038,86068.01,86018.09,86027.62
1790088720,86027.61,86034.01,86001.11,86021.46
1790088780,86021.45,86041.52,85939.83,86041.51
1790088840,86041.52,86088,86010,86079.8
1790088900,86079.81,86156.8,86079.81,86156.8
1790088960,86156.8,86175.31,86124.05,86150.02
1790089020,86150.02,86230.02,86150.02,86210
1790089080,86210,86218.01,86196.01,86212.09
1790089140,86212.09,86264.01,86212.08,86258.01
1790089200,86258,86284.52,86200.46,86214
1790089260,86213.99,86260.01,86192.5,86251.86
1790089320,86251.86,86263.98,86238,86263.97
1790089380,86263.97,86263.98,86174,86199.21
1790089440,86199.2,86250,86199.2,86250
1790089500,86249.99,86298.99,86234.4,86289.82
1790089560,86289.97,86319.39,86263.77,86297.92
1790089620,86297.92,86319.38,86265.43,86302
1790089680,86302.01,86370,86302.01,86370
1790089740,86369.99,86392.05,86228.44,86250
1790089800,86250,86250.01,86174.53,86198.49
1790089860,86198.49,86198.49,86132.39,86190
1790089920,86190.01,86246.01,86168,86246.01
1790089980,86246.01,86275.53,86228,86266.17
1790090040,86266.17,86318.01,86264,86314
1790090100,86314.01,86334.01,86234.02,86234.02
1790090160,86234.03,86240.01,86216.86,86220.01
1790090220,86220.01,86230.98,86158,86158.01
1790090280,86158.01,86190.91,86144.45,86144.46
1790090340,86144.45,86228.01,86124.3,86210.33
1790090400,86210.33,86210.33,86147.26,86147.27
1790090460,86147.26,86234.01,86147.26,86234.01
1790090520,86234.01,86292.01,86234.01,86284.52
1790090580,86284.52,86318.01,86248.85,86303.37
1790090640,86303.37,86311.19,86244.78,86244.78
1790090700,86244.78,86307.88,86244.78,86307.87
1790090760,86307.87,86307.88,86297.08,86302.38
1790090820,86302.38,86304.65,86269.74,86291.22
1790090880,86291.22,86315,86285.46,86285.46
1790090940,86285.46,86316.67,86284.52,86284.52
1790091000,86284.52,86303.63,86250,86294.81
1790091060,86294.81,86297.93,86280.32,86292.05
1790091120,86292.05,86345.29,86292.05,86327.88
1790091180,86327.89,86339.08,86318.71,86330.58
1790091240,86330.57,86330.57,86269.48,86284.01
1790091300,86284.01,86326,86259.76,86292.46
1790091360,86292.46,86378.8,86292.46,86378.8
1790091420,86378.8,86390,86334.78,86362.9
1790091480,86362.9,86362.9,86272,86272.01
1790091540,86272.01,86330.02,86272,86330.01
1790091600,86330.01,86414.81,86330.01,86362.55
1790091660,86362.55,86422,86337.49,86422
1790091720,86422,86500,86412.31,86451.68
1790091780,86451.68,86493.88,86424.27,86483.94
1790091840,86483.94,86580,86483.94,86560.01
1790091900,86560,86621.33,86560,86621.32
1790091960,86621.32,86717.6,86514.47,86514.48
1790092020,86514.47,86514.47,86412.28,86504.29
1790092080,86504.29,86564.34,86504.29,86564.33
1790092140,86564.34,86580.82,86486.66,86486.66
1790092200,86486.66,86486.67,86408.2,86408.2
1790092260,86408.2,86408.21,86339.19,86345.92
1790092320,86345.92,86418.83,86331.33,86412.16
1790092380,86412.16,86416.32,86386.44,86396.91
1790092440,86396.74,86416.29,86396.73,86396.73
1790092500,86396.73,86433.83,86396.73,86418.34
1790092560,86418.34,86481.01,86411.92,86469.13
1790092620,86469.12,86475.67,86434.43,86451.26
1790092680,86451.25,86454.53,86412.83,86415.57
1790092740,86415.58,86415.99,86406.03,86413.12
1790092800,86413.11,86448.06,86406.03,86420.26
1790092860,86420.26,86444.82,86393.4,86416.46
1790092920,86416.47,86500.86,86416.46,86437.43
1790092980,86439.68,86527.54,86425.99,86527.54
1790093040,86527.54,86527.55,86395.14,86410.75
1790093100,86410.75,86410.75,86291.44,86341.51
1790093160,86341.51,86388.33,86260,86388.32
1790093220,86388.32,86442.38,86388.32,86425.58
1790093280,86425.57,86434.63,86318,86358.86
1790093340,86358.86,86375.18,86268,86268
1790093400,86268,86278.01,86207.86,86212
1790093460,86212.01,86249.27,86180,86246.39
1790093520,86246.39,86262.73,86224,86231.8
1790093580,86231.79,86231.8,86157.81,86157.82
1790093640,86157.82,86184.59,86154,86184
1790093700,86184,86186.01,86135.57,86174.01
1790093760,86174.01,86240.01,86174.01,86205.38
1790093820,86205.38,86205.38,86163.02,86163.03
1790093880,86163.03,86163.03,86123.57,86123.57
1790093940,86123.58,86123.58,86088.33,86112.01
1790094000,86112.01,86134.01,86088.33,86119.97
1790094060,86119.98,86217.12,86119.98,86199.4
1790094120,86199.4,86214.01,86146.32,86146.32
1790094180,86146.32,86207.5,86130.91,86170
1790094240,86170.01,86228.01,86170,86228.01
1790094300,86228.01,86300,86228,86248.01
1790094360,86248.01,86248.01,86164,86164
1790094420,86164,86164.01,86094,86140
1790094480,86140.01,86140.01,86088.33,86088.33
1790094540,86088.33,86140.01,86088.33,86090.12
1790094600,86090.12,86172.01,86090,86140.01
1790094660,86140.01,86145.16,86070.86,86104.56
1790094720,86104.56,86151.98,86086.04,86105.02
1790094780,86105.02,86135.31,86033.18,86135.3
1790094840,86135.31,86179.54,86091.39,86164.95
1790094900,86164.96,86169.12,86125.71,86132.01
1790094960,86132.01,86181.42,86132,86181.42
1790095020,86181.41,86208.68,86178.01,86178.02
1790095080,86178.01,86199.99,86178.01,86199.99
1790095140,86199.99,86220,86199.98,86210.46
1790095200,86210.46,86247.25,86210.46,86247.25
1790095260,86247.25,86274.99,86247.24,86256.68
1790095320,86256.67,86259.4,86165.07,86221.99
1790095380,86222,86251.73,86221.99,86251.72
1790095440,86251.72,86303.99,86231.21,86232
1790095500,86232.01,86282.77,86216.07,86278
1790095560,86278,86295.79,86244,86244
1790095620,86244.01,86244.01,86228,86228.01
1790095680,86228.01,86349.43,86214.79,86290.92
1790095740,86290.91,86406.04,86272,86399.7
1790095800,86399.69,86462.53,86380.09,86453.67
1790095860,86453.67,86588.3,86448.96,86579.06
1790095920,86579.06,86579.06,86501.32,86542.48
1790095980,86542.48,86561.34,86486.4,86495.05
1790096040,86495.05,86552.41,86481.56,86552.4
1790096100,86552.4,86561.07,86505.18,86505.19
1790096160,86505.18,86505.19,86467.44,86503.7
1790096220,86503.7,86507.37,86500.62,86500.62
1790096280,86500.62,86500.63,86443.92,86465.07
1790096340,86465.07,86465.08,86421.13,86421.13
1790096400,86421.13,86430.18,86376.83,86388.84
1790096460,86388.83,86500,86388.83,86497.24
1790096520,86497.23,86521.05,86478.02,86519.05
1790096580,86519.06,86559.73,86519.05,86559.72
1790096640,86559.72,86560.36,86473.98,86478.16
1790096700,86478.15,86528.49,86470.39,86522.03
1790096760,86522.03,86522.04,86466.8,86490.65
1790096820,86490.65,86491.45,86490.64,86491.44
1790096880,86491.45,86491.45,86412.15,86447.01
1790096940,86447,86466.35,86424.65,86459.4
1790097000,86459.21,86500,86459.2,86481.72
1790097060,86481.73,86546.87,86481.72,86533.04
1790097120,86533.05,86541.58,86403.31,86405.61
1790097180,86405.62,86442.26,86384.98,86408.93
1790097240,86408.93,86456.58,86407.56,86430
1790097300,86430.01,86500.65,86430,86479.55
1790097360,86479.55,86499.04,86421.55,86426.99
1790097420,86427,86435.63,86247.8,86296
1790097480,86296.01,86302.99,86253.07,86253.08
1790097540,86253.07,86373.66,86253.07,86373.66
1790097600,86373.65,86434.97,86373.65,86396.79
1790097660,86396.8,86417.74,86390.85,86417.73
1790097720,86417.72,86464.94,86417.72,86459.03
1790097780,86459.04,86499,86459.03,86472.09
1790097840,86472.09,86499.03,86472.08,86499.03
1790097900,86499.02,86522.63,86499.02,86522.61
1790097960,86522.61,86527.54,86501.1,86527.54
1790098020,86527.53,86527.55,86507.47,86527.55
1790098080,86527.54,86544,86527.54,86543.79
1790098140,86543.8,86584.76,86543.79,86584.76
1790098200,86584.76,86598.54,86537.24,86597.78
1790098260,86597.79,86612.64,86569.41,86608.99
1790098320,86608.99,86618.32,86598.71,86598.71
1790098380,86598.71,86626.14,86584.56,86626.14
1790098440,86626.14,86635.35,86569.42,86579.75
1790098500,86579.75,86612.27,86578.13,86588.29
1790098560,86588.3,86588.3,86557.66,86557.67
1790098620,86557.67,86557.67,86466.69,86499.49
1790098680,86499.5,86509.65,86496.95,86509.36
1790098740,86509.36,86527.55,86451.46,86461.42
1790098800,86461.41,86484.36,86452.67,86479.61
1790098860,86479.61,86521.04,86479.61,86521.03
1790098920,86521.03,86525.21,86456.53,86522.58
1790098980,86522.58,86554.09,86475.61,86477.37
1790099040,86477.37,86478.03,86451.28,86477.77
1790099100,86478.03,86498.93,86477.31,86477.31
1790099160,86477.31,86477.31,86419.23,86428.81
1790099220,86428.81,86469.99,86428.8,86469.99
1790099280,86469.99,86527.55,86410.8,86527.55
1790099340,86527.55,86537.02,86472.67,86474.07
1790099400,86474.07,86488.95,86460.23,86460.24
1790099460,86460.23,86460.23,86423.94,86432.27
1790099520,86432.27,86587.33,86432.26,86572.14
1790099580,86572.14,86572.14,86495.03,86510.25
1790099640,86510.25,86607.69,86510.25,86533.17
1790099700,86533.16,86593.7,86471.99,86591.24
1790099760,86591.25,86623,86586.08,86622.99
1790099820,86623,86632.69,86594.4,86624.53
1790099880,86624.52,86660,86622.88,86649.06
1790099940,86649.06,86649.06,86559.79,86570.24
1790100000,86570.24,86604.7,86548.1,86562.74
1790100060,86562.74,86562.74,86532.77,86562.74
1790100120,86562.74,86569.58,86530.28,86562.85
1790100180,86562.85,86596.48,86562.84,86593.84
1790100240,86593.83,86631.5,86571.12,86588.53
1790100300,86588.54,86619.02,86562.87,86562.87
1790100360,86562.88,86569.06,86527.54,86541.84
1790100420,86541.85,86541.85,86500,86518.08
1790100480,86518.08,86539.87,86500,86520.86
1790100540,86520.85,86526.84,86507.78,86507.78
1790100600,86507.78,86507.79,86440.88,86451.8
1790100660,86451.79,86522.16,86450.97,86520.08
1790100720,86520.09,86567.65,86520.09,86553.53
1790100780,86553.53,86612.76,86547.39,86612.75
1790100840,86612.76,86649.06,86525.21,86525.23
1790100900,86525.23,86591.43,86525.23,86582.76
1790100960,86582.77,86631.8,86582.76,86631.8
1790101020,86631.8,86643.8,86621.6,86637.08
1790101080,86637.07,86643.87,86625.55,86625.56
1790101140,86625.56,86625.78,86575.12,86575.13
1790101200,86575.12,86575.12,86541.91,86565.42
1790101260,86565.42,86594.66,86481.1,86481.11
1790101320,86481.1,86503.77,86475.77,86495.12
1790101380,86495.11,86526.3,86495.11,86526.29
1790101440,86526.3,86529.81,86468.59,86468.6
1790101500,86468.6,86468.6,86350.5,86365.42
1790101560,86365.42,86382.32,86319.44,86382.31
1790101620,86382.32,86386.36,86310.59,86324.01
1790101680,86324.01,86345.42,86301.13,86316.76
1790101740,86316.76,86364.78,86289.88,86289.88
1790101800,86289.88,86309.65,86250,86264.01
1790101860,86264.01,86302.87,86250,86272.26
1790101920,86272.26,86294.01,86241.4,86276.01
1790101980,86276.01,86310.27,86276.01,86294.29
1790102040,86294.3,86334.01,86272.08,86306.02
1790102100,86306.02,86358.14,86306.02,86358.14
1790102160,86358.13,86396.41,86288.34,86294.01
1790102220,86294.01,86354.38,86294,86350.03
1790102280,86350.03,86405.23,86350.03,86405.23
1790102340,86405.22,86417.74,86393.47,86417.74
1790102400,86417.74,86431.37,86414.04,86431.37
1790102460,86431.36,86431.37,86379.21,86424.95
1790102520,86424.96,86444.47,86424.96,86444.46
1790102580,86444.46,86445.03,86390.37,86427.83
1790102640,86427.84,86427.84,86402.8,86402.81
1790102700,86402.8,86440.49,86402.8,86440.48
1790102760,86440.49,86481.42,86440.49,86467.23
1790102820,86467.24,86480.39,86451.45,86472.77
1790102880,86472.77,86523.28,86472.76,86523.28
1790102940,86523.28,86560.22,86493.21,86497.71
1790103000,86497.7,86502.94,86448.13,86455.58
1790103060,86455.59,86491.32,86455.59,86491.31
1790103120,86491.32,86497.42,86458.15,86497.42
1790103180,86497.42,86515.93,86484.53,86515.92
1790103240,86515.92,86533.13,86498.6,86526.3
1790103300,86526.3,86581.04,86501.25,86507.66
1790103360,86507.67,86516.26,86507.66,86516.25
1790103420,86516.25,86541.59,86516.25,86531.67
1790103480,86531.66,86531.67,86489.15,86503.13
1790103540,86503.14,86512.09,86460.17,86461.44
1790103600,86461.45,86490.53,86456.58,86490.52
1790103660,86490.53,86522.07,86490.52,86522.07
1790103720,86522.07,86522.07,86462.34,86490.9
1790103780,86490.89,86490.9,86397.94,86406.03
1790103840,86406.03,86470.84,86406.03,86470.83
1790103900,86470.84,86489.86,86421.94,86439.78
1790103960,86439.78,86513.57,86439.77,86513.57
1790104020,86513.57,86515.55,86456.61,86482.99
1790104080,86482.99,86483.77,86466.83,86476.81
1790104140,86476.81,86509.76,86469.64,86509.76
1790104200,86509.76,86520,86488.36,86488.37
1790104260,86488.36,86513.58,86479.71,86513.57
1790104320,86513.57,86521.49,86500.42,86521.49
1790104380,86521.49,86530,86476.16,86476.49
1790104440,86476.49,86502.03,86455.41,86477.22
1790104500,86477.22,86515.78,86477.21,86515.78
1790104560,86515.78,86568.24,86515.78,86568.23
1790104620,86568.23,86568.24,86512.05,86518.36
1790104680,86518.36,86544.24,86516.43,86535.53
1790104740,86535.52,86551.28,86535,86535
1790104800,86535.01,86535.01,86492.35,86507.19
1790104860,86507.18,86512.61,86482.16,86482.16
1790104920,86482.16,86482.17,86469.33,86469.33
1790104980,86469.33,86483.03,86451.15,86478
1790105040,86477.99,86510.5,86467.1,86493.18
1790105100,86493.17,86541.38,86477.99,86541.37
1790105160,86541.37,86541.38,86502.77,86527.32
1790105220,86527.32,86563.76,86527.32,86563.75
1790105280,86563.76,86584.55,86504.28,86504.29
1790105340,86504.29,86531.87,86477.72,86531.87
1790105400,86531.87,86531.87,86466.94,86476.66
1790105460,86476.65,86476.66,86454.72,86456.78
1790105520,86456.77,86456.78,86433.48,86456.14
1790105580,86456.14,86456.15,86382.52,86382.52
1790105640,86382.53,86466.57,86365.3,86466.57
1790105700,86466.57,86495.98,86431.21,86431.22
1790105760,86431.21,86431.21,86375.2,86375.64
1790105820,86375.64,86387.73,86275.04,86275.04
1790105880,86275.04,86290.01,86267.13,86284.53
1790105940,86284.52,86345.29,86284.5,86337.23
1790106000,86337.24,86393.98,86332,86393.98
1790106060,86393.97,86393.98,86327.36,86373.56
1790106120,86373.56,86423.16,86373.56,86423.16
1790106180,86423.15,86423.16,86318,86362.07
1790106240,86362.06,86394.03,86349.99,86376.02
1790106300,86376.02,86404.48,86356.72,86356.73
1790106360,86356.73,86379.55,86353.65,86353.65
1790106420,86353.65,86353.66,86290,86297.27
1790106480,86297.28,86348.28,86297.27,86323.15
1790106540,86323.16,86347.82,86307.7,86342.01
1790106600,86342,86342,86278,86295.02
1790106660,86295.03,86295.03,86255,86267.14
1790106720,86267.15,86284.01,86256,86278.01
1790106780,86278.01,86278.01,86204.94,86208
1790106840,86208,86208.01,86166.95,86166.95
1790106900,86166.95,86175.04,86139.37,86174
1790106960,86174,86183.37,86144.1,86182
1790107020,86182,86234,86182,86233.99
1790107080,86234,86259.22,86212,86223.6
1790107140,86223.6,86236.31,86184,86192.44
1790107200,86192.45,86231.74,86192.45,86210.01
1790107260,86210.01,86210.01,86159.57,86159.57
1790107320,86159.58,86172.62,86132,86172.61
1790107380,86172.62,86229.91,86172.61,86229.9
1790107440,86229.91,86257.04,86229.91,86257.03
1790107500,86257.04,86274.01,86242,86242.03
1790107560,86242.04,86255.9,86178.8,86179.21
1790107620,86179.21,86242.01,86179.2,86242
1790107680,86242.01,86258.01,86242.01,86258
1790107740,86258.01,86274.01,86226,86226
1790107800,86226.01,86253.89,86226,86242
1790107860,86242,86252.01,86168,86204
1790107920,86204,86233.41,86204,86233.4
1790107980,86233.4,86233.41,86223.99,86223.99
1790108040,86223.99,86224,86207.99,86207.99
1790108100,86208,86226.01,86207.99,86223.99
1790108160,86224,86233.41,86199.99,86202.78
1790108220,86202.79,86224.01,86200,86200
1790108280,86200,86244.71,86200,86244.7
1790108340,86244.71,86250.02,86228.79,86228.79
1790108400,86228.8,86250,86226.07,86249.99
1790108460,86249.99,86266,86249.99,86265.99
1790108520,86265.99,86268.01,86260,86267.99
1790108580,86267.99,86274.62,86267.99,86274.62
1790108640,86274.61,86318.01,86274.61,86318
1790108700,86318,86320.01,86318,86320
1790108760,86320.01,86329,86318,86326.51
1790108820,86326.51,86326.51,86306,86310.07
1790108880,86310.07,86310.07,86300.52,86300.52
1790108940,86300.53,86378.32,86300.52,86329.33
1790109000,86329.33,86331.11,86296.01,86296.01
1790109060,86296.02,86296.02,86245.13,86245.13
1790109120,86245.13,86245.14,86238,86238.01
1790109180,86238.01,86310.01,86236.01,86310.01
1790109240,86310.01,86337.56,86310,86337.55
1790109300,86337.55,86337.56,86329.36,86329.37
1790109360,86329.36,86362.9,86329.36,86352.23
1790109420,86352.23,86352.23,86346,86346
1790109480,86346.01,86346.01,86342.77,86342.78
1790109540,86342.79,86342.79,86342.78,86342.78
1790109600,86342.79,86342.79,86342.78,86342.79
1790109660,86342.79,86342.79,86339.4,86339.41
1790109720,86339.41,86347.99,86339.4,86347.99
1790109780,86347.99,86352.22,86329.83,86329.83
1790109840,86329.83,86329.84,86322,86322.01
1790109900,86322,86322.01,86269.78,86269.78
1790109960,86269.79,86280.01,86269.78,86280
1790110020,86280,86280.01,86278.61,86278.61
1790110080,86278.62,86278.62,86242.05,86246.12
1790110140,86246.11,86274.31,86246.11,86274.31
1790110200,86274.31,86309.79,86274.31,86308.27
1790110260,86308.27,86308.27,86282,86282.29
1790110320,86282.29,86282.29,86244.58,86244.59
1790110380,86244.58,86244.59,86242.05,86242.05
1790110440,86242.05,86242.05,86216.08,86216.09
1790110500,86216.09,86237.48,86216.08,86237.48
1790110560,86237.48,86237.48,86237.47,86237.47
1790110620,86237.47,86250,86237.47,86245.29
1790110680,86245.3,86245.3,86228.4,86242.01
1790110740,86242,86264.01,86192.6,86264.01
1790110800,86264.01,86274.18,86264,86274.18
1790110860,86274.17,86308.67,86274.17,86308.66
1790110920,86308.67,86330.01,86308.66,86330
1790110980,86330.01,86344.01,86280.39,86282
1790111040,86282.01,86298,86282,86292.18
1790111100,86292.19,86292.19,86284.63,86288.01
1790111160,86288.01,86288.01,86262.99,86262.99
1790111220,86263,86281.96,86262.99,86281.96
1790111280,86281.95,86298.01,86281.95,86298
1790111340,86298,86322.01,86238.06,86238.07
1790111400,86238.07,86259.26,86210.72,86248.05
1790111460,86248.05,86264.01,86246,86264
1790111520,86264.01,86264.01,86238.43,86238.43
1790111580,86238.44,86259.62,86224.48,86259.62
1790111640,86259.62,86266.02,86253.78,86253.78
1790111700,86253.78,86253.79,86232.59,86232.59
1790111760,86232.6,86232.6,86230.19,86230.2
1790111820,86230.19,86255.06,86230.19,86255.06
1790111880,86255.06,86255.06,86250,86250.01
1790111940,86250.01,86250.01,86235.74,86235.74
1790112000,86235.74,86247.23,86235.74,86247.23
1790112060,86247.23,86247.23,86225,86225
1790112120,86225.01,86225.01,86225,86225
1790112180,86225.01,86230.2,86220.71,86230.19
1790112240,86230.2,86230.2,86230.19,86230.19
1790112300,86230.19,86230.2,86226.15,86226.16
1790112360,86226.15,86226.16,86219.2,86219.21
1790112420,86219.21,86245.59,86219.2,86244.21
1790112480,86244.21,86254,86244.2,86253.5
1790112540,86253.49,86262,86248.8,86248.8
1790112600,86248.8,86248.81,86248.8,86248.8
1790112660,86248.8,86278,86248.8,86278
1790112720,86278.01,86291.59,86262.94,86282.81
1790112780,86282.81,86282.81,86268,86268
1790112840,86268,86268.01,86266.37,86266.37
1790112900,86266.38,86282,86266.38,86281.99
1790112960,86281.99,86305.39,86233.98,86300.51
1790113020,86300.5,86300.51,86271.99,86272
1790113080,86271.99,86271.99,86248,86248
1790113140,86248,86248.01,86248,86248
1790113200,86248,86248,86221.32,86221.33
1790113260,86221.32,86221.33,86217.72,86217.73
1790113320,86217.72,86217.73,86198.95,86208.96
1790113380,86208.95,86208.96,86178,86199.71
1790113440,86199.71,86212.01,86199.71,86208.95
1790113500,86208.96,86217.73,86208.95,86217.73
1790113560,86217.72,86274.01,86217.72,86272.02
1790113620,86272.03,86286.01,86272.03,86286
1790113680,86286,86295.45,86286,86295.45
1790113740,86295.44,86300,86292,86299.99
1790113800,86300,86300,86299.99,86300
1790113860,86299.99,86300,86299.99,86299.99
1790113920,86300,86300,86265.86,86265.86
1790113980,86265.86,86265.87,86231.37,86233.89
1790114040,86233.88,86239.01,86233.88,86239
1790114100,86239.01,86239.2,86239,86239.19
1790114160,86239.19,86273.27,86239.19,86273.26
1790114220,86273.26,86278.17,86238.69,86238.69
1790114280,86238.7,86238.7,86208,86208
1790114340,86208.01,86208.01,86184,86184.01
1790114400,86184,86270.21,86184,86270.21
1790114460,86270.21,86284.01,86236.79,86236.8
1790114520,86236.8,86236.8,86150.63,86160.96
1790114580,86160.95,86160.96,86002.62,86160.01
1790114640,86160,86160.86,86068,86095
1790114700,86095,86156.01,86094.99,86156.01
1790114760,86156.01,86176.01,86156.01,86170
1790114820,86170,86170,86114,86115.95
1790114880,86115.95,86118.01,86068,86118
1790114940,86118.01,86156.01,86090.62,86090.63
1790115000,86090.63,86095.32,86066.2,86077.39
1790115060,86077.39,86094.66,86056.62,86056.62
1790115120,86056.62,86056.63,86000,86033.12
1790115180,86033.12,86033.12,86000,86028.01
1790115240,86028.01,86038.01,86028,86038.01
1790115300,86038.01,86085.99,86032.81,86085.98
1790115360,86085.98,86086.01,86053.31,86086.01
1790115420,86086.01,86138,86086,86119.38
1790115480,86119.38,86149.49,86119.38,86149.49
1790115540,86149.49,86210.01,86131.35,86210.01
1790115600,86210.01,86210.01,86194,86194
1790115660,86194,86194.01,86180,86194.01
1790115720,86194,86210,86194,86209.99
1790115780,86209.98,86209.99,86172,86172
1790115840,86172.01,86172.01,86147.81,86161.39
1790115900,86161.38,86190.01,86161.38,86190.01
1790115960,86190.01,86198,86188.45,86197.99
1790116020,86197.99,86198,86181.45,86181.45
1790116080,86181.46,86181.46,86150.37,86156.01
1790116140,86156.01,86164.01,86156.01,86164.01
1790116200,86164.01,86181.46,86164.01,86181.45
1790116260,86181.45,86181.46,86163.02,86163.02
1790116320,86163.03,86192.01,86163.02,86184.31
1790116380,86184.32,86208,86184.31,86207.99
1790116440,86208,86209.99,86207.99,86209.98
1790116500,86209.98,86246,86209.98,86241.72
1790116560,86241.72,86241.73,86205.24,86205.25
1790116620,86205.24,86205.25,86187.38,86188.01
1790116680,86188.02,86198.61,86178,86198.61
1790116740,86198.6,86222,86198.6,86222
1790116800,86222,86244,86222,86243.99
1790116860,86244,86268.02,86243.99,86268.01
1790116920,86268.01,86282.64,86260.9,86260.92
1790116980,86260.92,86260.92,86234,86234.01
1790117040,86234.01,86234.01,86180.02,86216
1790117100,86216.01,86239.71,86216.01,86239.71
1790117160,86239.7,86256,86210.53,86254.03
1790117220,86254.03,86274.01,86254.02,86274
1790117280,86274,86274,86216,86216.04
1790117340,86216.03,86216.04,86163.03,86186.01
1790117400,86186.01,86186.01,86182,86184.01
1790117460,86184.01,86207.2,86184,86196.97
1790117520,86196.97,86196.97,86178,86178
1790117580,86178,86185.72,86168.01,86185.72
1790117640,86185.71,86185.72,86172,86172
1790117700,86172,86177.22,86172,86176.04
1790117760,86176.03,86176.04,86166,86166.01
1790117820,86166.01,86170.02,86163.03,86163.03
1790117880,86163.03,86163.03,86119.2,86128.01
1790117940,86128.01,86128.01,86124,86124.01
1790118000,86124.01,86144.01,86124,86144.01
1790118060,86144.01,86182.34,86144,86174.01
1790118120,86174.01,86174.01,86174,86174.01
1790118180,86174,86210.01,86174,86210.01
1790118240,86210.01,86233.32,86181.81,86182
1790118300,86182,86322.95,86182,86315.79
1790118360,86315.78,86383.35,86315.78,86382.65
1790118420,86382.65,86420,86368.39,86419.99
1790118480,86420,86431,86383.05,86430.99
1790118540,86431,86498,86412.37,86497.99
1790118600,86498,86498,86451.32,86459.48
1790118660,86459.48,86462.1,86422.95,86456.18
1790118720,86456.19,86504.17,86377.04,86377.04
1790118780,86377.05,86383.04,86319.62,86348.05
1790118840,86348.05,86394.32,86348.05,86383.94
1790118900,86383.94,86432.01,86364.9,86414.39
1790118960,86414.39,86462.01,86414.39,86421.9
1790119020,86421.89,86424.01,86382.91,86409.06
1790119080,86409.06,86409.06,86387.85,86387.86
1790119140,86387.86,86387.86,86350.01,86350.01
1790119200,86350.01,86371.07,86310.26,86315.43
1790119260,86315.43,86319.87,86308,86319.87
1790119320,86319.86,86392,86319.86,86366.01
1790119380,86366,86366.01,86327.61,86327.62
1790119440,86327.62,86327.62,86314,86314.01
1790119500,86314,86314.01,86240,86248.01
1790119560,86248.01,86260,86190.01,86200
1790119620,86200,86200,86182.65,86182.66
1790119680,86182.66,86210.01,86169.99,86210.01
1790119740,86210.01,86226.02,86210.01,86226.01
1790119800,86226.01,86236.01,86198,86236.01
1790119860,86236.01,86267.15,86152,86154
1790119920,86154.01,86186.01,86142.72,86143.97
1790119980,86143.97,86176.01,86119.9,86176.01
1790120040,86176,86222,86163.02,86208
1790120100,86208.01,86230.01,86173.7,86182.01
1790120160,86182.01,86186.01,86168,86175.55
1790120220,86175.54,86175.55,86102.81,86121.44
1790120280,86121.44,86148.01,86119.7,86138
1790120340,86138,86140.01,86128,86128.01
1790120400,86128.01,86156.52,86112.69,86156.52
1790120460,86156.52,86156.52,86132,86132
1790120520,86132.01,86132.01,86095.31,86095.33
1790120580,86095.33,86167.84,86095.32,86114.84
1790120640,86114.83,86132.01,86114.83,86132.01
1790120700,86132.01,86202.79,86132.01,86182.73
1790120760,86182.74,86192.01,86182.73,86186.01
1790120820,86186.01,86201.7,86182.77,86194.01
1790120880,86194.01,86212.01,86194.01,86194.98
1790120940,86194.98,86196.01,86106.98,86140
1790121000,86140,86151.9,86124,86143.76
1790121060,86143.76,86200.76,86125.04,86182.01
1790121120,86182,86215.38,86182,86184.01
1790121180,86184,86184.01,86163.02,86182
1790121240,86182,86182,86166.14,86173.23
1790121300,86173.23,86188.01,86150,86150
1790121360,86150,86166.01,86150,86166.01
1790121420,86166.01,86189.25,86166,86189.25
1790121480,86189.24,86189.25,86189.24,86189.25
1790121540,86189.25,86208.85,86189.24,86208.56
1790121600,86208.57,86208.57,86152.1,86164.24
1790121660,86164.24,86164.24,86140.75,86160.7
1790121720,86160.7,86202.74,86160.69,86202.74
1790121780,86202.74,86247.12,86202.74,86247.12
1790121840,86247.12,86247.12,86188,86188.01
1790121900,86188.01,86188.01,86137.99,86155.64
1790121960,86155.64,86241.27,86155.64,86240.01
1790122020,86240.01,86240.02,86133.4,86158.01
1790122080,86158.01,86195.31,86149.79,86195.3
1790122140,86195.3,86240.01,86193.99,86234.86
1790122200,86234.85,86244.75,86234.85,86238
1790122260,86238.01,86283.65,86238,86283.65
1790122320,86283.64,86322.01,86283.64,86320.62
1790122380,86320.61,86377.76,86320.61,86377.75
1790122440,86377.76,86377.76,86339.45,86349.62
1790122500,86349.63,86368.01,86349,86368
1790122560,86368.01,86377.76,86352.41,86371.04
1790122620,86371.04,86401.86,86371.04,86378
1790122680,86378.01,86405.58,86378,86402.01
1790122740,86402.01,86521.8,86402.01,86520.4
1790122800,86520.4,86520.4,86452.01,86460
1790122860,86460.01,86492.84,86452.01,86468.99
1790122920,86469,86486.29,86462,86469.57
1790122980,86469.57,86496.01,86469.57,86480
1790123040,86480,86514.81,86479.99,86513.41
1790123100,86513.42,86513.42,86474,86482.81
1790123160,86482.81,86525,86482.81,86521.78
1790123220,86521.78,86525,86520.4,86525
1790123280,86525,86525,86466,86466.01
1790123340,86466.01,86466.01,86440.06,86450
1790123400,86449.99,86533,86449.99,86518.29
1790123460,86518.29,86543.21,86511.45,86511.46
1790123520,86511.45,86511.46,86456.75,86488
1790123580,86488.01,86537,86488.01,86536.99
1790123640,86536.99,86537,86521.91,86527.85
1790123700,86527.85,86569.12,86527.54,86530.82
1790123760,86530.81,86561.24,86511.29,86561.24
1790123820,86561.24,86566.22,86488.18,86490.01
1790123880,86490,86490.01,86466,86488.01
1790123940,86488.01,86525.21,86470.97,86470.98
1790124000,86470.97,86549.46,86470.97,86530.71
1790124060,86530.71,86588.3,86530.7,86587.17
1790124120,86587.17,86587.17,86489.83,86504.6
1790124180,86504.6,86504.6,86426.72,86431.36
1790124240,86431.35,86461.37,86424,86444.01
1790124300,86444.01,86485.66,86444,86477.98
1790124360,86477.97,86490.01,86449.04,86490
1790124420,86490,86494,86472,86488.01
1790124480,86488.01,86488.01,86467.79,86472.35
1790124540,86472.35,86476.49,86432,86476.49
1790124600,86476.49,86498,86475.09,86498
1790124660,86498,86500,86482.18,86482.19
1790124720,86482.19,86504.01,86475.09,86478.06
1790124780,86478.06,86487.88,86472,86472.01
1790124840,86472.01,86485.06,86456,86456
1790124900,86456.01,86471.93,86450,86468.02
1790124960,86468.02,86476.01,86456.78,86461.46
1790125020,86461.45,86461.46,86442,86442.01
1790125080,86442,86442.01,86432,86432.01
1790125140,86432.01,86462.69,86419.6,86457.3
1790125200,86457.31,86517.42,86438,86517.42
1790125260,86517.42,86521.49,86478,86482.01
1790125320,86482.01,86599.99,86482,86599.99
1790125380,86599.99,86632.43,86599.99,86617.09
1790125440,86617.09,86617.1,86568.08,86568.08
1790125500,86568.08,86614.21,86568.08,86614.2
1790125560,86614.21,86628.67,86586.48,86628.66
1790125620,86628.67,86700,86628.66,86681.33
1790125680,86681.32,86681.33,86653.06,86670.74
1790125740,86670.74,86681.33,86615.39,86615.4
1790125800,86615.39,86615.39,86566.21,86566.22
1790125860,86566.22,86742.1,86566.22,86680.03
1790125920,86680.03,86798.55,86672.44,86701.53
1790125980,86701.54,86845.39,86701.53,86765.21
1790126040,86765.2,86765.21,86700.13,86721.43
1790126100,86721.44,86735.88,86688.24,86715.56
1790126160,86715.55,86718.3,86688.24,86688.24
1790126220,86688.24,86688.24,86611.55,86660
1790126280,86660.01,86696.64,86660,86668.01
1790126340,86668,86725.62,86666,86725.62
1790126400,86725.61,86725.61,86677.26,86696.01
1790126460,86696,86730.75,86668.86,86720.13
1790126520,86720.12,86726.22,86711.64,86711.66
1790126580,86711.65,86711.66,86666,86666.01
1790126640,86666,86666.01,86635.73,86661.74
1790126700,86661.74,86670.67,86628.8,86628.81
1790126760,86628.81,86652.01,86628.8,86652.01
1790126820,86652.01,86664.17,86626.51,86626.51
1790126880,86626.52,86632.01,86585.79,86632.01
1790126940,86632.01,86638.6,86622.8,86632.68
1790127000,86632.68,86640.01,86624.92,86633.97
1790127060,86633.96,86633.96,86607.88,86607.89
1790127120,86607.89,86607.89,86574,86592.01
1790127180,86592.01,86630,86588.29,86629.99
1790127240,86629.99,86630,86604.1,86610.11
1790127300,86610.12,86610.12,86507.1,86507.1
1790127360,86507.11,86517.45,86470.58,86470.58
1790127420,86470.59,86470.59,86428,86428.01
1790127480,86428.01,86480,86406,86480
1790127540,86480.01,86510.1,86416.67,86417.74
1790127600,86417.74,86426.01,86407.56,86407.57
1790127660,86407.56,86407.57,86329.54,86330.18
1790127720,86330.18,86364.01,86284.52,86310.02
1790127780,86310.02,86334.18,86295.44,86301.19
1790127840,86301.18,86320.01,86270.29,86277.85
1790127900,86277.85,86301.62,86264,86264.01
1790127960,86264.01,86278.01,86238.85,86266.75
1790128020,86268,86287.41,86238,86238.01
1790128080,86238.01,86258.01,86220,86258.01
1790128140,86258,86280.01,86225.45,86233.45
1790128200,86233.46,86270.01,86210.08,86270.01
1790128260,86270.01,86280,86238,86238.01
1790128320,86238,86238,86205.6,86205.61
1790128380,86205.61,86246.14,86205.61,86211.34
1790128440,86211.35,86211.35,86195.34,86195.35
1790128500,86195.34,86233.36,86169.74,86232.01
1790128560,86232,86276.93,86232,86276.01
1790128620,86276.01,86300,86276,86299.99
1790128680,86300,86320.01,86286.73,86320
1790128740,86320.01,86370.86,86303.21,86370
1790128800,86370.01,86386.42,86370,86386.42
1790128860,86386.42,86386.42,86345.28,86346.07
1790128920,86346,86350.01,86302,86350.01
1790128980,86350.01,86380.82,86319.8,86319.8
1790129040,86319.81,86368.96,86308.05,86359.13
1790129100,86359.12,86359.12,86333.5,86346.88
1790129160,86346.88,86378.57,86338,86338.01
1790129220,86338.01,86338.01,86260.01,86280
1790129280,86280.01,86376.01,86280.01,86376.01
1790129340,86376.01,86376.01,86348.01,86366.21
1790129400,86366.21,86366.21,86304,86314.01
1790129460,86314.01,86360.1,86314,86346.56
1790129520,86346.55,86378.01,86330.79,86352
1790129580,86352.01,86360.01,86315.31,86360
1790129640,86360.01,86378.01,86360,86378.01
1790129700,86378.01,86421.03,86378.01,86394.02
1790129760,86394.01,86414.01,86377.68,86414.01
1790129820,86414.01,86434,86414,86433.36
1790129880,86433.37,86447.98,86433.36,86447.98
1790129940,86447.97,86476,86447.97,86468
1790130000,86467.99,86582.69,86467.99,86533.88
1790130060,86533.88,86638.02,86518,86628.78
1790130120,86628.78,86638.15,86584.52,86598.01
1790130180,86598.02,86607.73,86554.86,86588.22
1790130240,86588.23,86589.71,86568.01,86589.71
1790130300,86589.71,86613.55,86582,86585.99
1790130360,86585.99,86605.07,86562.81,86590.42
1790130420,86590.42,86610.29,86576,86576.01
1790130480,86576,86585.81,86561.85,86582.72
1790130540,86582.72,86595.48,86580,86589
1790130600,86589.01,86589.01,86546.01,86563.88
1790130660,86563.88,86570.01,86540.01,86540.04
1790130720,86540.03,86590,86540.03,86588.29
1790130780,86588.3,86588.3,86562,86567.86
1790130840,86567.86,86567.86,86567.81,86567.81
1790130900,86567.81,86567.82,86532.94,86556.01
1790130960,86556.01,86556.01,86530.58,86530.58
1790131020,86530.59,86549.99,86530.59,86530.61
1790131080,86530.61,86556.25,86524,86538.33
1790131140,86538.33,86540.01,86538.32,86540.01
1790131200,86540.01,86540.01,86492.61,86518.01
1790131260,86518,86527.43,86508.01,86527.43
1790131320,86527.42,86536.01,86506.01,86506.02
1790131380,86506.02,86507.41,86492,86494
1790131440,86494.01,86494.01,86472,86488
1790131500,86488.01,86525.22,86488,86525.22
1790131560,86525.21,86525.22,86508,86514
1790131620,86514,86518.01,86466.79,86469.94
1790131680,86469.93,86500.17,86466.81,86487.32
1790131740,86487.32,86487.32,86482,86482.01
1790131800,86482,86482.01,86468.01,86468.01
1790131860,86468.02,86468.02,86460.08,86468.02
1790131920,86468.02,86492.01,86466.79,86492
1790131980,86492,86500.36,86482.01,86482.02
1790132040,86482.02,86488.01,86472,86472.01
1790132100,86472.01,86478.01,86452.04,86471.05
1790132160,86471.05,86485.12,86471.05,86482.01
1790132220,86482,86518,86482,86510.62
1790132280,86510.62,86538.61,86507.04,86538.61
1790132340,86538.61,86552.27,86538.6,86552.26
1790132400,86552.27,86554.58,86538.62,86554.58
1790132460,86554.58,86554.58,86512.4,86512.41
1790132520,86512.4,86512.41,86482.66,86482.66
1790132580,86482.67,86482.67,86460.15,86460.16
1790132640,86460.16,86460.96,86460.15,86460.95
1790132700,86460.95,86491.21,86460.95,86470.01
1790132760,86470.01,86470.02,86452.24,86453.64
1790132820,86453.64,86453.64,86443.5,86443.5
1790132880,86443.5,86461.69,86436.35,86461.68
1790132940,86461.68,86480.01,86461.68,86472
1790133000,86472.01,86490.88,86472.01,86490.87
1790133060,86490.87,86501.44,86482,86482
1790133120,86482.01,86482.01,86482,86482
1790133180,86482.01,86517.3,86482,86517.3
1790133240,86517.3,86546.57,86517.29,86546.57
1790133300,86546.56,86546.57,86527.54,86527.54
1790133360,86527.54,86529.48,86506,86529.48
1790133420,86529.47,86533.35,86527.54,86533.35
1790133480,86533.45,86560.01,86533.45,86560.01
1790133540,86560.01,86588.3,86560,86588.29
1790133600,86588.3,86625.19,86586,86625.19
1790133660,86625.18,86674.45,86625.18,86674.44
1790133720,86674.45,86674.45,86669.23,86674.39
1790133780,86674.39,86756.75,86674.39,86756.75
1790133840,86756.75,86822.7,86746.87,86746.87
1790133900,86746.88,86746.88,86689.68,86689.68
1790133960,86689.68,86706.25,86684.58,86684.58
1790134020,86684.59,86694.45,86660.4,86660.4
1790134080,86660.41,86664.22,86650.66,86650.66
1790134140,86650.66,86691.94,86649.05,86691.93
1790134200,86691.94,86711.6,86660.21,86704.84
1790134260,86704.83,86722.36,86686.55,86686.55
1790134320,86686.55,86717.69,86686.55,86699.15
1790134380,86699.15,86699.16,86677.72,86688.65
1790134440,86688.64,86704.78,86688.64,86704.77
1790134500,86704.78,86724.49,86704.77,86707.44
1790134560,86707.44,86717.54,86687.99,86717.54
1790134620,86717.53,86810.73,86717.53,86775.25
1790134680,86775.26,86788.81,86745.63,86755.39
1790134740,86755.38,86835.12,86747.52,86835.11
1790134800,86835.11,86975.51,86827.1,86945.5
1790134860,86945.49,86950.47,86852.99,86857.92
1790134920,86857.91,86921.12,86854.04,86894.2
1790134980,86894.2,86916.4,86847.98,86848.1
1790135040,86848.1,86888,86814.52,86887.99
1790135100,86887.99,86888,86809.75,86809.76
1790135160,86809.75,86809.76,86749.02,86770.07
1790135220,86770.08,86801.57,86759.85,86801.57
1790135280,86801.56,86801.56,86771.54,86778.63
1790135340,86778.62,86778.63,86746.84,86746.85
1790135400,86746.85,86746.85,86730.65,86730.66
1790135460,86730.66,86746.85,86730.65,86730.76
1790135520,86730.77,86730.77,86721.05,86721.05
1790135580,86721.05,86721.06,86716.9,86720.23
1790135640,86720.23,86720.23,86705.88,86710.87
1790135700,86710.88,86721.08,86710.87,86721.07
1790135760,86721.07,86721.07,86710.5,86710.51
1790135820,86710.51,86721.06,86710.5,86719.66
1790135880,86719.66,86720.01,86704.26,86704.27
1790135940,86704.26,86704.27,86704.26,86704.27
1790136000,86704.27,86710.01,86668,86668
1790136060,86668,86674.15,86664,86674.14
1790136120,86674.15,86674.15,86654.56,86654.56
1790136180,86654.56,86654.56,86649.05,86649.05
1790136240,86649.05,86651.85,86649.05,86650
1790136300,86650.01,86650.01,86649.05,86649.05
1790136360,86649.05,86678.01,86636,86678
1790136420,86678.01,86715.47,86678,86715.47
1790136480,86715.46,86769.93,86715.46,86740
1790136540,86740,86830.91,86740,86820.65
1790136600,86820.65,86855.69,86820.64,86855.68
1790136660,86855.69,86876,86844,86870
1790136720,86870.01,86898.01,86870,86870.01
1790136780,86870.01,86871.37,86829.51,86861.66
1790136840,86861.66,86861.66,86842,86842
1790136900,86842.01,86917.86,86842,86917.86
1790136960,86917.86,86929.05,86827.45,86827.46
1790137020,86827.46,86827.46,86770.55,86808.52
1790137080,86808.52,86832.01,86808.51,86832
1790137140,86832,86842.01,86814,86838.01
1790137200,86838.01,86963.51,86838,86963.5
1790137260,86963.5,87032.4,86959.34,87000
1790137320,86999.99,87010.88,86941.81,86981.32
1790137380,86981.33,87180,86981.33,87125.63
1790137440,87125.63,87125.64,87076.64,87120.84
1790137500,87120.85,87200,87120.85,87164.03
1790137560,87164.02,87188.06,87122,87122.01
1790137620,87122,87246.42,87100,87230.3
1790137680,87230.3,87233.19,87102.54,87116.01
1790137740,87116,87116.01,87020.01,87020.02
1790137800,87020.01,87120.01,87020.01,87120.01
1790137860,87120,87160.01,87100.49,87147.28
1790137920,87147.27,87235.57,87147.27,87204.53
1790137980,87204.52,87259.48,87204.52,87250
1790138040,87250,87277,87207.52,87250.86
1790138100,87250.86,87261.6,87208.56,87245.4
1790138160,87245.39,87278.54,87204.23,87213.47
1790138220,87213.47,87229.92,87199.04,87200
1790138280,87200,87200,87140.69,87144.01
1790138340,87144.01,87154.01,87104.06,87116.01
1790138400,87116,87116.01,87100,87100
1790138460,87100.01,87195.84,87082.25,87158.01
1790138520,87158.01,87158.01,87143.92,87146.72
1790138580,87146.72,87169.83,87136.76,87169.83
1790138640,87169.83,87169.83,87114.66,87142.43
1790138700,87142.42,87144.01,87118.39,87144.01
1790138760,87144.01,87166.01,87144.01,87166.01
1790138820,87166,87189.05,87164,87164
1790138880,87164.01,87207.97,87164,87207.96
1790138940,87207.97,87207.97,87207.96,87207.97
1790139000,87207.97,87207.97,87172,87172.01
1790139060,87172.01,87172.01,87136.01,87148.01
1790139120,87148,87148.01,87131.76,87131.77
1790139180,87131.76,87148.01,87131.76,87148.01
1790139240,87148.01,87154.01,87148,87154
1790139300,87154,87200,87154,87200
1790139360,87199.99,87223.88,87199.99,87217.88
1790139420,87217.89,87217.89,87174,87174
1790139480,87174,87198.43,87160.95,87194.35
1790139540,87194.35,87194.35,87166.82,87166.95
1790139600,87166.94,87166.95,87100,87102.01
1790139660,87102.01,87117.04,87021.12,87022.01
1790139720,87022,87030.86,86977.64,86977.93
1790139780,86977.93,86977.94,86921.91,86926.36
1790139840,86926.36,86994,86908,86971.08
1790139900,86971.09,86977.05,86911.62,86920
1790139960,86920,86934.21,86894.41,86902.87
1790140020,86902.87,86952.01,86902.87,86950
1790140080,86950.01,86950.01,86897.55,86897.55
1790140140,86897.55,86918.02,86888,86910
1790140200,86910.01,86956.01,86910.01,86956
1790140260,86956.01,86956.01,86913.3,86916
1790140320,86915.99,86956.01,86915.99,86956.01
1790140380,86956.01,86966.01,86930.19,86934.86
1790140440,86934.87,86934.87,86930.25,86930.26
1790140500,86930.25,86936.49,86921.69,86936.49
1790140560,86936.49,86958.01,86936.48,86958
1790140620,86958,86958.01,86934,86934
1790140680,86934,86934.01,86876.21,86876.21
1790140740,86876.21,86876.22,86858.71,86872.98
1790140800,86872.98,86900,86870.01,86882.01
1790140860,86882,86914.01,86801.27,86801.27
1790140920,86801.27,86824.02,86760.82,86824.02
1790140980,86824.01,86870.01,86795.41,86851.61
1790141040,86851.6,86851.6,86800,86807.98
1790141100,86807.98,86857.9,86807.98,86846.94
1790141160,86846.93,86846.94,86821.65,86821.66
1790141220,86821.66,86821.66,86789.7,86789.7
1790141280,86789.71,86806.7,86781.78,86781.79
1790141340,86781.79,86809.86,86747.99,86781.65
1790141400,86781.65,86781.65,86752,86763.51
1790141460,86763.52,86782.01,86747.81,86747.81
1790141520,86747.82,86747.82,86721.44,86721.44
1790141580,86721.45,86747.82,86713.76,86738.86
1790141640,86738.86,86738.86,86726.22,86727.61
1790141700,86727.62,86774.01,86727.61,86774.01
1790141760,86774.01,86798.28,86774.01,86784.29
1790141820,86784.28,86784.29,86784.28,86784.29
1790141880,86784.29,86800,86721.71,86730.01
1790141940,86730,86737.47,86710.73,86724.01
1790142000,86724.01,86779.4,86724.01,86779.4
1790142060,86779.4,86824.01,86779.39,86824
1790142120,86824,86830.01,86824,86826.86
1790142180,86826.86,86826.87,86750.28,86750.29
1790142240,86750.28,86756.01,86721.37,86740.63
1790142300,86740.64,86766.01,86740.63,86766.01
1790142360,86766.01,86770.36,86747.64,86747.65
1790142420,86747.65,86756.02,86747.64,86756.01
1790142480,86756.01,86756.02,86748.5,86748.5
1790142540,86748.51,86748.51,86566.86,86586.01
1790142600,86586.01,86624.01,86502.25,86509.38
1790142660,86509.38,86573.89,86509.37,86573.89
1790142720,86573.88,86588.3,86531.27,86541.04
1790142780,86541.04,86562.01,86520,86530
1790142840,86530,86546.01,86530,86546.01
1790142900,86546.01,86550.01,86508.83,86508.83
1790142960,86508.84,86515.41,86500,86515.41
1790143020,86515.4,86549.4,86506,86506
1790143080,86506.01,86506.01,86424,86470.01
1790143140,86470,86500,86468.01,86496.01
1790143200,86496,86519.6,86474.8,86474.81
1790143260,86474.81,86490.01,86470,86470
1790143320,86470.01,86506.01,86445.17,86506
1790143380,86506.01,86552.05,86506,86552.04
1790143440,86552.05,86557.02,86501.36,86514.01
1790143500,86514,86545.73,86514,86545.73
1790143560,86545.73,86568.01,86545.72,86568.01
1790143620,86568.01,86573.06,86516.84,86516.85
1790143680,86516.85,86550.01,86516.84,86550.01
1790143740,86550.01,86558.01,86550.01,86550.95
1790143800,86550.96,86550.96,86530.06,86536.01
1790143860,86536.01,86564.01,86526.06,86564.01
1790143920,86564.01,86588.3,86564,86588.29
1790143980,86588.29,86609.93,86588.29,86609.92
1790144040,86609.92,86609.93,86606,86606.01
1790144100,86606.01,86606.01,86594.54,86601.16
1790144160,86601.16,86601.16,86601.15,86601.15
1790144220,86601.16,86601.16,86584.65,86584.66
1790144280,86584.66,86584.66,86538.2,86542.76
1790144340,86542.76,86542.76,86511.92,86514.61
1790144400,86514.62,86524.6,86514.61,86524.6
1790144460,86524.59,86542.01,86502,86504.33
1790144520,86504.33,86524.01,86504.33,86520.01
1790144580,86520.01,86520.01,86506.14,86506.14
1790144640,86506.14,86506.15,86480,86480
1790144700,86480,86494.01,86480,86494
1790144760,86494.01,86494.01,86475.04,86475.04
1790144820,86475.04,86475.05,86456.72,86456.72
1790144880,86456.72,86456.73,86450,86450.01
1790144940,86450.01,86450.01,86424,86424
1790145000,86424.01,86424.01,86392.05,86392.06
1790145060,86392.05,86446.01,86375,86446.01
1790145120,86446.01,86452,86432.2,86448
1790145180,86448,86454.01,86439.96,86439.97
1790145240,86439.97,86444.02,86439.96,86444.02
1790145300,86444.02,86472.01,86444.01,86472.01
1790145360,86472.01,86508.01,86472.01,86508
1790145420,86508,86523.42,86500,86523.42
1790145480,86523.41,86524,86519.25,86524
1790145540,86524,86524,86523.99,86523.99
1790145600,86524,86524,86523.99,86524
1790145660,86524,86524,86523.99,86524
1790145720,86524,86564.01,86523.99,86564
1790145780,86564.01,86564.01,86545.94,86545.94
1790145840,86545.94,86562.62,86545.94,86562.61
1790145900,86562.61,86562.61,86540.04,86540.04
1790145960,86540.05,86540.05,86510,86510.01
1790146020,86510.01,86542.01,86508.43,86508.43
1790146080,86508.43,86508.43,86489.99,86490
1790146140,86490,86490,86460.7,86460.7
1790146200,86460.7,86500,86456.43,86480.25
1790146260,86480.24,86500,86480.24,86499.99
1790146320,86500,86500,86466.96,86466.97
1790146380,86466.96,86478.01,86454.09,86473.17
1790146440,86473.17,86500,86443.5,86443.5
1790146500,86443.41,86470,86443.4,86470
1790146560,86470,86470,86458,86458
1790146620,86458,86474.53,86458,86468.07
1790146680,86468.06,86500,86468.06,86500
1790146740,86500,86500,86469.66,86469.66
1790146800,86469.67,86469.67,86439.15,86439.15
1790146860,86439.15,86439.16,86400,86400
1790146920,86400.01,86400.01,86309.94,86366.94
1790146980,86366.94,86462.17,86364,86462.17
1790147040,86462.16,86462.17,86424,86424.01
1790147100,86424.01,86428.02,86356.02,86356.03
1790147160,86356.02,86356.02,86311.39,86314.71
1790147220,86314.7,86370.3,86314.7,86370.01
1790147280,86370.01,86442.91,86370.01,86432
1790147340,86432.01,86432.01,86390.27,86390.27
1790147400,86390.27,86405.78,86388.57,86389.87
1790147460,86389.88,86417.74,86389.88,86413.99
1790147520,86414,86443.78,86413.99,86443.78
1790147580,86443.78,86443.78,86383.85,86385.94
1790147640,86385.94,86385.94,86358.7,86358.7
1790147700,86358.71,86405.8,86358.71,86393.72
1790147760,86393.72,86436.01,86359.43,86430
1790147820,86430,86430.11,86406.03,86430.11
1790147880,86430.12,86430.12,86420.85,86426.01
1790147940,86426.01,86443.36,86368,86379.2
1790148000,86379.2,86431.41,86379.19,86431.4
1790148060,86431.4,86431.41,86410,86426.37
1790148120,86426.36,86426.37,86410,86414.15
1790148180,86414.16,86414.16,86357.08,86357.09
1790148240,86357.09,86376.43,86356.8,86356.8
1790148300,86356.8,86356.8,86337.91,86337.91
1790148360,86337.91,86337.92,86310.26,86310.26
1790148420,86310.26,86336.5,86310.26,86336.5
1790148480,86336.5,86376.01,86336.49,86376.01
1790148540,86376.01,86406.04,86376,86406.04
1790148600,86406.03,86417.74,86395.57,86395.57
1790148660,86395.57,86404.01,86361.07,86361.07
1790148720,86361.07,86361.08,86311.85,86329.33
1790148780,86329.34,86329.34,86289.18,86294.29
1790148840,86294.29,86294.3,86269.29,86269.29
1790148900,86269.29,86269.29,86188,86188.25
1790148960,86188.25,86256.56,86146.98,86215.84
1790149020,86215.84,86285.52,86204.19,86267.68
1790149080,86267.67,86267.68,86207,86207
1790149140,86207.01,86207.01,86173.47,86173.47
1790149200,86173.47,86230.73,86171.17,86230.73
1790149260,86230.73,86230.73,86207.65,86226.01
1790149320,86226.01,86226.02,86202.13,86202.13
1790149380,86202.14,86202.14,86182,86182
1790149440,86182,86182,86000,86057.27
1790149500,86057.26,86154,86057.26,86153.99
1790149560,86153.98,86153.99,86087.96,86140
1790149620,86139.99,86139.99,86093.47,86093.47
1790149680,86093.47,86137.22,86055.69,86137.21
1790149740,86137.21,86170.01,86102.26,86131.85
1790149800,86131.84,86170.01,86131.84,86170.01
1790149860,86170,86213.2,86165.99,86213.2
1790149920,86213.2,86221.82,86208,86216.85
1790149980,86216.85,86223.77,86152.9,86168.01
1790150040,86168.01,86205.43,86168,86198.01
1790150100,86198.01,86202.79,86189.13,86194.46
1790150160,86194.47,86194.47,86163.46,86163.46
1790150220,86163.47,86166.01,86131.31,86150.05
1790150280,86150.05,86176.01,86150.04,86166.48
1790150340,86166.48,86166.48,86122,86124.77
1790150400,86124.77,86215.36,86124.76,86207.29
1790150460,86207.28,86238.01,86207.28,86238.01
1790150520,86238.01,86250,86228.58,86228.58
1790150580,86228.58,86228.58,86166.38,86166.38
1790150640,86166.39,86174.52,86132,86141.14
1790150700,86141.13,86141.14,86117.15,86124.01
1790150760,86124.01,86126.01,86082.03,86094.01
1790150820,86094,86141.14,86093.96,86136.01
1790150880,86136.01,86178.88,86136,86178
1790150940,86178,86201.38,86178,86193.45
1790151000,86193.44,86202.01,86193.44,86202
1790151060,86202,86220,86198,86216.9
1790151120,86216.91,86218.01,86194.03,86200.91
1790151180,86200.91,86217.71,86200.91,86204.01
1790151240,86204,86204,86142.12,86179.52
1790151300,86179.52,86250,86179.52,86249.99
1790151360,86249.99,86255,86232.6,86251.33
1790151420,86251.32,86251.33,86236.37,86240.01
1790151480,86240.01,86253.81,86239.14,86246.17
1790151540,86246.16,86260.01,86246.16,86260.01
1790151600,86260,86260.01,86254,86254.01
1790151660,86254.01,86264.01,86241.52,86243.25
1790151720,86243.25,86248.01,86230.92,86248
1790151780,86248,86248.01,86222,86222
1790151840,86222.01,86247.54,86208,86208.01
1790151900,86208,86257.8,86208,86242
1790151960,86242,86243.1,86220.77,86220.78
1790152020,86220.78,86220.78,86163.02,86163.03
1790152080,86163.02,86180.01,86142.7,86180
1790152140,86180,86180,86148.9,86151.37
1790152200,86151.37,86199.91,86151.36,86184.01
1790152260,86184,86199.91,86155.6,86156.01
1790152320,86156.02,86178.86,86154,86161.4
1790152380,86161.4,86191.89,86161.39,86168.33
1790152440,86168.34,86168.34,86158,86160.03
1790152500,86160.04,86164,86142.7,86142.71
1790152560,86142.7,86174.01,86142.7,86174.01
1790152620,86174.01,86208.07,86174,86208.07
1790152680,86208.07,86208.07,86178,86178
1790152740,86178.01,86213.02,86171.99,86213.01
1790152800,86213.01,86213.01,86191.37,86191.37
1790152860,86191.37,86198.84,86182.45,86182.45
1790152920,86182.45,86182.45,86163.92,86163.92
1790152980,86163.92,86163.93,86100,86100
1790153040,86100,86100.01,86082.19,86088.01
1790153100,86088.01,86092.01,86058,86058.92
1790153160,86058.93,86077.48,86042.4,86044.7
1790153220,86044.7,86044.71,85903.01,85937.2
1790153280,85937.19,85996,85937.19,85990.49
1790153340,85990.49,85990.49,85805.49,85808.68
1790153400,85808.67,85880.37,85750.03,85772.24
1790153460,85772.24,85802.54,85727.04,85727.05
1790153520,85727.04,85771.45,85688,85710.68
1790153580,85710.69,85790.57,85706,85750.82
1790153640,85750.81,85782.08,85711.9,85726.9
1790153700,85726.9,85798.5,85706.45,85788.04
1790153760,85788.04,85859.29,85787.56,85859.29
1790153820,85859.28,85902.83,85859.28,85902.83
1790153880,85902.83,85910.01,85901.44,85910.01
1790153940,85910.01,85910.01,85880.5,85899.99
1790154000,85899.99,85930,85899.99,85918.56
1790154060,85918.55,85923.18,85895.71,85922.61
1790154120,85922.61,85954.04,85909.83,85954
1790154180,85954,85954,85937.45,85937.46
1790154240,85937.46,85950.54,85928.64,85928.64
1790154300,85928.64,85928.64,85880.49,85913.68
1790154360,85913.67,85954,85911.81,85949.99
1790154420,85950,86004.01,85949.99,85992
1790154480,85992,86006.48,85991.99,85992.14
1790154540,85992.14,86014.34,85992.14,86010.2
1790154600,86010.19,86010.2,86000.96,86000.97
1790154660,86000.97,86000.97,85980.76,85985.08
1790154720,85985.08,86000.97,85985.08,86000.97
1790154780,86000.97,86000.97,85940.58,85940.58
1790154840,85940.58,85945.32,85936.36,85945.31
1790154900,85945.31,85983.29,85943.92,85959.52
1790154960,85959.52,85959.53,85950,85956.72
1790155020,85956.72,85993.2,85923.18,85935.12
1790155080,85935.12,85935.13,85916.03,85916.04
1790155140,85916.04,85916.04,85910,85914.61
1790155200,85914.61,85924.63,85911.84,85916.71
1790155260,85916.71,85962.91,85867.29,85961.71
1790155320,85961.71,85966.87,85941.13,85966.87
1790155380,85966.87,85975.09,85966.86,85974.02
1790155440,85974.02,85990,85966.87,85989.99
1790155500,85990,86024.01,85987.11,85987.12
1790155560,85987.12,85987.85,85976.31,85983.11
1790155620,85983.11,85991.82,85979.07,85979.07
1790155680,85979.08,85979.08,85883.33,85900.83
1790155740,85900.84,85900.84,85878.99,85888.43
1790155800,85888.42,85933.64,85888.42,85929.67
1790155860,85929.66,85929.67,85888.49,85888.49
1790155920,85888.5,85888.5,85862.15,85864.86
1790155980,85864.86,85871.71,85857.52,85858
1790156040,85858,85858.01,85802,85818.69
1790156100,85818.68,85846.09,85809.99,85819.99
1790156160,85820,85820,85801.07,85817.86
1790156220,85817.86,85827,85817.86,85819.92
1790156280,85819.92,85847.19,85819.91,85847.19
1790156340,85847.19,85847.19,85813.78,85813.79
1790156400,85813.78,85813.79,85798.49,85804.51
1790156460,85804.51,85808.75,85790,85798.17
1790156520,85798.16,85808.65,85790.69,85808.65
1790156580,85808.65,85808.65,85802.05,85802.05
1790156640,85802.06,85806.41,85800,85800.01
1790156700,85800,85838.02,85800,85838.01
1790156760,85838.01,85838.01,85808.22,85808.22
1790156820,85808.23,85814.39,85805.87,85814.39
1790156880,85814.38,85819.6,85800,85800.01
1790156940,85800,85838.02,85800,85838.02
1790157000,85838.01,85859.26,85809.87,85809.87
1790157060,85809.88,85812.95,85800,85800
1790157120,85800.01,85804.82,85767.88,85804.81
1790157180,85804.81,85804.81,85751.63,85751.63
1790157240,85751.63,85806.98,85734.01,85806.98
1790157300,85806.98,85852.01,85806.97,85852
1790157360,85852,85918.01,85852,85896.12
1790157420,85896.13,85924.01,85835.26,85846.21
1790157480,85846.2,85865.41,85824.01,85824.02
1790157540,85824.02,85863.18,85824.01,85854.33
1790157600,85854.34,85934.02,85838.92,85909.1
1790157660,85909.11,85909.11,85822,85855.13
1790157720,85855.13,85877.63,85832.08,85877.62
1790157780,85877.63,85880.37,85866.92,85872.83
1790157840,85872.82,85896.52,85872.82,85874.36
1790157900,85874.35,85874.36,85874.35,85874.36
1790157960,85874.35,85874.36,85844.53,85855.16
1790158020,85855.17,85855.17,85826.78,85826.79
1790158080,85826.79,85845.54,85819.44,85845.53
1790158140,85845.54,85856.71,85845.53,85852.58
1790158200,85852.58,85852.58,85820.83,85820.84
1790158260,85820.83,85860.6,85820.83,85860.6
1790158320,85860.6,85888.41,85821.44,85831.44
1790158380,85831.44,85859.15,85831.43,85831.43
1790158440,85831.44,85861.46,85825.36,85859.25
1790158500,85859.25,85859.25,85819.1,85847.49
1790158560,85847.49,85847.49,85823.06,85823.07
1790158620,85823.07,85847.49,85823.07,85838.73
1790158680,85838.72,85843.03,85800,85812.83
1790158740,85812.83,85844.8,85812.83,85833.22
1790158800,85833.22,85837.25,85798,85798
1790158860,85798.01,85804.64,85760.74,85786.97
1790158920,85786.97,85790.66,85738.01,85756.16
1790158980,85756.16,85756.16,85667.11,85704.29
1790159040,85704.3,85718.38,85678,85678.01
1790159100,85678.01,85684.92,85658.75,85671.26
1790159160,85671.25,85681.72,85660.02,85681.72
1790159220,85681.72,85773.17,85681.71,85755.66
1790159280,85755.65,85776,85742,85756.01
1790159340,85756.01,85800.01,85756,85800.01
1790159400,85800.01,85874.01,85800,85812
1790159460,85812.01,85812.01,85771.99,85772
1790159520,85772,85782.01,85760,85760
1790159580,85760.01,85772.9,85742.94,85742.94
1790159640,85742.95,85827.65,85730.69,85810
1790159700,85810.01,85810.01,85775.28,85775.28
1790159760,85775.28,85840.01,85775.28,85840.01
1790159820,85840.01,85854.01,85840.01,85854
1790159880,85854.01,85857.57,85827.76,85827.77
1790159940,85827.77,85868.01,85827.77,85868.01
1790160000,85868.01,85871.24,85868,85871.24
1790160060,85871.24,85871.24,85844.03,85844.04
1790160120,85844.03,85868.16,85840,85864.02
1790160180,85864.02,85864.03,85855.22,85855.22
1790160240,85855.23,85876,85855.22,85876
1790160300,85876,85888,85875.99,85880.68
1790160360,85880.68,85888,85880.67,85888
1790160420,85888,85888,85868.91,85868.92
1790160480,85868.92,85868.92,85857.31,85864.78
1790160540,85864.78,85864.79,85864.78,85864.79
1790160600,85864.79,85888,85860.01,85860.01
1790160660,85860.02,85860.02,85831.96,85844.62
1790160720,85844.61,85850.01,85828,85850.01
1790160780,85850.01,85850.01,85835.97,85837.36
1790160840,85837.35,85837.36,85835.97,85835.98
1790160900,85835.97,85857.67,85835.97,85857.66
1790160960,85857.67,85900.62,85857.66,85864.26
1790161020,85864.26,85884.45,85860.81,85871.16
1790161080,85871.17,85918.01,85871.16,85917.21
1790161140,85917.21,85923.07,85912,85923.07
1790161200,85923.07,85945.04,85922.73,85945.04
1790161260,85945.04,85966.04,85882,85882
1790161320,85882,85882.01,85844.8,85844.8
1790161380,85844.81,85844.81,85828,85828.01
1790161440,85828.01,85888.01,85828,85877.99
1790161500,85877.99,85886.01,85858,85858
1790161560,85858,85858.01,85838.66,85838.66
1790161620,85838.66,85860.01,85838.66,85860.01
1790161680,85860,85874.01,85847.06,85847.06
1790161740,85846,85848.87,85840,85848.87
1790161800,85848.87,85848.87,85737.92,85737.93
1790161860,85737.92,85752.01,85737.74,85752.01
1790161920,85752.01,85752.01,85728,85728.01
1790161980,85728,85730.01,85699.11,85730
1790162040,85730,85749.44,85730,85742.47
1790162100,85742.46,85748.6,85742.46,85748.56
1790162160,85748.55,85748.56,85737.74,85737.74
1790162220,85737.75,85737.75,85714.15,85714.16
1790162280,85714.15,85714.15,85693.2,85693.21
1790162340,85693.2,85693.21,85693.2,85693.2
1790162400,85693.2,85693.21,85628.2,85628.2
1790162460,85628.21,85629.63,85588,85590.01
1790162520,85590,85592.01,85561.85,85592
1790162580,85592.01,85622.01,85580.11,85619.23
1790162640,85619.23,85619.24,85572.4,85573.56
1790162700,85573.56,85625.61,85544.95,85544.99
1790162760,85544.99,85567.79,85539.99,85540
1790162820,85540,85540,85535.88,85540
1790162880,85539.99,85556.32,85504.66,85544.01
1790162940,85544,85544.01,85467.88,85506.01
1790163000,85506.01,85522,85500.01,85522
1790163060,85522,85586.01,85522,85576.8
1790163120,85576.8,85596.01,85517.07,85557.96
1790163180,85557.95,85579.72,85528,85530.75
1790163240,85530.76,85546.01,85486,85512
1790163300,85512.01,85546.01,85500,85500
1790163360,85500,85510.01,85500,85508.64
1790163420,85508.64,85508.64,85482,85482
1790163480,85482.01,85489,85482,85486
1790163540,85486,85489,85450.88,85487.62
1790163600,85487.63,85494.01,85459.99,85459.99
1790163660,85459.98,85500,85458.2,85497.28
1790163720,85497.29,85497.29,85476,85493.7
1790163780,85493.7,85493.7,85480,85480.01
1790163840,85480.01,85510,85480,85509.99
1790163900,85509.99,85567.86,85509.99,85566.5
1790163960,85566.5,85600,85566.49,85600
1790164020,85600,85622.14,85599.99,85622.14
1790164080,85622.13,85650.01,85582,85625.42
1790164140,85625.42,85663.87,85625.41,85642.38
1790164200,85642.38,85651.59,85620.59,85651.58
1790164260,85651.58,85664.01,85634,85648.01
1790164320,85648,85674.36,85648,85666.02
1790164380,85666.02,85677,85648,85648
1790164440,85648.01,85654.91,85646.01,85654.91
1790164500,85654.91,85668.88,85654.9,85668.87
1790164560,85668.88,85668.88,85668.87,85668.88
1790164620,85668.88,85668.88,85668.87,85668.87
1790164680,85668.87,85668.88,85658,85658
1790164740,85658.01,85658.01,85649.95,85649.95
1790164800,85649.96,85675.04,85647.1,85658.01
1790164860,85658.01,85658.01,85616.24,85626.02
1790164920,85626.01,85626.02,85600.01,85604.01
1790164980,85604.01,85604.01,85484.13,85498
1790165040,85498,85527.78,85474,85480
1790165100,85480,85540.01,85476,85514.08
1790165160,85514.07,85548.84,85473.06,85473.06
1790165220,85473.07,85522.01,85468,85522
1790165280,85522.01,85553.18,85522,85550
1790165340,85550.01,85568.45,85548.59,85568.45
1790165400,85568.45,85568.45,85530,85544.81
1790165460,85544.87,85545.94,85514.31,85526
1790165520,85526.01,85534.17,85500.05,85500.05
1790165580,85500.05,85500.06,85459.4,85459.41
1790165640,85459.4,85476.01,85459.4,85472.63
1790165700,85472.63,85511.77,85442.51,85490
1790165760,85490.01,85490.01,85471.38,85471.38
1790165820,85471.38,85471.38,85330.4,85392
1790165880,85392.01,85399.51,85314.9,85319.15
1790165940,85319.15,85366.28,85267.32,85274
1790166000,85274,85346.01,85274,85346.01
1790166060,85346.01,85373.23,85346.01,85366.71
1790166120,85366.72,85436.01,85366.72,85420.84
1790166180,85420.84,85470.01,85420.83,85452.43
1790166240,85452.43,85495.49,85452.01,85495.49
1790166300,85496.01,85518.01,85496.01,85496.02
1790166360,85496.01,85501.67,85482.67,85482.67
1790166420,85482.67,85482.68,85444,85444
1790166480,85444,85476.01,85444,85476.01
1790166540,85476,85485.42,85476,85485.41
1790166600,85485.41,85542.01,85485.41,85534.07
1790166660,85534.08,85544.01,85514.92,85544
1790166720,85544.01,85576.01,85542.18,85576
1790166780,85576.01,85600,85519.21,85524.29
1790166840,85524.29,85528.56,85502.59,85509.48
1790166900,85509.49,85514.6,85488.82,85488.82
1790166960,85488.83,85523.04,85488.82,85492
1790167020,85492,85521.54,85492,85521.53
1790167080,85521.53,85541.8,85514.14,85514.15
1790167140,85514.15,85526.16,85507.45,85507.46
1790167200,85507.45,85529.45,85504,85505.99
1790167260,85505.99,85506,85493.16,85493.16
1790167320,85493.17,85493.17,85470.26,85479.16
1790167380,85479.15,85496.14,85478.14,85478.15
1790167440,85478.14,85478.15,85463.03,85463.04
1790167500,85463.04,85492.93,85463.03,85492.93
1790167560,85492.93,85513.19,85492.92,85500.52
1790167620,85500.53,85507.42,85498,85504.01
1790167680,85504.01,85550.95,85504,85550.95
1790167740,85550.94,85550.95,85486.18,85486.19
1790167800,85486.18,85486.19,85464.02,85464.02
1790167860,85464.02,85464.02,85414.41,85416.01
1790167920,85416.01,85431.96,85410,85430.59
1790167980,85430.58,85472.33,85425.96,85472.33
1790168040,85472.33,85494.74,85472.33,85480.46
1790168100,85480.47,85480.47,85449.69,85477.7
1790168160,85477.7,85477.71,85456.33,85477.7
1790168220,85477.7,85495.99,85469.25,85469.26
1790168280,85469.26,85481.82,85469.25,85481.81
1790168340,85481.82,85513.04,85481.81,85510.91
1790168400,85510.9,85519.88,85471.71,85471.72
1790168460,85471.71,85478.01,85446,85476.06
1790168520,85476.06,85476.06,85452,85456.15
1790168580,85456.15,85456.16,85417.57,85417.57
1790168640,85417.57,85417.58,85390,85400
1790168700,85399.99,85400,85359,85374.28
1790168760,85374.27,85388.32,85370,85388.32
1790168820,85388.87,85415.89,85345.7,85345.7
1790168880,85345.7,85345.7,85304.01,85316.96
1790168940,85316.96,85344.01,85288,85335.38
1790169000,85335.38,85432.01,85326,85380.49
1790169060,85380.49,85403.31,85344,85403.3
1790169120,85403.31,85417.65,85396.94,85403.3
1790169180,85403.31,85410.45,85364.75,85372
1790169240,85371.99,85372,85348.54,85372
1790169300,85371.99,85427.27,85371.99,85427.26
1790169360,85427.27,85467.99,85427.26,85467.98
1790169420,85467.98,85489.68,85467.98,85489.68
1790169480,85489.68,85489.68,85412.16,85412.17
1790169540,85412.16,85460.01,85408,85448
1790169600,85448,85500,85448,85498.51
1790169660,85498.5,85498.5,85451.87,85462.01
1790169720,85462.01,85478.01,85462.01,85466
1790169780,85466.01,85480.01,85459.49,85478.64
1790169840,85478.63,85512,85463.1,85463.1
1790169900,85463.11,85496.01,85444,85496
1790169960,85496,85550.3,85496,85522.01
1790170020,85522.01,85561.14,85522,85560
1790170080,85560,85588.01,85560,85570.39
1790170140,85570.4,85570.4,85542.64,85548
1790170200,85548.01,85620.01,85528,85562.69
1790170260,85562.68,85593.99,85531.44,85584.01
1790170320,85584.01,85691.03,85576,85690.99
1790170380,85690.99,85723.29,85600.21,85666.01
1790170440,85666,85666.01,85592.14,85592.14
1790170500,85592.14,85604.54,85543.69,85543.69
1790170560,85543.7,85664.01,85524.36,85603.91
1790170620,85603.92,85780.18,85595.1,85778.41
1790170680,85778.41,85844.81,85770.09,85776.86
1790170740,85776.86,85812.21,85737.75,85741.88
1790170800,85741.89,85851.92,85730,85851.91
1790170860,85851.91,85875.73,85804.65,85809.95
1790170920,85809.95,85878.01,85749.06,85749.06
1790170980,85749.06,85840.01,85745.07,85814.01
1790171040,85814,85861.88,85814,85835.08
1790171100,85835.09,85838.01,85683.6,85697.94
1790171160,85697.94,85757.48,85638,85712.58
1790171220,85712.58,85749.55,85673.17,85706
1790171280,85706,85742,85626.58,85664
1790171340,85664.01,85693.61,85616.23,85680.31
1790171400,85680.31,85736.01,85626,85634.03
1790171460,85634.02,85642.01,85550.3,85616
1790171520,85616,85717.44,85602.66,85695.29
1790171580,85695.29,85718,85666,85666.01
1790171640,85666,85698.01,85604,85698
1790171700,85698,85718.33,85675.95,85694.01
1790171760,85694,85718.01,85660,85718
1790171820,85718,85818,85718,85818
1790171880,85818,85818.01,85768.02,85778.63
1790171940,85778.63,85792.01,85774.49,85792.01
1790172000,85792.01,85866,85776,85866
1790172060,85865.99,85940.32,85865.99,85921.38
1790172120,85921.38,85934.01,85800,85814.01
1790172180,85814.01,85814.01,85713.29,85725.28
1790172240,85725.28,85760,85706.42,85753.47
1790172300,85753.48,85804.01,85720,85720.01
1790172360,85720.01,85720.01,85638,85656.24
1790172420,85656.24,85656.24,85546.81,85546.81
1790172480,85546.81,85546.82,85403.08,85431.99
1790172540,85431.99,85431.99,85322.74,85322.74
1790172600,85322.74,85338.76,84911.76,85155.36
1790172660,85155.36,85155.37,84919.25,84998.01
1790172720,84998,85062.98,84765.86,84765.86
1790172780,84765.86,84789.84,84535.6,84714.15
1790172840,84714.14,84896.63,84714.14,84875.88
1790172900,84875.87,84886.92,84750,84785.33
1790172960,84785.32,84785.33,84600,84600.01
1790173020,84600,84600,84424.98,84528.42
1790173080,84528.42,84604.31,84422.77,84466.68
1790173140,84466.68,84494.73,84350.01,84350.01
1790173200,84350.01,84507,84255.32,84496.46
1790173260,84496.46,84547.37,84396.36,84410.59
1790173320,84410.59,84410.59,84194.41,84209.31
1790173380,84209.3,84231.72,84021.82,84110.39
1790173440,84110.4,84215.68,84000,84213.04
1790173500,84213.04,84389.04,84188.02,84293.92
1790173560,84293.93,84293.93,84139.37,84149.55
1790173620,84149.56,84172.12,84101.3,84130.05
1790173680,84130.05,84169.87,84102.99,84115.36
1790173740,84115.35,84169.86,83928.57,84041.66
1790173800,84041.66,84114.48,83957.9,83957.9
1790173860,83957.9,84040.02,83864.07,84025
1790173920,84024.99,84220.2,84000.73,84205.6
1790173980,84205.59,84341.41,84162.72,84162.72
1790174040,84162.72,84441.24,84158.73,84431.52
1790174100,84431.52,84487.14,84423,84432.13
1790174160,84432.13,84496.59,84402.63,84454.1
1790174220,84454.11,84478.16,84390.94,84397.07
1790174280,84397.07,84397.07,84313.88,84353.05
1790174340,84353.05,84454.94,84315.33,84426.49
1790174400,84426.48,84491.48,84412.98,84460.29
1790174460,84460.29,84484.01,84432,84435.87
1790174520,84435.87,84438.01,84326,84326
1790174580,84326,84396.93,84272.38,84370.93
1790174640,84370.93,84384.82,84312.51,84312.51
1790174700,84312.51,84371.4,84304.9,84371.4
1790174760,84371.4,84371.4,84235.76,84235.77
1790174820,84235.76,84280.64,84200,84234.66
1790174880,84234.66,84304.01,84231.5,84294.02
1790174940,84294.03,84346.19,84280,84324.01
1790175000,84324.01,84389.23,84236,84236
1790175060,84236,84514.71,84236,84429.93
1790175120,84429.92,84429.92,84344.36,84418.01
1790175180,84418,84475.33,84369.37,84472.01
1790175240,84472.01,84580,84438.33,84554.28
1790175300,84554.28,84575.8,84468,84542.7
1790175360,84542.7,84550.01,84423.31,84436.01
1790175420,84436.01,84550.01,84436.01,84523.43
1790175480,84523.43,84553.94,84501.54,84530
1790175540,84530,84540.89,84483.05,84533.99
1790175600,84534,84542.01,84456.25,84526.64
1790175660,84526.95,84629.21,84526.94,84609.75
1790175720,84609.74,84633.75,84586,84586.01
1790175780,84586,84586.01,84529.29,84529.38
1790175840,84529.39,84554,84500,84554
1790175900,84554.01,84599.85,84529.99,84549.78
1790175960,84549.77,84549.8,84522.58,84536.59
1790176020,84536.58,84586.01,84536.58,84567.8
1790176080,84567.79,84722.68,84567.79,84662
1790176140,84662.01,84713,84608.19,84608.19
1790176200,84608.19,84634.4,84572.44,84575.93
1790176260,84575.92,84641.87,84575.92,84641.87
1790176320,84641.87,84672.01,84625.79,84648
1790176380,84648,84683.86,84639.13,84658.01
1790176440,84658.01,84672.02,84644.17,84652.63
1790176500,84652.63,84744.79,84640.19,84742
1790176560,84742.01,84794.01,84716,84716
1790176620,84716,84716,84618,84682.09
1790176680,84682.1,84685.42,84569.99,84585.18
1790176740,84585.19,84622.01,84585.18,84617.66
1790176800,84617.66,84634.35,84588,84599.99
1790176860,84599.99,84600,84515.21,84562.95
1790176920,84563.45,84610.01,84563.45,84608
1790176980,84608.01,84660.79,84582,84587.04
1790177040,84587.05,84626.92,84566.65,84566.65
1790177100,84566.66,84605.74,84559.64,84588.55
1790177160,84588.56,84655.66,84588.55,84655.66
1790177220,84655.66,84679.62,84611.02,84634.4
1790177280,84634.4,84634.4,84520.69,84520.69
1790177340,84520.69,84538.62,84491.88,84505.46
1790177400,84505.45,84534.01,84472.28,84487.88
1790177460,84487.89,84487.9,84419.99,84419.99
1790177520,84420,84460.01,84389,84418.54
1790177580,84418.54,84435.43,84376,84430
1790177640,84430,84496,84429.99,84496
1790177700,84496,84522.68,84461.91,84515.86
1790177760,84515.86,84515.86,84427.12,84438.01
1790177820,84438,84438,84337,84358.89
1790177880,84358.88,84378.01,84341.06,84368
1790177940,84368,84377.37,84332.05,84342.66
1790178000,84342.66,84342.66,84315,84328.25
1790178060,84328.25,84376.01,84300,84372.92
1790178120,84372.92,84422.01,84372.92,84372.93
1790178180,84372.93,84372.93,84279.5,84326.01
1790178240,84326,84340.01,84277.17,84296.89
1790178300,84296.89,84318.01,84285.33,84308.01
1790178360,84308.01,84337.55,84288,84301.06
1790178420,84301.05,84301.06,84224.9,84234.01
1790178480,84234,84252.02,84218.01,84231.72
1790178540,84231.72,84255.79,84218.9,84255.78
1790178600,84255.78,84285.99,84238,84247.78
1790178660,84247.78,84247.78,84182.67,84226
1790178720,84226,84266.72,84178.18,84179.99
1790178780,84179.98,84179.99,84120,84122
1790178840,84122,84158.15,84044.54,84044.54
1790178900,84044.55,84172,84032,84054.12
1790178960,84054.12,84120,84020,84080
1790179020,84080.01,84164.93,84080.01,84149.74
1790179080,84149.73,84157.98,84038,84038.01
1790179140,84038.01,84048.54,83950,83996.01
1790179200,83996,84056.01,83982.93,84018.11
1790179260,84018.12,84018.12,83637.12,83705.34
1790179320,83705.34,83708.36,83500.01,83619.16
1790179380,83619.16,83763.66,83577.75,83739.27
1790179440,83739.27,83920.01,83739.26,83916.73
1790179500,83916.73,84125.85,83900,84104.63
1790179560,84104.64,84262.01,84100.01,84236
1790179620,84236.01,84285.73,84236,84285.72
1790179680,84285.72,84290.03,84234,84270.13
1790179740,84270.14,84319.86,84270.13,84314.5
1790179800,84314.5,84347.03,84285.52,84285.53
1790179860,84285.53,84341.02,84275.04,84312.5
1790179920,84312.5,84363.19,84296,84296
1790179980,84296,84300,84250,84300
1790180040,84299.99,84345.89,84299.99,84345.88
1790180100,84345.88,84345.88,84286,84286
1790180160,84286,84338.97,84286,84298
1790180220,84298,84350,84298,84328.26
1790180280,84328.25,84328.26,84296.74,84296.74
1790180340,84296.75,84315.66,84286,84286.01
1790180400,84286.01,84317.79,84224,84230
1790180460,84230,84256,84184,84187.73
1790180520,84187.73,84246.01,84139.31,84246.01
1790180580,84246.01,84312.8,84218.9,84222.94
1790180640,84222.94,84248.01,84206.01,84222.01
1790180700,84222.01,84279.5,84216.27,84228
1790180760,84228,84254,84192,84253.99
1790180820,84253.99,84254,84222,84222.01
1790180880,84222,84222,84192.01,84192.02
1790180940,84192.02,84239.38,84182,84239.38
1790181000,84239.38,84335,84239.37,84334.99
1790181060,84334.99,84335,84263.42,84282
1790181120,84282.01,84288.01,84252.97,84254.03
1790181180,84254.04,84277.26,84249.05,84277.02
1790181240,84277.02,84277.02,84240,84240.01
1790181300,84240.01,84240.01,84135,84135
1790181360,84135,84192.76,84135,84188.02
1790181420,84188.01,84204.01,84168.86,84204.01
1790181480,84204.01,84206.03,84122,84124.95
1790181540,84124.94,84124.95,84022.64,84025.49
1790181600,84025.49,84052.95,84003.73,84014.85
1790181660,84014.84,84018.95,83939.23,83994.02
1790181720,83994.02,84069.44,83994.01,84052.09
1790181780,84052.08,84130.79,84052.08,84128.09
1790181840,84128.09,84128.09,84084.86,84091.13
1790181900,84091.13,84146.37,84062.05,84085.28
1790181960,84085.28,84100.5,84018,84018.01
1790182020,84018,84018.03,83990,83998.08
1790182080,83998.08,83998.08,83944.66,83944.67
1790182140,83944.66,83944.67,83888,83905.44
1790182200,83905.44,83935.55,83846.94,83918.74
1790182260,83918.74,83946.01,83864.45,83908.01
1790182320,83908.01,83931.16,83889.7,83900.61
1790182380,83901.98,83938.01,83872,83931.76
1790182440,83931.77,83955,83910.15,83944
1790182500,83944,83955,83920,83924.76
1790182560,83924.77,83984.68,83924.76,83984.68
1790182620,83984.67,84037.12,83971.5,83971.5
1790182680,83971.5,84034.48,83952.89,84010.87
1790182740,84010.88,84038.01,84010.87,84038
1790182800,84038.01,84102.01,84018.28,84102.01
1790182860,84102.01,84182,84102,84138.5
1790182920,84138.49,84138.49,83906.25,83914.78
1790182980,83914.77,83976.01,83864.22,83870.7
1790183040,83870.7,83956.01,83854.05,83915.13
1790183100,83915.13,83915.13,83862.45,83873.47
1790183160,83873.48,83898,83867.14,83885.25
1790183220,83885.25,83933.41,83860,83860
1790183280,83860,83872.01,83800,83830
1790183340,83830,83915.14,83743.45,83873.29
1790183400,83873.28,83873.28,83787.38,83842.05
1790183460,83842.04,83894.39,83820,83824.04
1790183520,83824.03,83861.69,83824.03,83845.19
1790183580,83845.19,83852.01,83699.27,83736.75
1790183640,83736.76,83810.48,83736.75,83810.47
1790183700,83810.48,83879.82,83786,83876.39
1790183760,83876.39,83950.01,83876.39,83950.01
1790183820,83950,84012.96,83950,84012.96
1790183880,84012.95,84046.01,84006.4,84036.98
1790183940,84036.99,84036.99,84003.45,84017.92
1790184000,84017.93,84048.62,84008.63,84048.62
1790184060,84048.61,84058.01,84032,84046.01
1790184120,84046.01,84149.78,84046,84148.78
1790184180,84148.78,84225.8,84148.78,84172
1790184240,84172.01,84172.01,84043.8,84043.8
1790184300,84043.81,84090.01,84043.81,84090
1790184360,84090,84116.01,84084.75,84094.92
1790184420,84094.92,84106.01,84045.25,84070.85
1790184480,84070.85,84086.01,84069.43,84069.43
1790184540,84069.43,84072.01,84050,84064.49
1790184600,84064.49,84082.3,84043.8,84061.34
1790184660,84061.33,84061.34,84043.8,84043.81
1790184720,84043.8,84094.53,84021.53,84094.52
1790184780,84094.52,84094.53,84049.15,84056.93
1790184840,84056.93,84056.94,84007.97,84007.97
1790184900,84007.97,84007.98,83983.23,83997.28
1790184960,83997.29,84030.69,83984.09,84030.69
1790185020,84030.69,84064.5,84024.21,84058.86
1790185080,84058.86,84072.01,84030,84044.8
1790185140,84044.79,84044.79,84012,84032.01
1790185200,84032.01,84133.9,84016.04,84107.59
1790185260,84108.01,84122.01,84080,84100.01
1790185320,84100,84136.01,84077.28,84136.01
1790185380,84136.01,84238.44,84136.01,84238.44
1790185440,84238.45,84259.25,84192.33,84259.24
1790185500,84259.24,84300.01,84258.61,84300.01
1790185560,84300.01,84341.49,84300.01,84310.52
1790185620,84310.51,84360.01,84296.59,84326.23
1790185680,84326.23,84326.24,84267.35,84290.07
1790185740,84290.07,84335.03,84288.2,84321.97
1790185800,84321.97,84341.25,84321.97,84330.14
1790185860,84330.14,84339.6,84330.14,84335.54
1790185920,84335.55,84370.98,84325.3,84357.24
1790185980,84357.25,84392.56,84313.67,84320.19
1790186040,84320.19,84327.61,84281.74,84308.62
1790186100,84308.62,84322.2,84256.62,84256.62
1790186160,84256.63,84301.49,84256.62,84299.63
1790186220,84299.63,84299.63,84279.92,84286.33
1790186280,84286.34,84316.66,84286.33,84316.65
1790186340,84316.65,84335.28,84316.65,84326.56
1790186400,84326.55,84340.42,84288.66,84288.66
1790186460,84288.67,84336.68,84288.67,84327.93
1790186520,84327.93,84332.33,84238.4,84238.41
1790186580,84238.41,84241.36,84162,84218.03
1790186640,84218.04,84252.32,84218.03,84240.32
1790186700,84240.32,84284.46,84240.32,84284.45
1790186760,84284.45,84306.57,84274.61,84284.79
1790186820,84284.79,84334.83,84284.78,84334.83
1790186880,84334.82,84334.83,84290,84310.91
1790186940,84310.91,84310.91,84258,84266.44
1790187000,84266.43,84266.44,84218.9,84218.9
1790187060,84218.91,84267.76,84215,84248.75
1790187120,84248.76,84248.76,84206,84206.01
1790187180,84206.01,84260.01,84206,84252.39
1790187240,84252.4,84252.4,84203.35,84203.35
1790187300,84203.36,84246.43,84203.35,84222.01
1790187360,84222.01,84226.72,84195.89,84195.89
1790187420,84195.9,84205.47,84190.74,84190.75
1790187480,84190.75,84232.48,84179.88,84208
1790187540,84208.01,84275.57,84208,84270
1790187600,84270,84270,84190.96,84191.11
1790187660,84191.1,84191.11,84164,84166
1790187720,84166,84180.99,84166,84166
1790187780,84166,84202,84158.14,84198.01
1790187840,84198.01,84225.73,84187.74,84200.46
1790187900,84200.46,84200.46,84186.45,84186.45
1790187960,84186.46,84230.01,84182.09,84190.01
1790188020,84190.02,84194.01,84178.44,84178.44
1790188080,84178.44,84190.01,84170.01,84190
1790188140,84190,84190.01,84143.17,84158.01
1790188200,84158,84200.01,84144.61,84174.25
1790188260,84174.24,84200.01,84156.34,84174.68
1790188320,84174.69,84201.46,84158.14,84196.01
1790188380,84196.01,84196.01,84148.01,84169.08
1790188440,84169.08,84169.08,84143.53,84143.53
1790188500,84143.53,84166.88,84143.53,84143.53
1790188560,84143.54,84164.02,84138.25,84150.01
1790188620,84150.01,84162.01,84137.4,84156
1790188680,84156,84158.49,84140.01,84158.48
1790188740,84158.49,84158.49,84136,84152.26
1790188800,84152.25,84177.57,84144.01,84177.57
1790188860,84177.57,84177.57,84144.36,84152.01
1790188920,84152,84173.89,84152,84173.89
1790188980,84173.88,84208.46,84173.88,84208.46
1790189040,84208.45,84234.31,84208.45,84230.23
1790189100,84230.01,84252.01,84230,84235.51
1790189160,84235.51,84238.36,84207.24,84207.24
1790189220,84207.24,84226.72,84197,84214.31
1790189280,84214.32,84263.91,84200.86,84263.91
1790189340,84264,84305.74,84264,84279.49
1790189400,84279.5,84358.01,84279.5,84358
1790189460,84358.01,84379.97,84358,84379.96
1790189520,84379.97,84395.55,84379,84379.01
1790189580,84379,84379,84344.07,84359.42
1790189640,84359.42,84387.48,84359.41,84370.42
1790189700,84370.42,84411,84370.41,84410.99
1790189760,84411,84411,84354.59,84354.6
1790189820,84354.6,84366.01,84344.61,84366.01
1790189880,84366.01,84375.4,84366,84375.4
1790189940,84375.4,84386.01,84330,84330
1790190000,84330,84342.65,84304.96,84342.65
1790190060,84342.65,84377.04,84322,84322
1790190120,84322.01,84341.79,84306,84306
1790190180,84306,84311.35,84263.87,84289
1790190240,84289,84289.01,84262,84262
1790190300,84262,84270.01,84230.04,84230.04
1790190360,84230.04,84294.01,84228,84294.01
1790190420,84294.01,84399.57,84294.01,84350.48
1790190480,84350.47,84350.47,84306,84312.7
1790190540,84312.7,84330.11,84296,84318
1790190600,84318,84334.01,84317.99,84334
1790190660,84334,84397.69,84334,84387.8
1790190720,84392,84392,84350,84350.01
1790190780,84350,84386.02,84340.41,84386.01
1790190840,84386.01,84386.02,84362.76,84370.9
1790190900,84370.91,84384.01,84360.01,84360.02
1790190960,84360.02,84360.02,84328.01,84339.61
1790191020,84339.61,84348.01,84328,84330.02
1790191080,84330.02,84347.74,84308,84347.73
1790191140,84347.73,84368,84347.73,84354.01
1790191200,84354,84354.01,84309.6,84338
1790191260,84338.01,84354,84334.89,84353.99
1790191320,84354,84404.01,84353.99,84404
1790191380,84404.01,84420,84384.25,84420
1790191440,84419.99,84448.01,84419.99,84448
1790191500,84448,84461.92,84422.52,84422.52
1790191560,84422.52,84442.64,84413.16,84430.04
1790191620,84430.04,84465,84430.04,84464.99
1790191680,84464.99,84464.99,84405.32,84407.26
1790191740,84407.25,84415.11,84401.43,84410
1790191800,84410,84465.67,84406.51,84418
1790191860,84418.01,84422.85,84398.12,84422.85
1790191920,84422.84,84433.04,84407.73,84433.04
1790191980,84433.03,84479.83,84433.03,84470.22
1790192040,84470.23,84476.01,84450.81,84467.55
1790192100,84467.56,84470.01,84455.02,84470.01
1790192160,84470,84488.36,84450.09,84452.3
1790192220,84452.3,84475.97,84443.01,84456.01
1790192280,84456.01,84493.42,84456,84472
1790192340,84472,84472,84446.03,84446.04
1790192400,84446.04,84477.96,84446.03,84468.19
1790192460,84468.19,84468.19,84452,84452.01
1790192520,84452.01,84452.01,84448,84448.01
1790192580,84448,84448.01,84414,84448.01
1790192640,84448.01,84462.01,84448,84448
1790192700,84448,84448,84436.68,84442.69
1790192760,84442.7,84494.49,84442.7,84459.24
1790192820,84459.24,84520.27,84459.24,84520.26
1790192880,84520.26,84520.27,84495.58,84512.8
1790192940,84512.8,84565.21,84512.8,84536
1790193000,84536,84536.01,84506,84534.46
1790193060,84534.46,84555.39,84534.46,84540.09
1790193120,84540.09,84540.09,84474.56,84475.2
1790193180,84475.19,84514.01,84464,84514
1790193240,84514.01,84528.26,84494,84496
1790193300,84496.01,84539.96,84496,84510
1790193360,84510.01,84511.37,84468.19,84510.48
1790193420,84510.47,84510.48,84481.09,84494.49
1790193480,84494.49,84507.96,84494.49,84502.01
1790193540,84502,84518.01,84453.91,84518
1790193600,84518,84550.01,84500,84533.05
1790193660,84533.05,84569.94,84457.99,84457.99
1790193720,84457.99,84458,84400,84400
1790193780,84400.01,84405.21,84355.02,84355.02
1790193840,84355.02,84355.03,84280,84316
1790193900,84316.01,84317.55,84306.01,84315.6
1790193960,84315.6,84368.13,84315.59,84352.85
1790194020,84352.86,84392.86,84352,84392.45
1790194080,84392.44,84446.16,84392.44,84414.01
1790194140,84414,84418.01,84386,84386.01
1790194200,84386,84386.01,84370.54,84370.54
1790194260,84370.54,84370.55,84333.04,84337.02
1790194320,84337.03,84356.01,84332,84354.64
1790194380,84354.64,84368.01,84354,84368
1790194440,84368,84390.01,84340,84340
1790194500,84340.01,84375.07,84326,84375.07
1790194560,84375.07,84386.99,84342,84342
1790194620,84342.01,84398.01,84342,84388.6
1790194680,84388.61,84388.61,84372.21,84372.21
1790194740,84372.22,84372.22,84358.17,84358.18
1790194800,84358.17,84360.01,84358.17,84360
1790194860,84360,84370.01,84340.82,84370.01
1790194920,84370,84370.01,84368.84,84368.84
1790194980,84368.85,84368.85,84318.45,84321.15
1790195040,84321.16,84327.74,84284.74,84284.74
1790195100,84284.75,84284.75,84261.99,84261.99
1790195160,84262,84262,84261.99,84261.99
1790195220,84261.99,84279.5,84256,84279.49
1790195280,84279.49,84286.01,84275.66,84275.66
1790195340,84275.66,84303.34,84268,84303.33
1790195400,84303.34,84350,84303.34,84349.99
1790195460,84349.99,84366.35,84349.99,84366.34
1790195520,84366.33,84366.34,84312.16,84328
1790195580,84328.01,84339.18,84328,84336.72
1790195640,84336.72,84336.73,84332,84336.71
1790195700,84336.71,84354.03,84333.94,84333.95
1790195760,84333.94,84333.95,84313.27,84313.27
1790195820,84313.27,84328.88,84300.92,84328.88
1790195880,84328.87,84351.7,84328.87,84351.12
1790195940,84351.13,84401.17,84351.12,84401.17
1790196000,84401.16,84424.01,84401.16,84417.12
1790196060,84417.13,84417.13,84417.12,84417.13
1790196120,84417.12,84417.13,84403.65,84403.66
1790196180,84403.66,84406.73,84403.65,84406.72
1790196240,84406.73,84406.73,84394,84401.19
1790196300,84401.2,84414.01,84400.75,84400.75
1790196360,84400.75,84400.76,84392.35,84392.36
1790196420,84392.36,84392.36,84362,84362
1790196480,84362,84362.01,84313.56,84313.56
1790196540,84313.56,84313.57,84294,84311.61
1790196600,84311.62,84311.62,84288,84299.39
1790196660,84299.39,84316.01,84299.34,84299.35
1790196720,84299.35,84304.01,84269.2,84269.2
1790196780,84269.2,84274,84256.95,84273.99
1790196840,84274,84274,84271,84271
1790196900,84270.73,84270.73,84250,84254
1790196960,84254.01,84254.01,84240.21,84242.06
1790197020,84242.05,84242.05,84232,84232.01
1790197080,84232.01,84232.01,84226,84226
1790197140,84226,84232.86,84224.01,84232.86
1790197200,84232.86,84238.01,84232.85,84234
1790197260,84234.01,84235.34,84234,84235.34
1790197320,84235.33,84358.46,84212.68,84228
1790197380,84228,84291.75,84212.68,84286.77
1790197440,84286.77,84292.01,84283.96,84292
1790197500,84292,84306.58,84266,84266
1790197560,84266,84279.5,84251.23,84279.49
1790197620,84279.49,84279.5,84279.49,84279.49
1790197680,84279.5,84284.03,84258,84284.03
1790197740,84284.02,84336.01,84284.02,84336.01
1790197800,84336,84368.01,84336,84368.01
1790197860,84368.01,84368.01,84354.74,84354.74
1790197920,84354.74,84354.75,84341.98,84341.98
1790197980,84341.99,84353.71,84335.55,84353.71
1790198040,84353.7,84372.69,84353.7,84370.73
1790198100,84370.74,84372.09,84370.02,84372.08
1790198160,84372.08,84372.09,84372.08,84372.08
1790198220,84372.09,84372.09,84351.18,84351.94
1790198280,84351.93,84351.94,84330.45,84350.4
1790198340,84350.39,84350.4,84330.45,84330.45
1790198400,84330.45,84350.01,84328.88,84328.89
1790198460,84328.89,84372.01,84328.88,84372.01
1790198520,84372.01,84387.6,84350.01,84350.01
1790198580,84350.01,84382.01,84350.01,84381.65
1790198640,84381.64,84401.17,84381.64,84401.17
1790198700,84401.17,84402.01,84398.34,84402.01
1790198760,84402.01,84414.04,84381.64,84381.64
1790198820,84381.65,84403.53,84381.64,84403.53
1790198880,84403.53,84412.35,84403.52,84412.34
1790198940,84412.35,84418.01,84412.34,84418
1790199000,84418,84425.06,84417.99,84425.06
1790199060,84425.06,84455.3,84425.05,84446.67
1790199120,84446.68,84446.68,84426,84431.99
1790199180,84431.99,84432,84430.63,84430.63
1790199240,84430.63,84433.76,84425.06,84433.75
1790199300,84433.74,84488.01,84433.74,84470.28
1790199360,84470.28,84489.17,84470.28,84485.3
1790199420,84485.29,84497.43,84485.29,84496.46
1790199480,84496.46,84500,84492.64,84500
1790199540,84500,84500,84499.99,84500
1790199600,84499.99,84509.95,84499.98,84499.98
1790199660,84499.99,84511.6,84498,84506.65
1790199720,84506.64,84506.65,84475,84486.86
1790199780,84486.86,84510.01,84486.86,84510
1790199840,84510,84514.17,84498.05,84499.29
1790199900,84499.29,84514.01,84499.28,84514.01
1790199960,84514,84516.01,84512,84512.01
1790200020,84512.01,84512.01,84502.17,84502.18
1790200080,84502.17,84502.17,84455.58,84455.59
1790200140,84455.59,84462.01,84441.26,84462
1790200200,84462,84462.01,84448.01,84448.01
1790200260,84448.02,84463.23,84448.01,84463.23
1790200320,84463.22,84463.23,84450.55,84450.56
1790200380,84450.56,84456.01,84450.55,84456
1790200440,84456.01,84456.01,84450.55,84450.55
1790200500,84450.56,84450.56,84433.99,84444.01
1790200560,84444.01,84489.15,84430.02,84467.24
1790200620,84467.23,84467.24,84441.33,84441.33
1790200680,84441.33,84441.34,84441.33,84441.33
1790200740,84441.34,84444.01,84419.48,84419.48
1790200800,84419.49,84419.49,84401.16,84401.16
1790200860,84401.17,84437.69,84401.16,84437.66
1790200920,84437.65,84456,84417.71,84417.71
1790200980,84417.71,84418,84368.02,84388.8
1790201040,84388.8,84388.81,84357.3,84357.3
1790201100,84357.31,84378.06,84344.51,84378.05
1790201160,84378.06,84470.01,84374,84470.01
1790201220,84470,84620.52,84470,84598.01
1790201280,84598.01,84670.01,84580,84660.49
1790201340,84660.49,84669.16,84608,84610.01
1790201400,84610.02,84635.48,84588,84594.01
1790201460,84594.01,84660.22,84594.01,84647.32
1790201520,84647.33,84647.33,84617.62,84617.63
1790201580,84617.62,84617.62,84600.92,84616.01
1790201640,84616.01,84616.01,84594,84594
1790201700,84594,84600.01,84548.68,84548.68
1790201760,84548.69,84574.01,84548.69,84574.01
1790201820,84574.01,84584.01,84562.54,84566
1790201880,84566,84566,84560,84560
1790201940,84560,84586.01,84554,84586
1790202000,84586,84597.3,84586,84590.07
1790202060,84590.07,84590.08,84539.29,84539.3
1790202120,84539.29,84542.01,84534,84534.01
1790202180,84534.01,84534.01,84504,84512.39
1790202240,84512.4,84515.79,84510,84515.79
1790202300,84515.79,84515.79,84504,84512
1790202360,84512,84512.01,84500,84500
1790202420,84500.01,84500.01,84500,84500.01
1790202480,84500.01,84516.01,84496.55,84496.55
1790202540,84496.56,84496.56,84484,84484.01
1790202600,84484,84484.01,84396.25,84396.26
1790202660,84396.25,84400.01,84396.25,84400.01
1790202720,84400,84418.01,84400,84418
1790202780,84418,84440.01,84418,84440.01
1790202840,84440.01,84442.01,84432,84432
1790202900,84432,84432,84412,84412.49
1790202960,84412.49,84454.01,84412.48,84431.09
1790203020,84431.08,84431.08,84430.2,84430.2
1790203080,84430.2,84449.01,84430.16,84448.01
1790203140,84448,84458,84448,84456.63
1790203200,84456.64,84485.44,84456.63,84480.25
1790203260,84480.25,84480.33,84466.9,84480.32
1790203320,84480.33,84502.84,84480.32,84502.84
1790203380,84502.84,84522.68,84502.83,84504.08
1790203440,84504.08,84504.09,84496,84496
1790203500,84496.01,84550.01,84493.48,84550.01
1790203560,84550.01,84619.99,84550.01,84612
1790203620,84612.01,84612.01,84579.08,84602
1790203680,84601.99,84602,84589.45,84589.45
1790203740,84589.45,84620,84589.45,84620
1790203800,84619.99,84619.99,84606.4,84606.41
1790203860,84606.41,84606.41,84548,84574.01
1790203920,84574,84584.01,84574,84584.01
1790203980,84584,84605.79,84584,84584.01
1790204040,84584.01,84587.29,84584,84587.29
1790204100,84587.28,84587.29,84587.28,84587.29
1790204160,84587.29,84587.29,84587.28,84587.29
1790204220,84587.28,84587.28,84566,84566.01
1790204280,84566.01,84568.01,84564.72,84564.72
1790204340,84564.23,84564.24,84559,84563.01
1790204400,84563.01,84563.02,84506.01,84511.66
1790204460,84511.67,84511.67,84480.33,84483.04
1790204520,84483.05,84502.01,84481.65,84497.89
1790204580,84497.88,84532.67,84494.44,84510.01
1790204640,84510,84566,84510,84564.23
1790204700,84564.23,84564.23,84550.72,84553.01
1790204760,84553.02,84553.02,84522.59,84522.59
1790204820,84522.6,84533.37,84522.59,84524.01
1790204880,84524.01,84529.25,84516.25,84529.24
1790204940,84529.24,84536.01,84529.24,84536.01
1790205000,84536.01,84552,84526,84526
1790205060,84526.01,84531.37,84526.01,84531.36
1790205120,84531.36,84536.8,84526.2,84536.79
1790205180,84536.8,84536.8,84530.29,84530.29
1790205240,84530.3,84530.3,84492.07,84492.08
1790205300,84492.08,84502.01,84492.07,84502
1790205360,84502.01,84508.01,84483.05,84483.05
1790205420,84483.05,84483.05,84483.04,84483.04
1790205480,84483.04,84492.01,84474,84474
1790205540,84474.01,84474.01,84463.46,84463.47
1790205600,84463.46,84463.47,84461.91,84461.91
1790205660,84461.92,84461.92,84443.52,84443.53
1790205720,84443.52,84443.53,84432,84432
1790205780,84432.01,84450.01,84432,84450.01
1790205840,84450,84454.43,84450,84454.42
1790205900,84454.43,84454.43,84454.42,84454.42
1790205960,84454.43,84454.43,84454.42,84454.43
1790206020,84454.43,84467.96,84454.42,84467.96
1790206080,84467.95,84478.96,84467.95,84478.72
1790206140,84478.71,84483.95,84478.71,84483.95
1790206200,84483.95,84506.79,84483.94,84506.79
1790206260,84506.79,84506.79,84466,84466.01
1790206320,84466.01,84466.01,84446,84446
1790206380,84446.01,84468.01,84446,84468.01
1790206440,84468.01,84491.43,84468,84491.43
1790206500,84491.42,84504.01,84491.42,84504.01
1790206560,84504,84504.01,84502.01,84502.02
1790206620,84502.02,84504.01,84468.01,84490
1790206680,84490.01,84494.49,84468.13,84494.49
1790206740,84494.5,84512,84494.49,84512
1790206800,84512,84512,84460,84460.01
1790206860,84460.01,84480.01,84460,84480
1790206920,84480.01,84480.01,84448.61,84448.62
1790206980,84448.61,84448.62,84440,84442.01
1790207040,84442.01,84464.01,84442,84464
1790207100,84464.01,84476.01,84464,84465.11
1790207160,84465.11,84465.11,84425.27,84427.98
1790207220,84427.98,84444.01,84419.96,84419.96
1790207280,84419.97,84419.97,84415.22,84419.88
1790207340,84419.87,84428.01,84419.87,84428.01
1790207400,84428,84428.01,84375,84375
1790207460,84375,84375.01,84352,84354
1790207520,84354.01,84371.8,84354.01,84371.79
1790207580,84371.79,84376.01,84371.79,84376.01
1790207640,84376,84418.01,84376,84418.01
1790207700,84418.01,84430.2,84412.81,84413.91
1790207760,84413.91,84413.92,84392,84393.21
1790207820,84393.22,84398.19,84381.3,84397.61
1790207880,84397.61,84397.61,84397.6,84397.61
1790207940,84397.61,84397.61,84397.6,84397.6
1790208000,84397.6,84458.01,84397.6,84458.01
1790208060,84458.01,84459.73,84446,84446.01
1790208120,84446,84446.01,84446,84446.01
1790208180,84446.01,84458.01,84446,84458.01
1790208240,84458.01,84460.02,84453.35,84460.01
1790208300,84460.01,84494.5,84460,84466.85
1790208360,84466.85,84490.01,84466.84,84488.01
1790208420,84488.01,84488.01,84454.92,84454.92
1790208480,84454.92,84454.93,84416.02,84416.02
1790208540,84416.03,84416.03,84376.33,84390
1790208600,84390,84390.01,84338,84364
1790208660,84364,84364.01,84310.01,84310.01
1790208720,84310.02,84348.01,84300,84348
1790208780,84348,84358.01,84329.24,84358
1790208840,84358.01,84358.01,84358,84358
1790208900,84358,84422.01,84358,84422.01
1790208960,84422,84434.01,84396.4,84396.4
1790209020,84396.4,84406.58,84396.4,84404.01
1790209080,84404.01,84426.91,84404,84412.01
1790209140,84412.01,84440.87,84412.01,84440.86
1790209200,84440.86,84440.87,84409.96,84409.96
1790209260,84409.97,84412.01,84390,84412
1790209320,84412.01,84418.52,84347.94,84348.33
1790209380,84348.32,84356,84343.05,84355.99
1790209440,84356,84384.09,84355.99,84384.08
1790209500,84384.09,84387,84366,84386.99
1790209560,84387,84401.05,84386.99,84396.43
1790209620,84396.43,84396.43,84380.38,84386
1790209680,84386.01,84386.01,84345.92,84351.69
1790209740,84351.69,84385.61,84337.98,84338
1790209800,84338,84391.33,84337.98,84391.33
1790209860,84391.32,84420,84391.32,84420
1790209920,84420,84440,84419.99,84437.51
1790209980,84437.51,84452.52,84382.16,84382.17
1790210040,84382.17,84382.17,84363.13,84370.24
1790210100,84370.24,84374.22,84332,84332
1790210160,84332.01,84341.62,84332,84341.61
1790210220,84341.62,84341.62,84322.13,84322.14
1790210280,84322.13,84335.11,84288.43,84324.01
1790210340,84324.01,84324.01,84305.4,84305.4
1790210400,84305.4,84307.05,84274.1,84307.05
1790210460,84307.05,84320.33,84297.48,84297.48
1790210520,84297.49,84348.99,84297.48,84342.66
1790210580,84342.66,84354.01,84326,84354.01
1790210640,84354,84364.01,84354,84364
1790210700,84364,84364,84289.28,84306.42
1790210760,84306.41,84366.39,84306,84361.56
1790210820,84361.55,84361.55,84324.35,84327.93
1790210880,84327.93,84327.93,84306.32,84306.32
1790210940,84306.32,84330,84306.32,84321.99
1790211000,84321.98,84330,84296.72,84296.72
1790211060,84296,84296.01,84274,84276
1790211120,84276,84276,84256.8,84260.64
1790211180,84260.65,84261.43,84213.99,84261.43
1790211240,84261.43,84261.44,84232.42,84242.57
1790211300,84242.57,84270.32,84242.56,84268
1790211360,84268,84330,84254.01,84329.95
1790211420,84329.95,84371.76,84296,84296
1790211480,84296,84315.67,84286.08,84315.66
1790211540,84315.67,84340.01,84314.31,84318
1790211600,84318,84340,84312,84340
1790211660,84340.01,84401.17,84340.01,84374.01
1790211720,84374,84374,84343.96,84346.01
1790211780,84346.01,84346.01,84279.5,84328.01
1790211840,84328,84328.01,84280,84280.01
1790211900,84280.01,84300.1,84262,84262.01
1790211960,84262,84300.1,84255,84296.01
1790212020,84296.01,84334.01,84276,84334.01
1790212080,84334,84334.01,84290.21,84290.21
1790212140,84290.21,84290.22,84258,84258
1790212200,84258,84272.01,84258,84268.23
1790212260,84268.24,84272.01,84266,84272
1790212320,84272.01,84272.01,84252,84252
1790212380,84252.01,84268.24,84252,84268.23
1790212440,84268.24,84281.97,84268.23,84281.96
1790212500,84281.96,84303.36,84281.96,84303.35
1790212560,84303.35,84303.36,84254,84254
1790212620,84254,84254,84186,84186
1790212680,84186.01,84277.21,84186,84277.21
1790212740,84277.2,84320.01,84277.2,84320.01
1790212800,84320,84334.01,84288.24,84288.25
1790212860,84288.25,84288.25,84256,84256
1790212920,84256.01,84265.08,84230,84230.01
1790212980,84230,84254.01,84218.9,84247.29
1790213040,84247.3,84334.04,84247.3,84318
1790213100,84318,84318,84232.7,84234.01
1790213160,84234,84235,84218.9,84228
1790213220,84228.01,84276.01,84228,84276
1790213280,84276.01,84276.01,84266,84270
1790213340,84270.01,84272.01,84230,84230
1790213400,84230,84230.01,84203.18,84210.01
1790213460,84210.01,84256,84210.01,84248.15
1790213520,84248.16,84268.01,84248.15,84268
1790213580,84268.01,84311.47,84268,84311.46
1790213640,84311.46,84372,84311.46,84371.99
1790213700,84372,84401.17,84372,84401.17
1790213760,84401.17,84452.51,84401.16,84448
1790213820,84448.01,84470.47,84364,84378.01
1790213880,84378,84378.01,84287.64,84298.04
1790213940,84298.04,84300.01,84280,84280.01
1790214000,84280,84280.01,84230.2,84230.2
1790214060,84230.21,84232.89,84216,84222.01
1790214120,84222,84222.01,84200,84200
1790214180,84200.01,84200.01,84077.45,84077.46
1790214240,84077.46,84214.01,84077.46,84138.08
1790214300,84138.08,84182.01,84122,84182
1790214360,84182.01,84184.01,84110,84110.01
1790214420,84110.01,84154.01,84110,84134
1790214480,84134.01,84140.48,84086,84086.01
1790214540,84086,84128.43,84086,84114.88
1790214600,84114.89,84114.89,84064.5,84064.51
1790214660,84064.5,84076.01,84064,84076
1790214720,84076.01,84158.01,84076.01,84158.01
1790214780,84158,84158.01,84123.01,84123.02
1790214840,84123.02,84150.01,84123.02,84136.01
1790214900,84136.01,84172,84136,84171.99
1790214960,84171.99,84188.16,84171.99,84188.16
1790215020,84188.15,84188.16,84167.96,84167.97
1790215080,84167.96,84167.97,84098.01,84113.63
1790215140,84113.63,84116,84104.34,84104.35
1790215200,84104.35,84114.01,84079.56,84106.86
1790215260,84106.85,84106.85,84000,84094
1790215320,84094,84126.13,84092,84104.01
1790215380,84104,84104.01,84026,84026
1790215440,84026,84029.98,84000.01,84010
1790215500,84010,84010,83957,83964.14
1790215560,83964.14,83981.61,83931.42,83968.23
1790215620,83968.22,83972.78,83810,83848.09
1790215680,83848.09,83893.9,83781.25,83813.72
1790215740,83813.72,83847.82,83776,83811.89
1790215800,83811.89,83811.89,83781.07,83790.96
1790215860,83790.95,83790.95,83744.7,83744.71
1790215920,83744.71,83896.45,83744.71,83896.45
1790215980,83896.45,83962.42,83896.45,83929.87
1790216040,83929.87,83946.57,83890.6,83946.56
1790216100,83946.57,84077.38,83946.57,84064.01
1790216160,84064,84146.02,84064,84142.38
1790216220,84142.39,84172,84100,84171.99
1790216280,84172,84218.91,84172,84210
1790216340,84210.01,84248.01,84210.01,84226
1790216400,84226.01,84250,84202,84202.01
1790216460,84202,84204.71,84174,84174
1790216520,84174.01,84174.01,84119.01,84119.01
1790216580,84119.02,84119.02,84100,84115.34
1790216640,84115.33,84115.34,84100,84100
1790216700,84100,84111.78,84072,84099.96
1790216760,84099.96,84143.51,84099.96,84106.01
1790216820,84106,84106.01,84098.01,84098.02
1790216880,84098.01,84121.41,84089.53,84118
1790216940,84118,84174.01,84118,84164.19
1790217000,84164.2,84178.01,84160.14,84172
1790217060,84172,84172,84137.48,84153.94
1790217120,84153.95,84268.99,84153.94,84268.44
1790217180,84268.44,84288.01,84252.15,84252.15
1790217240,84252.01,84256.01,84218.9,84218.91
1790217300,84218.91,84218.91,84189,84189
1790217360,84189,84203.5,84169.84,84196
1790217420,84196.01,84196.01,84180,84194.62
1790217480,84194.63,84242.01,84194.62,84242.01
1790217540,84242,84250.01,84238,84249.52
1790217600,84249.52,84300,84249.52,84300
1790217660,84300,84332,84299.99,84332
1790217720,84332,84332,84328.93,84328.93
1790217780,84328.94,84332,84328.93,84331.99
1790217840,84332,84337,84331.99,84332.01
1790217900,84332,84347.31,84332,84343.27
1790217960,84343.27,84362.01,84343.27,84346
1790218020,84346,84369.12,84346,84369.11
1790218080,84369.11,84372.01,84366,84366.01
1790218140,84366.01,84366.01,84332.01,84354.66
1790218200,84354.55,84354.55,84342,84353.35
1790218260,84353.36,84358.54,84342,84342.01
1790218320,84342,84357.31,84332,84342.73
1790218380,84342.74,84346.46,84338,84346.46
1790218440,84346.46,84370.45,84346.45,84370.45
1790218500,84370.45,84370.45,84352,84352
1790218560,84352,84363.91,84352,84358.02
1790218620,84358.01,84372.01,84358.01,84362.01
1790218680,84362.02,84363.6,84362.01,84363.59
1790218740,84363.59,84371.18,84356.01,84365.54
1790218800,84365.55,84386,84365.54,84378.72
1790218860,84378.72,84411,84378.72,84410.99
1790218920,84410.99,84439.91,84410.99,84434.01
1790218980,84434.01,84480.01,84434.01,84468.01
1790219040,84468,84468,84430,84444.01
1790219100,84444,84444.01,84422,84430.01
1790219160,84430.01,84430.01,84378.31,84378.31
1790219220,84378.32,84378.32,84360.01,84360.01
1790219280,84360,84360.01,84322,84324
1790219340,84324.01,84346.01,84310,84346
1790219400,84346,84346,84310,84310.12
1790219460,84310.13,84310.13,84264.96,84264.96
1790219520,84264.96,84264.97,84242,84250.01
1790219580,84250.01,84296.48,84250.01,84263.58
1790219640,84263.58,84334.01,84263.58,84333.55
1790219700,84333.55,84360.01,84306,84306
1790219760,84306,84306,84272,84272.01
1790219820,84272.01,84272.01,84263.58,84263.59
1790219880,84263.58,84263.59,84250,84250
1790219940,84250.01,84268.01,84234,84234
1790220000,84234.01,84234.01,84200,84200
1790220060,84200,84200.01,84183.77,84183.78
1790220120,84183.78,84183.78,84158.15,84158.15
1790220180,84158.14,84158.14,84084,84084.01
1790220240,84084,84100,84048.01,84048.01
1790220300,84048.02,84064.5,84038,84064.5
1790220360,84064.5,84080.01,84026,84076
1790220420,84076,84076,84000,84026.01
1790220480,84026.01,84040.01,84026,84028
1790220540,84028.01,84056.01,84028,84056
1790220600,84056.01,84056.01,84026.17,84026.17
1790220660,84026.17,84038.01,84000,84030
1790220720,84030,84030,83968,83968.01
1790220780,83968.01,83972.01,83950,83972.01
1790220840,83972.01,84002.01,83972,84000.01
1790220900,84000,84016.01,84000,84006
1790220960,84006.01,84006.01,83982,83982
1790221020,83982.01,83982.01,83976,83976.01
1790221080,83976.01,83976.01,83878,83948.01
1790221140,83948.01,83956.01,83916,83938
1790221200,83938,83974.01,83938,83974
1790221260,83974.01,83998.94,83974,83997.59
1790221320,83997.58,83997.58,83960,83986.01
1790221380,83986.01,84023.34,83986,84006.01
1790221440,84006,84010.01,83990.75,84010.01
1790221500,84010.01,84023.33,84004,84008
1790221560,84008,84008.01,83986,83986.01
1790221620,83986.01,83986.01,83960,83970.01
1790221680,83970,83970.01,83946,83956.01
1790221740,83956.01,83964.57,83942,83951.16
1790221800,83951.15,83951.16,83928.05,83934.01
1790221860,83934.01,83934.01,83894,83894.01
1790221920,83894.01,83912.48,83872.8,83872.8
1790221980,83872.81,83921.71,83872.81,83916.01
1790222040,83916.01,83916.01,83914,83914.01
1790222100,83914,83914.01,83886,83886
1790222160,83886,83886.01,83873.2,83873.21
1790222220,83873.2,83873.2,83850,83858
1790222280,83858,83904.01,83858,83904.01
1790222340,83904.01,83934.01,83904,83934.01
1790222400,83934.01,83954.01,83888.02,83898.01
1790222460,83898.01,83916.01,83886.01,83904
1790222520,83904.01,83904.01,83870,83870
1790222580,83870.01,83891.42,83820,83844
1790222640,83844.01,83866.01,83826.08,83866.01
1790222700,83866.01,83884,83838.27,83838.27
1790222760,83838.28,83880.01,83838.27,83880.01
1790222820,83880.01,83914.01,83880.01,83914.01
1790222880,83914.01,83914.01,83880,83894
1790222940,83894,83934.01,83894,83934.01
1790223000,83934.01,83962.01,83854,83862.01
1790223060,83862.01,83882,83820,83846.01
1790223120,83846.01,83846.01,83820,83836
1790223180,83836.01,83838.01,83810.09,83838.01
1790223240,83838,83838.01,83822,83822
1790223300,83822.01,83882.01,83822,83882.01
1790223360,83882,83882.01,83866,83880
1790223420,83880.01,83900.01,83828,83828
1790223480,83828.01,83836.1,83781.89,83792.01
1790223540,83792,83842.01,83792,83836.09
1790223600,83836.09,83858.01,83834,83850.12
1790223660,83850.12,83886.08,83850.12,83860.01
1790223720,83860.01,83880.01,83860.01,83874
1790223780,83874,83884.01,83874,83876
1790223840,83876,83876,83860,83872.01
1790223900,83872,83888.01,83860,83888.01
1790223960,83888,83896.01,83888,83896.01
1790224020,83896.01,83904.4,83879.81,83899.22
1790224080,83899.23,83922.01,83899.22,83922.01
1790224140,83922.01,83937.96,83918.78,83934.54
1790224200,83934.54,83934.55,83896,83896.01
1790224260,83896,83906,83896,83906
1790224320,83906,83906,83890,83890.01
1790224380,83890.01,83902.01,83888.8,83902.01
1790224440,83902.01,83902.01,83902,83902
1790224500,83902.01,83924,83902,83919.44
1790224560,83919.45,83919.45,83890,83890.01
1790224620,83890.01,83900.01,83874,83874.01
1790224680,83874.01,83882,83874,83878
1790224740,83878.01,83890.01,83854.38,83890.01
1790224800,83890,83890,83880,83880
1790224860,83880,83887.89,83875.39,83875.39
1790224920,83875.39,83880.01,83875.39,83880
1790224980,83880.01,83880.01,83875.4,83875.41
1790225040,83875.41,83875.41,83875.4,83875.41
1790225100,83875.41,83875.41,83875.4,83875.4
1790225160,83875.4,83875.41,83870,83870
1790225220,83870.01,83870.01,83817.12,83817.13
1790225280,83817.12,83820.36,83794,83794
1790225340,83794.01,83800,83794,83799.99
1790225400,83800,83800,83794,83794.01
1790225460,83794.01,83800,83794,83800
1790225520,83799.99,83854.01,83799.99,83850.97
1790225580,83850.98,83884.01,83850.97,83862.42
1790225640,83862.43,83884.01,83862.42,83884
1790225700,83884.01,83922.01,83884.01,83922.01
1790225760,83922,84054.05,83922,84053.72
1790225820,84053.72,84053.72,84018,84045.96
1790225880,84045.95,84045.96,84030,84034.01
1790225940,84034.01,84048.01,84028,84046
1790226000,84046,84097.4,84041.64,84097.39
1790226060,84097.4,84120.01,84097.39,84120
1790226120,84120,84176.01,84120,84176
1790226180,84176.01,84245.04,84162,84238.01
1790226240,84238.01,84240,84224,84240
1790226300,84240,84340.48,84239.99,84332.25
1790226360,84332.24,84332.25,84272,84284.01
1790226420,84284.01,84346.66,84284,84346.66
1790226480,84346.66,84400,84328.2,84328.2
1790226540,84328.21,84338.88,84312.82,84316.45
1790226600,84316.45,84324.73,84300,84300.01
1790226660,84300.01,84324.73,84276,84282
1790226720,84282.01,84282.01,84246,84246.01
1790226780,84246,84246.01,84206,84210
1790226840,84210,84210,84190,84200
1790226900,84200.01,84234.01,84200,84219.88
1790226960,84219.88,84219.88,84172.31,84186
1790227020,84186.01,84186.01,84172,84186.01
1790227080,84186,84188.52,84180,84188.52
1790227140,84188.51,84188.52,84182,84182
1790227200,84182.01,84189.91,84179.44,84180.38
1790227260,84180.39,84180.39,84142,84142
1790227320,84142,84171.95,84132,84171.95
1790227380,84171.95,84188.01,84170.59,84188
1790227440,84188.01,84188.01,84164.4,84164.4
1790227500,84164.41,84196.01,84164.41,84194.01
1790227560,84194,84218.01,84188,84188
1790227620,84188,84188,84174,84174.01
1790227680,84174,84191.43,84174,84190.01
1790227740,84190,84190.01,84183,84183
1790227800,84183,84198.01,84158,84158.01
1790227860,84158.01,84158.01,84140.3,84140.31
1790227920,84140.31,84140.31,84136.16,84136.16
1790227980,84136.16,84136.17,84121.8,84121.81
1790228040,84121.81,84121.81,84110,84110
1790228100,84110,84129.86,84110,84126.5
1790228160,84126.45,84126.45,84112.94,84112.95
1790228220,84112.94,84118.01,84110,84118
1790228280,84118.01,84217.41,84118,84216.06
1790228340,84216.05,84216.05,84166.62,84166.62
1790228400,84166.63,84208.25,84166.62,84208.25
1790228460,84208.25,84248.01,84202.01,84202.01
1790228520,84202,84202,84172,84182
1790228580,84182.01,84218,84182.01,84217.99
1790228640,84218,84218,84194,84194
1790228700,84194,84194.01,84188.73,84188.73
1790228760,84188.73,84240.01,84188.73,84236.01
1790228820,84236,84236.01,84180,84180
1790228880,84180.01,84198.01,84172.01,84186.12
1790228940,84186.12,84186.12,84152.26,84152.27
1790229000,84152.27,84188.01,84152.26,84180.01
1790229060,84180.01,84180.01,84150,84150.01
1790229120,84150.01,84158.15,84146,84158.14
1790229180,84158.14,84198.01,84158.14,84176
1790229240,84176.01,84176.01,84156,84156
1790229300,84156,84156.01,84124,84133.08
1790229360,84133.08,84133.09,84112,84112.01
1790229420,84112.01,84112.01,84036.64,84036.65
1790229480,84036.64,84036.65,83959.55,84000
1790229540,84000.01,84012.01,83978.02,83978.02
1790229600,83978.02,84018.01,83978,83978
1790229660,83978,83986.01,83926.78,83933.56
1790229720,83933.57,83976.01,83918.84,83942.01
1790229780,83942.01,83998.01,83918.84,83998.01
1790229840,83998.01,84038.01,83998.01,84038
1790229900,84038.01,84038.01,83994,84023.06
1790229960,84023.06,84023.06,83947.2,83972.01
1790230020,83972,84050.42,83972,84046
1790230080,84046,84116.01,84044.88,84094
1790230140,84094.01,84136.9,84086,84132
1790230200,84132,84132,84084,84126.01
1790230260,84126.01,84162.01,84113.74,84162.01
1790230320,84162.01,84189.52,84162.01,84184.01
1790230380,84184,84184.01,84138,84144.19
1790230440,84144.2,84150.01,84118,84118.01
1790230500,84118.01,84134.42,84100.61,84131.71
1790230560,84131.72,84164.49,84113.35,84164.48
1790230620,84164.48,84164.49,84128,84130
1790230680,84130.01,84186.81,84128.9,84185.82
1790230740,84185.83,84206.27,84162,84162.01
1790230800,84162,84162,84100,84102.52
1790230860,84102.53,84140.01,84100.49,84100.49
1790230920,84100.49,84118.01,84100.49,84104.01
1790230980,84104.01,84104.01,84072.06,84072.06
1790231040,84072.06,84144.26,84072.06,84142.02
1790231100,84142.03,84168.01,84129.34,84133.36
1790231160,84133.36,84146.01,84120,84128
1790231220,84128.01,84184.01,84128.01,84170.6
1790231280,84170.6,84172,84148.49,84157.77
1790231340,84157.77,84197.42,84156.25,84193.98
1790231400,84193.98,84206.85,84178.54,84206.85
1790231460,84207.27,84218.91,84206,84210.01
1790231520,84210.01,84225.07,84210,84225.06
1790231580,84225.06,84225.07,84153.9,84180.64
1790231640,84180.64,84194.01,84160.02,84190.01
1790231700,84190.01,84202.01,84190,84202
1790231760,84202,84202.01,84173.22,84184.79
1790231820,84184.8,84194.01,84167.1,84185.64
1790231880,84185.64,84191.65,84168.42,84191.64
1790231940,84191.64,84191.64,84182.85,84190.21
1790232000,84190.21,84190.22,84161.32,84161.32
1790232060,84161.33,84181.97,84161.32,84181.97
1790232120,84181.96,84197.87,84181.96,84197.86
1790232180,84197.87,84198.01,84187.92,84198
1790232240,84198,84198.01,84190.01,84190.01
1790232300,84190.01,84199.81,84170.41,84170.57
1790232360,84170.58,84170.58,84090.11,84090.11
1790232420,84090.11,84144.91,84090.11,84120.01
1790232480,84120.01,84131.56,84106,84131.55
1790232540,84131.55,84154.01,84131.55,84154
1790232600,84154,84165.12,84135.1,84135.1
1790232660,84135.09,84135.09,84097.39,84112
1790232720,84112.01,84128.01,84110,84126.01
1790232780,84126,84126.01,84102.79,84102.8
1790232840,84102.8,84127.97,84102.79,84114
1790232900,84114.01,84128.01,84114,84121.69
1790232960,84121.69,84135.18,84121.69,84132.01
1790233020,84132.01,84153.99,84132.01,84153.99
1790233080,84153.99,84156.13,84138.61,84138.61
1790233140,84138.62,84138.62,84113.99,84113.99
1790233200,84114,84114,84068.01,84068.01
1790233260,84068.02,84075.49,84010.79,84014
1790233320,84014,84014,83950,83980.32
1790233380,83980.31,83990.01,83950,83990
1790233440,83990,84002.01,83978,84002.01
1790233500,84002,84004.01,83957.44,84004.01
1790233560,84004.01,84048.01,84004,84048
1790233620,84048,84111.04,84048,84092.01
1790233680,84092,84146.01,84080,84080
1790233740,84080.01,84080.01,84070.03,84074.01
1790233800,84074.01,84094.01,84074.01,84080.63
1790233860,84080.63,84080.63,84040.16,84040.17
1790233920,84040.16,84040.16,84032.85,84034.01
1790233980,84034.01,84074.02,84034,84071.08
1790234040,84071.08,84089.39,84058.06,84089.38
1790234100,84089.38,84099,84062.01,84084.01
1790234160,84084.01,84144,84084.01,84136.01
1790234220,84136,84146.01,84110.04,84110.04
1790234280,84110.05,84154.46,84097.39,84154.45
1790234340,84154.46,84186.73,84154.45,84186.71
1790234400,84186.72,84196.01,84184,84193.34
1790234460,84193.35,84193.35,84156.01,84160
1790234520,84160,84190,84159.99,84186.97
1790234580,84186.97,84186.97,84169.06,84171.99
1790234640,84172,84186.89,84169.06,84186.88
1790234700,84186.88,84237.76,84186.88,84237.76
1790234760,84237.76,84266.4,84237.75,84263.02
1790234820,84263.01,84263.01,84249.97,84250
1790234880,84250,84394.01,84250,84348.3
1790234940,84348.29,84411.55,84342,84411.55
1790235000,84411.55,84457.16,84408,84428.01
1790235060,84428.01,84530.01,84402,84530
1790235120,84530,84578.01,84490,84550
1790235180,84550,84550.01,84487.4,84504.01
1790235240,84504.02,84520.01,84495.04,84495.04
1790235300,84495.05,84537.99,84464,84537.99
1790235360,84538,84550,84512.05,84512.05
1790235420,84512.06,84517.81,84498.14,84513.23
1790235480,84513.23,84513.23,84449.98,84457.07
1790235540,84457.08,84481.02,84455.42,84466.01
1790235600,84466.01,84466.01,84425.2,84425.21
1790235660,84425.21,84437.01,84425.2,84437.01
1790235720,84437.01,84437.01,84413.03,84413.03
1790235780,84413.03,84413.04,84378.77,84388.67
1790235840,84388.68,84430.18,84388.67,84430.17
1790235900,84430.18,84430.18,84398,84410.13
1790235960,84410.13,84438.63,84410.12,84416.01
1790236020,84416.01,84416.01,84372,84395.98
1790236080,84396,84469.73,84396,84469.73
1790236140,84469.73,84469.73,84439.93,84440.59
1790236200,84440.6,84458.02,84432.31,84458.02
1790236260,84459.31,84522.68,84459.3,84509.06
1790236320,84509.06,84522.68,84492.15,84518.61
1790236380,84518.62,84597.95,84518.61,84586.89
1790236440,84586.9,84597.95,84558.07,84596.48
1790236500,84596.48,84612.01,84546.48,84575.15
1790236560,84575.16,84575.16,84516,84516
1790236620,84516.01,84542.94,84498.01,84498.02
1790236680,84498.02,84546.01,84498.01,84522
1790236740,84522,84550.56,84514,84524.02
1790236800,84524.02,84562.04,84510.56,84514
1790236860,84514.01,84572.01,84490,84572
1790236920,84572.01,84573.6,84544,84550
1790236980,84550.01,84579.28,84540,84542.02
1790237040,84542.01,84564.01,84542.01,84560
1790237100,84560,84587.93,84540,84569.3
1790237160,84569.3,84587.8,84564,84564.01
1790237220,84564,84574.99,84554,84574.98
1790237280,84574.99,84622.01,84540,84547.38
1790237340,84547.38,84547.38,84478.19,84526.04
1790237400,84526.04,84526.05,84476.27,84506.99
1790237460,84506.99,84507,84449.42,84452
1790237520,84452.01,84452.01,84435.95,84435.95
1790237580,84435.95,84435.95,84401.49,84401.5
1790237640,84401.49,84408.07,84401.49,84401.99
1790237700,84402,84402,84370.3,84373.66
1790237760,84373.66,84423.12,84342.02,84402.73
1790237820,84402.72,84463.99,84402.72,84436
1790237880,84436,84436,84362.01,84368.49
1790237940,84368.5,84387,84361.12,84362.51
1790238000,84362.51,84362.51,84290,84290.01
1790238060,84290,84290.04,84194,84194
1790238120,84194,84217.99,84162,84186.01
1790238180,84186.01,84196.01,84142,84142.01
1790238240,84142,84172,84106.4,84133.3
1790238300,84133.29,84174.01,84133.29,84156
1790238360,84156.01,84156.01,84035,84046.01
1790238420,84046.02,84058,83972.71,84026.21
1790238480,84026.2,84026.2,83923.05,83923.06
1790238540,83923.06,83929.95,83778,83778.01
1790238600,83778.01,83872.01,83710.05,83866
1790238660,83866,83952,83857.61,83952
1790238720,83952.01,83960.01,83904,83960.01
1790238780,83960.01,83972.01,83905.8,83939.55
1790238840,83939.56,83939.56,83780.73,83780.74
1790238900,83780.74,83802.01,83630,83784.9
1790238960,83784.9,83835.46,83750,83808.01
1790239020,83808.01,83880.01,83806.22,83870.01
1790239080,83870,83870.01,83824,83842.46
1790239140,83842.45,83852.01,83826,83830.01
1790239200,83830.01,83872.01,83830.01,83848.79
1790239260,83848.79,83848.79,83808.01,83808.02
1790239320,83808.01,83808.02,83740,83740
1790239380,83740.01,83768.01,83739.99,83768.01
1790239440,83768,83768.01,83738,83738
1790239500,83738,83777.15,83715.02,83715.03
1790239560,83715.03,83718.01,83682,83698.01
1790239620,83698.02,83698.02,83610,83636.01
1790239680,83636,83643.33,83610,83616.01
1790239740,83616,83616.01,83301,83301.01
1790239800,83301.01,83467.26,83301.01,83386.01
1790239860,83386,83484.81,83386,83484.81
1790239920,83484.8,83524.01,83455.69,83476.01
1790239980,83476,83524,83428.82,83515.04
1790240040,83515.04,83524.01,83452,83518.01
1790240100,83518.01,83518.01,83454.67,83498.25
1790240160,83498.26,83524.02,83486.69,83512.22
1790240220,83512.21,83537.75,83505,83526.7
1790240280,83526.71,83586.01,83526.7,83586.01
1790240340,83586.01,83660,83586.01,83660
1790240400,83660.01,83732.88,83660.01,83703.29
1790240460,83703.29,83743.43,83676.89,83676.9
1790240520,83676.89,83676.9,83587.31,83587.31
1790240580,83587.32,83614.01,83558.19,83566.24
1790240640,83566.24,83610.38,83542,83542.01
1790240700,83542,83634.57,83542,83628.02
1790240760,83628.01,83628.01,83573.74,83594
1790240820,83594.01,83658.01,83594.01,83628
1790240880,83628,83646.01,83584,83608.01
1790240940,83608.01,83648.01,83608.01,83640.01
1790241000,83640,83640,83582.79,83582.8
1790241060,83582.79,83613.32,83533.03,83546.01
1790241120,83546.01,83560.01,83504.22,83510.01
1790241180,83510.02,83537.72,83498.01,83522
1790241240,83522,83522.01,83459.36,83460.72
1790241300,83460.72,83500.02,83456.85,83456.85
1790241360,83456.85,83456.85,83380,83394.18
1790241420,83394.17,83452.01,83392.33,83420.01
1790241480,83420,83444.92,83382,83444.92
1790241540,83444.92,83503.04,83371.66,83499.6
1790241600,83499.6,83522.01,83499.59,83502.83
1790241660,83502.83,83510.01,83470,83470.01
1790241720,83470.01,83470.01,83394,83399.03
1790241780,83399.02,83412.01,83390,83404.01
1790241840,83404,83410,83380.53,83380.54
1790241900,83380.54,83390.88,83356,83390.01
1790241960,83390.01,83396.01,83338.01,83382.04
1790242020,83382.04,83410,83374.01,83409.99
1790242080,83410,83427.93,83354,83356.07
1790242140,83356.07,83368,83352,83364
1790242200,83364,83364.01,83148,83189.31
1790242260,83189.31,83238.76,83148,83206
1790242320,83206,83206.01,83100,83122
1790242380,83122,83122.01,83008.01,83029.33
1790242440,83029.33,83054.01,82888,82959.45
1790242500,82959.45,83213.67,82874.93,83205.74
1790242560,83205.74,83264.01,83195.43,83261.57
1790242620,83261.58,83342.32,83260.23,83311.98
1790242680,83310.01,83310.01,83193.78,83258
1790242740,83258.01,83300,83216,83221.68
1790242800,83221.67,83300,83221.67,83274.01
1790242860,83274,83274,83227.24,83253.24
1790242920,83253.23,83292,83253.23,83283.66
1790242980,83283.66,83283.66,83102,83162.98
1790243040,83162.98,83174.01,83135.29,83170.52
1790243100,83170.52,83213.48,83092,83092.01
1790243160,83092,83144.42,83042,83144.41
1790243220,83144.42,83144.42,83050.14,83109.7
1790243280,83109.7,83128.3,83036,83095.16
1790243340,83095.16,83141.45,83074.41,83141.45
1790243400,83141.44,83200,83128.14,83188
1790243460,83188.01,83221.05,83134.7,83147.86
1790243520,83147.87,83253.92,83147.87,83245.2
1790243580,83245.2,83266.48,83217.27,83225.91
1790243640,83225.91,83248.01,83212.1,83245.88
1790243700,83245.89,83278.01,83236.9,83272.47
1790243760,83272.46,83272.46,83228.68,83233.29
1790243820,83233.29,83233.29,83200,83208.2
1790243880,83208.19,83258.01,83194,83245.68
1790243940,83245.68,83264.01,83244.01,83263.95
1790244000,83263.96,83300,83230,83299.99
1790244060,83299.99,83356.01,83299.99,83356
1790244120,83356,83364.32,83346.01,83352
1790244180,83352.01,83386,83347.5,83385.99
1790244240,83385.99,83386,83336,83340.66
1790244300,83340.67,83340.67,83304.31,83304.31
1790244360,83304.31,83304.32,83252.71,83252.72
1790244420,83252.71,83256.02,83176,83227.85
1790244480,83227.85,83262.01,83201.45,83262
1790244540,83262,83318,83248,83306
1790244600,83306,83372.01,83270,83372
1790244660,83372,83390,83344.06,83344.06
1790244720,83344.07,83344.07,83246,83246
1790244780,83246,83246.01,83156,83168.01
1790244840,83168.01,83302.01,83168.01,83302
1790244900,83302,83302.01,83270.01,83276.01
1790244960,83276.01,83360.01,83276,83360.01
1790245020,83360.01,83366.01,83300,83300.05
1790245080,83300.04,83324,83298,83308.28
1790245140,83308.28,83330,83308.27,83313.07
1790245200,83313.06,83313.07,83238,83238
1790245260,83238,83238.01,83220.77,83226.01
1790245320,83226.01,83238.01,83200,83226.85
1790245380,83226.85,83300,83226.85,83256.02
1790245440,83256.03,83328.01,83242.03,83260
1790245500,83260,83276.01,83252,83268
1790245560,83268.01,83306.01,83268,83287.68
1790245620,83287.67,83287.68,83230.53,83234
1790245680,83234,83252.01,83174.24,83200.01
1790245740,83200.01,83282,83200.01,83264.01
1790245800,83264,83264.01,83208,83216.62
1790245860,83216.62,83216.63,83166,83174
1790245920,83174,83222.01,83174,83213.67
1790245980,83213.68,83267.34,83213.67,83244.01
1790246040,83244,83280.01,83244,83280.01
1790246100,83280.01,83296.12,83256.38,83287.79
1790246160,83287.78,83287.79,83246,83246.01
1790246220,83246.01,83279.98,83246,83265.16
1790246280,83265.16,83327.61,83265.15,83327.6
1790246340,83327.61,83368.01,83327.6,83368.01
1790246400,83368.01,83437.12,83368.01,83437.12
1790246460,83437.12,83454.61,83434,83434.01
1790246520,83434.01,83434.01,83412.01,83418
1790246580,83418.01,83427.13,83396,83396.01
1790246640,83396.01,83397.35,83396.01,83397.34
1790246700,83397.34,83398.01,83388,83388.01
1790246760,83388.01,83391.36,83380,83380
1790246820,83380,83402.01,83372,83394.01
1790246880,83394,83414.01,83370.8,83414
1790246940,83414.01,83559.9,83414.01,83528.01
1790247000,83528,83542.01,83514.98,83529.8
1790247060,83529.81,83566.66,83502.01,83502.02
1790247120,83502.01,83510.01,83485.72,83509.87
1790247180,83509.86,83534,83509.86,83511
1790247240,83511,83519.95,83493.49,83498
1790247300,83498,83498,83438,83483.64
1790247360,83483.64,83483.64,83435.5,83438.68
1790247420,83438.67,83487.78,83436.17,83487.78
1790247480,83487.78,83529.53,83487.77,83516.71
1790247540,83516.72,83516.72,83500,83512.2
1790247600,83512.2,83580.33,83512.2,83564.36
1790247660,83564.35,83586.01,83564.35,83578.49
1790247720,83578.5,83580.01,83557.28,83557.29
1790247780,83557.28,83595.53,83557.28,83595.53
1790247840,83595.53,83595.54,83590.01,83595.53
1790247900,83595.54,83595.54,83556,83559.47
1790247960,83559.48,83572.01,83556.01,83556.02
1790248020,83556.01,83568.01,83522,83522.01
1790248080,83522.01,83540.01,83506.76,83506.77
1790248140,83506.76,83557.41,83506.76,83557.41
1790248200,83557.4,83572.01,83530,83530.01
1790248260,83530.01,83538.25,83528,83528.67
1790248320,83528.66,83538.01,83528,83532.39
1790248380,83532.4,83536.67,83528.06,83528.06
1790248440,83528.06,83572.01,83528.06,83572.01
1790248500,83572.01,83616.01,83538.33,83588
1790248560,83588,83593.53,83546,83575.46
1790248620,83575.46,83586.26,83545.02,83548.01
1790248680,83548.01,83557.23,83524.7,83550
1790248740,83550,83559.49,83541.64,83546.02
1790248800,83546.01,83549.35,83531.6,83531.61
1790248860,83531.6,83531.61,83491.7,83517.72
1790248920,83517.71,83568.01,83517.71,83562
1790248980,83562.01,83578.9,83562,83578.9
1790249040,83578.89,83588,83562.01,83587.99
1790249100,83587.99,83588,83562.05,83562.05
1790249160,83562.06,83566.01,83562.01,83562.02
1790249220,83562.02,83562.02,83524.6,83524.6
1790249280,83524.61,83532.01,83524.6,83530.82
1790249340,83530.81,83537.94,83522,83522
1790249400,83522,83526.01,83520,83520
1790249460,83520.01,83549.35,83520,83520.06
1790249520,83520.07,83520.07,83491.7,83496.92
1790249580,83496.92,83496.92,83483.35,83483.35
1790249640,83483.36,83505.66,83483.35,83488.01
1790249700,83488.01,83492.01,83450.02,83492
1790249760,83492.01,83492.01,83478.01,83478.02
1790249820,83478.02,83498.01,83452.39,83452.39
1790249880,83452.39,83452.4,83434.72,83445.18
1790249940,83445.18,83475.72,83445.17,83475.71
1790250000,83475.72,83480.01,83456,83478.84
1790250060,83478.83,83478.83,83457.25,83457.26
1790250120,83457.26,83457.26,83422,83422
1790250180,83422.01,83442.01,83410.69,83440.21
1790250240,83440.21,83455.32,83440.2,83455.32
1790250300,83455.61,83471.19,83444,83446.67
1790250360,83446.68,83476.18,83440.15,83476.18
1790250420,83476.17,83476.17,83454.52,83462.84
1790250480,83462.84,83466.01,83442.01,83442.02
1790250540,83442.02,83442.02,83442.01,83442.01
1790250600,83442.02,83466.27,83442.01,83466.26
1790250660,83466.26,83484.01,83462.01,83484
1790250720,83484.01,83490.01,83399.47,83410.01
1790250780,83410,83440.17,83410,83417.65
1790250840,83417.66,83456.88,83417.65,83432.45
1790250900,83432.44,83445.69,83432.44,83438.54
1790250960,83438.54,83438.54,83408.83,83408.84
1790251020,83408.84,83437.59,83408.84,83437.59
1790251080,83437.58,83465.52,83437.58,83460
1790251140,83460.01,83549.65,83460,83494.58
1790251200,83494.59,83494.59,83436,83436.01
1790251260,83436,83436,83395.83,83400
1790251320,83400.01,83471,83394,83442.65
1790251380,83442.65,83458.01,83432.01,83432.01
1790251440,83432,83432.01,83402,83402.01
1790251500,83402,83435.12,83400.95,83435
1790251560,83435.01,83442.01,83412.48,83436
1790251620,83436.01,83471,83430,83466.01
1790251680,83466,83562.36,83446,83560
1790251740,83560,83560.01,83508.38,83540
1790251800,83540,83600.01,83535.99,83599.66
1790251860,83599.67,83599.67,83560,83560
1790251920,83560.01,83595.99,83560,83573.27
1790251980,83573.27,83573.28,83533.16,83533.16
1790252040,83533.17,83546.01,83509.36,83533.16
1790252100,83533.16,83562.01,83525,83554
1790252160,83554,83582,83552,83582
1790252220,83582.01,83614.72,83574,83582.01
1790252280,83582,83589.16,83544.89,83544.89
1790252340,83544.89,83552.01,83528,83532.01
1790252400,83532.02,83576.73,83532.01,83574
1790252460,83574,83596,83572,83580.37
1790252520,83580.38,83632.01,83580.37,83632.01
1790252580,83632.01,83634.01,83608,83620
1790252640,83620,83670.01,83611.63,83670
1790252700,83669.99,83670,83576,83604
1790252760,83604,83604,83525.01,83525.01
1790252820,83525,83554.01,83525,83554.01
1790252880,83554,83554.01,83545.64,83552.01
1790252940,83552.01,83552.01,83550,83550.01
1790253000,83550.01,83579.36,83536,83564.01
1790253060,83564,83564.01,83502.16,83508.01
1790253120,83508,83508.01,83438,83438
1790253180,83438.01,83438.01,83362,83380
1790253240,83380,83424.01,83361.44,83400
1790253300,83400,83402.01,83346.66,83346.66
1790253360,83346.66,83392,83346.66,83392
1790253420,83392,83420.01,83392,83400
1790253480,83400.01,83400.01,83398,83398
1790253540,83398,83398.01,83376,83385.78
1790253600,83385.78,83446.01,83385.78,83423.65
1790253660,83423.65,83471,83423.65,83471
1790253720,83471,83523.18,83471,83510.29
1790253780,83510.3,83515.85,83478,83478.01
1790253840,83478.01,83500.01,83466,83500.01
1790253900,83500.01,83500.01,83466,83466.01
1790253960,83466,83471.91,83436.04,83471.9
1790254020,83471.9,83476.01,83454,83454.01
1790254080,83454.02,83516.01,83454.01,83505.64
1790254140,83505.64,83505.64,83458.69,83458.69
1790254200,83458.7,83460.01,83431.38,83431.39
1790254260,83431.39,83471.01,83431.38,83458.66
1790254320,83458.66,83470.01,83449.74,83464
1790254380,83464.01,83464.01,83427.69,83427.7
1790254440,83427.7,83478.01,83427.69,83478
1790254500,83478.01,83506.43,83478,83506.42
1790254560,83506.42,83588.01,83506.42,83588
1790254620,83588,83657.5,83586,83640.75
1790254680,83640.75,83640.76,83604.24,83620.62
1790254740,83620.61,83626.01,83604.25,83604.26
1790254800,83604.26,83646.01,83600,83646.01
1790254860,83646,83694.9,83630,83630.01
1790254920,83630.01,83684.67,83630,83682
1790254980,83682.01,83730.01,83674.01,83710.01
1790255040,83710.01,83751.57,83710.01,83748
1790255100,83748,83751.57,83719.66,83719.66
1790255160,83719.67,83756.01,83700,83700.01
1790255220,83700,83723.97,83686,83723.97
1790255280,83723.98,83727.73,83682.01,83724.01
1790255340,83724,83741.6,83704,83704
1790255400,83704,83718,83688,83698
1790255460,83698.01,83702.01,83674,83674
1790255520,83674.01,83702.01,83674,83702
1790255580,83702.01,83750.02,83702,83749.99
1790255640,83749.99,83760.01,83740.01,83755.87
1790255700,83755.88,83767.98,83728,83756
1790255760,83756.01,83781.84,83756.01,83779.68
1790255820,83779.68,83822,83779.67,83816
1790255880,83816,83844.01,83812.52,83841.32
1790255940,83841.33,83900.01,83841.32,83900.01
1790256000,83900,83960,83900,83960
1790256060,83960,83960,83848.01,83851.45
1790256120,83851.44,83862.01,83818,83818
1790256180,83818,83820.01,83778,83820
1790256240,83820,83820.01,83800,83804
1790256300,83804,83846.01,83788,83846
1790256360,83846.01,83858.01,83835.23,83838.01
1790256420,83838,83858.01,83816,83822.01
1790256480,83822,83826.01,83805.24,83816.61
1790256540,83816.61,83816.61,83774,83780
1790256600,83780.01,83874.01,83759.21,83863.42
1790256660,83863.42,84101.53,83858,84082
1790256720,84082.01,84304.01,84082.01,84146.4
1790256780,84146.41,84216.43,84098,84104.01
1790256840,84104,84167.08,84050,84137.75
1790256900,84137.74,84137.74,84000,84013.39
1790256960,84013.39,84056,83979,84018.01
1790257020,84018,84106.01,83998,84106.01
1790257080,84106.01,84250,84086,84225.27
1790257140,84225.27,84340.01,84175.6,84250.58
1790257200,84250.58,84264.33,84084,84094.01
1790257260,84090.78,84090.78,83915.28,83915.29
1790257320,83915.28,83936.01,83893.44,83902.01
1790257380,83902.01,84004,83900,83968.34
1790257440,83968.33,83978.01,83934,83942
1790257500,83942.01,84000,83932,83941.63
1790257560,83941.64,84008,83899.92,83975.36
1790257620,83976.7,84072.01,83950,84044
1790257680,84044.01,84068.01,83944,83978.12
1790257740,83978.13,83984.01,83893.34,83893.34
1790257800,83893.34,83952.01,83856,83943.6
1790257860,83943.6,84000,83923.6,83952.35
1790257920,83952.34,83968.03,83914,83956.01
1790257980,83956,83956,83885.78,83892.51
1790258040,83892.51,84030.5,83892.51,84030.5
1790258100,84030.49,84199.99,84030.49,84168.01
1790258160,84168.01,84209.04,84138.21,84154.01
1790258220,84154,84192.01,84150,84178.31
1790258280,84178.32,84230,84172.01,84229.99
1790258340,84230,84258.43,84226.03,84258.43
1790258400,84258.42,84260.01,84185.89,84208.02
1790258460,84208.02,84228.01,84150,84150
1790258520,84150,84319.37,84132,84246.01
1790258580,84246,84246.01,84160.24,84222
1790258640,84222.01,84226.01,84183.88,84206
1790258700,84206.01,84206.01,84168,84178
1790258760,84178.01,84342.01,84178,84310
1790258820,84310.01,84368.17,84302,84360.97
1790258880,84360.97,84360.97,84278,84310
1790258940,84310,84310.01,84264,84264
1790259000,84264,84298.01,84206.33,84274
1790259060,84274.01,84274.01,84184,84184.01
1790259120,84184,84232.01,84146.23,84146.23
1790259180,84146.24,84234.01,84146.23,84232.66
1790259240,84232.66,84273.32,84230,84230
1790259300,84230,84230.01,84144,84144
1790259360,84144,84250.01,84144,84250
1790259420,84250.01,84287.01,84212,84281.31
1790259480,84281.32,84290,84252,84282
1790259540,84282,84338.01,84282,84307.56
1790259600,84307.57,84341.34,84268,84308
1790259660,84308,84356.01,84290,84290.01
1790259720,84290.01,84306,84266.01,84274.01
1790259780,84274,84334.01,84249.16,84334.01
1790259840,84334.01,84381,84334.01,84378
1790259900,84378.01,84498.01,84378,84482.02
1790259960,84482.01,84558.46,84482.01,84490.16
1790260020,84490.16,84615.57,84465.65,84615.56
1790260080,84615.56,84886.39,84609.79,84860.8
1790260140,84860.8,84942.45,84820.27,84875.22
1790260200,84875.22,84875.22,84707.63,84754.55
1790260260,84754.55,84799.99,84675.27,84784.01
1790260320,84784.01,84873.91,84784.01,84800.02
1790260380,84800.01,84820.22,84746.7,84757.87
1790260440,84757.88,84797.11,84711.56,84779.38
1790260500,84779.38,84780.74,84719.81,84744.89
1790260560,84744.89,84744.89,84592,84602.59
1790260620,84602.6,84629.4,84550,84550.06
1790260680,84550.06,84578.01,84508.06,84508.07
1790260740,84508.06,84513.44,84450.04,84513.43
1790260800,84513.44,84584.4,84513.43,84550.96
1790260860,84550.95,84550.96,84484.4,84486.23
1790260920,84486.24,84539.31,84473.57,84495.89
1790260980,84495.9,84495.9,84416.02,84416.02
1790261040,84416.02,84442.52,84391.49,84413.67
1790261100,84413.66,84414.5,84316.08,84347.3
1790261160,84347.3,84354.57,84276.1,84276.11
1790261220,84276.11,84276.11,84210,84215.85
1790261280,84215.84,84215.84,83981.1,83981.1
1790261340,83981.1,84042.47,83812.68,83812.7
1790261400,83812.69,83924.29,83744,83783.68
1790261460,83783.68,83892.44,83750,83816.94
1790261520,83816.95,83816.95,83570.71,83570.71
1790261580,83570.71,83670.17,83388.88,83659.99
1790261640,83660,83784.24,83659.99,83771.54
1790261700,83771.54,83800.93,83664.56,83748.26
1790261760,83748.25,83800.05,83682.87,83697.18
1790261820,83697.19,83697.19,83606,83606
1790261880,83606.01,83674.74,83584,83645.17
1790261940,83645.18,83684.1,83580,83673.77
1790262000,83673.77,83673.77,83516.53,83632.94
1790262060,83632.94,83710.89,83632.94,83661.09
1790262120,83661.09,83661.09,83518.5,83518.51
1790262180,83518.51,83646.58,83508,83644.9
1790262240,83644.89,83800,83641.5,83767.78
1790262300,83767.79,83852.48,83756.25,83770.17
1790262360,83770.16,83899.03,83770.16,83890.86
1790262420,83890.86,83911.5,83823.03,83856.23
1790262480,83856.24,83900.09,83840.02,83899.03
1790262540,83899.02,83911.34,83843.72,83855.72
1790262600,83855.72,83888.48,83780.47,83780.47
1790262660,83780.47,83892.41,83780.34,83892.4
1790262720,83892.4,83930.01,83864,83882.16
1790262780,83882.17,83904.69,83818.27,83879.17
1790262840,83879.16,83909.27,83843.85,83901.07
1790262900,83901.06,83992.01,83885.35,83961.63
1790262960,83961.64,84048.57,83935.57,84019.4
1790263020,84019.4,84100.01,84019.39,84039.23
1790263080,84039.23,84039.23,83927.23,83956.14
1790263140,83956.15,84023.51,83945.61,84023.5
1790263200,84023.51,84046.01,84008.76,84029.9
1790263260,84029.91,84086.34,84029.91,84044
1790263320,84044.01,84081.25,84042.01,84062
1790263380,84062.01,84145.27,84062.01,84145.26
1790263440,84145.26,84246.01,84145.26,84232
1790263500,84232,84249.99,84138,84138
1790263560,84138.01,84166.01,84102,84130.01
1790263620,84130.01,84141.01,84120.3,84140.01
1790263680,84140,84144.01,84096,84107.58
1790263740,84107.57,84130.69,84094,84125.71
1790263800,84125.71,84152.69,84108,84108
1790263860,84108,84180,84108,84180
1790263920,84180,84180,84145.26,84169.94
1790263980,84170,84218.01,84169.99,84190.01
1790264040,84190.01,84240.01,84180,84236.56
1790264100,84236.55,84309.43,84227.26,84298
1790264160,84298,84338.93,84298,84338.92
1790264220,84338.92,84457.39,84336,84416.01
1790264280,84416,84416.01,84330,84338.01
1790264340,84338,84371.06,84302.36,84329.42
1790264400,84329.43,84370.89,84328,84346
1790264460,84346,84386.01,84320,84362.44
1790264520,84362.43,84362.44,84300,84318.01
1790264580,84318.01,84340.01,84318,84336
1790264640,84336,84428.01,84336,84428
1790264700,84428,84438.67,84382,84382
1790264760,84382,84382.01,84340.01,84340.02
1790264820,84340.02,84377.97,84334,84354.01
1790264880,84354.01,84405.08,84306.01,84306.27
1790264940,84306.27,84364.01,84292,84354
1790265000,84354.01,84376.01,84333.48,84338
1790265060,84338.01,84347.52,84324.01,84343.62
1790265120,84343.63,84391.5,84316,84349.3
1790265180,84349.31,84409.7,84349.3,84374.01
1790265240,84374,84426,84366.01,84426
1790265300,84426,84437.77,84394.6,84416.41
1790265360,84416.2,84468.01,84414,84446.01
1790265420,84446.02,84450.01,84396,84418
1790265480,84418,84418.01,84400,84418
1790265540,84418,84418.01,84408,84418
1790265600,84418.01,84432.01,84274,84275.36
1790265660,84275.36,84340.01,84275.35,84299.1
1790265720,84299.1,84335.82,84288.93,84309.43
1790265780,84309.43,84309.43,84244,84246.01
1790265840,84246,84246.01,84216,84231.12
1790265900,84231.12,84267.82,84230,84256.02
1790265960,84256.02,84286.01,84222,84222
1790266020,84222,84222.01,84133.62,84146.01
1790266080,84146.01,84214.01,84140,84214.01
1790266140,84214.01,84218.01,84194.04,84208
1790266200,84208,84220.69,84176.01,84180.01
1790266260,84180,84180.01,84075.79,84099.99
1790266320,84099.99,84100,84050.01,84050.01
1790266380,84050.01,84100,84044.02,84100
1790266440,84099.99,84262.01,84098.32,84262.01
1790266500,84262.01,84500,84262.01,84449.36
1790266560,84449.37,84750,84440.01,84714.63
1790266620,84714.63,84818.19,84680.73,84803.29
1790266680,84803.28,84837,84550,84565.04
1790266740,84559.99,84609.85,84496.99,84549.82
1790266800,84549.82,84716.01,84536,84681.96
1790266860,84681.97,84704.01,84620.01,84654.71
1790266920,84654.72,84688.01,84602,84654
1790266980,84654.01,84688.01,84637.73,84637.73
1790267040,84637.74,84637.74,84582,84586.22
1790267100,84586.22,84612.01,84528.01,84528.01
1790267160,84528.02,84636.01,84528.02,84616.02
1790267220,84616.02,84632.01,84552.62,84632.01
1790267280,84632,84722.01,84628,84722.01
1790267340,84722,84726.01,84704,84706.72
1790267400,84706.73,84716.01,84643.2,84654.29
1790267460,84654.29,84656.01,84567.08,84570.99
1790267520,84570.98,84570.99,84511.33,84526.98
1790267580,84526.98,84544.01,84510,84512
1790267640,84512.01,84529.42,84498,84499.52
1790267700,84499.52,84604.01,84444,84604.01
1790267760,84604.01,84670.01,84600.92,84637.74
1790267820,84637.73,84644.01,84586,84614.5
1790267880,84614.5,84690.01,84614.5,84646
1790267940,84646.01,84685.31,84646,84685.31
1790268000,84685.44,84852.01,84685.44,84805.61
1790268060,84805.61,84904.01,84790.7,84902.01
1790268120,84902.01,84924.01,84818,84833.11
1790268180,84833.1,84835.27,84708.41,84723.31
1790268240,84723.31,84723.32,84555.65,84555.65
1790268300,84555.65,84555.66,84492.23,84547.68
1790268360,84547.68,84628.01,84522,84628
1790268420,84628.01,84684.01,84588,84684.01
1790268480,84684.01,84710.01,84664,84665.44
1790268540,84665.45,84672.01,84652,84652.22
1790268600,84652.23,84654.01,84565.94,84596
1790268660,84596,84618.01,84572,84594.01
1790268720,84594.02,84596.01,84522,84524
1790268780,84524.01,84553.43,84472.06,84478.01
1790268840,84478,84539.35,84476,84537.25
1790268900,84537.26,84539.27,84457.27,84457.27
1790268960,84457.26,84504.02,84426,84504.02
1790269020,84504.02,84540.01,84504.01,84505.17
1790269080,84505.17,84550,84505.16,84532.25
1790269140,84532.24,84532.25,84498,84500.33
1790269200,84500.32,84500.32,84369.31,84432.99
1790269260,84432.99,84552.63,84414,84514
1790269320,84514.01,84514.01,84402,84510.01
1790269380,84510,84562.01,84510,84512
1790269440,84512.01,84512.01,84426,84468
1790269500,84468.01,84506.01,84422,84433.94
1790269560,84433.95,84434.01,84391.49,84391.49
1790269620,84391.5,84432,84391.49,84426
1790269680,84426,84480,84408,84480
1790269740,84480.01,84498.01,84473.57,84481.59
1790269800,84481.58,84481.58,84384.34,84446
1790269860,84446.01,84446.01,84391.49,84440
1790269920,84440,84444.01,84398.01,84398.01
1790269980,84398.01,84424.01,84392.5,84424.01
1790270040,84424.01,84484.04,84424.01,84478
1790270100,84478,84478.01,84418,84440.01
1790270160,84440,84542.01,84440,84510
1790270220,84510.01,84532.01,84396,84396.01
1790270280,84396,84466.01,84366,84442.01
1790270340,84442,84442.01,84357,84358.02
1790270400,84358.02,84372.01,84322,84363.4
1790270460,84363.4,84402.01,84342,84366
1790270520,84366.01,84380.01,84330,84330
1790270580,84330,84336.01,84212.9,84282.01
1790270640,84282,84284.01,84249.54,84255.43
1790270700,84255.43,84272.01,84229.98,84234
1790270760,84234.01,84272.01,84210.12,84238.01
1790270820,84238.01,84274.01,84238.01,84274
1790270880,84274.01,84320.01,84274.01,84312.01
1790270940,84312.01,84346.01,84312,84329.71
1790271000,84329.71,84382.01,84329.7,84382
1790271060,84382.01,84439.63,84382,84402.57
1790271120,84402.57,84405.71,84368,84400.01
1790271180,84400.01,84400.01,84366.01,84368.01
1790271240,84368,84368.01,84304,84304.01
1790271300,84304,84321.81,84278,84280.01
1790271360,84280.01,84294,84265.28,84294
1790271420,84294,84294,84227.34,84227.34
1790271480,84227.35,84227.35,84158.18,84180
1790271540,84180.01,84273.33,84180.01,84256
1790271600,84256.01,84258.01,84227.34,84227.35
1790271660,84227.34,84248.01,84186,84228.01
1790271720,84228.01,84300.01,84228.01,84260.01
1790271780,84260,84260.01,84144.15,84147.99
1790271840,84147.99,84172.01,84145.26,84172.01
1790271900,84172,84174.01,84130,84174.01
1790271960,84174.01,84198.01,84174,84192.6
1790272020,84192.61,84212.01,84164.33,84212.01
1790272080,84212.01,84222.01,84194,84218
1790272140,84218,84220.01,84186,84186.01
1790272200,84186.01,84218.01,84178,84218.01
1790272260,84218.01,84218.01,84150,84156.33
1790272320,84156.32,84171.12,84133.29,84133.3
1790272380,84133.3,84150.01,84100,84100
1790272440,84100.01,84100.01,84060,84068.63
1790272500,84068.64,84068.64,84017.68,84033.69
1790272560,84033.69,84096.01,84026.56,84082.01
1790272620,84082,84118.01,84076,84110.6
1790272680,84110.61,84116.01,84084,84094.01
1790272740,84094.01,84116.01,84082.54,84110
1790272800,84110,84110,84045.17,84084.01
1790272860,84084,84087.99,84011.58,84026.01
1790272920,84026,84036.01,83942,83954.01
1790272980,83954.01,83970.01,83888,83908
1790273040,83908,83975.2,83908,83954.01
1790273100,83954,84012.01,83954,84006.01
1790273160,84006.01,84098.01,83988,84092.01
1790273220,84092.01,84092.01,84052,84060
1790273280,84060.01,84170.52,84060.01,84166.02
1790273340,84166.03,84182.01,84147.86,84177.32
1790273400,84177.31,84220,84162,84217.63
1790273460,84217.63,84240,84198,84198.01
1790273520,84198,84230.01,84190,84211.69
1790273580,84211.69,84211.69,84192,84200.91
1790273640,84200.9,84258.01,84200.9,84258
1790273700,84258,84300.55,84242,84296.01
1790273760,84296.01,84346.62,84296,84332
1790273820,84332.01,84371.91,84332,84366.6
1790273880,84366.59,84413.65,84354,84366.01
1790273940,84366.01,84374.01,84362.62,84366
1790274000,84366.01,84366.01,84328,84360
1790274060,84360.01,84402,84360,84379.36
1790274120,84379.36,84414.01,84379.35,84406.01
1790274180,84406.01,84406.01,84378.46,84382
1790274240,84382.01,84396.67,84369.39,84396.67
1790274300,84396.66,84478.01,84391.49,84391.49
1790274360,84391.5,84464.01,84391.49,84449.95
1790274420,84449.95,84470.34,84438,84470.34
1790274480,84470.33,84482.29,84438,84456
1790274540,84456.01,84456.01,84424,84424.01
1790274600,84424.01,84506.45,84424,84469.09
1790274660,84469.1,84469.1,84412,84412
1790274720,84412.01,84452,84391.49,84391.5
1790274780,84391.5,84394.01,84374.79,84376.01
1790274840,84376,84376.01,84343.08,84343.33
1790274900,84343.33,84343.34,84258,84258.01
1790274960,84258,84316.01,84258,84267.83
1790275020,84267.83,84334.01,84267.83,84330.01
1790275080,84330.02,84508.01,84330.02,84494
1790275140,84494.01,84554,84450,84451.99
1790275200,84451.99,84451.99,84406,84412.8
1790275260,84412.8,84423.53,84396.95,84419.57
1790275320,84419.58,84419.58,84391.49,84416
1790275380,84416,84416.01,84391.49,84398.01
1790275440,84398.01,84423.84,84398,84423.84
1790275500,84423.84,84454.01,84420,84420
1790275560,84420,84420,84394,84398.01
1790275620,84398,84416.01,84367.8,84367.8
1790275680,84367.81,84396.01,84367.81,84396
1790275740,84396,84422.01,84378,84408.11
1790275800,84408.11,84518.01,84408.11,84510.01
1790275860,84510,84510,84466,84478.01
1790275920,84478.01,84488.01,84478.01,84484.01
1790275980,84484.01,84484.01,84441.54,84441.54
1790276040,84441.55,84448.01,84416,84448.01
1790276100,84448.01,84478.01,84448,84478
1790276160,84478,84502,84478,84502
1790276220,84502,84540.01,84502,84540.01
1790276280,84540.01,84540.01,84494,84495.36
1790276340,84495.36,84496.01,84460,84476.01
1790276400,84476.01,84504.02,84453.39,84458
1790276460,84458,84458.01,84370.27,84380.64
1790276520,84380.65,84408.01,84340.48,84344.01
1790276580,84344.01,84360.01,84318,84318.01
1790276640,84318.01,84324.72,84304,84316.01
1790276700,84316,84340.01,84298,84340.01
1790276760,84340.01,84366.01,84340,84366
1790276820,84366,84429.27,84351.14,84429.27
1790276880,84429.27,84473.58,84429.26,84458.86
1790276940,84458.86,84495.6,84444,84495.6
1790277000,84495.59,84506.01,84478,84486.01
1790277060,84486.01,84520.01,84482.01,84520
1790277120,84520,84540.01,84520,84540
1790277180,84540,84599.75,84540,84594.48
1790277240,84594.49,84629.72,84580,84583.99
1790277300,84584,84596.01,84545.61,84545.62
1790277360,84545.61,84558.01,84540,84558
1790277420,84558.01,84622.01,84558,84589.26
1790277480,84589.26,84606,84578,84603.99
1790277540,84603.99,84615.23,84553.21,84615.22
1790277600,84615.22,84615.23,84578.01,84578.01
1790277660,84578.01,84578.02,84555.65,84572.01
1790277720,84572.01,84600,84569.44,84600
1790277780,84600,84624.01,84594.14,84624
1790277840,84624,84631.5,84624,84631.49
1790277900,84631.5,84656.58,84631.49,84656.57
1790277960,84656.58,84660,84617.2,84625.8
1790278020,84625.8,84638.75,84625.8,84627.24
1790278080,84627.24,84644.01,84620,84638.8
1790278140,84638.8,84646.12,84637.73,84643.87
1790278200,84643.87,84643.88,84588,84619.9
1790278260,84619.91,84626.01,84586,84600.03
1790278320,84600.88,84606.03,84576,84585.77
1790278380,84585.77,84608.01,84580,84608.01
1790278440,84608,84632.01,84608,84632.01
1790278500,84632,84632,84572,84580.96
1790278560,84580.95,84586.01,84562.86,84563.09
1790278620,84563.08,84563.08,84502.13,84505.7
1790278680,84505.71,84520.01,84505.71,84520.01
1790278740,84520,84522.34,84485.68,84486.01
1790278800,84486.01,84497.01,84444,84450.93
1790278860,84450.93,84466.01,84441.23,84466.01
1790278920,84466,84466.01,84451.4,84451.41
1790278980,84451.4,84451.41,84416.12,84439.64
1790279040,84439.64,84492.36,84439.63,84451.24
1790279100,84451.24,84491.2,84439.13,84491.19
1790279160,84491.19,84498.01,84440.01,84440.02
1790279220,84440.01,84467.79,84440,84462.3
1790279280,84462.29,84478,84451.04,84478
1790279340,84478.01,84520.01,84478,84520.01
1790279400,84520.01,84571.15,84520.01,84564
1790279460,84564,84576.9,84559.21,84559.22
1790279520,84559.22,84559.42,84534.85,84534.85
1790279580,84534.85,84534.85,84497.03,84527.59
1790279640,84527.59,84544.96,84527.58,84542
1790279700,84542,84542.01,84510.12,84516
1790279760,84516,84516,84390.9,84391.5
1790279820,84391.49,84400,84372.34,84372.35
1790279880,84372.34,84384.02,84309.06,84316.17
1790279940,84316.17,84414.05,84316.16,84412.65
1790280000,84412.64,84412.64,84348.08,84386.7
1790280060,84386.69,84386.69,84334.18,84334.18
1790280120,84334.19,84390,84334.18,84387.28
1790280180,84387.28,84395,84348.82,84394.99
1790280240,84394.99,84442.61,84393.26,84393.27
1790280300,84393.28,84393.28,84344,84344.01
1790280360,84344,84358,84303.88,84357.99
1790280420,84357.99,84383.74,84357.99,84383.73
1790280480,84383.73,84427.99,84346,84426
1790280540,84426,84426.01,84403.66,84411.71
1790280600,84411.71,84411.71,84402.1,84405.99
1790280660,84405.99,84421.19,84402.83,84402.83
1790280720,84402.83,84402.83,84356.83,84364.01
1790280780,84364,84364.01,84313.41,84313.41
1790280840,84313.42,84313.42,84244,84250
1790280900,84250.01,84267.86,84250.01,84267.85
1790280960,84267.85,84267.85,84221,84249.38
1790281020,84249.38,84283.81,84239.7,84283.81
1790281080,84283.8,84300.01,84280.37,84300
1790281140,84300,84317.91,84300,84309.42
1790281200,84309.42,84309.42,84241.01,84244
1790281260,84244.01,84251.93,84235.06,84235.07
1790281320,84235.07,84275.66,84226,84270.01
1790281380,84270.01,84270.01,84227.34,84227.34
1790281440,84227.34,84227.35,84200,84200.01
1790281500,84200,84212.01,84170,84212.01
1790281560,84212.01,84230.29,84212,84230.29
1790281620,84230.29,84260.01,84230.29,84246.87
1790281680,84246.87,84292.01,84246.87,84292.01
1790281740,84292,84292,84260,84266
1790281800,84266.01,84268,84206,84230.99
1790281860,84230.99,84244.01,84230.99,84244.01
1790281920,84244.01,84245,84235.36,84235.36
1790281980,84235.36,84235.37,84216,84217
1790282040,84217,84252.01,84208,84252
1790282100,84252.01,84270.01,84250,84270.01
1790282160,84270.01,84288.01,84270,84288
1790282220,84288.01,84304.01,84278,84290.01
1790282280,84290.01,84330.01,84290,84330
1790282340,84330,84370.01,84330,84370
1790282400,84370.01,84412.82,84370.01,84400.01
1790282460,84400.01,84412.01,84400,84400
1790282520,84400.01,84401.37,84400,84401.36
1790282580,84401.36,84401.37,84401.36,84401.37
1790282640,84401.36,84401.37,84387.32,84387.33
1790282700,84387.33,84398.01,84387.32,84398
1790282760,84398.01,84446.01,84398,84446.01
1790282820,84446,84446.01,84396.01,84396.01
1790282880,84396.01,84396.02,84374.01,84380
1790282940,84380.01,84500,84380,84480.01
1790283000,84480,84480.01,84458.98,84463.06
1790283060,84463.06,84463.06,84460.6,84460.61
1790283120,84460.61,84460.61,84416.74,84428.47
1790283180,84428.47,84428.47,84412,84412
1790283240,84412,84412,84363.61,84364
1790283300,84364,84370.01,84272,84283.42
1790283360,84283.42,84327.75,84283.41,84327.75
1790283420,84327.75,84327.75,84293.12,84293.13
1790283480,84293.13,84363.54,84293.13,84360.83
1790283540,84360.83,84371.63,84360.83,84371.63
1790283600,84371.62,84391.5,84371.62,84391.5
1790283660,84391.49,84391.5,84360.83,84370.02
1790283720,84370.02,84404.01,84354.93,84354.93
1790283780,84354.93,84357.39,84347.38,84350.65
1790283840,84350.65,84350.66,84346,84346.01
1790283900,84346,84346.01,84338.25,84338.25
1790283960,84338.26,84338.26,84290,84311.46
1790284020,84311.47,84330.01,84309.42,84324.01
1790284080,84324,84361.92,84324,84354.69
1790284140,84354.69,84369.91,84354.69,84356.24
1790284200,84356.24,84366.25,84349.37,84366.25
1790284260,84366.25,84366.25,84360.69,84360.7
1790284320,84360.69,84365,84360.69,84364.99
1790284380,84365,84382.01,84354,84354.01
1790284440,84354.01,84354.01,84340,84340
1790284500,84340.01,84380,84336,84379.99
1790284560,84380,84391.5,84379.99,84391.49
1790284620,84391.49,84391.5,84390.61,84390.62
1790284680,84390.62,84432.37,84390.61,84421.03
1790284740,84421.03,84428.89,84419.15,84419.16
1790284800,84419.16,84460.87,84419.16,84440
1790284860,84440.01,84440.01,84434,84434.01
1790284920,84434.01,84434.01,84420,84420
1790284980,84420,84420.01,84414.84,84414.84
1790285040,84414.85,84414.85,84414.84,84414.84
1790285100,84414.85,84430.03,84414.84,84430.03
1790285160,84430.03,84430.03,84430.02,84430.03
1790285220,84430.02,84447.81,84428,84447.8
1790285280,84447.8,84447.81,84426.84,84426.84
1790285340,84426.84,84426.85,84426.84,84426.84
1790285400,84426.84,84426.85,84426.84,84426.84
1790285460,84426.84,84450.92,84426.84,84450.92
1790285520,84450.91,84479.92,84450.91,84479.92
1790285580,84479.91,84494.01,84479.91,84494.01
1790285640,84494.01,84494.01,84494,84494.01
1790285700,84494,84500.01,84494,84500.01
1790285760,84500.01,84501.16,84500.01,84501.16
1790285820,84501.16,84501.16,84454.61,84454.61
1790285880,84454.61,84454.61,84418,84436.9
1790285940,84436.91,84437.01,84424.59,84424.6
1790286000,84424.59,84453.65,84424.59,84439.44
1790286060,84439.44,84487.78,84439.43,84487.78
1790286120,84487.79,84490.01,84481.98,84481.99
1790286180,84481.98,84482.02,84452.45,84470.03
1790286240,84470.03,84488.92,84469,84488.92
1790286300,84488.92,84492.01,84452.01,84464
1790286360,84464,84477.79,84460.7,84477.78
1790286420,84477.78,84477.79,84443.43,84443.43
1790286480,84443.44,84460.01,84443.43,84447.41
1790286540,84447.41,84447.41,84408.2,84414.91
1790286600,84414.91,84428.02,84414.9,84428.02
1790286660,84428.02,84428.02,84426.01,84426.01
1790286720,84426.01,84426.02,84416.1,84426.02
1790286780,84426.02,84426.02,84426.01,84426.01
1790286840,84426.01,84426.02,84408.49,84408.49
1790286900,84408.5,84408.5,84375.16,84378.01
1790286960,84378.01,84378.01,84378,84378
1790287020,84378,84378.01,84378,84378.01
1790287080,84378,84378,84353.19,84353.2
1790287140,84353.19,84353.2,84340.01,84350
1790287200,84350,84350,84294.91,84296.01
1790287260,84296,84296,84247.37,84286.01
1790287320,84286.01,84319.65,84272.28,84319.65
1790287380,84319.65,84355.67,84319.64,84355.66
1790287440,84355.67,84368.01,84344,84365.4
1790287500,84365.4,84365.4,84273.88,84273.88
1790287560,84273.89,84316.01,84272,84306.54
1790287620,84306.54,84338.01,84282,84338
1790287680,84338,84338.01,84326,84326.01
1790287740,84326,84337.47,84326,84337.47
1790287800,84337.47,84345.59,84330.82,84337.46
1790287860,84338.38,84338.38,84328,84328.01
1790287920,84328.01,84352.01,84328,84352.01
1790287980,84352.01,84353.4,84329.53,84329.53
1790288040,84329.54,84343.37,84325,84333.97
1790288100,84333.97,84334.02,84327.91,84334.01
1790288160,84334.02,84334.02,84249.94,84249.94
1790288220,84249.95,84249.95,84198,84199.7
1790288280,84199.71,84199.77,84138,84147.22
1790288340,84147.22,84147.32,83948.43,84025.18
1790288400,84025.17,84063.19,84017.44,84054.77
1790288460,84054.14,84072.34,84038.05,84072.33
1790288520,84072.34,84095.88,84071.99,84095.88
1790288580,84095.88,84111.63,84070.89,84074.94
1790288640,84074.94,84152.01,84070.57,84152.01
1790288700,84152.01,84177.42,84152,84177.2
1790288760,84177.2,84179.81,84142.57,84161.99
1790288820,84162,84178.01,84151.96,84157.35
1790288880,84157.35,84158.01,84151.01,84151.02
1790288940,84151.02,84151.02,84124.4,84129.52
1790289000,84129.51,84147.66,84129.51,84142.99
1790289060,84142.99,84181.81,84142.99,84179.01
1790289120,84179,84179.01,84138.72,84145.46
1790289180,84145.47,84190.59,84145.47,84190.49
1790289240,84190.48,84190.49,84186,84186
1790289300,84186,84193.62,84155.71,84155.71
1790289360,84155.71,84168.01,84155.71,84158.9
1790289420,84158.91,84158.91,84150,84150
1790289480,84150.01,84150.01,84124,84125.35
1790289540,84125.35,84125.36,84120,84120.01
1790289600,84120,84120,84068.74,84074.54
1790289660,84074.54,84090.47,84074.53,84090.47
1790289720,84090.46,84107.39,84090.46,84107.39
1790289780,84107.39,84140.01,84107.39,84140
1790289840,84140.01,84150.01,84116.52,84150.01
1790289900,84150.01,84150.01,84143.83,84150.01
1790289960,84150.01,84169.44,84146.36,84169.44
1790290020,84169.43,84227.35,84169.43,84227.35
1790290080,84227.34,84227.35,84216,84222
1790290140,84222.01,84244.32,84216.63,84244.32
1790290200,84244.31,84244.32,84244.31,84244.32
1790290260,84244.32,84244.32,84228,84236.01
1790290320,84236.01,84248.63,84236,84248.62
1790290380,84248.63,84248.63,84242.01,84242.02
1790290440,84242.02,84248.63,84242.01,84248.62
1790290500,84248.62,84254.94,84248.62,84254.01
1790290560,84254,84254,84240,84240.01
1790290620,84240,84254.01,84240,84254
1790290680,84254,84254.01,84240.01,84240.02
1790290740,84240.02,84277.32,84236.01,84277.32
1790290800,84277.32,84295.89,84277.32,84295.89
1790290860,84295.88,84305.49,84272.04,84274
1790290920,84274,84290.53,84274,84290.52
1790290980,84290.53,84317.29,84290.52,84317.28
1790291040,84317.28,84320,84317.27,84320
1790291100,84320.01,84350.01,84320,84348.4
1790291160,84349.99,84364.98,84349.99,84364.98
1790291220,84365.1,84373.37,84364,84373.36
1790291280,84373.37,84373.37,84354,84354.01
1790291340,84354.01,84354.01,84344,84347.97
1790291400,84347.96,84371.62,84347.96,84366
1790291460,84366.01,84366.01,84366,84366.01
1790291520,84366.01,84368.27,84269.99,84272.01
1790291580,84272,84300.01,84272,84300.01
1790291640,84300.01,84306.72,84300,84306.72
1790291700,84306.72,84308.01,84294,84294.01
1790291760,84294.01,84336.01,84294,84336
1790291820,84336.01,84336.01,84334,84336
1790291880,84336,84354.01,84333.93,84346
1790291940,84346,84349.09,84332.63,84348.89
1790292000,84348.89,84353.71,84341.63,84345.12
1790292060,84345.12,84376.89,84345.12,84376.89
1790292120,84376.88,84385.7,84376.88,84385.69
1790292180,84385.7,84385.7,84385.69,84385.7
1790292240,84385.69,84391.5,84385.69,84391.49
1790292300,84391.49,84402.3,84391.49,84401.69
1790292360,84401.68,84414.01,84401.68,84414
1790292420,84414,84437.46,84414,84437.46
1790292480,84437.45,84443.36,84435.26,84443.36
1790292540,84443.36,84443.36,84435.25,84435.26
1790292600,84435.26,84435.26,84435.25,84435.26
1790292660,84435.26,84435.26,84435.25,84435.25
1790292720,84435.26,84450,84429.11,84429.11
1790292780,84429.12,84446,84429.11,84446
1790292840,84445.99,84446,84445.01,84445.02
1790292900,84445.01,84450,84445.01,84449.99
1790292960,84449.99,84466.68,84449.99,84466.68
1790293020,84466.67,84466.7,84456,84456
1790293080,84456,84473.58,84456,84473.57
1790293140,84473.57,84473.58,84437.49,84437.49
1790293200,84437.49,84442.89,84437.49,84442.89
1790293260,84442.88,84455.87,84442.88,84455.87
1790293320,84455.87,84455.87,84451.35,84451.36
1790293380,84451.35,84451.36,84418.74,84420
1790293440,84420,84447.36,84412.07,84412.08
1790293500,84412.08,84417.64,84407.56,84410
1790293560,84410,84410,84407.56,84407.57
1790293620,84407.57,84410,84407.56,84409.99
1790293680,84410,84410,84409.99,84409.99
1790293740,84409.99,84410,84388.66,84408.3
1790293800,84408.3,84445.92,84408.3,84445.92
1790293860,84445.91,84445.91,84409.32,84412.62
1790293920,84412.62,84415.64,84412.61,84415.64
1790293980,84415.63,84420.01,84415.63,84420.01
1790294040,84420,84420,84380.01,84382
1790294100,84382,84383.37,84382,84383.37
1790294160,84383.36,84397.78,84383.36,84397.77
1790294220,84397.78,84413.87,84397.77,84401.13
1790294280,84401.13,84401.13,84401.12,84401.12
1790294340,84401.12,84413.13,84401.12,84410.24
1790294400,84410.24,84420.01,84410.24,84420.01
1790294460,84420,84443.44,84420,84438
1790294520,84438,84458.98,84437.99,84458.97
1790294580,84458.98,84500,84458.98,84496.01
1790294640,84496.01,84519.88,84496,84519.88
1790294700,84519.87,84548.26,84516.93,84548.26
1790294760,84548.26,84548.26,84492,84492.01
1790294820,84492,84544.48,84492,84540.01
1790294880,84540.01,84637.74,84540,84637.73
1790294940,84637.74,84718.02,84635.36,84711.32
1790295000,84711.33,84712.01,84600.17,84610
1790295060,84610.01,84666.01,84598,84641.58
1790295120,84641.58,84660.01,84636.88,84638.17
1790295180,84638.16,84654.19,84637.73,84651.51
1790295240,84651.51,84660.01,84646.68,84657.87
1790295300,84657.86,84657.87,84604,84621.04
1790295360,84621.04,84621.04,84603.42,84620.07
1790295420,84620.07,84620.07,84593.91,84593.92
1790295480,84593.91,84593.91,84562,84562
1790295540,84562,84566.6,84549.55,84560.42
1790295600,84560.42,84602.01,84560.42,84586.56
1790295660,84586.56,84586.56,84562.72,84584
1790295720,84584.01,84609.52,84580,84609.51
1790295780,84609.51,84651.17,84609.51,84651.16
1790295840,84651.16,84651.16,84626,84626
1790295900,84626,84632.52,84609.29,84632.52
1790295960,84633.29,84646.12,84600.45,84611.75
1790296020,84611.75,84663.01,84605.05,84663.01
1790296080,84663.01,84675.01,84641.29,84675
1790296140,84675,84675.1,84669,84673.41
1790296200,84673.41,84673.42,84582.85,84582.85
1790296260,84582.85,84582.85,84555.65,84555.65
1790296320,84555.66,84591.63,84555.65,84579.58
1790296380,84579.59,84602.04,84570.57,84601.21
1790296440,84601.21,84634.09,84579.73,84579.83
1790296500,84579.82,84597.43,84563.38,84563.38
1790296560,84563.38,84625.29,84547.92,84614.68
1790296620,84614.68,84630.01,84594,84604.24
1790296680,84604.24,84610.01,84592,84610.01
1790296740,84610.01,84610.96,84592.01,84610.95
1790296800,84610.96,84651.73,84610.95,84651.73
1790296860,84651.74,84675.05,84651.74,84675.05
1790296920,84675.05,84687.58,84636.01,84636.01
1790296980,84636,84636.01,84617.24,84636
1790297040,84636.01,84636.01,84598.86,84598.86
1790297100,84598.87,84610,84582,84582.01
1790297160,84582.01,84621.5,84582.01,84615.27
1790297220,84615.41,84622.01,84586.93,84590.07
1790297280,84590.08,84608.01,84571.79,84608
1790297340,84608,84656,84606.64,84655.99
1790297400,84655.99,84655.99,84610,84610
1790297460,84610.01,84638.49,84596,84638.48
1790297520,84638.48,84638.49,84605.03,84605.03
1790297580,84605.04,84608.01,84588.48,84608.01
1790297640,84608.01,84668,84608,84652.42
1790297700,84652.41,84652.42,84626.81,84627.01
1790297760,84627,84633.16,84619.89,84619.9
1790297820,84619.9,84637.54,84592.02,84592.02
1790297880,84592.02,84608,84576,84576.01
1790297940,84576.01,84590.01,84564.96,84590.01
1790298000,84590.01,84602.01,84578.07,84597.49
1790298060,84597.5,84642.01,84597.49,84642.01
1790298120,84642.01,84694.94,84642,84694.94
1790298180,84694.94,84694.94,84689,84689.01
1790298240,84689.01,84719.82,84678,84688
1790298300,84687.99,84688,84669.96,84678.46
1790298360,84678.47,84678.47,84664.2,84677.4
1790298420,84677.4,84716.95,84677.4,84690.66
1790298480,84690.66,84741.5,84690.65,84721.49
1790298540,84721.49,84727.32,84721.49,84724.92
1790298600,84724.91,84749,84724.91,84747.84
1790298660,84747.83,84796.51,84746.78,84796.51
1790298720,84796.51,84796.51,84724.45,84724.45
1790298780,84724.46,84738.57,84719.81,84728.28
1790298840,84728.27,84728.46,84700.02,84700.03
1790298900,84700.02,84717.74,84699.99,84717.7
1790298960,84717.7,84717.74,84666.64,84686
1790299020,84686.01,84753.01,84686.01,84737.13
1790299080,84737.13,84737.13,84694.25,84723.86
1790299140,84723.86,84723.86,84679.03,84685.26
1790299200,84685.27,84685.27,84645.59,84645.59
1790299260,84645.59,84667.57,84639.19,84667.57
1790299320,84667.57,84667.57,84612.09,84612.1
1790299380,84612.1,84614.01,84568,84568.01
1790299440,84568,84596.01,84566.89,84566.9
1790299500,84566.9,84568.01,84510.36,84531.65
1790299560,84531.65,84570.01,84528,84570
1790299620,84570.01,84586.59,84562.65,84586.59
1790299680,84586.59,84586.59,84542,84542.01
1790299740,84542,84542.01,84511.68,84540.16
1790299800,84540.16,84540.16,84418.84,84430.01
1790299860,84430,84430,84377.74,84380
1790299920,84380.01,84469.21,84380,84454.32
1790299980,84454.31,84456.01,84420,84420
1790300040,84420.01,84420.01,84395.6,84418.65
1790300100,84418.65,84418.65,84380,84401.58
1790300160,84401.58,84401.59,84366,84366.01
1790300220,84366,84385.63,84366,84384.28
1790300280,84384.27,84384.28,84378,84378.01
1790300340,84378.01,84471.1,84378,84461.18
1790300400,84461.17,84461.17,84423.8,84428.69
1790300460,84428.7,84515.84,84428.7,84515.84
1790300520,84516.01,84524.01,84516,84517.31
1790300580,84517.31,84518.01,84506,84506.01
1790300640,84506.01,84506.01,84479.69,84479.69
1790300700,84479.69,84502,84479.69,84502
1790300760,84502,84528.01,84500.44,84528.01
1790300820,84528.02,84555.66,84502.12,84502.12
1790300880,84502.13,84550.2,84502.12,84540
1790300940,84540.01,84555.66,84536.29,84551.95
1790301000,84551.95,84600,84544,84578.39
1790301060,84578.38,84590.77,84566,84590.77
1790301120,84590.78,84632.01,84590.78,84610.66
1790301180,84610.65,84610.65,84550,84550
1790301240,84550,84550.01,84529.89,84544
1790301300,84544.01,84544.01,84517.18,84520
1790301360,84520.01,84528.4,84505.44,84528.01
1790301420,84528,84558.01,84526.27,84544.27
1790301480,84544.27,84558.01,84541.39,84558.01
1790301540,84558.01,84610.74,84558,84610.73
1790301600,84610.74,84612.01,84584,84584
1790301660,84584.01,84600.01,84572,84600
1790301720,84600,84733.1,84600,84719.81
1790301780,84719.82,84763.03,84719.81,84763.02
1790301840,84763.03,84852.95,84756.89,84852.95
1790301900,84852.94,84859.25,84827.47,84827.48
1790301960,84827.47,84859.16,84791.99,84849.99
1790302020,84849.99,84858.92,84816.63,84816.64
1790302080,84816.63,84821.11,84768.53,84769.97
1790302140,84769.97,84810,84764.9,84802.91
1790302200,84802.91,84849.93,84801.89,84849.93
1790302260,84849.92,84868.22,84849.92,84863.33
1790302320,84863.32,84881.55,84863.32,84865.04
1790302380,84865.04,84865.04,84834.52,84834.53
1790302440,84834.52,84843.56,84827.51,84841.53
1790302500,84841.54,84888,84737.81,84779.11
1790302560,84779.11,84822.75,84775.84,84816.23
1790302620,84816.23,84863.97,84816.23,84842.91
1790302680,84842.9,84858.5,84831.3,84843.48
1790302740,84843.47,84859.1,84832.5,84859.1
1790302800,84859.1,84859.11,84813.58,84830.73
1790302860,84830.73,84858.42,84830.73,84848.61
1790302920,84848.62,84857.57,84807.47,84807.47
1790302980,84807.48,84808.99,84792.36,84792.36
1790303040,84792.37,84792.37,84769.93,84769.93
1790303100,84769.94,84775.89,84749.55,84775.89
1790303160,84775.89,84781.37,84775.88,84781.37
1790303220,84781.37,84788.68,84744.85,84744.85
1790303280,84744.86,84744.86,84674.84,84674.84
1790303340,84674.85,84692.01,84650,84692.01
1790303400,84692,84692.01,84674.27,84686.01
1790303460,84686,84727.65,84686,84710.09
1790303520,84710.08,84713.69,84690,84695.71
1790303580,84695.71,84710,84695.7,84703.69
1790303640,84703.69,84703.69,84631.81,84631.81
1790303700,84631.81,84631.82,84616.44,84618.57
1790303760,84618.58,84631.72,84499.35,84499.35
1790303820,84499.35,84526.01,84492,84512.58
1790303880,84512.58,84512.59,84450,84465.09
1790303940,84465.09,84465.09,84418.01,84448.05
1790304000,84448.06,84460.74,84404.01,84404.02
1790304060,84404.02,84435.71,84404.01,84426.26
1790304120,84426.26,84468.03,84426.26,84468.03
1790304180,84468.02,84500,84458.01,84487.7
1790304240,84487.7,84504.01,84485.05,84485.06
1790304300,84485.06,84485.06,84457.4,84457.4
1790304360,84457.4,84457.4,84300,84309.42
1790304420,84309.42,84309.43,84276,84287.78
1790304480,84287.77,84314,84276.01,84314
1790304540,84314.01,84344.01,84314.01,84344
1790304600,84344.01,84344.01,84270,84274.89
1790304660,84274.88,84274.89,84270,84270
1790304720,84270,84295.98,84264.96,84295.98
1790304780,84295.98,84296.55,84238.03,84248.01
1790304840,84248.01,84248.01,84223.44,84227.36
1790304900,84227.35,84250.27,84221,84221.01
1790304960,84221,84230.01,84221,84221.01
1790305020,84221,84258.01,84180,84188.01
1790305080,84188.01,84230.91,84188.01,84228.2
1790305140,84228.21,84228.21,84215.16,84226.16
1790305200,84226.17,84234.87,84184,84218.95
1790305260,84218.95,84231.74,84206.62,84213.16
1790305320,84213.17,84213.17,84191.74,84191.75
1790305380,84191.74,84217.86,84188,84217.86
1790305440,84217.86,84262.01,84217.85,84262.01
1790305500,84262,84304.01,84261.94,84303.95
1790305560,84303.95,84304.01,84272.86,84272.87
1790305620,84272.87,84297.08,84268.01,84297.08
1790305680,84297.08,84310.01,84297.08,84310.01
1790305740,84310.01,84328.01,84303.96,84325.31
1790305800,84325.31,84325.31,84300.61,84309.42
1790305860,84309.42,84328.01,84308.94,84323.55
1790305920,84323.55,84324.01,84280.98,84299.53
1790305980,84299.52,84299.52,84254.98,84260.71
1790306040,84260.72,84260.72,84232,84253.93
1790306100,84253.94,84326.01,84253.94,84326
1790306160,84326,84326.01,84253.57,84253.57
1790306220,84253.58,84279.62,84253.57,84279.62
1790306280,84279.62,84283.36,84248,84248
1790306340,84248,84248.01,84182,84230
1790306400,84230.01,84244.42,84230,84240.01
1790306460,84240.01,84268.01,84236.68,84236.69
1790306520,84236.69,84256.01,84236.68,84256.01
1790306580,84256.01,84266.34,84236,84236
1790306640,84236.01,84248.61,84232,84232.01
1790306700,84232.01,84265.94,84232.01,84243.08
1790306760,84243.08,84244.01,84237.26,84244
1790306820,84244,84244.01,84208,84208
1790306880,84208,84208,84164.11,84164.12
1790306940,84164.12,84172.01,84121.25,84146.01
1790307000,84146.01,84151.71,84081.92,84081.92
1790307060,84081.93,84131.8,84063.18,84131.8
1790307120,84131.8,84194.9,84131.8,84194.9
1790307180,84194.9,84222.01,84194.89,84210
1790307240,84210.01,84230.77,84210,84230.76
1790307300,84230.76,84230.77,84227.34,84227.34
1790307360,84227.35,84230.01,84224.64,84230
1790307420,84230,84287.87,84230,84287.8
1790307480,84287.8,84314,84287.74,84314
1790307540,84314,84335.5,84314,84335.5
1790307600,84335.5,84385.1,84324,84324.01
1790307660,84324,84324,84313.16,84321.93
1790307720,84321.93,84321.93,84294.01,84294.02
1790307780,84294.01,84296.15,84250.76,84250.77
1790307840,84250.76,84250.77,84213.19,84213.2
1790307900,84213.19,84213.19,84188.56,84188.56
1790307960,84188.56,84188.85,84165.68,84188.85
1790308020,84188.85,84198.01,84180.31,84188.29
1790308080,84188.29,84208.01,84188.28,84208.01
1790308140,84208.01,84211.57,84181.65,84184.36
1790308200,84184.35,84227.7,84184.35,84227.7
1790308260,84227.7,84227.7,84212,84212.01
1790308320,84212.01,84226.01,84138.47,84190.43
1790308380,84190.44,84195.28,84190.43,84195.28
1790308440,84195.27,84195.28,84186.19,84186.2
1790308500,84186.2,84212.62,84186.2,84212.62
1790308560,84212.62,84222,84212.62,84221.99
1790308620,84222,84233.9,84221.99,84233.9
1790308680,84233.89,84235.89,84231.19,84235.88
1790308740,84235.88,84235.88,84231.19,84231.19
1790308800,84231.19,84231.2,84230,84230.01
1790308860,84230.01,84230.01,84210,84210.01
1790308920,84210.01,84216.01,84200,84200
1790308980,84200,84200.01,84166.01,84166.02
1790309040,84166.01,84166.02,84156,84157.35
1790309100,84157.35,84182.01,84157.35,84178.01
1790309160,84178.01,84181.51,84178,84181.5
1790309220,84181.51,84225.42,84181.5,84225.42
1790309280,84225.41,84225.42,84215.82,84215.82
1790309340,84215.83,84215.83,84215.82,84215.83
1790309400,84215.82,84229.74,84150,84153.01
1790309460,84153.01,84170.02,84131.22,84131.23
1790309520,84131.22,84131.23,84076,84077.36
1790309580,84077.36,84088.45,84077.35,84088.45
1790309640,84088.45,84134,84072,84072.01
1790309700,84072,84096.75,84061.22,84086.92
1790309760,84086.92,84150,84086.92,84150
1790309820,84150,84170,84142.23,84142.24
1790309880,84142.23,84142.24,84106.76,84130.29
1790309940,84130.3,84140.01,84130.29,84140.01
1790310000,84140.01,84140.01,84112,84112
1790310060,84112.01,84140,84094,84140
1790310120,84140,84140,84127.97,84127.98
1790310180,84127.98,84130.01,84111.47,84111.48
1790310240,84111.48,84115.74,84111.47,84115.74
1790310300,84115.75,84125.5,84112,84112.92
1790310360,84112.92,84112.98,84112.79,84112.8
1790310420,84112.79,84118.15,84112.79,84118.11
1790310480,84118.12,84118.12,84118.08,84118.08
1790310540,84118.09,84120,84118.08,84119.99
1790310600,84120,84154.91,84119.99,84154.91
1790310660,84154.91,84162.25,84145.55,84156.01
1790310720,84156.01,84156.01,84151.26,84151.33
1790310780,84151.33,84157.44,84151.33,84157.43
1790310840,84157.44,84193.63,84157.44,84193.62
1790310900,84193.62,84196.14,84187.79,84196.03
1790310960,84196.03,84196.07,84196.03,84196.06
1790311020,84196.07,84200.07,84196.06,84196.07
1790311080,84196.07,84205.59,84196,84205.58
1790311140,84205.58,84240,84205.58,84239.99
1790311200,84240,84240.12,84239.99,84240.12
1790311260,84240.11,84279.21,84240.11,84279.21
1790311320,84279.21,84298.01,84279.2,84298.01
1790311380,84298.01,84298.01,84297.84,84297.87
1790311440,84297.86,84297.86,84278,84278
1790311500,84278,84286.01,84278,84286.01
1790311560,84286,84286.01,84286,84286.01
1790311620,84286.01,84286.01,84266,84266.01
1790311680,84266.01,84266.01,84206.01,84220
1790311740,84220,84220.01,84209.47,84209.47
1790311800,84209.47,84209.48,84190,84190.01
1790311860,84190,84193.35,84190,84193.34
1790311920,84193.35,84193.35,84190,84190.01
1790311980,84190,84190,84186,84186.18
1790312040,84186.18,84186.19,84170,84170
1790312100,84170.01,84175.83,84165.8,84167.21
1790312160,84167.21,84228.88,84167.21,84211.45
1790312220,84211.44,84263.51,84199.27,84214.01
1790312280,84214,84214.01,84175.64,84194.88
1790312340,84194.89,84208.01,84194.88,84208.01
1790312400,84208,84223.85,84206,84223.85
1790312460,84223.85,84247.02,84223.84,84247.01
1790312520,84247.01,84254.01,84238.18,84254.01
1790312580,84254,84254.01,84240,84240.01
1790312640,84240,84248,84230,84230
1790312700,84230,84230,84198,84198.01
1790312760,84198,84209.17,84198,84209.16
1790312820,84209.17,84209.17,84184.08,84184.09
1790312880,84184.08,84194.39,84168.45,84194.39
1790312940,84194.38,84228.38,84194.38,84228.38
1790313000,84228.38,84228.38,84220.95,84220.95
1790313060,84220.95,84220.96,84199.87,84199.88
1790313120,84199.87,84202.58,84199.87,84199.88
1790313180,84199.87,84199.88,84182.28,84190
1790313240,84190,84198.07,84168.45,84168.45
1790313300,84168.45,84204.35,84168.45,84204.35
1790313360,84204.35,84247.82,84204.35,84247.82
1790313420,84247.81,84270.09,84235.42,84235.42
1790313480,84235.42,84235.42,84200.58,84200.59
1790313540,84200.58,84200.59,84184.93,84184.93
1790313600,84184.94,84184.94,84180.28,84181.11
1790313660,84181.12,84184,84181.11,84184
1790313720,84183.99,84184,84130.4,84130.41
1790313780,84130.4,84130.41,84096.94,84096.94
1790313840,84096.95,84129.21,84096.94,84126.98
1790313900,84126.97,84163.02,84122.38,84163.02
1790313960,84163.01,84183.27,84163.01,84183.27
1790314020,84183.27,84188.43,84172.75,84188.43
1790314080,84188.42,84195.28,84188.42,84190.01
1790314140,84190.01,84190.02,84190,84190.02
1790314200,84190.02,84190.02,84142.37,84142.4
1790314260,84142.4,84148.91,84140.58,84144.56
1790314320,84144.55,84150.1,84122.54,84122.54
1790314380,84122.54,84185.63,84122.41,84185.63
1790314440,84185.63,84193.87,84166.04,84170
1790314500,84170,84214,84170,84214
1790314560,84214,84246.01,84194.05,84246
1790314620,84246.01,84260.48,84245.88,84260.48
1790314680,84260.48,84287.86,84260.35,84287.85
1790314740,84287.85,84347.86,84287.85,84347.86
1790314800,84347.86,84347.86,84303.99,84303.99
1790314860,84303.99,84303.99,84284.46,84284.47
1790314920,84284.46,84284.47,84257.48,84257.49
1790314980,84257.48,84257.49,84256.22,84256.23
1790315040,84256.22,84256.23,84256.22,84256.23
1790315100,84256.22,84290.01,84256.22,84290.01
1790315160,84290.01,84290.01,84290,84290.01
1790315220,84290.01,84290.01,84270.97,84283.98
1790315280,84283.98,84283.99,84278,84278
1790315340,84278,84288.84,84270.74,84270.75
1790315400,84270.74,84270.76,84270.74,84270.75
1790315460,84270.76,84270.76,84262.4,84262.4
1790315520,84262.41,84262.41,84253.34,84253.35
1790315580,84253.34,84253.34,84226.44,84226.44
1790315640,84226.45,84237.96,84226.44,84237.96
1790315700,84237.96,84240.01,84232.08,84232.08
1790315760,84232.08,84232.09,84216,84216
1790315820,84215.99,84216,84203.02,84203.03
1790315880,84203.03,84203.03,84203.02,84203.03
1790315940,84203.03,84203.03,84194,84194.01
1790316000,84194,84194.01,84167.24,84167.25
1790316060,84167.25,84193.02,84167.24,84182.94
1790316120,84182.94,84199.77,84182.94,84192.95
1790316180,84192.95,84212.01,84185.65,84185.66
1790316240,84185.66,84200,84185.66,84198.92
1790316300,84198.92,84233.78,84198.92,84228.04
1790316360,84228.04,84228.04,84200.89,84200.9
1790316420,84200.9,84200.9,84186.7,84186.7
1790316480,84186.7,84187.99,84174.76,84187.99
1790316540,84188,84210,84076.61,84077.51
1790316600,84077.51,84081.09,84037.03,84046
1790316660,84046.01,84056.87,84030,84030.01
1790316720,84030.01,84030.01,84006,84006
1790316780,84006.01,84022,83962,84022
1790316840,84022,84120,84022,84120
1790316900,84120,84134.65,84078,84078
1790316960,84078,84113.76,84063.18,84102
1790317020,84102,84118.01,84102,84104.01
1790317080,84104,84122.01,84104,84122.01
1790317140,84122.01,84200,84122,84200
1790317200,84200,84284.01,84200,84251.98
1790317260,84251.97,84265.11,84251.97,84256.97
1790317320,84256.97,84265.11,84206.48,84206.49
1790317380,84206.48,84220,84206.48,84219.9
1790317440,84219.89,84219.9,84216,84216
1790317500,84216,84216.01,84171.92,84171.93
1790317560,84171.93,84171.93,84165.65,84165.65
1790317620,84165.65,84165.65,84094.42,84094.43
1790317680,84094.43,84094.43,84079.39,84079.39
1790317740,84079.4,84120.01,84079.39,84102.99
1790317800,84102.98,84102.99,84093.25,84098.01
1790317860,84098,84098.01,84098,84098
1790317920,84098.01,84098.01,84096,84096.01
1790317980,84096.01,84096.01,84006.95,84016.01
1790318040,84016.01,84050.27,84016,84041.38
1790318100,84041.38,84041.38,84041.37,84041.38
1790318160,84041.37,84041.38,84000,84000
1790318220,84000.01,84000.01,83984.61,83985.96
1790318280,83985.97,83992.01,83953.94,83964
1790318340,83964,83964.01,83938,83960.01
1790318400,83960.01,84000,83960,83999.99
1790318460,83999.99,84009.38,83994.22,84009.37
1790318520,84009.38,84024,84004,84024
1790318580,84023.99,84031.98,84012.27,84028.01
1790318640,84028.01,84031.56,84023.36,84031.56
1790318700,84031.55,84047.21,84024,84047.2
1790318760,84047.2,84070.01,84044,84070.01
1790318820,84070,84070,84010,84010.01
1790318880,84010,84034.65,84010,84032.03
1790318940,84032.02,84034.01,84021.07,84021.07
1790319000,84021.07,84021.4,84014,84021.1
1790319060,84021.1,84047.22,84018.14,84022
1790319120,84022.01,84042.78,84022.01,84038.74
1790319180,84038.74,84044.01,84030,84038
1790319240,84038,84052.65,84037.99,84052.65
1790319300,84052.65,84059.16,84052.64,84053.71
1790319360,84053.72,84060.01,84049.68,84060
1790319420,84060.01,84060.01,84045.65,84045.66
1790319480,84045.65,84045.66,84036,84036
1790319540,84036.01,84036.01,84036,84036
1790319600,84036.01,84058.01,84026.01,84058.01
1790319660,84058.01,84058.01,84038.83,84040.01
1790319720,84040.01,84044.01,84035.7,84035.71
1790319780,84035.71,84035.71,84019.41,84029.07
1790319840,84029.07,84029.07,83986.01,83986.01
1790319900,83986.01,84002.3,83986.01,84002.3
1790319960,84002.29,84002.29,83994,83998.01
1790320020,83998.01,84022.01,83954.72,83954.72
1790320080,83954.72,83956.01,83784.29,83784.3
1790320140,83784.3,83852.69,83750.5,83847.19
1790320200,83847.18,83882.44,83847.18,83880.97
1790320260,83880.98,83895.12,83877.69,83888.57
1790320320,83888.57,83888.58,83769.97,83771.34
1790320380,83771.34,83820.9,83771.33,83786.37
1790320440,83786.37,83820.8,83786.37,83820.79
1790320500,83820.79,83843.26,83819.42,83843.25
1790320560,83843.25,83867.59,83843.25,83867.59
1790320620,83867.59,83930.45,83867.58,83930.45
1790320680,83930.45,83944.05,83930.45,83938.03
1790320740,83938.03,83949.49,83934.84,83934.85
1790320800,83934.84,83988.39,83934.84,83988.38
1790320860,83988.38,83988.39,83968,83980.4
1790320920,83980.41,83993.09,83980.4,83993.09
1790320980,83993.09,83996,83974.28,83974.29
1790321040,83974.29,83989.49,83974.28,83989.49
1790321100,83989.49,84018.7,83989.48,84018.69
1790321160,84018.7,84018.7,84013.32,84013.33
1790321220,84013.32,84013.32,83990.68,84012
1790321280,84011.99,84031.54,84011.99,84031.54
1790321340,84031.53,84046.01,84031.53,84046
1790321400,84046,84081.25,84046,84081.25
1790321460,84081.24,84096.01,84046,84046.01
1790321520,84046,84046.01,83949.18,83956.01
1790321580,83956,83956.01,83899.02,83899.02
1790321640,83899.02,83899.02,83848.5,83848.5
1790321700,83848.5,83854.01,83818.75,83854
1790321760,83854,83870.39,83846.5,83852.02
1790321820,83852.01,83886.69,83852.01,83886.68
1790321880,83886.68,83886.69,83846,83846.01
1790321940,83846,83846.01,83820.97,83820.97
1790322000,83820.97,83825.18,83820.96,83825.17
1790322060,83825.17,83861.38,83825,83861.37
1790322120,83861.37,83861.38,83861.37,83861.37
1790322180,83861.37,83902.15,83861.37,83902.15
1790322240,83902.15,83915.19,83899.02,83915.18
1790322300,83915.18,83935.44,83887.16,83908
1790322360,83908,83964.01,83906.31,83964
1790322420,83964,83985.2,83964,83985.19
1790322480,83985.19,83985.2,83964,83964.01
1790322540,83964,83995.19,83964,83995.18
1790322600,83995.18,84029,83995.18,84028.99
1790322660,84028.99,84029,84004,84022.2
1790322720,84022.19,84022.2,83991.67,84000.07
1790322780,84000.07,84015.04,84000.07,84015.04
1790322840,84015.03,84015.04,84000.11,84000.11
1790322900,84000.11,84014.85,83988.4,84014.84
1790322960,84014.84,84054.8,84014.84,84046.91
1790323020,84046.91,84080,84039.76,84080
1790323080,84080,84088.86,84068,84088.85
1790323140,84088.85,84088.87,84043.96,84043.96
1790323200,84043.96,84068,84031.42,84068
1790323260,84068.01,84130.77,84068.01,84130.76
1790323320,84130.77,84158.37,84129.41,84136.01
1790323380,84136,84160,84136,84158.56
1790323440,84158.56,84179.48,84126,84126
1790323500,84126,84135,84126,84127.32
1790323560,84127.31,84130,84127.31,84130
1790323620,84130,84130,84028.98,84069.58
1790323680,84069.58,84126.54,84069.57,84113.39
1790323740,84113.4,84142.57,84113.39,84123.54
1790323800,84123.55,84139.62,84071.14,84087.97
1790323860,84087.97,84134.53,84087.96,84101.85
1790323920,84101.84,84157.5,84101.84,84157.5
1790323980,84157.49,84191.58,84135.61,84135.61
1790324040,84135.62,84159.28,84121.74,84121.75
1790324100,84121.75,84177.85,84121.74,84177.85
1790324160,84177.85,84200,84174,84198
1790324220,84198.01,84228.01,84198.01,84209.51
1790324280,84209.52,84238.27,84205,84238.27
1790324340,84238.26,84250,84238,84250
1790324400,84250,84264.01,84250,84264.01
1790324460,84264.01,84360.28,84264,84356.97
1790324520,84356.98,84375,84350,84350.01
1790324580,84350.01,84350.01,84339.84,84346
1790324640,84346,84404.5,84346,84368
1790324700,84368.01,84390.01,84368,84390
1790324760,84390,84407.5,84372.08,84407.5
1790324820,84407.49,84437.09,84407.49,84435.7
1790324880,84435.7,84512,84435.7,84464.57
1790324940,84464.56,84464.57,84432,84432
1790325000,84432,84446.46,84419.06,84419.07
1790325060,84419.07,84419.07,84378,84409.16
1790325120,84409.17,84413.39,84391.49,84399.99
1790325180,84399.99,84427.99,84399.99,84422.37
1790325240,84422.36,84422.37,84385.52,84385.53
1790325300,84385.52,84396.01,84385.52,84388
1790325360,84388.01,84388.01,84368,84376.45
1790325420,84376.44,84376.45,84368.61,84368.61
1790325480,84368.62,84368.62,84357.8,84365.18
1790325540,84365.18,84365.19,84334.28,84334.29
1790325600,84334.28,84347.66,84334.28,84347.66
1790325660,84347.66,84347.67,84342.73,84342.73
1790325720,84342.73,84342.74,84334.28,84334.29
1790325780,84334.28,84334.29,84334.28,84334.29
1790325840,84334.28,84334.29,84322.49,84322.49
1790325900,84322.49,84322.5,84306,84306
1790325960,84306,84322.89,84305.75,84322.88
1790326020,84322.89,84337.66,84322.88,84331.33
1790326080,84331.33,84331.33,84308,84308.01
1790326140,84308,84308.01,84294.49,84294.49
1790326200,84294.5,84311.36,84294.49,84311.36
1790326260,84311.36,84336.68,84311.35,84336.68
1790326320,84336.68,84362.93,84336.68,84350.79
1790326380,84350.78,84358.01,84347.32,84356
1790326440,84356,84357.65,84346,84357.65
1790326500,84357.66,84396.01,84357.65,84396
1790326560,84396.01,84458.91,84396,84458.91
1790326620,84458.91,84473.57,84435.86,84435.86
1790326680,84435.86,84435.87,84424.93,84424.94
1790326740,84424.94,84424.94,84408.6,84417.06
1790326800,84417.05,84435.85,84417.05,84435.85
1790326860,84435.85,84473.58,84435.84,84472
1790326920,84472.01,84500,84472.01,84499.99
1790326980,84499.99,84523.04,84499.99,84516.01
1790327040,84516.01,84599.75,84516,84586
1790327100,84586,84637.74,84584.11,84620
1790327160,84620.01,84703.64,84620,84703.63
1790327220,84703.63,84711.93,84694,84698.09
1790327280,84698.09,84721,84682.01,84682.01
1790327340,84682.01,84682.01,84634,84642.48
1790327400,84642.47,84642.48,84606.24,84606.25
1790327460,84606.24,84626.46,84606.24,84626.46
1790327520,84626.45,84626.46,84626.45,84626.45
1790327580,84626.45,84626.46,84608,84626.45
1790327640,84626.45,84626.45,84575.63,84596.82
1790327700,84596.81,84626.46,84577.54,84599.99
1790327760,84600,84608.46,84592,84592
1790327820,84592,84592.01,84566.4,84566.4
1790327880,84566.41,84634.01,84545.67,84632.01
1790327940,84632.01,84632.01,84597.83,84606.02
1790328000,84606.02,84606.03,84568.16,84568.16
1790328060,84568.16,84568.17,84555.65,84562.01
1790328120,84562.01,84624.4,84562,84600
1790328180,84600,84610.01,84600,84606
1790328240,84606.01,84678.13,84606.01,84669.99
1790328300,84670,84697.58,84661.6,84674.64
1790328360,84674.65,84712.01,84672.01,84712.01
1790328420,84712.01,84727.67,84706,84727.67
1790328480,84727.66,84832.84,84727.66,84816.01
1790328540,84816,84822.01,84812.03,84814.01
1790328600,84814.01,84870,84780,84808.01
1790328660,84808,84822,84748,84750.01
1790328720,84750,84764.01,84721.99,84722
1790328780,84721.99,84724.42,84698.11,84712
1790328840,84712,84738.81,84712,84735.91
1790328900,84735.91,84735.91,84698,84698.01
1790328960,84698.01,84708.01,84682.68,84682.68
1790329020,84682.69,84682.69,84678,84678.01
1790329080,84678,84687,84678,84687
1790329140,84687,84704.89,84686.99,84704.89
1790329200,84704.89,84704.89,84664,84664.01
1790329260,84664,84664.01,84592.59,84608.48
1790329320,84608.47,84616.01,84604.08,84616.01
1790329380,84616.01,84632.01,84616.01,84632.01
1790329440,84632.01,84634.41,84628,84630.7
1790329500,84630.7,84637.49,84610.68,84610.69
1790329560,84610.68,84627.99,84586.24,84627.98
1790329620,84627.99,84643.67,84627.98,84643.67
1790329680,84643.66,84643.67,84616,84616.01
1790329740,84616,84616.66,84616,84616.65
1790329800,84616.65,84616.66,84608.19,84608.19
1790329860,84608.19,84608.2,84600,84600.01
1790329920,84600,84600.01,84582,84582.01
1790329980,84582.01,84608,84582,84608
1790330040,84608,84608.01,84588,84588.01
1790330100,84588.01,84627.63,84586.93,84622.87
1790330160,84622.88,84622.88,84619.27,84622.87
1790330220,84622.87,84622.88,84603.55,84603.56
1790330280,84603.56,84603.56,84598.73,84598.73
1790330340,84598.74,84598.74,84570.01,84570.01
1790330400,84570.02,84570.02,84564.03,84564.04
1790330460,84564.03,84564.03,84500,84506.37
1790330520,84506.37,84506.37,84438.01,84446.01
1790330580,84446.01,84446.01,84400,84410.01
1790330640,84410,84410,84396,84407.36
1790330700,84407.37,84407.37,84394,84404.01
1790330760,84404,84426.01,84404,84416.65
1790330820,84416.64,84416.65,84405.52,84405.52
1790330880,84405.52,84422.01,84402.8,84410.01
1790330940,84410.01,84432.01,84410,84432.01
1790331000,84432.01,84475.95,84432,84475.95
1790331060,84475.94,84484.01,84475.94,84484
1790331120,84484.01,84484.01,84478.39,84484
1790331180,84484.01,84484.01,84480.44,84484.01
1790331240,84484.01,84500,84484,84496.01
1790331300,84496.01,84496.01,84491.07,84491.07
1790331360,84491.08,84491.08,84460.08,84476.01
1790331420,84476.01,84486.01,84476,84486
1790331480,84486.01,84486.01,84460.55,84460.55
1790331540,84460.55,84460.56,84460,84460.01
1790331600,84460.01,84486.01,84451.55,84486
1790331660,84486,84486.01,84468,84468.01
1790331720,84468.01,84468.01,84456,84456.01
1790331780,84456.01,84504.01,84456,84496
1790331840,84496,84530.01,84496,84530.01
1790331900,84530.01,84562.97,84530,84562.97
1790331960,84562.97,84596.79,84562.96,84585.71
1790332020,84585.7,84679.77,84585.7,84664.01
1790332080,84664.01,84746.01,84664.01,84746.01
1790332140,84746,84746.01,84718,84728.56
1790332200,84728.57,84760.01,84680.88,84760.01
1790332260,84760.01,84760.01,84702.63,84714.01
1790332320,84714.01,84714.01,84662.25,84662.25
1790332380,84662.26,84729.09,84662.25,84722.36
1790332440,84722.37,84730.01,84699.04,84699.05
1790332500,84699.04,84704.01,84699.04,84700.03
1790332560,84700.04,84728.01,84690.16,84728.01
1790332620,84728,84766.01,84728,84762.01
1790332680,84762,84766.01,84746,84748
1790332740,84748,84748.01,84697.73,84707.2
1790332800,84707.21,84716,84702.33,84716
1790332860,84716,84760.01,84716,84760.01
1790332920,84760.01,84800,84760,84799.99
1790332980,84800,84819.31,84760,84760
1790333040,84760.01,84784,84760,84784
1790333100,84784,84784,84760,84773.64
1790333160,84773.65,84773.65,84773.64,84773.64
1790333220,84773.65,84779.56,84773.64,84779.56
1790333280,84779.57,84813.79,84779.56,84812
1790333340,84812,84812.42,84756,84777.71
1790333400,84777.71,84782.49,84756.11,84756.11
1790333460,84756.11,84812.44,84736,84812.44
1790333520,84812.43,84812.44,84798.02,84798.02
1790333580,84798.01,84824.21,84776,84824.2
1790333640,84824.2,84870,84824.2,84839.92
1790333700,84839.93,84839.93,84746.01,84746.02
1790333760,84746.02,84759.43,84744,84759.43
1790333820,84759.43,84759.43,84722,84722
1790333880,84722.01,84730.01,84713.66,84713.67
1790333940,84713.66,84713.67,84713.66,84713.66
1790334000,84713.67,84728.01,84707.5,84707.5
1790334060,84707.5,84766.96,84707.5,84766.95
1790334120,84766.96,84766.96,84758.47,84766.95
1790334180,84766.96,84790.01,84763.41,84790.01
1790334240,84790,84812.01,84790,84808.04
1790334300,84808.04,84811.86,84808.03,84811.86
1790334360,84811.86,85008.27,84811.86,85008.27
1790334420,85008.26,85088,84989.28,85071.98
1790334480,85071.97,85132.96,85054.34,85102.01
1790334540,85102,85126.34,85054.77,85075.19
1790334600,85075.19,85075.2,85039.99,85049.99
1790334660,85049.99,85119.87,85049.99,85119.87
1790334720,85119.87,85166,85119.86,85165.8
1790334780,85165.8,85165.8,85124,85140
1790334840,85140,85222,85140,85221.94
1790334900,85221.94,85255,85216,85221.86
1790334960,85221.86,85227.58,85158.27,85176.01
1790335020,85176.01,85176.02,85144.85,85163.48
1790335080,85163.47,85163.48,85063.94,85063.94
1790335140,85063.94,85109.51,85063.48,85098
1790335200,85098,85100,85030,85032.01
1790335260,85032.01,85032.82,85027.92,85027.93
1790335320,85027.92,85027.93,85027.92,85027.93
1790335380,85027.93,85027.93,84916,84916
1790335440,84916,84945.06,84841.04,84945.06
1790335500,84945.06,84945.06,84876,84888.62
1790335560,84888.62,84978.15,84888.62,84958.01
1790335620,84958,84959.72,84922,84937.87
1790335680,84937.87,84959.72,84915.7,84956.01
1790335740,84956.01,84956.01,84922.91,84926.99
1790335800,84927,84928.01,84859.65,84880.02
1790335860,84880.03,84897.62,84859.98,84859.99
1790335920,84859.98,84859.99,84859.66,84859.66
1790335980,84859.66,84859.67,84827.78,84827.79
1790336040,84827.79,84899.77,84822.68,84887.73
1790336100,84887.74,84973.66,84887.73,84932.01
1790336160,84932.01,84932.01,84850,84850
1790336220,84850.01,84850.01,84806,84834
1790336280,84834.01,84876.01,84834,84876
1790336340,84876.01,84876.01,84832,84832
1790336400,84832,84834.01,84801.89,84801.9
1790336460,84801.89,84801.9,84705.88,84720.04
1790336520,84720.03,84745,84720.03,84735.4
1790336580,84735.34,84735.34,84721.16,84732.01
1790336640,84732,84736.25,84707.07,84716.69
1790336700,84716.69,84739.79,84677.24,84677.25
1790336760,84677.25,84707.09,84677.24,84707.09
1790336820,84707.08,84744.74,84707.08,84725.68
1790336880,84725.68,84725.68,84584,84608.01
1790336940,84608.01,84659.81,84600.01,84600.02
1790337000,84600.01,84640.55,84578.77,84640.55
1790337060,84640.55,84682.32,84640.54,84682.32
1790337120,84682.39,84691.98,84658,84658
1790337180,84658,84658.01,84608.78,84608.79
1790337240,84608.79,84627.87,84608.33,84624.01
1790337300,84624.01,84638,84622,84630.01
1790337360,84630,84630,84567.02,84602
1790337420,84602.01,84633.78,84602,84626.48
1790337480,84626.47,84626.48,84620,84620
1790337540,84620.01,84620.01,84582.63,84582.64
1790337600,84582.64,84646.97,84577.49,84642.09
1790337660,84642.08,84674.65,84642.08,84650.01
1790337720,84650.01,84670.01,84642,84642
1790337780,84642.01,84698.03,84642,84656.01
1790337840,84656,84668.4,84611.36,84662.24
1790337900,84662.24,84662.25,84631.06,84631.07
1790337960,84631.06,84637.86,84617.05,84637.86
1790338020,84637.86,84704,84622.27,84698
1790338080,84698,84698.01,84664.73,84667.75
1790338140,84667.75,84675.01,84650.89,84659.36
1790338200,84659.36,84676.01,84639.46,84646.01
1790338260,84646,84646.01,84584.01,84591.76
1790338320,84591.77,84603.69,84574.88,84574.88
1790338380,84574.88,84574.89,84300,84300
1790338440,84300.01,84406.97,84223.56,84368.41
1790338500,84368.42,84368.42,84145.26,84145.26
1790338560,84145.26,84208.37,84000,84038.2
1790338620,84038.19,84135.49,83900,83909.53
1790338680,83909.53,84074.81,83909.52,84017.58
1790338740,84017.57,84017.58,83927.36,84005.76
1790338800,84006.46,84121.33,83972.85,84120.94
1790338860,84120.94,84172.15,84120.94,84172.15
1790338920,84172.15,84234.01,84172.15,84234.01
1790338980,84234.01,84290.01,84200,84215.01
1790339040,84215.02,84298.72,84215.01,84292.59
1790339100,84292.58,84293.37,84254.86,84291.96
1790339160,84291.96,84330.11,84280,84325.25
1790339220,84325.25,84345.24,84309.63,84317.84
1790339280,84317.84,84374.15,84317.84,84374.15
1790339340,84374.15,84405.91,84374.14,84405.9
1790339400,84405.91,84513.2,84392.35,84483.53
1790339460,84484.92,84517.56,84425.73,84447.08
1790339520,84447.08,84463.99,84340,84448.03
1790339580,84448.03,84494.01,84404,84494.01
1790339640,84494.01,84496.01,84444.1,84466.06
1790339700,84466.05,84542.01,84466.05,84530.79
1790339760,84530.78,84533.95,84502.07,84525.5
1790339820,84525.49,84525.5,84491.6,84491.6
1790339880,84491.14,84519.45,84473.43,84512.84
1790339940,84512.83,84526.41,84488.14,84509.76
1790340000,84509.76,84518.01,84483.1,84491.56
1790340060,84491.56,84491.56,84420.06,84422.2
1790340120,84422.19,84452.68,84406.73,84409.04
1790340180,84409.03,84428.4,84394.44,84401.34
1790340240,84401.34,84520.25,84401.34,84435.99
1790340300,84435.99,84444.31,84340.01,84427.34
1790340360,84427.34,84524.01,84372.92,84458.69
1790340420,84458.68,84574.01,84428.81,84574.01
1790340480,84574,84574.01,84445.56,84445.56
1790340540,84445.57,84446.31,84400,84404.07
1790340600,84404.06,84446.32,84400.03,84446.31
1790340660,84446.32,84480.06,84418.59,84463.54
1790340720,84463.53,84463.53,84381.08,84386.42
1790340780,84386.41,84435.7,84372.01,84428.57
1790340840,84428.58,84453.82,84428.57,84449.6
1790340900,84449.61,84500,84432.73,84485.47
1790340960,84485.47,84521.19,84467.76,84521.19
1790341020,84521.19,84521.19,84464.63,84483.13
1790341080,84483.13,84524.59,84476.56,84524.59
1790341140,84524.58,84524.58,84460.2,84471.8
1790341200,84471.79,84474.5,84350.01,84354.44
1790341260,84354.45,84434.17,84340,84434.17
1790341320,84434.16,84473.45,84423.06,84427.92
1790341380,84427.91,84473.58,84427.91,84457.31
1790341440,84457.32,84487.59,84457.31,84481.97
1790341500,84481.97,84544.35,84481.96,84541.23
1790341560,84541.22,84574.01,84507.36,84507.37
1790341620,84507.37,84507.37,84450.5,84467.09
1790341680,84467.1,84510.19,84450.01,84450.02
1790341740,84450.01,84468.65,84440.59,84457.69
1790341800,84457.69,84457.69,84434,84434
1790341860,84434,84446.49,84426.47,84437.94
1790341920,84437.94,84455.28,84426.46,84439.02
1790341980,84439.02,84461.83,84431.58,84431.58
1790342040,84431.59,84460.01,84424.58,84460
1790342100,84460.01,84600.01,84452.32,84554.36
1790342160,84554.36,84563.86,84489.24,84509.57
1790342220,84509.57,84509.57,84442.13,84442.14
1790342280,84442.13,84453.84,84366.09,84376.54
1790342340,84376.54,84387.61,84262,84268.65
1790342400,84268.65,84320.92,84268.64,84286.73
1790342460,84286.72,84302.04,84224,84265.02
1790342520,84265.01,84265.02,84231.39,84253.67
1790342580,84253.68,84296.92,84253,84253
1790342640,84253,84263.7,84221,84221.01
1790342700,84221,84221,84146.81,84171.51
1790342760,84171.51,84171.52,84143.01,84163.89
1790342820,84163.89,84163.9,84108,84133.28
1790342880,84133.28,84200.01,84124,84200.01
1790342940,84200,84200.01,84104.22,84104.22
1790343000,84104.22,84104.22,83951.42,84017.44
1790343060,84017.44,84036.01,83905.17,83971.85
1790343120,83971.86,83975.99,83900,83943.1
1790343180,83943.1,83988.01,83916.17,83988
1790343240,83988,84059.18,83988,84054.05
1790343300,84054.05,84284.01,84037.99,84282.01
1790343360,84282.01,84342.01,84124,84138.01
1790343420,84138,84154.01,84068.23,84107.51
1790343480,84107.5,84156.01,84090.03,84156.01
1790343540,84156,84162.01,84046.36,84102
1790343600,84102.01,84143.64,84070,84070.01
1790343660,84070.01,84100.01,84022,84051.62
1790343720,84051.63,84068,83984.01,84045.7
1790343780,84045.69,84064.58,83888.85,83888.86
1790343840,83888.86,84010,83800,84010
1790343900,84010.01,84048.61,83949.21,83984.81
1790343960,83984.82,83984.82,83658.42,83658.43
1790344020,83658.43,83724.71,83530.06,83724.7
1790344080,83724.71,83792.01,83677.66,83766.01
1790344140,83766.01,83847.78,83750,83750.01
1790344200,83750,83874.89,83724.29,83842.01
1790344260,83842.01,83852.11,83800,83802.61
1790344320,83802.61,83900.01,83800,83900.01
1790344380,83900.01,83944.07,83842,83944.06
1790344440,83944.07,84112.01,83914,84084.37
1790344500,84084.36,84092.01,84026.01,84074.01
1790344560,84074.01,84074.01,83975.47,83978
1790344620,83977.99,83977.99,83908.33,83932.01
1790344680,83932.01,83952.4,83914.02,83922.21
1790344740,83922.21,83941.67,83915.19,83923.71
1790344800,83923.71,84017.47,83891.37,83959.99
1790344860,83960,83981.11,83935.01,83950.43
1790344920,83950.43,83960.16,83742.01,83742.01
1790344980,83742.01,83742.01,83466,83530.67
1790345040,83530.67,83550,83249.55,83253.16
1790345100,83253.16,83336.55,83183,83218.4
1790345160,83218.39,83406.56,83218.39,83301.62
1790345220,83301.62,83419.78,83298.96,83369.02
1790345280,83369.03,83499.36,83312.96,83499.22
1790345340,83499.22,83572.65,83446.06,83469.87
1790345400,83469.87,83533.66,83445.71,83470.01
1790345460,83470.01,83636.36,83470.01,83636.35
1790345520,83636.36,83652.66,83606.74,83618.87
1790345580,83618.87,83655.09,83570.71,83616.7
1790345640,83616.69,83616.7,83501.23,83580.01
1790345700,83580.01,83652.79,83462,83652.79
1790345760,83652.78,83718.01,83566.76,83572.72
1790345820,83572.73,83584.01,83490.42,83490.43
1790345880,83490.42,83576.01,83490.42,83576.01
1790345940,83576.01,83646.01,83516,83646.01
1790346000,83646,83670.79,83583.42,83655.97
1790346060,83655.98,83755.96,83655.98,83740.01
1790346120,83740.01,83800,83707.4,83728.57
1790346180,83728.57,83758.01,83658.13,83658.13
1790346240,83658.14,83698.01,83575.53,83625.67
1790346300,83625.67,83692.01,83621.99,83674.01
1790346360,83674,83701.51,83640,83676.01
1790346420,83676,83685.9,83614.66,83614.67
1790346480,83614.67,83648.01,83600.83,83640.01
1790346540,83640.01,83713.7,83640.01,83649.76
1790346600,83650.01,83738.01,83650,83737.79
1790346660,83737.79,83816.01,83724.47,83816.01
1790346720,83816,83826.01,83749.44,83826
1790346780,83826.01,83847.98,83810,83823.04
1790346840,83823.03,83897.46,83823.03,83878
1790346900,83878.01,83899.03,83837,83855.04
1790346960,83855.04,83895.81,83855.04,83856
1790347020,83856,83870.01,83821.79,83847.14
1790347080,83847.15,83912.01,83847.15,83912
1790347140,83912,83928.01,83865.38,83865.39
1790347200,83865.38,83873.45,83751.32,83751.32
1790347260,83751.33,83824.01,83751.32,83806.91
1790347320,83806.92,83842.03,83772,83820.84
1790347380,83820.84,83847.89,83662,83662.01
1790347440,83662,83702.56,83656.06,83684.46
1790347500,83684.46,83700,83564,83700
1790347560,83700,83775.64,83662.94,83719.02
1790347620,83719.01,83774.9,83691.14,83763.61
1790347680,83763.6,83802.01,83736.56,83792.69
1790347740,83792.69,83850,83770.65,83811.34
1790347800,83811.35,83820.68,83747.62,83764.85
1790347860,83764.86,83798.01,83678,83678.01
1790347920,83678.01,83678.01,83603.83,83633.99
1790347980,83633.99,83738,83620.57,83732.01
1790348040,83732,83796.09,83732,83796.08
1790348100,83796.09,83892.52,83796.08,83892.51
1790348160,83892.52,83962.01,83886.7,83924.01
1790348220,83924,83948.01,83907.83,83934
1790348280,83934,83979.41,83922.55,83979.4
1790348340,83979.4,84030.01,83978.75,84016.01
1790348400,84016.01,84016.01,83954,84010.02
1790348460,84010.02,84046.01,83984,84038.73
1790348520,84038.73,84092.01,83937.38,83937.38
1790348580,83937.39,83944.9,83850.43,83880
1790348640,83880,83898.01,83772,83784.45
1790348700,83785.57,83852.01,83778.23,83787.73
1790348760,83787.74,83826.01,83754,83781.62
1790348820,83781.99,83876,83774.55,83876
1790348880,83876,83928.02,83876,83928.01
1790348940,83928.02,83945.28,83905.8,83906.63
1790349000,83906.62,83908.01,83852.63,83885.9
1790349060,83885.89,83889.48,83822.98,83842.8
1790349120,83842.81,83959.94,83842.8,83936
1790349180,83936.01,83989.83,83936,83964.01
1790349240,83964,84004.01,83945.37,84001.9
1790349300,84001.9,84004.83,83918.5,83954.42
1790349360,83954.41,83986.63,83922.01,83943.35
1790349420,83943.36,83955.68,83883.17,83920.4
1790349480,83920.4,83936.44,83873.12,83873.13
1790349540,83873.12,83873.13,83776,83778.01
1790349600,83778,83811.08,83744,83811.07
1790349660,83811.08,83915.28,83766.57,83915.28
1790349720,83915.27,83936.43,83894.04,83894.04
1790349780,83894.05,83928.03,83884.45,83908.01
1790349840,83908,83908.02,83875.41,83876
1790349900,83876.01,83880.02,83837.43,83844.15
1790349960,83844.14,83861,83828.57,83860.99
1790350020,83861,83866.01,83809.03,83809.03
1790350080,83809.03,83809.04,83750,83770.01
1790350140,83770.01,83773.2,83730.81,83766.46
1790350200,83766.45,83876,83743.81,83757.97
1790350260,83757.98,83791.69,83734.01,83790
1790350320,83789.99,83892.01,83789.99,83828.47
1790350380,83828.47,83848.01,83785,83785
1790350440,83785.01,83785.01,83730.53,83744.89
1790350500,83744.9,83758.2,83694.72,83711.18
1790350560,83711.18,83724.59,83695.19,83711
1790350620,83710.99,83743.7,83689.26,83695.93
1790350680,83695.93,83712.02,83624.01,83624.01
1790350740,83624.02,83628.01,83468.04,83478.56
1790350800,83478.56,83610.99,83478.55,83601.08
1790350860,83601.09,83617.81,83550.69,83550.7
1790350920,83550.7,83563.24,83503.8,83552.6
1790350980,83552.61,83583.01,83455,83467.74
1790351040,83467.73,83511.92,83460,83474.35
1790351100,83474.35,83511.43,83457.11,83457.11
1790351160,83457.12,83541.52,83424.24,83524.82
1790351220,83524.81,83582,83478.61,83478.61
1790351280,83478.61,83478.62,83443.09,83444.01
1790351340,83444.01,83458.42,83410.9,83433.18
1790351400,83433.18,83443.34,83394.27,83435.96
1790351460,83435.96,83435.96,83388.79,83388.79
1790351520,83388.8,83475.09,83363.63,83467.57
1790351580,83467.57,83487.82,83432.65,83476
1790351640,83476,83546,83444.01,83513.22
1790351700,83513.23,83581.99,83513.22,83569.15
1790351760,83569.16,83618.01,83544.21,83618.01
1790351820,83618,83631.69,83600.03,83631.69
1790351880,83631.68,83722.01,83631.68,83722
1790351940,83722.01,83796.01,83714,83796.01
1790352000,83796.01,83910,83796.01,83910
1790352060,83909.99,83934.7,83872,83925.99
1790352120,83925.99,83997.29,83925.99,83990.01
1790352180,83990.01,83990.01,83951.66,83986
1790352240,83986.01,83997.29,83900,83970
1790352300,83970.01,84024.82,83945.36,84016.01
1790352360,84016.01,84077.64,83976,84059.8
1790352420,84059.81,84069,83938.66,83979.49
1790352480,83979.49,84014.01,83950,83960.53
1790352540,83960.52,83984.01,83931.4,83984.01
1790352600,83984.01,84047.29,83948,83948
1790352660,83948.01,83992.01,83936.01,83992.01
1790352720,83992.01,84028.01,83962.13,84004.01
1790352780,84004.01,84004.01,83967.04,83969.73
1790352840,83969.73,84010.49,83959.89,84010.48
1790352900,84010.48,84069,84010.48,84054
1790352960,84054,84103.45,84050.02,84086.41
1790353020,84086.41,84115.87,84023.35,84023.36
1790353080,84023.35,84057.75,83998,83998
1790353140,83998,84044,83986,84040.93
1790353200,84040.92,84062,83996.61,83996.61
1790353260,83996.61,83996.62,83967.31,83972.56
1790353320,83972.56,83990.97,83963.75,83970.01
1790353380,83970,83974,83926.57,83949.98
1790353440,83950.01,83982.89,83950,83982.89
1790353500,83982.89,84002.93,83982.88,83989.81
1790353560,83989.81,84034.01,83988.89,84034
1790353620,84034,84040,84004.01,84004.02
1790353680,84004.01,84004.02,83968.98,83976.04
1790353740,83976.03,83990.01,83962.38,83972.01
1790353800,83972.01,83982,83957.11,83982
1790353860,83981.99,83987.96,83962.01,83987.96
1790353920,83987.96,84027.22,83978.42,84024.4
1790353980,84024.41,84037.92,83974.34,83974.35
1790354040,83974.34,83974.34,83819.86,83830
1790354100,83830.01,83882.01,83820,83882
1790354160,83882,83930.02,83878,83930.02
1790354220,83930.02,83974.01,83930.01,83930.01
1790354280,83930,83930,83871.35,83904.02
1790354340,83904.02,83932.01,83904.01,83922.02
1790354400,83922.02,83942.01,83882,83882.01
1790354460,83882.01,83912,83882,83912
1790354520,83912,83954.01,83911.99,83922
1790354580,83922.01,83964.84,83922,83954
1790354640,83954,83979.13,83906,83906.01
1790354700,83906.01,83906.01,83866,83884
1790354760,83884.01,83902.01,83874,83878
1790354820,83878.01,83878.01,83819.86,83819.86
1790354880,83819.87,83819.87,83759.19,83760
1790354940,83760.01,83796.01,83720,83796.01
1790355000,83796,83816,83796,83804.01
1790355060,83804.01,83846.01,83802,83846.01
1790355120,83846.01,83892.23,83846,83892.22
1790355180,83892.22,83898.01,83834,83834.01
1790355240,83834.01,83864.69,83832,83856.01
1790355300,83856.01,83860.01,83830.96,83860
1790355360,83860,83860.01,83842,83842
1790355420,83842,83842,83800.01,83800.01
1790355480,83800,83800,83762.08,83762.09
1790355540,83762.08,83762.09,83724.01,83742.22
1790355600,83742.23,83778.01,83742.23,83762.16
1790355660,83762.16,83870.01,83762.16,83870
1790355720,83870.01,83903.79,83870,83903.79
1790355780,83903.79,83920.41,83900,83900
1790355840,83900.01,83943.9,83900,83943.89
1790355900,83943.9,83950.95,83882,83882.01
1790355960,83882.01,83890.01,83852.01,83853.36
1790356020,83853.35,83881.93,83853.35,83868.03
1790356080,83868.03,83897.89,83847.76,83897.88
1790356140,83897.88,83962.01,83897.88,83962
1790356200,83962,83962.01,83928.31,83928.32
1790356260,83928.31,83950,83912,83912.05
1790356320,83912.04,83932.02,83912.04,83932.02
1790356380,83932.02,83959.92,83932.01,83959.92
1790356440,83959.92,83959.93,83959.91,83959.93
1790356500,83959.92,83980.01,83959.92,83980.01
1790356560,83980.01,83995.84,83974,83974
1790356620,83974.01,83980.17,83949.47,83950
1790356680,83950.01,83951.52,83944.4,83951.52
1790356740,83951.52,83959.26,83918.5,83919.97
1790356800,83919.97,83929.55,83919.96,83922
1790356860,83922.01,83926.01,83902,83902.01
1790356920,83902.01,83930,83902,83909.44
1790356980,83909.43,83930.95,83909.43,83929.13
1790357040,83929.13,83929.13,83902.02,83904
1790357100,83904,83904,83866,83866
1790357160,83866,83874.01,83831.93,83831.93
1790357220,83831.93,83831.94,83808,83825.99
1790357280,83825.99,83826.01,83758,83758
1790357340,83758.01,83758.01,83694.83,83694.84
1790357400,83694.84,83694.84,83652.78,83690.51
1790357460,83690.5,83690.5,83628,83632
1790357520,83632,83792.01,83632,83760.01
1790357580,83760.01,83801.8,83728.03,83728.04
1790357640,83728.04,83750.01,83727.12,83750.01
1790357700,83750,83750,83715.39,83724.01
1790357760,83724.01,83750.01,83721.99,83722
1790357820,83722,83722,83710,83710
1790357880,83710.01,83729.32,83710,83728.02
1790357940,83728.02,83779.58,83692.2,83754.01
1790358000,83754.01,83812.01,83754.01,83760.01
1790358060,83760,83828.01,83757.87,83828.01
1790358120,83828.01,83840.53,83828,83834
1790358180,83834.01,83838.89,83828.03,83838.88
1790358240,83838.89,83838.89,83795.78,83803.7
1790358300,83803.7,83803.7,83790,83794.01
1790358360,83794.01,83810.01,83764,83764.01
1790358420,83764,83764.01,83726,83752.01
1790358480,83752.01,83778.01,83752,83754.78
1790358540,83754.77,83792.01,83754.77,83792.01
1790358600,83792,83792.01,83764,83764
1790358660,83764.01,83764.01,83742,83742.01
1790358720,83742.01,83742.01,83714,83714
1790358780,83714,83730,83714,83724.01
1790358840,83724.02,83726.27,83704.04,83726.27
1790358900,83726.26,83732.01,83720.3,83732
1790358960,83732,83747.43,83732,83747.43
1790359020,83747.43,83747.43,83732.01,83732.02
1790359080,83732.02,83753.8,83732.01,83745.09
1790359140,83745.08,83785.11,83745.08,83785.11
1790359200,83785.11,83829.86,83785.11,83829.86
1790359260,83829.86,83865.14,83829.85,83854.08
1790359320,83854.08,83870,83812,83814
1790359380,83814.01,83849.96,83809.03,83849.96
1790359440,83849.96,83849.96,83834,83834.01
1790359500,83834.01,83834.01,83816.94,83816.94
1790359560,83816.94,83889.53,83816.94,83889.52
1790359620,83889.53,83889.53,83884.01,83887.76
1790359680,83887.77,83888.01,83887.76,83888
1790359740,83888.01,83956.01,83888,83956.01
1790359800,83956.01,83965.54,83946.41,83957.92
1790359860,83957.93,83975.3,83954,83975.29
1790359920,83975.29,84019.97,83975.29,84019.97
1790359980,84019.96,84019.97,84000,84002.87
1790360040,84002.86,84004.01,83996,83998.76
1790360100,83998.76,84004.05,83988,84004.04
1790360160,84004.05,84004.05,84004.04,84004.04
1790360220,84004.04,84040.99,84004.04,84028.01
1790360280,84028.01,84032.01,84028.01,84032.01
1790360340,84032.01,84056.01,84030.21,84056.01
1790360400,84056,84081.41,84056,84063.19
1790360460,84063.19,84063.19,84046.67,84046.68
1790360520,84046.67,84046.68,84004,84006.98
1790360580,84006.97,84017.46,84006.97,84014.02
1790360640,84014.02,84021.85,84006.01,84021.85
1790360700,84021.85,84051.99,84021.84,84051.99
1790360760,84051.98,84051.99,83932,83932
1790360820,83932.01,83959.26,83904,83904.01
1790360880,83904,83966.01,83902.69,83966
1790360940,83966.01,83966.01,83948.58,83958
1790361000,83958.01,83984.01,83958.01,83981.11
1790361060,83981.11,83993.89,83981.1,83981.1
1790361120,83981.1,83982.01,83981.1,83982.01
1790361180,83982,83998.64,83982,83996
1790361240,83996,83996.01,83980.8,83990.11
1790361300,83990.12,84020.01,83956,84020.01
1790361360,84020.01,84020.01,83986,83986
1790361420,83986,83986,83944,83944
1790361480,83944,83963.46,83932,83963.46
1790361540,83963.46,83963.46,83930,83930
1790361600,83930,83930.01,83916.08,83919.46
1790361660,83919.46,83946.35,83919.45,83946.35
1790361720,83946.35,83963.91,83946.34,83962.01
1790361780,83962,83965.98,83962,83965.97
1790361840,83965.97,83980.54,83965.97,83980.54
1790361900,83980.54,84000,83980.54,83997.18
1790361960,83997.18,84003.47,83997.17,83997.38
1790362020,83997.37,83997.38,83953.36,83953.36
1790362080,83953.36,83953.37,83942,83944.71
1790362140,83944.7,83974.01,83944.7,83962
1790362200,83962.01,83962.01,83956,83956
1790362260,83956.01,83966.01,83940.01,83941.36
1790362320,83941.37,83960,83941.36,83960
1790362380,83960,83961.1,83960,83961.1
1790362440,83961.1,83971.24,83938.6,83971.24
1790362500,83971.24,84000,83971.24,83972
1790362560,83972,83972.01,83966,83966.01
1790362620,83966,83970.01,83952,83970.01
1790362680,83970,83970.01,83968,83968
1790362740,83968.01,83968.01,83968,83968
1790362800,83968.01,83984.01,83945.74,83945.75
1790362860,83945.74,83983.42,83934,83968
1790362920,83968.01,83968.01,83940,83950
1790362980,83950,83950.01,83942,83944.01
1790363040,83944,83944.01,83942,83942.02
1790363100,83942.01,83986.41,83942.01,83974
1790363160,83974,83985.43,83974,83985.43
1790363220,83985.42,84015.29,83984,84015.28
1790363280,84015.28,84015.28,83990,83992.09
1790363340,83992.1,83992.1,83936,83936.01
1790363400,83936.01,83950.19,83936,83950.19
1790363460,83950.19,84000.01,83950.18,83994
1790363520,83994,84025.79,83988.72,84025.79
1790363580,84025.8,84050.01,84025.8,84049.57
1790363640,84049.57,84049.98,84049.56,84049.97
1790363700,84049.97,84050,84026,84026
1790363760,84026.01,84026.87,83990.52,83990.53
1790363820,83990.53,84023.51,83990.52,83992.01
1790363880,83992.02,83999.36,83992.01,83999.35
1790363940,83999.35,83999.36,83986.01,83986.02
1790364000,83986.02,84010.88,83986.02,84010.87
1790364060,84010.88,84032.99,84010,84022.01
1790364120,84022.01,84041.37,84022,84041.37
1790364180,84041.37,84041.37,84016.65,84016.65
1790364240,84016.65,84033.22,83989.33,83989.33
1790364300,83989.23,83999.2,83954,83972
1790364360,83972,83978.01,83972,83978
1790364420,83978.01,83992.67,83978.01,83982.01
1790364480,83982,83984.68,83982,83984.67
1790364540,83984.68,84021.87,83984.67,84007.3
1790364600,84007.29,84018,84006.79,84008
1790364660,84008,84014.01,84008,84014.01
1790364720,84014.01,84024.74,84012,84022
1790364780,84022.01,84031.44,84016,84031.43
1790364840,84031.43,84031.44,84010.01,84010.02
1790364900,84010.01,84010.02,84004,84004
1790364960,84004.01,84046.01,84004,84046
1790365020,84046,84072.01,84036,84057.55
1790365080,84057.55,84071.55,84057.55,84066
1790365140,84066.01,84066.01,84000,84000
1790365200,84000,84000.01,83986,83986
1790365260,83986.01,83986.01,83956.52,83957
1790365320,83956.99,83972.01,83956.99,83972
1790365380,83972.01,83986.27,83970,83986.26
1790365440,83986.27,83986.47,83986.26,83986.47
1790365500,83986.47,84033.45,83986.46,84016
1790365560,84016,84063.19,84016,84063.18
1790365620,84063.19,84078.23,84040.2,84040.2
1790365680,84040.2,84040.2,84025.05,84028
1790365740,84028,84028.01,84000,84014
1790365800,84014.01,84038.01,84005.07,84038.01
1790365860,84038.01,84038.01,84028,84028
1790365920,84028,84028.01,84004,84024
1790365980,84024,84024.01,83992,84012.97
1790366040,84012.97,84022.01,84012.97,84016.63
1790366100,84016.63,84022.01,84016.62,84016.63
1790366160,84016.62,84020.01,84000,84020.01
1790366220,84020.01,84038.01,84020,84038
1790366280,84038.01,84045.65,84038,84045.14
1790366340,84045.15,84058.01,84020,84020.01
1790366400,84020.01,84043.9,84000,84000.01
1790366460,84000,84016.01,83996.2,84014
1790366520,84014,84016.01,84002,84002.01
1790366580,84002,84002.01,83977.34,83977.35
1790366640,83977.35,83999.55,83946,83952
1790366700,83952,83956.01,83952,83954
1790366760,83954.01,83954.01,83954,83954
1790366820,83954.01,83956.88,83954,83956.87
1790366880,83956.88,83984.59,83956.87,83962
1790366940,83962.01,83976,83962,83976
1790367000,83976,83985.79,83956.36,83956.36
1790367060,83956.36,83956.37,83956.36,83956.37
1790367120,83956.37,83976.02,83956.36,83976
1790367180,83976,83976.01,83976,83976.01
1790367240,83976,83984.71,83974.49,83974.49
1790367300,83974.49,83974.5,83974.49,83974.49
1790367360,83974.49,83978.95,83974.49,83978.94
1790367420,83978.95,83992.01,83978.94,83992.01
1790367480,83992,84008.57,83992,84008
1790367540,84008,84008.57,84007.21,84007.21
1790367600,84007.22,84007.22,83999.43,83999.44
1790367660,83999.44,83999.44,83994.93,83994.94
1790367720,83994.94,84015.57,83994.93,84015.56
1790367780,84015.57,84050,84015.56,84050
1790367840,84050,84101.12,84050,84101.12
1790367900,84101.12,84101.12,84074,84074
1790367960,84074,84088.19,84058.35,84088.19
1790368020,84088.18,84088.19,84075.21,84075.21
1790368080,84075.22,84075.22,84064.91,84064.91
1790368140,84064.91,84064.92,84064.91,84064.92
1790368200,84064.91,84064.92,84054.03,84054.03
1790368260,84054.03,84054.04,84054.03,84054.03
1790368320,84054.04,84064.92,84054.03,84064.91
1790368380,84064.92,84074.92,84064.91,84074.92
1790368440,84074.91,84074.92,84074.91,84074.91
1790368500,84074.92,84074.92,84074.91,84074.92
1790368560,84074.91,84074.91,84068,84068
1790368620,84068.01,84068.01,84068,84068.01
1790368680,84068,84193.39,84051.75,84189.98
1790368740,84189.98,84189.98,84156,84156.01
1790368800,84156.01,84156.01,84131.05,84131.05
1790368860,84131.06,84131.06,84061.22,84061.23
1790368920,84061.22,84098.01,84061.22,84098.01
1790368980,84098,84140.01,84092,84140
1790369040,84140.01,84140.01,84104,84122.01
1790369100,84122.01,84122.01,84104,84104.01
1790369160,84104.01,84104.01,84100,84100
1790369220,84100,84100.01,84072,84072.01
1790369280,84072.01,84088.8,84072,84088.8
1790369340,84088.79,84088.79,84038,84039.61
1790369400,84039.61,84039.61,83974,83974
1790369460,83974,83984,83950.24,83984
1790369520,83984,84001.32,83984,83996
1790369580,83996.01,84000.01,83970.75,83970.75
1790369640,83970.76,83970.76,83910.56,83924.01
1790369700,83924,83928.01,83817.89,83848.01
1790369760,83848,83861.16,83846,83846.01
1790369820,83846.01,83866.01,83846,83866.01
1790369880,83866,83878.01,83866,83878.01
1790369940,83878,83888.01,83878,83886
1790370000,83886.01,83916.01,83876,83916
1790370060,83916.01,83921.36,83899.02,83899.03
1790370120,83899.03,83899.03,83884,83888.02
1790370180,83888.02,83888.02,83848.86,83848.87
1790370240,83848.86,83848.87,83816.94,83836
1790370300,83836.01,83844.01,83744.92,83754.01
1790370360,83754,83754,83657.14,83694.01
1790370420,83694.01,83706.01,83660,83664.94
1790370480,83664.94,83690.01,83664.94,83690.01
1790370540,83690.01,83724.01,83690,83724.01
1790370600,83724,83724.01,83712.3,83724
1790370660,83724.01,83724.01,83724,83724.01
1790370720,83724,83742.5,83724,83742.5
1790370780,83742.5,83742.5,83720.11,83720.12
1790370840,83720.12,83720.12,83696.49,83696.49
1790370900,83696.49,83700.51,83683,83683.01
1790370960,83683,83683.01,83666,83666
1790371020,83666,83670,83652,83664
1790371080,83664.01,83664.01,83632.03,83646.01
1790371140,83646.01,83646.01,83636.01,83640.73
1790371200,83640.73,83670,83640.72,83670
1790371260,83670,83719.28,83669.99,83713.09
1790371320,83713.08,83713.09,83693.62,83693.62
1790371380,83693.62,83715.92,83684.01,83715.92
1790371440,83715.92,83734.87,83715.91,83734.87
1790371500,83734.86,83734.87,83725.64,83725.64
1790371560,83725.65,83747.04,83725.64,83747.04
1790371620,83747.04,83773.68,83747.03,83773.68
1790371680,83773.68,83773.69,83773.67,83773.69
1790371740,83773.69,83773.69,83773.68,83773.68
1790371800,83773.69,83779.74,83773.68,83779.73
1790371860,83779.74,83779.74,83779.73,83779.74
1790371920,83779.74,83779.74,83779.73,83779.73
1790371980,83779.73,83779.74,83779.73,83779.74
1790372040,83779.74,83795.31,83769.06,83795.31
1790372100,83795.31,83816.25,83784,83816.24
1790372160,83816.25,83816.25,83764,83764.01
1790372220,83764,83782.01,83734.86,83734.86
1790372280,83734.87,83796.5,83725.36,83796.3
1790372340,83796.3,83802.01,83796.3,83802.01
1790372400,83802.01,83814.01,83802.01,83810.01
1790372460,83810.01,83814.01,83810,83814
1790372520,83814.01,83822.01,83814,83822
1790372580,83822.01,83840.87,83820,83820.05
1790372640,83820.01,83820.01,83806,83814.6
1790372700,83814.6,83814.6,83814.59,83814.59
1790372760,83814.6,83840.01,83814.59,83840.01
1790372820,83840.01,83840.01,83825.56,83825.56
1790372880,83825.57,83830.01,83825.56,83830
1790372940,83830.01,83859.42,83830,83859.42
1790373000,83859.41,83874.4,83859.41,83874.4
1790373060,83874.4,83874.42,83874.39,83874.42
1790373120,83874.41,83886,83874.41,83876
1790373180,83876,83876,83849.69,83849.7
1790373240,83849.7,83849.7,83849.69,83849.69
1790373300,83849.7,83849.7,83849.69,83849.7
1790373360,83849.69,83849.7,83849.69,83849.69
1790373420,83849.69,83849.7,83831.98,83838.01
1790373480,83838.01,83848.01,83799.82,83800
1790373540,83800,83800,83789.92,83792
1790373600,83792,83798.01,83792,83798.01
1790373660,83798.01,83798.01,83765.26,83784.01
1790373720,83784.01,83798.01,83784,83798.01
1790373780,83798.01,83839.94,83798,83839.94
1790373840,83839.93,83858.01,83839.93,83858
1790373900,83858.01,83886.01,83858,83882.01
1790373960,83882,83886,83882,83885.99
1790374020,83886,83886,83885.99,83886
1790374080,83886,83886,83885.99,83886
1790374140,83885.99,83920.72,83885.99,83920.71
1790374200,83920.72,83927.14,83920.71,83927.14
1790374260,83927.14,83927.14,83919.44,83922.01
1790374320,83922.01,83926.74,83922.01,83924.75
1790374380,83924.75,83933.94,83924.74,83933.93
1790374440,83933.94,83933.94,83933.93,83933.94
1790374500,83933.94,83933.94,83933.93,83933.93
1790374560,83933.94,83950.73,83933.93,83950.72
1790374620,83950.73,83950.74,83950.72,83950.74
1790374680,83950.73,83950.74,83950.72,83950.72
1790374740,83950.73,83958.01,83950.72,83958.01
1790374800,83958.01,83958.01,83950.72,83950.73
1790374860,83950.72,83950.72,83935.62,83935.63
1790374920,83935.63,83957.52,83935.62,83957.51
1790374980,83957.52,83970.01,83957.51,83961.02
1790375040,83961.03,83970.26,83961.02,83970.25
1790375100,83970.25,83970.26,83970.25,83970.25
1790375160,83970.26,83970.26,83969.55,83969.55
1790375220,83969.56,83973.99,83969.55,83970.01
1790375280,83970.01,83970.01,83900.57,83900.58
1790375340,83900.57,83906.01,83900.57,83906
1790375400,83906,83914,83906,83913.99
1790375460,83913.99,83961.02,83913.99,83961.02
1790375520,83961.02,83979.77,83961.02,83979.76
1790375580,83979.77,83997.27,83979.77,83997.27
1790375640,83997.27,84024.01,83997.27,84024.01
1790375700,84024.01,84051.66,84024,84046.53
1790375760,84046.53,84056.01,84046.52,84052.02
1790375820,84052.01,84052.02,84052.01,84052.02
1790375880,84052.01,84070.01,84052.01,84056.01
1790375940,84056.01,84089.61,84056,84089.61
1790376000,84089.6,84098.5,84080,84098.49
1790376060,84098.5,84098.5,84071.95,84071.96
1790376120,84071.95,84085.95,84071.95,84082.01
1790376180,84082,84082.01,84070,84082
1790376240,84082.01,84082.01,84072.96,84079.69
1790376300,84079.69,84079.69,84079.68,84079.68
1790376360,84079.69,84079.69,84079.68,84079.68
1790376420,84079.68,84079.69,84041.73,84051.75
1790376480,84051.75,84084,84051.75,84063.19
1790376540,84063.19,84063.19,84056.02,84056.03
1790376600,84056.03,84060,84056.02,84059.99
1790376660,84059.99,84060.88,84059.99,84060.88
1790376720,84060.88,84084.01,84060.88,84084.01
1790376780,84084,84096.01,84084,84096.01
1790376840,84096.01,84123.35,84096,84118.01
1790376900,84118.01,84123.35,84118,84123.34
1790376960,84123.35,84123.35,84118.1,84123.35
1790377020,84123.35,84123.35,84108,84108.01
1790377080,84108.01,84108.01,84068,84070
1790377140,84070,84100,84063.19,84083.05
1790377200,84083.05,84083.06,84083.05,84083.06
1790377260,84083.06,84089.84,84078.54,84089.83
1790377320,84089.84,84089.84,84089.83,84089.84
1790377380,84089.83,84090,84089.83,84090
1790377440,84089.99,84090,84089.99,84090
1790377500,84090,84094.01,84089.99,84094.01
1790377560,84094,84100,84094,84100
1790377620,84100,84100,84094,84098.31
1790377680,84098.32,84098.32,84098.31,84098.32
1790377740,84098.32,84098.32,84089.9,84089.9
1790377800,84089.9,84100,84089.9,84099.45
1790377860,84099.46,84099.46,84099.45,84099.46
1790377920,84099.46,84099.46,84086,84086.01
1790377980,84086.01,84086.01,84069.83,84069.84
1790378040,84069.84,84073.86,84059.86,84059.94
1790378100,84059.93,84070.01,84059.93,84070.01
1790378160,84070.01,84072.8,84070,84072.8
1790378220,84072.79,84073.68,84072.79,84073.68
1790378280,84073.68,84073.68,84073.67,84073.67
1790378340,84073.68,84073.68,84073.67,84073.68
1790378400,84073.68,84073.68,84073.67,84073.67
1790378460,84073.68,84073.68,84073.67,84073.68
1790378520,84073.68,84080,84073.68,84076.06
1790378580,84076.07,84076.07,84074.88,84074.88
1790378640,84074.88,84074.89,84020,84020
1790378700,84020,84020.01,84020,84020
1790378760,84020.01,84073.17,84020,84073.06
1790378820,84073.07,84079.01,84064,84079
1790378880,84079,84096.34,84079,84084.01
1790378940,84084,84097.05,84084,84097.04
1790379000,84097.05,84104.73,84079.85,84090.75
1790379060,84090.75,84106,84090.75,84092.51
1790379120,84092.51,84100.01,84090.01,84100.01
1790379180,84100.01,84100.01,84098.65,84098.66
1790379240,84098.66,84098.66,84075.65,84075.66
1790379300,84075.66,84075.66,84075.65,84075.65
1790379360,84075.66,84082.01,84075.66,84082
1790379420,84082.01,84082.01,84082,84082
1790379480,84082.01,84084.01,84082,84084.01
1790379540,84084.01,84090.77,84084.01,84090.77
1790379600,84090.76,84090.77,84090.76,84090.77
1790379660,84090.77,84090.77,84086,84086
1790379720,84086.01,84086.01,84078.52,84078.52
1790379780,84078.52,84080.01,84078.52,84080
1790379840,84080,84080.01,84079.99,84080
1790379900,84080,84080,84079.99,84080
1790379960,84080,84080,84079.99,84080
1790380020,84079.99,84080,84079.99,84079.99
1790380080,84079.99,84080,84079.99,84080
1790380140,84080,84080,84079.99,84080
1790380200,84080,84080,84079.99,84079.99
1790380260,84080,84080,84079.99,84079.99
1790380320,84080,84080,84079.99,84080
1790380380,84080,84080,84054.99,84055
1790380440,84054.99,84055,84038.11,84040.79
1790380500,84040.79,84044.76,84040.79,84044.76
1790380560,84044.75,84060.01,84044.75,84060
1790380620,84060.01,84060.01,84060,84060.01
1790380680,84060,84060.01,84060,84060.01
1790380740,84060.01,84100,84060.01,84099.99
1790380800,84100,84100,84085.44,84085.44
1790380860,84085.43,84085.43,84074.23,84079.72
1790380920,84079.72,84079.72,84074.23,84074.24
1790380980,84074.24,84074.24,84063.17,84063.17
1790381040,84063.17,84063.18,84060,84060
1790381100,84060,84060.01,84060,84060.01
1790381160,84060,84063.17,84060,84063.17
1790381220,84063.16,84100,84060,84099.99
1790381280,84099.99,84145.26,84099.99,84124.01
1790381340,84124.01,84124.01,84082.53,84087.99
1790381400,84088,84088,84085,84085
1790381460,84085,84085.01,84085,84085.01
1790381520,84085.01,84085.01,84063.2,84063.2
1790381580,84063.2,84104.01,84063.2,84104
1790381640,84104,84104,84074.04,84074.05
1790381700,84074.04,84078.71,84074.04,84078.71
1790381760,84078.71,84078.71,84063.2,84063.2
1790381820,84063.21,84063.21,84063.2,84063.2
1790381880,84063.21,84063.21,84063.2,84063.21
1790381940,84063.2,84063.21,84044.75,84044.75
1790382000,84044.75,84049.44,84044.75,84049.44
1790382060,84049.44,84066.01,84049.44,84066
1790382120,84066.01,84066.01,84045.22,84045.23
1790382180,84045.23,84045.23,84040,84040
1790382240,84040.01,84049.99,84040,84049.99
1790382300,84050,84050,84049.99,84049.99
1790382360,84050,84050,84031.59,84031.6
1790382420,84031.59,84031.6,84014,84014.02
1790382480,84014.03,84014.03,83922.74,83933.48
1790382540,83933.47,83950.41,83933.47,83950.41
1790382600,83950.41,83950.41,83950.4,83950.41
1790382660,83950.41,83950.41,83834.28,83834.28
1790382720,83834.28,83866.01,83834.28,83855.67
1790382780,83855.67,83855.68,83832,83832
1790382840,83832,83837.38,83826,83826.32
1790382900,83826.32,83849.51,83811.74,83832.95
1790382960,83832.95,83832.95,83808.02,83813.99
1790383020,83814,83828.8,83802,83802
1790383080,83802,83814.46,83798,83814.45
1790383140,83814.46,83830.63,83800.29,83830.63
1790383200,83830.99,83883.59,83830.99,83883.59
1790383260,83883.59,83883.59,83870.01,83870.02
1790383320,83870.02,83906.23,83870.01,83906.23
1790383380,83906.23,83916.4,83906.23,83916.39
1790383440,83916.39,83916.4,83881.4,83881.4
1790383500,83881.41,83898,83881.4,83897.99
1790383560,83898,83906.01,83897.99,83906.01
1790383620,83906.01,83916.01,83906.01,83912.02
1790383680,83912.02,83912.02,83897.29,83897.29
1790383740,83897.29,83927.06,83897.29,83927.05
1790383800,83927.06,83932.01,83927.05,83932.01
1790383860,83932.01,83943.8,83932.01,83943.8
1790383920,83943.79,83950,83903.09,83903.09
1790383980,83903.09,83903.1,83903.09,83903.1
1790384040,83903.1,83910.01,83903.1,83903.11
1790384100,83903.1,83918.01,83903.1,83918.01
1790384160,83918,83918.01,83918,83918.01
1790384220,83918.01,83918.01,83903.1,83903.11
1790384280,83903.11,83903.11,83903.1,83903.11
1790384340,83903.11,83910.01,83894,83910.01
1790384400,83910.01,83922.43,83910,83922.43
1790384460,83922.43,83958.98,83922.43,83958.98
1790384520,83958.97,83970,83958.97,83969.11
1790384580,83969.11,83981.11,83969.1,83981.1
1790384640,83981.1,83981.11,83908.63,83908.64
1790384700,83908.63,83948.31,83908.63,83948.31
1790384760,83948.31,83967.74,83948.31,83957.77
1790384820,83957.77,83957.77,83948,83948.01
1790384880,83948.01,83948.01,83944.08,83944.09
1790384940,83944.08,83948.01,83906.72,83906.73
1790385000,83906.73,83972.38,83906.72,83964
1790385060,83964.01,83964.01,83956.84,83956.85
1790385120,83956.85,83958.01,83911.76,83933.73
1790385180,83933.73,83933.73,83933.72,83933.73
1790385240,83933.73,83933.73,83933.72,83933.73
1790385300,83933.72,83956.01,83933.72,83956
1790385360,83956.01,84000,83956,83993.7
1790385420,83993.69,83993.7,83986.5,83986.51
1790385480,83986.51,83986.51,83943.4,83950.01
1790385540,83950,83959.55,83945.8,83945.81
1790385600,83945.8,83956.07,83945.8,83956.07
1790385660,83956.85,83969.29,83956.85,83969.03
1790385720,83969.03,83969.04,83956.92,83956.93
1790385780,83956.93,83965.32,83927.86,83965.32
1790385840,83965.31,83966.01,83949.35,83958
1790385900,83958.01,83962.94,83945.62,83950.67
1790385960,83950.67,83962.88,83942,83962.87
1790386020,83962.88,83962.88,83949.24,83949.24
1790386080,83949.25,83949.25,83944.78,83944.79
1790386140,83944.78,83944.79,83944.78,83944.79
1790386200,83944.79,83944.79,83944.78,83944.78
1790386260,83944.78,83955.79,83936.38,83955.79
1790386320,83955.79,83955.79,83955.78,83955.78
1790386380,83955.79,83955.79,83955.78,83955.78
1790386440,83955.79,83962.01,83955.79,83962
1790386500,83962.01,83973.29,83962,83962.01
1790386560,83962,83989.53,83962,83989.53
1790386620,83989.52,83990.13,83989.52,83990.11
1790386680,83990.11,84037.82,83990.11,84037.81
1790386740,84037.81,84045.13,84037.81,84045.13
1790386800,84045.12,84078.9,84041.33,84041.33
1790386860,84041.33,84064.6,84033.56,84064.59
1790386920,84064.6,84064.6,84040.01,84040.01
1790386980,84040.02,84040.02,84033.6,84033.6
1790387040,84033.6,84041.37,84033.6,84041.37
1790387100,84041.37,84052.3,84041.36,84052.3
1790387160,84052.3,84068.01,84052.29,84068
1790387220,84068.01,84070.01,84062,84070
1790387280,84070.01,84070.01,84041.36,84041.36
1790387340,84041.36,84041.37,84038,84038.01
1790387400,84038,84039.36,84038,84039.35
1790387460,84039.35,84043.53,84036,84038.3
1790387520,84038.29,84071.62,84038.29,84071.61
1790387580,84071.61,84077.53,84071.61,84077.52
1790387640,84077.53,84085.11,84077.52,84085.1
1790387700,84085.11,84086.01,84068.26,84068.26
1790387760,84068.26,84068.27,84063.18,84063.19
1790387820,84063.18,84063.2,84063.18,84063.2
1790387880,84063.2,84073.62,84063.19,84073.62
1790387940,84073.61,84076.67,84073.61,84076.66
1790388000,84076.67,84079.69,84036,84036
1790388060,84036,84036.01,84015.26,84015.26
1790388120,84015.26,84015.27,83996,84000.47
1790388180,84000.46,84045.19,84000.46,84045.18
1790388240,84045.18,84045.19,84034.43,84034.43
1790388300,84034.44,84058.1,84025.19,84025.2
1790388360,84025.2,84031.41,84022,84031.41
1790388420,84031.4,84034.01,84023.39,84034
1790388480,84034.01,84034.01,84034,84034.01
1790388540,84034,84035.77,84034,84035.76
1790388600,84035.77,84035.77,84034,84034
1790388660,84034,84040.57,84034,84040.57
1790388720,84040.56,84073.06,84040.56,84073.05
1790388780,84073.06,84073.06,84073.05,84073.06
1790388840,84073.06,84138.6,84073.05,84136.01
1790388900,84136.02,84136.02,84098.31,84098.31
1790388960,84098.32,84103.43,84098.31,84103.43
1790389020,84103.42,84124.63,84103.42,84124.62
1790389080,84124.63,84124.63,84105.91,84124.63
1790389140,84124.62,84137.41,84124.62,84137.41
1790389200,84137.41,84137.41,84098.55,84098.55
1790389260,84098.55,84098.56,84056,84056
1790389320,84056.01,84087.02,84056,84087.01
1790389380,84087.01,84087.02,84080,84080
1790389440,84080,84080,84045.91,84045.92
1790389500,84045.92,84049.95,84045.91,84049.94
1790389560,84049.94,84049.95,84049.94,84049.94
1790389620,84049.95,84049.95,84049.94,84049.94
1790389680,84049.95,84049.95,84046.01,84046.02
1790389740,84046.02,84046.02,84029.77,84029.77
1790389800,84029.78,84029.78,84009.98,84028.41
1790389860,84028.42,84029.78,84019.53,84019.54
1790389920,84019.53,84019.54,84019.53,84019.53
1790389980,84019.53,84019.54,84009.98,84009.99
1790390040,84009.99,84044,84009.98,84039.96
1790390100,84039.96,84039.96,84031.2,84031.2
1790390160,84031.2,84031.21,84015.03,84015.03
1790390220,84015.03,84035.53,84000,84035.52
1790390280,84035.53,84035.53,84035.36,84035.36
1790390340,84035.37,84035.37,84000,84024.89
1790390400,84024.89,84040,84024.89,84032.14
1790390460,84032.13,84032.14,84014,84014
1790390520,84014.01,84025.29,84006.99,84025.29
1790390580,84025.28,84031.35,84025.28,84031.34
1790390640,84031.35,84031.35,84009.99,84010
1790390700,84009.99,84010,84009.99,84009.99
1790390760,84010,84024.7,84009.99,84014.24
1790390820,84014.24,84022,84014.24,84021.99
1790390880,84021.99,84022,84021.99,84021.99
1790390940,84022,84059.99,84022,84059.98
1790391000,84059.99,84059.99,84049.85,84049.86
1790391060,84049.85,84049.86,84044.41,84044.42
1790391120,84044.42,84044.42,84028.19,84028.2
1790391180,84028.19,84030,84028.19,84030
1790391240,84030,84030,84029.99,84030
1790391300,84030,84030,84029.99,84030
1790391360,84029.99,84030,84029.99,84029.99
1790391420,84030,84030,84029.99,84029.99
1790391480,84030,84030,84029.99,84029.99
1790391540,84030,84030,84009.99,84010
1790391600,84010,84010,84009.99,84009.99
1790391660,84009.99,84010,83993.61,83993.62
1790391720,83993.61,83993.62,83993.61,83993.62
1790391780,83993.61,83993.62,83993.61,83993.61
1790391840,83993.62,84000,83993.61,83999.99
1790391900,84000,84000,83999.99,84000
1790391960,84000,84010,83999.99,84009.99
1790392020,84009.99,84010,84009.99,84009.99
1790392080,84009.99,84010,84008,84008
1790392140,84008.01,84008.01,84008,84008.01
1790392200,84008.01,84008.01,83966.03,83966.03
1790392260,83966.04,83966.04,83930.28,83930.29
1790392320,83930.29,83930.29,83930.28,83930.29
1790392380,83930.28,83930.29,83926.47,83926.48
1790392440,83926.48,83944.01,83918,83944.01
1790392500,83944.01,83944.01,83936.84,83936.84
1790392560,83936.85,83936.85,83936.84,83936.85
1790392620,83936.85,83936.85,83936.84,83936.84
1790392680,83936.85,83936.85,83924.72,83924.73
1790392740,83924.73,83924.73,83924.4,83924.41
1790392800,83924.4,83924.71,83909.98,83909.98
1790392860,83909.99,83938.3,83909.99,83938.29
1790392920,83938.29,83951.27,83938.29,83951.26
1790392980,83951.26,83951.28,83951.26,83951.27
1790393040,83951.28,83951.28,83951.27,83951.28
1790393100,83951.28,83998.01,83951.27,83996.93
1790393160,83996.93,84019,83996.92,84019
1790393220,84019,84027.1,84018.99,84027.1
1790393280,84027.09,84027.1,84027.09,84027.09
1790393340,84027.1,84027.1,84027.09,84027.09
1790393400,84027.09,84030.01,84022,84030.01
1790393460,84030.01,84049.83,84030,84049.83
1790393520,84049.83,84049.83,84049.82,84049.82
1790393580,84049.83,84049.83,84022.01,84022.02
1790393640,84022.01,84022.02,84000,84000
1790393700,84000.01,84000.01,84000,84000.01
1790393760,84000.01,84000.01,84000,84000
1790393820,84000,84000.01,84000,84000.01
1790393880,84000,84008.15,84000,84004.71
1790393940,84004.72,84030.01,84004.71,84008
1790394000,84008,84008,83983.03,83983.04
1790394060,83983.04,83983.04,83983.03,83983.04
1790394120,83983.04,83983.04,83978,83978
1790394180,83978.01,83978.01,83959.99,83959.99
1790394240,83960,83960,83951.27,83951.28
1790394300,83951.28,83951.28,83947.22,83947.22
1790394360,83947.23,83947.23,83940.45,83940.46
1790394420,83940.45,83948.01,83940.45,83948.01
1790394480,83948.01,83948.01,83948,83948.01
1790394540,83948,83948.01,83948,83948
1790394600,83948.01,83950,83948,83949.99
1790394660,83950,83962.89,83949.99,83962.89
1790394720,83962.89,83962.89,83944.3,83949.56
1790394780,83949.55,83950,83949.55,83950
1790394840,83950,83955.13,83949.99,83950.05
1790394900,83950.06,83950.06,83940.45,83940.45
1790394960,83940.46,83940.46,83940.45,83940.46
1790395020,83940.45,83940.46,83940.45,83940.46
1790395080,83940.46,83940.46,83939,83939.01
1790395140,83939.01,83939.01,83939,83939
1790395200,83939.01,83945.85,83939,83941.98
1790395260,83941.98,83991.66,83941.97,83991.66
1790395320,83991.65,83991.66,83991.65,83991.66
1790395380,83991.65,83991.66,83991.65,83991.66
1790395440,83991.65,83991.66,83991.65,83991.65
1790395500,83991.65,83991.66,83989.62,83989.62
1790395560,83989.63,83989.63,83989.62,83989.62
1790395620,83989.63,83999.11,83989.62,83999.1
1790395680,83999.11,84013.48,83999.1,84000.64
1790395740,84000.64,84002,84000.64,84001.99
1790395800,84001.99,84002,84001.99,84002
1790395860,84001.99,84008.01,84001.99,84008.01
1790395920,84008,84008.01,83982.17,83992.34
1790395980,83992.34,83994,83985.67,83985.67
1790396040,83985.68,83985.68,83985.67,83985.68
1790396100,83985.68,84000,83985.68,83999.99
1790396160,84000,84000.01,83999.99,84000.01
1790396220,84000.01,84005.82,84000,84005.82
1790396280,84005.83,84020.01,84005.83,84011.5
1790396340,84011.51,84035.85,84011.5,84035.85
1790396400,84035.85,84045.65,84035.84,84045.64
1790396460,84045.65,84045.65,84024.86,84024.86
1790396520,84024.87,84024.87,83975.67,83975.67
1790396580,83975.68,83975.68,83941.41,83941.41
1790396640,83941.4,83941.41,83924.66,83924.66
1790396700,83924.66,83942.01,83920.6,83920.61
1790396760,83920.6,83920.61,83900,83900
1790396820,83900.01,83906.01,83900,83900.01
1790396880,83900.01,83900.01,83893.67,83899.99
1790396940,83900,83900,83894.43,83894.43
1790397000,83894.44,83894.44,83848.91,83882.99
1790397060,83883,83907.3,83882.99,83907.29
1790397120,83907.3,83917.88,83907.29,83917.87
1790397180,83917.88,83917.88,83917.87,83917.87
1790397240,83917.88,83920.01,83886.13,83887.08
1790397300,83887.08,83911.2,83887.07,83911.19
1790397360,83911.2,83917.87,83911.19,83917.72
1790397420,83917.71,83917.72,83906,83906.01
1790397480,83906,83917.72,83906,83917.72
1790397540,83917.71,83917.72,83917.71,83917.71
1790397600,83917.72,83917.72,83917.71,83917.72
1790397660,83917.71,83933.13,83917.71,83933.13
1790397720,83933.13,83947.31,83933.12,83947.31
1790397780,83947.3,83968.73,83947.3,83968.72
1790397840,83968.72,83983.25,83968.72,83983.24
1790397900,83983.24,83983.25,83983.24,83983.24
1790397960,83983.25,83983.25,83983.24,83983.24
1790398020,83983.24,83983.25,83983.24,83983.24
1790398080,83983.25,83983.25,83976.91,83976.91
1790398140,83976.92,83998,83976.91,83985.2
1790398200,83985.21,83989.55,83982.21,83982.22
1790398260,83982.22,83982.22,83982.21,83982.22
1790398320,83982.22,83982.23,83982.21,83982.22
1790398380,83982.23,83982.23,83982.22,83982.22
1790398440,83982.23,83982.23,83982.22,83982.22
1790398500,83982.23,83984,83982.22,83983.99
1790398560,83984,83988.26,83978.8,83978.81
1790398620,83978.81,83978.81,83972,83972
1790398680,83972.01,83972.01,83972,83972.01
1790398740,83972.01,83976.01,83972,83976
1790398800,83976.01,83987.37,83976.01,83987.37
1790398860,83987.36,83987.37,83987.36,83987.37
1790398920,83987.37,83993.05,83987.36,83993.05
1790398980,83993.04,83993.05,83993.04,83993.04
1790399040,83993.05,83993.05,83993.04,83993.04
1790399100,83993.04,83993.05,83993.04,83993.04
1790399160,83993.05,83993.05,83993.04,83993.04
1790399220,83993.05,83994.01,83993.04,83994
1790399280,83994,84006.01,83994,84006.01
1790399340,84006,84012.93,84000,84000
1790399400,84000.01,84000.01,83993.04,83993.04
1790399460,83993.05,83993.05,83993.04,83993.04
1790399520,83993.04,83993.05,83968.17,83968.17
1790399580,83968.17,83968.18,83940.9,83962.76
1790399640,83962.77,83967.97,83962.76,83967.97
1790399700,83967.96,83967.97,83950.96,83950.96
1790399760,83950.97,83950.97,83940,83940
1790399820,83940,83940.01,83924,83924
1790399880,83924.01,83924.01,83899.32,83899.32
1790399940,83899.33,83923.95,83899.32,83923.94
1790400000,83923.95,83945.49,83923.94,83945.49
1790400060,83945.49,83957.44,83945.48,83957.43
1790400120,83957.44,83957.44,83957.43,83957.43
1790400180,83957.44,83980,83957.43,83979.99
1790400240,83980,83992,83979.99,83991.99
1790400300,83992,83992,83982.98,83982.98
1790400360,83982.99,83994.15,83982.98,83994.14
1790400420,83994.15,83994.15,83948.36,83948.37
1790400480,83948.37,83948.37,83931.5,83931.5
1790400540,83931.51,83931.51,83931.5,83931.5
1790400600,83931.5,83931.51,83918.69,83918.69
1790400660,83918.7,83918.7,83918,83918
1790400720,83918.01,83918.01,83905.36,83905.36
1790400780,83905.37,83905.37,83898.99,83898.99
1790400840,83899,83899,83898.99,83898.99
1790400900,83899,83899,83898.99,83899
1790400960,83898.99,83899,83891.27,83891.27
1790401020,83891.27,83915.77,83891.27,83915.76
1790401080,83915.77,83947.81,83915.76,83947.8
1790401140,83947.81,83959.83,83947.8,83959.82
1790401200,83959.83,83959.83,83947.27,83947.28
1790401260,83947.27,83950,83947.27,83949.99
1790401320,83950,83950,83949.99,83949.99
1790401380,83950,83950,83949.99,83949.99
1790401440,83950,83960.01,83949.99,83960.01
1790401500,83960,83962.01,83960,83962.01
1790401560,83962.01,83981.09,83962,83981.09
1790401620,83981.09,83986.87,83972.01,83978.56
1790401680,83978.55,83978.56,83978.55,83978.56
1790401740,83978.55,83978.56,83978.55,83978.55
1790401800,83978.55,83978.56,83978.55,83978.56
1790401860,83978.55,83978.56,83932,83932
1790401920,83932.01,83932.01,83932,83932
1790401980,83932.01,83932.01,83928,83928
1790402040,83928.01,83928.01,83909.62,83909.63
1790402100,83909.63,83915.54,83909.62,83915.54
1790402160,83915.54,83922.91,83915.53,83922.9
1790402220,83922.91,83922.91,83914.4,83914.55
1790402280,83914.55,83919.69,83900.58,83919.68
1790402340,83919.69,83919.69,83919.68,83919.69
1790402400,83919.69,83925.63,83919.68,83925.62
1790402460,83925.62,83925.63,83925.62,83925.62
1790402520,83925.62,83925.62,83898.27,83898.27
1790402580,83898.28,83898.28,83898.27,83898.27
1790402640,83898.28,83934.01,83898.27,83934.01
1790402700,83934,83934.01,83934,83934.01
1790402760,83934.01,83934.01,83934,83934
1790402820,83934.01,83934.01,83930,83930
1790402880,83930.01,83930.01,83912,83912.01
1790402940,83912,83926.01,83912,83926.01
1790403000,83926.01,83926.01,83926,83926.01
1790403060,83926.01,83926.01,83926,83926.01
1790403120,83926.01,83939.89,83926,83936.91
1790403180,83936.91,83936.91,83909.52,83909.52
1790403240,83909.52,83909.53,83893.18,83893.18
1790403300,83893.19,83909.52,83893.18,83909.51
1790403360,83909.52,83909.52,83909.51,83909.51
1790403420,83909.52,83909.52,83876.58,83876.59
1790403480,83876.59,83880.01,83876.58,83880.01
1790403540,83880,83908.01,83880,83908.01
1790403600,83908,83908.01,83908,83908
1790403660,83908.01,83908.01,83908,83908
1790403720,83908.01,83920.01,83908,83920
1790403780,83920.01,83926.46,83916,83916.01
1790403840,83916,83916.64,83916,83916.63
1790403900,83916.64,83925.08,83916.63,83925.08
1790403960,83925.07,83925.08,83914,83914
1790404020,83914,83914.01,83914,83914
1790404080,83914.01,83936,83910.28,83935.99
1790404140,83935.99,83936,83935.99,83936
1790404200,83935.99,83949.78,83935.99,83949.77
1790404260,83949.77,83949.78,83949.77,83949.78
1790404320,83949.78,83968.01,83949.78,83968
1790404380,83968,83968.01,83968,83968
1790404440,83968.01,83968.01,83922.4,83922.41
1790404500,83922.4,83922.41,83904.7,83904.7
1790404560,83904.71,83904.71,83904.7,83904.7
1790404620,83904.71,83910.01,83904.7,83910
1790404680,83910,83918.01,83910,83918
1790404740,83918.01,83926.1,83918,83926.1
1790404800,83926.1,83929.25,83926.09,83929.25
1790404860,83929.24,83929.25,83908,83912.18
1790404920,83912.18,83912.18,83912.17,83912.17
1790404980,83912.18,83913,83912.17,83913
1790405040,83912.99,83913,83912.99,83913
1790405100,83913,83913,83912.99,83913
1790405160,83912.99,83916,83912.99,83916
1790405220,83915.99,83926.84,83915.99,83926.83
1790405280,83926.83,83930,83926.83,83930
1790405340,83929.99,83930,83929.99,83929.99
1790405400,83930,83930,83929.99,83929.99
1790405460,83930,83930,83929.99,83930
1790405520,83930,83930,83929.99,83930
1790405580,83929.99,83930,83915.06,83915.06
1790405640,83915.07,83915.07,83915.06,83915.06
1790405700,83915.06,83915.07,83915.06,83915.07
1790405760,83915.07,83915.07,83915.06,83915.06
1790405820,83915.07,83918.01,83915.06,83918.01
1790405880,83918.01,83921.62,83889.99,83889.99
1790405940,83889.99,83891.23,83886.03,83891.22
1790406000,83891.23,83907.9,83891.23,83907.9
1790406060,83907.89,83907.9,83907.89,83907.89
1790406120,83907.9,83907.9,83907.89,83907.89
1790406180,83907.9,83951.59,83907.89,83951.58
1790406240,83951.59,83987.5,83951.58,83981.18
1790406300,83981.18,83992.37,83981.17,83991.56
1790406360,83991.56,84000,83991.56,84000
1790406420,83999.99,84007.73,83999.99,84007.73
1790406480,84007.73,84012,84007.72,84011.99
1790406540,84011.99,84021.25,83982.25,83995.76
1790406600,83995.77,83995.77,83995.76,83995.77
1790406660,83995.77,84003.85,83995.76,84003.85
1790406720,84003.84,84007.03,84003.84,84007.02
1790406780,84007.03,84020.01,84007.02,84010.33
1790406840,84010.33,84010.33,84010.32,84010.32
1790406900,84010.32,84010.33,84010.32,84010.32
1790406960,84010.33,84010.33,83995.76,83995.76
1790407020,83995.76,83995.77,83995.76,83995.76
1790407080,83995.77,84020.01,83995.76,84020.01
1790407140,84020.01,84022.02,84020,84022.01
1790407200,84022.01,84022.02,84022.01,84022.01
1790407260,84022.02,84022.02,84022.01,84022.01
1790407320,84022.01,84022.02,84014.01,84015.35
1790407380,84015.36,84030.01,84015.35,84030
1790407440,84030.01,84030.01,84030,84030
1790407500,84030.01,84030.01,84014.03,84014.03
1790407560,84014.04,84014.04,84014.03,84014.03
1790407620,84014.04,84014.04,84014.03,84014.04
1790407680,84014.04,84014.04,84014.03,84014.03
1790407740,84014.04,84014.04,84014.03,84014.03
1790407800,84014.04,84014.04,84014.03,84014.04
1790407860,84014.03,84014.04,84014.03,84014.03
1790407920,84014.04,84014.05,84014.03,84014.04
1790407980,84014.05,84014.05,84014.04,84014.05
1790408040,84014.04,84014.05,84014.04,84014.04
1790408100,84014.05,84014.88,84014.04,84014.88
1790408160,84014.87,84017.97,84014.87,84017.97
1790408220,84017.97,84017.97,84017.96,84017.96
1790408280,84017.96,84045.65,84017.96,84045.64
1790408340,84045.65,84045.65,84045.64,84045.64
1790408400,84045.65,84058.81,84045.64,84058.8
1790408460,84058.81,84065.25,84058.8,84065.25
1790408520,84065.24,84069.91,84064.41,84064.42
1790408580,84064.41,84064.42,84038,84038.01
1790408640,84038,84038.01,84038,84038.01
1790408700,84038.01,84063.21,84038,84063.2
1790408760,84063.21,84063.21,84063.2,84063.2
1790408820,84063.21,84078.99,84063.21,84070.93
1790408880,84070.92,84071.75,84070.92,84071.74
1790408940,84071.75,84078.3,84071.74,84078.3
1790409000,84078.29,84078.3,84078.29,84078.29
1790409060,84078.3,84078.3,84078.29,84078.29
1790409120,84078.3,84078.3,84078.29,84078.29
1790409180,84078.3,84078.3,84056.12,84056.13
1790409240,84056.13,84079.55,84056.12,84079.54
1790409300,84079.55,84100,84079.55,84099.99
1790409360,84100,84100,84099.99,84099.99
1790409420,84100,84109.75,84099.99,84109.75
1790409480,84109.75,84134,84109.74,84134
1790409540,84134.01,84134.01,84116.79,84116.8
1790409600,84116.79,84119.37,84089.65,84091.01
1790409660,84091.01,84117.95,84072.48,84076.65
1790409720,84076.65,84076.65,84058.01,84058.02
1790409780,84058.02,84069.51,84058.01,84069.5
1790409840,84069.51,84069.54,84069.5,84069.53
1790409900,84069.54,84069.54,84060.01,84060.01
1790409960,84060.02,84060.02,84060.01,84060.02
1790410020,84060.01,84060.02,84053.71,84054
1790410080,84054.01,84066.29,84054,84066.28
1790410140,84066.29,84080.01,84066.28,84080
1790410200,84080.01,84080.01,84073.69,84073.69
1790410260,84073.7,84073.7,84073.69,84073.69
1790410320,84073.7,84073.7,84073.69,84073.7
1790410380,84073.7,84073.7,84056.77,84056.77
1790410440,84056.77,84080.08,84056.77,84080.08
1790410500,84080.08,84080.08,84080.07,84080.07
1790410560,84080.08,84080.08,84080.07,84080.08
1790410620,84080.07,84080.08,84050,84050.01
1790410680,84050.01,84050.01,84050,84050.01
1790410740,84050,84050.01,84050,84050
1790410800,84050.01,84050.01,84050,84050
1790410860,84050.01,84050.01,84046.02,84046.02
1790410920,84046.03,84046.03,84046.02,84046.03
1790410980,84046.02,84046.03,84046.02,84046.02
1790411040,84046.02,84051.01,84032.06,84051
1790411100,84051,84051.01,84051,84051.01
1790411160,84051,84077.7,84042.66,84077.69
1790411220,84077.69,84089.47,84077.69,84089.46
1790411280,84089.46,84100.77,84089.46,84100.76
1790411340,84100.77,84100.77,84100.76,84100.77
1790411400,84100.77,84116.64,84100.76,84116.63
1790411460,84116.64,84167.8,84116.63,84167.79
1790411520,84167.8,84230.81,84167.79,84225.64
1790411580,84225.63,84262.01,84225.63,84262.01
1790411640,84262,84270.01,84243.76,84270.01
1790411700,84270,84278.44,84250.48,84263.51
1790411760,84263.51,84289.4,84263.5,84289.4
1790411820,84289.39,84336.96,84289.39,84302
1790411880,84302,84319.99,84299.96,84319.99
1790411940,84319.99,84319.99,84287.63,84288.98
1790412000,84288.97,84327.56,84266,84266.46
1790412060,84266.46,84266.46,84240,84253.55
1790412120,84253.56,84285.57,84253.55,84285.57
1790412180,84285.57,84290.94,84285.56,84290.94
1790412240,84290.94,84293.11,84290.94,84293.1
1790412300,84293.1,84293.11,84276.39,84276.39
1790412360,84276.4,84276.4,84247.09,84247.09
1790412420,84247.1,84247.1,84247.09,84247.1
1790412480,84247.1,84247.1,84247.09,84247.09
1790412540,84247.09,84247.1,84222.66,84222.67
1790412600,84222.66,84222.67,84222.66,84222.66
1790412660,84222.67,84222.67,84222.66,84222.67
1790412720,84222.67,84231.1,84222.66,84231.09
1790412780,84231.1,84231.1,84231.09,84231.09
1790412840,84231.1,84231.1,84231.09,84231.1
1790412900,84231.1,84231.1,84222.66,84222.67
1790412960,84222.67,84222.67,84208.06,84209.48
1790413020,84209.48,84225.97,84209.47,84225.96
1790413080,84225.96,84225.97,84220,84220.01
1790413140,84220,84220.01,84220,84220.01
1790413200,84220.01,84220.01,84214.18,84214.18
1790413260,84214.19,84214.19,84209.47,84209.48
1790413320,84209.47,84209.48,84206.68,84206.69
1790413380,84206.69,84212.01,84206.68,84212
1790413440,84212.01,84212.01,84212,84212.01
1790413500,84212.01,84212.01,84195.75,84199.81
1790413560,84199.81,84199.83,84199.8,84199.83
1790413620,84199.82,84217.45,84199.82,84217.44
1790413680,84217.45,84217.45,84212,84212.01
1790413740,84212.01,84212.01,84184.94,84184.95
1790413800,84184.94,84184.95,84110.67,84155.49
1790413860,84155.49,84162.88,84100.89,84100.89
1790413920,84100.9,84100.9,84078.87,84080
1790413980,84080.01,84080.01,83986.37,83986.37
1790414040,83986.37,84024.88,83975.8,84018.89
1790414100,84018.89,84018.89,83983.88,84006
1790414160,84006.01,84024.88,83992,83992
1790414220,83992.01,83992.01,83966.03,83988.01
1790414280,83988,83988.01,83966.03,83988
1790414340,83988,84006.01,83988,84006.01
1790414400,84006,84024.88,83987.26,83987.26
1790414460,83987.27,84015.33,83987.26,84015.33
1790414520,84015.33,84038.01,84015.32,84037.33
1790414580,84037.34,84037.34,84029.65,84029.65
1790414640,84029.66,84029.66,83996.5,83996.5
1790414700,83996.49,83996.5,83986.82,83986.83
1790414760,83986.82,83994.02,83986.82,83988.27
1790414820,83988.28,84019.77,83988.27,84019.77
1790414880,84019.77,84032,84016.18,84016.19
1790414940,84016.19,84031.29,84003.94,84031.18
1790415000,84031.18,84031.19,84006.38,84006.38
1790415060,84006.39,84008,83981.1,84007.99
1790415120,84008,84020.01,84007.99,84020
1790415180,84020.01,84030,84018,84025.6
1790415240,84025.61,84041,84025.6,84040.48
1790415300,84040.48,84040.49,84040.48,84040.49
1790415360,84040.48,84040.49,84020,84020.01
1790415420,84020.01,84027.6,84020,84027.6
1790415480,84027.59,84027.6,84027.58,84027.58
1790415540,84027.58,84027.58,84018.01,84018.02
1790415600,84018.02,84018.02,84010.27,84010.27
1790415660,84010.27,84010.28,84010.27,84010.27
1790415720,84010.27,84010.28,84010.27,84010.28
1790415780,84010.28,84010.28,84004.1,84009.99
1790415840,84009.99,84019,84009.98,84018.99
1790415900,84019,84027.59,84018.99,84027.58
1790415960,84027.59,84027.59,84027.58,84027.58
1790416020,84027.58,84027.59,84027.58,84027.59
1790416080,84027.58,84027.59,84021.47,84021.47
1790416140,84021.48,84021.48,84021.47,84021.47
1790416200,84021.48,84021.48,84021.47,84021.48
1790416260,84021.48,84021.48,84014,84014.01
1790416320,84014.01,84014.01,84014,84014
1790416380,84014,84014.01,84009.44,84009.44
1790416440,84009.45,84021.51,84004.11,84021.5
1790416500,84021.51,84021.51,84002.01,84002.01
1790416560,84002.01,84002.02,84002.01,84002.01
1790416620,84002.01,84002.03,83998.01,83998.01
1790416680,83998.01,83998.02,83994.54,83994.54
1790416740,83994.55,84021.96,83994.54,84021.95
1790416800,84021.96,84027.6,84021.95,84027.6
1790416860,84027.6,84036.38,84027.59,84036.37
1790416920,84036.38,84074.84,84036.37,84074.83
1790416980,84074.84,84090.57,84062,84062
1790417040,84062.01,84080,84062,84080
1790417100,84080,84088.41,84079.99,84088.41
1790417160,84088.4,84098,84088.4,84097.99
1790417220,84098,84098,84097.99,84098
1790417280,84098,84098,84097.99,84097.99
1790417340,84098,84114.8,84097.99,84113.39
1790417400,84113.39,84121.18,84113.38,84121.17
1790417460,84121.17,84121.18,84121.17,84121.18
1790417520,84121.17,84121.18,84121.17,84121.17
1790417580,84121.17,84121.18,84121.17,84121.17
1790417640,84121.17,84122.01,84113.29,84113.29
1790417700,84113.3,84113.3,84113.29,84113.3
1790417760,84113.3,84124.01,84113.29,84124.01
1790417820,84124,84151.17,84124,84151.17
1790417880,84151.17,84151.17,84151.16,84151.16
1790417940,84151.16,84152,84151.16,84151.99
1790418000,84152,84159.95,84151.99,84159.95
1790418060,84159.95,84183.96,84159.94,84183.96
1790418120,84183.97,84184.95,84120.84,84120.85
1790418180,84120.85,84157.69,84120.84,84157.69
1790418240,84157.68,84157.69,84145.26,84145.26
1790418300,84145.26,84145.27,84145.26,84145.27
1790418360,84145.27,84145.27,84145.26,84145.27
1790418420,84145.27,84145.27,84134.7,84134.7
1790418480,84134.71,84134.71,84122.21,84122.22
1790418540,84122.22,84143.55,84122.21,84143.55
1790418600,84143.55,84143.55,84143.54,84143.55
1790418660,84143.55,84143.55,84143.54,84143.54
1790418720,84143.55,84143.55,84143.54,84143.55
1790418780,84143.54,84143.55,84143.54,84143.54
1790418840,84143.54,84143.55,84122.21,84122.21
1790418900,84122.22,84122.22,84122.21,84122.21
1790418960,84122.22,84124.33,84122.21,84124.33
1790419020,84124.32,84124.33,84124.32,84124.33
1790419080,84124.32,84124.33,84124.32,84124.32
1790419140,84124.33,84139.61,84122.11,84122.12
1790419200,84122.11,84144.46,84122.11,84144.46
1790419260,84144.46,84145.27,84144.46,84145.27
1790419320,84145.26,84163.36,84145.26,84151.67
1790419380,84151.68,84151.68,84133.7,84133.71
1790419440,84133.7,84148.01,84133.7,84148
1790419500,84148.01,84163.09,84148,84163.08
1790419560,84163.09,84170.54,84163.08,84170.53
1790419620,84170.53,84170.54,84165.17,84165.17
1790419680,84165.18,84165.18,84150.01,84150.02
1790419740,84150.01,84150.02,84150.01,84150.02
1790419800,84150.01,84165.18,84150.01,84165.17
1790419860,84165.18,84165.18,84165.17,84165.18
1790419920,84165.18,84165.18,84165.17,84165.17
1790419980,84165.17,84165.18,84160.41,84160.42
1790420040,84160.41,84160.41,84145.26,84145.26
1790420100,84145.26,84145.27,84130.02,84144
1790420160,84144,84179.92,84143.99,84179.91
1790420220,84179.92,84179.92,84179.91,84179.91
1790420280,84179.92,84179.92,84179.91,84179.91
1790420340,84179.92,84179.92,84179.91,84179.92
1790420400,84179.92,84184.95,84179.91,84184.95
1790420460,84184.95,84188,84130.79,84161.99
1790420520,84162,84168.3,84161.99,84168.3
1790420580,84168.3,84192.01,84168.29,84169.3
1790420640,84169.3,84180.01,84164.25,84180.01
1790420700,84180,84180.01,84146,84146.01
1790420760,84146.01,84150,84138.85,84149.99
1790420820,84150,84150,84149.99,84150
1790420880,84150,84180,84149.99,84172.66
1790420940,84172.65,84172.66,84172.65,84172.65
1790421000,84172.66,84172.66,84150,84150
1790421060,84150.01,84150.01,84150,84150.01
1790421120,84150,84150.01,84150,84150
1790421180,84150.01,84183.43,84150,84183.43
1790421240,84183.43,84183.43,84171.85,84171.85
1790421300,84171.85,84178.01,84171.85,84178
1790421360,84178.01,84199,84178,84198.99
1790421420,84199,84199.97,84198.99,84199.96
1790421480,84199.96,84199.97,84199.96,84199.97
1790421540,84199.96,84199.97,84198.99,84199
1790421600,84198.99,84199,84185.06,84185.07
1790421660,84185.07,84185.07,84185.06,84185.06
1790421720,84185.07,84185.07,84185.06,84185.06
1790421780,84185.06,84185.06,84180.77,84180.77
1790421840,84180.78,84180.78,84180.77,84180.77
1790421900,84180.78,84180.78,84180.77,84180.77
1790421960,84180.78,84180.78,84180.77,84180.78
1790422020,84180.77,84180.78,84168,84168.01
1790422080,84168,84168.01,84161.98,84161.98
1790422140,84161.99,84163.36,84161.98,84163.35
1790422200,84163.36,84163.36,84163.35,84163.35
1790422260,84163.35,84163.36,84163.35,84163.36
1790422320,84163.36,84163.36,84163.35,84163.36
1790422380,84163.36,84166.01,84163.34,84166.01
1790422440,84166.01,84168.01,84166,84167.99
1790422500,84168,84175.13,84167.99,84175.08
1790422560,84175.08,84182.01,84175.07,84182
1790422620,84182.01,84184.01,84182,84184.01
1790422680,84184,84196.01,84184,84196.01
1790422740,84196,84198,84196,84198
1790422800,84198,84198,84186,84186
1790422860,84186.01,84186.01,84180.46,84180.47
1790422920,84180.47,84180.47,84180.46,84180.46
1790422980,84180.47,84187.88,84180.46,84187.88
1790423040,84187.87,84187.88,84176.04,84176.05
1790423100,84176.05,84176.05,84176.04,84176.04
1790423160,84176.04,84176.05,84176.04,84176.04
1790423220,84176.05,84176.05,84166.01,84166.04
1790423280,84166.03,84166.04,84166.03,84166.03
1790423340,84166.04,84178.01,84166.03,84178
1790423400,84178.01,84185.64,84178.01,84185.63
1790423460,84185.63,84185.64,84185.63,84185.63
1790423520,84185.64,84185.64,84185.63,84185.63
1790423580,84185.63,84185.64,84185.63,84185.64
1790423640,84185.63,84185.64,84176.46,84176.47
1790423700,84176.46,84176.47,84176.46,84176.47
1790423760,84176.47,84177.9,84176.46,84177.89
1790423820,84177.9,84177.9,84177.89,84177.9
1790423880,84177.89,84177.9,84177.89,84177.89
1790423940,84177.9,84177.9,84176,84176
1790424000,84176,84176.01,84175.99,84176
1790424060,84176,84176,84170.06,84170.06
1790424120,84170.07,84170.07,84165.54,84165.55
1790424180,84165.55,84165.55,84138.37,84138.37
1790424240,84138.38,84138.38,84108,84108
1790424300,84108.01,84137.44,84108,84137.43
1790424360,84137.43,84156.08,84137.43,84156.07
1790424420,84156.07,84183.45,84156.07,84164
1790424480,84164.01,84164.01,84154.01,84154.01
1790424540,84154.02,84163.23,84148.03,84148.03
1790424600,84148.04,84148.04,84145.26,84145.26
1790424660,84145.27,84145.27,84126.43,84126.43
1790424720,84126.44,84126.44,84116.29,84116.29
1790424780,84116.29,84126.01,84116.29,84126
1790424840,84126,84150.01,84126,84150
1790424900,84150,84172.01,84150,84172.01
1790424960,84172.01,84185,84172,84184.99
1790425020,84184.99,84204.88,84184.99,84204
1790425080,84204,84204.01,84192.48,84192.49
1790425140,84192.49,84192.49,84169.59,84170.01
1790425200,84170.01,84170.01,84150,84150
1790425260,84150.01,84150.01,84125.13,84125.13
1790425320,84125.14,84125.14,84124.01,84124.01
1790425380,84124.02,84124.02,84124.01,84124.02
1790425440,84124.01,84124.02,84103.65,84103.66
1790425500,84103.66,84120.88,84103.65,84120.87
1790425560,84120.87,84120.88,84114,84114.01
1790425620,84114,84114.01,84103.65,84103.66
1790425680,84103.66,84103.66,84103.65,84103.66
1790425740,84103.66,84103.66,84103.65,84103.66
1790425800,84103.65,84103.66,84103.65,84103.66
1790425860,84103.66,84103.66,84103.65,84103.66
1790425920,84103.66,84103.66,84103.65,84103.66
1790425980,84103.66,84116.01,84103.65,84116.01
1790426040,84116,84116.01,84116,84116
1790426100,84116,84125.97,84116,84125.97
1790426160,84125.97,84125.97,84125.96,84125.97
1790426220,84125.96,84125.97,84100,84100
1790426280,84100,84100.01,84085.3,84085.31
1790426340,84085.3,84095.25,84085.3,84095.25
1790426400,84095.26,84095.26,84092.54,84092.54
1790426460,84092.54,84092.55,84060.3,84060.31
1790426520,84060.31,84060.31,84050,84050.01
1790426580,84050,84050.01,84050,84050.01
1790426640,84050,84050.01,84050,84050.01
1790426700,84050,84053.96,84050,84053.95
1790426760,84053.95,84062.01,84053.95,84062.01
1790426820,84062.01,84065.92,84062,84065.91
1790426880,84065.91,84069.16,84065.91,84069.15
1790426940,84069.16,84071.16,84069.15,84071.16
1790427000,84071.16,84071.16,84071.15,84071.16
1790427060,84071.16,84071.18,84071.16,84071.17
1790427120,84071.17,84074.01,84071.17,84074.01
1790427180,84074,84074.01,84074,84074.01
1790427240,84074.01,84074.01,84052,84052.01
1790427300,84052,84052.01,84052,84052
1790427360,84052,84052.01,84052,84052
1790427420,84052,84052.01,84052,84052
1790427480,84052,84070.01,84052,84070
1790427540,84070.01,84070.01,84051.89,84051.9
1790427600,84051.89,84051.9,84051.89,84051.9
1790427660,84051.9,84060.65,84051.89,84060.64
1790427720,84060.64,84091.46,84060.64,84091.45
1790427780,84091.46,84097.53,84072,84072
1790427840,84072.01,84072.01,84072,84072.01
1790427900,84072,84095.13,84072,84095.13
1790427960,84095.13,84114.05,84095.12,84114.05
1790428020,84114.05,84125.45,84114.05,84125.45
1790428080,84125.44,84125.45,84090.54,84090.55
1790428140,84090.54,84090.55,84074.64,84074.64
1790428200,84074.64,84074.65,83985.94,83990.01
1790428260,83990.01,83990.01,83977.27,83977.27
1790428320,83977.28,84008.01,83958.83,84008
1790428380,84008.01,84008.01,83996,84003.9
1790428440,84003.9,84012.01,84003.89,84008.01
1790428500,84008,84012.01,83987.2,83987.21
1790428560,83987.2,83987.21,83964.75,83980.32
1790428620,83980.31,84012.01,83980.31,84010.79
1790428680,84010.8,84010.8,83995.8,83995.8
1790428740,83995.81,84008.38,83995.8,84008.38
1790428800,84008.38,84024.02,84008.38,84024.01
1790428860,84024.01,84024.02,84024.01,84024.01
1790428920,84024.01,84024.02,83980,83980
1790428980,83980.01,83980.01,83962.51,83970.19
1790429040,83970.19,83970.2,83964,83964.01
1790429100,83964.01,83964.01,83956,83956
1790429160,83956,83956.01,83938,83944.01
1790429220,83944.01,83944.01,83917.17,83917.18
1790429280,83917.18,83917.18,83856.23,83865.45
1790429340,83865.45,83932.01,83865.45,83932
1790429400,83932,83932.01,83900,83900.01
1790429460,83900,83920.81,83900,83920.8
1790429520,83920.81,83920.81,83900,83905.03
1790429580,83905.03,83906.14,83905.03,83906.14
1790429640,83906.13,83909.05,83900,83909.04
1790429700,83909.05,83909.05,83882.04,83882.04
1790429760,83882.04,83886.01,83865.42,83886.01
1790429820,83886.01,83922.01,83886,83920.01
1790429880,83920.01,83932.01,83918.38,83932
1790429940,83932,83932.01,83932,83932.01
1790430000,83932.01,83932.01,83932,83932
1790430060,83932.01,83932.01,83916,83920
1790430120,83920.01,83920.01,83920,83920.01
1790430180,83920.01,83920.01,83920,83920.01
1790430240,83920,83932.27,83915.36,83932.26
1790430300,83932.26,83932.27,83932.26,83932.27
1790430360,83932.26,83937.53,83932.26,83937.52
1790430420,83937.53,83947.92,83937.52,83939.56
1790430480,83939.55,83958.01,83923.44,83958
1790430540,83958.01,83961.97,83954.15,83954.16
1790430600,83954.15,83962.82,83945.6,83962.01
1790430660,83962.01,83962.01,83928,83928
1790430720,83928,83928.01,83926.65,83926.66
1790430780,83926.66,83932.26,83926.66,83932.26
1790430840,83932.26,83956.03,83932.25,83956.02
1790430900,83956.03,83962,83956.02,83962
1790430960,83961.99,83975.82,83961.99,83972.32
1790431020,83972.31,83972.32,83972.31,83972.32
1790431080,83972.32,83972.32,83939.64,83939.65
1790431140,83939.66,83940,83929.99,83939.1
1790431200,83939.11,83939.11,83927.39,83927.4
1790431260,83927.4,83931.37,83927.39,83931.37
1790431320,83931.36,83931.37,83931.36,83931.36
1790431380,83931.36,83931.37,83931.36,83931.37
1790431440,83931.37,83968.01,83931.36,83938.82
1790431500,83938.82,83938.82,83928.24,83928.24
1790431560,83928.24,83928.25,83919.1,83919.11
1790431620,83919.11,83919.11,83919.1,83919.1
1790431680,83919.1,83919.11,83919.1,83919.1
1790431740,83919.11,83940.01,83919.1,83940
1790431800,83940,83940.01,83940,83940.01
1790431860,83940.01,83946.49,83940,83946.48
1790431920,83946.48,83949.94,83946.48,83949.94
1790431980,83949.93,83950.01,83949.93,83950.01
1790432040,83950,83960.01,83950,83960.01
1790432100,83960.01,83981.11,83960,83981.11
1790432160,83981.11,83981.11,83972.7,83972.71
1790432220,83972.7,83972.71,83960,83960.01
1790432280,83960,83960.01,83960,83960
1790432340,83960.01,83960.01,83960,83960
1790432400,83960,83963.67,83960,83963.67
1790432460,83963.66,83971.28,83963.66,83971.28
1790432520,83971.27,83971.28,83971.27,83971.27
1790432580,83971.28,83971.28,83971.27,83971.27
1790432640,83971.28,83971.28,83971.27,83971.28
1790432700,83971.28,83982.73,83971.27,83976.56
1790432760,83976.56,83976.56,83976.55,83976.55
1790432820,83976.55,83976.56,83976.55,83976.56
1790432880,83976.56,83976.56,83976.55,83976.56
1790432940,83976.55,83980.01,83976.55,83980
1790433000,83980.01,83997.93,83980,83997.93
1790433060,83997.92,84000,83997.92,84000
1790433120,83999.99,84023.78,83999.99,84023.76
1790433180,84023.75,84023.76,84023.75,84023.76
1790433240,84023.76,84023.76,84008.08,84008.09
1790433300,84008.08,84008.09,84008.08,84008.09
1790433360,84008.09,84008.09,84008.08,84008.08
1790433420,84008.08,84008.09,84008.08,84008.08
1790433480,84008.09,84012.01,84008.08,84012.01
1790433540,84012.01,84012.01,84002,84002.01
1790433600,84002.01,84017.5,84002,84017.49
1790433660,84017.49,84026.67,84017.49,84026.67
1790433720,84026.67,84034.48,84026.66,84034.47
1790433780,84034.47,84034.48,84034.47,84034.48
1790433840,84034.47,84034.48,84017.13,84021.7
1790433900,84021.69,84021.7,84007.36,84007.37
1790433960,84007.36,84007.37,84007.36,84007.37
1790434020,84007.37,84007.37,84007.36,84007.37
1790434080,84007.37,84007.37,84007.36,84007.37
1790434140,84007.37,84020,84007.37,84019.99
1790434200,84020,84044.95,84019.99,84044.95
1790434260,84044.95,84049.19,84044.94,84046.01
1790434320,84046.01,84046.01,84046,84046
1790434380,84046.01,84046.01,84046,84046.01
1790434440,84046,84046.01,84037.63,84037.64
1790434500,84037.63,84037.64,84037.63,84037.64
1790434560,84037.64,84037.64,84037.63,84037.64
1790434620,84037.63,84037.64,84021.24,84021.24
1790434680,84021.25,84021.25,84018.84,84018.84
1790434740,84018.85,84020.01,84018.84,84020
1790434800,84020.01,84036,84020,84036
1790434860,84035.99,84036,84010.49,84029.3
1790434920,84029.3,84029.3,84029.29,84029.3
1790434980,84029.3,84029.3,84019.88,84020
1790435040,84020,84032.01,84019.99,84032.01
1790435100,84032.01,84034.01,84032.01,84034
1790435160,84034.01,84034.01,84034,84034
1790435220,84034,84034.01,84019.99,84020
1790435280,84020,84020,84019.99,84019.99
1790435340,84020,84020,84019.99,84020
1790435400,84020,84020,84019.99,84020
1790435460,84020,84020,84019.99,84019.99
1790435520,84020,84020,84019.99,84020
1790435580,84020,84032.01,84020,84020.01
1790435640,84020.01,84020.02,84020.01,84020.02
1790435700,84020.02,84028.01,84020.01,84028.01
1790435760,84028.01,84032,84028,84031.99
1790435820,84032,84032,84031.99,84032
1790435880,84032,84032,84031.99,84032
1790435940,84031.99,84032,84031.99,84032
1790436000,84032,84038.01,84031.99,84038.01
1790436060,84038.01,84038.01,84031.99,84032
1790436120,84031.99,84032,84026,84026
1790436180,84026.01,84026.01,84026,84026.01
1790436240,84026,84049.19,84026,84049.18
1790436300,84049.19,84049.19,84047,84049.19
1790436360,84049.18,84049.19,84049.18,84049.18
1790436420,84049.19,84058.5,84049.18,84058.5
1790436480,84058.5,84058.5,84058.49,84058.49
1790436540,84058.49,84058.5,84058.49,84058.49
1790436600,84058.5,84082.01,84058.49,84082
1790436660,84082,84104.8,84082,84104.79
1790436720,84104.79,84150,84104.79,84150
1790436780,84150,84155.36,84148.81,84148.81
1790436840,84148.82,84148.82,84144.96,84144.96
1790436900,84144.96,84155.35,84123.24,84155.35
1790436960,84155.35,84190,84155.34,84185.53
1790437020,84185.53,84185.54,84152,84152
1790437080,84152.01,84152.01,84129.88,84129.89
1790437140,84129.89,84145.26,84129.88,84145.26
1790437200,84145.26,84145.26,84104.87,84104.87
1790437260,84104.87,84104.88,84104.87,84104.87
1790437320,84104.88,84104.88,84104.87,84104.87
1790437380,84104.88,84104.88,84104.87,84104.88
1790437440,84104.88,84134.77,84104.87,84134.77
1790437500,84134.77,84134.95,84119.35,84119.35
1790437560,84119.36,84119.36,84097.84,84097.84
1790437620,84097.85,84097.85,84097.84,84097.85
1790437680,84097.85,84097.85,84097.84,84097.84
1790437740,84097.84,84097.85,84090.01,84090.02
1790437800,84090.02,84090.02,84082.45,84082.45
1790437860,84082.46,84099.64,84082.45,84084.48
1790437920,84084.48,84143.99,84084.47,84143.98
1790437980,84143.99,84155.41,84140,84140
1790438040,84140,84152.03,84140,84152.03
1790438100,84152.03,84155.13,84140,84140
1790438160,84140.01,84150,84140,84149.99
1790438220,84149.99,84154.02,84149.99,84154.01
1790438280,84154.01,84154.02,84154.01,84154.02
1790438340,84154.02,84156,84154.01,84155.99
1790438400,84156,84164.48,84141.57,84141.58
1790438460,84141.57,84141.58,84116.32,84116.32
1790438520,84116.32,84130,84110.21,84130
1790438580,84130,84139.52,84129.99,84139.52
1790438640,84139.51,84150.01,84139.51,84150.01
1790438700,84150.01,84150.01,84150,84150.01
1790438760,84150,84150.01,84150,84150
1790438820,84150,84150.01,84150,84150
1790438880,84150,84150.01,84150,84150
1790438940,84150.01,84150.01,84150,84150
1790439000,84150.01,84150.01,84137.01,84137.01
1790439060,84137.02,84137.02,84123.41,84136
1790439120,84136,84136.01,84136,84136
1790439180,84136,84136.01,84135.74,84135.74
1790439240,84135.75,84135.75,84135.74,84135.75
1790439300,84135.75,84135.75,84135.74,84135.75
1790439360,84135.74,84135.75,84130.01,84130.01
1790439420,84130.01,84130.02,84130.01,84130.02
1790439480,84130.01,84140.01,84130.01,84140
1790439540,84140.01,84149.56,84135.71,84135.72
1790439600,84135.72,84135.72,84130.04,84130.04
1790439660,84130.04,84130.04,84102,84102.01
1790439720,84102.01,84115.78,84102,84115.78
1790439780,84115.77,84117.86,84115.77,84117.86
1790439840,84117.86,84117.86,84117.85,84117.85
1790439900,84117.85,84117.86,84117.85,84117.85
1790439960,84117.85,84117.86,84117.85,84117.86
1790440020,84117.86,84117.86,84098.18,84098.19
1790440080,84098.18,84098.19,84098.18,84098.19
1790440140,84098.19,84112.22,84098.18,84112.22
1790440200,84112.22,84112.22,84112.21,84112.21
1790440260,84112.22,84152.18,84112.21,84152.18
1790440320,84152.17,84162.01,84152.17,84162.01
1790440380,84162.01,84162.01,84162,84162.01
1790440440,84162.01,84174.33,84162,84168.17
1790440500,84168.17,84168.17,84153.01,84153.02
1790440560,84153.02,84153.02,84153.01,84153.02
1790440620,84153.02,84153.02,84153.01,84153.01
1790440680,84153.01,84153.02,84153.01,84153.02
1790440740,84153.01,84153.02,84153.01,84153.02
1790440800,84153.02,84156.75,84153.01,84156.74
1790440860,84156.75,84156.75,84156.74,84156.75
1790440920,84156.75,84156.75,84156.74,84156.75
1790440980,84156.75,84156.75,84156.74,84156.75
1790441040,84156.75,84156.75,84152.32,84152.32
1790441100,84152.32,84152.33,84136.62,84136.62
1790441160,84136.63,84146,84136.62,84146
1790441220,84145.99,84166.3,84145.99,84162.01
1790441280,84162.01,84162.01,84145.12,84145.12
1790441340,84145.13,84153.35,84136.71,84153.35
1790441400,84153.34,84162.45,84142,84142
1790441460,84142.01,84142.01,84136.71,84136.72
1790441520,84136.72,84136.72,84131.66,84131.67
1790441580,84131.67,84131.67,84113.2,84124.01
1790441640,84124.01,84153.43,84123.99,84153.43
1790441700,84153.43,84153.44,84124.23,84124.23
1790441760,84124.23,84124.24,84100.02,84106
1790441820,84106.01,84122.01,84106,84122
1790441880,84122,84122.01,84122,84122.01
1790441940,84122.01,84122.01,84119.99,84120
1790442000,84120,84120,84118,84118.01
1790442060,84118.01,84128.62,84118,84128.62
1790442120,84128.62,84128.62,84128.61,84128.62
1790442180,84128.62,84128.62,84092.1,84092.1
1790442240,84092.11,84120.03,84086,84120.03
1790442300,84120.02,84120.02,84097.19,84097.2
1790442360,84097.19,84097.2,84088,84088.01
1790442420,84088.01,84088.01,84074.98,84074.98
1790442480,84074.99,84080.01,84074.98,84080.01
1790442540,84080.01,84088.01,84080.01,84088.01
1790442600,84088,84088.01,84074.96,84074.96
1790442660,84074.97,84074.97,84065.27,84065.28
1790442720,84065.27,84082.05,84065.27,84082.05
1790442780,84082.04,84095.95,84082.04,84095.94
1790442840,84095.94,84095.95,84087.97,84087.98
1790442900,84087.97,84087.97,84074,84074.01
1790442960,84074.01,84074.01,84065.27,84065.27
1790443020,84065.27,84065.28,84064.01,84064.02
1790443080,84064.02,84069.02,84064.01,84069.01
1790443140,84069.02,84088.01,84050.39,84088
1790443200,84088,84088.01,84082.61,84082.61
1790443260,84082.61,84082.62,84076,84076
1790443320,84076,84076.01,84063.2,84070.14
1790443380,84070.14,84076.01,84070.14,84070.72
1790443440,84070.72,84070.72,84070.71,84070.71
1790443500,84070.71,84070.72,84070.71,84070.72
1790443560,84070.71,84078.41,84069.83,84069.83
1790443620,84069.83,84069.84,84069.83,84069.83
1790443680,84069.84,84078.01,84058.81,84059.04
1790443740,84059.04,84070.75,84059.04,84070.75
1790443800,84070.74,84074.77,84059.69,84059.69
1790443860,84059.69,84063.74,84054.53,84054.53
1790443920,84054.53,84054.54,84054.53,84054.53
1790443980,84054.54,84054.54,84054.53,84054.53
1790444040,84054.53,84054.54,84048.22,84048.23
1790444100,84048.23,84048.23,84041.92,84048
1790444160,84048.01,84058.01,84048,84058
1790444220,84058,84070.01,84058,84070
1790444280,84070.01,84070.01,84070,84070
1790444340,84070.01,84086.1,84070,84086.1
1790444400,84086.09,84088.01,84077.97,84077.97
1790444460,84077.97,84077.98,84072.31,84072.56
1790444520,84072.56,84078.01,84072.56,84078
1790444580,84078,84084.01,84078,84084
1790444640,84084,84101.73,84084,84101.72
1790444700,84101.73,84106.99,84101.72,84106.99
1790444760,84107,84112.26,84106.99,84112.26
1790444820,84112.46,84119.39,84112.46,84119.39
1790444880,84119.38,84123.32,84119.38,84123.32
1790444940,84123.32,84124.49,84106.55,84108
1790445000,84108.01,84108.01,84108,84108
1790445060,84108,84108.01,84108,84108.01
1790445120,84108.01,84110.48,84108,84110.47
1790445180,84110.48,84112.02,84110.47,84112.02
1790445240,84112.02,84112.22,84112.01,84112.22
1790445300,84112.22,84112.22,84112.21,84112.22
1790445360,84112.22,84131.99,84112.21,84131.99
1790445420,84131.98,84132.41,84131.98,84132.4
1790445480,84132.4,84132.41,84132.4,84132.41
1790445540,84132.41,84132.41,84132.4,84132.4
1790445600,84132.4,84132.41,84132.21,84132.21
1790445660,84132.21,84132.22,84132.21,84132.21
1790445720,84132.21,84141.01,84132.21,84141.01
1790445780,84141,84153.44,84141,84153.44
1790445840,84153.44,84160.01,84153.43,84160.01
1790445900,84160.01,84160.01,84160,84160
1790445960,84160.01,84162.52,84148.03,84148.04
1790446020,84148.03,84148.04,84102.58,84106.1
1790446080,84106.1,84106.1,84106.09,84106.09
1790446140,84106.1,84106.1,84106.09,84106.09
1790446200,84106.1,84106.1,84106.09,84106.09
1790446260,84106.09,84106.1,84106.09,84106.1
1790446320,84106.09,84106.1,84106.09,84106.1
1790446380,84106.1,84106.1,84106.09,84106.1
1790446440,84106.1,84106.1,84100.6,84100.61
1790446500,84100.61,84100.61,84090,84090
1790446560,84090.01,84090.01,84079.88,84079.89
1790446620,84079.88,84079.89,84079,84079
1790446680,84079,84086.01,84079,84086.01
1790446740,84086,84086.01,84085,84085.01
1790446800,84085,84085,84079,84079.01
1790446860,84079,84088.01,84079,84088
1790446920,84088,84097.82,84088,84097.81
1790446980,84097.81,84097.82,84097.81,84097.81
1790447040,84097.82,84097.82,84084.66,84084.92
1790447100,84084.91,84084.92,84064.96,84064.97
1790447160,84064.97,84064.97,84063.18,84063.19
1790447220,84063.19,84069.27,84063.18,84069.26
1790447280,84069.27,84069.27,84069.26,84069.26
1790447340,84069.27,84069.27,84069.26,84069.27
1790447400,84069.26,84069.27,84069.26,84069.26
1790447460,84069.27,84069.27,84068.81,84068.82
1790447520,84068.81,84068.82,84068.81,84068.81
1790447580,84068.81,84073.8,84068.81,84073.79
1790447640,84073.79,84073.8,84064,84064
1790447700,84064.01,84064.01,84058.85,84058.85
1790447760,84058.85,84058.86,84051.7,84051.7
1790447820,84051.71,84052.42,84042.02,84048.32
1790447880,84048.33,84048.33,84044,84044.01
1790447940,84044.01,84056.41,84040,84050
1790448000,84050.01,84050.01,84030,84030
1790448060,84030.01,84030.01,84030,84030
1790448120,84030,84030.01,84030,84030
1790448180,84030.01,84030.01,84030,84030.01
1790448240,84030.01,84030.01,84002,84006.06
1790448300,84006.06,84020.76,84006.05,84012.01
1790448360,84012.01,84012.01,84011.98,84011.98
1790448420,84011.98,84014.01,84000.06,84011.13
1790448480,84011.13,84011.13,84000.06,84002.87
1790448540,84002.88,84016.01,84002.87,84005.92
1790448600,84005.92,84005.92,84000.06,84000.07
1790448660,84000.06,84000.07,83990,84000.01
1790448720,84000.01,84000.01,84000,84000.01
1790448780,84000.01,84000.01,83998.67,83998.68
1790448840,83998.68,83998.68,83998.67,83998.68
1790448900,83998.68,83998.68,83998.67,83998.67
1790448960,83998.67,83998.68,83998.67,83998.68
1790449020,83998.67,83998.68,83998.67,83998.67
1790449080,83998.68,83998.68,83998.67,83998.68
1790449140,83998.67,83998.68,83998.67,83998.68
1790449200,83998.68,84022.01,83998.67,84022.01
1790449260,84022.01,84042.92,84022,84042.91
1790449320,84042.91,84048.14,84042.91,84048.13
1790449380,84048.13,84048.14,84048.13,84048.13
1790449440,84048.14,84048.14,84034.99,84034.99
1790449500,84034.99,84035,84020.38,84035
1790449560,84034.99,84035,84022.91,84022.91
1790449620,84022.91,84022.92,84022.91,84022.91
1790449680,84022.91,84022.92,84018.7,84018.71
1790449740,84018.7,84018.71,84000.9,84008.62
1790449800,84008.63,84008.63,84008.62,84008.62
1790449860,84008.62,84017.25,84008.62,84017.25
1790449920,84017.24,84017.25,84017.24,84017.25
1790449980,84017.24,84022.95,84017.24,84022.95
1790450040,84022.95,84022.95,84022.94,84022.95
1790450100,84022.94,84022.95,84022.94,84022.95
1790450160,84022.95,84022.95,84022.94,84022.94
1790450220,84022.95,84022.95,84022.94,84022.95
1790450280,84022.94,84024.01,84022.94,84024.01
1790450340,84024.01,84025.95,84024.01,84025.94
1790450400,84025.95,84025.95,84022.16,84022.17
1790450460,84022.16,84022.17,84022.16,84022.17
1790450520,84022.17,84029.01,84022.16,84029.01
1790450580,84029.01,84029.01,84029,84029.01
1790450640,84029,84029.01,84025.55,84025.55
1790450700,84025.56,84025.56,84025.55,84025.55
1790450760,84025.55,84025.56,84025.55,84025.56
1790450820,84025.55,84033.89,84025.55,84033.88
1790450880,84033.89,84039.04,84033.88,84039.04
1790450940,84039.03,84039.04,84039.03,84039.03
1790451000,84039.03,84039.03,84027.41,84027.42
1790451060,84027.42,84027.42,84027.41,84027.42
1790451120,84027.42,84027.42,84027.41,84027.41
1790451180,84027.41,84027.42,84027.41,84027.42
1790451240,84027.42,84039.17,84027.37,84039.17
1790451300,84039.16,84039.17,84039.16,84039.16
1790451360,84039.16,84039.16,84016,84016.01
1790451420,84016,84016.01,83996,83996.01
1790451480,83996,83996.01,83976.74,83976.75
1790451540,83976.74,83976.75,83976.74,83976.75
1790451600,83976.74,83986.01,83976.74,83986
1790451660,83986.01,83986.01,83986,83986
1790451720,83986.01,83995.9,83986,83995.72
1790451780,83995.73,84016.79,83995.72,84016.78
1790451840,84016.79,84016.79,84016.78,84016.78
1790451900,84016.79,84016.79,84016.78,84016.79
1790451960,84016.79,84016.79,84016.78,84016.79
1790452020,84016.79,84016.79,84016,84016.01
1790452080,84016.01,84024.01,84016,84024
1790452140,84024,84029.91,84016.65,84016.66
1790452200,84016.65,84016.66,84014,84014
1790452260,84014.01,84014.01,84014,84014
1790452320,84014,84014,84005.35,84005.36
1790452380,84005.35,84016.63,84004,84016.63
1790452440,84016.63,84016.63,84016.62,84016.62
1790452500,84016.62,84016.63,84016.62,84016.63
1790452560,84016.62,84016.63,84016.62,84016.63
1790452620,84016.62,84016.63,84016.62,84016.63
1790452680,84016.62,84016.63,84016.62,84016.63
1790452740,84016.63,84016.63,84016.62,84016.63
1790452800,84016.63,84016.63,84016.62,84016.62
1790452860,84016.63,84016.63,84016.62,84016.62
1790452920,84016.62,84034,84016.62,84034
1790452980,84033.99,84042.43,84033.99,84042.43
1790453040,84042.42,84042.43,84042.42,84042.43
1790453100,84042.42,84042.43,84042.42,84042.42
1790453160,84042.43,84060.01,84042.43,84060.01
1790453220,84060.01,84060.01,84052,84052
1790453280,84052,84052.01,84040.49,84040.49
1790453340,84040.5,84040.5,83991.39,83991.39
1790453400,83991.39,84008.42,83991.39,84008.41
1790453460,84008.41,84018.01,84008.41,84018.01
1790453520,84018.01,84018.01,84018,84018.01
1790453580,84018.01,84018.01,84018,84018.01
1790453640,84018,84018.01,84018,84018.01
1790453700,84018,84029.86,84018,84029.85
1790453760,84029.86,84032,84029.85,84032
1790453820,84032,84040.01,84032,84040.01
1790453880,84040,84047.65,84040,84047.64
1790453940,84047.65,84053.64,84047.64,84053.63
1790454000,84053.64,84053.64,84053.63,84053.64
1790454060,84053.64,84053.64,84052.28,84052.29
1790454120,84052.28,84052.29,84052.28,84052.28
1790454180,84052.29,84052.29,84052.28,84052.29
1790454240,84052.28,84052.29,84052.28,84052.29
1790454300,84052.29,84079.55,84052.28,84079.54
1790454360,84079.55,84079.55,84079.54,84079.55
1790454420,84079.54,84079.55,84079.54,84079.55
1790454480,84079.55,84082.84,84079.54,84082.84
1790454540,84082.84,84082.84,84082.83,84082.84
1790454600,84082.83,84088.62,84082.83,84088.62
1790454660,84088.62,84088.62,84088.61,84088.61
1790454720,84088.62,84088.62,84088.61,84088.62
1790454780,84088.61,84097.88,84088.61,84097.88
1790454840,84097.87,84097.88,84097.87,84097.88
1790454900,84097.87,84097.88,84092,84092
1790454960,84092.01,84092.01,84092,84092
1790455020,84092.01,84092.01,84092,84092.01
1790455080,84092,84092.01,84083.92,84083.93
1790455140,84083.93,84083.93,83996,83996.01
1790455200,83996.01,83996.01,83934.64,83940
1790455260,83940,83940,83877.05,83908.01
1790455320,83908.01,83910.01,83884,83894
1790455380,83894.01,83912.43,83894,83894
1790455440,83894.01,83894.01,83874,83890.01
1790455500,83890.01,83962.01,83890.01,83955.99
1790455560,83955.99,83959.29,83946,83955.24
1790455620,83955.24,83955.24,83838.84,83878.01
1790455680,83878,83878,83844,83867.66
1790455740,83867.66,83867.66,83843.21,83843.21
1790455800,83843.22,83910.01,83838,83910
1790455860,83910,83959.15,83910,83959.14
1790455920,83959.15,83973.37,83959.15,83973.37
1790455980,83973.37,83998.01,83973.36,83998.01
1790456040,83998.01,84015.32,83998,84015.31
1790456100,84015.31,84041.73,84015.31,84041.72
1790456160,84041.73,84041.73,84038,84038
1790456220,84038.01,84038.01,84020.62,84023.25
1790456280,84023.25,84030.35,84023.25,84030.34
1790456340,84030.34,84030.35,84030.34,84030.34
1790456400,84030.35,84030.35,84030.34,84030.34
1790456460,84030.34,84040.01,84030.34,84040.01
1790456520,84040.01,84044.01,84040,84044
1790456580,84044.01,84044.01,84044,84044.01
1790456640,84044.01,84110.63,84044,84110.62
1790456700,84110.62,84110.63,84110.62,84110.62
1790456760,84110.63,84110.63,84110.62,84110.62
1790456820,84110.62,84110.63,84090.01,84094.01
1790456880,84094.01,84094.01,84094,84094.01
1790456940,84094.01,84094.01,84094,84094
1790457000,84094,84094.01,84094,84094
1790457060,84094.01,84094.01,84094,84094.01
1790457120,84094,84098.01,84094,84098
1790457180,84098.01,84118.06,84098,84118.06
1790457240,84118.05,84118.06,84118.05,84118.06
1790457300,84118.05,84121.57,84118.05,84121.56
1790457360,84121.57,84138.61,84121.57,84138.6
1790457420,84138.6,84141.66,84138.6,84141.66
1790457480,84141.66,84141.66,84141.65,84141.65
1790457540,84141.65,84160,84141.65,84154
1790457600,84154,84154.01,84105.4,84105.5
1790457660,84105.5,84105.5,84105.48,84105.48
1790457720,84105.48,84133.54,84105.48,84133.54
1790457780,84133.54,84133.54,84133.53,84133.54
1790457840,84133.54,84159.52,84133.53,84159.52
1790457900,84159.59,84161.42,84159.59,84161.41
1790457960,84161.41,84161.42,84161.41,84161.41
1790458020,84161.42,84185.58,84161.41,84175.98
1790458080,84175.99,84175.99,84165.49,84165.5
1790458140,84165.49,84220.99,84165.49,84220.97
1790458200,84220.98,84247.05,84214,84214.01
1790458260,84214,84214.01,84201.61,84201.62
1790458320,84201.62,84201.62,84201.61,84201.61
1790458380,84201.62,84201.62,84201.6,84201.6
1790458440,84201.6,84262.85,84201.6,84261.03
1790458500,84261.02,84261.02,84220.18,84220.18
1790458560,84220.19,84220.19,84203.02,84203.03
1790458620,84203.03,84203.03,84203.02,84203.02
1790458680,84203.03,84203.03,84203.02,84203.03
1790458740,84203.03,84203.03,84199.92,84199.93
1790458800,84199.93,84199.93,84184,84184
1790458860,84184,84184.01,84168,84171.19
1790458920,84171.19,84171.2,84171.19,84171.19
1790458980,84171.19,84200.68,84167.5,84167.5
1790459040,84167.51,84167.51,84162,84163.99
1790459100,84164,84164,84163.99,84164
1790459160,84164,84164,84163.99,84163.99
1790459220,84164,84164,84136.92,84153.36
1790459280,84153.36,84154.01,84153.35,84154
1790459340,84154.01,84163.06,84154,84163.06
1790459400,84163.06,84163.06,84148.16,84148.17
1790459460,84148.16,84148.17,84146,84146
1790459520,84146,84153.44,84146,84153.43
1790459580,84153.43,84153.43,84136.92,84136.92
1790459640,84136.93,84136.93,84122,84122.01
1790459700,84122.01,84122.01,84118.48,84118.49
1790459760,84118.49,84122,84118.48,84122
1790459820,84122.01,84155.37,84122.01,84155.36
1790459880,84155.37,84158.75,84155.36,84158.74
1790459940,84158.75,84158.75,84158.74,84158.75
1790460000,84158.74,84170,84158.74,84169.99
1790460060,84170,84204.19,84169.99,84204.18
1790460120,84204.18,84205.14,84204.17,84204.17
1790460180,84204.17,84217.8,84182,84217.79
1790460240,84217.79,84245.38,84217.79,84245.37
1790460300,84245.38,84276.39,84245.37,84276.39
1790460360,84276.39,84420.59,84276.39,84316.01
1790460420,84316,84316.01,84300,84306
1790460480,84306,84344.65,84306,84336
1790460540,84336,84344.01,84318.23,84344
1790460600,84344.01,84352.01,84327.02,84327.02
1790460660,84327.03,84344.01,84327.02,84344
1790460720,84344.01,84356.23,84344,84356.22
1790460780,84356.22,84356.23,84340.57,84340.58
1790460840,84340.57,84345.26,84321.86,84345.26
1790460900,84345.26,84345.26,84345.25,84345.26
1790460960,84345.25,84345.26,84345.25,84345.26
1790461020,84345.26,84345.26,84298,84298
1790461080,84298,84302.06,84298,84298.66
1790461140,84298.66,84298.67,84298.66,84298.66
1790461200,84298.67,84298.67,84256,84256
1790461260,84256.01,84256.01,84256,84256.01
1790461320,84256.01,84264.01,84256,84264.01
1790461380,84264.01,84290.01,84264,84290
1790461440,84290.01,84323.73,84290,84316.05
1790461500,84316.05,84316.06,84310,84310
1790461560,84310,84310.01,84298.37,84298.37
1790461620,84298.38,84298.38,84288.62,84288.62
1790461680,84288.63,84358.01,84288.63,84358
1790461740,84358,84364,84358,84364
1790461800,84363.99,84363.99,84326.25,84343.09
1790461860,84343.09,84347.55,84314.01,84314.01
1790461920,84314.01,84314.02,84314.01,84314.02
1790461980,84314.01,84314.02,84302,84302.01
1790462040,84302,84302.01,84298.32,84298.33
1790462100,84298.32,84298.33,84294.6,84294.61
1790462160,84294.61,84294.61,84288.01,84288.02
1790462220,84288.01,84288.02,84278.96,84278.97
1790462280,84278.97,84278.97,84274.31,84274.31
1790462340,84274.32,84275.13,84274.31,84275.13
1790462400,84275.13,84275.13,84275.12,84275.13
1790462460,84275.12,84275.13,84275.12,84275.13
1790462520,84275.12,84293.7,84275.12,84293.7
1790462580,84293.69,84300.01,84293.69,84300.01
1790462640,84300,84300.01,84275.1,84275.11
1790462700,84275.11,84275.11,84275.1,84275.1
1790462760,84275.11,84288.01,84275.1,84288
1790462820,84288.01,84288.01,84288,84288.01
1790462880,84288,84296.01,84288,84296
1790462940,84296.01,84301.88,84296,84301.88
1790463000,84301.88,84309.95,84301.87,84309.95
1790463060,84309.95,84332.01,84309.94,84332.01
1790463120,84332.01,84342.01,84332.01,84342.01
1790463180,84342,84342.01,84342,84342.01
1790463240,84342,84342.01,84284.4,84308.49
1790463300,84308.5,84308.5,84279.91,84294.84
1790463360,84294.84,84294.84,84279.99,84280
1790463420,84280,84288.01,84269.77,84270
1790463480,84270,84270,84269.99,84270
1790463540,84269.99,84276.01,84269.99,84276.01
1790463600,84276.01,84300,84276,84300
1790463660,84300,84326.01,84299.99,84326
1790463720,84326.01,84341.58,84326,84341.58
1790463780,84341.58,84376.01,84341.58,84356.92
1790463840,84356.92,84356.92,84342,84346.01
1790463900,84346.01,84346.01,84320.16,84320.16
1790463960,84320.16,84320.17,84320.16,84320.17
1790464020,84320.17,84320.17,84320.16,84320.16
1790464080,84320.16,84320.17,84320.16,84320.16
1790464140,84320.17,84320.17,84320.16,84320.17
1790464200,84320.17,84320.17,84320.16,84320.16
1790464260,84320.17,84343.96,84320.16,84339.29
1790464320,84339.29,84339.29,84328.01,84328.01
1790464380,84328.02,84347.63,84328.01,84347.63
1790464440,84347.64,84356.92,84347.63,84356.91
1790464500,84356.92,84391.5,84356.92,84369.42
1790464560,84369.42,84369.42,84346.01,84356
1790464620,84355.99,84394.99,84355.99,84383.14
1790464680,84383.15,84395,84370.01,84370.01
1790464740,84370.02,84387.68,84361.37,84387.68
1790464800,84387.67,84414.01,84387.67,84414
1790464860,84414,84438.28,84414,84433.64
1790464920,84433.64,84433.65,84391.93,84391.93
1790464980,84391.94,84391.94,84391.93,84391.94
1790465040,84391.94,84391.94,84374.01,84374.01
1790465100,84374.02,84388.97,84374,84374
1790465160,84374.01,84374.01,84358.16,84358.47
1790465220,84358.48,84358.48,84358.47,84358.48
1790465280,84358.47,84358.48,84329.69,84330
1790465340,84330,84390.01,84329.99,84384.73
1790465400,84384.73,84389.04,84384.73,84389.04
1790465460,84389.03,84410.01,84374.35,84374.35
1790465520,84374.35,84386.01,84374.35,84386
1790465580,84386,84410.01,84386,84410.01
1790465640,84410.01,84422,84410.01,84421.99
1790465700,84422,84434.01,84421.99,84434
1790465760,84434.01,84434.01,84396.3,84396.3
1790465820,84396.3,84396.31,84378.71,84382
1790465880,84382,84414.01,84381.99,84414
1790465940,84414.01,84431.64,84386,84386.05
1790466000,84386.05,84431.18,84386.04,84424
1790466060,84424,84424.01,84408,84408.01
1790466120,84408,84408.01,84360.11,84370.57
1790466180,84370.56,84370.56,84349.78,84349.78
1790466240,84349.79,84349.79,84349.78,84349.79
1790466300,84349.78,84391.71,84349.78,84391.71
1790466360,84391.71,84418,84391.7,84401.76
1790466420,84401.75,84401.78,84401.75,84401.78
1790466480,84401.77,84440.34,84401.77,84431.49
1790466540,84431.49,84433.26,84431.48,84433.25
1790466600,84433.25,84433.25,84414.92,84420.01
1790466660,84420,84436.01,84420,84436
1790466720,84436,84436.01,84436,84436.01
1790466780,84436.01,84436.01,84436,84436
1790466840,84436.01,84445.99,84433.11,84433.11
1790466900,84433.11,84433.11,84422.95,84422.95
1790466960,84422.96,84422.96,84422.95,84422.96
1790467020,84422.95,84426.71,84422.95,84426.71
1790467080,84426.71,84438.79,84424.84,84436.9
1790467140,84436.91,84473.58,84433.1,84433.1
1790467200,84433.11,84443.26,84432,84443.23
1790467260,84443.22,84443.23,84392.01,84392.01
1790467320,84392.01,84392.02,84370.62,84370.63
1790467380,84370.63,84380.01,84332.5,84354.99
1790467440,84354.99,84354.99,84354.98,84354.99
1790467500,84354.99,84371.02,84354.99,84370
1790467560,84370,84370,84366,84366
1790467620,84366.01,84366.01,84366,84366
1790467680,84366.01,84375.05,84360,84360
1790467740,84360,84360.01,84354.73,84354.73
1790467800,84354.73,84354.74,84334.21,84334.21
1790467860,84334.21,84334.22,84334.21,84334.22
1790467920,84334.21,84334.22,84334.21,84334.22
1790467980,84334.21,84334.21,84328.36,84328.37
1790468040,84328.37,84328.37,84328.36,84328.37
1790468100,84328.37,84328.37,84315.6,84315.61
1790468160,84315.6,84315.61,84304.36,84304.36
1790468220,84304.37,84304.37,84304.36,84304.37
1790468280,84304.37,84304.37,84304.36,84304.36
1790468340,84304.36,84304.37,84269.99,84269.99
1790468400,84270,84271.34,84269.99,84271.33
1790468460,84271.34,84278.41,84271.33,84278.41
1790468520,84278.41,84278.41,84278.4,84278.4
1790468580,84278.41,84278.41,84278.4,84278.4
1790468640,84278.4,84278.41,84257.07,84257.08
1790468700,84257.07,84266.01,84257.07,84266.01
1790468760,84266.01,84266.01,84266,84266.01
1790468820,84266,84266.01,84266,84266.01
1790468880,84266.01,84266.01,84266,84266.01
1790468940,84266.01,84266.01,84266,84266.01
1790469000,84266,84266.01,84266,84266.01
1790469060,84266,84285.09,84266,84284.53
1790469120,84284.52,84298.01,84284.52,84298.01
1790469180,84298.01,84358.01,84298,84358
1790469240,84358,84374.01,84356,84368.67
1790469300,84368.68,84384.77,84360.01,84384.77
1790469360,84384.76,84384.77,84368.39,84368.4
1790469420,84368.39,84368.39,84344,84344.01
1790469480,84344.01,84369.3,84344,84369.29
1790469540,84369.3,84369.3,84365.24,84365.25
1790469600,84365.24,84365.25,84362.05,84362.06
1790469660,84362.05,84362.06,84362.05,84362.06
1790469720,84362.05,84362.06,84354.01,84354.02
1790469780,84354.01,84354.02,84350.51,84350.52
1790469840,84350.51,84350.52,84350.5,84350.5
1790469900,84350.5,84350.51,84350.5,84350.5
1790469960,84350.51,84350.51,84350,84350
1790470020,84350,84350,84332.5,84332.5
1790470080,84332.5,84332.51,84332.5,84332.5
1790470140,84332.51,84332.51,84332.5,84332.5
1790470200,84332.51,84332.51,84325.67,84325.68
1790470260,84325.68,84330.06,84325.67,84325.68
1790470320,84325.68,84325.68,84314,84314.01
1790470380,84314,84314.01,84312,84312.01
1790470440,84312,84312,84306,84306.01
1790470500,84306.01,84306.01,84306,84306
1790470560,84306,84306.01,84306,84306
1790470620,84306,84306.01,84306,84306.01
1790470680,84306.01,84306.01,84306,84306
1790470740,84306.01,84306.01,84306,84306.01
1790470800,84306.01,84306.01,84306,84306.01
1790470860,84306,84306.01,84298.34,84298.35
1790470920,84298.34,84298.35,84298.34,84298.34
1790470980,84298.34,84298.35,84298.34,84298.35
1790471040,84298.34,84298.35,84298.34,84298.35
1790471100,84298.35,84298.35,84281.84,84281.85
1790471160,84281.85,84281.85,84281.84,84281.84
1790471220,84281.85,84304,84281.84,84304
1790471280,84304,84304,84303.99,84304
1790471340,84303.99,84341.28,84303.99,84341.28
1790471400,84341.28,84368,84341.27,84368
1790471460,84367.99,84380.01,84367.99,84380
1790471520,84380,84382.01,84380,84382
1790471580,84382.01,84382.01,84382,84382.01
1790471640,84382.01,84391.99,84382,84391.99
1790471700,84391.98,84404,84391.98,84404
1790471760,84403.99,84414.34,84368,84368
1790471820,84368.01,84387.59,84362.03,84387.59
1790471880,84387.59,84387.59,84368,84368.01
1790471940,84368,84368.01,84354,84362.01
1790472000,84362.01,84362.01,84362,84362
1790472060,84362.01,84362.01,84362,84362
1790472120,84362,84369.27,84362,84369.27
1790472180,84369.26,84369.27,84369.26,84369.26
1790472240,84369.27,84369.27,84361.58,84361.8
1790472300,84361.8,84361.8,84350,84352
1790472360,84352,84354.85,84352,84354.85
1790472420,84354.84,84360.01,84333.01,84333.02
1790472480,84333.01,84333.02,84332.99,84332.99
1790472540,84333,84333,84332.99,84333
1790472600,84332.99,84333,84328.19,84328.2
1790472660,84328.2,84346,84328.19,84346
1790472720,84346,84346,84345.99,84346
1790472780,84346,84346,84318.01,84318.01
1790472840,84318.02,84318.02,84310.01,84310.02
1790472900,84310.01,84314.01,84309.42,84314.01
1790472960,84314,84314.01,84314,84314.01
1790473020,84314.01,84314.01,84314,84314.01
1790473080,84314,84314.01,84314,84314
1790473140,84314,84328.33,84314,84328.32
1790473200,84328.32,84354.01,84328.32,84354.01
1790473260,84354.01,84380,84354,84379.99
1790473320,84380,84401,84379.99,84400.99
1790473380,84400.99,84401,84400.99,84401
1790473440,84400.99,84401,84400.99,84400.99
1790473500,84401,84429.1,84401,84429.09
1790473560,84429.1,84454.19,84429.09,84454.01
1790473620,84454.01,84454.01,84454,84454.01
1790473680,84454,84464.01,84454,84464.01
1790473740,84464.01,84476.52,84464,84476.51
1790473800,84476.51,84528,84473.57,84506.01
1790473860,84506,84555.66,84497.39,84555.65
1790473920,84555.65,84571.13,84516,84524.01
1790473980,84524,84545.01,84520,84520.01
1790474040,84520.01,84520.01,84516,84516
1790474100,84516.01,84536.01,84516,84536.01
1790474160,84536.01,84536.01,84514,84514
1790474220,84514,84520.59,84507.06,84507.06
1790474280,84507.07,84507.07,84483.93,84483.94
1790474340,84483.93,84495.01,84475.93,84495.01
1790474400,84495.01,84505.45,84487.93,84487.94
1790474460,84487.94,84487.94,84487.87,84487.88
1790474520,84487.88,84487.88,84460,84460.01
1790474580,84460.01,84460.19,84460,84460.19
1790474640,84460.19,84460.25,84460.18,84460.25
1790474700,84460.24,84460.25,84460.24,84460.24
1790474760,84460.24,84461.56,84460.24,84461.56
1790474820,84461.56,84484.01,84461.55,84484.01
1790474880,84484,84510.01,84484,84510
1790474940,84510.01,84535.97,84510,84535.97
1790475000,84535.96,84535.97,84505.48,84505.49
1790475060,84505.49,84505.49,84486.24,84486.42
1790475120,84486.42,84486.42,84486.35,84486.35
1790475180,84486.36,84486.36,84475.81,84475.81
1790475240,84475.82,84498.01,84475.51,84498.01
1790475300,84498.01,84498.01,84498,84498
1790475360,84498.01,84498.01,84498,84498.01
1790475420,84498,84498,84478.85,84480.15
1790475480,84480.14,84480.15,84480.14,84480.15
1790475540,84480.14,84506.55,84475.51,84506.54
1790475600,84506.54,84515.81,84506.54,84515.81
1790475660,84515.81,84528,84515.8,84527.99
1790475720,84527.99,84540.01,84527.99,84528.01
1790475780,84528,84528.01,84524,84524
1790475840,84524,84524.01,84524,84524
1790475900,84524,84524.01,84500.85,84511.2
1790475960,84511.2,84511.2,84506.07,84506.07
1790476020,84506.08,84516.8,84506.07,84516.8
1790476080,84516.8,84516.8,84516.01,84516.02
1790476140,84516.02,84516.02,84516.01,84516.01
1790476200,84516.01,84522.01,84514,84522.01
1790476260,84522.01,84536,84522,84536
1790476320,84535.99,84536,84533.28,84533.28
1790476380,84533.28,84533.29,84533.28,84533.28
1790476440,84533.28,84533.29,84508.67,84508.67
1790476500,84508.67,84508.68,84508.67,84508.68
1790476560,84508.68,84508.68,84508.67,84508.67
1790476620,84508.67,84508.68,84500,84500
1790476680,84500,84500.01,84489.28,84489.28
1790476740,84489.28,84489.29,84479.84,84479.85
1790476800,84479.84,84479.85,84479.84,84479.85
1790476860,84479.84,84479.85,84479.84,84479.84
1790476920,84479.85,84479.85,84479.84,84479.84
1790476980,84479.84,84479.85,84479.84,84479.84
1790477040,84479.84,84479.85,84479.84,84479.84
1790477100,84479.84,84479.85,84479.84,84479.84
1790477160,84479.85,84479.85,84479.84,84479.84
1790477220,84479.85,84479.85,84479.48,84479.48
1790477280,84479.48,84479.49,84457.7,84457.7
1790477340,84457.71,84479.88,84450,84479.87
1790477400,84479.88,84479.88,84479.87,84479.88
1790477460,84479.88,84480.01,84479.87,84480.01
1790477520,84480.01,84480.01,84458.23,84458.23
1790477580,84458.24,84458.24,84458.23,84458.23
1790477640,84458.24,84458.24,84458.23,84458.24
1790477700,84458.23,84458.24,84458.23,84458.23
1790477760,84458.23,84458.24,84458.23,84458.24
1790477820,84458.24,84458.24,84458.23,84458.24
1790477880,84458.23,84458.24,84458.23,84458.23
1790477940,84458.23,84458.24,84448,84450
1790478000,84450.01,84450.01,84450,84450.01
1790478060,84450.01,84450.16,84450,84450.16
1790478120,84450.16,84470.01,84450.16,84470
1790478180,84470.01,84508.66,84470,84496.73
1790478240,84496.74,84496.74,84496.73,84496.73
1790478300,84496.73,84508.65,84496.73,84508.64
1790478360,84508.65,84517.99,84508.64,84517.99
1790478420,84517.99,84518.6,84517.98,84518.59
1790478480,84518.59,84518.6,84518.59,84518.6
1790478540,84518.6,84518.6,84482.53,84482.54
1790478600,84482.53,84482.53,84478,84481.31
1790478660,84481.3,84488.87,84481.3,84488.86
1790478720,84488.87,84488.87,84488.86,84488.86
1790478780,84488.86,84488.87,84488.81,84488.81
1790478840,84488.82,84488.82,84488.81,84488.81
1790478900,84488.82,84488.82,84481.3,84481.31
1790478960,84481.3,84481.3,84474.02,84474.03
1790479020,84474.03,84474.03,84474.02,84474.03
1790479080,84474.02,84474.03,84466,84466.01
1790479140,84466.01,84466.01,84466,84466
1790479200,84466.01,84466.01,84440,84440.01
1790479260,84440.01,84440.01,84424.9,84424.9
1790479320,84424.91,84424.91,84424.9,84424.9
1790479380,84424.9,84424.9,84408.9,84408.9
1790479440,84408.91,84408.91,84404.26,84404.27
1790479500,84404.26,84404.27,84383.76,84383.77
1790479560,84383.77,84387.6,84382.03,84382.04
1790479620,84382.04,84382.04,84378.46,84378.47
1790479680,84378.46,84378.47,84378.46,84378.47
1790479740,84378.47,84387.6,84378.46,84387.59
1790479800,84387.6,84390.01,84387.59,84390
1790479860,84390.01,84390.01,84390,84390.01
1790479920,84390,84420.99,84390,84420.98
1790479980,84420.98,84436.75,84420.98,84436.75
1790480040,84436.75,84436.75,84436.74,84436.75
1790480100,84436.74,84436.75,84421.39,84421.4
1790480160,84421.39,84421.39,84410,84410
1790480220,84410.01,84411.13,84410,84411.13
1790480280,84411.13,84411.13,84411.12,84411.13
1790480340,84411.13,84411.13,84396.83,84396.83
1790480400,84396.84,84403.61,84396.83,84403.61
1790480460,84403.61,84411.13,84403.61,84411.12
1790480520,84411.13,84411.13,84403.7,84403.7
1790480580,84403.7,84403.71,84403.7,84403.71
1790480640,84403.71,84403.71,84403.7,84403.71
1790480700,84403.7,84403.71,84401.23,84401.23
1790480760,84401.24,84401.24,84385.56,84385.56
1790480820,84385.57,84391.48,84372,84391.47
1790480880,84391.48,84409.24,84391.47,84401.83
1790480940,84401.83,84403.86,84391.49,84403.85
1790481000,84403.86,84403.86,84395.4,84395.41
1790481060,84395.41,84395.41,84391.49,84391.5
1790481120,84391.5,84391.5,84391.49,84391.5
1790481180,84391.49,84391.5,84391.49,84391.5
1790481240,84391.5,84397.34,84391.49,84397.34
1790481300,84397.34,84411.09,84397.33,84411.09
1790481360,84411.09,84411.09,84411.08,84411.08
1790481420,84411.09,84414.51,84411.08,84414.5
1790481480,84414.5,84414.51,84414.5,84414.5
1790481540,84414.5,84419.67,84402.15,84402.15
1790481600,84402.15,84408,84402,84408
1790481660,84408,84408,84402,84402.01
1790481720,84402.01,84402.01,84396,84396.01
1790481780,84396,84396.01,84396,84396
1790481840,84396,84403.07,84396,84403.07
1790481900,84403.07,84403.91,84403.07,84403.91
1790481960,84403.91,84403.91,84403.9,84403.91
1790482020,84403.91,84453.08,84403.9,84453.08
1790482080,84453.08,84453.08,84453.07,84453.07
1790482140,84453.07,84453.07,84444.01,84444.02
1790482200,84444.02,84444.02,84444.01,84444.01
1790482260,84444.02,84491.44,84444.01,84491.44
1790482320,84491.43,84505.45,84491.43,84505.44
1790482380,84505.44,84510,84500,84500.01
1790482440,84500.01,84500.01,84490,84490
1790482500,84490.01,84490.01,84490,84490.01
1790482560,84490,84490.01,84490,84490
1790482620,84490,84490.01,84472,84472
1790482680,84472,84472.01,84460.05,84460.05
1790482740,84460.05,84460.06,84460.05,84460.06
1790482800,84460.06,84460.06,84460.05,84460.05
1790482860,84460.05,84491.5,84460.05,84486
1790482920,84486,84486.01,84468,84468
1790482980,84468.01,84468.01,84460.05,84460.06
1790483040,84460.05,84460.06,84460.05,84460.05
1790483100,84460.05,84460.06,84460.05,84460.06
1790483160,84460.05,84460.06,84460.05,84460.05
1790483220,84460.05,84460.06,84460.05,84460.06
1790483280,84460.05,84460.06,84443.06,84444
1790483340,84444.01,84444.01,84426,84426
1790483400,84426,84426.01,84404.18,84404.18
1790483460,84404.19,84404.19,84375.25,84375.26
1790483520,84375.26,84375.26,84370.14,84370.14
1790483580,84370.14,84370.15,84356.16,84356.16
1790483640,84356.16,84356.17,84347.61,84347.61
1790483700,84347.62,84356.01,84342.24,84356.01
1790483760,84356,84356.01,84356,84356
1790483820,84356,84356.01,84348,84348
1790483880,84348.01,84348.01,84334,84334.01
1790483940,84334,84334.01,84320.01,84320.01
1790484000,84320.02,84320.02,84320.01,84320.02
1790484060,84320.01,84320.02,84314.18,84314.19
1790484120,84314.18,84332.62,84314.18,84332.62
1790484180,84332.61,84332.62,84315.38,84315.39
1790484240,84315.38,84315.39,84315.38,84315.38
1790484300,84315.39,84315.39,84315.38,84315.39
1790484360,84315.38,84315.39,84305.35,84305.35
1790484420,84305.36,84362,84305.35,84361.99
1790484480,84362,84362,84353.58,84353.58
1790484540,84353.58,84353.59,84344.31,84344.32
1790484600,84344.32,84344.32,84322.82,84322.82
1790484660,84322.83,84322.83,84319,84319.01
1790484720,84319,84319.01,84319,84319.01
1790484780,84319,84319.01,84319,84319.01
1790484840,84319.01,84324.01,84319.01,84324.01
1790484900,84324,84325.36,84324,84325.35
1790484960,84325.36,84325.36,84324.9,84324.91
1790485020,84324.91,84324.91,84322.81,84322.82
1790485080,84322.82,84324,84322.81,84324
1790485140,84324,84337.34,84323.99,84329.6
1790485200,84329.61,84329.61,84325,84325.01
1790485260,84325.01,84325.01,84325,84325
1790485320,84325.01,84365.96,84325,84365.96
1790485380,84365.96,84366.01,84365.95,84366.01
1790485440,84366.01,84370.9,84366,84370.89
1790485500,84370.89,84386,84370.89,84385.92
1790485560,84385.92,84385.93,84385.92,84385.93
1790485620,84385.92,84390,84385.92,84389.99
1790485680,84389.99,84398,84389.99,84398
1790485740,84398,84398,84391.49,84391.5
1790485800,84391.5,84391.5,84391.49,84391.5
1790485860,84391.49,84391.5,84374.83,84374.84
1790485920,84374.84,84374.84,84372.8,84372.81
1790485980,84372.81,84376.01,84372.8,84376
1790486040,84376.01,84391.55,84376,84391.54
1790486100,84391.55,84391.55,84391.54,84391.54
1790486160,84391.55,84391.55,84391.54,84391.54
1790486220,84391.54,84391.55,84391.54,84391.54
1790486280,84391.54,84398.87,84391.54,84398.86
1790486340,84398.86,84398.87,84398.86,84398.86
1790486400,84398.87,84398.87,84398.86,84398.86
1790486460,84398.87,84398.87,84398.86,84398.87
1790486520,84398.87,84398.87,84398.86,84398.86
1790486580,84398.87,84398.87,84398.86,84398.86
1790486640,84398.86,84398.87,84398.86,84398.86
1790486700,84398.87,84398.87,84398.86,84398.87
1790486760,84398.87,84398.87,84398.86,84398.86
1790486820,84398.87,84398.87,84398.86,84398.87
1790486880,84398.87,84398.87,84398.86,84398.86
1790486940,84398.87,84398.87,84398.86,84398.86
1790487000,84398.86,84419.61,84398.86,84419.6
1790487060,84419.6,84419.61,84401.83,84401.84
1790487120,84401.83,84422.09,84401.83,84422.09
1790487180,84422.6,84463.57,84422.6,84463.57
1790487240,84463.57,84463.57,84463.56,84463.56
1790487300,84463.57,84497.92,84463.56,84497.91
1790487360,84497.92,84550,84497.91,84550
1790487420,84550,84654.02,84550,84588.01
1790487480,84588,84634.01,84588,84624
1790487540,84624.01,84634.01,84552,84556
1790487600,84556,84556.01,84535.01,84535.01
1790487660,84535.02,84535.02,84513.67,84513.67
1790487720,84513.68,84540.64,84513.67,84540.63
1790487780,84540.63,84540.64,84540.63,84540.64
1790487840,84540.64,84548.01,84540.63,84548
1790487900,84548.01,84573.03,84548,84560.39
1790487960,84560.39,84562.01,84555.65,84555.66
1790488020,84555.66,84555.66,84533.29,84533.29
1790488080,84533.29,84533.3,84533.29,84533.3
1790488140,84533.29,84533.3,84533.29,84533.29
1790488200,84533.29,84533.3,84516.76,84516.76
1790488260,84516.77,84516.77,84506.35,84506.36
1790488320,84506.35,84506.36,84506.35,84506.36
1790488380,84506.36,84506.36,84494.25,84494.25
1790488440,84494.25,84494.26,84478.08,84478.09
1790488500,84478.09,84480.8,84478.08,84480.79
1790488560,84480.8,84480.8,84478.08,84478.09
1790488620,84478.09,84478.09,84472.01,84472.02
1790488680,84472.01,84496.01,84468.98,84496
1790488740,84496.01,84499.99,84478.01,84478.06
1790488800,84478.06,84484.92,84478.06,84484.92
1790488860,84485.39,84485.39,84485.38,84485.38
1790488920,84485.38,84506.01,84485.38,84506.01
1790488980,84506,84512.01,84506,84508
1790489040,84508,84508,84503.93,84504.03
1790489100,84504.03,84514.79,84504.02,84514.78
1790489160,84514.78,84522.86,84514.78,84522.86
1790489220,84522.86,84546.02,84522.85,84546.02
1790489280,84546.01,84548,84546.01,84548
1790489340,84547.99,84555.66,84547.99,84555.66
1790489400,84555.66,84594.92,84555.65,84594
1790489460,84593.99,84608.01,84593.99,84594.01
1790489520,84594.01,84598.63,84594,84598.63
1790489580,84598.63,84600.01,84598.63,84600.01
1790489640,84600.01,84605.95,84600,84605.94
1790489700,84605.95,84605.95,84596.69,84596.7
1790489760,84596.7,84596.7,84560.07,84560.07
1790489820,84560.08,84560.08,84546,84557.16
1790489880,84557.16,84592.2,84557.16,84568.77
1790489940,84568.76,84582.03,84568.76,84582.03
1790490000,84582.03,84620.01,84582.02,84620.01
1790490060,84620.01,84620.06,84597.23,84597.24
1790490120,84597.24,84602.54,84597.23,84602.54
1790490180,84602.53,84635.14,84602.53,84635.14
1790490240,84635.13,84636.91,84629.48,84636.55
1790490300,84636.55,84636.59,84626,84626
1790490360,84626,84626,84614.75,84614.76
1790490420,84614.76,84620.44,84614.75,84620.43
1790490480,84620.43,84620.44,84620.43,84620.44
1790490540,84620.44,84620.44,84599.21,84599.21
1790490600,84599.21,84605.82,84599.21,84605.81
1790490660,84605.81,84605.82,84587.1,84587.1
1790490720,84587.1,84587.1,84548,84548.01
1790490780,84548.01,84548.01,84525.19,84530.44
1790490840,84530.44,84530.45,84530.44,84530.45
1790490900,84530.45,84543.06,84530.44,84543.06
1790490960,84543.06,84550.63,84543.05,84550.63
1790491020,84550.62,84554.04,84550.62,84554.04
1790491080,84554.04,84554.04,84540,84540.01
1790491140,84540,84540,84525.19,84530.48
1790491200,84530.48,84550.01,84530.47,84550
1790491260,84550,84550.01,84531.84,84531.85
1790491320,84531.84,84531.85,84527.27,84527.27
1790491380,84527.28,84527.28,84518.49,84518.49
1790491440,84518.5,84531.78,84518.49,84528.54
1790491500,84528.54,84528.54,84528.53,84528.54
1790491560,84528.53,84537.81,84528.53,84537.81
1790491620,84537.8,84543.76,84537.8,84543.75
1790491680,84543.75,84547.89,84543.75,84547.88
1790491740,84547.89,84565.68,84547.88,84565.68
1790491800,84565.68,84565.68,84538,84538
1790491860,84538.01,84538.01,84538,84538.01
1790491920,84538.01,84538.01,84528.1,84528.11
1790491980,84528.11,84528.11,84528.1,84528.1
1790492040,84528.11,84528.11,84528.1,84528.1
1790492100,84528.1,84528.11,84518.49,84518.49
1790492160,84518.49,84518.5,84518.49,84518.5
1790492220,84518.5,84518.5,84482.98,84491.11
1790492280,84491.12,84530.01,84491.11,84530
1790492340,84530,84530.01,84510,84511.69
1790492400,84511.69,84530,84511.68,84530
1790492460,84530,84530.02,84530,84530.02
1790492520,84530.02,84545.65,84530.01,84545.64
1790492580,84545.64,84545.65,84545.64,84545.64
1790492640,84545.64,84547.99,84545.64,84547.99
1790492700,84547.99,84547.99,84547.98,84547.99
1790492760,84547.99,84547.99,84536.01,84536.02
1790492820,84536.01,84536.02,84536.01,84536.01
1790492880,84536.02,84536.02,84536.01,84536.02
1790492940,84536.02,84540.66,84536.01,84540.66
1790493000,84540.65,84548,84540.65,84547.99
1790493060,84547.99,84548,84547.99,84547.99
1790493120,84547.99,84547.99,84532,84538.01
1790493180,84538.01,84547.52,84538,84546.11
1790493240,84546.11,84546.12,84519.6,84540.77
1790493300,84540.78,84550.06,84540.77,84550.06
1790493360,84550.05,84550.06,84550.05,84550.06
1790493420,84550.05,84550.06,84534,84534
1790493480,84534,84534.01,84534,84534
1790493540,84534,84534.01,84500,84500
1790493600,84500.01,84500.01,84500,84500.01
1790493660,84500,84500.01,84500,84500
1790493720,84500,84500.01,84500,84500
1790493780,84500,84500.01,84500,84500
1790493840,84500,84502.01,84500,84502.01
1790493900,84502,84512.64,84502,84512.64
1790493960,84512.63,84516.02,84512.63,84516.02
1790494020,84516.02,84516.69,84516.01,84516.69
1790494080,84516.69,84545.35,84516.69,84540.12
1790494140,84540.12,84540.14,84534.59,84534.6
1790494200,84534.6,84534.6,84534.59,84534.6
1790494260,84534.6,84534.6,84534.59,84534.59
1790494320,84534.6,84547.14,84534.59,84547.14
1790494380,84547.13,84579.31,84547.13,84579.3
1790494440,84579.31,84587.3,84579.3,84587.3
1790494500,84587.3,84587.3,84575.06,84575.07
1790494560,84575.06,84575.07,84556.54,84562.01
1790494620,84562.01,84562.01,84562,84562
1790494680,84562.01,84564.01,84562,84564.01
1790494740,84564.01,84587.54,84564,84587.53
1790494800,84587.54,84598.84,84587.53,84598.84
1790494860,84598.83,84628.01,84598.83,84616.91
1790494920,84616.91,84616.91,84584.03,84595.79
1790494980,84595.8,84632.01,84595.79,84632
1790495040,84632,84632.01,84626,84626.01
1790495100,84626,84626.01,84614,84614.01
1790495160,84614.01,84614.01,84614,84614.01
1790495220,84614,84620.01,84614,84620.01
1790495280,84620,84640.01,84620,84640
1790495340,84640,84678.01,84628.07,84671.88
1790495400,84671.89,84705.88,84671.88,84705.87
1790495460,84705.87,84713.13,84699.64,84699.64
1790495520,84699.64,84734.85,84699.64,84701.67
1790495580,84701.67,84701.68,84669.46,84669.46
1790495640,84669.47,84674.01,84661.82,84669.88
1790495700,84669.89,84679.08,84669.89,84679.08
1790495760,84679.07,84728.57,84679.07,84700.01
1790495820,84700.01,84751.09,84692.7,84750.89
1790495880,84750.88,84776.24,84750.88,84758.97
1790495940,84758.96,84791,84758.96,84791
1790496000,84790.99,84800.01,84732.2,84732.21
1790496060,84732.2,84747.94,84732.07,84747.94
1790496120,84747.95,84811.01,84747.94,84801.89
1790496180,84801.89,84820,84783.96,84815.91
1790496240,84815.91,84820,84789.93,84811.32
1790496300,84811.32,84828.01,84811.31,84820
1790496360,84820.01,84837,84820,84837
1790496420,84836.99,84840,84834.15,84834.15
1790496480,84834.15,84834.22,84834.15,84834.22
1790496540,84834.21,84834.22,84808.19,84811.29
1790496600,84811.3,84834.09,84811.29,84834.09
1790496660,84834.09,84834.09,84829.7,84829.71
1790496720,84829.7,84829.71,84784.02,84784.02
1790496780,84784.03,84802.01,84774,84802
1790496840,84802,84816.39,84802,84816.39
1790496900,84816.38,84839.95,84813.66,84836.88
1790496960,84836.88,84850.01,84836.87,84840.08
1790497020,84840.08,84846.68,84826,84846.68
1790497080,84846.68,84846.68,84802,84813.56
1790497140,84813.55,84813.56,84802,84802.01
1790497200,84802,84826.01,84790.85,84826
1790497260,84826.01,84864.01,84826.01,84844.85
1790497320,84844.84,84844.85,84802,84802.01
1790497380,84802,84802.01,84789.48,84789.48
1790497440,84789.48,84789.49,84772.42,84772.42
1790497500,84772.42,84777.73,84754.02,84777.72
1790497560,84777.73,84791.18,84777.72,84791.17
1790497620,84791.18,84791.18,84778,84778.01
1790497680,84778,84787.24,84756.9,84784.01
1790497740,84784.01,84810.02,84784,84810.01
1790497800,84810.01,84810.02,84769.36,84769.37
1790497860,84769.37,84809.29,84769.36,84809.29
1790497920,84809.29,84873,84809.28,84873
1790497980,84872.99,84883.98,84872.99,84883.97
1790498040,84883.97,84883.98,84825.32,84830
1790498100,84830,84830.01,84802.1,84805.1
1790498160,84805.09,84805.1,84797.44,84797.44
1790498220,84797.44,84797.45,84777.54,84790
1790498280,84790.01,84790.01,84748.24,84748.25
1790498340,84748.24,84765.54,84747.86,84747.86
1790498400,84747.87,84747.87,84735.61,84735.62
1790498460,84735.62,84735.62,84719.81,84723.02
1790498520,84723.02,84723.02,84692.68,84692.69
1790498580,84692.69,84723.01,84692.68,84723
1790498640,84723.01,84749.11,84718,84749
1790498700,84749.01,84755.45,84749,84754.01
1790498760,84754,84754.01,84719.81,84719.81
1790498820,84719.82,84719.82,84709.98,84715.95
1790498880,84715.95,84749.78,84715.95,84749.78
1790498940,84749.77,84749.78,84728,84740
1790499000,84740,84752.13,84739.99,84752.12
1790499060,84752.13,84768,84752.12,84767.99
1790499120,84768,84786.01,84768,84786.01
1790499180,84786.01,84802.02,84786,84802.02
1790499240,84802.02,84802.02,84798,84798
1790499300,84798,84801.52,84798,84801.52
1790499360,84801.51,84801.52,84771.49,84791.33
1790499420,84791.34,84807.93,84791.34,84807.92
1790499480,84807.93,84827.78,84804.24,84804.24
1790499540,84804.24,84804.25,84800,84800
1790499600,84800,84800.01,84766.2,84774.12
1790499660,84774.12,84783.6,84745.08,84745.08
1790499720,84745.08,84745.09,84744,84744
1790499780,84744,84744.01,84732.15,84732.15
1790499840,84732.15,84732.16,84732.15,84732.15
1790499900,84732.15,84732.16,84702,84702
1790499960,84702,84702.01,84672.79,84672.79
1790500020,84672.79,84672.8,84672.79,84672.79
1790500080,84672.79,84672.8,84672.78,84672.78
1790500140,84672.78,84672.79,84614.01,84619.27
1790500200,84619.27,84620,84590,84590
1790500260,84590,84622,84590,84618.26
1790500320,84618.26,84672.01,84608.67,84664
1790500380,84664,84672.02,84648.59,84672.01
1790500440,84672.01,84672.78,84658,84658
1790500500,84658,84672,84656.7,84671.99
1790500560,84671.99,84672,84646.26,84646.26
1790500620,84646.27,84658.64,84631.59,84658.63
1790500680,84658.63,84682.02,84658.63,84670
1790500740,84670,84670.01,84650,84660
1790500800,84660,84660.01,84658.02,84658.02
1790500860,84658.02,84658.03,84650.66,84650.95
1790500920,84650.95,84650.96,84650.95,84650.95
1790500980,84650.95,84661.52,84647.84,84647.85
1790501040,84647.85,84652.01,84647.85,84651.94
1790501100,84651.94,84684,84651.94,84683.99
1790501160,84683.99,84684,84683.99,84683.99
1790501220,84683.99,84684,84663.06,84663.06
1790501280,84663.06,84700.56,84663.06,84700.56
1790501340,84700.56,84700.59,84700.55,84700.59
1790501400,84700.59,84705.99,84700.58,84705.98
1790501460,84705.98,84721.89,84705.98,84721.88
1790501520,84721.88,84764.01,84720.52,84747.68
1790501580,84747.68,84784.01,84747.68,84784
1790501640,84784.01,84785.43,84778,84778
1790501700,84778,84778.01,84724.26,84724.26
1790501760,84724.26,84730.62,84724.26,84730.62
1790501820,84730.62,84730.62,84730.61,84730.62
1790501880,84730.61,84756.02,84730.61,84756.01
1790501940,84756.01,84778.26,84756.01,84778.25
1790502000,84778.26,84778.27,84778.25,84778.26
1790502060,84778.26,84778.27,84773.66,84773.67
1790502120,84773.66,84778.02,84773.66,84778.01
1790502180,84778.01,84778.02,84778.01,84778.02
1790502240,84778.01,84804.24,84778,84804.24
1790502300,84804.24,84883.98,84804.23,84883.97
1790502360,84883.97,84930.01,84883.97,84919.61
1790502420,84919.62,84919.64,84886,84895.86
1790502480,84895.85,84940.99,84895.85,84916.75
1790502540,84916.74,84942.01,84916.74,84942
1790502600,84942.01,84958.99,84926.55,84930
1790502660,84930.01,84952.62,84927.8,84927.8
1790502720,84927.8,84933.04,84927.8,84933.04
1790502780,84933.03,84933.05,84897.93,84897.93
1790502840,84897.93,84897.94,84885.48,84885.49
1790502900,84885.48,84885.49,84872.33,84872.33
1790502960,84872.33,84916.01,84872.33,84914
1790503020,84914,84915.41,84914,84915.4
1790503080,84915.4,84922.01,84915.4,84922
1790503140,84922.01,84944.01,84922,84944.01
1790503200,84944.01,84944.01,84918.69,84918.7
1790503260,84918.69,84949.12,84900,84949.11
1790503320,84949.12,84949.12,84937.65,84940.01
1790503380,84940,84944.66,84918,84920.32
1790503440,84920.31,84939.39,84918,84920.48
1790503500,84920.48,84927.78,84912,84912.01
1790503560,84912.01,84918.01,84912,84918.01
1790503620,84918.01,84952.01,84918,84952.01
1790503680,84952,84980,84952,84979.99
1790503740,84979.99,84980,84969,84979
1790503800,84979.01,84998,84979,84997.99
1790503860,84997.99,85020.15,84979.01,85020.15
1790503920,85020.15,85024.78,85010,85016
1790503980,85016.01,85048.13,85016,85048.13
1790504040,85048.12,85048.13,85032.4,85032.41
1790504100,85032.4,85117.64,85032.4,85054.01
1790504160,85054.01,85086.01,85048.14,85048.15
1790504220,85048.15,85048.15,85018,85048
1790504280,85048,85048,85032,85032
1790504340,85032,85032.01,84979,84987.49
1790504400,84987.49,85010.01,84986.01,84987.05
1790504460,84987.05,85009.99,84959,85009.99
1790504520,85009.99,85010,84968.38,84968.38
1790504580,84968.38,84992.01,84968.38,84982.01
1790504640,84982,84982.01,84954.03,84954.03
1790504700,84954.03,84963.77,84927.75,84958.02
1790504760,84958.03,84958.03,84910.55,84910.56
1790504820,84910.55,84938.01,84910.55,84938
1790504880,84938,84938.01,84938,84938
1790504940,84938,84938.01,84930,84930
1790505000,84930.01,84930.01,84910.55,84910.55
1790505060,84910.56,84910.56,84910.55,84910.55
1790505120,84910.56,84910.56,84910.55,84910.55
1790505180,84910.55,84910.56,84910.55,84910.56
1790505240,84910.56,84930.14,84910.55,84930.14
1790505300,84930.14,84930.14,84930.13,84930.13
1790505360,84930.14,84930.14,84910.57,84910.58
1790505420,84910.58,84910.58,84910.57,84910.58
1790505480,84910.57,84910.58,84905,84906.71
1790505540,84906.71,84906.72,84900.83,84900.84
1790505600,84900.84,84900.86,84900.83,84900.85
1790505660,84900.86,84900.86,84900.85,84900.85
1790505720,84900.85,84900.86,84876.79,84876.8
1790505780,84876.79,84876.8,84876.79,84876.79
1790505840,84876.8,84876.8,84858,84858.01
1790505900,84858,84858.01,84858,84858.01
1790505960,84858.01,84858.01,84858,84858.01
1790506020,84858,84858.01,84851.6,84851.6
1790506080,84851.61,84858.01,84851.6,84858.01
1790506140,84858.01,84909.98,84858,84906.01
1790506200,84906.01,84906.01,84832,84832.01
1790506260,84832,84832.01,84832,84832
1790506320,84832,84832.01,84817.15,84817.16
1790506380,84817.16,84817.16,84804.13,84804.14
1790506440,84804.14,84804.14,84800,84800.01
1790506500,84800,84820.48,84800,84820.47
1790506560,84820.48,84848.01,84820.47,84848.01
1790506620,84848.01,84848.01,84848,84848.01
1790506680,84848.01,84856.01,84848,84856
1790506740,84856,84900.92,84856,84883
1790506800,84882.99,84882.99,84848,84848
1790506860,84848.01,84886,84848,84885.99
1790506920,84885.99,84886,84880,84881.95
1790506980,84881.96,84881.96,84870.01,84870.02
1790507040,84870.01,84883.32,84859.35,84883.02
1790507100,84883.02,84907.99,84883.02,84907.98
1790507160,84907.98,84907.99,84884.01,84884.02
1790507220,84884.02,84884.02,84884.01,84884.02
1790507280,84884.02,84926.01,84884.01,84926
1790507340,84926,84926.01,84926,84926
1790507400,84926.01,84946.01,84908,84916.48
1790507460,84916.49,84928.01,84914.05,84914.05
1790507520,84914.05,84939.44,84914.05,84939.43
1790507580,84939.44,84939.44,84910.01,84910.01
1790507640,84910.01,84910.02,84910.01,84910.02
1790507700,84910.01,84912.01,84906,84912
1790507760,84912,84912.01,84888,84888
1790507820,84888,84888.01,84841.93,84849.88
1790507880,84849.88,84849.89,84849.88,84849.88
1790507940,84849.88,84857.1,84849.88,84857.1
1790508000,84857.09,84861.05,84853.88,84853.88
1790508060,84853.88,84868.01,84853.88,84868
1790508120,84868,84900.84,84868,84900.83
1790508180,84900.83,84900.84,84900.83,84900.83
1790508240,84900.83,84919.4,84900.83,84919.37
1790508300,84919.38,84919.38,84919.37,84919.38
1790508360,84919.37,84938.53,84919.37,84938.52
1790508420,84938.52,84939.44,84938.52,84939.44
1790508480,84939.44,84939.44,84920.87,84920.87
1790508540,84920.87,84920.88,84905.55,84905.55
1790508600,84905.55,84905.56,84905.55,84905.55
1790508660,84905.56,84905.56,84902,84902
1790508720,84902.01,84902.01,84894.86,84894.86
1790508780,84894.87,84894.87,84856.29,84856.3
1790508840,84856.3,84856.3,84846,84846.01
1790508900,84846,84858.48,84840.73,84858.46
1790508960,84858.46,84858.47,84858.45,84858.45
1790509020,84858.46,84877.81,84858.45,84877.8
1790509080,84877.8,84877.81,84836.06,84853.14
1790509140,84853.14,84854.01,84842.78,84854
1790509200,84854.01,84868.39,84854,84868.39
1790509260,84868.38,84880.01,84868.38,84880
1790509320,84880,84894.01,84880,84894.01
1790509380,84894.01,84894.01,84894,84894.01
1790509440,84894,84912.34,84894,84912.34
1790509500,84912.33,84912.34,84893.28,84893.28
1790509560,84893.29,84893.29,84893.28,84893.28
1790509620,84893.29,84893.29,84854.11,84854.11
1790509680,84854.12,84854.12,84854.11,84854.12
1790509740,84854.12,84854.12,84850,84850.01
1790509800,84850,84877.13,84850,84864
1790509860,84864.01,84864.01,84864,84864
1790509920,84864.01,84893.89,84864,84893.89
1790509980,84893.89,84893.89,84893.88,84893.89
1790510040,84893.88,84902.36,84893.88,84897.96
1790510100,84897.97,84904.01,84897.96,84904.01
1790510160,84904.01,84904.01,84904,84904
1790510220,84904,84904.01,84904,84904
1790510280,84904.01,84918.61,84890,84891.78
1790510340,84891.79,84898,84891.78,84898
1790510400,84898,84920,84898,84919.86
1790510460,84919.85,84941.53,84919.85,84941.53
1790510520,84941.52,84946.3,84941.52,84946.29
1790510580,84946.3,84949.02,84946.29,84949.01
1790510640,84949.02,84949.02,84949.01,84949.01
1790510700,84949.02,84958.03,84949.01,84958.03
1790510760,84958.02,84958.03,84958.02,84958.02
1790510820,84958.03,84958.03,84958.02,84958.02
1790510880,84958.02,84958.03,84958.02,84958.03
1790510940,84958.02,84974.01,84958.02,84974
1790511000,84974.01,84977.04,84968.4,84968.4
1790511060,84968.4,84968.41,84968,84968
1790511120,84968.01,85000,84968,85000
1790511180,84999.99,85007.49,84986.01,84986.02
1790511240,84986.02,85005.67,84986.01,85002.83
1790511300,85002.83,85002.83,85002.82,85002.83
1790511360,85002.82,85044.51,85002.82,85009.98
1790511420,85009.99,85011.38,85009.96,85011.37
1790511480,85011.37,85011.38,85002.82,85002.83
1790511540,85002.82,85004.01,85002.82,85004
1790511600,85004,85008.61,85004,85004
1790511660,85004,85004.01,84990.64,84990.64
1790511720,84990.64,84990.67,84990.64,84990.66
1790511780,84990.67,84990.67,84990.66,84990.66
1790511840,84990.66,84990.67,84968.89,84969.99
1790511900,84970,84970,84957.78,84957.78
1790511960,84957.78,84957.79,84957.78,84957.79
1790512020,84957.78,84957.79,84957.78,84957.79
1790512080,84957.79,84957.79,84957.78,84957.78
1790512140,84957.79,84970.11,84957.78,84970.11
1790512200,84970.12,84970.12,84970,84970
1790512260,84970,84970.01,84970,84970
1790512320,84970,84970.08,84970,84970.08
1790512380,84970.07,84970.08,84970.07,84970.07
1790512440,84970.07,84970.08,84970.07,84970.08
1790512500,84970.07,84980.01,84970.07,84980
1790512560,84980.01,84999.46,84980,84999.45
1790512620,84999.46,84999.46,84986,84986
1790512680,84986.01,84986.01,84982.35,84982.35
1790512740,84982.35,85027.48,84982.35,85013.3
1790512800,85013.31,85013.31,85008,85008.01
1790512860,85008,85008.01,85008,85008.01
1790512920,85008,85008.82,85008,85008.82
1790512980,85008.81,85008.82,85008,85008
1790513040,85008,85008.01,84996,84996
1790513100,84996.01,84996.01,84982,84982
1790513160,84982.01,84988.01,84982,84982
1790513220,84982,84982.01,84972.01,84972.02
1790513280,84972.02,84972.02,84962.51,84963.89
1790513340,84963.89,84963.89,84963.88,84963.89
1790513400,84963.88,84971.01,84963.88,84971.01
1790513460,84971,84971.01,84971,84971
1790513520,84971.01,84971.01,84968,84968
1790513580,84968,84968.01,84950,84950.01
1790513640,84950.01,84950.01,84950,84950
1790513700,84950,84950,84922,84922
1790513760,84922,84922.01,84894.03,84894.03
1790513820,84894.03,84894.04,84892,84892
1790513880,84892,84892.01,84804,84812.48
1790513940,84812.47,84812.48,84802.01,84802.01
1790514000,84802.01,84802.01,84700,84700
1790514060,84700,84734.01,84651.6,84734
1790514120,84734.01,84783.47,84699.3,84780
1790514180,84780.01,84800,84742.01,84742.01
1790514240,84742,84758.01,84706,84748
1790514300,84748,84748,84712,84736
1790514360,84736,84777.65,84722,84777.64
1790514420,84777.64,84806.73,84756.03,84788.02
1790514480,84788.01,84804.01,84786,84795.23
1790514540,84795.22,84795.23,84774.66,84774.66
1790514600,84774.66,84774.67,84750.01,84756
1790514660,84756,84770,84740,84740.01
1790514720,84740,84740.01,84656.68,84676.01
1790514780,84676,84692.01,84676,84692
1790514840,84692.01,84712.01,84637.73,84649.99
1790514900,84649.99,84740.81,84649.99,84740.81
1790514960,84740.8,84742,84727.05,84741.67
1790515020,84741.66,84754,84741.66,84753.99
1790515080,84754,84760.01,84743.34,84760
1790515140,84760.01,84765.61,84760,84765.61
1790515200,84765.6,84779.81,84765.6,84779.81
1790515260,84779.8,84801.9,84779.8,84801.9
1790515320,84801.91,84852.19,84801.91,84838
1790515380,84838,84838,84837.27,84837.27
1790515440,84837.27,84842.59,84837.27,84842.57
1790515500,84842.57,84859.53,84842.57,84859.53
1790515560,84859.53,84866.01,84854,84866.01
1790515620,84866.01,84892.28,84866,84892.28
1790515680,84892.27,84918.01,84892.27,84917.81
1790515740,84917.81,84950,84917.8,84945.01
1790515800,84945,85008.71,84945,85004.61
1790515860,85004.61,85056.94,84998.54,85056.94
1790515920,85056.94,85088.02,85056.94,85072.01
1790515980,85072,85115.14,85054,85115.13
1790516040,85115.13,85159.03,85004.61,85004.61
1790516100,85004.61,85014.01,84988.01,84996
1790516160,84996.01,85006.01,84942,84942
1790516220,84942,84942.01,84922,84930
1790516280,84930.01,84964.01,84866,84866.01
1790516340,84866,84906.49,84866,84895.29
1790516400,84895.29,84895.29,84872,84886.01
1790516460,84886.01,84896.01,84871.95,84871.96
1790516520,84871.95,84871.96,84871.95,84871.96
1790516580,84871.95,84871.96,84856.89,84858.83
1790516640,84858.82,84858.82,84790,84798.93
1790516700,84798.94,84832.55,84743.8,84832.55
1790516760,84832.56,84861.67,84832.56,84842
1790516820,84842,84866.94,84842,84866.94
1790516880,84866.94,84916.5,84866.94,84910
1790516940,84910.01,84916,84906.01,84916
1790517000,84916,84938,84914.09,84915
1790517060,84915,84915.01,84892.01,84892.01
1790517120,84892.02,84892.02,84880,84884.01
1790517180,84884,84895.99,84884,84895.98
1790517240,84895.99,84895.99,84892.62,84892.62
1790517300,84892.63,84910.33,84892.62,84910.32
1790517360,84910.33,84933.47,84910.32,84933.47
1790517420,84933.46,84978.47,84933.46,84966.05
1790517480,84966.06,85028.97,84960.16,85028.97
1790517540,85028.97,85040,85028.97,85030.41
1790517600,85030.41,85048.14,85028,85048.14
1790517660,85048.13,85048.14,84962,84962
1790517720,84962,84972.01,84925.23,84972
1790517780,84972,84972.01,84932.1,84932.11
1790517840,84932.1,84932.11,84914.35,84914.36
1790517900,84914.36,84926.01,84914.35,84926
1790517960,84926.01,84996.01,84926.01,84982.01
1790518020,84982.01,85011.73,84982.01,85011.73
1790518080,85011.73,85016.01,84993.07,85002.72
1790518140,85002.72,85038.44,85002.71,85038.43
1790518200,85038.44,85038.44,84990,84990
1790518260,84990.01,85018.01,84976,85008.01
1790518320,85008,85008.01,84994,84994
1790518380,84994.01,85006.01,84994,85004.02
1790518440,85004.01,85004.02,84996.74,84996.74
1790518500,84996.74,85016.01,84996.74,85014
1790518560,85014.01,85016.01,85003.47,85010.91
1790518620,85010.91,85016.01,84990.7,84990.71
1790518680,84990.71,85002.94,84970,84970
1790518740,84970.01,84970.01,84935.99,84936
1790518800,84935.99,84936,84910.32,84912
1790518860,84912.01,84912.01,84906.99,84907
1790518920,84907,84912.01,84900,84900
1790518980,84900.01,84900.01,84832,84832.01
1790519040,84832,84854,84820,84830.45
1790519100,84830.44,84880.48,84814,84871.35
1790519160,84871.35,84871.35,84780,84780.01
1790519220,84780,84780.01,84744,84758.01
1790519280,84758,84762.01,84706.81,84706.82
1790519340,84706.81,84734.42,84700,84708
1790519400,84708.01,84744.01,84700,84726
1790519460,84726.01,84776.24,84726,84757.62
1790519520,84757.62,84784.01,84757.61,84776.36
1790519580,84776.36,84796.14,84744,84758
1790519640,84758,84775.3,84758,84758.01
1790519700,84758.01,84760.01,84707.69,84719.81
1790519760,84719.81,84748.01,84719.81,84733.18
1790519820,84733.18,84733.19,84682,84682.01
1790519880,84682.01,84707.63,84673.02,84706.77
1790519940,84706.77,84740.01,84697.14,84735.44
1790520000,84735.44,84735.45,84706,84712.01
1790520060,84712.01,84750,84700,84744.89
1790520120,84744.88,84774.01,84742,84772
1790520180,84772.01,84786.01,84750.98,84750.98
1790520240,84750.99,84766.01,84734.01,84734.01
1790520300,84734,84742.01,84726,84732.01
1790520360,84732.01,84732.01,84662,84662
1790520420,84662,84678.01,84646,84646.01
1790520480,84646,84646.01,84450,84538.86
1790520540,84538.85,84558,84475.45,84528
1790520600,84528,84570.01,84524,84549.99
1790520660,84550,84602.01,84540,84547.65
1790520720,84547.66,84602,84547.65,84600
1790520780,84600,84600,84574,84599
1790520840,84599,84632.01,84590,84632
1790520900,84632,84637.74,84611.27,84611.28
1790520960,84611.28,84624,84606.1,84616.01
1790521020,84616.01,84644.86,84600.32,84604.4
1790521080,84604.39,84604.39,84555.36,84556
1790521140,84556.01,84566.96,84538.01,84538.02
1790521200,84538.01,84567.37,84538.01,84555.65
1790521260,84555.65,84555.65,84460,84460
1790521320,84460,84547,84421.89,84546.99
1790521380,84547,84592.24,84476.95,84524
1790521440,84524.01,84532.8,84466,84466
1790521500,84466,84466.01,84364,84429.37
1790521560,84429.37,84516.53,84404,84516.53
1790521620,84516.53,84522.01,84470,84496
1790521680,84496.01,84504,84480,84489.44
1790521740,84489.44,84522,84489.44,84514
1790521800,84514,84549.99,84508,84526.02
1790521860,84526.01,84526.02,84500,84500
1790521920,84500.01,84503.96,84490.03,84494
1790521980,84494.01,84494.73,84477.44,84480.01
1790522040,84480.01,84514.32,84480,84514.32
1790522100,84514.32,84514.32,84496,84514.31
1790522160,84514.32,84598.01,84514.32,84598.01
1790522220,84598,84621.56,84574.21,84574.21
1790522280,84574.22,84583.98,84572,84572.01
1790522340,84572,84572.01,84564,84564
1790522400,84564,84572.01,84553.43,84555.66
1790522460,84555.65,84584.01,84527.36,84584
1790522520,84584.01,84585.28,84561.85,84584.01
1790522580,84584.01,84604.01,84584.01,84604
1790522640,84604,84604.01,84555.65,84568
1790522700,84568.01,84589.25,84568.01,84574
1790522760,84574,84574.01,84493.23,84493.24
1790522820,84493.24,84544.01,84458,84541.35
1790522880,84541.36,84564.47,84540,84564.47
1790522940,84564.47,84624.01,84564.47,84624
1790523000,84624,84624.01,84590.34,84620
1790523060,84620.01,84644.01,84555.65,84555.66
1790523120,84555.65,84596,84555.65,84595.99
1790523180,84596,84602.01,84562,84562
1790523240,84562.01,84571.89,84532,84532
1790523300,84532,84532,84522,84522.01
1790523360,84522,84546.01,84522,84532
1790523420,84532.01,84532.01,84504.99,84504.99
1790523480,84505,84505,84488.42,84493.37
1790523540,84493.37,84493.37,84485.57,84485.58
1790523600,84485.57,84485.57,84478.99,84485.28
1790523660,84485.28,84498.88,84480.94,84480.95
1790523720,84480.94,84490.88,84473.57,84482.06
1790523780,84482.05,84486.69,84478.03,84479.99
1790523840,84479.99,84490.87,84434.12,84436.23
1790523900,84436.23,84461.91,84436.22,84436.22
1790523960,84436.23,84467.39,84436.22,84467.39
1790524020,84467.38,84492.01,84467.38,84492.01
1790524080,84492.01,84494.01,84492,84494.01
1790524140,84494.01,84494.02,84494,84494.02
1790524200,84494.02,84494.02,84494.01,84494.02
1790524260,84494.02,84507.81,84478.57,84478.57
1790524320,84478.57,84480.01,84460.23,84466.01
1790524380,84466.01,84486.01,84450.58,84450.59
1790524440,84450.58,84464.01,84430,84464.01
1790524500,84464,84472.01,84450.01,84450.01
1790524560,84450.02,84462.01,84446.07,84460
1790524620,84460,84460,84438,84448
1790524680,84448,84476,84448,84475.99
1790524740,84475.99,84476,84456.22,84463.37
1790524800,84463.38,84487.11,84463.37,84487.11
1790524860,84487.1,84494.01,84486,84489.56
1790524920,84489.56,84493.79,84473.57,84473.57
1790524980,84473.57,84486.01,84470.86,84482.01
1790525040,84482,84542.73,84482,84542.72
1790525100,84542.73,84560.01,84542.73,84555.66
1790525160,84555.65,84585.16,84554,84585.15
1790525220,84585.15,84585.16,84574,84574.01
1790525280,84574,84575.28,84564.01,84575.28
1790525340,84575.28,84593.12,84571.41,84593.11
1790525400,84593.12,84593.12,84555.65,84555.65
1790525460,84555.66,84555.66,84542.56,84542.57
1790525520,84542.56,84546.8,84542.56,84546.79
1790525580,84546.8,84564,84546.79,84563.99
1790525640,84563.99,84564,84563.99,84563.99
1790525700,84563.99,84575.48,84563.99,84575.47
1790525760,84575.48,84575.48,84542.57,84542.57
1790525820,84542.57,84542.58,84506.63,84513.04
1790525880,84513.05,84574.01,84513.04,84574.01
1790525940,84574,84586.01,84574,84586
1790526000,84586.01,84634,84586,84630.89
1790526060,84630.9,84687.32,84630.89,84646.48
1790526120,84646.49,84656.01,84618,84618.01
1790526180,84618.01,84618.01,84574,84596
1790526240,84596,84610.01,84584.37,84584.37
1790526300,84584.38,84598.01,84572,84582.56
1790526360,84582.57,84600.01,84582.56,84588.82
1790526420,84588.83,84598.01,84578.13,84590
1790526480,84590.01,84594.01,84582.29,84592.01
1790526540,84592.01,84592.01,84578,84578.01
1790526600,84578,84578,84500,84500
1790526660,84500.01,84525.45,84488,84512
1790526720,84512,84535.72,84496,84535.72
1790526780,84535.71,84548.01,84515.91,84515.92
1790526840,84515.91,84532.01,84515.91,84528.01
1790526900,84528,84530.02,84450,84450.01
1790526960,84450.01,84474.01,84450,84474.01
1790527020,84474,84510.01,84473.57,84473.57
1790527080,84473.58,84502.01,84458.07,84458.07
1790527140,84458.08,84485.1,84458,84484
1790527200,84484,84484,84458.12,84474
1790527260,84474.01,84485.1,84467.09,84469.07
1790527320,84469.08,84469.08,84450.02,84450.02
1790527380,84450.02,84452,84380,84392.01
1790527440,84392,84392.01,84392,84392.01
1790527500,84392.01,84420.01,84392,84392.01
1790527560,84392,84404.01,84392,84400.01
1790527620,84400,84436.01,84400,84432.01
1790527680,84432,84432,84422.76,84428
1790527740,84428,84428,84410.52,84426.47
1790527800,84426.46,84426.46,84408.74,84408.74
1790527860,84408.75,84418.01,84406.01,84406.02
1790527920,84406.01,84449.95,84406.01,84449.95
1790527980,84449.95,84449.95,84441.12,84441.12
1790528040,84441.13,84441.13,84408,84408.01
1790528100,84408.01,84414,84406.01,84412.02
1790528160,84412.01,84418,84411.06,84416.63
1790528220,84416.64,84428.01,84416.63,84428.01
1790528280,84428,84434.97,84428,84434.97
1790528340,84434.96,84434.97,84420,84426
1790528400,84426,84426.01,84422.34,84422.35
1790528460,84422.35,84450.01,84420,84420.01
1790528520,84420,84460.01,84420,84460.01
1790528580,84460.01,84473.58,84460,84473.58
1790528640,84473.58,84473.58,84473.57,84473.58
1790528700,84473.57,84473.58,84448,84450.01
1790528760,84450.01,84462.73,84408,84408.01
1790528820,84408,84408.01,84342,84408
1790528880,84408,84418.01,84375.3,84400.01
1790528940,84400,84400.01,84392,84392.01
1790529000,84392.01,84422.01,84392,84394.01
1790529060,84394,84408.01,84391.49,84392.01
1790529120,84392.01,84392.01,84392,84392.01
1790529180,84392,84402.01,84357.54,84378
1790529240,84378,84390.01,84378,84390
1790529300,84390,84431.61,84390,84431.61
1790529360,84431.61,84440.01,84429.8,84429.8
1790529420,84429.81,84441.63,84429.8,84441.63
1790529480,84441.63,84448.01,84441.62,84448
1790529540,84448,84448.01,84428.17,84440
1790529600,84440,84456.01,84440,84445.34
1790529660,84445.35,84451.28,84440.64,84440.64
1790529720,84440.64,84440.65,84417.34,84432.52
1790529780,84432.52,84446.33,84432.52,84446.32
1790529840,84446.32,84457.82,84438.99,84457.82
1790529900,84457.81,84457.82,84457.81,84457.82
1790529960,84457.82,84457.82,84444.58,84445.95
1790530020,84445.95,84445.95,84436.51,84444.58
1790530080,84444.58,84444.59,84444.58,84444.59
1790530140,84444.58,84444.58,84444,84444
1790530200,84444,84444.01,84444,84444
1790530260,84444,84486.01,84444,84486
1790530320,84486,84490.03,84483.01,84483.02
1790530380,84483.01,84483.02,84453.03,84475.95
1790530440,84475.95,84492.01,84475.94,84492.01
1790530500,84492.01,84503.58,84492.01,84503.57
1790530560,84503.57,84520.01,84503.57,84508
1790530620,84508.01,84508.01,84500,84500.01
1790530680,84500.01,84500.01,84473.57,84482.01
1790530740,84482,84497.18,84482,84491.89
1790530800,84491.89,84491.89,84472,84472
1790530860,84472.01,84472.01,84472,84472
1790530920,84472.01,84472.01,84472,84472
1790530980,84472,84476.79,84472,84476.78
1790531040,84476.79,84476.79,84476.78,84476.79
1790531100,84476.78,84512.01,84476.78,84512
1790531160,84512.01,84512.01,84512,84512.01
1790531220,84512,84514.01,84512,84514
1790531280,84514.01,84534,84514,84534
1790531340,84533.99,84565.04,84533.99,84565.04
1790531400,84565.04,84565.04,84554,84554
1790531460,84554,84554.01,84554,84554.01
1790531520,84554,84554.01,84554,84554.01
1790531580,84554.01,84554.01,84554,84554
1790531640,84554.01,84554.01,84554,84554
1790531700,84554.01,84566.01,84554,84566
1790531760,84566.01,84566.02,84566,84566.01
1790531820,84566.01,84566.02,84566.01,84566.02
1790531880,84566.02,84574.01,84566.01,84574.01
1790531940,84574,84574.01,84574,84574
1790532000,84574,84574,84570.44,84570.44
1790532060,84570.44,84570.45,84570.44,84570.45
1790532120,84570.44,84570.45,84570.44,84570.45
1790532180,84570.44,84570.45,84565.93,84565.94
1790532240,84565.93,84565.94,84565.93,84565.93
1790532300,84565.94,84591.96,84565.93,84582.01
1790532360,84582.01,84591.76,84579.93,84579.93
1790532420,84579.94,84579.94,84574.94,84574.94
1790532480,84574.95,84574.95,84574.94,84574.95
1790532540,84574.94,84574.95,84574.94,84574.95
1790532600,84574.94,84574.94,84565.9,84571
1790532660,84571,84600,84570.99,84600
1790532720,84599.99,84600,84592.28,84592.29
1790532780,84592.28,84604.44,84592.28,84604.44
1790532840,84604.44,84604.45,84604.43,84604.44
1790532900,84604.45,84625.67,84604.44,84615.09
1790532960,84615.1,84627.66,84615.09,84627.66
1790533020,84627.66,84630,84627.65,84630
1790533080,84629.99,84652.01,84629.99,84632.12
1790533140,84632.11,84638.01,84632.11,84638
1790533200,84638.01,84656.01,84637.73,84656.01
1790533260,84656.01,84681.54,84656.01,84681.53
1790533320,84681.53,84700,84670,84692.01
1790533380,84692.01,84730.01,84682,84688.01
1790533440,84688,84688.01,84680.06,84683
1790533500,84682.99,84683,84682.99,84682.99
1790533560,84682.99,84688.01,84682.99,84688.01
1790533620,84688,84711.33,84688,84711.32
1790533680,84711.32,84732.01,84711.32,84732.01
1790533740,84732,84740.01,84732,84740.01
1790533800,84740.01,84740.01,84690,84690
1790533860,84690.01,84708.01,84672,84696.01
1790533920,84696,84729.72,84684,84721.63
1790533980,84721.62,84730.01,84721.62,84730.01
1790534040,84730.01,84730.01,84721.62,84721.62
1790534100,84721.63,84721.63,84720.36,84720.37
1790534160,84720.37,84730.01,84720.36,84730.01
1790534220,84730.01,84740,84730.01,84740
1790534280,84739.99,84742.01,84736,84736
1790534340,84736,84736.01,84736,84736.01
1790534400,84736.01,84736.01,84731.93,84735.99
1790534460,84736,84736,84735.99,84735.99
1790534520,84735.99,84747.77,84735.99,84747.76
1790534580,84747.77,84771.67,84747.76,84771.66
1790534640,84771.66,84771.67,84758,84758.01
1790534700,84758,84761.21,84748.06,84748.07
1790534760,84748.07,84766.01,84748.06,84766.01
1790534820,84766,84780.2,84757.79,84757.79
1790534880,84757.8,84768,84757.79,84767.66
1790534940,84767.66,84767.66,84757.82,84757.82
1790535000,84757.82,84758.01,84757.82,84758.01
1790535060,84758.01,84758.01,84706,84733.6
1790535120,84733.6,84738.04,84733.59,84738.04
1790535180,84738.04,84744.9,84738.03,84744.89
1790535240,84744.9,84748,84744.89,84748
1790535300,84748,84748,84742,84742
1790535360,84742.01,84762,84734,84761.28
1790535420,84761.29,84779.42,84761.28,84779.42
1790535480,84779.42,84820.74,84779.41,84808
1790535540,84808.01,84818.87,84808,84818.87
1790535600,84818.87,84843,84768.27,84768.27
1790535660,84768.27,84785.07,84764,84764
1790535720,84764,84764.01,84732.01,84732.01
1790535780,84732.01,84740.01,84730,84740
1790535840,84740.01,84740.01,84740,84740
1790535900,84740,84740.01,84740,84740.01
1790535960,84740,84765.39,84740,84765.38
1790536020,84765.39,84765.39,84765.38,84765.38
1790536080,84765.39,84765.39,84765.38,84765.38
1790536140,84765.38,84784.01,84765.38,84784.01
1790536200,84784.01,84789.84,84784,84789.83
1790536260,84789.84,84789.84,84789.83,84789.84
1790536320,84789.84,84803.99,84789.83,84803.98
1790536380,84803.98,84803.99,84803.98,84803.98
1790536440,84803.99,84808.67,84795.95,84795.96
1790536500,84795.95,84814,84795.95,84813.99
1790536560,84814,84821.96,84813.99,84821.96
1790536620,84821.96,84824.01,84821.96,84824.01
1790536680,84824.01,84839.34,84824,84837.87
1790536740,84837.87,84837.88,84837.87,84837.87
1790536800,84837.87,84837.88,84817.08,84817.08
1790536860,84817.08,84817.09,84788.74,84788.74
1790536920,84788.75,84788.75,84786,84786
1790536980,84786,84786.01,84752.32,84761.68
1790537040,84761.68,84774.76,84761.67,84774.75
1790537100,84774.75,84774.76,84768.23,84768.24
1790537160,84768.24,84768.24,84734.16,84734.17
1790537220,84734.16,84734.16,84671.37,84698
1790537280,84698.01,84698.01,84686.82,84686.82
1790537340,84686.83,84702.01,84686.82,84702.01
1790537400,84702,84705.7,84684.44,84684.44
1790537460,84684.45,84684.45,84680,84681.97
1790537520,84681.98,84689.08,84666,84666.01
1790537580,84666.01,84679.81,84666,84679.81
1790537640,84679.81,84695.41,84679.8,84695.4
1790537700,84695.41,84695.41,84695.4,84695.4
1790537760,84695.4,84698.59,84695.4,84698.58
1790537820,84698.58,84756.01,84698.58,84756.01
1790537880,84756,84772.01,84756,84772.01
1790537940,84772.01,84772.01,84760.39,84760.39
1790538000,84760.4,84764.02,84760.4,84760.4
1790538060,84760.4,84796,84760.4,84796
1790538120,84796.01,84796.01,84771.4,84771.4
1790538180,84771.41,84771.41,84771.4,84771.41
1790538240,84771.4,84771.41,84771.4,84771.4
1790538300,84771.41,84799.99,84771.4,84795.12
1790538360,84795.13,84808,84795.12,84808
1790538420,84808,84818.01,84808,84808.3
1790538480,84808.3,84808.3,84794.1,84794.1
1790538540,84794.11,84795.87,84787.64,84795.87
1790538600,84795.87,84795.87,84795.86,84795.87
1790538660,84795.86,84795.87,84781,84781
1790538720,84781.01,84781.01,84775.57,84775.58
1790538780,84775.57,84775.58,84742,84742.1
1790538840,84742.1,84742.11,84742.1,84742.11
1790538900,84742.1,84742.11,84742.1,84742.1
1790538960,84742.1,84743.38,84742.1,84743.37
1790539020,84743.38,84743.38,84743.37,84743.38
1790539080,84743.38,84743.38,84736.01,84736.01
1790539140,84736.02,84736.02,84736.01,84736.01
1790539200,84736.02,84750.01,84736.01,84750.01
1790539260,84750.01,84750.01,84750,84750.01
1790539320,84750,84750.01,84750,84750.01
1790539380,84750.01,84765.88,84750,84765.87
1790539440,84765.87,84769.72,84765.87,84769.71
1790539500,84769.71,84769.72,84740.81,84740.81
1790539560,84740.82,84740.82,84740.81,84740.82
1790539620,84740.82,84740.82,84740.81,84740.82
1790539680,84740.82,84764.74,84740.81,84764.74
1790539740,84764.74,84772,84764.73,84772
1790539800,84771.99,84782.04,84771.99,84782.03
1790539860,84782.04,84800,84782.03,84799.99
1790539920,84799.99,84800,84799.99,84799.99
1790539980,84800,84800,84799.99,84799.99
1790540040,84800,84813,84800,84812.99
1790540100,84813,84813,84812.99,84812.99
1790540160,84812.99,84813,84796,84796.01
1790540220,84796,84796.01,84796,84796.01
1790540280,84796,84796.01,84774.56,84778.99
1790540340,84778.99,84779,84778.98,84779
1790540400,84778.99,84779,84726,84726
1790540460,84726,84726.01,84680,84680
1790540520,84680,84680.01,84672.07,84672.07
1790540580,84672.08,84672.08,84630,84636
1790540640,84636,84644.01,84636,84644
1790540700,84644.01,84644.01,84630,84634.73
1790540760,84634.73,84634.74,84624,84624
1790540820,84624,84626,84624,84626
1790540880,84626,84626,84615.09,84621.75
1790540940,84621.74,84621.75,84621.74,84621.75
1790541000,84621.74,84638.88,84621.74,84638.88
1790541060,84638.87,84643.87,84638.87,84640
1790541120,84640,84640.01,84584,84584
1790541180,84584.01,84603.6,84584,84603.6
1790541240,84603.6,84613.91,84602.23,84602.23
1790541300,84602.23,84602.23,84583.18,84588.01
1790541360,84588,84612.01,84588,84612
1790541420,84612.01,84612.01,84591.1,84591.1
1790541480,84591.11,84602.23,84591.1,84602.22
1790541540,84602.22,84612.5,84591.1,84591.1
1790541600,84591.11,84591.11,84591.1,84591.1
1790541660,84591.11,84595.61,84591.1,84595.6
1790541720,84595.61,84604,84595.61,84604
1790541780,84604,84634.6,84603.99,84634.59
1790541840,84634.6,84639.98,84634.59,84639.98
1790541900,84639.98,84640.04,84639.97,84640.04
1790541960,84640.03,84640.04,84625.28,84626.01
1790542020,84626.01,84626.02,84554,84554
1790542080,84554.01,84576.01,84554,84576
1790542140,84576.01,84600,84564.65,84564.65
1790542200,84564.66,84582.42,84564.65,84582.42
1790542260,84582.42,84588.02,84582.41,84588.01
1790542320,84588,84588.01,84570,84574
1790542380,84574.01,84574.01,84574,84574
1790542440,84574.01,84574.01,84548,84550.34
1790542500,84550.34,84550.34,84550.33,84550.33
1790542560,84550.34,84566,84549.37,84566
1790542620,84566,84566,84554.08,84557.95
1790542680,84557.94,84557.95,84552,84552
1790542740,84552.01,84552.01,84552,84552
1790542800,84552.01,84566.01,84552,84566
1790542860,84566.01,84582,84566,84582
1790542920,84582,84582,84572.01,84572.02
1790542980,84572.02,84637.72,84572.01,84637.72
1790543040,84637.71,84637.72,84622.2,84622.2
1790543100,84622.21,84622.21,84600.01,84600.02
1790543160,84600.01,84612.01,84600.01,84612.01
1790543220,84612.01,84622.21,84612,84622.2
1790543280,84622.2,84622.21,84622.2,84622.21
1790543340,84622.2,84622.21,84622.2,84622.2
1790543400,84622.21,84622.21,84622.2,84622.21
1790543460,84622.2,84629.75,84622.2,84629.74
1790543520,84629.75,84629.75,84629.74,84629.74
1790543580,84629.75,84682,84629.75,84682
1790543640,84682,84682.01,84681.99,84682.01
1790543700,84682.01,84719.82,84682,84715.2
1790543760,84715.2,84719.82,84678.23,84678.24
1790543820,84678.23,84678.24,84678.23,84678.24
1790543880,84678.23,84686.01,84668.06,84686.01
1790543940,84686.01,84692.01,84686,84686
1790544000,84686,84686.01,84678.23,84678.23
1790544060,84678.23,84678.24,84676,84676
1790544120,84676.01,84676.01,84663.89,84663.89
1790544180,84663.89,84663.9,84663.89,84663.89
1790544240,84663.9,84679.97,84663.9,84679.96
1790544300,84679.97,84690.01,84679.97,84680.76
1790544360,84680.75,84680.76,84664.32,84664.32
1790544420,84664.32,84664.33,84634,84634.01
1790544480,84634,84634.01,84622,84622
1790544540,84622,84622.01,84607.51,84607.51
1790544600,84607.52,84607.52,84603.44,84603.44
1790544660,84603.44,84622.01,84603.44,84622.01
1790544720,84622.01,84622.01,84608.86,84608.86
1790544780,84608.86,84608.87,84607.88,84607.89
1790544840,84607.88,84607.89,84589.14,84607.55
1790544900,84607.54,84607.89,84582.04,84582.04
1790544960,84582.04,84582.05,84515.53,84515.54
1790545020,84515.53,84515.54,84458,84470
1790545080,84470.01,84514.01,84470,84514
1790545140,84514.01,84530.67,84514,84523.23
1790545200,84523.24,84524.01,84514,84520.01
1790545260,84520.01,84524.01,84520,84520
1790545320,84520.01,84549.75,84510,84544
1790545380,84544.01,84548.01,84539.49,84547.83
1790545440,84547.84,84552.01,84542.47,84548.72
1790545500,84548.72,84590.36,84548.71,84590.02
1790545560,84590.02,84627.52,84590.02,84627.52
1790545620,84627.51,84650.01,84627.51,84650
1790545680,84650.01,84676,84650.01,84675.66
1790545740,84675.67,84675.67,84671.82,84671.83
1790545800,84671.83,84671.83,84670,84670.01
1790545860,84670,84688.01,84670,84688
1790545920,84688.01,84694.93,84688,84694.93
1790545980,84694.92,84694.93,84694.92,84694.92
1790546040,84694.92,84694.93,84688.03,84688.04
1790546100,84688.04,84700.01,84688.03,84689.55
1790546160,84689.54,84689.55,84668,84672.36
1790546220,84672.36,84684.01,84672.36,84684.01
1790546280,84684.01,84684.01,84684,84684
1790546340,84684.01,84688.5,84674.02,84688.07
1790546400,84688.07,84756.01,84643,84656
1790546460,84656.01,84658.01,84526,84544
1790546520,84544.01,84544.01,84416,84456
1790546580,84456,84472.01,84400,84441.09
1790546640,84441.37,84462.01,84425.36,84460.31
1790546700,84460.3,84494.01,84446,84482.28
1790546760,84482.29,84537.71,84482.28,84488.01
1790546820,84488.01,84488.01,84392,84452.01
1790546880,84452,84452,84370.21,84390
1790546940,84390,84404.01,84362,84404.01
1790547000,84404.01,84414.01,84394,84414.01
1790547060,84414.01,84447.82,84414.01,84416.01
1790547120,84416,84416.01,84384.87,84401.38
1790547180,84401.39,84401.39,84342.63,84342.63
1790547240,84342.63,84342.64,84277.72,84329.32
1790547300,84329.32,84329.32,84272.79,84291.93
1790547360,84291.93,84315.41,84286,84315.41
1790547420,84315.4,84390,84315.4,84389.99
1790547480,84389.99,84412.01,84376.85,84412
1790547540,84412.01,84454.01,84406,84454.01
1790547600,84454,84473.58,84402.35,84402.35
1790547660,84402.36,84448.01,84402.35,84440.66
1790547720,84440.65,84473.57,84440.65,84473.57
1790547780,84473.57,84504.01,84473.57,84504.01
1790547840,84504.01,84518.01,84504,84518.01
1790547900,84518.01,84536.01,84512,84526.01
1790547960,84526.01,84532,84512,84512.01
1790548020,84512.01,84555.66,84512,84555.66
1790548080,84555.66,84566.01,84555.65,84566.01
1790548140,84566.01,84566.01,84555.65,84555.65
1790548200,84555.65,84555.65,84444.93,84444.93
1790548260,84444.94,84456.01,84423.41,84434
1790548320,84434,84434,84402.27,84402.28
1790548380,84402.28,84404.01,84346,84346.01
1790548440,84346,84347.17,84276,84276.01
1790548500,84276.01,84303.53,84197.74,84261.17
1790548560,84261.18,84264.01,84212.01,84212.01
1790548620,84212,84221.37,84178.65,84208.01
1790548680,84208.01,84244.01,84208.01,84218
1790548740,84218.01,84246.01,84218,84220.01
1790548800,84220.01,84239.13,84212,84239.12
1790548860,84239.12,84239.13,84200,84200
1790548920,84200,84205.88,84198,84198.99
1790548980,84198.99,84208.01,84198,84198
1790549040,84198,84202.01,84184.35,84184.36
1790549100,84184.35,84184.35,84150,84150
1790549160,84150,84150.01,84145.26,84150
1790549220,84150,84191.38,84135.78,84191.38
1790549280,84191.38,84192.01,84163.15,84163.15
1790549340,84163.16,84180.01,84163.15,84172.01
1790549400,84172,84207.91,84172,84207.86
1790549460,84207.86,84214.01,84202,84207.96
1790549520,84207.96,84235.26,84207.96,84228
1790549580,84228.01,84234,84221.45,84234
1790549640,84234,84234,84217.14,84217.15
1790549700,84217.15,84235.33,84217.15,84235.32
1790549760,84235.32,84235.33,84222,84226.53
1790549820,84226.52,84242.01,84224,84225.35
1790549880,84225.36,84225.36,84224.01,84225.36
1790549940,84225.35,84225.36,84187.9,84195.27
1790550000,84195.27,84256.01,84164,84256.01
1790550060,84256.01,84270.01,84239.21,84262.64
1790550120,84262.65,84292.01,84262.64,84267.35
1790550180,84267.35,84275.96,84233.29,84248
1790550240,84248,84278.01,84248,84276
1790550300,84276.01,84278,84238,84238
1790550360,84238,84238.01,84190,84190
1790550420,84190.01,84194.88,84186,84186
1790550480,84186,84190,84166,84166
1790550540,84166.01,84166.01,84146,84146
1790550600,84146,84174.52,84132,84174.51
1790550660,84174.52,84198.01,84172,84190.01
1790550720,84190.01,84194.01,84186,84190.01
1790550780,84190.01,84302.68,84190.01,84302.41
1790550840,84302.42,84302.42,84224,84224
1790550900,84224,84240.01,84206.04,84206.05
1790550960,84206.05,84274.01,84206,84274
1790551020,84274,84304,84248,84254
1790551080,84254,84278.01,84246,84262.01
1790551140,84262.01,84304.02,84262,84304.01
1790551200,84304.02,84345.49,84304.01,84332
1790551260,84332.01,84332.01,84320,84332
1790551320,84332.01,84342.47,84324,84334.01
1790551380,84334,84360.01,84334,84338
1790551440,84338.01,84347.45,84326,84346.09
1790551500,84346.09,84376,84340,84375.99
1790551560,84375.99,84400,84375.99,84400
1790551620,84399.99,84441.87,84391.49,84441.87
1790551680,84441.87,84448.01,84402,84402
1790551740,84402.01,84418.01,84402,84408
1790551800,84408,84454.01,84402,84454
1790551860,84454.01,84454.01,84446,84446.01
1790551920,84446,84470,84440.32,84440.33
1790551980,84440.33,84444.01,84416.33,84432.01
1790552040,84432,84436,84410.54,84436
1790552100,84436,84450.01,84388,84408.01
1790552160,84408,84408.01,84391.49,84391.5
1790552220,84391.5,84416.01,84391.49,84412
1790552280,84412,84418.01,84406,84406.01
1790552340,84406.01,84416.01,84406,84416.01
1790552400,84416.01,84416.01,84404.81,84404.82
1790552460,84404.81,84404.81,84368,84370.71
1790552520,84370.7,84376.01,84350,84374
1790552580,84374.01,84374.01,84355.46,84355.47
1790552640,84355.47,84355.47,84340.62,84340.63
1790552700,84340.63,84356.01,84340.62,84345.44
1790552760,84345.44,84386.02,84345.44,84386.01
1790552820,84386.02,84410.52,84355.56,84410.52
1790552880,84410.52,84442.01,84410.52,84442.01
1790552940,84442.01,84460.01,84442.01,84454.01
1790553000,84454,84486.01,84454,84473.58
1790553060,84473.57,84479.43,84462,84479.43
1790553120,84479.44,84500,84479.43,84498.32
1790553180,84498.32,84498.33,84487.64,84498.33
1790553240,84498.33,84498.33,84484,84495.93
1790553300,84495.93,84495.94,84494.68,84494.69
1790553360,84494.69,84522.01,84494.69,84520.01
1790553420,84520,84532.01,84520,84532
1790553480,84532.01,84532.01,84466.85,84466.86
1790553540,84466.86,84472.01,84458.8,84472
1790553600,84472.01,84476.01,84442,84473.52
1790553660,84473.52,84533,84473.51,84533
1790553720,84533,84558.01,84532.52,84543.36
1790553780,84543.36,84566,84538,84566
1790553840,84566,84567,84550,84551.23
1790553900,84551.23,84551.23,84518,84522.01
1790553960,84522.01,84546.01,84522.01,84542.02
1790554020,84542.02,84542.02,84470.01,84470.82
1790554080,84470.82,84470.82,84425.22,84425.22
1790554140,84425.23,84427.93,84382.01,84392
1790554200,84392.01,84412.45,84378,84378.01
1790554260,84378,84408.01,84378,84378.24
1790554320,84378.23,84390,84378.22,84390
1790554380,84390.01,84401.81,84390,84392
1790554440,84392.01,84430.01,84392,84430.01
1790554500,84430.01,84445.71,84422,84440.01
1790554560,84440.01,84505.08,84440.01,84505.07
1790554620,84505.08,84517.09,84496,84508.01
1790554680,84508,84556.01,84508,84556.01
1790554740,84556.01,84700,84556,84700
1790554800,84700,84814.66,84699.99,84810.1
1790554860,84810.1,84999,84810.1,84986.83
1790554920,84986.82,84998.99,84896.58,84900.41
1790554980,84900.41,84951.64,84899.99,84938.35
1790555040,84938.35,84938.35,84852.39,84852.39
1790555100,84852.39,84877.05,84801.89,84877.04
1790555160,84877.05,84916.24,84853.64,84853.66
1790555220,84853.65,84855.02,84770,84770.01
1790555280,84770,84770,84693.43,84762.02
1790555340,84762.03,84810.37,84762.03,84792.47
1790555400,84792.48,84792.48,84734,84753.91
1790555460,84753.91,84753.91,84567,84602
1790555520,84602,84602,84400.33,84446.48
1790555580,84446.48,84464.01,84342,84342.72
1790555640,84343.35,84415.41,84308,84370.01
1790555700,84370.01,84372.01,84227.34,84252
1790555760,84252.01,84302.01,84228,84228.01
1790555820,84228.01,84286.01,84221,84264.5
1790555880,84264.49,84332.01,84264.49,84314.91
1790555940,84314.91,84314.91,84227.34,84227.34
1790556000,84227.34,84230,84208,84230
1790556060,84229.99,84252.01,84216.71,84252.01
1790556120,84252.01,84278.01,84244,84260
1790556180,84260.01,84294.01,84247.71,84261.61
1790556240,84261.61,84309.43,84261.6,84300.01
1790556300,84300.01,84380.01,84300.01,84368
1790556360,84368.01,84430.01,84368.01,84418.01
1790556420,84418.01,84473.57,84414,84473.57
1790556480,84473.57,84502.01,84470,84502.01
1790556540,84502.01,84534.01,84498.01,84504
1790556600,84504,84567,84504,84560
1790556660,84560,84622.01,84550,84618.01
1790556720,84618,84618.01,84505.14,84505.14
1790556780,84505.14,84505.15,84464,84464.01
1790556840,84464,84464.01,84358,84358
1790556900,84358,84384.01,84296,84296
1790556960,84296.01,84300.01,84224.5,84227.34
1790557020,84227.34,84227.34,84180,84180.01
1790557080,84180,84250.01,84172,84172.01
1790557140,84172.01,84172.01,84140,84140
1790557200,84140,84146.01,84055,84080.81
1790557260,84080.82,84101.77,83998,84040.65
1790557320,84040.65,84120,84024.74,84080
1790557380,84080.01,84122.01,84047.12,84062.01
1790557440,84062,84136,84019.01,84136
1790557500,84136.01,84140.01,84008.14,84008.15
1790557560,84008.14,84060,83930,84044.45
1790557620,84044.45,84200,84044.45,84199.99
1790557680,84200,84224.01,84186,84224.01
1790557740,84224.01,84238.87,84082.99,84098
1790557800,84098.01,84118.01,84066.65,84075.16
1790557860,84075.15,84075.16,84050,84074.01
1790557920,84074.01,84100.01,84008.42,84014.35
1790557980,84014.34,84022.57,83950,83994.62
1790558040,83994.63,84022.56,83959.62,83959.63
1790558100,83959.63,84018,83932.64,83958.32
1790558160,83958.31,83967.32,83909.96,83946.13
1790558220,83946.14,83987.62,83905.37,83905.38
1790558280,83905.38,83975.02,83891.95,83952.96
1790558340,83952.96,83994.67,83880,83994.67
1790558400,83994.67,84021.06,83975.57,84018.73
1790558460,84018.73,84151.19,84018.72,84142
1790558520,84142,84142,84052.93,84052.93
1790558580,84052.93,84102.01,84007.96,84041.3
1790558640,84041.3,84045.02,84004.76,84023.34
1790558700,84023.34,84070.01,83991.87,84070.01
1790558760,84070,84142,84070,84140.01
1790558820,84140.01,84160.01,84102,84102.01
1790558880,84102.01,84108,84045.44,84076.01
1790558940,84076.01,84112.01,84070.29,84078
1790559000,84078,84142.01,84065.98,84092.02
1790559060,84092.02,84116.01,84081.76,84081.77
1790559120,84081.76,84100.01,84023.8,84062
1790559180,84062.01,84082.01,84054,84054
1790559240,84054,84070.01,84020.29,84020.29
1790559300,84020.3,84026.92,83952.02,83993.93
1790559360,83993.94,84002.22,83950.01,83950.02
1790559420,83950.02,83954.94,83914.57,83914.57
1790559480,83914.58,83936.25,83880,83890.62
1790559540,83890.61,83946.01,83875.98,83941.98
1790559600,83941.97,83941.98,83887.28,83887.29
1790559660,83887.29,83977.52,83880.75,83973.74
1790559720,83973.75,83981.11,83925.38,83925.39
1790559780,83925.39,83925.39,83880.72,83887.99
1790559840,83887.99,83887.99,83803.81,83815.43
1790559900,83815.43,83883.14,83807.55,83845.78
1790559960,83845.78,83845.78,83824.07,83832.76
1790560020,83832.76,83892.22,83832.76,83890.26
1790560080,83890.26,83924.56,83839.3,83839.3
1790560140,83839.3,83839.3,83663.06,83667.27
1790560200,83667.27,83804.66,83613.8,83775.38
1790560260,83775.37,83821.17,83755.11,83778.78
1790560320,83778.78,83814.38,83742.24,83766.21
1790560380,83766.22,83809.63,83761.39,83809.63
1790560440,83809.63,83844.9,83767.05,83767.05
1790560500,83767.06,83795.53,83760.16,83778.55
1790560560,83778.54,83821.13,83752.09,83821.13
1790560620,83821.13,83874.12,83717.95,83717.95
1790560680,83717.95,83724.41,83697.05,83721.64
1790560740,83721.64,83721.65,83694.42,83694.43
1790560800,83694.42,83694.42,83596.23,83596.24
1790560860,83596.24,83657.25,83550,83643.86
1790560920,83643.87,83643.87,83536,83566.68
1790560980,83566.68,83596.31,83480,83596.31
1790561040,83596.71,83649.05,83584.56,83643.12
1790561100,83643.11,83663.13,83606.09,83612.8
1790561160,83612.8,83634,83588,83617.01
1790561220,83617.02,83617.02,83555.75,83555.76
1790561280,83555.75,83640.92,83533.38,83636.76
1790561340,83636.76,83677.31,83605.69,83605.75
1790561400,83605.75,83677,83605.74,83666.37
1790561460,83666.37,83720.64,83666.36,83720.64
1790561520,83720.64,83770.85,83720.63,83754.79
1790561580,83754.8,83782.07,83752.16,83752.17
1790561640,83752.16,83779.69,83724.38,83745.42
1790561700,83745.42,83756.12,83681.04,83711.55
1790561760,83711.54,83718.68,83691.09,83718.68
1790561820,83718.68,83733.92,83692.8,83692.81
1790561880,83692.8,83692.81,83641.67,83641.67
1790561940,83641.68,83667.69,83622.36,83667.62
1790562000,83667.62,83667.62,83627.38,83659.84
1790562060,83659.83,83679.81,83594.7,83594.71
1790562120,83594.7,83594.7,83554.86,83554.86
1790562180,83554.87,83589.84,83554.86,83573.71
1790562240,83573.71,83669.89,83573.71,83652.79
1790562300,83652.78,83652.78,83611.24,83617.18
1790562360,83617.18,83705.95,83617.17,83698.06
1790562420,83698.07,83726.03,83683.4,83683.41
1790562480,83683.41,83687.15,83661.63,83665.58
1790562540,83665.58,83675.48,83627.26,83627.27
1790562600,83627.27,83629.72,83568.16,83578.46
1790562660,83578.47,83582.52,83562.94,83562.95
1790562720,83562.95,83562.95,83518.57,83518.58
1790562780,83518.58,83525,83469.05,83495.3
1790562840,83495.3,83528.08,83485.19,83512.24
1790562900,83512.23,83570.65,83500,83567.82
1790562960,83567.81,83583.37,83513.83,83525.75
1790563020,83525.76,83532.9,83485.49,83495.59
1790563080,83495.59,83539.34,83473.56,83473.56
1790563140,83473.57,83473.57,83420.81,83468.49
1790563200,83468.49,83531.09,83453.87,83531.09
1790563260,83531.09,83556.55,83488.63,83488.64
1790563320,83488.64,83508.7,83464.17,83483.15
1790563380,83483.16,83491.37,83470.42,83491.36
1790563440,83491.37,83518.2,83484.14,83493.1
1790563500,83493.09,83531.06,83479.27,83526.53
1790563560,83526.53,83541.23,83430,83441.73
1790563620,83441.74,83471.82,83420,83420
1790563680,83420,83422.91,83394.59,83413.68
1790563740,83413.67,83450.73,83413.16,83438.12
1790563800,83438.12,83474.74,83438.11,83460.16
1790563860,83460.16,83467.71,83420.8,83420.81
1790563920,83420.8,83446.99,83420.8,83444.31
1790563980,83444.3,83464.74,83435.07,83456.25
1790564040,83456.26,83467.97,83431.94,83434.64
1790564100,83434.64,83444.09,83420.89,83420.9
1790564160,83420.89,83420.9,83400,83400
1790564220,83400.01,83418.01,83394.59,83407.11
1790564280,83407.12,83423.3,83406,83414.85
1790564340,83414.85,83418.24,83389.07,83418.24
1790564400,83418.91,83532.58,83418.91,83522.61
1790564460,83522.62,83536.48,83503.86,83503.87
1790564520,83503.86,83508.35,83458.78,83458.79
1790564580,83458.79,83464.04,83446.86,83453.36
1790564640,83453.37,83488.68,83453.36,83479.98
1790564700,83479.99,83506.05,83454,83454.01
1790564760,83454,83474.46,83437.18,83450.01
1790564820,83450,83495.22,83450,83489.42
1790564880,83489.43,83489.43,83456.9,83456.91
1790564940,83456.91,83476.01,83456.9,83476.01
1790565000,83476,83493.83,83466.04,83469.34
1790565060,83469.33,83469.33,83397,83397
1790565120,83397.01,83413.61,83383.41,83385.43
1790565180,83385.42,83452,83385.42,83438.85
1790565240,83438.85,83452.01,83428,83438.01
1790565300,83438,83438,83399,83413.22
1790565360,83413.22,83472.43,83390,83466
1790565420,83466.01,83502.01,83460.54,83502.01
1790565480,83502,83506.01,83450,83450
1790565540,83450,83504.65,83450,83457.21
1790565600,83457.21,83493.18,83457.21,83490.5
1790565660,83490.5,83490.5,83440,83440
1790565720,83440,83440.01,83371.15,83386.03
1790565780,83386.02,83434.01,83386.02,83394.01
1790565840,83394,83436.01,83376,83402
1790565900,83402,83402.01,83341.49,83374.35
1790565960,83374.34,83402.01,83326.78,83333.21
1790566020,83333.2,83350.01,83321.71,83340.67
1790566080,83340.67,83382,83340.66,83348
1790566140,83348.01,83348.01,83304,83330.01
1790566200,83330,83330.01,83277,83292.46
1790566260,83292.46,83310.01,83260.27,83268
1790566320,83268,83279.89,83226.83,83226.83
1790566380,83226.83,83251,83210,83216
1790566440,83216.01,83284,83216,83264
1790566500,83264.01,83314.01,83240,83314.01
1790566560,83314.01,83376.69,83314.01,83376.69
1790566620,83376.68,83446.01,83376.68,83415.67
1790566680,83415.66,83450,83415.66,83450
1790566740,83450,83450,83416,83446.01
1790566800,83446.01,83448,83416.16,83418.02
1790566860,83418.03,83448.01,83398.86,83448.01
1790566920,83448.01,83474.01,83448.01,83472.02
1790566980,83472.03,83488.01,83472.02,83482.75
1790567040,83482.75,83482.75,83445.02,83445.02
1790567100,83445.03,83460.01,83430,83444.01
1790567160,83444,83444.01,83424.47,83424.48
1790567220,83424.48,83460.82,83424.47,83460.81
1790567280,83460.82,83460.82,83434,83444
1790567340,83444.01,83486,83368.01,83405.09
1790567400,83405.08,83448.01,83383.13,83448.01
1790567460,83448,83463.01,83428.68,83440
1790567520,83440,83440.01,83396,83396
1790567580,83396.01,83432.01,83396.01,83404.01
1790567640,83404.01,83438.76,83404,83410.01
1790567700,83410,83410,83395.76,83399.67
1790567760,83399.66,83400.01,83385.55,83385.55
1790567820,83385.55,83385.56,83356.01,83356.01
1790567880,83356.01,83356.02,83302.99,83332.22
1790567940,83332.22,83338.6,83332.22,83338.6
1790568000,83338.6,83355.59,83250,83250.01
1790568060,83250.01,83268,83232,83248.01
1790568120,83248,83274.01,83242.3,83263.5
1790568180,83263.5,83277.38,83256.29,83272.01
1790568240,83272.01,83290.01,83242,83250.01
1790568300,83250.01,83294.06,83248.45,83294.05
1790568360,83294.06,83344,83290,83344
1790568420,83344,83383.67,83344,83383.67
1790568480,83383.67,83410.53,83323.14,83323.15
1790568540,83323.14,83350.34,83318,83325.14
1790568600,83325.14,83367.67,83325.13,83367.67
1790568660,83367.67,83367.67,83357.27,83357.28
1790568720,83357.28,83396.99,83336.38,83390.03
1790568780,83390.03,83450,83390.02,83418.04
1790568840,83418.03,83430.53,83418.03,83430.53
1790568900,83430.52,83430.52,83403.31,83420.01
1790568960,83420.01,83420.01,83370.71,83370.73
1790569020,83370.74,83461.45,83370.73,83461.45
1790569080,83461.45,83494.01,83461.44,83494.01
1790569140,83494,83516.01,83490,83502.33
1790569200,83502.32,83512.01,83496.66,83496.66
1790569260,83496.66,83500.01,83479.41,83479.41
1790569320,83479.42,83491.36,83470,83491.35
1790569380,83491.36,83494.01,83491.35,83492.01
1790569440,83492.01,83511.04,83492,83500.02
1790569500,83500.02,83502.3,83478.14,83499.96
1790569560,83499.96,83499.97,83484.95,83484.95
1790569620,83484.96,83488.01,83479.59,83479.75
1790569680,83479.75,83488.01,83476,83483.9
1790569740,83483.9,83494.01,83480,83484.57
1790569800,83484.58,83484.58,83480,83480
1790569860,83480,83480.01,83450,83460.01
1790569920,83460,83462.01,83456.1,83456.11
1790569980,83456.11,83456.11,83443.64,83446.01
1790570040,83446,83451.72,83435.7,83451.71
1790570100,83451.72,83454.01,83446,83449.41
1790570160,83449.42,83460.01,83449.41,83460
1790570220,83460,83460,83437.11,83454.99
1790570280,83454.99,83480.01,83454.99,83480.01
1790570340,83480,83484.01,83472.46,83472.47
1790570400,83472.47,83472.47,83462.96,83462.96
1790570460,83462.97,83468.01,83462.96,83468.01
1790570520,83468.01,83507.98,83468,83507.98
1790570580,83507.98,83526.01,83507.97,83508.01
1790570640,83508.01,83508.01,83500,83500.01
1790570700,83500,83500.01,83485.06,83485.06
1790570760,83485.06,83485.07,83475.36,83475.37
1790570820,83475.37,83475.37,83447.5,83447.5
1790570880,83447.5,83447.5,83436.58,83436.58
1790570940,83436.59,83436.59,83436.58,83436.58
1790571000,83436.59,83481.8,83436.59,83481.79
1790571060,83481.79,83481.8,83481.79,83481.79
1790571120,83481.79,83500.01,83481.79,83500
1790571180,83500,83500.01,83500,83500.01
1790571240,83500,83500.01,83479.59,83479.59
1790571300,83479.6,83479.6,83464,83464.01
1790571360,83464,83475.5,83458.9,83458.9
1790571420,83458.9,83511.57,83458.9,83511.01
1790571480,83511.01,83511.02,83496,83511.01
1790571540,83511.01,83511.01,83490.2,83490.21
1790571600,83490.2,83534.01,83490.2,83532.96
1790571660,83532.97,83532.97,83515,83515
1790571720,83515.01,83515.01,83416.76,83421.24
1790571780,83421.24,83421.24,83367.05,83405.85
1790571840,83405.85,83405.85,83367.06,83388.02
1790571900,83388.02,83439.27,83386,83428.05
1790571960,83428.04,83428.04,83402.38,83402.39
1790572020,83402.38,83402.38,83380,83380
1790572080,83380,83380.01,83362.67,83369.02
1790572140,83369.03,83369.03,83350,83358
1790572200,83358.01,83364.01,83357.99,83364
1790572260,83364,83364.01,83342,83342.01
1790572320,83342.01,83361.31,83339.61,83339.62
1790572380,83339.61,83339.62,83299.28,83310
1790572440,83309.99,83335.38,83251.25,83335.38
1790572500,83335.38,83354.34,83335.37,83343.94
1790572560,83343.94,83343.94,83208.84,83253.6
1790572620,83253.6,83262.98,83213.35,83252.01
1790572680,83252.01,83258.76,83206,83240.44
1790572740,83240.44,83258.8,83227.51,83245.99
1790572800,83246,83268.32,83230.01,83242.01
1790572860,83242,83242,83228.61,83231.3
1790572920,83231.29,83239.56,83192,83192.01
1790572980,83192,83192.01,83050,83081.53
1790573040,83081.54,83108.44,83068.32,83068.32
1790573100,83068.33,83086.62,83030,83030.01
1790573160,83030.01,83077.01,83026.17,83077
1790573220,83077.01,83117.42,83077.01,83107.08
1790573280,83107.08,83132,83107.07,83114.81
1790573340,83114.81,83116.24,83066.98,83066.98
1790573400,83066.98,83077,83034.45,83067.37
1790573460,83067.37,83088.09,83041.16,83050.01
1790573520,83050,83050.01,83002,83004.96
1790573580,83004.96,83004.96,82953.04,82953.04
1790573640,82953.04,82953.05,82920,82920.01
1790573700,82920.01,82952,82920,82940.75
1790573760,82940.75,82940.75,82901,82922.51
1790573820,82922.51,82930,82890.53,82920.98
1790573880,82920.97,82930,82705.02,82705.89
1790573940,82705.89,82815.45,82705.89,82772.48
1790574000,82772.48,82883.76,82764.2,82883.76
1790574060,82883.76,82972,82883.75,82972
1790574120,82972,83067.8,82971.99,83067.8
1790574180,83067.79,83100,83004.13,83099.99
1790574240,83100,83150.01,83099.99,83140.66
1790574300,83140.67,83182.99,83110.01,83117.75
1790574360,83117.74,83160.01,83066.02,83156
1790574420,83156.01,83198.01,83156,83183
1790574480,83183,83183.01,83126.72,83126.72
1790574540,83126.73,83151.29,83126.72,83141.29
1790574600,83141.3,83141.3,83080.73,83080.74
1790574660,83080.74,83087.27,83052,83087.27
1790574720,83087.26,83124.97,83074.08,83120.84
1790574780,83120.85,83120.85,83060.75,83060.76
1790574840,83060.76,83131.01,83060.76,83131.01
1790574900,83131,83131,83118.01,83129.02
1790574960,83129.02,83178.01,83129.02,83178.01
1790575020,83178.01,83178.01,83172,83174.01
1790575080,83174,83195.22,83174,83195.18
1790575140,83195.18,83195.18,83184,83184.01
1790575200,83184,83184,83140.92,83140.92
1790575260,83140.93,83150.56,83140.92,83150.56
1790575320,83150.56,83150.56,83150.55,83150.56
1790575380,83150.55,83194.04,83150.55,83161.05
1790575440,83161.05,83188.03,83150.5,83150.5
1790575500,83150.51,83192,83150.5,83191.99
1790575560,83192,83238.01,83191.99,83235.34
1790575620,83235.33,83249,83194,83198.01
1790575680,83198.01,83218.01,83180,83208.64
1790575740,83208.64,83240.02,83208.64,83240.02
1790575800,83240.01,83240.03,83239.36,83239.37
1790575860,83239.36,83286,83239.36,83282.01
1790575920,83282.01,83295.84,83276,83295.84
1790575980,83295.84,83295.84,83262.72,83262.72
1790576040,83262.73,83266.01,83246,83247.35
1790576100,83247.34,83247.35,83202.8,83231.98
1790576160,83231.99,83254.01,83231.98,83248
1790576220,83248.01,83248.01,83190,83208
1790576280,83208,83208.01,83197.77,83197.77
1790576340,83197.78,83197.78,83182.01,83186
1790576400,83186,83200,83129.11,83141.99
1790576460,83142,83172.01,83141.34,83172.01
1790576520,83172,83178,83122.67,83122.68
1790576580,83122.68,83130.01,83104.01,83130
1790576640,83130.01,83130.01,83095.73,83095.74
1790576700,83095.74,83102.01,83083.21,83096
1790576760,83096.01,83122.01,83090.62,83122
1790576820,83122.01,83122.01,83081.96,83081.97
1790576880,83081.97,83090.01,83081.96,83090
1790576940,83090,83090.01,83057.75,83062
1790577000,83062,83079.56,83046,83079.55
1790577060,83079.55,83128.01,83079.55,83128.01
1790577120,83128,83170.01,83119.96,83155.22
1790577180,83155.22,83155.23,83104,83121.76
1790577240,83121.77,83146.01,83104.19,83142.67
1790577300,83142.67,83151.79,83125.86,83151.78
1790577360,83151.78,83158.01,83122,83122
1790577420,83122.01,83122.01,83104,83104.01
1790577480,83104.01,83120.37,83102.61,83102.62
1790577540,83102.62,83109.09,83102.61,83109.08
1790577600,83109.09,83142.93,83109.08,83122.16
1790577660,83122.16,83188.88,83122.16,83164.01
1790577720,83164,83210,83164,83208.66
1790577780,83208.67,83218.01,83208.67,83218
1790577840,83218,83218.01,83186.94,83186.95
1790577900,83186.94,83218.01,83175.7,83218
1790577960,83218.01,83233.28,83200,83200
1790578020,83200,83200.01,83163.19,83182.76
1790578080,83182.76,83186,83170,83178.38
1790578140,83178.37,83181.15,83170.01,83181.14
1790578200,83181.15,83181.15,83153.72,83157.89
1790578260,83157.88,83158.49,83122.16,83137.3
1790578320,83137.3,83154.01,83122.17,83148.67
1790578380,83148.68,83194.01,83148.67,83194.01
1790578440,83194.01,83194.01,83131.61,83131.62
1790578500,83131.62,83146,83128.57,83128.57
1790578560,83128.57,83135.08,83127.3,83128.64
1790578620,83128.64,83135,83122.16,83134.99
1790578680,83135,83146,83134.99,83146
1790578740,83146,83164.78,83145.99,83164.78
1790578800,83164.78,83210.01,83164.78,83208
1790578860,83208.01,83242.01,83194,83242
1790578920,83242.01,83268.57,83242,83268.56
1790578980,83268.56,83291.66,83232.96,83240.01
1790579040,83240,83269.85,83210.01,83265.78
1790579100,83265.78,83265.78,83171.36,83171.36
1790579160,83171.37,83174.01,83159.12,83159.12
1790579220,83159.13,83166.91,83126.47,83126.47
1790579280,83126.48,83126.48,83118.31,83119.65
1790579340,83119.66,83138.01,83119.65,83138.01
1790579400,83138.01,83164.01,83122,83122
1790579460,83122.01,83122.01,83122,83122
1790579520,83122.01,83122.01,83110.16,83110.16
1790579580,83110.17,83114.25,83100,83100.01
1790579640,83100,83100.01,83058.59,83086
1790579700,83086.01,83106.01,83076.01,83106.01
1790579760,83106.01,83144.01,83106,83134.86
1790579820,83134.86,83150.01,83125.39,83125.39
1790579880,83125.4,83137.36,83121.32,83133.15
1790579940,83133.15,83158.01,83133.15,83147.85
1790580000,83147.86,83156.01,83134,83156.01
1790580060,83156,83156.01,83123.85,83134
1790580120,83134.01,83134.01,83080.6,83080.61
1790580180,83080.6,83080.61,83018,83018.01
1790580240,83018,83018.01,82976,82976.01
1790580300,82976.01,83048.15,82975,83016.01
1790580360,83016,83016.01,82980.02,82980.03
1790580420,82980.03,82996.01,82938.98,82945.68
1790580480,82945.67,82950,82938.99,82946
1790580540,82946.01,82958.01,82940.02,82942.01
1790580600,82942.01,82988.01,82942,82988.01
1790580660,82988,82999.99,82970,82976.01
1790580720,82976.01,83004.68,82954.16,82954.16
1790580780,82954.17,82960,82950.92,82960
1790580840,82960,82999.48,82930.79,82999.48
1790580900,82999.48,83049.77,82999.47,83029.37
1790580960,83029.37,83057.85,83026.48,83034.74
1790581020,83034.75,83045.7,83002,83037.98
1790581080,83037.99,83037.99,82954,82956.48
1790581140,82956.49,82964.15,82924,82924.01
1790581200,82924.01,82994.23,82922.01,82982.02
1790581260,82982.02,83000,82974.01,82978.01
1790581320,82978.01,82978.01,82952.5,82952.5
1790581380,82952.51,82959.14,82940,82944
1790581440,82944.01,82944.71,82920,82944.71
1790581500,82944.71,82961.38,82934,82944.01
1790581560,82944.01,82972.01,82944,82955.47
1790581620,82955.48,82969.2,82955.47,82969.2
1790581680,82969.19,83038.97,82969.19,83022.01
1790581740,83022.01,83022.01,82968,82981.69
1790581800,82981.69,83018.15,82970,83018.14
1790581860,83018.15,83046.18,83018.15,83046
1790581920,83046,83046.01,83016,83016
1790581980,83016,83021.4,82986.32,83010.37
1790582040,83010.37,83054.13,83010.37,83054.13
1790582100,83054.13,83127.34,83054.12,83127.34
1790582160,83127.34,83130.01,83082,83082.01
1790582220,83082.01,83082.01,82976,82976
1790582280,82976,82999.36,82950,82986.12
1790582340,82986.12,83014,82966,82966.01
1790582400,82966,83034.76,82924.01,83034.75
1790582460,83034.76,83093.88,83034.75,83093.88
1790582520,83093.88,83147.2,83087.04,83145.75
1790582580,83145.74,83160.33,83078,83078
1790582640,83078.01,83126.33,83060,83098.32
1790582700,83098.31,83098.32,83048.87,83048.88
1790582760,83048.88,83057.16,83002,83002.01
1790582820,83002.01,83034.5,82960,82960.25
1790582880,82960.25,83046.38,82960.25,83016.01
1790582940,83016.01,83038.41,82991.72,83003.76
1790583000,83003.76,83006.01,82955.91,82995.65
1790583060,82995.65,83019.92,82986,82996
1790583120,82996,82999.22,82962.01,82989.11
1790583180,82989.11,83023.28,82960,83010
1790583240,83010,83067.16,82998.42,83040.06
1790583300,83040.06,83061.84,83014,83041.94
1790583360,83041.94,83069.72,83000.49,83069.71
1790583420,83069.71,83069.71,83004,83009.13
1790583480,83009.12,83045.39,82956,82957.99
1790583540,82957.99,82961.53,82940.23,82957.77
1790583600,82957.77,82957.77,82914.29,82922.08
1790583660,82922.07,82936.94,82900,82926.44
1790583720,82926.45,82927.27,82904.25,82908.02
1790583780,82908.02,82912.96,82888.88,82910.83
1790583840,82910.83,82910.84,82824.12,82834.53
1790583900,82834.52,82868.74,82829.85,82829.85
1790583960,82829.86,82931,82829.85,82931
1790584020,82931,82943.99,82862.59,82862.6
1790584080,82862.59,82884.12,82862.59,82865.7
1790584140,82865.71,82865.71,82834.96,82844.01
1790584200,82844.01,82888.01,82844.01,82866.01
1790584260,82866.01,82888,82866,82887.99
1790584320,82887.98,82920.01,82887.98,82920
1790584380,82919.99,82947.64,82919.99,82947.63
1790584440,82947.62,82972.01,82930.44,82952
1790584500,82952.01,82972.01,82947.15,82947.16
1790584560,82947.16,82947.16,82896,82920.01
1790584620,82920,82933.12,82850.01,82850.01
1790584680,82850.01,82882,82784,82881.99
1790584740,82882,82882,82834,82878
1790584800,82878.01,82910.9,82862.09,82878.38
1790584860,82878.38,82882.41,82850,82882.4
1790584920,82882.41,82890.01,82856,82889.99
1790584980,82889.99,82905.72,82882.42,82886.41
1790585040,82886.42,82922,82886.41,82922
1790585100,82922,82929.99,82910,82910
1790585160,82910.01,82962,82910,82962
1790585220,82961.99,82987.65,82961.99,82983.65
1790585280,82983.65,82983.66,82960.62,82960.83
1790585340,82960.83,82960.84,82917.58,82917.58
1790585400,82917.58,82929.67,82913.62,82925.98
1790585460,82925.99,82962.01,82925.98,82962
1790585520,82962.01,82970.91,82924,82970.91
1790585580,82970.9,83000,82970.9,83000
1790585640,82999.99,83030.01,82990,82990
1790585700,82990,82998.01,82965.29,82980.65
1790585760,82980.66,82986.01,82976,82984.67
1790585820,82984.68,82991.49,82984,82991.48
1790585880,82991.48,83000,82956.05,82957.02
1790585940,82957.03,82962.01,82957.02,82962
1790586000,82962.01,83003.67,82952.01,83000.03
1790586060,83000.03,83000.03,82937.78,82937.78
1790586120,82937.79,82937.79,82795.81,82795.82
1790586180,82795.81,82804,82741.92,82760.78
1790586240,82760.77,82769.03,82736.75,82769.02
1790586300,82769.03,82776.01,82723.6,82758
1790586360,82758.01,82770.26,82724.34,82727.05
1790586420,82727.05,82788.01,82710,82740.01
1790586480,82740,82740.01,82618.01,82651.99
1790586540,82651.99,82675,82613.13,82630
1790586600,82630,82668.01,82621.21,82668.01
1790586660,82668.01,82726.01,82668,82726
1790586720,82726,82762.01,82726,82756.25
1790586780,82756.25,82838,82756.25,82838
1790586840,82837.99,82879.99,82837.99,82879.11
1790586900,82879.11,82966.01,82879.11,82956
1790586960,82956,82969.98,82844,82852.01
1790587020,82852,82872.01,82825.58,82855.33
1790587080,82855.33,82884.8,82855.33,82882.52
1790587140,82882.52,82927.13,82882.52,82922.88
1790587200,82922.87,82949.99,82751.81,82908
1790587260,82908.01,82968.01,82908,82942.01
1790587320,82942.01,82942.01,82918.51,82918.93
1790587380,82918.93,82918.94,82892,82892
1790587440,82892,82892.01,82854.01,82854.02
1790587500,82854.02,82859.34,82839.3,82844.35
1790587560,82844.35,82844.35,82796.28,82796.28
1790587620,82796.28,82796.28,82765.3,82765.31
1790587680,82765.3,82794.25,82758,82794.24
1790587740,82794.24,82818.01,82788,82818.01
1790587800,82818,82844.3,82812.23,82844.3
1790587860,82844.3,82844.3,82816,82824
1790587920,82824,82844.32,82820.66,82827.49
1790587980,82827.5,82827.5,82786.78,82786.78
1790588040,82786.78,82786.79,82721.89,82721.9
1790588100,82721.89,82729.54,82716,82716
1790588160,82716,82716,82648.23,82662.82
1790588220,82662.82,82670.01,82625.21,82625.22
1790588280,82625.22,82642.68,82597.55,82597.56
1790588340,82597.55,82648.01,82597.55,82626.01
1790588400,82626.01,82647.13,82626,82644.29
1790588460,82644.3,82656.01,82638.01,82656.01
1790588520,82656.01,82657.68,82636.01,82657.68
1790588580,82657.68,82669.7,82648,82648
1790588640,82648,82648.01,82610.01,82626.01
1790588700,82626,82668.86,82626,82655.66
1790588760,82655.65,82668.01,82647.24,82664.88
1790588820,82664.89,82692.01,82664.88,82690.89
1790588880,82690.67,82728.24,82690.67,82728.24
1790588940,82728.24,82761.38,82728.23,82752.34
1790589000,82752.34,82780.01,82752.34,82778.1
1790589060,82778.09,82778.1,82736.71,82745.11
1790589120,82745.11,82751.14,82705.24,82705.24
1790589180,82705.25,82705.25,82640.14,82640.15
1790589240,82640.14,82663.98,82620,82620
1790589300,82620,82639.84,82613.71,82638
1790589360,82638,82638,82622,82626.11
1790589420,82626.12,82660.01,82626.11,82656.48
1790589480,82656.49,82656.49,82653.73,82653.73
1790589540,82653.74,82666.01,82626.06,82666.01
1790589600,82666.01,82748.01,82666.01,82747.58
1790589660,82747.58,82748.01,82739.73,82744.91
1790589720,82744.91,82763.67,82744.91,82753.99
1790589780,82753.99,82813.12,82753.99,82813.11
1790589840,82813.11,82868.41,82812.01,82836.28
1790589900,82836.28,82836.29,82798,82802
1790589960,82802,82802.02,82778.86,82801.99
1790590020,82802,82802,82758.94,82758.94
1790590080,82758.94,82758.94,82715.38,82718
1790590140,82717.99,82758.01,82717.99,82758.01
1790590200,82758,82758.01,82710.32,82710.32
1790590260,82710.32,82710.33,82676.47,82708
1790590320,82708,82749.97,82693.08,82708
1790590380,82708.01,82710,82683.98,82696
1790590440,82696,82763.82,82682,82762.04
1790590500,82762.03,82812.01,82762.03,82812
1790590560,82812.01,82815.53,82805.19,82809.36
1790590620,82809.36,82834.01,82795.79,82795.79
1790590680,82795.8,82807.99,82770.59,82778.67
1790590740,82778.68,82786,82751.83,82751.83
1790590800,82751.82,82757.08,82736,82749.43
1790590860,82749.43,82753.35,82734.19,82751.9
1790590920,82751.91,82779.64,82751.91,82764.27
1790590980,82764.28,82766.78,82747.03,82766.77
1790591040,82766.77,82816.89,82766.77,82816.89
1790591100,82816.88,82840.01,82816.88,82840
1790591160,82840.01,82850,82840,82850
1790591220,82849.99,82850,82796.02,82805.98
1790591280,82805.99,82829.74,82805.98,82806
1790591340,82806,82816.94,82800,82816.93
1790591400,82816.94,82820.01,82773.91,82773.92
1790591460,82773.91,82821.75,82773.91,82821.75
1790591520,82821.74,82821.75,82784.26,82801.05
1790591580,82801.06,82838.01,82801.05,82838.01
1790591640,82838.01,82873.84,82838,82871.77
1790591700,82871.77,82910.01,82871.76,82910.01
1790591760,82910.01,82914.01,82906.21,82906.22
1790591820,82906.22,82940,82906.22,82910
1790591880,82910.01,82913.99,82902,82910.01
1790591940,82910,82932.85,82910,82932.85
1790592000,82932.85,82958.18,82932.84,82935
1790592060,82935,82958.01,82935,82948
1790592120,82948,82948.01,82938,82938.01
1790592180,82938.01,82938.01,82934.59,82934.6
1790592240,82934.59,82950,82934.59,82950
1790592300,82950,82950,82908.4,82927.34
1790592360,82927.35,82950,82903.87,82909.92
1790592420,82909.93,82920.01,82896,82896
1790592480,82896.01,82896.01,82868,82868.01
1790592540,82868,82928.01,82862,82898.01
1790592600,82898.01,82928.01,82887.99,82922.13
1790592660,82922.13,82937.39,82902.57,82902.57
1790592720,82902.58,83064.51,82902.58,83044
1790592780,83044,83044,83002,83002.01
1790592840,83002.01,83002.01,82974.87,82974.88
1790592900,82974.88,82984.92,82968,82984.92
1790592960,82984.91,83006.29,82969.42,82990.41
1790593020,82990.41,82996.45,82968,82971.34
1790593080,82971.33,82971.34,82966,82966.01
1790593140,82966.01,82966.01,82956,82960
1790593200,82960.01,83055.65,82960,83020.78
1790593260,83020.79,83048.99,82994,82998.01
1790593320,82998.01,83017.27,82982.32,83017.27
1790593380,83017.26,83040.68,82991.76,83017.99
1790593440,83017.99,83018,82984.2,83017.12
1790593500,83017.13,83037.7,82994,83024.24
1790593560,83024.25,83044.71,83024.25,83025.32
1790593620,83025.31,83038.02,83000,83022.07
1790593680,83022.06,83030.01,83008,83018.01
1790593740,83018.01,83026,83016.42,83016.42
1790593800,83016.42,83016.43,82996.91,83002
1790593860,83002,83002.01,82986.76,82986.77
1790593920,82986.77,82986.77,82985.29,82985.29
1790593980,82985.29,83000,82974,82989.31
1790594040,82989.31,82996.01,82982,82994.01
1790594100,82994.01,83039.83,82982.01,83013.24
1790594160,83013.24,83067.03,82979.23,83032
1790594220,83032.01,83075.09,83032,83075.09
1790594280,83075.08,83078.24,83016.01,83016.02
1790594340,83016.01,83016.02,82984.53,83010.01
1790594400,83010,83010.01,82969.97,82987.89
1790594460,82987.89,82987.9,82978,82978
1790594520,82978,83025.23,82978,83005.12
1790594580,83005.13,83067.37,83005.12,83061.57
1790594640,83061.58,83063.45,83020,83040.01
1790594700,83040,83040.01,82994,82994
1790594760,82994.01,83016,82994,83016
1790594820,83016.01,83016.01,83002.52,83016
1790594880,83016.01,83021.06,83016,83017.04
1790594940,83017.04,83021.07,83017.04,83021.05
1790595000,83021.05,83034,82992.88,82992.88
1790595060,82992.89,83025.45,82992.88,83008.49
1790595120,83008.49,83011.71,82986.59,82986.59
1790595180,82986.59,82994,82982.53,82993.99
1790595240,82994,83045.19,82993.99,83044.64
1790595300,83044.64,83051.5,83027.7,83027.7
1790595360,83027.7,83027.71,83017.72,83025.26
1790595420,83025.25,83070.01,83025.25,83050.01
1790595480,83050,83063.85,83050,83056
1790595540,83056,83070.01,83056,83070.01
1790595600,83070.01,83088.01,83056,83068.01
1790595660,83068.01,83076.01,83068.01,83076
1790595720,83076.01,83092.01,83072.8,83072.81
1790595780,83072.81,83111,83064,83093.26
1790595840,83093.25,83093.26,83069.71,83069.98
1790595900,83069.98,83069.99,83055,83055
1790595960,83055.01,83055.01,83047.2,83047.21
1790596020,83047.2,83047.21,83025.33,83025.33
1790596080,83025.32,83025.32,83002.39,83002.4
1790596140,83002.39,83006.34,82998.06,82998.06
1790596200,82998.07,82998.07,82984,82984
1790596260,82984,83010.01,82984,83010
1790596320,83010.01,83028.31,82993.15,82993.15
1790596380,82993.16,82996.01,82981.08,82981.09
1790596440,82981.09,82981.09,82981.08,82981.08
1790596500,82981.09,82999.99,82981.08,82999.99
1790596560,82999.99,83062.24,82999.98,83050.01
1790596620,83050,83086,83050,83080.53
1790596680,83080.53,83082.02,83080.53,83082.02
1790596740,83082.02,83082.54,83080,83082.54
1790596800,83082.53,83082.54,83034.56,83058.84
1790596860,83058.84,83060.01,83032,83054.01
1790596920,83054,83054.01,83011.48,83050
1790596980,83050,83050,83042,83050
1790597040,83049.99,83246.98,83049.99,83246.18
1790597100,83246.18,83370.21,83241.74,83357.11
1790597160,83357.11,83443.45,83351.09,83392.14
1790597220,83392.14,83459.56,83364.85,83447.81
1790597280,83447.81,83450.5,83357.24,83399.07
1790597340,83399.07,83477.07,83399.06,83469.06
1790597400,83469.06,83500,83432.1,83439.11
1790597460,83439.11,83469.44,83421.32,83421.32
1790597520,83421.33,83421.33,83356.83,83356.83
1790597580,83356.83,83358.91,83300,83322.89
1790597640,83322.89,83383.91,83316.48,83383.9
1790597700,83383.9,83383.9,83300.01,83300.01
1790597760,83300.02,83337.72,83284.49,83323.64
1790597820,83323.65,83356.27,83318.44,83348.36
1790597880,83348.35,83420.79,83347.05,83347.06
1790597940,83347.05,83416.72,83347.05,83416.67
1790598000,83416.67,83466.15,83406.62,83466.15
1790598060,83466.15,83466.15,83374,83374
1790598120,83374.01,83374.01,83323,83323
1790598180,83323,83357.37,83314.37,83357.37
1790598240,83357.37,83388.01,83357.37,83387.63
1790598300,83387.64,83387.64,83278.24,83279.99
1790598360,83280,83405.28,83279.99,83368.01
1790598420,83368.01,83380.01,83358.04,83380.01
1790598480,83380,83394.01,83363.93,83363.93
1790598540,83363.93,83369.71,83353.93,83369.7
1790598600,83369.7,83371.26,83333.09,83333.09
1790598660,83333.1,83333.1,83293.18,83304.8
1790598720,83304.8,83318.01,83293.18,83318.01
1790598780,83318.01,83352,83318,83352
1790598840,83352,83396.04,83351.99,83396.04
1790598900,83396.04,83430.01,83396.04,83421.99
1790598960,83422,83422,83390.69,83412.15
1790599020,83412.15,83412.16,83355,83355.01
1790599080,83355.01,83355.01,83314,83317.96
1790599140,83317.95,83335.61,83317.95,83324
1790599200,83324,83330.02,83270.26,83270.27
1790599260,83270.27,83299.12,83270.27,83292
1790599320,83292.01,83292.01,83270.26,83272.63
1790599380,83272.64,83295.75,83272.63,83284.37
1790599440,83284.38,83340.92,83284.37,83340.91
1790599500,83340.92,83410.8,83340.92,83410.8
1790599560,83410.8,83466.51,83410.79,83454.76
1790599620,83454.75,83454.75,83395.09,83402
1790599680,83402,83445.81,83384.5,83425.74
1790599740,83425.75,83430.86,83409.16,83409.16
1790599800,83409.17,83437.18,83403.71,83424.58
1790599860,83424.57,83437.77,83405.84,83425.36
1790599920,83425.36,83499.99,83416.6,83488.05
1790599980,83488.05,83539.9,83453.97,83539.9
1790600040,83539.9,83583.61,83524.42,83573.47
1790600100,83573.47,83631.43,83526.81,83536.13
1790600160,83536.13,83544.01,83517.6,83544.01
1790600220,83544.01,83621.43,83517.63,83602.92
1790600280,83602.92,83602.92,83585.42,83596.1
1790600340,83596.09,83596.1,83544.36,83579.75
1790600400,83579.75,83579.76,83472.57,83478.97
1790600460,83478.97,83479.48,83443.2,83450
1790600520,83450,83450.01,83423.07,83423.07
1790600580,83423.07,83426.97,83400,83412
1790600640,83412,83412.01,83395.65,83395.66
1790600700,83395.65,83400,83392,83392
1790600760,83392,83392.01,83365.64,83384.62
1790600820,83384.63,83410.01,83384.62,83402.59
1790600880,83402.59,83412.22,83338,83339.34
1790600940,83339.35,83339.35,83339.34,83339.34
1790601000,83339.35,83340.3,83310.71,83323.49
1790601060,83323.48,83361.4,83323.48,83361.4
1790601120,83361.4,83384.01,83359.63,83359.64
1790601180,83359.64,83372.01,83357.11,83372.01
1790601240,83372,83406.2,83372,83406.2
1790601300,83406.19,83408.01,83406.19,83408
1790601360,83408.01,83441.99,83407.04,83407.04
1790601420,83407.04,83444.88,83404,83404
1790601480,83404,83404.01,83360,83373.85
1790601540,83373.86,83395.97,83365.32,83395.97
1790601600,83395.97,83406.01,83384.02,83406.01
1790601660,83406,83416.01,83394.09,83408.39
1790601720,83408.38,83425.78,83390.49,83406.82
1790601780,83406.82,83418.01,83404,83418.01
1790601840,83418.01,83420,83408,83412.35
1790601900,83412.34,83462.55,83387.01,83462.55
1790601960,83462.56,83504.01,83462.56,83497.53
1790602020,83497.54,83523.79,83493.65,83518
1790602080,83518,83536.01,83506,83536.01
1790602140,83536.01,83567.48,83536,83567.47
1790602200,83567.48,83703.7,83490,83504.97
1790602260,83504.97,83568,83480,83480
1790602320,83480,83506.01,83434,83456.5
1790602380,83456.5,83532.01,83429.38,83514
1790602440,83514,83623.84,83500,83580
1790602500,83580,83665.68,83454.12,83454.12
1790602560,83454.12,83492.01,83388.03,83458.01
1790602620,83458,83618.81,83458,83542.05
1790602680,83542.05,83688.75,83542.05,83688.75
1790602740,83688.74,83812.32,83688.74,83723.86
1790602800,83723.86,83746.68,83661.07,83738.19
1790602860,83738.2,83796.45,83686.3,83717.22
1790602920,83717.21,83816.95,83717.21,83816.94
1790602980,83816.94,83816.94,83754.08,83771.46
1790603040,83771.46,83771.46,83686.53,83741.62
1790603100,83741.62,83776.01,83718.2,83756.01
1790603160,83756,83781.44,83682,83781.43
1790603220,83781.43,83820,83726.25,83784
1790603280,83784.01,83816.82,83750.97,83750.98
1790603340,83750.97,83750.98,83602.71,83602.72
1790603400,83602.72,83604.01,83484,83536
1790603460,83536,83549.63,83480,83500.9
1790603520,83500.91,83592.01,83486.58,83570.72
1790603580,83570.72,83694.87,83570.72,83680.77
1790603640,83680.77,83768.01,83680.76,83768.01
1790603700,83768.01,83800,83705.18,83705.18
1790603760,83705.18,83705.18,83628.01,83657.99
1790603820,83658,83678.01,83656.65,83660
1790603880,83660,83676.01,83632.92,83632.92
1790603940,83632.93,83666.01,83623.08,83641.99
1790604000,83641.99,83642,83511.64,83511.64
1790604060,83511.64,83519.26,83444.67,83444.68
1790604120,83444.67,83536.01,83444.67,83515.4
1790604180,83515.41,83515.41,83444.68,83452.01
1790604240,83452.01,83452.01,83394.38,83397.06
1790604300,83397.05,83444.01,83374,83374.01
1790604360,83374.01,83485.67,83326,83485.67
1790604420,83485.67,83520.01,83456,83520
1790604480,83520,83558,83500,83500
1790604540,83500,83518.33,83457.34,83465.27
1790604600,83465.27,83473.49,83441.09,83441.09
1790604660,83441.09,83524.01,83413.43,83522.17
1790604720,83522.17,83541.78,83495.3,83537.99
1790604780,83537.99,83538,83468,83474.01
1790604840,83474.01,83474.01,83372,83401.65
1790604900,83401.65,83418.01,83323.8,83323.8
1790604960,83323.81,83348.01,83270.26,83348.01
1790605020,83348.01,83452,83347.34,83376.64
1790605080,83376.64,83376.64,83266.74,83266.74
1790605140,83266.74,83388.01,83266.74,83380.27
1790605200,83380.27,83418.01,83332,83418.01
1790605260,83418,83480,83411.85,83472.49
1790605320,83472.5,83570.72,83472.5,83570.72
1790605380,83570.71,83570.72,83518,83534.02
1790605440,83534.02,83600,83506,83599.99
1790605500,83599.99,83609.42,83552,83568.04
1790605560,83568.03,83568.04,83460,83474.01
1790605620,83474.01,83494.01,83377.51,83377.52
1790605680,83377.52,83383.84,83274.2,83277.67
1790605740,83277.67,83277.68,83100,83244
1790605800,83244,83324.02,83220.7,83312.01
1790605860,83312.01,83316,83118,83118
1790605920,83118,83246.98,83095,83209.2
1790605980,83209.2,83322.01,83192,83258
1790606040,83258,83312.01,83240,83297.86
1790606100,83297.86,83372.55,83268,83372.55
1790606160,83372.55,83458.01,83372.55,83406.56
1790606220,83406.56,83480.01,83387.07,83387.08
1790606280,83387.07,83387.08,83310,83340
1790606340,83340.01,83470.01,83331.67,83418
1790606400,83418.01,83427.77,83364,83364
1790606460,83364,83364.01,83235.06,83242
1790606520,83242.01,83242.01,83000.01,83055.92
1790606580,83055.92,83071.47,82879.28,82879.29
1790606640,82879.28,82948.33,82856,82948.33
1790606700,82948.33,82992.19,82893.81,82967.29
1790606760,82967.28,83012.79,82929.6,82975.95
1790606820,82975.95,82975.95,82856,82865.5
1790606880,82865.5,82992.6,82820.97,82976
1790606940,82976,82984.06,82934.76,82954.34
1790607000,82954.35,83066.01,82954.34,83026.37
1790607060,83026.36,83035.42,82757.59,82757.6
1790607120,82757.59,82792.5,82703,82773.92
1790607180,82773.91,82869.99,82563,82860.01
1790607240,82860.01,82934.01,82860.01,82890.02
1790607300,82890.01,82898.01,82798.22,82846.17
1790607360,82846.17,82942.01,82828,82942.01
1790607420,82942,82994.01,82927.71,82979.03
1790607480,82979.04,82994,82916.81,82939.9
1790607540,82939.91,83020.01,82938.11,83020
1790607600,83020.01,83073.13,82988,83035.01
1790607660,83035,83060.01,83006.36,83010.35
1790607720,83010.36,83058.01,82995.79,83044.01
1790607780,83044.01,83069.14,83033.45,83052.29
1790607840,83052.3,83052.3,82979.01,82996.01
1790607900,82996.01,83041.52,82970,83041.51
1790607960,83041.51,83050.01,83007.51,83050
1790608020,83050,83053.14,82966,82980.95
1790608080,82981.93,83040.01,82981.93,83014.09
1790608140,83014.09,83212.01,82999.94,83212.01
1790608200,83212.01,83266.19,83182,83190.01
1790608260,83190,83190.01,82954.22,82954.23
1790608320,82954.23,83046.01,82929,83046
1790608380,83046,83058.01,82955.7,82984.68
1790608440,82984.68,83022.01,82933,82956.86
1790608500,82956.87,82980.01,82882.32,82956.01
1790608560,82956.01,82956.01,82900.45,82922
1790608620,82922,82941.95,82823.32,82846.14
1790608680,82846.13,82900,82827.76,82892.01
1790608740,82892,82964.01,82886,82904.79
1790608800,82904.79,82930.01,82875.49,82888.24
1790608860,82888.24,82905.06,82822,82905.05
1790608920,82905.06,82943.99,82855.75,82859.73
1790608980,82859.74,82921.88,82792,82906.01
1790609040,82906,83034.01,82895.66,82986
1790609100,82986,82994.8,82864,82976
1790609160,82976.01,83020.61,82916,83020.61
1790609220,83020.76,83049.87,82998.48,83048.86
1790609280,83048.86,83124.74,83048.86,83124.74
1790609340,83124.74,83126.01,83038.93,83068
1790609400,83068,83082.01,83020,83046.01
1790609460,83046,83052.01,83020.01,83024
1790609520,83024.01,83130.01,83024.01,83112.01
1790609580,83112.01,83130.01,83048,83048.01
1790609640,83048.01,83084.01,83046,83084.01
1790609700,83084,83134,83080,83133.99
1790609760,83133.99,83274.01,83133.99,83270.01
1790609820,83270,83285,83200,83281.61
1790609880,83281.61,83365.23,83261.64,83312.57
1790609940,83312.56,83312.57,83224,83300
1790610000,83300.01,83310.01,83230,83239.72
1790610060,83239.72,83286.01,83230,83286.01
1790610120,83286,83310.01,83240,83248
1790610180,83248.01,83248.01,83202,83202
1790610240,83202.01,83211.33,83188,83211.33
1790610300,83211.33,83258.01,83211.32,83253.99
1790610360,83254,83336.01,83216,83264
1790610420,83264,83292.01,83252,83292
1790610480,83292.01,83292.01,83248,83248.01
1790610540,83248.01,83284.01,83236,83284.01
1790610600,83284,83330.01,83284,83314
1790610660,83314,83314,83258,83258
1790610720,83258,83282.01,83230,83254
1790610780,83254,83283.99,83244,83276.01
1790610840,83276.01,83341.02,83252,83341.01
1790610900,83341.01,83380.01,83341.01,83344
1790610960,83344,83371.59,83336,83347.96
1790611020,83347.97,83390,83347.97,83350.01
1790611080,83350.01,83378.73,83350.01,83377.23
1790611140,83377.24,83397.18,83354.32,83370
1790611200,83370,83384.01,83338,83375.57
1790611260,83375.57,83430,83356,83378.01
1790611320,83378.01,83378.01,83306,83306
1790611380,83306.01,83306.01,83256,83260.01
1790611440,83260,83322.44,83260,83298.01
1790611500,83298.01,83320.01,83272,83278.01
1790611560,83278.01,83318.01,83278,83318
1790611620,83318.01,83418.59,83312,83384
1790611680,83384.01,83454.54,83384,83424.3
1790611740,83424.3,83434.01,83370,83410.01
1790611800,83410,83470.98,83410,83463.7
1790611860,83463.7,83480.01,83456,83458
1790611920,83458.01,83474,83416,83440.01
1790611980,83440,83440,83424.06,83424.06
1790612040,83424.06,83424.06,83400,83420.93
1790612100,83420.92,83432,83394.13,83394.13
1790612160,83394.14,83534.79,83378,83534.79
1790612220,83534.78,83693.78,83513.67,83692.43
1790612280,83692.43,83720.94,83552.96,83552.97
1790612340,83552.97,83660.44,83547.86,83660.43
1790612400,83660.43,83732.57,83640.31,83712.83
1790612460,83712.83,83778.52,83712.82,83730
1790612520,83730.01,83792.01,83728.95,83764.01
1790612580,83764,83875,83722,83875
1790612640,83874.99,83980,83837.57,83911.29
1790612700,83911.29,83938.54,83876,83923.21
1790612760,83923.21,84096.72,83923.21,84074.35
1790612820,84074.34,84188.9,84052,84188.89
1790612880,84188.89,84188.9,84064,84112.13
1790612940,84112.13,84151,83971.46,84012.01
1790613000,84012.01,84114.26,84007.99,84100
1790613060,84100,84100,84026.26,84042.01
1790613120,84042,84074.01,83959.08,83959.08
1790613180,83959.09,84000.48,83919.22,83954
1790613240,83954,84000.01,83926,83942
1790613300,83942,83998.01,83926.01,83952.92
1790613360,83952.91,83972.01,83944,83950.01
1790613420,83950.01,83950.01,83904.09,83930.01
1790613480,83930,83930.01,83868,83879.59
1790613540,83879.59,83879.59,83831.41,83831.41
1790613600,83831.41,83843.81,83788.01,83793.57
1790613660,83793.57,83800,83716,83716
1790613720,83716,83746.01,83682.6,83715.22
1790613780,83715.23,83729.13,83678.13,83695.29
1790613840,83695.29,83740.01,83684.37,83724
1790613900,83724,83776.01,83714,83714
1790613960,83714,83724.01,83666.66,83668.7
1790614020,83668.69,83686.01,83644.08,83663.67
1790614080,83663.67,83663.67,83605.8,83605.81
1790614140,83605.8,83614.01,83582,83600
1790614200,83600.01,83636.01,83584,83624.67
1790614260,83624.67,83624.67,83580.28,83616.01
1790614320,83616,83669.51,83584.01,83656.7
1790614380,83656.7,83688.01,83640,83688
1790614440,83688.01,83712.01,83680.64,83712.01
1790614500,83712.01,83724.01,83682.27,83696
1790614560,83696,83716.28,83678.23,83678.23
1790614620,83678.24,83699.51,83653,83676.02
1790614680,83676.02,83700,83676.02,83700
1790614740,83699.99,83723.1,83699.99,83723.1
1790614800,83723.1,83723.1,83599.12,83599.13
1790614860,83599.12,83628.01,83595,83599.42
1790614920,83599.42,83756.43,83586.01,83756.43
1790614980,83756.43,83759.12,83616,83650
1790615040,83650.01,83662,83634,83639.32
1790615100,83639.31,83639.32,83616,83624.72
1790615160,83624.72,83662.01,83582.76,83653.83
1790615220,83653.82,83653.82,83590.99,83590.99
1790615280,83591,83591,83563.11,83563.46
1790615340,83563.45,83580,83563.45,83570.71
1790615400,83570.71,83595.95,83563.45,83587.59
1790615460,83587.58,83983.36,83585.73,83976.32
1790615520,83976.33,84040,83916,84014.82
1790615580,84014.81,84166.66,83977.1,84152
1790615640,84152,84250,84109.59,84249.99
1790615700,84249.99,84271.99,84079.21,84208
1790615760,84208.01,84381.3,84208,84302
1790615820,84302.01,84324.62,84172,84176.72
1790615880,84176.66,84176.66,84068,84068
1790615940,84068.01,84080.38,84004.01,84030.3
1790616000,84030.31,84038.39,83973.11,84030.3
1790616060,84030.29,84063.18,84017.02,84024.28
1790616120,84024.27,84032.68,83987.13,84025.11
1790616180,84025.1,84071.41,83988.39,84001
1790616240,84001,84034.86,84000.99,84013.38
1790616300,84013.38,84013.39,83991.58,84011.98
1790616360,84011.97,84011.98,83929.03,83943.71
1790616420,83943.71,83943.72,83884,83886.51
1790616480,83886.52,83925.56,83880,83903.65
1790616540,83903.65,83941.89,83895.86,83905.01
1790616600,83905.01,84000,83899.02,83999.99
1790616660,83999.99,84000,83953.12,83984.95
1790616720,83984.95,84002.34,83957.4,83999.99
1790616780,83999.99,84000,83930.62,83930.62
1790616840,83930.62,83930.63,83878,83878
1790616900,83878,83931.63,83875,83931.63
1790616960,83931.62,83951.08,83926.84,83929.54
1790617020,83929.53,83943.95,83852,83852
1790617080,83852.01,83952.01,83852,83942.96
1790617140,83942.95,83942.95,83923.18,83931.73
1790617200,83931.74,83956.01,83913.26,83931.78
1790617260,83931.78,84016.01,83924.62,84016.01
1790617320,84016,84016.01,83942.46,83992.65
1790617380,83992.65,84026.01,83987.62,84004.79
1790617440,84004.79,84015,83995.13,84014.99
1790617500,84014.98,84054.01,83999.19,84010.53
1790617560,84010.52,84010.53,83978.66,83988.07
1790617620,83988.06,83988.07,83934,83934
1790617680,83934,83958.2,83931.57,83955.68
1790617740,83955.68,83955.68,83916.32,83918.52
1790617800,83918.53,83921.03,83894,83894.01
1790617860,83894,83895.08,83866,83895.08
1790617920,83895.07,83966.01,83895.07,83966
1790617980,83966,83966,83905.54,83905.54
1790618040,83905.54,83917.53,83879.91,83879.91
1790618100,83879.91,83897.66,83842.01,83897.66
1790618160,83899.99,83930.63,83899.99,83912.36
1790618220,83912.37,83940.1,83912.36,83930
1790618280,83929.99,83930,83904,83904.01
1790618340,83904.01,83904.01,83880.33,83880.33
1790618400,83880.34,83880.34,83846.94,83851.5
1790618460,83851.49,83887.22,83850,83887.22
1790618520,83887.21,83964.01,83887.21,83964.01
1790618580,83964.01,83966.01,83938.18,83938.19
1790618640,83938.18,83974.01,83938.18,83962.62
1790618700,83962.62,83969.01,83944.45,83947.15
1790618760,83947.14,83954.91,83910.28,83923.85
1790618820,83923.85,83923.86,83899.8,83903.83
1790618880,83903.84,83943.33,83903.83,83943.33
1790618940,83943.32,83943.32,83913.94,83917.96
1790619000,83917.97,83960.01,83917.96,83941.14
1790619060,83941.15,83960,83932.75,83960
1790619120,83960.01,83972.15,83950.83,83950.83
1790619180,83950.83,83960.05,83940.66,83960.05
1790619240,83960.05,83972.15,83960.04,83972.15
1790619300,83972.15,83992.01,83959.65,83959.65
1790619360,83959.65,83965.39,83937.08,83965.38
1790619420,83965.38,83973.65,83902.58,83902.59
1790619480,83902.58,83939.07,83899.37,83927.46
1790619540,83927.46,83927.46,83903.45,83916.9
1790619600,83916.89,83943.36,83903.45,83928.34
1790619660,83928.34,83934.98,83921.14,83929.56
1790619720,83929.57,83990.31,83929.56,83990.3
1790619780,83990.3,83994.01,83949.95,83949.95
1790619840,83949.95,83968.33,83937.34,83968.32
1790619900,83968.32,83995.7,83945.41,83951.79
1790619960,83951.79,83972.32,83947.59,83972.32
1790620020,83972.32,84000,83972.32,83988.62
1790620080,83988.62,83988.62,83934.24,83953.65
1790620140,83953.64,83953.65,83938.35,83938.36
1790620200,83938.35,83954.89,83894.84,83933.76
1790620260,83933.75,83933.76,83872,83895.71
1790620320,83895.72,83895.72,83806.35,83806.36
1790620380,83806.36,83834.62,83800,83814.99
1790620440,83814.99,83877.85,83814.99,83877.84
1790620500,83877.84,83877.85,83850.34,83877.85
1790620560,83877.84,83887.49,83861.17,83886.15
1790620620,83886.16,83904.01,83877.14,83877.14
1790620680,83877.14,83890.67,83846.01,83846.01
1790620740,83846,83846.01,83800.01,83816.94
1790620800,83816.94,83838.56,83805.55,83838.55
1790620860,83838.56,83862.99,83816.94,83846.65
1790620920,83846.65,83864.38,83830.48,83830.49
1790620980,83830.49,83833.36,83816.94,83833.36
1790621040,83833.36,83869.5,83833.35,83869.49
1790621100,83869.49,83869.49,83818.48,83827.9
1790621160,83827.91,83842.26,83827.91,83831.62
1790621220,83831.62,83890.05,83810.35,83890.05
1790621280,83890.04,83952.96,83877.88,83904.29
1790621340,83904.28,83904.28,83868.39,83879
1790621400,83878.99,83914.97,83878.99,83895.84
1790621460,83895.85,83917.46,83895.84,83916.11
1790621520,83916.11,83976.01,83916.1,83976
1790621580,83976,84029.27,83973.32,84009.42
1790621640,84009.43,84031.52,83983.95,84031.52
1790621700,84031.52,84040.01,83998.64,84024.08
1790621760,84024.09,84035.69,84000,84002.71
1790621820,84002.71,84038.89,84002.71,84020.69
1790621880,84020.7,84038.11,84020.69,84038.1
1790621940,84038.11,84045.23,84038.1,84041.19
1790622000,84041.19,84045.23,83981.1,83981.11
1790622060,83981.1,83981.11,83922.32,83937.14
1790622120,83937.14,83937.15,83878,83881.49
1790622180,83881.49,83895.28,83858,83858
1790622240,83858.01,83858.01,83818.18,83818.18
1790622300,83818.18,83823.05,83789.09,83823.05
1790622360,83823.06,83823.06,83748.01,83748.01
1790622420,83748,83767.34,83716.16,83720.13
1790622480,83720.13,83747.17,83715.78,83727.28
1790622540,83726.28,83726.28,83668.07,83668.07
1790622600,83668.07,83690.87,83658.05,83668.7
1790622660,83668.71,83700,83666.73,83666.73
1790622720,83666.73,83713.81,83665.46,83713.8
1790622780,83713.81,83756.58,83713.8,83748.28
1790622840,83748.28,83748.28,83721.27,83727.59
1790622900,83727.59,83727.59,83674.75,83708.3
1790622960,83708.31,83732.52,83680.64,83680.65
1790623020,83680.64,83725.79,83680.64,83713.43
1790623080,83713.42,83724.25,83690.77,83724.24
1790623140,83724.25,83737.5,83690.76,83737.5
1790623200,83737.5,83737.5,83694.93,83694.93
1790623260,83694.93,83711.33,83676.85,83699.48
1790623320,83699.48,83701.39,83680.53,83686.4
1790623380,83686.39,83686.4,83670.89,83670.89
1790623440,83670.89,83678.38,83663.45,83678.37
1790623500,83678.37,83678.38,83665.16,83665.17
1790623560,83665.16,83687.78,83662.16,83669.83
1790623620,83669.82,83686.32,83669.82,83680.52
1790623680,83680.51,83680.52,83665.34,83674.46
1790623740,83674.46,83674.46,83634.09,83638
1790623800,83638.01,83652.84,83626.22,83626.22
1790623860,83626.23,83652.76,83613.8,83616.76
1790623920,83616.76,83643.78,83578.95,83590.6
1790623980,83590.59,83610.9,83529,83529
1790624040,83529.01,83554.95,83508,83539.74
1790624100,83539.75,83539.75,83494,83494
1790624160,83494.01,83494.01,83430,83445.81
1790624220,83445.81,83445.82,83328,83328.01
1790624280,83328.01,83328.01,83236.22,83244.69
1790624340,83244.7,83283.06,83208,83241.54
1790624400,83241.53,83241.54,83118.1,83118.11
1790624460,83118.11,83220.01,83118.1,83220
1790624520,83220,83246.01,83195.58,83246.01
1790624580,83246.01,83304.01,83246,83275.71
1790624640,83275.72,83336.01,83270.5,83320.53
1790624700,83320.53,83383.02,83312.2,83383.02
1790624760,83383.01,83384.01,83346.44,83354.33
1790624820,83354.33,83364.19,83334.25,83334.25
1790624880,83334.24,83334.24,83281.77,83283.12
1790624940,83283.13,83300.17,83278,83292.64
1790625000,83292.63,83329.53,83274,83324.11
1790625060,83324.11,83384.01,83307.82,83384.01
1790625120,83384,83400.01,83373.06,83400
1790625180,83400.01,83404.01,83385.09,83395.67
1790625240,83395.67,83405.05,83365.14,83365.15
1790625300,83365.15,83405.03,83365.15,83365.15
1790625360,83365.15,83392.64,83365.15,83392.64
1790625420,83392.63,83403.69,83378.09,83381.65
1790625480,83381.66,83424,83381.65,83423.99
1790625540,83424,83424,83386.87,83389.54
1790625600,83389.53,83434.78,83384,83409.09
1790625660,83409.09,83409.09,83286.01,83286.01
1790625720,83286,83362.33,83270,83362.32
1790625780,83362.33,83418.01,83362.32,83399.93
1790625840,83399.92,83495.06,83396.86,83484.62
1790625900,83484.63,83529,83484.62,83519.17
1790625960,83519.16,83544.36,83500.19,83544.35
1790626020,83544.35,83563.45,83536.01,83563.44
1790626080,83563.45,83569.57,83549.9,83569.55
1790626140,83569.56,83570.72,83569.55,83570.72
1790626200,83570.72,83588.66,83570.71,83584.57
1790626260,83584.57,83613.8,83584.56,83591.56
1790626320,83591.57,83591.57,83545.82,83545.82
1790626380,83545.83,83582.01,83545.83,83582.01
1790626440,83582.01,83582.01,83570.52,83570.53
1790626500,83570.53,83570.53,83536.98,83536.99
1790626560,83536.99,83536.99,83494,83494
1790626620,83494,83494.01,83485.28,83485.28
1790626680,83485.28,83493.55,83472.93,83493.54
1790626740,83493.55,83514.01,83493.54,83514.01
1790626800,83514.01,83541.68,83514.01,83534.01
1790626860,83534,83534.01,83525.65,83526
1790626920,83525.99,83526,83525.99,83526
1790626980,83526,83526,83486.8,83486.8
1790627040,83486.8,83552.01,83480,83552
1790627100,83552,83555.78,83548,83553.47
1790627160,83553.47,83553.48,83545.1,83550
1790627220,83550.01,83550.01,83534.74,83534.74
1790627280,83534.74,83544.01,83526,83544.01
1790627340,83544.01,83550.01,83481.35,83492
1790627400,83492.01,83492.01,83468,83476.01
1790627460,83476,83504.01,83472.01,83504
1790627520,83504.01,83516.01,83504.01,83508
1790627580,83508,83538.01,83508,83538
1790627640,83538.01,83544.01,83526,83544.01
1790627700,83544.01,83549.8,83544.01,83549.8
1790627760,83549.79,83550.01,83541.44,83550.01
1790627820,83550,83550,83526,83527.66
1790627880,83527.66,83538.01,83527.65,83538
1790627940,83538,83555.78,83534.55,83555.77
1790628000,83555.78,83563.74,83555.77,83563.74
1790628060,83563.74,83581.51,83563.73,83581.51
1790628120,83581.51,83581.51,83553.25,83553.25
1790628180,83553.25,83553.25,83488.63,83504.01
1790628240,83504,83504.01,83500,83500.01
1790628300,83500,83500,83482,83482
1790628360,83482.01,83496.95,83472,83496.95
1790628420,83496.95,83512.48,83496.95,83503.48
1790628480,83503.47,83503.48,83483.66,83483.67
1790628540,83483.66,83483.67,83473.65,83482
1790628600,83482.01,83482.01,83442,83448
1790628660,83448,83468.01,83448,83468.01
1790628720,83468.01,83468.01,83458,83458.01
1790628780,83458.01,83468.01,83458,83468
1790628840,83468,83486.01,83468,83486.01
1790628900,83486.01,83509.75,83486,83509.75
1790628960,83509.75,83518.01,83509.74,83518.01
1790629020,83518.01,83548.01,83518,83540.19
1790629080,83540.2,83540.2,83534.06,83534.07
1790629140,83534.06,83548.01,83534.06,83548
1790629200,83548.01,83610.67,83548,83610.66
1790629260,83610.67,83642.01,83610.66,83628.01
1790629320,83628.01,83652.01,83626,83630
1790629380,83630.01,83648.55,83630,83638
1790629440,83638.01,83656.01,83638.01,83654
1790629500,83654,83664.01,83636,83636.01
1790629560,83636.01,83644.01,83626,83638.01
1790629620,83638,83638.01,83584.73,83584.73
1790629680,83584.74,83618.01,83584.73,83618
1790629740,83618.01,83622.01,83616,83616
1790629800,83616.01,83624.01,83598,83598.01
1790629860,83598,83606.93,83586.02,83606.92
1790629920,83606.93,83614.01,83604.24,83606.42
1790629980,83606.42,83606.43,83590.43,83590.44
1790630040,83590.43,83590.44,83586,83586
1790630100,83586.01,83586.01,83569.11,83569.12
1790630160,83569.11,83569.12,83566.52,83566.52
1790630220,83566.52,83566.53,83536.48,83536.48
1790630280,83536.49,83536.49,83510.47,83510.47
1790630340,83510.48,83530.01,83510.47,83530.01
1790630400,83530,83530.01,83517.99,83517.99
1790630460,83517.99,83518,83495.05,83495.05
1790630520,83495.06,83495.06,83482.94,83482.95
1790630580,83482.94,83482.95,83468.25,83468.26
1790630640,83468.25,83468.26,83468.25,83468.26
1790630700,83468.26,83488.49,83468.25,83488.49
1790630760,83488.48,83488.49,83464,83464
1790630820,83464.01,83464.01,83458,83458
1790630880,83458.01,83458.01,83458,83458
1790630940,83458,83468.31,83458,83468.31
1790631000,83468.32,83475.48,83468.31,83475.48
1790631060,83475.47,83475.48,83438,83438.01
1790631120,83438.01,83438.01,83422,83428.01
1790631180,83428.01,83442.01,83428,83442.01
1790631240,83442.01,83472.01,83442,83468.03
1790631300,83468.04,83468.04,83457.02,83457.02
1790631360,83457.02,83472.01,83457.02,83472.01
1790631420,83472,83472.01,83459.34,83466.67
1790631480,83466.66,83466.66,83424.48,83424.48
1790631540,83424.49,83424.49,83424.48,83424.48
1790631600,83424.48,83431.16,83400,83422.68
1790631660,83422.68,83426.01,83416,83420.01
1790631720,83420,83428.01,83420,83428.01
1790631780,83428.01,83428.01,83421.43,83424
1790631840,83424,83427.66,83420,83427.64
1790631900,83427.64,83435.9,83427.64,83435.9
1790631960,83435.89,83439.38,83408.37,83408.37
1790632020,83408.37,83408.38,83402,83402
1790632080,83402.01,83402.01,83400,83400.01
1790632140,83400.01,83427.68,83400,83427.67
1790632200,83427.67,83427.67,83399.39,83399.39
1790632260,83399.4,83399.4,83326,83341.99
1790632320,83341.99,83376.01,83341.99,83376.01
1790632380,83376.01,83378.75,83301.06,83301.06
1790632440,83301.07,83301.07,83232.15,83244
1790632500,83244,83260.01,83244,83260
1790632560,83260.01,83262.01,83253.14,83253.14
1790632620,83253.14,83261.69,83247.99,83247.99
1790632680,83248,83264.01,83229.15,83264.01
1790632740,83264,83264.01,83214,83218.01
1790632800,83218.01,83234.01,83183,83183
1790632860,83183.01,83186.01,83183,83183
1790632920,83183,83183.01,83100,83166.01
1790632980,83166,83220.01,83156,83176.02
1790633040,83176.02,83236.01,83176.02,83186
1790633100,83186.01,83186.01,83125.6,83125.6
1790633160,83125.61,83128,83106,83110.01
1790633220,83110,83123.16,83110,83120.01
1790633280,83120,83182.34,83120,83182.34
1790633340,83182.34,83182.34,83156,83182
1790633400,83182,83199.53,83164,83199.53
1790633460,83199.53,83200,83190,83199.99
1790633520,83200,83210.01,83199.99,83210.01
1790633580,83210,83224.74,83210,83214.36
1790633640,83214.37,83214.37,83181.88,83181.98
1790633700,83181.98,83181.99,83158,83158.01
1790633760,83158.01,83182,83158.01,83182
1790633820,83182,83216,83181.99,83215.99
1790633880,83215.99,83224.74,83215.99,83224.74
1790633940,83224.73,83224.74,83224.73,83224.74
1790634000,83224.74,83224.74,83194,83214.01
1790634060,83214,83228.01,83214,83228.01
1790634120,83228.01,83228.01,83225.33,83225.33
1790634180,83225.33,83225.33,83202.24,83217.61
1790634240,83217.62,83217.62,83209.29,83209.99
1790634300,83210,83210,83199.68,83209.99
1790634360,83210,83234,83209.99,83233.99
1790634420,83233.99,83242.4,83233.99,83242.39
1790634480,83242.39,83242.4,83242.39,83242.4
1790634540,83242.39,83242.4,83234.07,83236
1790634600,83236.01,83245,83236,83244.99
1790634660,83244.99,83245,83244.99,83244.99
1790634720,83245,83300,83245,83300
1790634780,83299.99,83322.01,83299.99,83322
1790634840,83322.01,83332.01,83308,83314
1790634900,83314,83362.01,83314,83362
1790634960,83362.01,83412,83362.01,83412
1790635020,83412,83460.01,83412,83458.31
1790635080,83458.31,83476.01,83458.3,83472.01
1790635140,83472,83472,83451.06,83451.06
1790635200,83451.06,83474.01,83451.06,83474
1790635260,83474.01,83488.01,83474,83488
1790635320,83488.01,83488.01,83484,83484
1790635380,83484,83484.01,83484,83484.01
1790635440,83484.01,83488.64,83484,83488.64
1790635500,83488.63,83503.5,83488.63,83503.5
1790635560,83503.5,83514.78,83503.49,83514.78
1790635620,83514.77,83514.78,83486.86,83492.21
1790635680,83492.21,83499.98,83492.2,83499.97
1790635740,83499.97,83520.01,83499.97,83516
1790635800,83516,83516.01,83516,83516
1790635860,83516.01,83528,83516,83527.99
1790635920,83528,83534.79,83527.99,83529
1790635980,83529,83529,83519.14,83519.15
1790636040,83519.15,83520.49,83519.14,83520.49
1790636100,83520.48,83536.01,83520.48,83536.01
1790636160,83536,83538.96,83530,83538.96
1790636220,83538.96,83538.96,83538.95,83538.96
1790636280,83538.95,83538.96,83538.95,83538.96
1790636340,83538.96,83544.01,83538.95,83544.01
1790636400,83544.01,83544.01,83544,83544
1790636460,83544.01,83564.03,83544.01,83564.03
1790636520,83564.03,83610.01,83564.02,83610.01
1790636580,83610.01,83636.22,83610.01,83627.24
1790636640,83627.24,83636.7,83622,83622.01
1790636700,83622.01,83622.01,83564.01,83564.02
1790636760,83564.01,83564.01,83518,83521.65
1790636820,83521.65,83544.01,83498,83544
1790636880,83544.01,83548.01,83532,83536
1790636940,83536.01,83548.01,83514,83514.01
1790637000,83514.01,83514.01,83503.76,83503.77
1790637060,83503.76,83503.77,83474,83475.1
1790637120,83475.11,83488.01,83474.29,83474.29
1790637180,83474.29,83474.3,83455.83,83455.83
1790637240,83455.83,83455.84,83455,83455
1790637300,83455.01,83495.06,83455,83495.05
1790637360,83495.05,83510.01,83482.31,83496
1790637420,83496,83500.01,83496,83500
1790637480,83500,83525.1,83500,83525.09
1790637540,83525.1,83532.01,83518.58,83518.59
1790637600,83518.59,83529.53,83518.58,83520
1790637660,83520.01,83520.01,83480,83491.52
1790637720,83491.52,83512.8,83491.52,83500.01
1790637780,83500.01,83534.01,83488.64,83534
1790637840,83534,83549.99,83530,83549.99
1790637900,83550,83562.01,83528,83562
1790637960,83562.01,83583.55,83562.01,83582.28
1790638020,83582.27,83588.01,83582.27,83584.01
1790638080,83584.01,83584.01,83584,83584.01
1790638140,83584.01,83590.01,83584,83590
1790638200,83590.01,83614.36,83590.01,83610.01
1790638260,83610,83610.01,83595.74,83595.99
1790638320,83595.99,83603.28,83595.99,83603.27
1790638380,83603.28,83603.28,83590.14,83590.15
1790638440,83590.14,83596.01,83583.3,83583.31
1790638500,83583.3,83586.01,83583.3,83586
1790638560,83586.01,83588.94,83586,83588.93
1790638620,83588.94,83588.94,83588.93,83588.94
1790638680,83588.93,83588.94,83588.93,83588.94
1790638740,83588.94,83602.69,83588.93,83602.68
1790638800,83602.68,83621.8,83602,83621.8
1790638860,83621.8,83621.8,83612,83612
1790638920,83612.01,83612.01,83593.47,83593.48
1790638980,83593.47,83598,83593.47,83598
1790639040,83598.01,83602.85,83598,83602.85
1790639100,83602.84,83602.85,83568.28,83568.28
1790639160,83568.27,83568.27,83540,83550.01
1790639220,83550.01,83564.01,83550,83564
1790639280,83564.01,83564.01,83556,83556
1790639340,83556.01,83556.01,83556,83556.01
1790639400,83556,83556,83528,83536
1790639460,83536,83536,83535.99,83536
1790639520,83535.99,83562.01,83535.99,83556
1790639580,83556.01,83564.01,83556,83564.01
1790639640,83564,83566.01,83560,83566.01
1790639700,83566.01,83568.01,83566,83568
1790639760,83568.01,83568.01,83568,83568
1790639820,83568,83568.01,83560,83560
1790639880,83560.01,83560.01,83538.45,83538.46
1790639940,83538.46,83538.46,83500,83500.01
1790640000,83500.01,83505.28,83478,83478
1790640060,83478.01,83505.88,83478.01,83505.88
1790640120,83505.87,83528.36,83505.87,83528.35
1790640180,83528.36,83528.36,83494,83522.01
1790640240,83522.01,83528.01,83522,83528
1790640300,83528.01,83536.36,83508,83508
1790640360,83508,83538.01,83490,83538.01
1790640420,83538.01,83544.01,83533.32,83536.01
1790640480,83536.01,83536.01,83518.83,83518.83
1790640540,83518.84,83534.01,83518.83,83528
1790640600,83528,83528,83484.37,83484.37
1790640660,83484.38,83495.06,83462,83495.06
1790640720,83495.06,83509.9,83476,83509.89
1790640780,83509.89,83534.01,83503.65,83534
1790640840,83534.01,83539.95,83525.65,83525.65
1790640900,83525.66,83525.66,83490.01,83490.01
1790640960,83490,83490,83462,83462
1790641020,83462.01,83462.01,83410,83415.66
1790641080,83415.67,83416.01,83398,83416.01
1790641140,83416.01,83453.6,83416,83445.17
1790641200,83445.18,83445.18,83420,83422
1790641260,83422.01,83427.85,83420,83420
1790641320,83420,83420.01,83387.42,83387.42
1790641380,83387.43,83387.43,83366.1,83371.33
1790641440,83371.33,83381,83350,83381
1790641500,83380.99,83470.01,83376,83470
1790641560,83470.01,83479.63,83462,83479.62
1790641620,83479.63,83484.6,83444,83448.01
1790641680,83448,83548.01,83448,83548.01
1790641740,83548.01,83558.01,83522,83549.04
1790641800,83549.05,83564.01,83541.04,83556.01
1790641860,83556,83556,83480,83480
1790641920,83480.01,83508.01,83468,83508
1790641980,83508.01,83582,83508.01,83582
1790642040,83582.01,83620.01,83547.23,83547.99
1790642100,83548,83620.01,83548,83620.01
1790642160,83620,83620.01,83605.64,83614
1790642220,83614,83614,83545.36,83566.01
1790642280,83566.01,83571.5,83528,83528
1790642340,83528,83548,83522,83534.01
1790642400,83534,83534,83516,83516
1790642460,83516,83516.01,83500,83503.99
1790642520,83504,83544.07,83503.99,83524.3
1790642580,83524.31,83536.03,83513.08,83533.33
1790642640,83533.32,83536.01,83522,83532
1790642700,83532,83532.01,83456,83456
1790642760,83456,83460.01,83427,83427
1790642820,83426.99,83438.01,83403.29,83416
1790642880,83416,83428.01,83392.39,83412.01
1790642940,83412,83412.01,83343.82,83343.83
1790643000,83343.82,83343.85,83328,83328.01
1790643060,83328.01,83328.01,83308,83309.97
1790643120,83309.98,83309.98,83282.52,83292.01
1790643180,83292.01,83292.01,83265.77,83282.53
1790643240,83282.53,83289.71,83258.06,83266.55
1790643300,83266.55,83292,83262.14,83275.74
1790643360,83275.74,83275.74,83234.07,83242
1790643420,83242,83242.02,83183,83183
1790643480,83183.01,83241.45,83183,83236.56
1790643540,83236.56,83236.56,83185.69,83185.69
1790643600,83185.69,83185.69,83111.01,83121.7
1790643660,83121.7,83162.01,83098,83150.01
1790643720,83150.01,83240.01,83150,83240
1790643780,83240,83241.99,83199.68,83199.69
1790643840,83199.68,83204.01,83157.68,83157.68
1790643900,83157.68,83178.01,83117.92,83164
1790643960,83164.01,83174.01,83128,83128
1790644020,83128,83136.01,83064.52,83070.01
1790644080,83070.01,83090.01,83050,83050
1790644140,83050,83056,83035.12,83035.68
1790644200,83035.69,83053.29,83016.67,83039.24
1790644260,83039.24,83039.25,83017.2,83017.21
1790644320,83017.21,83094,83014.56,83080
1790644380,83080.01,83080.01,82991.2,82999.01
1790644440,82999.01,83054.58,82999,83035.72
1790644500,83035.72,83040.59,82973.44,83015.02
1790644560,83015.02,83015.02,82935.49,82936.01
1790644620,82936.01,82943.44,82921.72,82926.05
1790644680,82926.05,82945.76,82906.95,82909.02
1790644740,82909.02,82909.03,82837,82837
1790644800,82837.01,82934.1,82837,82928.02
1790644860,82928.02,82987.15,82900,82963.82
1790644920,82963.83,83044.25,82963.47,83044.25
1790644980,83044.25,83054.01,83000,83000.33
1790645040,83000.34,83023.17,82982.42,83018.71
1790645100,83018.72,83023.33,82954.44,82973.29
1790645160,82973.29,83000,82958.67,82962.35
1790645220,82962.35,82962.35,82933.24,82933.24
1790645280,82933.25,82933.25,82903.9,82916.41
1790645340,82916.4,82916.4,82827.72,82827.73
1790645400,82827.73,82911.49,82802.95,82906.18
1790645460,82906.18,82945.67,82850,82850.01
1790645520,82850,82878.08,82789,82878.07
1790645580,82878.08,82934.43,82878.08,82926.14
1790645640,82926.13,82937.28,82887.19,82900.49
1790645700,82900.49,82913.5,82819.29,82851.38
1790645760,82851.38,82851.39,82775.94,82800.63
1790645820,82800.63,82887.6,82800.63,82859.17
1790645880,82859.17,82883.38,82850,82860.32
1790645940,82860.31,82893.09,82848.07,82853.84
1790646000,82853.85,82883.42,82853.84,82876.34
1790646060,82876.34,82920.89,82838.07,82920.88
1790646120,82920.89,82994.7,82920.89,82989.84
1790646180,82989.84,83009.64,82907.64,82907.65
1790646240,82907.65,82973.83,82907.65,82968.55
1790646300,82968.54,83074.01,82941.42,83074.01
1790646360,83074.01,83094.7,83019.07,83027.49
1790646420,83027.5,83048.53,83005.5,83036.22
1790646480,83036.22,83036.51,82985.73,82985.73
1790646540,82985.74,83025.63,82981.04,82983.85
1790646600,82983.86,82983.86,82932.95,82932.95
1790646660,82932.95,82932.95,82910.89,82924.28
1790646720,82924.27,83023.3,82914.01,83023.3
1790646780,83023.3,83078.01,83023.29,83068.16
1790646840,83068.16,83068.16,83018.04,83040.2
1790646900,83040.19,83052.01,83010.71,83030.29
1790646960,83030.3,83060.01,83025.76,83060.01
1790647020,83060.01,83060.01,83016.82,83016.83
1790647080,83016.83,83115.35,83016.82,83058.01
1790647140,83058,83084.01,83055.96,83068
1790647200,83068.01,83100,83065.1,83094.01
1790647260,83094,83094.01,83022.95,83030.67
1790647320,83030.67,83050.52,83008.01,83037.61
1790647380,83037.61,83038.91,83006.04,83006.46
1790647440,83006.47,83044.37,83000,83029.21
1790647500,83029.39,83029.39,82972.13,82983.71
1790647560,82983.7,83004.7,82956.89,83004.7
1790647620,83004.7,83057.53,83001.71,83050
1790647680,83050,83054.01,83003.25,83003.25
1790647740,83003.26,83003.26,82971.82,82977.56
1790647800,82977.56,83004.98,82933,82933
1790647860,82933,82960.24,82925.82,82935.86
1790647920,82935.86,83037.8,82914.16,83025.36
1790647980,83025.36,83077.59,83002.9,83077.59
1790648040,83077.58,83077.59,83020.1,83020.1
1790648100,83020.1,83078.01,83020.1,83078.01
1790648160,83078.01,83099.61,83052,83070
1790648220,83070,83070,83034.92,83034.93
1790648280,83034.93,83082.01,83022.58,83078.01
1790648340,83078,83114,83063.36,83114
1790648400,83114.01,83156.01,83114,83142
1790648460,83142.01,83142.01,83042.9,83042.9
1790648520,83042.91,83042.91,82914.83,82956.9
1790648580,82956.89,83025.83,82956.89,83013.29
1790648640,83013.29,83034.93,82999.99,83008.11
1790648700,83008.1,83008.1,82963.13,82998.39
1790648760,82998.38,83010.02,82949.32,82955.62
1790648820,82955.79,82995.24,82955.79,82959.01
1790648880,82959.01,82959.02,82929.92,82948.73
1790648940,82948.73,82975.59,82946.66,82975.59
1790649000,82975.59,83030.92,82970.35,82970.36
1790649060,82970.36,82990.3,82950.27,82983.69
1790649120,82983.69,82983.69,82956.34,82956.35
1790649180,82956.35,82956.9,82923.76,82925.45
1790649240,82925.45,82950.92,82891.32,82891.33
1790649300,82891.33,82949.1,82891.33,82936.19
1790649360,82936.2,82955.23,82905.37,82925.3
1790649420,82925.3,82956.9,82925.29,82956.89
1790649480,82956.9,83000,82956.9,83000
1790649540,83000,83026.97,82967.97,82970.63
1790649600,82970.63,82995.71,82967.98,82978.1
1790649660,82978.09,82994.55,82954.57,82994.55
1790649720,82994.55,83020.12,82964.34,82964.35
1790649780,82964.35,83000,82957.01,83000
1790649840,82999.99,83036.32,82995.11,83034.3
1790649900,83034.3,83088.01,83032.49,83088.01
1790649960,83088.01,83112.01,83088,83102
1790650020,83102,83102.01,83041.2,83060
1790650080,83060.01,83080.01,83060.01,83078
1790650140,83078.01,83078.01,83026.61,83026.61
1790650200,83026.61,83026.62,82985.1,82991.11
1790650260,82991.12,83012.33,82928.88,82928.88
1790650320,82928.89,82928.89,82903.42,82911.13
1790650380,82911.12,82956.9,82905.16,82956.9
1790650440,82956.9,82969.61,82940.27,82969.6
1790650500,82969.6,82991.46,82969.6,82991.46
1790650560,82991.46,82991.46,82980.38,82980.38
1790650620,82980.38,82980.38,82958.68,82958.68
1790650680,82958.69,82973.67,82958.68,82973.67
1790650740,82973.66,82980.3,82966.3,82967.4
1790650800,82967.41,83014.03,82950,83014.02
1790650860,83014.03,83048.89,82964.72,82988.28
1790650920,82988.28,83000.61,82976.84,82992.32
1790650980,82992.33,83048.89,82992.33,83014.81
1790651040,83014.8,83014.8,82901.06,82919.43
1790651100,82919.44,82919.44,82906.6,82913.19
1790651160,82913.19,82929.63,82913.19,82924.87
1790651220,82924.88,82960.68,82924.88,82950.67
1790651280,82950.66,82950.67,82916.6,82931.01
1790651340,82931.01,82932.34,82916.83,82932.34
1790651400,82932.34,82939.6,82922.41,82939.59
1790651460,82939.6,82939.6,82929.73,82929.73
1790651520,82929.74,82943.93,82923.38,82932.1
1790651580,82932.09,82939.72,82916,82916.01
1790651640,82916,82916.01,82895.42,82895.43
1790651700,82895.43,82927.06,82866.01,82927.05
1790651760,82927.06,82938.7,82901.17,82921.31
1790651820,82921.3,82930,82907.53,82930
1790651880,82930,82944,82919.48,82944
1790651940,82943.99,83031.92,82943.99,83020.11
1790652000,83020.11,83082.38,83020.11,83082.37
1790652060,83082.37,83120.01,83082.37,83098.01
1790652120,83098.01,83098.01,83056,83056
1790652180,83056.01,83090.01,83056,83090
1790652240,83090.01,83141.15,83090,83136.01
1790652300,83136.01,83162.01,83122,83154
1790652360,83154,83178.01,83149.81,83173.13
1790652420,83173.13,83178.01,83158,83178
1790652480,83178.01,83183,83178,83183
1790652540,83183,83210.01,83182.99,83210.01
1790652600,83210,83210.01,83114.94,83125.99
1790652660,83126,83150,83114.97,83150
1790652720,83149.99,83180.01,83141.6,83180.01
1790652780,83180.01,83190.01,83174,83184.01
1790652840,83184,83202.01,83184,83196.82
1790652900,83196.83,83202.01,83170,83174
1790652960,83174.01,83192.01,83174,83188
1790653020,83188,83188.01,83155,83155.01
1790653080,83155.01,83155.01,83140,83140
1790653140,83140,83140.01,83129.16,83129.17
1790653200,83129.16,83129.17,83116.36,83116.37
1790653260,83116.37,83152.01,83116.36,83152
1790653320,83152,83155,83150,83155
1790653380,83155,83155,83138.22,83138.23
1790653440,83138.23,83138.23,83123.14,83123.14
1790653500,83123.14,83123.15,83122,83122.01
1790653560,83122,83158.62,83122,83150.11
1790653620,83150.11,83150.12,83135.8,83142
1790653680,83142,83164.64,83142,83150
1790653740,83150.01,83150.01,83144.19,83144.19
1790653800,83144.2,83170.46,83130.96,83141.97
1790653860,83141.97,83141.97,83107.68,83117.75
1790653920,83117.76,83120.01,83086,83092.01
1790653980,83092,83172.16,83092,83148.03
1790654040,83148.03,83148.03,83083,83083.01
1790654100,83083,83096.01,83073.5,83096
1790654160,83096.01,83096.01,83074.98,83074.99
1790654220,83074.98,83074.99,83064.52,83070.01
1790654280,83070.01,83070.01,83044.79,83049.44
1790654340,83049.44,83070,83049.43,83069.99
1790654400,83070,83076.01,83024.43,83024.43
1790654460,83024.44,83078.01,83024.43,83078.01
1790654520,83078,83096.01,83078,83088.01
1790654580,83088,83088.01,83026.06,83041.52
1790654640,83041.52,83070.68,83041.52,83070.68
1790654700,83070.68,83070.68,83060,83068
1790654760,83068.01,83080.01,83068,83080.01
1790654820,83080.01,83096.01,83077.46,83077.46
1790654880,83077.47,83077.47,83029.39,83029.39
1790654940,83029.4,83064.53,83029.39,83064.52
1790655000,83064.53,83094.01,83064.52,83094.01
1790655060,83094,83116.01,83094,83116
1790655120,83116.01,83130,83114.67,83128
1790655180,83128.01,83158.01,83128,83158
1790655240,83158.01,83158.01,83128.01,83128.02
1790655300,83128.02,83152.01,83128.01,83147.54
1790655360,83147.54,83153.98,83147.54,83153.98
1790655420,83153.98,83231.2,83153.98,83220
1790655480,83220.01,83220.01,83172.41,83192.01
1790655540,83192.01,83220,83192,83220
1790655600,83219.99,83246.01,83219.99,83226.95
1790655660,83226.96,83250,83223.19,83250
1790655720,83250.01,83295.61,83250,83273.8
1790655780,83273.79,83283.69,83262.05,83262.05
1790655840,83262.05,83262.05,83247.38,83262.01
1790655900,83262,83266.01,83250.65,83250.65
1790655960,83250.66,83250.66,83232.9,83232.9
1790656020,83232.9,83232.91,83227.78,83227.78
1790656080,83227.78,83227.79,83226,83226.01
1790656140,83226.01,83226.01,83226,83226
1790656200,83226.01,83226.01,83200.54,83205.26
1790656260,83205.25,83205.26,83188.87,83198.01
1790656320,83198,83198.01,83188.87,83188.87
1790656380,83188.87,83188.88,83168,83168.01
1790656440,83168,83168.01,83149.33,83149.33
1790656500,83149.34,83149.34,83115.37,83115.38
1790656560,83115.37,83115.38,83108.98,83115.38
1790656620,83115.38,83152.01,83115.37,83152.01
1790656680,83152,83172.16,83152,83172.15
1790656740,83172.16,83181.32,83164,83164
1790656800,83164.01,83179.72,83160,83160.01
1790656860,83160,83179.69,83157.6,83167.93
1790656920,83167.93,83167.94,83160,83160
1790656980,83160,83168.01,83160,83168.01
1790657040,83168.01,83172.17,83163.83,83163.83
1790657100,83163.84,83166.01,83162.43,83164.93
1790657160,83164.92,83164.93,83150,83150
1790657220,83150.01,83150.01,83115.38,83115.39
1790657280,83115.4,83115.4,83078.64,83094.91
1790657340,83094.91,83106.02,83094.91,83094.92
1790657400,83094.93,83094.93,83086.64,83086.65
1790657460,83086.65,83181.21,83086.65,83181.2
1790657520,83181.21,83206.37,83181.21,83200.01
1790657580,83200.01,83209.99,83195.27,83209.99
1790657640,83210,83210,83195.27,83195.27
1790657700,83195.28,83202.18,83195.27,83202.18
1790657760,83202.18,83215.96,83202.17,83202.18
1790657820,83202.18,83206.01,83200,83202.96
1790657880,83202.95,83206.01,83202.67,83206
1790657940,83206.01,83212.99,83206.01,83212.98
1790658000,83212.98,83240.01,83212.98,83240.01
1790658060,83240.01,83262.52,83240,83262.51
1790658120,83262.51,83262.52,83250,83259.99
1790658180,83259.99,83260,83229.44,83229.45
1790658240,83229.44,83237.64,83200,83230.01
1790658300,83230,83250,83228.66,83245.98
1790658360,83245.98,83245.98,83208,83208
1790658420,83208.01,83208.01,83190,83190.01
1790658480,83190.01,83190.01,83190,83190
1790658540,83190,83208.01,83178,83208
1790658600,83208.01,83216.01,83196.38,83210
1790658660,83210.01,83242.01,83210.01,83240.01
1790658720,83240.01,83250,83240.01,83249.99
1790658780,83249.99,83260,83249.99,83260
1790658840,83260,83260,83259.99,83260
1790658900,83260,83279.78,83260,83279.77
1790658960,83279.78,83279.79,83258.25,83258.26
1790659020,83258.26,83260.01,83228,83260.01
1790659080,83260,83326.26,83260,83318
1790659140,83318,83344.01,83303.18,83312.26
1790659200,83312.26,83312.26,83284,83284
1790659260,83284.01,83296.01,83280.54,83280.55
1790659320,83280.55,83296,83280.54,83296
1790659380,83295.99,83304.01,83295.99,83304
1790659440,83304.01,83344.01,83304,83344
1790659500,83344,83344.01,83341.66,83341.66
1790659560,83341.66,83341.67,83304,83304
1790659620,83304.01,83304.01,83280,83280.01
1790659680,83280,83310.01,83280,83310
1790659740,83310.01,83316.01,83310,83316.01
1790659800,83316.01,83316.01,83268,83268.01
1790659860,83268.01,83268.01,83216,83216
1790659920,83216,83216,83182.68,83184.01
1790659980,83184,83184,83126.88,83126.88
1790660040,83126.89,83126.89,83017.3,83017.31
1790660100,83017.31,83076.01,82982.14,83067.92
1790660160,83067.92,83080.01,82995.4,83005.33
1790660220,83005.32,83012.78,82971.1,82971.11
1790660280,82971.11,83050,82971.11,83050
1790660340,83050.01,83112.01,83050.01,83112.01
1790660400,83112.01,83145.28,83112.01,83132.01
1790660460,83132,83178.01,83106,83178.01
1790660520,83178,83186,83170,83186
1790660580,83186.01,83294,83186,83294
1790660640,83294,83326.01,83294,83298.01
1790660700,83298.01,83312.01,83266,83266
1790660760,83266.01,83266.01,83243.93,83243.93
1790660820,83243.94,83243.94,83215.49,83243.93
1790660880,83243.94,83305.67,83236.01,83274.9
1790660940,83274.9,83363.95,83274.89,83363.95
1790661000,83363.95,83363.95,83349.08,83349.08
1790661060,83349.09,83370.01,83336,83346
1790661120,83346.01,83395.83,83346,83350
1790661180,83350,83387.43,83344,83387.43
1790661240,83387.43,83422.01,83387.42,83422
1790661300,83422.01,83422.01,83390.01,83416.01
1790661360,83416,83434.56,83410,83431.01
1790661420,83431.02,83431.02,83400,83412
1790661480,83412,83412,83400,83400.01
1790661540,83400.01,83431.02,83400,83431.02
1790661600,83431.01,83466.01,83420.01,83424
1790661660,83424.01,83450,83423.64,83449.99
1790661720,83449.99,83464.36,83449.99,83464.36
1790661780,83464.35,83500,83464.35,83500
1790661840,83499.99,83520.16,83499.99,83516.01
1790661900,83516.01,83555,83500,83515.71
1790661960,83515.7,83556.01,83515.7,83556.01
1790662020,83556,83669.61,83556,83624.05
1790662080,83624.05,83679.87,83624.04,83679.87
1790662140,83679.86,83770.01,83679.86,83770
1790662200,83770,83771.44,83732.49,83764
1790662260,83764,83807.51,83756,83807.5
1790662320,83807.5,83829.95,83782,83782.01
1790662380,83782,83815.07,83778.08,83815.06
1790662440,83815.07,83892.89,83815.06,83892.89
1790662500,83892.88,83895,83827.25,83834.86
1790662560,83834.86,83834.86,83770,83770.01
1790662620,83770.01,83774.01,83746,83750.04
1790662680,83750.05,83772.01,83746.17,83772
1790662740,83772,83822.72,83772,83822.71
1790662800,83822.71,83836.08,83795.06,83836.07
1790662860,83836.08,83878.2,83836.08,83871.48
1790662920,83871.47,83890.59,83853.23,83878.77
1790662980,83878.77,83878.78,83841.22,83844.12
1790663040,83843.91,83843.91,83830,83830.01
1790663100,83830.01,83853.7,83825.24,83849.67
1790663160,83849.66,83869.17,83848.38,83848.38
1790663220,83848.39,83848.39,83827.7,83835.82
1790663280,83835.81,83845.2,83835.81,83845.19
1790663340,83845.2,83881.94,83845.2,83881.93
1790663400,83881.93,83917,83871.99,83916.99
1790663460,83916.99,83934.91,83916.99,83934.91
1790663520,83934.91,83946,83916.99,83945.99
1790663580,83946,83955.17,83928.92,83938.37
1790663640,83938.37,83955.15,83931.27,83955.14
1790663700,83955.14,83955.14,83879.69,83879.69
1790663760,83879.69,83890.42,83857.57,83879.7
1790663820,83879.69,83898.19,83851.09,83851.37
1790663880,83851.38,83856.25,83851.37,83853
1790663940,83853,83866.91,83844.79,83866.91
1790664000,83866.91,83879.61,83866.9,83879.61
1790664060,83879.6,83879.61,83879.6,83879.6
1790664120,83879.61,83888,83879.6,83887.99
1790664180,83887.99,83888,83887.99,83888
1790664240,83888,83899.91,83887.99,83899.91
1790664300,83899.91,83910,83892.68,83903.77
1790664360,83903.78,83906.02,83903.77,83906.01
1790664420,83906.01,83906.02,83863.43,83863.43
1790664480,83863.44,83900,83862.76,83900
1790664540,83899.99,83910,83899.99,83909.99
1790664600,83910,83910,83909.99,83910
1790664660,83910,83981.58,83909.99,83973.7
1790664720,83973.69,83980,83954.6,83959
1790664780,83959,83980,83957.78,83980
1790664840,83979.99,83991.61,83979.99,83986
1790664900,83986.01,84000,83968.32,83999.99
1790664960,83999.99,84000,83991.55,83999.99
1790665020,83999.99,84000,83978.25,83995.95
1790665080,83995.96,84000,83972.34,83999.99
1790665140,84000,84017.74,83999.99,84007.06
1790665200,84007.07,84007.07,83895.12,83907.96
1790665260,83907.97,83907.97,83880.67,83883.36
1790665320,83883.36,83897.79,83873.74,83897.78
1790665380,83897.79,83937.15,83891.39,83937.14
1790665440,83937.15,83957.11,83933.68,83941.02
1790665500,83941.03,83997.07,83941.02,83997.06
1790665560,83997.07,84010,83984.77,83996.37
1790665620,83996.37,84025.26,83996.37,84025.26
1790665680,84025.25,84025.26,84000,84022.59
1790665740,84022.59,84046.72,84022.59,84041.36
1790665800,84041.36,84041.62,83994.81,84041.62
1790665860,84041.61,84041.62,84014.1,84023.25
1790665920,84023.94,84030.34,84004.4,84019.74
1790665980,84019.74,84019.74,83961.2,83986.4
1790666040,83986.39,83997.95,83978.6,83987.4
1790666100,83987.39,84030.45,83987.39,84027.89
1790666160,84027.9,84035.34,83984.84,84035.34
1790666220,84035.34,84070,84035.33,84045.37
1790666280,84045.36,84059.62,83978.6,83982
1790666340,83982.01,83991.87,83965.21,83991.86
1790666400,83991.86,84025.81,83984.26,84007.77
1790666460,84007.77,84007.77,83968.41,83968.41
1790666520,83968.42,83968.42,83935.32,83935.33
1790666580,83935.32,83965.26,83923.62,83927.55
1790666640,83927.56,83997.29,83927.55,83997.28
1790666700,83997.28,84034.49,83997.28,84034.48
1790666760,84034.48,84034.49,84011.28,84011.29
1790666820,84011.29,84036,84011.28,84035.99
1790666880,84035.99,84036,84000.67,84008.64
1790666940,84008.63,84008.64,83990.12,83996.22
1790667000,83996.21,84012.64,83986.53,83986.54
1790667060,83986.53,83991.68,83963.04,83987.42
1790667120,83987.41,84063.19,83987.41,84063.19
1790667180,84063.18,84070,84035.13,84037.86
1790667240,84037.86,84055.6,84030.96,84055.6
1790667300,84055.59,84100,84051.25,84079.37
1790667360,84079.36,84079.37,84063.18,84073.16
1790667420,84073.16,84079.36,84069.6,84079.35
1790667480,84079.35,84117.14,84070.31,84117.13
1790667540,84117.13,84200,84117.13,84142.39
1790667600,84142.38,84142.39,84094.49,84115
1790667660,84114.99,84115,84085.38,84085.38
1790667720,84085.39,84085.39,84048.23,84048.24
1790667780,84048.23,84048.24,84019.69,84023.22
1790667840,84023.22,84023.23,84017.63,84017.64
1790667900,84017.64,84064.96,84017.64,84031.01
1790667960,84031,84034.59,84027.47,84034.58
1790668020,84034.57,84047.18,84034.57,84047.17
1790668080,84047.17,84047.17,84037.17,84037.17
1790668140,84037.17,84037.18,84014.94,84014.95
1790668200,84014.94,84043.41,84013.62,84043.4
1790668260,84043.4,84062.98,84042.84,84062.97
1790668320,84062.98,84062.98,84037.08,84037.09
1790668380,84037.08,84048.54,84037.08,84041.67
1790668440,84041.67,84041.67,84028.33,84028.34
1790668500,84028.34,84028.34,83987.08,83987.09
1790668560,83987.08,84008.66,83987.08,84008.66
1790668620,84008.65,84008.66,83987.11,83987.11
1790668680,83987.11,83987.12,83954.37,83967.43
1790668740,83967.43,83980.97,83966.02,83980.97
1790668800,83980.97,84069.19,83980.97,84068.73
1790668860,84068.74,84068.74,84044.25,84066.88
1790668920,84066.88,84086.22,84061.63,84081.19
1790668980,84081.19,84081.19,84040.83,84057
1790669040,84056.99,84084.02,84037.51,84044.65
1790669100,84044.65,84044.66,83999.49,84044.65
1790669160,84044.65,84048.01,84019.33,84041.67
1790669220,84041.66,84041.66,83978.73,83978.74
1790669280,83978.74,84002.01,83978.73,83995.95
1790669340,83995.94,84014.01,83992.85,84014
1790669400,84014.01,84050,84014.01,84033.47
1790669460,84033.46,84035,84002.35,84035
1790669520,84035,84062.01,84034.99,84057.91
1790669580,84057.91,84070.01,84029.75,84070
1790669640,84070,84070.01,84044.75,84044.75
1790669700,84044.76,84088.46,84044.75,84081.31
1790669760,84081.31,84100,84078,84100
1790669820,84100,84110,84084,84084
1790669880,84084,84084.01,84062.36,84067.82
1790669940,84067.82,84100.9,84060.55,84095.19
1790670000,84095.2,84140,84095.19,84139.99
1790670060,84140,84310,84139.99,84309.99
1790670120,84309.99,84368.01,84306,84316.1
1790670180,84316.1,84316.1,84200,84266.01
1790670240,84266,84266.01,84178.01,84218.01
1790670300,84218,84232.01,84191.42,84232
1790670360,84232.01,84254.01,84204.8,84216.01
1790670420,84216.01,84226,84205.92,84216
1790670480,84216.01,84224,84182.3,84182.31
1790670540,84182.31,84184,84166.93,84166.93
1790670600,84166.93,84166.94,84106,84106.01
1790670660,84106.01,84106.01,84096,84098.95
1790670720,84098.94,84098.95,84075,84075.01
1790670780,84075,84075.01,83986.48,83987.84
1790670840,83987.84,84038.01,83986.48,84018
1790670900,84018,84033.97,84017.15,84017.15
1790670960,84017.15,84017.16,83932.05,83940.02
1790671020,83940.03,83940.03,83875,83924.01
1790671080,83924.01,83958,83893.02,83930.01
1790671140,83930.01,83962.01,83930.01,83941.47
1790671200,83941.48,83958.01,83886,83886.01
1790671260,83886.01,83918.01,83844,83918.01
1790671320,83918.01,83946.01,83918.01,83946
1790671380,83946.01,83950.3,83919.39,83919.4
1790671440,83919.39,83919.4,83856,83856.01
1790671500,83856.01,83856.01,83820,83854
1790671560,83854,83862.01,83810,83811.35
1790671620,83811.36,83820.01,83802.54,83802.54
1790671680,83802.55,83866,83802.54,83866
1790671740,83866,83879.82,83865.99,83866.35
1790671800,83866.36,83866.36,83840,83856
1790671860,83856,83856.01,83840.25,83840.25
1790671920,83840.26,83840.26,83802.57,83802.58
1790671980,83802.58,83810,83800,83808.01
1790672040,83808.01,83830,83804.42,83830
1790672100,83829.99,83864.01,83829.99,83864
1790672160,83864,83882.01,83864,83882
1790672220,83882.01,83882.01,83864,83877.99
1790672280,83878,83878,83874,83874.01
1790672340,83874.01,83874.01,83874,83874.01
1790672400,83874.01,83874.01,83823.54,83862.01
1790672460,83862,83878.01,83854,83866
1790672520,83866.01,83866.01,83834,83834.01
1790672580,83834.01,83834.01,83778.01,83778.02
1790672640,83778.01,83824.01,83772,83824.01
1790672700,83824.01,83825.27,83784.56,83784.56
1790672760,83784.57,83812.68,83770.65,83806
1790672820,83806,83806.01,83771.21,83771.21
1790672880,83771.21,83808.01,83771.21,83801.4
1790672940,83801.4,83801.41,83780.57,83786.7
1790673000,83786.7,83790.01,83766.36,83780
1790673060,83780,83780.01,83764.76,83769
1790673120,83769.01,83787.67,83762,83782.06
1790673180,83782.06,83789.96,83782.06,83786.15
1790673240,83786.15,83786.15,83782,83782
1790673300,83782.01,83782.01,83760.4,83770
1790673360,83770.01,83786.31,83770,83780.51
1790673420,83780.51,83794.01,83780.51,83794
1790673480,83794.01,83806.01,83794,83798.62
1790673540,83798.63,83806,83791.07,83791.08
1790673600,83791.08,83829.98,83791.08,83816.89
1790673660,83816.9,83845,83814.24,83828.72
1790673720,83828.73,83828.73,83800,83800
1790673780,83800,83800.01,83779.49,83786.21
1790673840,83786.21,83826.78,83786.21,83826.77
1790673900,83826.77,83841.48,83822.57,83837.99
1790673960,83837.99,83838,83800,83825.46
1790674020,83825.45,83916.01,83821.41,83891.77
1790674080,83891.76,83891.77,83860.65,83866.4
1790674140,83866.41,83866.41,83849.54,83849.55
1790674200,83849.54,83862.86,83834.01,83862.86
1790674260,83862.85,83940.01,83862,83933.32
1790674320,83933.32,83950.3,83933.31,83946.88
1790674380,83946.88,83958.01,83946.88,83958.01
1790674440,83958.01,83971.8,83956.47,83970.01
1790674500,83970,83970.01,83947.41,83959.97
1790674560,83959.98,83966,83932.01,83966
1790674620,83965.99,83974,83947.31,83974
1790674680,83973.99,83998.74,83973.99,83998.73
1790674740,83998.74,83998.74,83990.34,83996.17
1790674800,83996.17,83996.17,83963.06,83968.01
1790674860,83968.01,83968.01,83950.83,83950.83
1790674920,83950.84,83972,83934.02,83971.99
1790674980,83971.99,83994,83971.99,83993.99
1790675040,83994,84000,83967.74,84000
1790675100,84000,84016.01,83992.8,83992.8
1790675160,83992.8,84036.26,83992.8,84036.25
1790675220,84036.26,84152.01,84036.26,84133.94
1790675280,84133.95,84157.08,84119.33,84152.23
1790675340,84152.22,84201.04,84116.86,84201.03
1790675400,84201.04,84303.83,84201.04,84293.97
1790675460,84293.98,84293.98,84223.36,84227.35
1790675520,84227.35,84234.39,84202,84216.01
1790675580,84216,84256.99,84216,84256.99
1790675640,84256.99,84292.01,84256.98,84256.98
1790675700,84256.98,84328.94,84256.98,84307.84
1790675760,84307.84,84325.82,84268,84276.01
1790675820,84276.01,84283.41,84274,84274
1790675880,84274,84274.01,84256,84263.38
1790675940,84263.37,84263.38,84252,84258.01
1790676000,84258.01,84258.01,84206.4,84206.41
1790676060,84206.41,84214.03,84189.93,84214.03
1790676120,84214.03,84221.84,84165.58,84165.59
1790676180,84165.58,84191.81,84165.58,84191.81
1790676240,84191.81,84201.83,84191.8,84201.83
1790676300,84201.83,84201.83,84201.82,84201.83
1790676360,84201.82,84204.75,84169.82,84173.88
1790676420,84173.88,84201.02,84173.88,84201.02
1790676480,84201.02,84213.58,84201.01,84204.01
1790676540,84204,84278.01,84204,84278.01
1790676600,84278.01,84300,84278,84299.99
1790676660,84299.99,84332.76,84299.99,84310.01
1790676720,84310.01,84315.8,84270,84293.92
1790676780,84293.92,84293.92,84267.17,84267.18
1790676840,84267.18,84267.18,84193.21,84208.52
1790676900,84208.51,84219.03,84204.01,84204.01
1790676960,84204.01,84219.02,84196,84196
1790677020,84196,84196.01,84180,84180
1790677080,84180,84180,84134.43,84134.44
1790677140,84134.44,84134.44,84110.16,84110.17
1790677200,84110.16,84110.17,84110.16,84110.16
1790677260,84110.16,84110.17,84068,84073.71
1790677320,84073.7,84112.01,84073.7,84112.01
1790677380,84112.01,84114.01,84098,84114
1790677440,84114.01,84125,84114,84120
1790677500,84120.01,84125,84120,84125
1790677560,84124.99,84125,84124.99,84125
1790677620,84125,84158.01,84125,84158
1790677680,84158,84158.01,84150,84150.01
1790677740,84150.01,84150.01,84150,84150
1790677800,84150.01,84159,84131.87,84131.87
1790677860,84131.87,84131.88,84121.71,84121.71
1790677920,84121.71,84131.88,84081.84,84113.05
1790677980,84113.04,84120.97,84068,84068
1790678040,84068.01,84068.01,84050.02,84061.75
1790678100,84061.76,84061.76,84049.32,84049.32
1790678160,84049.32,84050,84049.32,84050
1790678220,84049.99,84064.01,84038,84040.01
1790678280,84040.01,84043.19,84028.73,84028.73
1790678340,84028.73,84033.62,84023.01,84033.61
1790678400,84033.62,84088,84033.62,84087.99
1790678460,84088,84088,84046,84046.01
1790678520,84046,84055.6,84046,84053.22
1790678580,84053.22,84053.22,84000,84012.01
1790678640,84012.01,84019.87,84012,84018.01
1790678700,84018,84019.86,84000,84010.96
1790678760,84010.96,84038.01,84010.95,84038
1790678820,84038.01,84038.01,83987.99,83988
1790678880,83987.99,83998.01,83987.99,83998
1790678940,83998.01,84013.3,83998.01,84010.31
1790679000,84010.32,84029.58,84010.31,84029.57
1790679060,84029.58,84058,84029.58,84056.77
1790679120,84056.78,84075.8,84056.77,84069.15
1790679180,84069.16,84069.16,84052.5,84052.5
1790679240,84052.5,84064,84050,84064
1790679300,84064.01,84072.01,84064.01,84072
1790679360,84072.01,84076.49,84066.48,84066.49
1790679420,84066.48,84066.48,84029.96,84029.96
1790679480,84029.96,84032.58,84028,84032.58
1790679540,84032.58,84046.01,84030.49,84030.49
1790679600,84030.5,84034.01,84030.49,84030.49
1790679660,84030.49,84046.01,84030.49,84044.08
1790679720,84044.07,84044.07,84000.01,84004
1790679780,84004.01,84028.01,83986.46,84016
1790679840,84016.01,84016.01,83943.66,83943.66
1790679900,83943.66,83970.01,83936.92,83970
1790679960,83970,84042,83970,84042
1790680020,84042.01,84055.6,84033.99,84055.6
1790680080,84055.6,84090.01,84055.59,84067.09
1790680140,84067.1,84067.1,84030,84033.84
1790680200,84034.01,84055.6,84002.56,84002.57
1790680260,84002.56,84041.23,83991.24,84030.31
1790680320,84030.31,84055.6,84030.3,84041.68
1790680380,84041.68,84041.68,84028.42,84028.43
1790680440,84028.42,84030.2,84002,84030.19
1790680500,84030.2,84034.01,83998,83998
1790680560,83998.01,83998.01,83986,83998
1790680620,83998.01,84013.82,83998,84013.81
1790680680,84013.82,84060.01,84013.81,84060
1790680740,84060.01,84071.15,84034,84034
1790680800,84034.01,84044.98,84008.32,84044.97
1790680860,84044.98,84044.98,84020.56,84044.01
1790680920,84044,84055.6,84044,84055.6
1790680980,84055.6,84056.77,84050,84056.76
1790681040,84056.76,84068.01,84056.76,84068.01
1790681100,84068.01,84077.46,84066,84066.01
1790681160,84066,84077.46,84066,84077.45
1790681220,84077.46,84077.46,84074.74,84076.01
1790681280,84076,84076.01,84076,84076.01
1790681340,84076.01,84076.01,84063.18,84068.3
1790681400,84068.29,84092.01,84063.19,84092
1790681460,84092,84100,84092,84099.99
1790681520,84099.99,84230.81,84099.99,84230
1790681580,84230,84230.01,84196.45,84229.32
1790681640,84229.33,84266.2,84224.01,84248
1790681700,84248,84265.66,84224.01,84260
1790681760,84260.01,84268.98,84212,84212.01
1790681820,84212,84236.01,84192,84192
1790681880,84192,84268.01,84192,84268
1790681940,84268,84272.01,84242,84250.01
1790682000,84250,84250.01,84234.15,84234.15
1790682060,84234.16,84234.16,84214.41,84223.62
1790682120,84223.61,84223.62,84199.32,84199.33
1790682180,84199.32,84234.15,84199.32,84234.15
1790682240,84234.14,84262.5,84234.14,84262.5
1790682300,84262.5,84288,84252,84269.2
1790682360,84269.2,84307,84269.19,84306.99
1790682420,84306.99,84330,84306.72,84327.35
1790682480,84327.36,84335,84324,84334.99
1790682540,84334.99,84432.96,84302,84432.96
1790682600,84432.95,84500,84418,84462.74
1790682660,84462.73,84476.01,84330,84340
1790682720,84340.01,84434.01,84340.01,84430
1790682780,84430,84452.19,84430,84444
1790682840,84444,84455.21,84382,84455.2
1790682900,84455.2,84455.21,84426,84426
1790682960,84426,84450.01,84426,84434
1790683020,84434.01,84437.21,84374.31,84383.82
1790683080,84383.83,84410.01,84383.82,84391.5
1790683140,84391.49,84391.5,84358,84358.01
1790683200,84358,84368,84308.59,84368
1790683260,84368,84408.45,84368,84395.83
1790683320,84395.83,84412.01,84386,84412
1790683380,84412.01,84412.01,84370,84370.01
1790683440,84370.01,84429.79,84370,84427.2
1790683500,84427.2,84427.2,84378.01,84383.25
1790683560,84383.26,84383.26,84324.36,84324.36
1790683620,84324.37,84349.7,84314,84328.34
1790683680,84328.35,84328.35,84304.18,84304.18
1790683740,84304.18,84338.01,84299.45,84334.05
1790683800,84334.05,84334.06,84325,84325.01
1790683860,84325,84325,84306.3,84318.98
1790683920,84318.99,84336.66,84318.98,84319.16
1790683980,84319.16,84367.43,84319.16,84353.88
1790684040,84353.89,84353.89,84327.44,84327.44
1790684100,84327.45,84383.26,84327.44,84329.62
1790684160,84329.63,84401.53,84326.07,84401.52
1790684220,84401.52,84432.01,84380,84432
1790684280,84432.01,84488.99,84392,84407.25
1790684340,84407.25,84407.25,84245.04,84266.19
1790684400,84266.19,84266.2,84212.13,84238
1790684460,84238.01,84258.01,84222,84222.01
1790684520,84222.01,84246.01,84205.18,84218.87
1790684580,84218.86,84220.01,84209.38,84218.08
1790684640,84218.08,84218.08,84164,84165.81
1790684700,84165.81,84165.82,84133,84136.31
1790684760,84136.31,84179,84136.31,84170.65
1790684820,84170.66,84212.01,84152.7,84176.01
1790684880,84176.01,84194.01,84158.38,84180
1790684940,84180,84203.93,84180,84203.93
1790685000,84203.93,84247.27,84203.93,84229.4
1790685060,84229.41,84245.32,84218.09,84242.42
1790685120,84242.42,84276.01,84242.42,84261.52
1790685180,84261.51,84261.52,84218.64,84238.32
1790685240,84238.32,84295.49,84238.32,84295.49
1790685300,84295.49,84343.92,84280,84309.42
1790685360,84309.43,84322.35,84302,84316
1790685420,84316.01,84440.01,84316.01,84440
1790685480,84440,84480,84434.15,84464.01
1790685540,84464.01,84466.01,84386.44,84392.01
1790685600,84392.01,84392.01,84355.74,84389.99
1790685660,84389.99,84420,84389.99,84398
1790685720,84398.01,84408.01,84370,84372
1790685780,84372,84372.01,84360,84361.99
1790685840,84361.99,84362,84342,84353.78
1790685900,84353.78,84362.6,84268.24,84268.24
1790685960,84268.24,84291.46,84256,84276
1790686020,84276,84315.99,84276,84306.01
1790686080,84306,84319.28,84288.97,84319.27
1790686140,84319.28,84319.28,84290,84294
1790686200,84294.01,84294.01,84276.01,84276.02
1790686260,84276.02,84300,84260,84299.99
1790686320,84300,84346.01,84300,84346.01
1790686380,84346,84346.01,84298,84298.01
1790686440,84298.01,84334.01,84298,84334.01
1790686500,84334.01,84350.01,84324,84326.19
1790686560,84326.19,84390,84326.18,84375.27
1790686620,84375.26,84375.27,84354.01,84354.01
1790686680,84354.02,84354.02,84322.94,84322.94
1790686740,84322.94,84332.85,84322.94,84332.85
1790686800,84332.85,84364.01,84321.06,84321.06
1790686860,84321.05,84321.06,84266.2,84301.49
1790686920,84301.49,84322.87,84301.48,84316.24
1790686980,84316.23,84316.24,84268,84268
1790687040,84268.01,84294.02,84249.65,84294.02
1790687100,84294.02,84324.01,84294.02,84324
1790687160,84324.01,84324.01,84313.37,84319.98
1790687220,84319.99,84346.01,84319.98,84346.01
1790687280,84346.01,84378.99,84346,84378.98
1790687340,84378.99,84438.46,84378.98,84438.46
1790687400,84438.45,84450,84410,84410.01
1790687460,84410.01,84421.45,84386,84421.44
1790687520,84421.45,84428,84403.32,84414.12
1790687580,84414.12,84415.82,84398.73,84401.98
1790687640,84401.97,84419.86,84401.97,84410.01
1790687700,84410,84410.01,84338.01,84371.71
1790687760,84371.72,84391.14,84371.71,84391.13
1790687820,84391.13,84426.01,84391.13,84426
1790687880,84426.01,84446.69,84408,84408.01
1790687940,84408.01,84446.7,84408.01,84446.69
1790688000,84446.7,84446.7,84431.07,84431.08
1790688060,84431.07,84440.15,84431.07,84440.14
1790688120,84440.15,84440.15,84431.08,84440.15
1790688180,84440.15,84441.3,84440.14,84441.3
1790688240,84441.29,84489.62,84441.29,84489.61
1790688300,84489.61,84563.99,84406.6,84406.6
1790688360,84406.6,84410.01,84368,84410
1790688420,84410,84438.28,84380,84438.27
1790688480,84438.27,84438.27,84362,84362
1790688540,84362,84386.01,84344,84361.84
1790688600,84361.84,84361.85,84196,84254
1790688660,84254.01,84308,84183.13,84212
1790688720,84212,84246.01,84145,84145
1790688780,84145,84150.01,84072,84074.01
1790688840,84074,84137.06,84055.6,84130.01
1790688900,84130,84152.75,84025.26,84025.68
1790688960,84025.68,84120.01,84025.68,84102
1790689020,84102,84206.01,84102,84164.01
1790689080,84164,84198.01,84136,84198
1790689140,84198,84246.01,84198,84219.58
1790689200,84219.59,84231.17,84152,84164.67
1790689260,84164.68,84219.07,84164.67,84218.01
1790689320,84218.01,84266.01,84206,84233.61
1790689380,84233.6,84328.01,84186,84186.01
1790689440,84186.01,84214.01,84148,84192.01
1790689500,84192.01,84235.01,84161.81,84168.01
1790689560,84168.01,84210.01,84112.78,84112.78
1790689620,84112.78,84184.02,84082.14,84128.87
1790689680,84128.87,84156.01,84082,84082
1790689740,84082.01,84182.01,84082,84182
1790689800,84182,84216.01,84140.39,84194
1790689860,84194,84227.35,84183.23,84216
1790689920,84216,84317.74,84216,84317.74
1790689980,84317.73,84371.5,84317.73,84358
1790690040,84358.01,84400,84358,84400
1790690100,84400,84432.01,84387.24,84432
1790690160,84432.01,84456.01,84372,84372
1790690220,84372.01,84372.01,84286,84312.01
1790690280,84312.01,84312.01,84254,84254
1790690340,84254,84254,84200,84200.01
1790690400,84200.01,84288.01,84200,84248
1790690460,84248,84272.01,84102,84102
1790690520,84102,84102,83985.04,84007.58
1790690580,84007.58,84084,83989.25,84076.83
1790690640,84076.83,84076.83,83998.04,84012.01
1790690700,84012,84026.01,83989.18,84008
1790690760,84008,84008,83890,83920.01
1790690820,83920.01,83966.01,83920,83948
1790690880,83948.01,84018.01,83944,83970.66
1790690940,83970.65,83970.65,83896.06,83900
1790691000,83900.01,83958.01,83890,83958
1790691060,83958,83972.01,83895.03,83918.01
1790691120,83918,83918,83875.01,83896.87
1790691180,83896.87,83968.01,83896.87,83932
1790691240,83932.01,83968.01,83925.3,83925.3
1790691300,83925.31,83940.01,83898.05,83906.76
1790691360,83906.76,83916.48,83854.26,83874.01
1790691420,83874.01,83956.01,83874.01,83928.56
1790691480,83928.55,83981.11,83924,83981.1
1790691540,83981.1,84055.6,83981.1,84055.6
1790691600,84055.59,84068.01,83911.4,83911.4
1790691660,83911.4,83944.01,83869.8,83944
1790691720,83944.01,83980,83912.01,83980
1790691780,83980.01,83981.11,83899.02,83940
1790691840,83940,83940,83890,83934
1790691900,83934.01,84016.01,83912,84016
1790691960,84016,84066.42,84016,84066.42
1790692020,84066.41,84074.96,84066,84074.96
1790692080,84074.96,84080.01,84011.91,84011.91
1790692140,84011.9,84011.9,83942.16,83942.16
1790692200,83942.17,83959.79,83907.38,83950.3
1790692260,83950.29,84009.05,83950,83980.8
1790692320,83980.81,84011.7,83942.42,83976.01
1790692380,83976.01,83985.41,83935.77,83950.29
1790692440,83950.29,83962.01,83924,83924.01
1790692500,83924.01,83924.01,83845,83900
1790692560,83900,83900.01,83808.91,83812
1790692620,83812,83845,83764,83823.29
1790692680,83823.28,83904.01,83823.28,83890
1790692740,83890,83904,83874,83903.99
1790692800,83904,83989.27,83904,83932.53
1790692860,83932.53,83984.01,83924.1,83952
1790692920,83952,84014.96,83930.01,83974.01
1790692980,83974,83974.01,83903.39,83903.4
1790693040,83903.4,83903.4,83830,83890.85
1790693100,83890.85,84000.1,83890.85,84000.1
1790693160,84000.09,84009.75,83966,83978.21
1790693220,83978.21,83978.21,83888.4,83894
1790693280,83894.01,83950.3,83894.01,83911.02
1790693340,83911.02,83911.02,83795.02,83798.04
1790693400,83798.03,83798.03,83688,83744.01
1790693460,83744.01,83870.01,83728,83870
1790693520,83870,83878.01,83818.34,83824
1790693580,83824,83826.54,83798.01,83808
1790693640,83808.01,83834.58,83804.45,83820
1790693700,83820,83880.01,83820,83860.01
1790693760,83860,83878.01,83858,83878.01
1790693820,83878.01,83882.01,83843.76,83866.72
1790693880,83866.73,83868.01,83838,83838.01
1790693940,83838,83838.01,83752,83752.01
1790694000,83752,83756.25,83690.77,83690.77
1790694060,83690.77,83690.78,83639.65,83683
1790694120,83682.99,83739.7,83664,83670.7
1790694180,83670.71,83676.01,83639.66,83639.66
1790694240,83639.66,83664.01,83600.01,83600.01
1790694300,83600,83611.3,83488.63,83496.48
1790694360,83496.48,83614.01,83480.06,83596
1790694420,83596,83596,83507.7,83529.1
1790694480,83529.1,83554.01,83482.22,83536.73
1790694540,83536.74,83634.01,83534.81,83628.01
1790694600,83628,83672,83606,83606
1790694660,83606.01,83606.01,83558.33,83564.22
1790694720,83564.23,83564.23,83420.98,83422.7
1790694780,83422.7,83422.71,83367.62,83389.11
1790694840,83389.11,83439.05,83364,83430.82
1790694900,83430.83,83484.01,83415.39,83483.47
1790694960,83483.48,83496.01,83464.17,83476.01
1790695020,83476.02,83476.02,83380.15,83380.15
1790695080,83380.16,83396.44,83292.24,83297
1790695140,83296.99,83340,83288,83295.14
1790695200,83295.13,83334.01,83252,83290.51
1790695260,83290.5,83317.27,83223.57,83297.86
1790695320,83297.87,83318.5,83243.45,83243.45
1790695380,83243.44,83252,83158,83160.86
1790695440,83160.87,83160.87,83025.5,83043.21
1790695500,83043.21,83063.06,82988.24,83014.35
1790695560,83014.34,83078.01,83000,83008.69
1790695620,83008.69,83008.7,82931.21,82950.17
1790695680,82950.18,83020.09,82910,82991.97
1790695740,82991.97,83028,82991.96,82994.54
1790695800,82994.53,83087.68,82988.73,83019.33
1790695860,83019.34,83062,82986,83062
1790695920,83062,83162.71,83060.01,83162.7
1790695980,83162.71,83198,83146,83146.01
1790696040,83146.01,83202.01,83146,83162.01
1790696100,83162.01,83200.01,83144,83188
1790696160,83188,83206.01,83170,83184.01
1790696220,83184,83212,83184,83196.01
1790696280,83196.01,83196.01,83174,83191.4
1790696340,83191.4,83219.91,83191.4,83213.12
1790696400,83213.13,83234.84,83209.04,83234.83
1790696460,83234.83,83242.4,83184,83184.01
1790696520,83184,83200,83160.31,83184
1790696580,83184,83184.01,83140,83159.99
1790696640,83160,83179.58,83140.01,83179.58
1790696700,83179.58,83230.01,83179.58,83200.55
1790696760,83200.56,83203.5,83112.17,83112.17
1790696820,83112.18,83265.96,83084.9,83259.45
1790696880,83259.45,83331.13,83214,83318.45
1790696940,83318.46,83318.46,83262.7,83265.35
1790697000,83265.36,83274.01,83114.44,83129.22
1790697060,83129.21,83146.01,83120.34,83135.73
1790697120,83135.73,83135.73,83043.78,83043.79
1790697180,83043.79,83055,82962,82974.01
1790697240,82974.01,82988.19,82929,82988.19
1790697300,82988.19,83054.54,82988.18,83012.75
1790697360,83012.76,83046.94,83012.75,83040.64
1790697420,83040.65,83083.61,83000,83000
1790697480,83000.01,83003.94,82970.17,82970.17
1790697540,82970.18,83068.01,82970.13,83068
1790697600,83068,83138.63,83066.01,83112
1790697660,83112.01,83145.81,83096.01,83130.02
1790697720,83130.02,83145.81,83106,83137.55
1790697780,83137.56,83137.57,83098,83098
1790697840,83098.01,83098.01,83058,83058
1790697900,83058.01,83099.36,83041.47,83095.55
1790697960,83095.56,83095.56,83040,83040.01
1790698020,83040.01,83040.01,82982.01,83028.01
1790698080,83028.01,83032.01,82996.41,82996.42
1790698140,82996.42,83002.6,82983.56,83002.6
1790698200,83002.59,83081.58,83002.59,83062.65
1790698260,83062.65,83064.17,83024,83052.47
1790698320,83052.47,83056.01,83010,83010.01
1790698380,83010,83035.98,83003.06,83012.01
1790698440,83012.02,83030.01,82962.6,83030
1790698500,83030.01,83036.01,83004,83018.07
1790698560,83018.06,83111.96,82997.32,83111.96
1790698620,83111.95,83150.01,83109.65,83109.65
1790698680,83109.66,83114.01,83088.84,83114
1790698740,83114,83124.51,83084.34,83102
1790698800,83102.01,83156.01,83102,83144
1790698860,83144,83185.67,83140.17,83158.02
1790698920,83158.02,83198.01,83156,83188.01
1790698980,83188,83188.01,83154,83184.99
1790699040,83185,83212.01,83184.99,83195.8
1790699100,83195.81,83220.01,83180.01,83214.38
1790699160,83214.38,83250,83214.37,83249.99
1790699220,83249.99,83264.39,83249.99,83256.01
1790699280,83256,83290,83252.01,83252.01
1790699340,83252.02,83278.01,83252.01,83258
1790699400,83258.01,83258.01,83182,83182
1790699460,83182.01,83183.8,83140.22,83158.76
1790699520,83158.77,83213.2,83158.77,83162
1790699580,83162,83194.01,83158,83192.02
1790699640,83192.02,83222.01,83185.01,83222
1790699700,83222.01,83270.01,83222,83240
1790699760,83240.01,83260.01,83230,83258
1790699820,83258.01,83267.5,83238,83266
1790699880,83266,83276.01,83252.58,83259.94
1790699940,83259.95,83259.95,83194,83194.01
1790700000,83194.01,83194.01,83136,83144
1790700060,83144.01,83164.01,83094,83094.01
1790700120,83094.01,83118.01,83083.09,83088
1790700180,83088.01,83090.83,83042,83066
1790700240,83066.01,83070.01,83044,83044.01
1790700300,83044.01,83080.01,82962,82964.01
1790700360,82964.01,83073.27,82962.06,83073.27
1790700420,83073.26,83088.01,83030,83030.02
1790700480,83030.01,83042.01,83002,83039.94
1790700540,83039.95,83048.01,82980,83008
1790700600,83008,83054.01,83008,83043.46
1790700660,83043.47,83078.01,83026,83026
1790700720,83026,83050.01,83004,83026.01
1790700780,83026.01,83032.42,82949.99,82950
1790700840,82949.99,82966.01,82944.69,82946.02
1790700900,82946.03,82950.01,82939.99,82946.05
1790700960,82946.05,82946.06,82900,82928.89
1790701020,82928.89,83018.01,82928.89,83013.61
1790701080,83013.61,83061.28,83013.61,83061.27
1790701140,83061.27,83074.01,83061.27,83061.27
1790701200,83061.28,83064.01,83024.69,83024.69
1790701260,83024.69,83054.01,83020,83040
1790701320,83040,83044.01,83025.29,83034.11
1790701380,83034.1,83086,83014.98,83086
1790701440,83085.99,83108.01,83085.99,83100
1790701500,83100,83150.01,83086,83150.01
1790701560,83150.01,83181.52,83150,83168
1790701620,83168.01,83172.01,83150,83150
1790701680,83150.01,83166.81,83150,83166.8
1790701740,83166.81,83188.6,83166,83166.01
1790701800,83166,83166.01,83150,83150.01
1790701860,83150,83188.01,83136.01,83144
1790701920,83144,83144,83096.18,83126.67
1790701980,83126.67,83143.98,83113.86,83132.74
1790702040,83132.73,83166.48,83132.73,83166.47
1790702100,83166.48,83180.69,83152.93,83152.93
1790702160,83152.94,83152.94,83070,83080
1790702220,83080.01,83113.87,83068.17,83093.79
1790702280,83093.79,83123.25,83093.78,83110.01
1790702340,83110,83142.01,83106,83142.01
1790702400,83142.01,83152.01,83118,83118
1790702460,83118.01,83118.01,83050,83050.01
1790702520,83050,83055.77,83050,83054
1790702580,83054,83118.01,83054,83116
1790702640,83116,83126.01,83100,83116
1790702700,83116.01,83126.01,83104,83110.59
1790702760,83110.6,83124.01,83108,83108.01
1790702820,83108.01,83136.01,83108.01,83136
1790702880,83136.01,83145.98,83108,83108
1790702940,83108.01,83178.01,83108,83178
1790703000,83178.01,83208.01,83178.01,83202.01
1790703060,83202.01,83218.01,83192,83218
1790703120,83218,83218.01,83170,83208
1790703180,83208.01,83213.2,83190,83190.01
1790703240,83190,83214.01,83176.79,83176.79
1790703300,83176.79,83180.01,83122,83126.01
1790703360,83126.01,83162.01,83126,83136.42
1790703420,83136.41,83156.01,83126,83126.01
1790703480,83126.01,83140.01,83107.9,83107.91
1790703540,83107.9,83137.39,83107.9,83134
1790703600,83134,83156.01,83134,83154.01
1790703660,83154.01,83185.52,83150,83168.01
1790703720,83168.01,83170.01,83154,83160
1790703780,83160,83160.01,83132.19,83137.43
1790703840,83137.44,83148.01,83132.01,83132.01
1790703900,83132.01,83171.24,83132,83168
1790703960,83168.01,83168.01,83100,83100
1790704020,83100,83106.01,83076,83102.17
1790704080,83102.17,83122.01,83086,83112.01
1790704140,83112,83116.01,83063.23,83063.23
1790704200,83063.24,83072.01,83044.01,83044.01
1790704260,83044,83044,82994.98,83042.01
1790704320,83042,83067.56,83042,83067.55
1790704380,83067.56,83067.56,83008,83030.01
1790704440,83030.01,83068.01,83029.75,83044
1790704500,83044,83046.01,83030,83030
1790704560,83030.01,83045.89,83008.05,83014
1790704620,83014.01,83026.01,83008.28,83010.01
1790704680,83010,83010.01,82985,83006
1790704740,83006.01,83078.01,83006,83078.01
1790704800,83078.01,83281.03,83078.01,83281.03
1790704860,83281.02,83300,83230,83234.18
1790704920,83234.18,83280.01,83234.18,83270
1790704980,83270,83270.01,83220,83232.01
1790705040,83232,83299.99,83232,83298.99
1790705100,83299,83356.01,83278,83342
1790705160,83342.01,83412.01,83342,83412
1790705220,83412,83432.01,83346,83346
1790705280,83346.01,83374.01,83330,83338.01
1790705340,83338.01,83372.01,83300,83300.01
1790705400,83300.01,83324.01,83290.1,83310
1790705460,83310.01,83336.01,83310,83322
1790705520,83322.01,83382.01,83322,83382.01
1790705580,83382.01,83418.01,83364.61,83418
1790705640,83418,83428.01,83418,83428.01
1790705700,83428,83466.01,83428,83464
1790705760,83464,83506.01,83464,83478.01
1790705820,83478.01,83478.01,83404,83432
1790705880,83432,83432,83400,83422
1790705940,83422.01,83423.8,83416.44,83423.79
1790706000,83423.79,83450,83410,83450
1790706060,83450.01,83474.01,83442,83474
1790706120,83474.01,83514.01,83458,83514
1790706180,83514,83519,83504.97,83516.01
1790706240,83516,83516.01,83498,83502.67
1790706300,83502.66,83506.01,83484.13,83484.14
1790706360,83484.13,83484.13,83444,83444
1790706420,83444,83464,83436,83440.01
1790706480,83440.01,83482.01,83440.01,83482
1790706540,83482,83482,83427.65,83427.65
1790706600,83427.66,83506.01,83414,83496
1790706660,83496.01,83498.01,83446,83492.01
1790706720,83492.01,83550,83492.01,83549.99
1790706780,83550,83560.01,83540,83544
1790706840,83544,83570.01,83544,83570
1790706900,83570.01,83570.01,83528,83536.01
1790706960,83536.01,83568.01,83530,83568
1790707020,83568,83576.01,83546,83550
1790707080,83550,83594,83550,83570.72
1790707140,83570.71,83625.89,83558.03,83564.01
1790707200,83564.01,83634.4,83562,83634.4
1790707260,83634.4,83676.62,83634.39,83676.62
1790707320,83676.61,83700,83676,83698
1790707380,83698.01,83698.01,83670,83678.01
1790707440,83678.01,83678.01,83632.01,83632.01
1790707500,83632,83672.01,83628,83662
1790707560,83662,83664.01,83640.89,83640.89
1790707620,83640.89,83640.89,83586,83597.48
1790707680,83597.49,83631.09,83592,83631.08
1790707740,83631.08,83634.4,83631.08,83634.39
1790707800,83634.39,83642.01,83606.31,83622.01
1790707860,83622.01,83656,83622.01,83656
1790707920,83655.99,83668.01,83646,83660.01
1790707980,83660.01,83684.01,83640,83640
1790708040,83640,83640.01,83633.79,83633.8
1790708100,83633.8,83633.8,83626.28,83626.28
1790708160,83626.29,83628.01,83626.28,83626.28
1790708220,83626.29,83626.29,83614.21,83614.21
1790708280,83614.21,83628.01,83592.77,83628.01
1790708340,83628.01,83640,83628,83640
1790708400,83640,83640,83626.84,83626.84
1790708460,83626.84,83634.4,83606,83618.01
1790708520,83618.01,83655.51,83618,83650.01
1790708580,83650.01,83654.01,83636.04,83636.04
1790708640,83636.03,83650.01,83622,83650.01
1790708700,83650.01,83650.01,83632.53,83650
1790708760,83649.99,83682.01,83649.99,83682.01
1790708820,83682,83700,83680,83699.99
1790708880,83699.99,83700,83676,83676
1790708940,83676.01,83676.01,83649.79,83649.99
1790709000,83649.98,83666.38,83649.98,83666.38
1790709060,83666.37,83666.38,83639.96,83639.96
1790709120,83639.96,83639.97,83612.21,83612.21
1790709180,83612.22,83612.22,83600.63,83600.63
1790709240,83600.64,83614.27,83599.89,83599.89
1790709300,83599.89,83618.01,83580,83580.01
1790709360,83580.01,83598.48,83568,83584
1790709420,83584,83614.01,83574,83614.01
1790709480,83614,83665.93,83614,83649.16
1790709540,83649.16,83649.16,83610.46,83649.15
1790709600,83649.14,83649.14,83618,83618
1790709660,83618.01,83618.01,83608,83608.01
1790709720,83608,83608.01,83587.7,83608
1790709780,83608.01,83621.37,83608,83621.36
1790709840,83621.37,83623.89,83610.03,83620.69
1790709900,83620.68,83633.74,83619.66,83619.66
1790709960,83619.65,83619.65,83574.89,83590.01
1790710020,83590.01,83590.01,83568,83576
1790710080,83576,83576.01,83544,83544.01
1790710140,83544,83548,83544,83547.99
1790710200,83547.99,83553.1,83518,83553.1
1790710260,83553.1,83580.32,83553.09,83572
1790710320,83572.01,83621.28,83572,83621.27
1790710380,83621.28,83621.28,83600.63,83604.85
1790710440,83604.84,83604.84,83588,83588
1790710500,83588,83588,83560,83560
1790710560,83560,83562.01,83554,83560
1790710620,83560,83572.85,83546.36,83546.37
1790710680,83546.37,83566.53,83546.36,83552.01
1790710740,83552,83560.01,83550,83550.01
1790710800,83550,83550.01,83490.2,83494
1790710860,83494.01,83502.01,83494,83502.01
1790710920,83502.01,83503.69,83486.59,83498.01
1790710980,83498.01,83508.01,83492,83492.01
1790711040,83492,83492,83436,83436
1790711100,83436,83438.01,83414.76,83414.77
1790711160,83414.77,83468.33,83398.5,83468.33
1790711220,83468.32,83610.01,83452,83607.94
1790711280,83608.01,83624.01,83522,83529.1
1790711340,83529.1,83602.01,83529.09,83556.01
1790711400,83556.01,83582.01,83540,83562
1790711460,83562,83620.01,83556,83620.01
1790711520,83620.01,83637.69,83600,83600.01
1790711580,83600,83600,83560,83580
1790711640,83580.01,83584.01,83560,83560
1790711700,83560,83585.31,83536,83585.31
1790711760,83585.31,83612.01,83578,83580.84
1790711820,83580.84,83590.01,83580.84,83590.01
1790711880,83590.01,83610.85,83580,83580.01
1790711940,83580,83594.01,83568,83594.01
1790712000,83594.01,83594.01,83564,83576.01
1790712060,83576.01,83595.37,83540,83540
1790712120,83540,83540,83519.8,83529.1
1790712180,83529.09,83535.8,83526,83531.84
1790712240,83531.83,83551.78,83529.69,83542
1790712300,83542,83571.73,83534.27,83571.73
1790712360,83571.73,83578.53,83571.72,83574.12
1790712420,83574.11,83596.12,83574.11,83593.81
1790712480,83593.8,83593.81,83585.78,83585.78
1790712540,83585.79,83603.36,83540,83540
1790712600,83540,83540,83510,83510
1790712660,83510,83515.37,83508,83515.37
1790712720,83515.37,83538.01,83515.36,83538
1790712780,83538.01,83557.69,83538.01,83557.69
1790712840,83557.68,83568.53,83537.73,83537.74
1790712900,83537.74,83558.85,83537.74,83558.85
1790712960,83558.84,83568.84,83558.84,83568.84
1790713020,83568.85,83596.31,83568.84,83596.31
1790713080,83596.31,83605.55,83596.3,83605.54
1790713140,83605.55,83617.69,83605.55,83617.69
1790713200,83617.68,83626.62,83617.68,83624.93
1790713260,83624.93,83624.95,83624.93,83624.94
1790713320,83624.95,83624.95,83624.94,83624.94
1790713380,83624.95,83624.95,83624.94,83624.95
1790713440,83624.94,83624.95,83606.47,83606.47
1790713500,83606.47,83616.93,83601.15,83602.84
1790713560,83602.84,83643.69,83602.84,83643.69
1790713620,83643.69,83650.01,83643.69,83650
1790713680,83650.01,83650.01,83634,83634
1790713740,83634,83634.01,83630.25,83630.25
1790713800,83630.26,83630.26,83610.47,83610.48
1790713860,83610.47,83610.48,83593.47,83593.48
1790713920,83593.48,83593.48,83593.47,83593.47
1790713980,83593.47,83608.21,83593.47,83608.21
1790714040,83608.21,83608.21,83590.29,83590.3
1790714100,83590.3,83602.85,83586.94,83602.84
1790714160,83602.85,83620.11,83602.84,83605.49
1790714220,83605.48,83605.49,83605.48,83605.48
1790714280,83605.49,83605.49,83596.07,83596.08
1790714340,83596.07,83617.69,83596.07,83617.69
1790714400,83617.69,83633.54,83616.86,83633.53
1790714460,83633.53,83633.54,83633.53,83633.54
1790714520,83633.53,83644.85,83633.53,83644.84
1790714580,83644.85,83645.69,83644.85,83645.68
1790714640,83645.69,83645.69,83641.94,83641.94
1790714700,83641.94,83641.95,83625.26,83625.27
1790714760,83625.26,83625.27,83624.8,83624.8
1790714820,83624.81,83634.4,83624.71,83634.39
1790714880,83634.4,83637.94,83634.39,83637.94
1790714940,83637.94,83645.61,83637.93,83645.61
1790715000,83645.61,83646,83645.6,83646
1790715060,83645.99,83654.85,83645.99,83654.84
1790715120,83654.85,83654.85,83654.84,83654.85
1790715180,83654.84,83654.85,83649.28,83649.28
1790715240,83649.28,83649.29,83641.47,83641.47
1790715300,83641.48,83644.01,83641.47,83644
1790715360,83644,83644.01,83632,83632
1790715420,83632,83632,83618.68,83631.54
1790715480,83631.55,83646.57,83631.54,83641.95
1790715540,83641.94,83641.95,83616.38,83616.39
1790715600,83616.38,83616.39,83614.69,83614.7
1790715660,83614.7,83614.7,83599.71,83599.71
1790715720,83599.71,83599.72,83567.97,83567.97
1790715780,83567.97,83567.97,83526,83536.01
1790715840,83536,83578.01,83526,83549.17
1790715900,83549.17,83549.18,83530,83530
1790715960,83530,83554.01,83526,83552
1790716020,83552.01,83552.01,83540,83540
1790716080,83540.01,83540.01,83540,83540.01
1790716140,83540.01,83551.96,83528.52,83551.95
1790716200,83551.95,83555.79,83548.01,83548.02
1790716260,83548.02,83548.02,83548.01,83548.01
1790716320,83548.01,83553.22,83548.01,83553.22
1790716380,83553.22,83553.22,83540.27,83545.95
1790716440,83545.95,83558.84,83545.95,83558.83
1790716500,83558.84,83559.68,83526,83526
1790716560,83526,83526.01,83511.48,83511.48
1790716620,83511.49,83511.49,83511.48,83511.48
1790716680,83511.48,83511.49,83478.35,83483.33
1790716740,83483.34,83483.34,83483.33,83483.33
1790716800,83483.33,83483.34,83454,83456.68
1790716860,83456.69,83472.01,83456.68,83472
1790716920,83472,83472,83448,83449.12
1790716980,83449.12,83449.13,83449.12,83449.13
1790717040,83449.13,83452.18,83446,83446.01
1790717100,83446.01,83455.16,83430,83455.15
1790717160,83455.16,83464.84,83384,83387.66
1790717220,83387.66,83395.54,83387.65,83395.16
1790717280,83395.16,83401.45,83395.16,83400.64
1790717340,83400.64,83422.01,83400.64,83422.01
1790717400,83422.01,83435.53,83422.01,83435.53
1790717460,83435.53,83436.35,83430.24,83430.24
1790717520,83430.24,83430.25,83420,83423.79
1790717580,83423.79,83464,83423.79,83463.99
1790717640,83464,83466.5,83461.19,83466.5
1790717700,83466.49,83470,83465.82,83465.83
1790717760,83465.83,83466.5,83465.82,83466.49
1790717820,83466.49,83476.47,83466.49,83472.46
1790717880,83472.47,83472.47,83456,83457.67
1790717940,83457.68,83477.26,83457.67,83477.25
1790718000,83477.25,83515.98,83467.38,83515.97
1790718060,83515.97,83522.01,83515.97,83522
1790718120,83522.01,83531.61,83519.79,83531.6
1790718180,83531.6,83538.01,83514,83514.01
1790718240,83514.01,83518.71,83506.42,83506.43
1790718300,83506.43,83506.43,83428.69,83438.18
1790718360,83438.17,83438.18,83425,83425.01
1790718420,83425.01,83437.76,83420,83437.76
1790718480,83437.75,83445.96,83430.54,83430.54
1790718540,83430.54,83437.78,83420,83437.77
1790718600,83437.78,83444.56,83437.77,83444.55
1790718660,83444.55,83460.36,83444.55,83460.36
1790718720,83460.36,83483.82,83460.36,83483.82
1790718780,83483.81,83506.01,83483.81,83494.01
1790718840,83494.02,83494.02,83490,83490.01
1790718900,83490.01,83490.01,83490,83490
1790718960,83490,83490.01,83490,83490.01
1790719020,83490,83490.01,83470,83470.01
1790719080,83470.01,83492.01,83470,83492.01
1790719140,83492,83504,83492,83503.99
1790719200,83503.99,83537.57,83503.99,83537.56
1790719260,83537.56,83570.01,83537.56,83570.01
1790719320,83570,83570.01,83570,83570.01
1790719380,83570.01,83580,83570,83580
1790719440,83580,83612.01,83561.31,83581.47
1790719500,83581.47,83584.84,83534,83558
1790719560,83558,83570.01,83540,83540
1790719620,83540,83554,83540,83540.01
1790719680,83540,83563.69,83525,83563.69
1790719740,83563.69,83594.52,83558,83594.52
1790719800,83594.53,83618.53,83582,83618.53
1790719860,83618.53,83620,83610.01,83611
1790719920,83611,83636.01,83595.68,83636.01
1790719980,83636,83722.01,83636,83703.58
1790720040,83703.58,83703.59,83658.4,83658.41
1790720100,83658.4,83672.01,83594,83594.01
1790720160,83594.01,83622.01,83584,83584.01
1790720220,83584,83584.01,83575,83584.01
1790720280,83584,83588.85,83560,83560.84
1790720340,83560.84,83662.01,83550,83661.95
1790720400,83661.95,83670,83620.96,83620.96
1790720460,83620.96,83620.96,83600,83612
1790720520,83612.01,83648.01,83602,83648
1790720580,83648,83658.01,83648,83658
1790720640,83658.01,83664.05,83656,83656
1790720700,83656,83669.99,83652,83669.99
1790720760,83669.99,83689.51,83650,83650
1790720820,83650,83650.01,83616,83616
1790720880,83616,83616.01,83606,83606
1790720940,83606,83606.01,83598,83598.01
1790721000,83598.01,83610.01,83574.36,83575.03
1790721060,83575.03,83579.53,83544.68,83553.18
1790721120,83553.18,83579.14,83553.18,83567.52
1790721180,83568.01,83581.22,83564,83564
1790721240,83564,83579.93,83564,83579.92
1790721300,83579.92,83579.93,83564,83568.61
1790721360,83568.61,83583.41,83568.61,83572.56
1790721420,83572.56,83599.6,83572.56,83599.6
1790721480,83599.6,83599.6,83584,83584.01
1790721540,83584,83584.01,83565.01,83565.05
1790721600,83565.04,83566.92,83565.04,83566.91
1790721660,83566.91,83595.36,83566.91,83595.36
1790721720,83595.36,83618.01,83595.35,83618
1790721780,83618,83620,83606.01,83606.01
1790721840,83606.01,83606.02,83606.01,83606.02
1790721900,83606.02,83634.4,83598,83598
1790721960,83598.01,83602.01,83598,83602.01
1790722020,83602.01,83602.01,83580.44,83588.88
1790722080,83588.88,83598.03,83588.87,83598.02
1790722140,83598.02,83598.02,83586.35,83596.86
1790722200,83596.85,83606.01,83596,83606.01
1790722260,83606.01,83638.36,83606,83638.35
1790722320,83638.36,83638.36,83628,83628.01
1790722380,83628,83636.93,83624.01,83636.92
1790722440,83636.93,83650,83619.75,83619.75
1790722500,83619.75,83632.01,83619.75,83632.01
1790722560,83632.01,83632.01,83620,83620.01
1790722620,83620,83624,83620,83623.99
1790722680,83624,83624,83615,83615.1
1790722740,83615.1,83615.1,83610,83612.01
1790722800,83612,83624,83612,83623.99
1790722860,83623.99,83650,83623.99,83649.99
1790722920,83649.99,83682.01,83649.99,83667.03
1790722980,83667.03,83690,83667.03,83690
1790723040,83690,83742.88,83689.99,83742.88
1790723100,83742.87,83795,83742.87,83794.99
1790723160,83795,83815.53,83772.8,83815.53
1790723220,83815.52,83844.99,83794.52,83826
1790723280,83826.01,83840.83,83760.88,83760.88
1790723340,83760.88,83789.8,83760.88,83789.8
1790723400,83789.8,83810.2,83789.8,83810.19
1790723460,83810.19,83810.2,83798.76,83798.77
1790723520,83798.77,83798.77,83798.76,83798.77
1790723580,83798.77,83842.4,83798.76,83842.4
1790723640,83842.39,83845.93,83842.31,83845.93
1790723700,83845.93,83845.93,83834.57,83834.57
1790723760,83834.57,83840.01,83814.01,83840.01
1790723820,83840.01,83849,83840,83842.01
1790723880,83842,83842.01,83814,83814.01
1790723940,83814,83830.01,83810,83810
1790724000,83810,83810,83770,83770
1790724060,83770.01,83770.01,83739.7,83742.1
1790724120,83742.1,83742.11,83739.7,83742.01
1790724180,83742.02,83742.02,83738,83738
1790724240,83738.01,83738.01,83732,83732.01
1790724300,83732,83739.7,83725,83739.7
1790724360,83739.7,83741.1,83739.69,83741.1
1790724420,83741.1,83752.01,83741.09,83752.01
1790724480,83752.01,83752.01,83748.93,83748.93
1790724540,83748.93,83759.04,83726,83759.03
1790724600,83759.04,83759.04,83727.77,83731.7
1790724660,83731.69,83731.7,83725,83725
1790724720,83725.01,83725.01,83710.02,83710.02
1790724780,83710.03,83711.35,83710.02,83711.34
1790724840,83711.34,83711.35,83704,83704
1790724900,83704,83704.01,83689.74,83689.75
1790724960,83689.75,83702.69,83689.75,83699.52
1790725020,83699.52,83707.25,83683.04,83683.04
1790725080,83683.04,83688.01,83683.04,83684.02
1790725140,83684.02,83716,83684.01,83715.99
1790725200,83716,83716,83715.99,83716
1790725260,83715.99,83715.99,83680.39,83680.39
1790725320,83680.39,83680.4,83670.73,83671.99
1790725380,83671.99,83671.99,83640,83640.01
1790725440,83640.01,83660.01,83640,83660
1790725500,83660.01,83694.01,83660.01,83694.01
1790725560,83694,83707.08,83694,83702.01
1790725620,83702.01,83716,83695.48,83715.99
1790725680,83715.99,83716,83694,83695.35
1790725740,83695.35,83707.12,83695.35,83707.12
1790725800,83707.12,83716,83707.12,83716
1790725860,83715.99,83715.99,83688.23,83701.8
1790725920,83701.79,83715.54,83701.79,83715.53
1790725980,83715.54,83715.54,83662.39,83662.4
1790726040,83662.39,83662.39,83645,83645
1790726100,83645.01,83665.63,83645,83665.62
1790726160,83665.62,83669.7,83665.62,83669.69
1790726220,83669.7,83669.7,83660.72,83660.72
1790726280,83660.73,83663.66,83660.72,83663.21
1790726340,83663.21,83663.66,83663.21,83663.66
1790726400,83663.66,83691.52,83663.66,83672.92
1790726460,83672.92,83695.11,83672.92,83695.1
1790726520,83695.11,83731.46,83695.1,83731.45
1790726580,83731.45,83731.46,83700,83722
1790726640,83722,83722,83645,83674
1790726700,83674,83712.7,83668.01,83712.69
1790726760,83712.7,83712.7,83688,83696
1790726820,83696,83696.01,83678,83678.01
1790726880,83678.01,83678.01,83622,83622
1790726940,83622.01,83622.01,83583.86,83583.87
1790727000,83583.87,83583.87,83562,83562.01
1790727060,83562.01,83564.01,83516.14,83516.14
1790727120,83516.14,83536.16,83516.14,83536.15
1790727180,83536.15,83554.01,83536.15,83552.01
1790727240,83552,83552.01,83529.03,83529.04
1790727300,83529.03,83529.1,83529.03,83529.1
1790727360,83529.1,83542.1,83529.09,83542.09
1790727420,83542.1,83542.1,83500,83500
1790727480,83500,83500.01,83466.23,83466.23
1790727540,83466.23,83466.23,83438.25,83438.26
1790727600,83438.26,83438.26,83423.8,83438.01
1790727660,83438.01,83446,83416.93,83446
1790727720,83446.01,83452.01,83446,83448
1790727780,83448,83448.01,83430,83438.01
1790727840,83438.01,83498.51,83438,83476.01
1790727900,83476,83539.86,83468.87,83526
1790727960,83526,83526,83470.03,83521.27
1790728020,83521.26,83549.01,83502.32,83523.89
1790728080,83523.9,83585.98,83523.9,83585.97
1790728140,83585.97,83592.01,83578,83578.01
1790728200,83578,83598.01,83567.14,83584.01
1790728260,83584.01,83584.01,83546.31,83580
1790728320,83580.01,83580.01,83550,83580
1790728380,83579.99,83588.01,83579.99,83588.01
1790728440,83588.01,83618,83588.01,83618
1790728500,83618.01,83631.42,83568,83581.59
1790728560,83581.6,83582.01,83518,83518
1790728620,83518.01,83518.01,83492.92,83508.58
1790728680,83508.58,83508.58,83502.73,83507.39
1790728740,83507.4,83507.4,83496,83505.95
1790728800,83505.96,83540.01,83496,83522.03
1790728860,83522.04,83545.96,83522.03,83545.96
1790728920,83545.95,83545.96,83510.01,83522
1790728980,83522.01,83522.01,83468,83468
1790729040,83468,83490.97,83468,83490.09
1790729100,83490.09,83490.09,83443.65,83443.65
1790729160,83443.66,83456.01,83423.8,83456
1790729220,83456.01,83478.01,83445.81,83448.01
1790729280,83448.01,83448.01,83416.93,83416.94
1790729340,83416.94,83424,83416.93,83423.99
1790729400,83424,83424,83373.79,83373.8
1790729460,83373.8,83382.01,83370.43,83379.81
1790729520,83379.81,83413.9,83379.81,83390
1790729580,83390.01,83390.01,83370,83376.01
1790729640,83376.01,83383.82,83368.18,83368.18
1790729700,83368.19,83383.72,83344.78,83369.6
1790729760,83369.6,83386.01,83369.6,83383.72
1790729820,83383.71,83430.01,83368.65,83430.01
1790729880,83430.01,83430.01,83405.57,83423.8
1790729940,83423.8,83459.93,83423.79,83453.36
1790730000,83453.36,83454.01,83404,83420.01
1790730060,83420.01,83432.01,83412.58,83432
1790730120,83432,83470.01,83432,83470
1790730180,83470,83470.01,83442,83466
1790730240,83466,83466.01,83410,83410.01
1790730300,83410,83446.01,83410,83446.01
1790730360,83446,83446.01,83437.19,83442
1790730420,83442.01,83442.01,83405.45,83423.8
1790730480,83423.79,83424.22,83409.36,83424.22
1790730540,83424.22,83482.1,83424.22,83467.7
1790730600,83467.71,83469.05,83418,83418.01
1790730660,83418.01,83473.99,83418,83462.1
1790730720,83462.09,83462.1,83403.92,83403.92
1790730780,83403.92,83411.72,83390.19,83400.74
1790730840,83400.74,83427.4,83400.74,83427.4
1790730900,83427.4,83438.01,83420,83434.01
1790730960,83434,83458.6,83434,83448.01
1790731020,83448.01,83460.01,83440.82,83440.83
1790731080,83440.83,83448.02,83422.79,83422.79
1790731140,83422.8,83422.8,83399.52,83399.53
1790731200,83399.53,83411.22,83399.52,83411.22
1790731260,83411.22,83435.84,83411.22,83417.51
1790731320,83417.51,83417.51,83417.5,83417.51
1790731380,83417.51,83476.8,83417.5,83476.79
1790731440,83476.8,83519.38,83476.79,83519.37
1790731500,83519.38,83550.39,83519.37,83550.36
1790731560,83550.37,83550.37,83512,83512.01
1790731620,83512,83512.01,83470.21,83470.22
1790731680,83470.21,83470.22,83466,83466
1790731740,83466,83466.01,83429.19,83429.19
1790731800,83429.19,83429.19,83336.51,83404.02
1790731860,83404.01,83418.01,83352,83353.34
1790731920,83353.35,83366.01,83342.67,83366
1790731980,83366,83370.01,83338.89,83366.01
1790732040,83366.01,83388.01,83350,83350
1790732100,83350.01,83372.01,83340,83362.06
1790732160,83362.05,83388.01,83345.02,83386
1790732220,83386,83396.01,83360,83370.7
1790732280,83370.71,83378.01,83339.14,83339.14
1790732340,83339.15,83356.01,83339.15,83356
1790732400,83356.01,83368.01,83354,83354
1790732460,83354.01,83362.02,83345.56,83362.02
1790732520,83362.02,83396.01,83362.01,83396
1790732580,83396.01,83426.01,83396,83426.01
1790732640,83426.01,83446.01,83426,83434.01
1790732700,83434,83446.01,83414.83,83414.83
1790732760,83414.83,83466.01,83414.83,83460
1790732820,83460.01,83460.01,83428,83442.01
1790732880,83442.01,83450,83401.84,83401.85
1790732940,83401.85,83448.01,83401.84,83448
1790733000,83448,83468.01,83444,83468.01
1790733060,83468.01,83494.01,83454,83494.01
1790733120,83494.01,83506.01,83464,83464
1790733180,83464,83464.01,83444,83444.01
1790733240,83444,83464.01,83432.75,83460.01
1790733300,83460.01,83460.01,83428,83430
1790733360,83430,83436.01,83428.09,83428.1
1790733420,83428.09,83460.01,83415.76,83460
1790733480,83460.01,83460.01,83436,83436.01
1790733540,83436.01,83450.01,83436,83448.01
1790733600,83448.01,83468.01,83438,83468
1790733660,83468,83498.01,83462,83498.01
1790733720,83498,83498.01,83464,83464
1790733780,83464,83492.01,83454,83470
1790733840,83470.01,83510.01,83470,83510
1790733900,83510.01,83540.01,83510,83534.01
1790733960,83534,83560.01,83534,83560
1790734020,83560.01,83620.87,83560,83610.01
1790734080,83610,83620.01,83574.01,83574.01
1790734140,83574,83574,83516.43,83524.69
1790734200,83524.69,83524.69,83489.2,83500.01
1790734260,83500,83506.01,83491.5,83506
1790734320,83506.01,83506.01,83474,83474.01
1790734380,83474.01,83529.1,83466,83510.01
1790734440,83510,83510,83486.01,83486.01
1790734500,83486,83497.28,83444,83497.28
1790734560,83497.27,83497.28,83428.64,83428.65
1790734620,83428.64,83448,83427.12,83432.92
1790734680,83432.93,83460.14,83419.21,83419.22
1790734740,83419.22,83419.22,83390,83390.01
1790734800,83390,83394.01,83384.56,83386.01
1790734860,83386,83470.96,83382.34,83470.96
1790734920,83470.96,83506,83470.95,83506
1790734980,83506.01,83552.02,83498,83498
1790735040,83498.01,83510.01,83474,83474.01
1790735100,83474,83486.01,83443.58,83460.01
1790735160,83460,83480.01,83460,83460.79
1790735220,83460.8,83460.8,83430,83430.01
1790735280,83430,83430.01,83428.09,83428.09
1790735340,83428.09,83428.09,83409.69,83420.01
1790735400,83420.01,83438.01,83402,83402
1790735460,83402,83440.01,83401.72,83436
1790735520,83436,83436.01,83368,83368
1790735580,83368.01,83368.01,83358.78,83366
1790735640,83366.01,83366.01,83341.67,83341.67
1790735700,83341.67,83341.68,83318.5,83318.5
1790735760,83318.51,83332.01,83298,83318.5
1790735820,83318.49,83371.25,83312.01,83324
1790735880,83324.01,83331.45,83312.02,83326.01
1790735940,83326.01,83350,83316.21,83349.99
1790736000,83350,83436.01,83350,83436
1790736060,83436.01,83445.95,83428.2,83438.01
1790736120,83438.01,83438.01,83350,83350
1790736180,83350,83362.01,83340.16,83362.01
1790736240,83362,83386.48,83362,83386.47
1790736300,83386.47,83388,83362,83388
1790736360,83388,83410.01,83388,83406
1790736420,83406,83470.01,83406,83470.01
1790736480,83470.01,83484.01,83459.83,83466.01
1790736540,83466,83466.01,83440,83440
1790736600,83440.01,83440.01,83434,83434.01
1790736660,83434.01,83454.01,83434.01,83438
1790736720,83438,83468.01,83434,83442.34
1790736780,83442.35,83442.35,83432,83432.01
1790736840,83432.01,83432.01,83426,83426.01
1790736900,83426.01,83430.01,83426,83430.01
1790736960,83430.01,83430.01,83382.09,83382.09
1790737020,83382.09,83382.1,83382.09,83382.09
1790737080,83382.1,83382.1,83368,83368
1790737140,83368,83384.68,83368,83384.68
1790737200,83384.68,83412.01,83384.68,83396.01
1790737260,83396,83396,83333,83333.01
1790737320,83333,83378,83331.99,83352.35
1790737380,83352.36,83368.68,83352,83368.68
1790737440,83368.67,83407.29,83368.67,83407.29
1790737500,83407.28,83423.8,83404,83423.8
1790737560,83423.8,83423.8,83398,83398.01
1790737620,83398.01,83398.01,83372.31,83382
1790737680,83382.01,83382.01,83360.24,83376.01
1790737740,83376.01,83400.01,83376.01,83384
1790737800,83384.01,83384.01,83362,83362.01
1790737860,83362,83362.01,83350,83350
1790737920,83350.01,83350.01,83350,83350
1790737980,83350.01,83350.01,83340,83340.01
1790738040,83340,83340.01,83331.99,83332
1790738100,83332,83332,83331.99,83331.99
1790738160,83332,83332,83238.46,83253.74
1790738220,83253.74,83253.74,83230,83238.01
1790738280,83238,83238.01,83188.32,83188.32
1790738340,83188.32,83200.01,83175.67,83175.68
1790738400,83175.68,83227.16,83175.67,83227.15
1790738460,83227.16,83253.59,83227.15,83253.59
1790738520,83253.87,83300.01,83253.86,83296.67
1790738580,83296.68,83318.5,83296.67,83302.01
1790738640,83302,83302.01,83278,83278.01
1790738700,83278.01,83278.01,83266.02,83266.02
1790738760,83266.03,83266.03,83242.43,83260
1790738820,83260.01,83281.85,83260,83281.84
1790738880,83281.85,83318.5,83281.85,83318.5
1790738940,83318.5,83327.32,83318.49,83321.39
1790739000,83321.39,83321.39,83295.5,83295.5
1790739060,83295.5,83295.5,83280,83280
1790739120,83280.01,83280.01,83262,83262
1790739180,83262,83294.65,83262,83294.65
1790739240,83294.65,83294.65,83294.64,83294.65
1790739300,83294.65,83313.41,83270,83280.01
1790739360,83280.01,83318.5,83271.07,83318.5
1790739420,83318.5,83346.01,83318.5,83346.01
1790739480,83346.01,83357.51,83346,83357.5
1790739540,83357.51,83386.01,83357.5,83386
1790739600,83386,83399.69,83380,83399.68
1790739660,83399.69,83427.51,83399.68,83418.14
1790739720,83418.13,83418.14,83404,83404
1790739780,83404,83416.01,83396,83416
1790739840,83416,83416.01,83361.15,83362
1790739900,83362,83362.01,83326.01,83326.02
1790739960,83326.01,83326.02,83312,83312
1790740020,83312,83338.01,83312,83324.48
1790740080,83324.48,83326.01,83315.01,83315.02
1790740140,83315.01,83326.01,83315.01,83320.77
1790740200,83320.76,83328.01,83304,83328
1790740260,83328,83328,83306.41,83306.41
1790740320,83306.41,83306.42,83293.56,83293.57
1790740380,83293.57,83300.01,83281.96,83294.01
1790740440,83294.01,83314.01,83294,83314
1790740500,83314.01,83320.01,83286,83286
1790740560,83286.01,83292.25,83280,83280
1790740620,83280,83284.01,83280,83284.01
1790740680,83284.01,83294.01,83284,83294.01
1790740740,83294.01,83300.65,83294,83300.65
1790740800,83300.65,83335.53,83300.64,83330
1790740860,83330,83334.01,83322.35,83334.01
1790740920,83334.01,83386.01,83334,83386.01
1790740980,83386.02,83402.14,83386.01,83402.14
1790741040,83402.15,83416,83394.89,83408.01
1790741100,83408,83418.01,83396,83396
1790741160,83396,83396.01,83364.39,83364.4
1790741220,83364.39,83364.4,83354,83362
1790741280,83362.01,83362.01,83333.66,83344.01
1790741340,83344,83344.01,83312.68,83318.49
1790741400,83318.49,83338.01,83318.49,83332.71
1790741460,83332.7,83352.01,83332.7,83352.01
1790741520,83352,83358.53,83352,83358.52
1790741580,83358.52,83377.91,83358.52,83377.91
1790741640,83377.91,83377.92,83369.08,83369.08
1790741700,83369.09,83387.55,83369.08,83387.55
1790741760,83387.54,83400,83387.54,83399.99
1790741820,83400,83402.01,83399.99,83402
1790741880,83402.01,83433.33,83402,83433.33
1790741940,83433.32,83433.33,83395.24,83395.25
1790742000,83395.25,83395.25,83387.41,83387.41
1790742060,83387.41,83410,83380.36,83409.99
1790742120,83410,83410,83394.31,83394.32
1790742180,83394.31,83394.32,83385.49,83385.5
1790742240,83385.5,83385.5,83364.01,83364.02
1790742300,83364.01,83423.8,83358.52,83423.79
1790742360,83423.79,83423.8,83408.38,83408.39
1790742420,83408.38,83408.39,83400,83400
1790742480,83400.01,83400.01,83374.01,83374.01
1790742540,83374.01,83374.02,83361.74,83370.01
1790742600,83370.01,83370.01,83370,83370
1790742660,83370.01,83370.01,83334.41,83338.01
1790742720,83338,83338.01,83318.52,83318.53
1790742780,83318.52,83318.53,83318.52,83318.52
1790742840,83318.53,83318.53,83318.52,83318.53
1790742900,83318.53,83344.01,83296,83344.01
1790742960,83344.01,83394.01,83338.99,83394.01
1790743020,83394,83394.01,83365.77,83365.78
1790743080,83365.77,83389.24,83365.77,83366
1790743140,83366.01,83366.01,83355.11,83355.12
1790743200,83355.12,83355.12,83324.01,83324.01
1790743260,83324,83324,83316,83320
1790743320,83320,83320,83319.99,83320
1790743380,83320,83320,83319.99,83319.99
1790743440,83319.99,83320,83316.38,83316.38
1790743500,83316.39,83320,83316.38,83320
1790743560,83319.99,83320,83319.99,83319.99
1790743620,83320,83320,83305.46,83305.47
1790743680,83305.47,83305.47,83304,83304
1790743740,83304.01,83304.01,83260.01,83260.02
1790743800,83260.01,83260.02,83248.56,83252.92
1790743860,83252.92,83252.92,83236.69,83236.69
1790743920,83236.7,83236.7,83230,83230.01
1790743980,83230,83230.01,83228.72,83228.72
1790744040,83228.73,83228.73,83214,83214.01
1790744100,83214,83214.01,83214,83214
1790744160,83214.01,83214.01,83214,83214
1790744220,83214.01,83222.34,83214,83222.33
1790744280,83222.33,83222.34,83222.33,83222.34
1790744340,83222.33,83222.34,83210,83210.01
1790744400,83210.01,83330.84,83210,83330.84
1790744460,83330.85,83340.01,83322.76,83340.01
1790744520,83340,83346.01,83305.98,83305.99
1790744580,83305.99,83305.99,83288,83288
1790744640,83288,83298.01,83280.65,83292.01
1790744700,83292,83292,83269.89,83286
1790744760,83286,83318.5,83286,83318.49
1790744820,83318.5,83318.5,83286,83286
1790744880,83286.01,83286.01,83276,83286
1790744940,83286.01,83310.01,83286,83310
1790745000,83310,83310.01,83275.5,83275.51
1790745060,83275.5,83298.01,83275.5,83296
1790745120,83296.01,83302.01,83265.04,83265.05
1790745180,83265.04,83265.05,83251.33,83251.33
1790745240,83251.34,83251.34,83234.01,83234.01
1790745300,83234.02,83234.02,83202.82,83202.82
1790745360,83202.82,83202.82,83188.01,83195.01
1790745420,83195.01,83220.01,83195,83220.01
1790745480,83220.01,83259.42,83220,83253.57
1790745540,83253.57,83285.89,83248.25,83282.58
1790745600,83282.58,83302.01,83251.69,83296.25
1790745660,83296.26,83296.26,83275.09,83275.1
1790745720,83275.1,83287.85,83270,83270
1790745780,83270.01,83300,83270,83300
1790745840,83300,83354.75,83299.99,83354.75
1790745900,83354.74,83368.01,83312.01,83312.02
1790745960,83312.01,83312.02,83298.18,83298.18
1790746020,83298.19,83344.01,83297.69,83328
1790746080,83328.01,83360.01,83328,83360.01
1790746140,83360,83383.97,83360,83383.97
1790746200,83383.96,83448.27,83383.96,83448.2
1790746260,83448.19,83497.56,83448.19,83497.55
1790746320,83497.56,83521.98,83440,83448.37
1790746380,83448.36,83448.37,83391.14,83427.93
1790746440,83427.92,83461.52,83427.92,83461.02
1790746500,83461.03,83511.69,83440,83483.22
1790746560,83483.21,83483.22,83448,83473.56
1790746620,83473.56,83473.56,83437.09,83444.01
1790746680,83444.01,83446.01,83436.15,83446.01
1790746740,83446.01,83474.42,83446,83474.01
1790746800,83474.01,83474.02,83453.13,83453.14
1790746860,83453.14,83453.14,83453.13,83453.13
1790746920,83453.14,83453.14,83453.13,83453.13
1790746980,83453.14,83460.95,83453.13,83460.94
1790747040,83460.94,83494.48,83460.94,83472.8
1790747100,83472.8,83480.01,83469.63,83469.63
1790747160,83469.64,83484.01,83451.83,83451.83
1790747220,83451.84,83451.84,83450,83450
1790747280,83450.01,83450.01,83424.3,83426.97
1790747340,83426.98,83428.01,83426.97,83428
1790747400,83428.01,83440.01,83428,83440
1790747460,83440.01,83440.01,83409.64,83409.64
1790747520,83409.65,83409.65,83384,83384
1790747580,83384.01,83384.01,83368.21,83368.22
1790747640,83368.21,83368.22,83368.21,83368.22
1790747700,83368.21,83368.21,83350,83350
1790747760,83350.01,83350.01,83347.59,83347.59
1790747820,83347.6,83347.6,83312,83313.05
1790747880,83313.04,83418.01,83296.17,83418
1790747940,83418,83418.01,83384,83384
1790748000,83384.01,83402.01,83358.71,83402.01
1790748060,83402,83416.01,83392,83416
1790748120,83416.01,83438.01,83384,83430.01
1790748180,83430.01,83430.01,83376,83398
1790748240,83398,83398,83376,83392
1790748300,83392,83423.8,83392,83421.47
1790748360,83421.46,83421.47,83372.58,83372.58
1790748420,83372.59,83372.59,83311.71,83324.01
1790748480,83324,83324.01,83300,83300
1790748540,83300,83308.01,83270,83270
1790748600,83270,83280.01,83270,83280
1790748660,83280,83280.01,83248.55,83248.56
1790748720,83248.56,83248.56,83213.2,83213.21
1790748780,83213.21,83213.21,83182.82,83182.82
1790748840,83182.82,83201.92,83114.58,83128.01
1790748900,83128,83158.01,83128,83130.15
1790748960,83130.14,83136.01,83111.69,83136
1790749020,83136,83158.01,83136,83155.79
1790749080,83155.79,83175.11,83137.03,83166
1790749140,83166.01,83167.26,83156.55,83156.55
1790749200,83156.55,83156.56,83120.33,83135.05
1790749260,83135.05,83163.91,83135.04,83155.27
1790749320,83155.27,83155.27,83112.99,83120.62
1790749380,83120.62,83151.03,83120.61,83138.51
1790749440,83138.52,83138.52,83102,83102.01
1790749500,83102,83102.01,83090.39,83090.39
1790749560,83090.4,83090.4,83083.01,83083.02
1790749620,83083.02,83083.84,83058.17,83083.84
1790749680,83083.84,83188.64,83083.83,83174.01
1790749740,83174.01,83174.01,83146.84,83160.04
1790749800,83160.05,83160.05,83112.52,83128
1790749860,83128.01,83146.01,83113.4,83146
1790749920,83146,83146.01,83111.6,83125.03
1790749980,83125.03,83144.01,83100,83100
1790750040,83100,83107.9,83092.32,83107.89
1790750100,83107.9,83123.74,83092,83092.01
1790750160,83092.01,83118.65,83092,83118.65
1790750220,83118.65,83118.65,83083.52,83083.52
1790750280,83083.53,83126,83083.52,83118
1790750340,83118.01,83118.01,83056.77,83068
1790750400,83068.01,83107.9,83042.41,83107.89
1790750460,83107.89,83107.89,83056.65,83056.66
1790750520,83056.66,83126.01,83056.65,83126.01
1790750580,83126.01,83126.01,83102,83102
1790750640,83102.01,83123.11,83101,83106
1790750700,83106.01,83106.01,83010,83038.01
1790750760,83038,83038.01,83028,83028.01
1790750820,83028.01,83032.34,83010.01,83010.01
1790750880,83010.01,83010.01,83000,83000
1790750940,83000,83000.01,82994.01,83000
1790751000,82999.99,83011.6,82980,82980.01
1790751060,82980.01,83005.35,82980,83005.35
1790751120,83005.35,83067.58,83005.35,83067.57
1790751180,83067.58,83074.73,83052.01,83074.73
1790751240,83074.73,83094,83074,83094
1790751300,83093.99,83194.92,83093.99,83194.92
1790751360,83194.91,83194.93,83139.5,83139.5
1790751420,83139.5,83152,83139.5,83148
1790751480,83148,83153.61,83137.51,83146.01
1790751540,83146,83146,83012.92,83043.14
1790751600,83043.14,83044.01,82968,82968.01
1790751660,82968.01,83038.01,82956.11,83008.01
1790751720,83008,83078.01,83008,83078.01
1790751780,83078.01,83112.67,83076.93,83076.94
1790751840,83076.94,83076.94,83050,83050.01
1790751900,83050.01,83050.01,83023.76,83048
1790751960,83048,83048.01,82997.16,83006.01
1790752020,83006.01,83022.3,83006,83009.25
1790752080,83009.26,83042.01,83009.25,83042.01
1790752140,83042.01,83050.24,83022,83050.24
1790752200,83050.23,83052.69,83037.13,83052.68
1790752260,83052.69,83052.69,83016.44,83016.44
1790752320,83016.44,83016.44,83003.07,83003.07
1790752380,83003.07,83015.52,83000,83015.51
1790752440,83015.51,83038.73,83015.51,83016.03
1790752500,83016.03,83063.59,83016.02,83063.59
1790752560,83063.59,83100,83063.58,83099.99
1790752620,83100,83105.56,83098.33,83105.56
1790752680,83105.55,83158.01,83105.55,83156.6
1790752740,83156.6,83256.52,83156.6,83247.09
1790752800,83247.1,83263.76,83236.47,83248
1790752860,83248,83256.41,83248,83253.24
1790752920,83253.24,83288.01,83253.24,83257.67
1790752980,83257.67,83346.9,83257.67,83346.89
1790753040,83346.89,83378.45,83324.34,83352
1790753100,83352.01,83393.38,83338.5,83358.01
1790753160,83358.01,83388.01,83352,83384.18
1790753220,83384.17,83400,83352,83352
1790753280,83352,83352.01,83303.71,83303.71
1790753340,83303.71,83308.01,83284.34,83308.01
1790753400,83308,83308.01,83268,83302
1790753460,83302.01,83330,83302,83330
1790753520,83330.01,83335.35,83318.96,83319.54
1790753580,83319.55,83342.66,83318.96,83342.65
1790753640,83342.66,83343.67,83330.99,83340.3
1790753700,83340.31,83400,83340.3,83399.99
1790753760,83400,83436.01,83399.99,83405.85
1790753820,83405.85,83427.83,83405.84,83409.67
1790753880,83409.67,83418.85,83388.98,83399.66
1790753940,83399.67,83418.01,83399.66,83399.66
1790754000,83399.67,83403.4,83396,83403.4
1790754060,83403.4,83403.4,83403.39,83403.4
1790754120,83403.4,83410,83401.72,83409.99
1790754180,83410,83410,83409.99,83409.99
1790754240,83410,83428.13,83409.99,83425.67
1790754300,83425.67,83432.84,83425.67,83432.83
1790754360,83432.84,83433.67,83396.36,83398.02
1790754420,83398.02,83407.68,83396.36,83398.71
1790754480,83398.71,83399.36,83398.7,83399.36
1790754540,83399.36,83427.75,83399.35,83427.75
1790754600,83427.74,83469.53,83427.74,83469.52
1790754660,83469.53,83470,83429.58,83430.51
1790754720,83430.51,83448.36,83430.5,83432.01
1790754780,83432.01,83442.69,83430.32,83432.71
1790754840,83432.71,83442.69,83394.76,83395.59
1790754900,83395.6,83401.33,83393.92,83393.92
1790754960,83393.93,83393.93,83346,83346
1790755020,83346.01,83352.9,83332.25,83336.01
1790755080,83336.01,83360.01,83336,83346.15
1790755140,83346.16,83346.16,83300,83304.92
1790755200,83304.92,83304.92,83282,83284.01
1790755260,83284.01,83296.01,83264,83269.99
1790755320,83269.98,83269.99,83244.71,83263.44
1790755380,83263.45,83320.84,83263.44,83320.84
1790755440,83320.83,83339.91,83283.97,83305.03
1790755500,83305.03,83305.87,83254,83266
1790755560,83266.01,83284.84,83266.01,83277.96
1790755620,83277.97,83277.97,83221.95,83221.95
1790755680,83221.96,83244.84,83221.95,83233.47
1790755740,83233.48,83240.56,83220.18,83220.19
1790755800,83220.18,83220.19,83213.02,83216
1790755860,83216.01,83216.01,83168,83168.01
1790755920,83168.01,83183.81,83157.38,83160.89
1790755980,83160.9,83165.92,83156.53,83156.54
1790756040,83156.54,83156.54,83125.7,83130.01
1790756100,83130,83165.92,83119.02,83163.19
1790756160,83163.19,83179.87,83159.42,83176.7
1790756220,83176.7,83222.23,83176.7,83221.13
1790756280,83221.14,83284.31,83221.14,83284.31
1790756340,83284.31,83288.65,83201.53,83201.54
1790756400,83201.53,83246.02,83194,83246.01
1790756460,83246.02,83271.46,83240.73,83271.46
1790756520,83271.45,83272.01,83244.46,83244.47
1790756580,83244.46,83253.67,83227.75,83227.76
1790756640,83227.76,83227.76,83168,83202.84
1790756700,83202.85,83202.85,83166.24,83166.24
1790756760,83166.24,83166.24,83141.68,83166.01
1790756820,83166,83173.54,83144.44,83173.53
1790756880,83173.54,83196.5,83151.36,83166.73
1790756940,83166.72,83166.73,83133.99,83133.99
1790757000,83134,83134,83068.12,83069.45
1790757060,83069.45,83092.75,83060,83060.01
1790757120,83060,83072.01,83037,83049.82
1790757180,83049.83,83069.51,83037,83037.01
1790757240,83037,83082.59,83037,83070.77
1790757300,83070.76,83073.67,83042.56,83064.01
1790757360,83064,83082.01,83046.19,83046.19
1790757420,83046.19,83089.35,83046.19,83089.35
1790757480,83089.35,83136.16,83086,83136.15
1790757540,83136.16,83140.17,83135,83140.17
1790757600,83140.17,83140.55,83116.18,83138.25
1790757660,83138.24,83138.25,83095.79,83106
1790757720,83106,83106.01,83083.01,83085.06
1790757780,83085.06,83088.24,83066,83066
1790757840,83066,83085.73,83066,83080.01
1790757900,83080,83086.01,83068,83068
1790757960,83068.01,83102.01,83068,83102
1790758020,83102.01,83136.09,83102,83122
1790758080,83122.01,83148.01,83114,83148.01
1790758140,83148,83172.6,83142,83142.24
1790758200,83142.24,83156.42,83117.2,83118
1790758260,83118,83121.41,83023.69,83061.62
1790758320,83061.63,83082.01,83038.25,83052.01
1790758380,83052,83054.09,83052,83054.09
1790758440,83054.08,83062.95,83038.25,83046
1790758500,83046,83046.01,83032.37,83042.13
1790758560,83042.14,83059.87,83042.12,83059.87
1790758620,83059.87,83068.65,83059.87,83068.65
1790758680,83068.65,83082.01,83068.64,83072.89
1790758740,83072.88,83074,83062.4,83062.41
1790758800,83062.41,83082.01,83058,83082
1790758860,83082.01,83088.49,83082,83088.48
1790758920,83088.48,83166.32,83088.44,83166.32
1790758980,83166.32,83172.25,83156.94,83172.24
1790759040,83172.25,83190.91,83172.24,83190.91
1790759100,83190.97,83245.09,83190.96,83245.09
1790759160,83245.08,83264.16,83242.07,83264.16
1790759220,83264.15,83264.16,83231.01,83231.02
1790759280,83231.01,83290.06,83231.01,83240
1790759340,83240.01,83244.01,83220.13,83244
1790759400,83244.01,83272.01,83244,83260.02
1790759460,83260.03,83260.03,83240.89,83256
1790759520,83256.01,83289.08,83244,83249.52
1790759580,83249.51,83268.01,83249.51,83268.01
1790759640,83268,83291.95,83268,83291.94
1790759700,83291.94,83291.95,83291.94,83291.95
1790759760,83291.94,83291.95,83278.02,83284.01
1790759820,83284,83316,83284,83291.04
1790759880,83291.03,83310.02,83277.25,83310.01
1790759940,83310.01,83318.54,83307,83307.01
1790760000,83307,83335.75,83283.19,83335.74
1790760060,83335.75,83368.02,83335.74,83358.93
1790760120,83358.92,83362.01,83325.17,83344
1790760180,83344,83362.67,83344,83362.67
1790760240,83362.66,83395.18,83348.99,83395.17
1790760300,83395.18,83420.93,83391.15,83400
1790760360,83400.01,83424.01,83400,83423.33
1790760420,83423.33,83440.99,83423.33,83440.98
1790760480,83440.99,83440.99,83417.61,83417.62
1790760540,83417.61,83426.96,83417.61,83426.95
1790760600,83426.96,83524.8,83426.95,83444
1790760660,83444.01,83529,83444,83514
1790760720,83514.01,83787,83514.01,83781.63
1790760780,83781.63,83812.41,83718.79,83756.87
1790760840,83756.88,83794.3,83693.08,83695.75
1790760900,83695.74,83723.83,83618.18,83708.25
1790760960,83708.26,83733.48,83652,83652.01
1790761020,83652.01,83652.01,83602.26,83606
1790761080,83606,83622.01,83574.89,83622
1790761140,83622.01,83622.01,83574.28,83574.29
1790761200,83574.28,83574.29,83547.73,83555
1790761260,83555,83555.01,83522.65,83543.62
1790761320,83543.61,83562.01,83543.61,83548.11
1790761380,83548.11,83548.12,83532.16,83532.16
1790761440,83532.17,83574.4,83532.16,83574.4
1790761500,83574.39,83583,83537.21,83565.34
1790761560,83565.34,83583,83565.34,83582.99
1790761620,83582.99,83583,83567.08,83583
1790761680,83583,83596.01,83582.99,83596.01
1790761740,83596,83604.01,83580.26,83604.01
1790761800,83604.01,83629.05,83604,83618
1790761860,83618,83645,83617.96,83629.13
1790761920,83629.12,83629.12,83578.01,83584.01
1790761980,83584.01,83586.01,83569.72,83586
1790762040,83586.01,83629.35,83572.45,83629.35
1790762100,83629.35,83656.01,83629.34,83634.39
1790762160,83634.39,83634.4,83604,83618.01
1790762220,83618,83640.81,83618,83640.81
1790762280,83640.8,83644.01,83640.8,83640.8
1790762340,83640.81,83640.81,83627.48,83632.01
1790762400,83632.01,83746.77,83632.01,83731.29
1790762460,83731.29,83745.89,83699.4,83699.4
1790762520,83699.4,83745.89,83680.29,83745.86
1790762580,83745.85,83745.86,83717.65,83726.17
1790762640,83726.17,83796.73,83724.2,83772.01
1790762700,83772,83772.01,83751.65,83752.53
1790762760,83752.54,83764.35,83752.53,83752.66
1790762820,83752.66,83752.67,83736.08,83740.01
1790762880,83740.01,83760,83740,83760
1790762940,83759.99,83760,83727.74,83729.09
1790763000,83729.08,83730,83727.74,83729.1
1790763060,83729.1,83748.01,83729.1,83747.79
1790763120,83747.78,83754.92,83747.78,83754.92
1790763180,83754.91,83764.01,83754.91,83759.98
1790763240,83759.98,83759.99,83706.53,83706.53
1790763300,83706.02,83718.01,83698,83704
1790763360,83704,83708.75,83678,83694
1790763420,83694.01,83722.01,83694,83722.01
1790763480,83722.01,83722.01,83698,83698.01
1790763540,83698.01,83740,83698.01,83740
1790763600,83740,83796.73,83739.99,83796.72
1790763660,83796.72,83845,83796.72,83818.24
1790763720,83818.24,83822.16,83760.74,83760.75
1790763780,83760.74,83779.19,83746,83746.01
1790763840,83746,83804.26,83743.48,83804.26
1790763900,83804.26,83866.33,83804.25,83866.32
1790763960,83866.32,83866.33,83855.25,83859.3
1790764020,83859.29,83859.3,83798.52,83798.52
1790764080,83798.53,83806.9,83788,83806.89
1790764140,83806.9,83806.9,83783.48,83787.92
1790764200,83787.91,83845,83787.91,83844.99
1790764260,83845,83857.27,83844.99,83857.27
1790764320,83857.26,83872.8,83857.26,83872.8
1790764380,83872.8,83875,83866,83872.68
1790764440,83872.68,83874.51,83860.96,83874.5
1790764500,83874.5,83875,83868,83875
1790764560,83874.99,83875,83871.71,83875
1790764620,83875,83926.33,83874.99,83913.76
1790764680,83913.76,83916.94,83913.76,83916.94
1790764740,83916.94,83926.32,83854.82,83854.82
1790764800,83854.82,83858.86,83854.82,83858.85
1790764860,83858.85,83880,83854.82,83880
1790764920,83880,83907.49,83879.99,83896.66
1790764980,83896.66,83903.56,83878.78,83903.55
1790765040,83903.56,83903.56,83888.58,83888.58
1790765100,83888.58,83902.71,83869.13,83869.13
1790765160,83869.13,83869.14,83862.13,83862.13
1790765220,83862.12,83902.71,83862.12,83902.7
1790765280,83902.7,83905.14,83896.33,83905.13
1790765340,83905.14,83938.75,83901.93,83901.95
1790765400,83901.96,83919.32,83901.95,83919.32
1790765460,83919.31,83919.32,83906.36,83912.91
1790765520,83912.91,83937.95,83912.91,83937.94
1790765580,83937.95,83937.95,83935.52,83935.53
1790765640,83935.53,83950,83935.52,83949.99
1790765700,83949.99,83950,83936,83936
1790765760,83936.01,83936.01,83882.14,83932.17
1790765820,83932.17,83932.17,83918,83930.83
1790765880,83930.83,83930.83,83918,83918.01
1790765940,83918.01,83918.01,83918,83918.01
1790766000,83918,83918,83852,83852
1790766060,83852,83852,83767.63,83772
1790766120,83772,83777.94,83767.63,83767.64
1790766180,83767.63,83809.53,83764,83805.31
1790766240,83805.31,83805.31,83766,83766
1790766300,83766,83776.3,83750.35,83750.36
1790766360,83750.36,83750.36,83720.4,83720.41
1790766420,83720.41,83720.41,83696,83703.96
1790766480,83703.96,83765.45,83703.95,83756.89
1790766540,83756.9,83770,83712,83712
1790766600,83712,83726.01,83708,83726
1790766660,83726,83730.01,83714,83726
1790766720,83725.99,83827.38,83725.99,83827.37
1790766780,83827.38,83861.77,83827.37,83832.01
1790766840,83832.01,83845,83814.75,83844.99
1790766900,83844.99,83860.01,83839.5,83839.5
1790766960,83839.05,83839.05,83828.29,83830.01
1790767020,83830,83830.01,83791.37,83812.01
1790767080,83812,83825.16,83810.86,83825.15
1790767140,83825.16,83830,83739.7,83739.7
1790767200,83739.7,83739.71,83716,83716.01
1790767260,83716,83732.39,83716,83732.39
1790767320,83732.39,83780.01,83732.38,83780
1790767380,83780,83870.33,83780,83870.32
1790767440,83870.32,83879.64,83854.41,83854.41
1790767500,83854.41,83864.01,83846,83864.01
1790767560,83864.01,83879.02,83862.68,83862.68
1790767620,83862.68,83862.69,83848,83848
1790767680,83848,83850.01,83848,83850.01
1790767740,83850.01,83858.01,83850,83858
1790767800,83858.01,83858.01,83825.37,83828.13
1790767860,83828.14,83828.14,83766,83766.01
1790767920,83766,83766,83747.65,83757.99
1790767980,83757.99,83782.01,83757.99,83782.01
1790768040,83782,83813.98,83782,83813.98
1790768100,83813.98,83829.35,83813.97,83829.34
1790768160,83829.34,83829.35,83790,83812.01
1790768220,83812.01,83838.01,83812.01,83837.75
1790768280,83837.75,83874,83837.75,83873.99
1790768340,83874,83900,83858,83900
1790768400,83900.01,83940,83900,83940
1790768460,83940,83981.11,83929.92,83932.09
1790768520,83932.09,83932.09,83908.01,83920.01
1790768580,83920.01,83976.01,83920.01,83962.03
1790768640,83962.02,83962.03,83932,83934.01
1790768700,83934.01,83936.01,83906.42,83910.79
1790768760,83910.78,83976,83897.42,83946
1790768820,83946,83946.01,83873.46,83908.01
1790768880,83908.01,83908.01,83882,83884
1790768940,83884.01,83900,83872,83899.68
1790769000,83899.68,83899.69,83868,83868.01
1790769060,83868.01,83872.01,83852,83852.01
1790769120,83852,83852.01,83840.62,83840.63
1790769180,83840.62,83856.01,83837.62,83837.62
1790769240,83837.62,83837.62,83820.01,83834
1790769300,83834.01,83834.01,83832,83832
1790769360,83832.01,83857.07,83832,83852.01
1790769420,83852.01,83860.4,83852,83860.39
1790769480,83860.4,83860.4,83849.91,83860
1790769540,83860.01,83915.17,83860.01,83915.16
1790769600,83915.17,83942.01,83899.99,83942.01
1790769660,83942.01,83942.01,83905.57,83905.57
1790769720,83905.57,83905.58,83866,83866
1790769780,83866,83870,83831.83,83831.83
1790769840,83831.83,83858.55,83831.82,83838
1790769900,83838,83839.36,83819.61,83819.62
1790769960,83819.61,83819.62,83788.53,83788.54
1790770020,83788.54,83804.01,83768.89,83804
1790770080,83804.01,83804.01,83790.06,83796.61
1790770140,83796.6,83806.01,83796,83796
1790770200,83796,83822.01,83796,83822.01
1790770260,83822,83832.01,83822,83832.01
1790770320,83832.01,83846,83832,83846
1790770380,83846,83868.01,83846,83852
1790770440,83852.01,83883.95,83852,83883.94
1790770500,83883.95,83883.95,83814,83814
1790770560,83814.01,83814.01,83768,83784
1790770620,83784,83806.81,83768.01,83796.47
1790770680,83796.46,83806.81,83796.46,83806.8
1790770740,83806.8,83820.97,83802.77,83804
1790770800,83804,83804.01,83774.44,83774.44
1790770860,83774.45,83828.01,83774.45,83828
1790770920,83828,83913.94,83828,83913.94
1790770980,83913.94,83924.01,83842.49,83842.49
1790771040,83842.49,83900,83842.49,83890
1790771100,83890.01,83926.01,83890,83902.12
1790771160,83902.12,83925,83889.63,83889.63
1790771220,83889.64,83902.01,83888.27,83902.01
1790771280,83902.01,83926.01,83888.27,83926
1790771340,83926.01,83975,83890.86,83939.61
1790771400,83939.61,84280.33,83874,84256.71
1790771460,84254.86,84498,84250.78,84468.81
1790771520,84468.8,84488.46,84400,84426.13
1790771580,84426.12,84426.12,84284.14,84291.12
1790771640,84291.13,84498.01,84275.75,84494.91
1790771700,84494.9,84866,84482.34,84751.08
1790771760,84751.07,84754.01,84593.69,84593.7
1790771820,84593.7,84650.01,84550,84640.82
1790771880,84640.82,84807.99,84636.62,84745.03
1790771940,84745.03,84870.58,84730.81,84839.07
1790772000,84839.06,85072.01,84000,85060.92
1790772060,85060.92,85060.93,84640,84900.9
1790772120,84900.9,84942.9,84594.55,84828.32
1790772180,84828.31,84931.5,84819.56,84924.43
1790772240,84924.43,84925.72,84780.65,84828.16
1790772300,84828.17,84996.01,84828.15,84979
1790772360,84979.01,84993,84905.68,84905.68
1790772420,84905.68,84938.01,84741.25,84904.41
1790772480,84904.41,85128.19,84904.41,85104.79
1790772540,85104.78,85222,85068,85139.31
1790772600,85139.31,85449.79,85139.31,85442.85
1790772660,85442.85,85458.55,85302.77,85452.4
1790772720,85452.39,85475,85394.28,85442.53
1790772780,85442.52,85462,85379.64,85396.35
1790772840,85396.34,85500,85396.34,85483.75
1790772900,85483.75,85514,85443.32,85509.59
1790772960,85509.59,85513.99,85386.34,85446
1790773020,85446,85493.97,85446,85462.41
1790773080,85462.4,85462.41,85310.17,85310.17
1790773140,85310.18,85342.01,85290.32,85290.32
1790773200,85290.32,85336.42,85244.28,85264.79
1790773260,85264.79,85268.89,85135.36,85154.06
1790773320,85154.05,85192.01,85104.65,85173.43
1790773380,85173.43,85242.73,85118.84,85242.25
1790773440,85242.24,85246.53,85206.88,85238.39
1790773500,85238.39,85272.03,85205.81,85252
1790773560,85252,85400,85250.06,85335.35
1790773620,85335.36,85362.16,85279.18,85281.91
1790773680,85281.92,85394.24,85281.91,85357.28
1790773740,85357.28,85649.95,85357.28,85596.17
1790773800,85596,85596.01,85472,85503.99
1790773860,85504,85612.86,85485.63,85583.31
1790773920,85583.3,85586.69,85498,85501.03
1790773980,85501.03,85501.03,85412.3,85412.31
1790774040,85412.31,85414.01,85373.52,85394.57
1790774100,85394.57,85454.01,85394.57,85434.97
1790774160,85434.96,85483.86,85410.48,85483.85
1790774220,85483.86,85500.01,85412.11,85442.49
1790774280,85442.49,85446.01,85412.71,85412.72
1790774340,85412.72,85412.72,85310.25,85312.01
1790774400,85312.01,85355.63,85300,85355.63
1790774460,85355.64,85370.07,85304.59,85335.73
1790774520,85335.73,85372.01,85313.91,85313.92
1790774580,85313.91,85334.01,85304.59,85312.37
1790774640,85312.35,85327.73,85304.59,85327.73
1790774700,85327.72,85337.24,85300.01,85300.02
1790774760,85300.03,85349.32,85300.03,85349.32
1790774820,85349.31,85353.93,85300,85304
1790774880,85304.01,85304.01,85170,85170.01
1790774940,85170,85188.01,85168,85188
1790775000,85188.01,85342.01,85159.14,85342
1790775060,85342.01,85544.66,85342.01,85541.97
1790775120,85541.97,85563,85356.54,85378.53
1790775180,85378.53,85378.54,85260,85268.71
1790775240,85268.71,85319.2,85230,85230
1790775300,85230,85230,84772.34,84822.92
1790775360,84822.92,84829.06,84619.39,84780.19
1790775420,84780.2,84808.5,84587.88,84630.16
1790775480,84630.15,84642.66,84301.12,84396.62
1790775540,84396.38,84431.71,84200,84234.73
1790775600,84234.72,84375.78,84019.39,84063.19
1790775660,84063.18,84268.69,84043.4,84262
1790775720,84261.99,84567.04,84241.23,84535.39
1790775780,84535.38,84588.23,84435.74,84435.74
1790775840,84435.48,84517.84,84411.71,84515.45
1790775900,84515.46,84565.27,84400,84413.8
1790775960,84413.81,84600,84400,84600
1790776020,84599.99,84677.52,84552.64,84656.03
1790776080,84656.02,84665.3,84500,84511.87
1790776140,84511.99,84673.46,84476.8,84615.67
1790776200,84615.68,84648.01,84544.28,84580.01
1790776260,84580,84757.07,84580,84690.01
1790776320,84690.01,84690.01,84582.08,84584.64
1790776380,84584.65,84670.01,84522.05,84670.01
1790776440,84670.01,84670.01,84578,84581.78
1790776500,84581.78,84670,84562,84579.04
1790776560,84578.35,84612.01,84526.01,84554.25
1790776620,84554.26,84596.01,84476.8,84522.15
1790776680,84522.02,84533.05,84476.8,84530.01
1790776740,84530,84637.74,84530,84637.74
1790776800,84637.74,84644.83,84460.17,84470.52
1790776860,84470.52,84560.01,84354.01,84354.01
1790776920,84354,84440.01,84286.12,84404.97
1790776980,84404.97,84456.01,84386,84456
1790777040,84456.01,84616.01,84456,84553.52
1790777100,84552.01,84572,84516,84572
1790777160,84572.01,84637.74,84544,84544.01
1790777220,84544.01,84544.01,84342,84350.99
1790777280,84350.99,84380.01,84275.35,84377.99
1790777340,84378,84406.01,84322,84394.01
1790777400,84394,84404.01,84272,84289.6
1790777460,84289.61,84289.61,84138.59,84258.01
1790777520,84258,84434.01,84256,84388.01
1790777580,84388,84519.16,84356,84368.97
1790777640,84368.97,84390.01,84329.7,84354.01
1790777700,84354.01,84358.01,84255,84298.01
1790777760,84298.01,84301.36,84169.86,84215.15
1790777820,84214.88,84249.28,84107.68,84107.68
1790777880,84107.68,84152.71,84009,84074.14
1790777940,84074.14,84130.86,84022.21,84130.86
1790778000,84130.86,84133.64,84063.18,84133.64
1790778060,84133.64,84178.01,84078.01,84078.01
1790778120,84078.01,84078.02,83850.01,83850.02
1790778180,83850.02,83876.38,83647.28,83873.07
1790778240,83873.08,83887.25,83827.86,83886.47
1790778300,83886.47,83965.51,83886.47,83957.08
1790778360,83957.07,83999.39,83902.74,83940.01
1790778420,83940,83940.01,83735.18,83758.56
1790778480,83758.57,83800,83669.6,83713.49
1790778540,83713.48,83773.61,83656.07,83768.38
1790778600,83768.38,83831.96,83711.61,83802.54
1790778660,83802.55,83829.5,83732,83732.01
1790778720,83732.01,83738.01,83373,83460.51
1790778780,83460.5,83552.27,83373.76,83552.26
1790778840,83552.27,83588.48,83437.57,83442.56
1790778900,83442.55,83512.01,83379.62,83456.01
1790778960,83456.01,83570.01,83446.28,83455.7
1790779020,83455.7,83676.01,83455.7,83650.01
1790779080,83650.01,83725.51,83624.4,83725.5
1790779140,83725.5,83725.51,83620,83620.72
1790779200,83620.72,83620.72,83500,83600.42
1790779260,83600.41,83652.79,83512.81,83652.78
1790779320,83652.79,83722.59,83640.01,83688.01
1790779380,83688.01,83749.7,83586.01,83609.87
1790779440,83609.87,83609.87,83544.61,83553.98
1790779500,83553.98,83634.4,83544.61,83601.68
1790779560,83601.68,83638.01,83580,83638.01
1790779620,83638.01,83720,83615.28,83717.09
1790779680,83717.08,83807.8,83710,83713.36
1790779740,83713.36,83738.01,83680,83730.01
1790779800,83730.01,83760,83686.01,83730.02
1790779860,83730.02,83795.17,83710.01,83730.78
1790779920,83730.79,83884.01,83730.78,83806
1790779980,83805.51,83880.01,83802.63,83820.73
1790780040,83820.73,83887.25,83770.57,83868.07
1790780100,83868.06,83974.01,83868.01,83974
1790780160,83974.01,83987.78,83896,83896
1790780220,83896.01,83925.99,83878,83879.09
1790780280,83879.09,83879.09,83811.61,83814.3
1790780340,83814.29,83832.99,83800,83800.01
1790780400,83800.01,83841.64,83748.01,83823.29
1790780460,83823.29,83838,83724,83838
1790780520,83837.99,83838,83749.63,83764
1790780580,83763.99,83928.01,83749.99,83928
1790780640,83928,83928,83846,83898.01
1790780700,83898,83945.76,83885.6,83912.3
1790780760,83912.31,83912.31,83840,83908
1790780820,83908.01,83922.01,83887.52,83890.84
1790780880,83890.85,83894.01,83868,83890.01
1790780940,83890,83942.01,83888,83926.7
1790781000,83926.71,83981.11,83926.7,83938
1790781060,83938.01,84000,83938,83938
1790781120,83938,83950.3,83856,83923.44
1790781180,83923.44,83989.46,83923.44,83952.01
1790781240,83952,84000,83943.6,83952.98
1790781300,83952.98,83992.75,83936,83980
1790781360,83980,84021.58,83958,84014.01
1790781420,84014,84014.01,83894.01,83894.01
1790781480,83894.02,83894.02,83794,83796
1790781540,83796,83841.42,83760,83812.02
1790781600,83812.03,83882.92,83786.97,83882.91
1790781660,83882.91,83911.89,83856.83,83911.89
1790781720,83911.89,83992.01,83888,83888.01
1790781780,83888,83915.65,83846,83846.01
1790781840,83846,83847.94,83720.01,83720.01
1790781900,83720,83752.01,83696,83696.01
1790781960,83696,83750.58,83694,83740.01
1790782020,83740.01,83765.41,83694,83765.41
1790782080,83765.41,83832.02,83752,83830.65
1790782140,83830.65,83895.49,83830.65,83895.48
1790782200,83895.49,84012.98,83895.48,84012.97
1790782260,84012.98,84275.69,84012.97,84260.55
1790782320,84260.56,84295.71,84160.9,84178
1790782380,84178,84178.01,84112.01,84134.78
1790782440,84134.79,84160.35,84109.35,84127.52
1790782500,84127.52,84145.96,84114.25,84130
1790782560,84130,84138.61,84112,84112
1790782620,84112,84214.61,84064.04,84213.26
1790782680,84213.26,84238.01,84174,84174
1790782740,84174,84236.51,84161.59,84236.5
1790782800,84236.51,84282.89,84204.17,84204.17
1790782860,84204.18,84236.01,84169.58,84169.59
1790782920,84169.59,84229.61,84169.59,84204.18
1790782980,84204.17,84204.18,84145.26,84170.01
1790783040,84170.01,84170.01,84098,84114.01
1790783100,84114.01,84156.7,84105.59,84140.71
1790783160,84140.7,84182.01,84140.7,84182.01
1790783220,84182.01,84214.52,84180,84211.97
1790783280,84211.97,84286.01,84211.96,84278.96
1790783340,84278.95,84278.96,84245.11,84274.49
1790783400,84274.48,84285.27,84254.04,84264.14
1790783460,84264.13,84289.29,84245.11,84245.12
1790783520,84245.12,84263.29,84227.34,84234.01
1790783580,84234.01,84250.84,84227.34,84250.83
1790783640,84250.83,84260.97,84200.01,84200.01
1790783700,84200,84200.01,84130.02,84130.03
1790783760,84130.03,84166.01,84130.02,84166
1790783820,84166,84166,84131.61,84131.61
1790783880,84131.61,84144.52,84131.61,84144.51
1790783940,84144.51,84144.52,84133.44,84134.43
1790784000,84134.43,84160.25,84134.43,84160.25
1790784060,84160.26,84167.16,84144,84167.16
1790784120,84167.16,84260.01,84167.16,84246.01
1790784180,84246.01,84274.01,84219.67,84274
1790784240,84274.01,84291.24,84262,84281.72
1790784300,84281.73,84326.01,84274.31,84326.01
1790784360,84326,84341.44,84326,84341.44
1790784420,84341.43,84345.43,84314.39,84314.39
1790784480,84314.39,84331.66,84306,84331.65
1790784540,84331.65,84385.32,84331.65,84385.31
1790784600,84385.31,84385.31,84326,84326
1790784660,84326.01,84342.01,84297.41,84329.92
1790784720,84329.92,84333.15,84266.2,84266.2
1790784780,84266.21,84337.07,84266.2,84337.07
1790784840,84337.06,84361.99,84337.06,84361.98
1790784900,84361.97,84391.5,84294.4,84341.08
1790784960,84341.08,84358.01,84341.08,84354.46
1790785020,84354.47,84354.47,84310.4,84321.7
1790785080,84321.69,84379.15,84300.86,84379.14
1790785140,84379.14,84414.7,84379.14,84391.5
1790785200,84391.49,84399.99,84364.52,84399.99
1790785260,84399.99,84422.11,84398.01,84415.35
1790785320,84415.35,84460,84415.35,84438
1790785380,84438,84462.01,84424.1,84455.87
1790785440,84455.87,84490.01,84455.55,84466.14
1790785500,84466.13,84479.7,84455.56,84472.01
1790785560,84472,84472,84386.29,84401.37
1790785620,84401.37,84401.37,84360,84370.01
1790785680,84370.01,84400.24,84370,84374.01
1790785740,84374.01,84374.01,84294,84294
1790785800,84294.01,84304.77,84259.84,84259.84
1790785860,84259.85,84298.76,84259.84,84272
1790785920,84272,84292.01,84268,84279.52
1790785980,84279.51,84342.36,84279.51,84322
1790786040,84322.01,84362.55,84322,84336.82
1790786100,84336.82,84336.82,84269.68,84269.68
1790786160,84269.68,84269.69,84217.78,84217.78
1790786220,84217.79,84285.96,84217.78,84257.62
1790786280,84257.63,84287,84251.19,84286.99
1790786340,84286.99,84301.24,84274,84294
1790786400,84294.01,84298.01,84270.99,84292.39
1790786460,84292.4,84305.88,84270.25,84270.25
1790786520,84270.25,84298.01,84266.72,84298
1790786580,84298.01,84344.71,84298,84344.7
1790786640,84344.7,84362.01,84344,84356.01
1790786700,84356.01,84368.01,84334.62,84363.33
1790786760,84363.34,84418.01,84357.56,84418.01
1790786820,84418,84473.58,84418,84450.01
1790786880,84450,84450,84370.09,84381.61
1790786940,84381.6,84385.64,84360,84371.49
1790787000,84371.49,84410.33,84371.49,84386.64
1790787060,84386.63,84386.64,84351.79,84351.8
1790787120,84351.8,84386.64,84340.29,84361.59
1790787180,84361.6,84364.01,84348.33,84357.98
1790787240,84357.99,84371.5,84351.27,84351.28
1790787300,84351.28,84360.01,84325.75,84327.11
1790787360,84327.11,84348.01,84309.42,84309.43
1790787420,84309.42,84323.6,84309.42,84323.6
1790787480,84323.59,84348.01,84322,84322.01
1790787540,84322.01,84349.44,84322,84349.44
1790787600,84349.44,84356.02,84320.29,84324.01
1790787660,84324.01,84330,84320.3,84329.99
1790787720,84329.99,84330,84308.01,84308.01
1790787780,84308,84334.01,84294.11,84334
1790787840,84334.01,84353.9,84283.57,84283.57
1790787900,84283.58,84335.87,84283.57,84316.46
1790787960,84316.47,84336.36,84300,84325.94
1790788020,84325.94,84363.4,84325.94,84350.01
1790788080,84350,84435.26,84350,84411.74
1790788140,84411.75,84425.95,84310,84334
1790788200,84334.01,84358.01,84334,84347.29
1790788260,84347.29,84354.01,84293.97,84293.98
1790788320,84293.97,84311.57,84293.97,84301.5
1790788380,84301.5,84342.42,84281.99,84306
1790788440,84306,84340.08,84298,84298.01
1790788500,84298,84298.01,84185.36,84185.37
1790788560,84185.36,84192.01,84174,84183.72
1790788620,84183.72,84196,84161.58,84188
1790788680,84188.01,84256,84186.01,84236.8
1790788740,84236.79,84236.8,84160.9,84160.91
1790788800,84160.91,84166.01,84124,84138
1790788860,84138,84200,84138,84190.01
1790788920,84190.01,84190.01,84120,84120
1790788980,84120,84120.01,84096.1,84112.01
1790789040,84112,84136.45,84112,84130
1790789100,84130,84130.01,84090,84090
1790789160,84090.01,84090.01,84016,84016.01
1790789220,84016.01,84128.01,84016,84128.01
1790789280,84128.01,84146.75,84114,84138.68
1790789340,84138.67,84217.37,84138.67,84217.37
1790789400,84217.36,84217.36,84162,84164.01
1790789460,84164.01,84166.01,84095.98,84106.01
1790789520,84106.01,84140,84095.59,84102.01
1790789580,84102.01,84104.01,84085.05,84092.35
1790789640,84092.35,84092.36,84048,84048.01
1790789700,84048,84066.01,84028,84037.32
1790789760,84037.33,84085.03,84030,84034.01
1790789820,84034,84034.01,83923.71,83923.72
1790789880,83923.72,84017.16,83923.72,84017.16
1790789940,84017.15,84042.01,84008,84008.01
1790790000,84008.01,84014.87,83982,84014.86
1790790060,84014.86,84022.25,84004,84022.25
1790790120,84022.24,84038.01,84010,84038
1790790180,84038.01,84055.6,84038.01,84046.01
1790790240,84046.01,84046.01,84008,84008
1790790300,84008,84014.01,83980,84014
1790790360,84014,84053.11,84014,84053.11
1790790420,84053.11,84158.01,84053.11,84056.01
1790790480,84056,84115.66,84053.74,84115.65
1790790540,84115.65,84115.66,84086,84104.99
1790790600,84104.99,84138.16,84104.98,84119.83
1790790660,84119.08,84119.08,84094,84094.01
1790790720,84094,84094,84046,84046
1790790780,84046,84046,84032.11,84032.12
1790790840,84032.11,84043.22,84031.48,84031.49
1790790900,84031.48,84031.49,84000.7,84026.01
1790790960,84026.01,84026.01,84015.62,84015.62
1790791020,84015.63,84015.63,84006.72,84006.73
1790791080,84006.73,84035.36,84006.72,84035.35
1790791140,84035.36,84050.15,84031.46,84031.46
1790791200,84031.47,84078.55,84016,84040.01
1790791260,84040.01,84043.1,83991.77,83991.78
1790791320,83991.77,83991.8,83950.3,83952
1790791380,83952,84014.01,83952,83978.36
1790791440,83978.36,84042.71,83967.38,84040.04
1790791500,84040.04,84040.04,83986,83986
1790791560,83986,83986,83930.15,83952.8
1790791620,83952.81,83994.01,83952,83994.01
1790791680,83994.01,84026.01,83968,84026
1790791740,84026.01,84066.01,84012,84066
1790791800,84066.01,84066.01,84026,84026.01
1790791860,84026,84066.01,84026,84066.01
1790791920,84066.01,84070.01,84048,84070
1790791980,84070,84070.01,84045.01,84045.02
1790792040,84045.01,84062.25,84006,84006
1790792100,84006,84024.65,83990,84000.01
1790792160,84000,84020.46,84000,84000
1790792220,84000,84000,83978,83978.01
1790792280,83978.01,84000.01,83946,84000
1790792340,84000.01,84000.01,83968,83982.15
1790792400,83982.16,83998.01,83982.16,83996.51
1790792460,83996.5,83996.51,83939.04,83946.02
1790792520,83946.02,83962.02,83946.02,83958.01
1790792580,83958.01,83958.01,83914,83914
1790792640,83914.01,83928.01,83896,83900.37
1790792700,83900.38,83900.38,83876,83880.99
1790792760,83880.99,83908.92,83880.99,83907.56
1790792820,83907.57,83907.57,83897.99,83897.99
1790792880,83897.99,83914.01,83897.99,83904.69
1790792940,83904.69,83919.82,83900.76,83919.81
1790793000,83919.81,83945.46,83904,83945.46
1790793060,83945.46,83945.46,83886.56,83886.57
1790793120,83886.56,83886.56,83868.78,83868.79
1790793180,83868.79,83883.65,83850,83880
1790793240,83879.99,83879.99,83850,83864
1790793300,83864.01,83864.01,83828.12,83828.12
1790793360,83828.12,83834.27,83816.94,83816.94
1790793420,83816.95,83816.95,83811.95,83811.96
1790793480,83811.95,83827.8,83810.93,83827.8
1790793540,83827.8,83829.29,83817.03,83817.04
1790793600,83817.04,83862.87,83814.73,83862.01
1790793660,83862.01,83862.01,83832.2,83847.98
1790793720,83847.98,83849.03,83837.57,83849.03
1790793780,83849.02,83876.01,83849.02,83870.01
1790793840,83870.01,83877.21,83854.46,83854.46
1790793900,83854.46,83854.47,83821.42,83829.21
1790793960,83829.2,83843,83825.08,83827
1790794020,83826.99,83827,83821.42,83821.42
1790794080,83821.42,83821.42,83792.98,83792.99
1790794140,83792.98,83866.88,83792.98,83866.88
1790794200,83866.87,83937.6,83866.87,83907.16
1790794260,83907.15,83920.52,83898,83919.26
1790794320,83919.26,83933.97,83884,83933.97
1790794380,83933.96,83950.3,83904.85,83904.86
1790794440,83904.85,83928.99,83899.02,83928.98
1790794500,83928.99,83938.89,83922,83938.88
1790794560,83938.88,83964,83936,83963.98
1790794620,83963.97,83963.98,83939.95,83958.61
1790794680,83958.61,83986.01,83954.57,83986
1790794740,83986,83986.01,83950,83950
1790794800,83950.01,83958.01,83903.7,83903.71
1790794860,83903.7,83926.01,83886.21,83890
1790794920,83890,83921.24,83878,83921.23
1790794980,83921.24,83935.01,83916.28,83920.01
1790795040,83920,83923.71,83908,83922
1790795100,83922,83943.11,83892,83892
1790795160,83892,83893.36,83876.03,83878
1790795220,83878,83890.01,83878,83890.01
1790795280,83890,83890.01,83838,83838
1790795340,83838,83838,83824,83824
1790795400,83824,83824,83792.98,83792.98
1790795460,83792.98,83792.99,83776,83778.49
1790795520,83778.5,83778.5,83728.65,83759.97
1790795580,83759.97,83773.37,83749.99,83767.14
1790795640,83767.15,83784.01,83756,83760
1790795700,83760,83760,83721,83721
1790795760,83721.01,83721.01,83708,83708.01
1790795820,83708,83708,83613.8,83660
1790795880,83660,83698.01,83644,83698
1790795940,83698,83760.45,83698,83760.45
1790796000,83760.45,83760.45,83732,83732.67
1790796060,83732.66,83779.91,83732.66,83749.34
1790796120,83749.34,83749.34,83730,83733.97
1790796180,83733.98,83733.98,83710,83710
1790796240,83710.01,83711.1,83696.1,83711.08
1790796300,83711.09,83739.7,83708,83739.7
1790796360,83739.7,83786.01,83739.7,83740
1790796420,83740,83754.71,83740,83754.71
1790796480,83754.7,83784.02,83754.7,83783.97
1790796540,83783.97,83785.89,83749.24,83749.24
1790796600,83749.24,83799.54,83749.24,83799.54
1790796660,83799.54,83834.01,83799.53,83825.95
1790796720,83825.95,83835.62,83822,83835.61
1790796780,83835.62,83864.01,83835.61,83864.01
1790796840,83864.01,83876.49,83832.02,83858.01
1790796900,83858.02,83887.17,83852.76,83866.82
1790796960,83866.83,83866.83,83864.67,83864.68
1790797020,83864.68,83903.55,83864.67,83901.94
1790797080,83901.94,83940.6,83901.93,83938.01
1790797140,83938,83938.01,83888.22,83915.32
1790797200,83915.31,83915.32,83858,83858
1790797260,83858,83882.26,83848,83858.01
1790797320,83858.01,83870.5,83833.21,83833.21
1790797380,83833.22,83839.88,83824,83824
1790797440,83824.01,83825.85,83824,83824.02
1790797500,83824.01,83824.02,83816.94,83816.95
1790797560,83816.94,83824.01,83816.94,83816.95
1790797620,83816.94,83834.23,83721.62,83721.63
1790797680,83721.62,83784.41,83688,83688.01
1790797740,83688.01,83700,83686,83699.99
1790797800,83699.99,83718.01,83646.82,83646.82
1790797860,83646.82,83646.83,83541.32,83552.29
1790797920,83552.28,83598.62,83529.41,83539.87
1790797980,83539.87,83600.34,83510,83512.53
1790798040,83512.53,83552.01,83508.61,83516.01
1790798100,83516,83598.01,83503.18,83598.01
1790798160,83598,83610.01,83560.91,83569.93
1790798220,83569.92,83569.93,83556,83569.89
1790798280,83569.9,83583.85,83564,83583.84
1790798340,83583.84,83618.01,83583.84,83603.16
1790798400,83603.16,83670,83592.24,83620.95
1790798460,83620.94,83620.94,83548,83598
1790798520,83598,83608.01,83550,83565.81
1790798580,83565.81,83596.01,83560,83596.01
1790798640,83596.01,83619.34,83560.03,83592
1790798700,83592,83613.98,83586,83600.93
1790798760,83600.94,83620.01,83530.11,83588
1790798820,83588,83614.01,83588,83614.01
1790798880,83614.01,83614.01,83598,83598.01
1790798940,83598.01,83621.67,83590.99,83590.99
1790799000,83590.99,83630.9,83590.99,83630.9
1790799060,83630.9,83664.01,83625.44,83625.45
1790799120,83625.44,83625.45,83625.44,83625.44
1790799180,83625.44,83625.45,83612.06,83624.02
1790799240,83624.01,83655.75,83624.01,83655.74
1790799300,83655.75,83655.75,83639.45,83639.45
1790799360,83639.45,83639.46,83617.04,83617.05
1790799420,83617.05,83617.05,83608,83608
1790799480,83608,83616.01,83601.64,83609.15
1790799540,83609.14,83657.76,83609.14,83657.76
1790799600,83657.76,83675.32,83657.75,83663.6
1790799660,83663.59,83684.01,83660.01,83684.01
1790799720,83684.01,83712.93,83684.01,83712.93
1790799780,83712.93,83731.15,83712.93,83731.15
1790799840,83731.15,83746.01,83717.02,83726.01
1790799900,83726.01,83746.01,83726.01,83746.01
1790799960,83746.01,83746.83,83746,83746.82
1790800020,83746.82,83768,83746.82,83767.62
1790800080,83767.63,83767.63,83748,83750
1790800140,83750,83771.16,83725.98,83725.99
1790800200,83725.99,83725.99,83707.3,83707.3
1790800260,83707.3,83707.3,83664,83664.01
1790800320,83664.01,83664.01,83649.82,83658.13
1790800380,83658.14,83670.01,83651.36,83659.73
1790800440,83659.73,83675.02,83636.59,83648.01
1790800500,83648.01,83695.53,83648.01,83676.01
1790800560,83676.01,83676.01,83664.32,83664.33
1790800620,83664.32,83688.01,83648.04,83688.01
1790800680,83688,83703.75,83688,83700
1790800740,83700,83732.47,83700,83723.63
1790800800,83723.64,83730.78,83723.63,83730.77
1790800860,83730.77,83730.78,83717.94,83728.91
1790800920,83728.92,83728.92,83695,83695
1790800980,83695,83695.01,83686,83689.41
1790801040,83689.41,83689.41,83689.4,83689.4
1790801100,83689.4,83695.01,83686,83695.01
1790801160,83695.01,83695.01,83681.21,83681.21
1790801220,83681.22,83684.46,83678.25,83684.45
1790801280,83684.46,83684.46,83672.07,83672.08
1790801340,83672.07,83672.08,83640.02,83658.01
1790801400,83658.01,83666.01,83650,83666
1790801460,83666.01,83694.01,83666,83694.01
1790801520,83694.01,83719.81,83694,83719.8
1790801580,83719.81,83719.81,83716,83716
1790801640,83716,83716.01,83702.38,83702.38
1790801700,83702.39,83702.39,83672,83672
1790801760,83672.01,83672.01,83652.8,83652.81
1790801820,83652.81,83652.81,83638.38,83641.06
1790801880,83641.06,83651.47,83641.06,83651.4
1790801940,83651.39,83674.01,83651.39,83673.99
1790802000,83673.99,83715.64,83673.99,83715.63
1790802060,83715.64,83739.7,83707.66,83707.66
1790802120,83707.66,83711.9,83696.01,83708.8
1790802180,83708.81,83754.01,83708.8,83752.87
1790802240,83752.87,83759.72,83752.87,83759.71
1790802300,83759.71,83759.72,83744,83744
1790802360,83744,83744.01,83735.08,83744
1790802420,83744.01,83747.47,83740,83740.01
1790802480,83740,83740.01,83728.94,83732.69
1790802540,83732.69,83746.67,83730.42,83746.67
1790802600,83746.67,83775.04,83746.67,83749.99
1790802660,83749.99,83764.3,83734.05,83764.3
1790802720,83764.3,83808.82,83764.29,83786.01
1790802780,83786.01,83786.01,83756,83756
1790802840,83756.01,83774.48,83756,83766.01
1790802900,83766.01,83766.02,83744,83744
1790802960,83744,83777.99,83734.87,83777.98
1790803020,83777.99,83786,83777.98,83785.99
1790803080,83785.99,83818.83,83785.99,83810.74
1790803140,83810.74,83813.06,83790,83790
1790803200,83790.01,83790.57,83790,83790.57
1790803260,83790.58,83791.92,83786.7,83786.71
1790803320,83786.7,83786.7,83780,83780.01
1790803380,83780,83780.01,83780,83780.01
1790803440,83780,83780.01,83727.02,83727.03
1790803500,83727.03,83741.29,83727.02,83727.82
1790803560,83727.82,83749.47,83727.81,83749.46
1790803620,83749.47,83752.01,83749.46,83752
1790803680,83752.01,83752.01,83749.46,83749.46
1790803740,83749.47,83749.47,83725.99,83726
1790803800,83726,83726,83720,83725.99
1790803860,83725.99,83750,83725.99,83750
1790803920,83750,83784.01,83749.99,83757.15
1790803980,83757.16,83768.01,83757.15,83768
1790804040,83768.01,83785.89,83768,83785.88
1790804100,83785.88,83798.89,83785.88,83798.89
1790804160,83798.88,83816.05,83798.88,83816.04
1790804220,83816.04,83816.04,83788,83788
1790804280,83788.01,83790.01,83788,83789.99
1790804340,83790,83790,83759.74,83759.74
1790804400,83759.74,83759.75,83744,83759.74
1790804460,83759.74,83759.75,83748.5,83748.5
1790804520,83748.51,83756.89,83744,83744
1790804580,83744,83747.81,83740.45,83740.45
1790804640,83740.46,83740.46,83707.76,83708.25
1790804700,83708.26,83717.38,83708.25,83717.37
1790804760,83717.38,83746.08,83717.37,83746.08
1790804820,83746.08,83749.37,83746.07,83749.36
1790804880,83749.37,83760.01,83744,83744.01
1790804940,83744,83748.01,83735,83735
1790805000,83735,83755.96,83734.86,83750.01
1790805060,83750.01,83750.01,83726.41,83726.42
1790805120,83726.42,83749.22,83722.01,83741.04
1790805180,83741.04,83755.24,83738,83738
1790805240,83738.01,83750.01,83738,83750
1790805300,83750,83750.01,83749.6,83749.6
1790805360,83749.61,83750.01,83742.78,83750.01
1790805420,83750,83757.63,83750,83757.62
1790805480,83757.63,83757.73,83757.63,83757.73
1790805540,83757.72,83757.73,83757.72,83757.72
1790805600,83757.73,83781.79,83757.73,83772
1790805660,83772.01,83772.01,83752,83752.36
1790805720,83752.36,83752.37,83752.36,83752.37
1790805780,83752.36,83752.37,83708,83709.01
1790805840,83709.01,83724.01,83709.01,83711.51
1790805900,83711.52,83718.95,83711.51,83718.94
1790805960,83718.94,83718.94,83652.84,83652.84
1790806020,83652.85,83652.85,83580.29,83594.01
1790806080,83594.01,83619.99,83590.92,83607.82
1790806140,83607.83,83607.83,83600.52,83606
1790806200,83606,83641.91,83606,83641.9
1790806260,83641.91,83654.62,83641.9,83654.61
1790806320,83654.61,83669.11,83654.61,83669.11
1790806380,83669.11,83697.39,83669.1,83697.38
1790806440,83697.38,83728.69,83697.38,83728.69
1790806500,83728.69,83739.7,83728.68,83739.7
1790806560,83739.7,83744.01,83739.69,83744
1790806620,83744.01,83751.72,83744,83751.72
1790806680,83751.72,83759.75,83714.71,83735.72
1790806740,83735.72,83739.7,83735.71,83739.69
1790806800,83739.7,83739.7,83736.66,83736.67
1790806860,83736.67,83736.67,83736,83736
1790806920,83736,83744.92,83735.75,83744.91
1790806980,83744.91,83767.87,83744.91,83767.86
1790807040,83767.87,83767.87,83767.86,83767.87
1790807100,83767.87,83800,83767.86,83800
1790807160,83800,83810.26,83799.99,83810.01
1790807220,83810,83810.01,83808.38,83808.39
1790807280,83808.38,83809.44,83808.38,83809.44
1790807340,83809.44,83824.01,83809.43,83824.01
1790807400,83824,83825,83816.5,83822.01
1790807460,83822.01,83845,83822.01,83840.97
1790807520,83840.98,83840.98,83827.57,83827.57
1790807580,83827.57,83830.54,83816,83830.53
1790807640,83830.53,83835.42,83830.53,83835.42
1790807700,83835.41,83835.42,83835.41,83835.41
1790807760,83835.42,83835.42,83833.18,83833.99
1790807820,83833.98,83834.4,83829.94,83834.4
1790807880,83834.4,83836.33,83834.39,83836.32
1790807940,83836.33,83836.33,83818,83818
1790808000,83818,83831.39,83818,83831.39
1790808060,83831.4,83835.46,83831.39,83834.52
1790808120,83834.52,83835.46,83834.52,83835.46
1790808180,83835.46,83835.46,83802,83802
1790808240,83802.01,83814.01,83802,83810.16
1790808300,83810.17,83822.13,83810.16,83810.66
1790808360,83810.65,83810.65,83804,83804
1790808420,83804,83804.01,83798,83798.01
1790808480,83798.01,83798.01,83773.98,83775.07
1790808540,83775.08,83775.08,83754,83763.05
1790808600,83763.04,83775.56,83753.38,83753.38
1790808660,83753.38,83753.38,83715.22,83715.23
1790808720,83715.22,83746.01,83715.22,83746.01
1790808780,83746,83746.01,83724.36,83724.36
1790808840,83724.37,83742.01,83724.36,83730
1790808900,83730,83754,83710,83710.01
1790808960,83710.01,83728.01,83710,83728
1790809020,83728.01,83739.69,83704,83704.01
1790809080,83704.01,83712.01,83700,83706
1790809140,83706.01,83706.01,83685.85,83685.85
1790809200,83685.86,83712.56,83677.13,83712.56
1790809260,83712.56,83738.07,83712.56,83716
1790809320,83716.01,83746.01,83716,83746
1790809380,83746.01,83774.86,83720,83756.01
1790809440,83756,83756.01,83734,83734
1790809500,83734,83744.01,83716,83716
1790809560,83716.01,83728.01,83700,83700
1790809620,83700.01,83706.01,83682,83692.01
1790809680,83692,83692,83646,83646.78
1790809740,83646.77,83668.01,83646.77,83668.01
1790809800,83668,83668,83660,83660
1790809860,83660,83660.01,83636,83636
1790809920,83636.01,83660,83636,83659.99
1790809980,83659.99,83709,83659.99,83709
1790810040,83709,83726.01,83700.63,83700.63
1790810100,83700.64,83711.43,83682,83682
1790810160,83682,83749.04,83671.02,83729.64
1790810220,83729.63,83739.7,83716,83716.02
1790810280,83716.02,83733.86,83708.01,83718.57
1790810340,83718.57,83728.46,83718.56,83728.46
1790810400,83728.45,83728.46,83713.35,83720.46
1790810460,83720.47,83836.07,83720.46,83756.01
1790810520,83756.01,83756.01,83748,83748.01
1790810580,83748.01,83766.01,83743.14,83766
1790810640,83766,83766.01,83750.44,83759.23
1790810700,83759.22,83771.61,83759.22,83764
1790810760,83764,83774.86,83760,83770
1790810820,83770,83770.01,83762,83762.01
1790810880,83762,83762.01,83683.16,83683.17
1790810940,83683.17,83683.17,83661.22,83662.01
1790811000,83662,83681.87,83662,83681.86
1790811060,83681.86,83684.51,83640,83640
1790811120,83640.01,83640.01,83625.12,83626.13
1790811180,83626.14,83626.14,83523.65,83562.68
1790811240,83562.67,83608.59,83562.67,83602.01
1790811300,83602,83625.08,83597.65,83608
1790811360,83608.01,83687.99,83608.01,83636.01
1790811420,83636,83669.05,83632,83669.04
1790811480,83669.05,83674.57,83662.34,83664
1790811540,83664.01,83664.01,83649.08,83649.08
1790811600,83649.08,83650,83635.63,83647.69
1790811660,83647.68,83654.83,83647.68,83652.01
1790811720,83652.01,83652.01,83618,83618.01
1790811780,83618.01,83618.53,83612,83618.53
1790811840,83618.53,83621.6,83618.52,83621.6
1790811900,83621.59,83621.6,83588.4,83588.4
1790811960,83588.4,83588.4,83566,83580.67
1790812020,83580.66,83596.08,83574,83574.01
1790812080,83574,83574,83552,83563.63
1790812140,83563.64,83582.01,83563.63,83575.31
1790812200,83575.3,83612.19,83561.26,83574
1790812260,83574.01,83652.29,83572,83584.01
1790812320,83584.01,83634.4,83582.01,83599.74
1790812380,83599.74,83654.01,83599.73,83630.27
1790812440,83630.26,83634,83594.01,83599.29
1790812500,83599.29,83599.29,83594,83594.01
1790812560,83594,83594.01,83589.2,83589.21
1790812620,83589.21,83594.54,83580,83586.09
1790812680,83586.09,83604.62,83586.08,83604.62
1790812740,83604.62,83623.6,83604.61,83623.6
1790812800,83623.59,83660.01,83578,83578.01
1790812860,83578.01,83578.01,83550,83557.25
1790812920,83557.25,83557.26,83534.01,83534.02
1790812980,83534.02,83554.83,83534.01,83554.83
1790813040,83554.83,83559.39,83532.75,83534.89
1790813100,83534.89,83536.29,83534.88,83536.28
1790813160,83536.28,83536.29,83509.43,83518.75
1790813220,83518.75,83542.96,83518.75,83542.96
1790813280,83542.96,83552.24,83542.95,83552.23
1790813340,83552.23,83552.23,83483.3,83483.31
1790813400,83483.31,83496.01,83458.15,83472.95
1790813460,83472.94,83524,83472.94,83524
1790813520,83524.01,83550.59,83524,83546.24
1790813580,83546.25,83546.25,83546.24,83546.24
1790813640,83546.25,83546.25,83509.05,83509.05
1790813700,83509.04,83512.44,83482,83482.01
1790813760,83482,83506.76,83458.16,83458.17
1790813820,83458.17,83484,83458.16,83458.29
1790813880,83458.29,83472.15,83429.8,83458.09
1790813940,83458.09,83458.09,83443.8,83455.8
1790814000,83455.79,83507.95,83455.79,83502.16
1790814060,83502.16,83509.84,83487.3,83487.3
1790814120,83487.31,83493.99,83470.01,83470.02
1790814180,83470.02,83475.97,83460,83460.01
1790814240,83460.01,83487.55,83460,83470.61
1790814300,83470.62,83487.47,83466.42,83487.47
1790814360,83487.47,83502.42,83480,83480.5
1790814420,83480.51,83480.51,83480.5,83480.5
1790814480,83480.51,83480.51,83468.4,83478.01
1790814540,83478.01,83502.35,83478,83488.01
1790814600,83488.01,83488.01,83438.72,83463.53
1790814660,83463.53,83492.01,83446.12,83492
1790814720,83492.01,83495.21,83486,83486
1790814780,83486,83486.01,83470.89,83479.44
1790814840,83479.44,83492.22,83467.99,83468.01
1790814900,83468,83468,83464,83464.01
1790814960,83464.01,83516,83464,83516
1790815020,83516.01,83518.01,83501.22,83501.65
1790815080,83501.64,83501.65,83493.89,83498.43
1790815140,83498.42,83532.01,83498.42,83521.92
1790815200,83521.92,83524.01,83507.03,83524.01
1790815260,83524.01,83554.56,83515.09,83515.1
1790815320,83515.1,83529.1,83515.09,83529.09
1790815380,83529.09,83529.1,83524,83529.09
1790815440,83529.1,83570.72,83529.1,83570.72
1790815500,83570.71,83591.41,83550,83550
1790815560,83550.01,83550.01,83523.06,83528.48
1790815620,83528.48,83528.49,83504.01,83506
1790815680,83506,83524.71,83506,83524.71
1790815740,83524.71,83537.85,83524.7,83537.84
1790815800,83537.84,83541.88,83506,83506.01
1790815860,83506.01,83521.41,83487.63,83521.41
1790815920,83521.41,83529.09,83521.41,83529.09
1790815980,83529.08,83530.92,83506,83506
1790816040,83506,83507.99,83498.16,83498.16
1790816100,83498.17,83529.1,83498.16,83529.1
1790816160,83529.09,83547.38,83529.09,83539.02
1790816220,83539.03,83539.03,83539.02,83539.02
1790816280,83539.03,83539.03,83527.13,83532
1790816340,83532.01,83533.03,83509.03,83509.03
1790816400,83509.03,83520.74,83500,83510.65
1790816460,83510.65,83524.76,83500,83500.01
1790816520,83500.01,83560.6,83500,83542.01
1790816580,83542,83583.52,83512.57,83512.57
1790816640,83512.56,83541.34,83512.56,83533.06
1790816700,83533.06,83587.72,83533.06,83587.72
1790816760,83587.71,83590,83587.71,83590
1790816820,83590,83614.01,83589.99,83595.65
1790816880,83595.65,83602.64,83581.88,83602.64
1790816940,83602.64,83613.99,83601.58,83601.58
1790817000,83601.59,83601.59,83585.8,83585.81
1790817060,83585.8,83585.81,83558,83565.91
1790817120,83565.92,83587.96,83565.92,83587.96
1790817180,83588.01,83607.46,83588.01,83607.46
1790817240,83607.46,83613.99,83590,83590
1790817300,83590,83590,83533.06,83590
1790817360,83590.01,83596.01,83588,83590.01
1790817420,83590.01,83636.79,83590,83632.89
1790817480,83632.89,83652.79,83632.89,83644.42
1790817540,83644.41,83666.01,83642.67,83642.68
1790817600,83642.67,83682.01,83637.25,83682.01
1790817660,83682,83692,83652,83652.01
1790817720,83652,83652.01,83634.99,83640.01
1790817780,83640.01,83670.01,83640.01,83670
1790817840,83670.01,83673.99,83654.35,83671.68
1790817900,83671.68,83671.68,83671.67,83671.68
1790817960,83671.68,83676.01,83671.67,83676.01
1790818020,83676.01,83676.01,83658,83658
1790818080,83658,83658,83648.74,83648.74
1790818140,83648.75,83648.75,83635,83635.01
1790818200,83635.01,83635.01,83564,83564
1790818260,83564,83564,83500.03,83511.41
1790818320,83511.4,83564.01,83511.4,83564.01
1790818380,83564,83580.01,83560.75,83560.75
1790818440,83560.75,83574.01,83560.75,83574.01
1790818500,83574,83574.01,83516.73,83517.14
1790818560,83517.14,83517.93,83500,83500
1790818620,83500.01,83510.01,83482.2,83510
1790818680,83510,83552.21,83501.9,83552.21
1790818740,83552.2,83560.54,83552.2,83560.54
1790818800,83560.54,83598.01,83560.53,83598.01
1790818860,83598.01,83600.58,83552,83552
1790818920,83552.01,83598.01,83552,83598.01
1790818980,83598,83612.29,83598,83610
1790819040,83610.01,83610.01,83600.52,83600.53
1790819100,83600.52,83609.99,83568.01,83568.02
1790819160,83568.02,83568.02,83550,83550
1790819220,83550,83550.01,83533.89,83545.32
1790819280,83545.32,83545.33,83544.48,83544.48
1790819340,83544.49,83554.01,83512,83512
1790819400,83512.01,83566.01,83512,83566
1790819460,83566.01,83568.37,83550,83568.36
1790819520,83568.37,83571.63,83522,83529.1
1790819580,83529.09,83540.1,83512,83540.09
1790819640,83540.1,83542.01,83536,83542.01
1790819700,83542,83556.9,83524.36,83556.82
1790819760,83556.82,83566.87,83556.82,83558.01
1790819820,83558,83558,83530,83530
1790819880,83530,83530.01,83520,83520
1790819940,83520,83520.01,83518.07,83518.07
1790820000,83518.07,83564.01,83518.07,83560.01
1790820060,83560.01,83567.63,83560,83562
1790820120,83562.01,83562.01,83528,83528
1790820180,83528.01,83528.01,83519.65,83519.65
1790820240,83519.65,83532.01,83508.67,83527.2
1790820300,83527.2,83570.01,83527.2,83551.64
1790820360,83551.64,83580.01,83544.08,83568.01
1790820420,83568,83568,83530,83558
1790820480,83558.01,83634.4,83558.01,83634.39
1790820540,83634.39,83634.4,83626,83628
1790820600,83628.01,83634.01,83618,83629.54
1790820660,83629.54,83648.01,83622,83648.01
1790820720,83648.01,83668.01,83640,83640.01
1790820780,83640.01,83643.8,83628,83628
1790820840,83628.01,83628.01,83600,83600.01
1790820900,83600.01,83600.01,83581.73,83581.74
1790820960,83581.74,83591.64,83568.01,83568.01
1790821020,83568.01,83588.01,83568.01,83573.78
1790821080,83573.77,83573.77,83520,83520
1790821140,83520,83520.01,83514,83520.01
1790821200,83520.01,83520.01,83468,83494
1790821260,83494.01,83494.01,83457.48,83457.49
1790821320,83457.48,83538,83457.48,83492
1790821380,83492.01,83534.01,83492,83520.01
1790821440,83520.01,83528.01,83512,83512
1790821500,83512,83512,83446.02,83446.03
1790821560,83446.03,83446.03,83439,83439.01
1790821620,83439.01,83450.01,83425.82,83425.83
1790821680,83425.82,83478.94,83425.82,83478.94
1790821740,83478.94,83541.32,83478.94,83541.31
1790821800,83541.32,83596.5,83541.31,83557.84
1790821860,83557.84,83564.01,83538,83546.46
1790821920,83546.46,83590.01,83546.45,83583.49
1790821980,83583.49,83583.5,83558.01,83558.01
1790822040,83558.01,83558.01,83520,83541.38
1790822100,83541.38,83554.01,83536.03,83536.03
1790822160,83536.03,83536.04,83500,83500.01
1790822220,83500.01,83500.01,83467.6,83467.61
1790822280,83467.6,83467.61,83441.89,83453.04
1790822340,83453.05,83457.89,83423.92,83437.49
1790822400,83437.49,83454.23,83432.42,83452.57
1790822460,83452.57,83468.01,83451.88,83451.88
1790822520,83451.89,83470.01,83448.31,83460.92
1790822580,83460.92,83460.92,83453.71,83453.71
1790822640,83453.72,83453.72,83447.75,83447.75
1790822700,83447.75,83447.75,83424.96,83424.98
1790822760,83424.98,83424.98,83424.97,83424.98
1790822820,83424.98,83424.98,83423.8,83423.81
1790822880,83423.81,83444.27,83423.8,83423.8
1790822940,83423.8,83423.81,83410.39,83410.4
1790823000,83410.4,83445.66,83410.39,83440.65
1790823060,83439.96,83456.76,83434.21,83451.06
1790823120,83451.06,83466,83451.05,83466
1790823180,83466,83497.55,83465.99,83495.54
1790823240,83495.55,83495.55,83490.82,83490.83
1790823300,83490.83,83499.31,83486,83486
1790823360,83486,83515.88,83486,83515.88
1790823420,83515.87,83522.01,83515.87,83522
1790823480,83522.01,83522.01,83504.3,83520
1790823540,83520.01,83520.01,83490.78,83490.78
1790823600,83490.78,83520,83484,83520
1790823660,83519.99,83529.1,83519.99,83520.39
1790823720,83520.39,83520.39,83502,83502.01
1790823780,83502,83502.01,83484.16,83484.17
1790823840,83484.17,83484.17,83455.53,83456.01
1790823900,83456.01,83474.57,83456,83474.56
1790823960,83474.56,83474.56,83424.58,83424.58
1790824020,83424.59,83471.66,83424.58,83461.13
1790824080,83461.14,83470,83461.13,83469.99
1790824140,83469.99,83474.74,83462.74,83474.74
1790824200,83474.73,83490.01,83474.73,83490.01
1790824260,83490.01,83513.86,83490.01,83498.01
1790824320,83498.01,83498.01,83491.6,83491.61
1790824380,83491.61,83491.61,83482,83482
1790824440,83482,83482.01,83474,83474.01
1790824500,83474.01,83482.01,83474,83482.01
1790824560,83482.01,83504.64,83480.5,83504.63
1790824620,83504.64,83537.51,83504.63,83504.64
1790824680,83504.64,83504.64,83473.79,83476
1790824740,83476.01,83477.34,83476,83477.34
1790824800,83477.33,83477.34,83462.13,83462.13
1790824860,83462.13,83462.13,83441.07,83441.07
1790824920,83441.07,83441.08,83441.07,83441.08
1790824980,83441.08,83471.89,83441.07,83465.78
1790825040,83465.79,83465.79,83448.87,83448.87
1790825100,83448.88,83448.88,83448.87,83448.87
1790825160,83448.88,83500.95,83448.87,83500.95
1790825220,83500.95,83516.01,83500.95,83506.17
1790825280,83506.18,83506.19,83506.17,83506.19
1790825340,83506.18,83535.31,83506.18,83529.33
1790825400,83529.32,83529.32,83498.02,83498.02
1790825460,83498.02,83498.02,83470,83470
1790825520,83470,83496.01,83470,83496.01
1790825580,83496.01,83529.1,83496,83529.1
1790825640,83529.1,83529.1,83524,83529.09
1790825700,83529.1,83540.01,83526.95,83526.96
1790825760,83526.96,83565.69,83526.95,83565.69
1790825820,83566.01,83608.26,83566.01,83586.01
1790825880,83586.01,83588.01,83582.89,83586.53
1790825940,83586.53,83622.38,83586.53,83622.38
1790826000,83622.38,83622.38,83616.01,83616.02
1790826060,83616.01,83647.22,83616.01,83638.01
1790826120,83638.01,83683.16,83638,83683.16
1790826180,83683.16,83713.72,83683.16,83713.72
1790826240,83713.73,83732.01,83713.72,83714.2
1790826300,83714.2,83729.78,83678.31,83678.32
1790826360,83678.31,83724.01,83676,83698.01
1790826420,83698.01,83699.92,83680,83683.22
1790826480,83683.21,83683.22,83638.89,83638.9
1790826540,83638.9,83668.01,83638.2,83654.41
1790826600,83654.42,83728.01,83654.41,83728.01
1790826660,83728,83749.58,83724,83724.01
1790826720,83724.01,83750.22,83724,83739.69
1790826780,83739.69,83744.01,83739.69,83744.01
1790826840,83744.01,83748.01,83722.95,83748.01
1790826900,83748.01,83751.44,83704.92,83718.29
1790826960,83718.3,83753.61,83718.29,83751.23
1790827020,83751.24,83776.01,83751.23,83773.6
1790827080,83773.61,83778.25,83764,83764.01
1790827140,83764.01,83780.14,83750,83754.01
1790827200,83754.01,83771.69,83754.01,83771.69
1790827260,83771.69,83797.22,83771.68,83773.68
1790827320,83773.67,83773.68,83765.07,83765.07
1790827380,83765.07,83765.08,83765.07,83765.07
1790827440,83765.07,83783.35,83760.7,83783.34
1790827500,83783.34,83788.01,83773.46,83782
1790827560,83782.01,83814.01,83782,83814
1790827620,83814,83822.01,83783.64,83783.65
1790827680,83783.64,83783.65,83760.94,83760.95
1790827740,83760.95,83865,83760.95,83865
1790827800,83865,83880,83858.71,83878.01
1790827860,83878.01,83934.01,83874,83880.01
1790827920,83880.01,83888.01,83869.08,83874.01
1790827980,83874.01,83896.83,83874,83895.47
1790828040,83895.47,83938.2,83895.47,83934.91
1790828100,83934.91,83934.92,83896,83896
1790828160,83896,83929.96,83895.79,83895.8
1790828220,83895.8,83905.29,83810,83834.71
1790828280,83834.7,83843.13,83790.11,83806.73
1790828340,83806.75,83808.01,83746,83746.01
1790828400,83746.02,83764.01,83724,83744
1790828460,83744.01,83778.54,83720.4,83764
1790828520,83764.01,83810.01,83756.04,83810.01
1790828580,83810,83824.01,83805.5,83805.5
1790828640,83805.51,83805.51,83788,83798
1790828700,83798.01,83798.01,83790,83790
1790828760,83790,83793.87,83790,83793.87
1790828820,83793.86,83844,83793.86,83844
1790828880,83843.99,83867.96,83840,83866.01
1790828940,83866,83866.01,83850.98,83860.01
1790829000,83860,83896.01,83860,83882.17
1790829060,83882.16,83882.17,83846,83846
1790829120,83846,83846.01,83797.54,83797.54
1790829180,83797.55,83808.86,83782.84,83792.01
1790829240,83792,83806.01,83792,83806.01
1790829300,83806.01,83818.01,83806,83818
1790829360,83818.01,83856.87,83818,83856.87
1790829420,83856.87,83881.24,83856.86,83858.62
1790829480,83858.62,83888.55,83858.62,83882.01
1790829540,83882.02,83914,83878,83900
1790829600,83900.01,83904.01,83890,83896
1790829660,83896.01,83916,83896,83909.1
1790829720,83909.1,83909.1,83900,83900.01
1790829780,83900,83913.54,83900,83908
1790829840,83908.01,83930.88,83908,83930.88
1790829900,83930.88,83939.02,83930.87,83933.29
1790829960,83933.3,84118.01,83933.3,84116.88
1790830020,84116.89,84116.89,84024.01,84036.01
1790830080,84036.01,84115.77,84036.01,84115.76
1790830140,84115.76,84140,84094.28,84110.01
1790830200,84110.01,84160.89,84106,84160.89
1790830260,84160.89,84181.64,84138,84168
1790830320,84168,84207.53,84160,84180.24
1790830380,84180.23,84180.23,84100,84100
1790830440,84100,84124.01,84100,84106.01
1790830500,84106.01,84112.01,84046.01,84048.03
1790830560,84048.02,84054.01,83993.35,83993.36
1790830620,83993.35,84010.93,83993.35,84010.93
1790830680,84010.93,84055.6,84010.92,84055.59
1790830740,84055.59,84110.01,84055.59,84110.01
1790830800,84110.01,84110.01,84052.32,84084.01
1790830860,84084.01,84104.01,84048,84048
1790830920,84048,84064.01,84032,84064.01
1790830980,84064.02,84136.59,84064.02,84136.58
1790831040,84136.59,84204.71,84136.59,84204.71
1790831100,84204.72,84227.35,84184.31,84198.01
1790831160,84198.02,84239,84176,84227.35
1790831220,84227.35,84227.35,84170.98,84170.98
1790831280,84170.98,84172.01,84162,84170.01
1790831340,84170.01,84175.65,84160.01,84175.65
1790831400,84175.65,84175.65,84164.01,84164.01
1790831460,84164.01,84278.07,84164.01,84265.69
1790831520,84265.7,84265.7,84240,84240
1790831580,84240.01,84240.01,84230.17,84232
1790831640,84232,84246.01,84224,84246.01
1790831700,84246,84276.43,84238.98,84270.01
1790831760,84270.01,84270.01,84260.45,84260.46
1790831820,84260.46,84262.01,84254,84262.01
1790831880,84262,84262.02,84250.82,84250.83
1790831940,84250.83,84314.26,84250.82,84310.33
1790832000,84310.33,84310.34,84285.45,84295.99
1790832060,84295.99,84318.61,84285.92,84318.61
1790832120,84318.6,84318.61,84298,84318.61
1790832180,84318.61,84318.61,84273.06,84280.44
1790832240,84280.44,84283.49,84263.56,84263.56
1790832300,84263.57,84272.36,84263.56,84270
1790832360,84270,84270.01,84258,84258.71
1790832420,84258.72,84266.2,84258.71,84266.2
1790832480,84266.19,84281.79,84266.19,84281.79
1790832540,84281.79,84288.2,84278.01,84288.2
1790832600,84288.21,84300,84284,84284.01
1790832660,84284.01,84284.01,84280.08,84280.09
1790832720,84280.08,84289.28,84276,84276.01
1790832780,84276.01,84276.44,84255.02,84273.25
1790832840,84273.25,84301.59,84273.25,84301.58
1790832900,84301.58,84309.27,84291.53,84291.53
1790832960,84291.54,84308.45,84274.41,84274.41
1790833020,84274.42,84303.57,84270.32,84303.56
1790833080,84303.56,84311.22,84300.04,84311.22
1790833140,84311.22,84326.01,84293.11,84293.11
1790833200,84293.12,84318.01,84293.11,84312
1790833260,84312,84312.01,84273.84,84273.84
1790833320,84273.84,84273.85,84264.98,84268.38
1790833380,84268.38,84268.39,84224,84224
1790833440,84224.01,84224.01,84208,84212.01
1790833500,84212.01,84230.01,84212.01,84230.01
1790833560,84230.01,84230.01,84226.75,84229.99
1790833620,84229.99,84230,84229.99,84229.99
1790833680,84229.99,84240.01,84229.99,84240.01
1790833740,84240.01,84287.85,84240,84287.85
1790833800,84287.85,84309.43,84287.85,84303.03
1790833860,84303.02,84323.04,84303.02,84323.04
1790833920,84323.03,84323.04,84323.03,84323.04
1790833980,84323.03,84333.33,84320.36,84333.32
1790834040,84333.33,84368,84333.33,84349.59
1790834100,84349.59,84349.6,84316,84316.01
1790834160,84316.01,84316.01,84304.21,84304.21
1790834220,84304.21,84304.22,84280.55,84282
1790834280,84282,84282.01,84264.63,84264.65
1790834340,84264.65,84291.49,84264.64,84291.48
1790834400,84291.49,84297.89,84290.13,84297.89
1790834460,84297.89,84300,84240.35,84240.36
1790834520,84240.35,84266.2,84240.35,84264.61
1790834580,84264.61,84270.01,84264.61,84270.01
1790834640,84270,84294.01,84270,84294
1790834700,84294.01,84325.5,84294.01,84302.25
1790834760,84302.25,84304.45,84296.69,84298.56
1790834820,84298.56,84298.57,84278.91,84286.05
1790834880,84286.05,84286.06,84279.19,84279.19
1790834940,84279.2,84297.47,84279.19,84297.46
1790835000,84297.46,84333.36,84297.46,84327.35
1790835060,84327.35,84341.63,84327.35,84341.63
1790835120,84341.63,84390.01,84341.62,84388.01
1790835180,84388,84402.21,84379.32,84399.99
1790835240,84400,84419.69,84376.01,84376.01
1790835300,84376.02,84376.02,84368.56,84375.81
1790835360,84375.81,84384.09,84366,84366.01
1790835420,84366.01,84384.01,84366,84366
1790835480,84366.01,84366.01,84350.91,84350.92
1790835540,84350.91,84350.92,84324.37,84324.38
1790835600,84324.38,84324.38,84313.47,84313.48
1790835660,84313.47,84313.48,84310.01,84310.01
1790835720,84310.01,84339.01,84310.01,84339.01
1790835780,84339.01,84339.01,84306.51,84323.91
1790835840,84323.91,84339.01,84323.91,84339.01
1790835900,84339.01,84340.01,84312.01,84332
1790835960,84332,84356.01,84332,84341.4
1790836020,84341.4,84341.41,84322.84,84333.35
1790836080,84333.35,84345.87,84323.79,84332.01
1790836140,84332.01,84347.35,84332,84347.35
1790836200,84347.34,84359.22,84332,84332
1790836260,84332.01,84332.01,84288.96,84288.96
1790836320,84288.96,84288.97,84182.68,84184.04
1790836380,84184.05,84231.88,84177.33,84228
1790836440,84228,84228.01,84208.06,84214
1790836500,84214,84272.01,84214,84246.01
1790836560,84246.01,84246.01,84208,84208
1790836620,84208,84208,84184.06,84184.07
1790836680,84184.07,84184.07,84176.13,84176.13
1790836740,84176.14,84176.14,84137.93,84145.89
1790836800,84145.88,84167.9,84130.57,84130.57
1790836860,84130.57,84130.58,84119.78,84119.79
1790836920,84119.78,84135.84,84105.76,84135.83
1790836980,84135.83,84152,84135.83,84152
1790837040,84152,84160.9,84146,84160.89
1790837100,84160.89,84160.9,84148,84148
1790837160,84148.01,84160.9,84148,84153.83
1790837220,84153.83,84192.88,84153.83,84192.87
1790837280,84192.87,84192.87,84166.29,84166.29
1790837340,84166.29,84166.29,84120,84120
1790837400,84120.01,84128.43,84120,84122.53
1790837460,84122.53,84181.85,84122.53,84181.84
1790837520,84181.85,84194.54,84169.22,84184.4
1790837580,84184.4,84198.01,84184.39,84194.01
1790837640,84194.01,84194.01,84193.3,84193.31
1790837700,84193.31,84201.73,84170.7,84170.7
1790837760,84170.7,84170.71,84170.7,84170.7
1790837820,84170.71,84170.71,84150.35,84155.1
1790837880,84155.09,84160.01,84146,84146.01
1790837940,84146.01,84146.01,84121.44,84121.45
1790838000,84121.45,84130.01,84114,84130
1790838060,84130.01,84130.01,84072,84073.35
1790838120,84073.36,84080.95,84060.08,84080.95
1790838180,84080.95,84080.95,84074,84074.01
1790838240,84074,84127.33,84074,84127.32
1790838300,84127.33,84143.39,84107.33,84143.38
1790838360,84143.38,84143.38,84116.29,84126.07
1790838420,84126.07,84143.39,84110,84126.01
1790838480,84126.02,84168.79,84114.01,84168.78
1790838540,84168.78,84213.94,84168.78,84196.11
1790838600,84196.11,84214.18,84185.5,84188.41
1790838660,84188.41,84189.76,84134.02,84134.02
1790838720,84134.02,84134.02,84100,84100.01
1790838780,84100,84100,84055.6,84055.61
1790838840,84055.6,84064.02,84055.6,84055.62
1790838900,84055.61,84055.62,84037.99,84055.59
1790838960,84055.6,84088.96,84044.24,84044.25
1790839020,84044.24,84044.25,83924,83924
1790839080,83924.01,83977.57,83924,83938.69
1790839140,83938.7,83938.7,83854.71,83854.71
1790839200,83854.72,83854.72,83700,83710.61
1790839260,83710.7,83713.57,83610,83652.65
1790839320,83652.65,83704.68,83613.61,83665.87
1790839380,83665.87,83680.13,83596.86,83596.86
1790839440,83596.87,83596.87,83400,83404
1790839500,83404.01,83484.34,83374.46,83375.11
1790839560,83375.1,83467.96,83333.7,83380.51
1790839620,83380.51,83389.36,83321.71,83349.03
1790839680,83349.02,83394.13,83330.29,83361.15
1790839740,83361.15,83390.99,83321.72,83364.29
1790839800,83364.3,83471.19,83343.41,83465.16
1790839860,83465.16,83521.38,83449.62,83516.31
1790839920,83516.32,83569.58,83513.32,83547.27
1790839980,83547.27,83635.08,83547.26,83634.41
1790840040,83634.41,83652.9,83608.47,83652.9
1790840100,83652.91,83672.71,83576.66,83576.66
1790840160,83576.66,83582.02,83478.94,83560.97
1790840220,83560.97,83593.78,83528.02,83540.09
1790840280,83540.08,83597.51,83530.5,83565.54
1790840340,83565.53,83596.54,83515.18,83515.19
1790840400,83515.18,83515.19,83388.37,83394.08
1790840460,83394.08,83519.58,83381.56,83494.24
1790840520,83494.24,83529.1,83494.24,83529.1
1790840580,83529.09,83564.12,83529.09,83541.48
1790840640,83541.48,83590.14,83501.57,83544.14
1790840700,83544.14,83595.91,83501.57,83595.9
1790840760,83595.9,83610.57,83565.07,83597.86
1790840820,83597.85,83646.06,83590.4,83646.05
1790840880,83646.05,83658.52,83570,83596.65
1790840940,83596.65,83596.65,83550.62,83550.62
1790841000,83550.63,83595.26,83550.62,83575.78
1790841060,83575.77,83621.44,83575.77,83605.48
1790841120,83605.47,83615.89,83540,83540.19
1790841180,83540.19,83557.72,83531.23,83535.24
1790841240,83535.23,83561.55,83531.17,83531.18
1790841300,83531.18,83580,83531.18,83579.99
1790841360,83579.99,83587.3,83550.86,83562.38
1790841420,83562.38,83562.39,83414.27,83414.28
1790841480,83414.27,83470.7,83400,83470.69
1790841540,83470.69,83470.7,83429.93,83429.93
1790841600,83429.93,83493.36,83423.79,83467.13
1790841660,83467.12,83474.82,83420.42,83420.43
1790841720,83420.42,83471.4,83400,83471.39
1790841780,83471.39,83526.45,83467.64,83509.04
1790841840,83509.04,83529.1,83479.33,83508.74
1790841900,83508.73,83508.73,83429.31,83429.32
1790841960,83429.31,83442.55,83393.66,83416.36
1790842020,83416.36,83445.84,83416.36,83445.83
1790842080,83445.83,83453.04,83365.48,83372.18
1790842140,83372.19,83401.18,83340,83401.17
1790842200,83401.17,83450,83380,83450
1790842260,83450,83457.59,83380,83406.96
1790842320,83406.96,83431.35,83372,83388.29
1790842380,83388.3,83407.54,83364,83372.43
1790842440,83372.43,83392.96,83358,83392.95
1790842500,83392.96,83421.02,83374.95,83398.73
1790842560,83398.72,83456.87,83398.72,83442.01
1790842620,83442,83442.01,83382,83439.27
1790842680,83439.27,83477.7,83430,83431.5
1790842740,83431.5,83439.49,83391.45,83391.45
1790842800,83391.46,83392.34,83350,83350
1790842860,83350,83409.49,83350,83384
1790842920,83384.01,83439.5,83384,83420.58
1790842980,83420.59,83444.21,83403.1,83434.53
1790843040,83434.54,83434.54,83412,83412
1790843100,83412.01,83458.01,83412,83457.52
1790843160,83457.53,83477.7,83442,83477.69
1790843220,83477.69,83477.7,83446,83446.01
1790843280,83446,83452.15,83431.3,83431.3
1790843340,83431.3,83440,83431.3,83431.3
1790843400,83431.3,83431.3,83331.82,83365.91
1790843460,83366.01,83393.18,83294.11,83294.11
1790843520,83294.12,83308.88,83196.72,83196.73
1790843580,83196.73,83263.15,83188,83263.15
1790843640,83263.14,83263.15,83216,83216.01
1790843700,83216,83254.72,83186,83251.72
1790843760,83251.72,83366.91,83251.72,83324.47
1790843820,83324.47,83386.4,83316.18,83384
1790843880,83384,83425.89,83350.02,83410.01
1790843940,83410,83500.01,83410,83491.12
1790844000,83491.21,83498,83426.49,83436.02
1790844060,83436.01,83491.12,83420.65,83491.11
1790844120,83491.11,83565.34,83491.11,83562.66
1790844180,83562.65,83562.65,83508.16,83508.17
1790844240,83508.17,83517.6,83491.11,83491.18
1790844300,83491.18,83496.01,83469.01,83469.01
1790844360,83469.02,83483.57,83450,83470.67
1790844420,83470.67,83520,83470.66,83516.01
1790844480,83516.01,83520,83484,83518.65
1790844540,83518.66,83518.66,83488.63,83491.1
1790844600,83491.11,83492.37,83456.33,83456.33
1790844660,83456.33,83544.01,83441.68,83543.77
1790844720,83543.78,83560,83543.78,83552.01
1790844780,83552,83552.01,83497.68,83497.69
1790844840,83497.68,83529.1,83490.89,83524.01
1790844900,83524.01,83565.34,83504,83565.34
1790844960,83565.33,83582.44,83565.33,83578
1790845020,83578.01,83578.01,83548.84,83551.35
1790845080,83551.34,83566,83551.34,83560.99
1790845140,83561,83566.98,83558.58,83566.97
1790845200,83566.98,83614.28,83566.97,83577.67
1790845260,83577.67,83577.67,83558.46,83558.46
1790845320,83558.47,83581.61,83558.46,83562.06
1790845380,83562.06,83577.99,83562.06,83574
1790845440,83574.01,83600.53,83574,83600.53
1790845500,83600.53,83611.6,83600.53,83602
1790845560,83602.01,83617.57,83602,83613.54
1790845620,83613.54,83646.67,83613.54,83626
1790845680,83626.01,83630.92,83625,83625
1790845740,83625.01,83638.96,83625,83638.96
1790845800,83638.95,83705.99,83638.95,83705.99
1790845860,83705.99,83762.01,83665.49,83685.99
1790845920,83685.99,83703.09,83667.27,83667.27
1790845980,83667.28,83685.35,83635.16,83685.34
1790846040,83685.35,83690.38,83677.69,83690.38
1790846100,83690.38,83710.45,83684,83684
1790846160,83684.01,83698.57,83682,83682
1790846220,83682.01,83695.07,83675.38,83691.18
1790846280,83691.18,83739.7,83691.18,83733.34
1790846340,83733.35,83733.35,83711.87,83713.21
1790846400,83713.21,83733.35,83713.21,83718.01
1790846460,83718,83775.02,83718,83770.99
1790846520,83770.99,83793.1,83770,83770
1790846580,83770,83770.01,83718,83718.01
1790846640,83718,83751.77,83718,83742
1790846700,83742,83747.8,83736.43,83747.79
1790846760,83747.8,83747.8,83738,83738
1790846820,83738.01,83738.01,83709.83,83709.84
1790846880,83709.83,83754.01,83709.83,83754
1790846940,83754,83761.88,83754,83761.88
1790847000,83761.88,83818.18,83761.88,83804.01
1790847060,83804,83826.01,83804,83826.01
1790847120,83826,83887.25,83826,83878
1790847180,83878,83878,83843.47,83843.48
1790847240,83843.48,83843.48,83804,83808
1790847300,83808,83838.01,83807.99,83838.01
1790847360,83838.01,83838.42,83801.03,83801.04
1790847420,83801.04,83838.42,83801.03,83838.41
1790847480,83838.41,83838.42,83820.11,83820.11
1790847540,83820.12,83840.01,83808.65,83840.01
1790847600,83840.01,83849.43,83840,83849.43
1790847660,83849.42,83854.47,83843.85,83854.46
1790847720,83854.46,83854.47,83850.78,83854.47
1790847780,83854.47,83874.91,83854.47,83874.9
1790847840,83874.91,83887.25,83874.9,83887.25
1790847900,83887.24,83887.25,83851.11,83857.04
1790847960,83857.04,83873.62,83857.04,83870
1790848020,83870.01,83881,83870,83880.99
1790848080,83880.99,83896.01,83880.42,83880.42
1790848140,83880.43,83880.43,83838,83852
1790848200,83852,83854.08,83816.94,83854.08
1790848260,83854.08,83854.08,83844.01,83848.01
1790848320,83848,83848.01,83813.91,83813.92
1790848380,83813.92,83813.92,83782.23,83805.82
1790848440,83805.83,83806.01,83796.31,83806
1790848500,83806,83806.01,83775.57,83775.57
1790848560,83775.57,83775.58,83748,83758.02
1790848620,83758.01,83790.01,83758,83790.01
1790848680,83790,83795.18,83790,83792.01
1790848740,83792.01,83797.63,83776,83782.01
1790848800,83782.01,83817.54,83720,83720.01
1790848860,83720.01,83720.01,83628,83629.72
1790848920,83629.72,83629.72,83568,83583.48
1790848980,83583.48,83602.01,83570.71,83576
1790849040,83576,83576,83476.51,83476.52
1790849100,83476.51,83486.82,83418.23,83447.24
1790849160,83447.24,83482.01,83418.98,83482.01
1790849220,83482.01,83632.01,83482,83630
1790849280,83630,83682.01,83630,83682
1790849340,83682,83690.01,83666.03,83672.01
1790849400,83672.01,83672.53,83648.64,83663.27
1790849460,83663.26,83663.93,83626,83663.93
1790849520,83663.94,83673.28,83663.94,83670.31
1790849580,83670.3,83706.69,83670.3,83678.01
1790849640,83678.01,83703.56,83678.01,83703.56
1790849700,83703.55,83703.56,83623.19,83623.19
1790849760,83623.19,83630.01,83584.46,83584.47
1790849820,83584.46,83624.01,83548.8,83624
1790849880,83624.01,83771.82,83624.01,83750.01
1790849940,83750,83750.01,83682,83682
1790850000,83682.01,83718.01,83682,83718.01
1790850060,83718,83765.73,83705.29,83750.01
1790850120,83750.01,83762.01,83707.7,83707.7
1790850180,83707.71,83720.01,83707.7,83716.01
1790850240,83716,83716,83696,83696.01
1790850300,83696,83696.01,83672.86,83672.87
1790850360,83672.86,83677.66,83638.7,83638.7
1790850420,83638.71,83648.01,83613.09,83613.09
1790850480,83613.1,83671.39,83593.82,83671.37
1790850540,83671.37,83687.45,83658.84,83686.65
1790850600,83686.64,83736.01,83686.64,83736
1790850660,83736,83782.01,83736,83776.03
1790850720,83776.02,83793.73,83776.02,83786.04
1790850780,83786.03,83786.04,83784,83784
1790850840,83784.01,83809.03,83770,83770
1790850900,83770.01,83780.47,83758,83770.01
1790850960,83770.01,83770.01,83755.4,83758.01
1790851020,83758.01,83764.01,83756.32,83756.33
1790851080,83756.32,83756.33,83743.52,83743.53
1790851140,83743.52,83743.53,83731.88,83731.89
1790851200,83731.88,83735.97,83719.38,83719.39
1790851260,83719.38,83752.81,83719.38,83752.8
1790851320,83752.81,83838.42,83752.8,83838.42
1790851380,83838.42,83856.89,83838.41,83856.89
1790851440,83856.88,83887.25,83849.28,83884.73
1790851500,83884.73,83907.3,83866,83866
1790851560,83866.01,83893.77,83866,83893.77
1790851620,83893.76,83993.18,83893.76,83986.01
1790851680,83986,83991.84,83965.45,83970.06
1790851740,83970.06,83972.01,83931.24,83964
1790851800,83964,83970.01,83952,83956
1790851860,83956.01,83974.55,83944.67,83948.71
1790851920,83948.7,83970.01,83948.7,83970.01
1790851980,83970.01,83994.01,83968,83989.96
1790852040,83989.95,84098.01,83989.95,84094.44
1790852100,84094.43,84094.43,84010,84010
1790852160,84010.01,84010.01,83982,83985.08
1790852220,83985.07,83996.01,83976,83976.01
1790852280,83976.01,83976.01,83936.67,83942.93
1790852340,83942.92,83976.01,83942.92,83966.28
1790852400,83966.27,83966.28,83900,83900
1790852460,83900.01,83900.01,83835.47,83840.01
1790852520,83840.01,83851.84,83818.01,83818.02
1790852580,83818.01,83860,83818.01,83840
1790852640,83840,83890.01,83836,83890.01
1790852700,83890,83890.01,83832,83866.01
1790852760,83866.01,83902.01,83866.01,83888.01
1790852820,83888.01,83920.01,83882,83900
1790852880,83900,83907.95,83883.99,83888.01
1790852940,83888,83890.01,83884,83884.01
1790853000,83884.01,83884.01,83846.05,83884
1790853060,83884.01,83914.95,83870.29,83870.29
1790853120,83870.28,83870.28,83862,83869.12
1790853180,83869.11,83895.66,83869.11,83895.65
1790853240,83895.66,83895.66,83866.63,83866.65
1790853300,83866.65,83866.65,83844.63,83844.63
1790853360,83844.64,83852,83844.63,83851.99
1790853420,83852,83852,83831.07,83831.08
1790853480,83831.08,83845,83821.28,83845
1790853540,83845,83850.01,83830,83850.01
1790853600,83850.01,83850.01,83818.61,83818.61
1790853660,83818.61,83818.62,83810.31,83810.31
1790853720,83810.31,83873.17,83792.25,83830
1790853780,83830,83837.33,83827.63,83827.63
1790853840,83827.64,83827.64,83791.43,83791.44
1790853900,83791.44,83794.01,83780.8,83787.53
1790853960,83787.53,83787.53,83787.52,83787.52
1790854020,83787.53,83811.5,83787.12,83811.49
1790854080,83811.5,83813.56,83811.49,83813.55
1790854140,83813.55,83874.01,83813.55,83874.01
1790854200,83874.01,83886.01,83868.12,83884.21
1790854260,83884.21,83913.6,83850.03,83850.04
1790854320,83850.04,83850.04,83795.71,83795.72
1790854380,83795.72,83828.3,83795.71,83828.29
1790854440,83828.3,83845,83828.22,83845
1790854500,83845,83864.01,83844.99,83862.01
1790854560,83862.01,83896.01,83862.01,83896.01
1790854620,83896.01,83950.3,83896,83930.43
1790854680,83930.42,83931.77,83903.63,83926.83
1790854740,83926.83,83964.74,83926.83,83950
1790854800,83950.01,83960.7,83936.69,83960.21
1790854860,83960.22,83981.11,83960.21,83974.09
1790854920,83974.09,83974.09,83952,83952.01
1790854980,83952.01,83975.89,83952,83967.57
1790855040,83967.57,83980,83948,83956.22
1790855100,83956.23,83996.8,83956.22,83996.8
1790855160,83996.8,83996.8,83984.31,83994.3
1790855220,83994.3,84023.78,83975.97,84023.78
1790855280,84023.77,84048.01,83977.27,83984.65
1790855340,83984.64,83984.65,83948.99,83956
1790855400,83956,83996.01,83939.15,83996
1790855460,83996,84012.01,83996,84012.01
1790855520,84012.01,84014.01,83952,83952
1790855580,83952,83959.87,83952,83959.86
1790855640,83959.87,83967,83959.86,83967
1790855700,83967,83975.99,83938.03,83940.95
1790855760,83940.95,83971.82,83940.95,83971.82
1790855820,83971.81,83977.84,83971.81,83977.84
1790855880,83977.83,83979.51,83933.04,83933.05
1790855940,83933.05,83933.05,83901.11,83905.76
1790856000,83905.76,83981.88,83905.75,83968.53
1790856060,83968.53,83981.88,83961.36,83981.88
1790856120,83981.88,83984.01,83970.74,83972.83
1790856180,83972.83,83978.69,83964.55,83964.55
1790856240,83964.56,83964.56,83924.8,83924.8
1790856300,83924.8,83934.01,83920.01,83934.01
1790856360,83934.01,83960.01,83934,83939.53
1790856420,83939.54,83956.01,83939.53,83950.29
1790856480,83950.3,83970.01,83950.3,83970
1790856540,83970,83988.8,83970,83986.85
1790856600,83986.85,84000.53,83986.85,84000.52
1790856660,84000.53,84012.74,83992.85,83998
1790856720,83998,83998,83985,83991.42
1790856780,83991.41,84000,83991.41,83992.69
1790856840,83992.69,83992.69,83992.68,83992.69
1790856900,83992.68,83992.69,83960,83960.01
1790856960,83960,83960.01,83951.99,83952
1790857020,83952,83952,83866.84,83866.85
1790857080,83866.85,83965.14,83866.85,83954
1790857140,83954.01,83968.01,83954,83956.01
1790857200,83956,83956.01,83914,83914
1790857260,83914.01,83974.01,83914,83974
1790857320,83974,83974,83924,83947.71
1790857380,83947.72,83947.72,83926.06,83937.16
1790857440,83937.16,83937.17,83908,83926.64
1790857500,83926.63,83958.01,83926.63,83958.01
1790857560,83958,83990.02,83908.34,83990.01
1790857620,83990.02,83990.02,83961.7,83966.37
1790857680,83966.38,83972.01,83966.37,83972.01
1790857740,83972.01,83972.01,83906,83912.01
1790857800,83912.01,83926.02,83906.62,83916
1790857860,83916.01,83916.01,83898.45,83908.11
1790857920,83908.11,83912.81,83854.73,83854.73
1790857980,83854.74,83870.01,83840,83870
1790858040,83870.01,83958,83870,83958
1790858100,83957.99,83958,83906,83906
1790858160,83906,83906.01,83890,83890.01
1790858220,83890.01,83890.01,83888,83889.36
1790858280,83889.36,83898.01,83889.35,83898
1790858340,83898,83964.99,83898,83964.99
1790858400,83965,84008.92,83965,84000
1790858460,84000.01,84054.01,84000,84014
1790858520,84014.01,84014.01,83921,83921.01
1790858580,83921.01,83938.01,83921.01,83922.06
1790858640,83922.06,83937.89,83902,83902
1790858700,83902,83902.01,83888,83899.48
1790858760,83899.49,83912.36,83899.49,83912.36
1790858820,83912.35,83930.02,83854.19,83854.2
1790858880,83854.2,83854.2,83823.97,83823.98
1790858940,83823.98,83823.98,83796,83796
1790859000,83796,83800.01,83745.67,83779.91
1790859060,83779.92,83785.52,83765.34,83765.35
1790859120,83765.35,83814.34,83763.71,83806.01
1790859180,83806.01,83806.01,83719.42,83734.51
1790859240,83734,83744,83676,83734.01
1790859300,83734,83764.01,83708,83708
1790859360,83708.01,83762.54,83704.78,83724
1790859420,83724.01,83739.11,83657.02,83739.11
1790859480,83739.1,83757.35,83726,83734.26
1790859540,83734.26,83772.53,83734.25,83736.02
1790859600,83736.02,83744.01,83676,83677.35
1790859660,83677.34,83710.01,83643.01,83710
1790859720,83710,83739.69,83682,83682
1790859780,83682,83688.01,83640.01,83640.01
1790859840,83640,83650.01,83609.37,83609.38
1790859900,83609.37,83630.01,83544.41,83563.33
1790859960,83563.33,83586.01,83535.5,83578
1790860020,83578,83643.93,83564.32,83636
1790860080,83636,83656.01,83620,83620
1790860140,83620.01,83620.01,83557.29,83557.29
1790860200,83557.29,83574.01,83529.1,83529.1
1790860260,83529.1,83549.91,83520,83544.01
1790860320,83544,83589.24,83542.66,83574.01
1790860380,83574.01,83574.01,83518,83518
1790860440,83518.01,83526.01,83502.22,83523.41
1790860500,83523.41,83546.01,83481.5,83504.01
1790860560,83504.01,83522.01,83492.1,83514.01
1790860620,83514.01,83566.01,83514,83566
1790860680,83566,83570.01,83548.13,83548.14
1790860740,83548.13,83570.01,83522,83570.01
1790860800,83570.01,83620.01,83554,83616
1790860860,83616.01,83620.01,83605.74,83607.11
1790860920,83607.1,83607.1,83552,83552.01
1790860980,83552,83558.01,83494,83494
1790861040,83494,83546.53,83477.14,83546.52
1790861100,83546.53,83562.75,83493.38,83493.38
1790861160,83493.38,83495.53,83472.1,83472.1
1790861220,83472.1,83496.29,83400,83496.28
1790861280,83496.29,83548.01,83496.29,83508.87
1790861340,83508.86,83508.87,83476.04,83476.04
1790861400,83476.04,83529.1,83467.33,83488.01
1790861460,83488.01,83549.93,83470.01,83508.01
1790861520,83508.01,83570.64,83464,83570.63
1790861580,83570.63,83732.18,83558.2,83716.44
1790861640,83716.44,83797.83,83643.99,83700
1790861700,83700.01,83764.01,83692.48,83756.64
1790861760,83756.65,83756.65,83700,83700
1790861820,83700,83868.01,83652.01,83866.75
1790861880,83866.75,83966.41,83826,83917.77
1790861940,83917.77,83972.01,83804.7,83806
1790862000,83806.01,83889.5,83770,83781
1790862060,83781.01,83915.16,83768.74,83852
1790862120,83852,83880.01,83789.44,83821.32
1790862180,83821.31,83898,83818,83850.01
1790862240,83850,83941.37,83850,83940.01
1790862300,83940.01,84023.78,83914,83938.35
1790862360,83938.35,83998.01,83886.01,83947.99
1790862420,83948,84016.01,83876.41,83986.01
1790862480,83986,83986.01,83896,83900
1790862540,83900,83916.01,83667,83667
1790862600,83667.01,83816,83667,83774.04
1790862660,83774.03,83827.47,83768.85,83782.63
1790862720,83782.62,83905.47,83762,83884.01
1790862780,83884,83884.01,83840,83866
1790862840,83866.01,83924.3,83857.59,83924.3
1790862900,83924.29,83971.66,83854,83868.01
1790862960,83868.01,83868.01,83798,83836.01
1790863020,83836.01,83886.01,83836,83874
1790863080,83874.01,83914.01,83872,83912
1790863140,83912.01,83958.01,83892.79,83939.67
1790863200,83938.6,83958.01,83776.01,83776.01
1790863260,83776,83776,83694.77,83722.01
1790863320,83722.01,83756.44,83613.8,83728.01
1790863380,83728,83826.01,83716,83725.92
1790863440,83725.93,83778.01,83656,83658
1790863500,83658.01,83674.01,83552.66,83674.01
1790863560,83674.01,83770.01,83662,83750.01
1790863620,83750.01,83866.01,83750.01,83828
1790863680,83828.01,83985,83828.01,83910.6
1790863740,83909.1,84041.13,83880,84040
1790863800,84040.01,84040.01,83940,83960
1790863860,83960,83960.01,83835.46,83845.8
1790863920,83845.79,83880.01,83796.82,83797.24
1790863980,83797.23,83840.01,83750.5,83778.02
1790864040,83778.02,83800,83708.29,83800
1790864100,83800,83862.85,83791.52,83846.07
1790864160,83846.07,83908.95,83818,83879.8
1790864220,83879.8,84028.01,83860,84028.01
1790864280,84028.01,84036.01,83970,83978
1790864340,83978,84040,83890,83972.78
1790864400,83972.77,83992.01,83930,83960
1790864460,83960,84025.27,83914,83914
1790864520,83914.01,83972.01,83849.7,83849.71
1790864580,83849.7,83927.14,83816.48,83922.01
1790864640,83922,84041.22,83916,84033.17
1790864700,84033.17,84070,84020.01,84020.01
1790864760,84020.01,84186.38,83992,84186.37
1790864820,84186.37,84221.72,84144.05,84166
1790864880,84166,84166.01,84032.09,84118
1790864940,84118,84152.01,84110,84120
1790865000,84120,84182.37,84098.27,84169.36
1790865060,84169.35,84208.39,84060.63,84068.68
1790865120,84068.68,84200,84068.67,84132.01
1790865180,84132,84216.86,84124,84124.01
1790865240,84124,84196.01,84072,84196.01
1790865300,84196.01,84227.35,84174.9,84214
1790865360,84213.99,84309.82,84194,84281.25
1790865420,84281.25,84332.01,84228.91,84228.91
1790865480,84228.92,84240.01,84174.98,84216.01
1790865540,84216,84234,84188.16,84188.16
1790865600,84188,84194,84094,84094
1790865660,84094,84094,83995.98,84014
1790865720,84014,84068.38,84002,84032.01
1790865780,84032,84068.14,83998,84060.01
1790865840,84060,84060.01,83994,84020.01
1790865900,84020,84062.01,84012,84062.01
1790865960,84062.01,84070.01,83940,83964
1790866020,83964,83970.01,83900,83900.01
1790866080,83900.01,83900.01,83840.01,83840.01
1790866140,83840,83940.01,83780.28,83915.31
1790866200,83915.3,83931.9,83812.62,83864
1790866260,83864.01,83916.01,83826,83826.01
1790866320,83826,83826.01,83773.56,83782.01
1790866380,83782,83892.01,83782,83876
1790866440,83876,83920.01,83870.01,83920.01
1790866500,83920,83967.78,83883.52,83928.01
1790866560,83928,83960.01,83894.11,83944.22
1790866620,83944.21,83984.01,83910.01,83984
1790866680,83984.01,84091.65,83968,83968.01
1790866740,83968,84052.01,83960,84050.65
1790866800,84050.65,84092.45,84018,84021.11
1790866860,84021.12,84052.01,83986,84001.99
1790866920,84002,84060.01,84001.99,84020.18
1790866980,84020.19,84152.43,84020.18,84113.22
1790867040,84113.22,84567,84108,84156.01
1790867100,84156,84744,84156,84192
1790867160,84192,84192,84073.18,84073.19
1790867220,84073.18,84111.35,84042,84042.01
1790867280,84042.01,84042.01,84018.01,84024
1790867340,84024,84024.01,83890.29,83890.29
1790867400,83890.29,83964,83850,83964
1790867460,83964,84010.01,83922.2,83984.01
1790867520,83984.01,83984.59,83924,83934.01
1790867580,83934.01,84006.55,83934.01,84006.54
1790867640,84006.55,84092.8,84006.54,84092.8
1790867700,84092.79,84116.49,84063.18,84093.98
1790867760,84093.99,84127.72,84071.1,84127.72
1790867820,84127.73,84189.92,84116,84189.92
1790867880,84189.92,84228.44,84180.76,84190.68
1790867940,84190.68,84245.12,84182.2,84234.72
1790868000,84234.72,84248.5,84227.57,84246.96
1790868060,84246.96,84248.86,84222.09,84229.26
1790868120,84229.26,84229.26,84190.34,84206.13
1790868180,84206.13,84220.79,84178,84179.35
1790868240,84179.35,84197.18,84154,84154
1790868300,84154.01,84167.13,84122.63,84132.61
1790868360,84132.6,84160.89,84120.47,84160.89
1790868420,84160.89,84168.97,84160.89,84166.17
1790868480,84166.18,84173.14,84123.92,84130.01
1790868540,84130,84132.08,84094.26,84094.26
1790868600,84094.27,84094.27,84000,84000
1790868660,84000.01,84000.01,83851.52,83855.79
1790868720,83855.78,83956.01,83836.01,83937.61
1790868780,83937.61,83981.11,83880.05,83930.75
1790868840,83930.74,83930.75,83831.99,83860.56
1790868900,83860.56,83872,83846,83858.01
1790868960,83858,83897.7,83857.16,83869.64
1790869020,83869.63,83908.86,83848.62,83908.85
1790869080,83908.85,83967.72,83908,83958.64
1790869140,83958.64,84010.76,83955.87,83955.87
1790869200,83955.87,83989.23,83942.91,83957.93
1790869260,83957.93,83969.15,83912.39,83912.39
1790869320,83912.39,83941.32,83912.39,83929.95
1790869380,83929.94,83936.01,83852.48,83852.49
1790869440,83852.49,83889.44,83838,83889.44
1790869500,83889.44,83956,83889.02,83956
1790869560,83956.01,84000.8,83928.57,83945.25
1790869620,83945.25,84070.01,83930.26,84063.53
1790869680,84063.54,84249.69,84063.54,84249.69
1790869740,84249.84,84308.92,84196.48,84257.67
1790869800,84257.68,84285.54,84188,84188.01
1790869860,84188,84216.01,84140.69,84158.01
1790869920,84158,84172.01,84116.99,84152.01
1790869980,84152.01,84152.01,84103.14,84106
1790870040,84106,84137.5,84106,84126.01
1790870100,84126,84134.8,84107.72,84126
1790870160,84126,84212.01,84108,84146.01
1790870220,84146.01,84196.01,84133.98,84180.01
1790870280,84180.01,84180.01,84106,84106.01
1790870340,84106,84162.66,84106,84162.65
1790870400,84162.66,84196,84145.26,84195.99
1790870460,84195.99,84202.01,84162,84202.01
1790870520,84202.01,84236.92,84202,84236.91
1790870580,84236.91,84252.22,84232.04,84252.21
1790870640,84252.22,84258.01,84220.72,84230.01
1790870700,84230.01,84230.02,84216,84222.73
1790870760,84222.73,84293.56,84216.64,84293.55
1790870820,84293.56,84295.37,84246,84246.01
1790870880,84246,84286.01,84222,84227.34
1790870940,84227.35,84227.35,84152,84176.01
1790871000,84176.01,84232.01,84170,84170
1790871060,84170,84170,84146,84146
1790871120,84146,84254.01,84139.24,84254
1790871180,84254,84302.1,84232,84232.01
1790871240,84232,84317.29,84224.01,84317.29
1790871300,84317.29,84426.24,84317.28,84360
1790871360,84359.99,84382.84,84332,84332.01
1790871420,84332.01,84382.01,84306.01,84369.99
1790871480,84369.98,84369.99,84310.01,84322.01
1790871540,84322.01,84386.01,84294,84356
1790871600,84356.01,84356.01,84324,84340.01
1790871660,84340.01,84346.01,84312,84312.01
1790871720,84312,84341.08,84308,84328.01
1790871780,84328,84328,84268,84302.72
1790871840,84302.72,84356.9,84302.72,84340.02
1790871900,84340.02,84353,84338,84353
1790871960,84352.99,84371.5,84317.01,84317.91
1790872020,84317.9,84317.91,84283.82,84283.83
1790872080,84283.82,84283.83,84265.82,84270.61
1790872140,84270.61,84305.5,84269.93,84305.49
1790872200,84305.49,84350.01,84305.49,84334.01
1790872260,84334.01,84382.75,84334,84382.75
1790872320,84382.74,84418,84382.74,84418
1790872380,84417.99,84481.27,84417.99,84481.26
1790872440,84481.26,84501,84448,84491.4
1790872500,84491.39,84625.98,84491.39,84623.89
1790872560,84623.88,84623.89,84510.01,84510.02
1790872620,84510.01,84510.01,84328.61,84338.01
1790872680,84338,84338.01,84225.14,84240.01
1790872740,84240,84280.01,84208,84218
1790872800,84218.01,84276.01,84211.56,84226
1790872860,84226,84260.01,84218.34,84232.25
1790872920,84232.25,84246.01,84196,84242
1790872980,84242,84330.01,84240.65,84316
1790873040,84316.01,84329.82,84304,84329.81
1790873100,84329.82,84412.01,84329.81,84403.18
1790873160,84403.18,84403.18,84345.91,84358
1790873220,84358.01,84362.01,84338.38,84347.99
1790873280,84347.99,84402.31,84276.14,84276.15
1790873340,84276.14,84300,84245.95,84266.19
1790873400,84266.19,84266.2,84214.42,84219.09
1790873460,84219.08,84219.09,84173.43,84196.19
1790873520,84196.19,84236.01,84176,84236.01
1790873580,84236,84254.01,84211.16,84218.67
1790873640,84218.67,84218.67,84186.68,84186.68
1790873700,84186.67,84186.68,84146.81,84146.81
1790873760,84146.81,84146.82,84064,84102
1790873820,84102.01,84122.01,84102,84122
1790873880,84122,84174.01,84122,84146.01
1790873940,84146,84202.01,84146,84202.01
1790874000,84202,84220.01,84198,84220.01
1790874060,84220.01,84260,84208.01,84260
1790874120,84260.01,84439.94,84260.01,84402
1790874180,84402.01,84468.01,84402,84462.01
1790874240,84462,84484.01,84415.91,84443.7
1790874300,84443.7,84450.01,84410,84436.01
1790874360,84436.01,84486.01,84436.01,84472.96
1790874420,84472.96,84474.01,84428,84428.01
1790874480,84428,84438.01,84408,84412.54
1790874540,84412.54,84412.54,84394,84394.01
1790874600,84394,84434.01,84394,84426
1790874660,84426.01,84460.01,84407.12,84460
1790874720,84460.01,84470.01,84371.5,84430.02
1790874780,84430.02,84444.43,84418,84444.05
1790874840,84444.04,84472.01,84426.01,84432.89
1790874900,84432.9,84496.34,84432.9,84489.87
1790874960,84489.87,84545,84474,84545
1790875020,84544.99,84733.99,84544.99,84700.2
1790875080,84700.19,84728.55,84618.84,84629.85
1790875140,84629.86,84761.82,84629.85,84756.6
1790875200,84756.56,84793,84738.95,84768.29
1790875260,84768.3,84789.88,84721.95,84785.09
1790875320,84785.08,84801.9,84738.34,84748.68
1790875380,84748.69,84756.91,84697.15,84718.46
1790875440,84718.46,84781.04,84678.01,84776.96
1790875500,84776.96,84792.7,84750.72,84778.89
1790875560,84778.9,84840.01,84770.27,84781.99
1790875620,84781.99,84838.54,84767.56,84838.53
1790875680,84838.53,84920,84804.85,84912.88
1790875740,84912.88,84919.19,84863.15,84919.19
1790875800,84919.18,85028.5,84904.16,84978
1790875860,84977.99,84988.33,84876.72,84935.2
1790875920,84934.56,84934.56,84823.87,84868.42
1790875980,84868.42,84888.03,84821.52,84850.53
1790876040,84850.53,84862.66,84772.38,84792.69
1790876100,84792.7,84843.14,84792.69,84793.3
1790876160,84793.29,84873.35,84780.27,84868.19
1790876220,84868.16,84947.13,84824.15,84947.13
1790876280,84947.83,85020.8,84919.23,85020.8
1790876340,85020.8,85033,84960.29,84965.33
1790876400,84965.34,85037.86,84965.33,85000.68
1790876460,85000.68,85046.21,84997.38,85046.2
1790876520,85046.2,85046.21,84992.97,84992.97
1790876580,84992.98,85024.67,84992.97,85011.43
1790876640,85011.43,85055,85000,85054.99
1790876700,85054.99,85055,85026.58,85032
1790876760,85032,85078.85,85012.41,85074.02
1790876820,85074.02,85074.02,85016.98,85043.45
1790876880,85043.44,85048.94,85003.33,85042.53
1790876940,85042.52,85045.6,84998.19,85013.99
1790877000,85013.99,85024.08,84991.32,85021.4
1790877060,85021.4,85037.18,85016.15,85037.18
1790877120,85037.18,85041.26,85037.17,85037.18
1790877180,85037.17,85049,85018.18,85049
1790877240,85049,85049,84863.38,84863.38
1790877300,84863.38,84915.78,84862,84914
1790877360,84914.01,84945.27,84870,84896.01
1790877420,84896,84896,84792.7,84851.65
1790877480,84851.66,84851.66,84812.82,84812.82
1790877540,84812.83,84908.01,84812.82,84908.01
1790877600,84908,84908.01,84779.99,84808.01
1790877660,84808,84847,84781.67,84846.98
1790877720,84846.99,84862.01,84783.82,84783.82
1790877780,84783.82,84783.83,84720,84720.01
1790877840,84720.01,84744.27,84714.61,84720.01
1790877900,84720,84736.11,84700.94,84734.08
1790877960,84734.07,84734.07,84700,84700.05
1790878020,84700.06,84765.99,84692.35,84765.99
1790878080,84765.98,84801.9,84748.43,84765.4
1790878140,84765.4,84883.27,84765.4,84883.26
1790878200,84883.27,84916.44,84849.87,84857.37
1790878260,84857.37,84934.01,84857.37,84934
1790878320,84934.01,84967.64,84934,84953.9
1790878380,84953.9,84989.29,84913.71,84948
1790878440,84948.01,84953.38,84881.46,84881.46
1790878500,84881.47,84904.81,84850,84850.01
1790878560,84850.01,84850.01,84818,84834.03
1790878620,84834.03,84868.53,84834.02,84840.83
1790878680,84840.83,84882.42,84840.82,84871.52
1790878740,84871.51,84871.52,84808.05,84816.53
1790878800,84816.54,84823.46,84816.53,84823.35
1790878860,84823.35,84855.28,84823.35,84840.16
1790878920,84840.16,84840.16,84802.51,84833.81
1790878980,84833.81,84934.01,84827.97,84934
1790879040,84934.01,84947.28,84894.18,84894.19
1790879100,84894.18,84898,84870,84897.99
1790879160,84897.99,84898,84874,84874
1790879220,84874,84880.93,84838,84839.71
1790879280,84839.7,84860.47,84828.48,84829.84
1790879340,84829.85,84842,84802.95,84802.95
1790879400,84802.95,84830.01,84793.44,84830.01
1790879460,84830,84860.06,84820,84856
1790879520,84856,84878.01,84844.21,84870.63
1790879580,84870.63,84870.63,84846.05,84866
1790879640,84866.01,84958.04,84866,84958.04
1790879700,84958.04,85066.01,84934,85066
1790879760,85066,85066.01,85010.37,85026
1790879820,85026,85095.67,84998.84,85095.66
1790879880,85095.66,85260,85095.66,85231.72
1790879940,85231.71,85273.65,85171.23,85178.43
1790880000,85178.44,85178.44,85019.16,85019.17
1790880060,85019.16,85062.3,84988.93,85034
1790880120,85034.01,85085.56,84988.94,84995.15
1790880180,84995.14,84995.15,84908.02,84916.66
1790880240,84916.66,84972.74,84916.65,84972
1790880300,84972.01,84972.01,84948,84960.97
1790880360,84960.96,84960.97,84940,84942.01
1790880420,84942,84942.65,84856,84856.38
1790880480,84856.38,84862.83,84765,84773.88
1790880540,84773.87,84773.87,84725.56,84740.93
1790880600,84740.94,84742.01,84719.9,84734.01
1790880660,84734,84734.83,84728,84734.83
1790880720,84734.82,84734.83,84671.01,84692.01
1790880780,84692,84759.45,84692,84759.45
1790880840,84759.44,84784.01,84759.44,84784
1790880900,84784,84792.7,84780,84785.34
1790880960,84785.33,84794.2,84785.33,84792.69
1790881020,84792.7,84820.61,84792.69,84820.61
1790881080,84820.61,84822.01,84810.46,84813.19
1790881140,84813.18,84820.65,84802.01,84802.02
1790881200,84802.02,84819.99,84794.03,84819.98
1790881260,84819.98,84819.99,84740.91,84740.92
1790881320,84740.92,84748.93,84740.91,84748.92
1790881380,84748.92,84765.87,84733.52,84765.87
1790881440,84766.01,84806.01,84766,84806.01
1790881500,84806.01,84806.02,84799.99,84800
1790881560,84799.99,84818.82,84787,84818.81
1790881620,84818.81,84859.43,84802.08,84824
1790881680,84824.01,84854.01,84798,84854
1790881740,84854,84884.01,84854,84874.69
1790881800,84874.69,84892.01,84874.69,84876.94
1790881860,84876.94,84876.94,84812.81,84814.03
1790881920,84814.02,84814.03,84785.56,84785.56
1790881980,84785.56,84812.01,84785.56,84812
1790882040,84812,84812.01,84792,84800.19
1790882100,84800.18,84820,84787.13,84819.99
1790882160,84819.99,84820,84812.84,84812.84
1790882220,84812.84,84820,84780,84780.01
1790882280,84780,84787.65,84757.06,84787.65
1790882340,84787.65,84802.22,84787.64,84796.03
1790882400,84796.02,84796.02,84746.91,84746.91
1790882460,84746.91,84756.01,84717.68,84741.28
1790882520,84741.27,84741.27,84654.86,84663.29
1790882580,84663.29,84663.3,84620.93,84633.18
1790882640,84633.18,84633.18,84610,84615.44
1790882700,84615.68,84697.2,84615.67,84679.61
1790882760,84679.6,84697.19,84679.6,84682.19
1790882820,84682.19,84682.2,84601,84601
1790882880,84601.01,84632.01,84601,84632
1790882940,84632,84640.01,84605.23,84612.01
1790883000,84612,84641.47,84601,84641.47
1790883060,84642,84724.02,84642,84724.01
1790883120,84724.01,84753.81,84718.86,84753.81
1790883180,84753.8,84766,84746.77,84746.78
1790883240,84746.78,84762,84713.62,84742.01
1790883300,84742,84742.01,84701.26,84714.78
1790883360,84714.78,84721.89,84652.59,84652.59
1790883420,84652.6,84652.6,84632,84632
1790883480,84632,84650.01,84626.03,84642
1790883540,84642,84656.01,84641.71,84650.1
1790883600,84650.11,84668.01,84631.08,84668.01
1790883660,84668,84702.01,84668,84688.61
1790883720,84688.61,84688.61,84649.31,84649.31
1790883780,84649.3,84653.19,84647.79,84653.18
1790883840,84653.18,84663.24,84646,84648.48
1790883900,84648.48,84648.48,84641.03,84644.02
1790883960,84644.01,84652.01,84638.65,84652.01
1790884020,84652.01,84652.01,84644.01,84644.01
1790884080,84644.02,84644.02,84585.83,84585.84
1790884140,84585.83,84625.65,84585.83,84590.44
1790884200,84590.43,84670.48,84590.43,84670.48
1790884260,84670.47,84698.01,84670.47,84698
1790884320,84698,84698,84660.01,84696
1790884380,84696,84696.01,84664.68,84672.37
1790884440,84672.37,84690.97,84644,84648
1790884500,84648,84648.01,84585.81,84592.01
1790884560,84592,84616.01,84592,84616.01
1790884620,84616.01,84650,84616,84646.02
1790884680,84646.01,84687.4,84646,84687.39
1790884740,84687.39,84687.4,84646,84675.36
1790884800,84675.36,84756.01,84675.35,84756
1790884860,84756.01,84777.18,84747.84,84777.18
1790884920,84777.19,84791.03,84776.45,84776.46
1790884980,84776.45,84792.7,84766.69,84782
1790885040,84782,84855.87,84782,84853.51
1790885100,84853.5,84860.05,84815.28,84815.28
1790885160,84815.28,84836.01,84793.53,84836
1790885220,84836.01,84844.01,84790.08,84798.01
1790885280,84798,84800.01,84796.67,84796.67
1790885340,84796.67,84806.01,84789.15,84806
1790885400,84806,84806,84755.11,84767.42
1790885460,84767.41,84792.7,84767.41,84775.67
1790885520,84775.67,84780.27,84772,84772
1790885580,84772,84800,84772,84798.96
1790885640,84798.95,84800,84786,84786.01
1790885700,84786,84792.7,84786,84790
1790885760,84790,84845.05,84776.1,84776.11
1790885820,84776.1,84780.01,84776.1,84780.01
1790885880,84780,84792.7,84777.92,84792.7
1790885940,84792.7,84813.88,84792.69,84800.92
1790886000,84800.91,84819.58,84800.91,84819.58
1790886060,84819.58,84828.01,84819.58,84821.4
1790886120,84821.39,84824.14,84814.09,84824.13
1790886180,84824.14,84832.01,84818.01,84830
1790886240,84830,84832.01,84824.14,84825.4
1790886300,84825.4,84825.4,84825.39,84825.39
1790886360,84825.4,84825.4,84784,84784.01
1790886420,84784.01,84792.7,84784,84792.7
1790886480,84792.7,84792.84,84790.63,84790.63
1790886540,84790.63,84790.63,84766.65,84766.65
1790886600,84766.66,84768.01,84766.65,84768
1790886660,84768.01,84768.01,84758.11,84758.12
1790886720,84758.11,84758.12,84745.55,84745.55
1790886780,84745.55,84749.66,84738.16,84749.65
1790886840,84749.65,84749.66,84749.65,84749.66
1790886900,84749.65,84749.66,84749.65,84749.65
1790886960,84749.66,84749.66,84737.7,84744.24
1790887020,84744.25,84744.25,84703.61,84718.08
1790887080,84718.08,84720,84716.14,84716.15
1790887140,84716.14,84716.14,84687.4,84687.4
1790887200,84687.4,84687.41,84664,84671.09
1790887260,84671.1,84671.1,84633.01,84633.01
1790887320,84633.02,84633.02,84603.43,84605.9
1790887380,84605.9,84610,84605.9,84610
1790887440,84610,84610,84609.99,84609.99
1790887500,84609.99,84610,84563.54,84563.54
1790887560,84563.55,84610,84563.54,84610
1790887620,84609.99,84624.01,84609.99,84624.01
1790887680,84624.01,84624.01,84618.02,84618.02
1790887740,84618.02,84633.93,84598.52,84598.52
1790887800,84598.53,84643.71,84598.52,84643.7
1790887860,84643.7,84665.31,84634.22,84634.22
1790887920,84634.23,84634.23,84634.22,84634.22
1790887980,84634.23,84634.23,84634.22,84634.22
1790888040,84634.23,84647.83,84618,84645.42
1790888100,84645.42,84658,84645.42,84657.99
1790888160,84657.99,84658,84646.17,84646.18
1790888220,84646.18,84646.18,84646.17,84646.18
1790888280,84646.17,84646.18,84634,84634
1790888340,84634,84634.01,84634,84634
1790888400,84634.01,84634.01,84634,84634.01
1790888460,84634,84634.01,84634,84634.01
1790888520,84634.01,84643.44,84634,84639.29
1790888580,84639.29,84639.3,84622.1,84622.1
1790888640,84622.1,84622.11,84620.85,84620.85
1790888700,84620.86,84620.86,84620.85,84620.85
1790888760,84620.86,84658.01,84620.86,84658.01
1790888820,84658,84658.01,84648.48,84648.48
1790888880,84648.48,84648.49,84646.06,84646.06
1790888940,84646.06,84646.07,84632.8,84632.81
1790889000,84632.81,84632.81,84632.8,84632.81
1790889060,84632.8,84634.01,84632.8,84634
1790889120,84634,84634.38,84634,84634.38
1790889180,84634.38,84646.01,84634.38,84642.92
1790889240,84642.92,84642.93,84619.55,84619.56
1790889300,84619.55,84619.56,84584.5,84584.5
1790889360,84584.51,84589.27,84566.02,84589.27
1790889420,84589.74,84624.01,84589.74,84624.01
1790889480,84624.01,84624.01,84604.83,84604.84
1790889540,84604.84,84622.01,84602,84622.01
1790889600,84622.01,84687.4,84622.01,84675.1
1790889660,84675.1,84675.1,84657.99,84657.99
1790889720,84657.99,84658,84633.63,84640.01
1790889780,84640,84640.01,84640,84640
1790889840,84640,84640.01,84616.92,84616.92
1790889900,84616.93,84616.93,84598.51,84598.52
1790889960,84598.51,84605.14,84598.51,84605.14
1790890020,84605.13,84608.01,84603.71,84608.01
1790890080,84608.01,84608.01,84598.51,84598.52
1790890140,84598.52,84598.52,84591.34,84591.35
1790890200,84591.34,84591.35,84571.54,84571.55
1790890260,84571.54,84571.95,84564.32,84571.95
1790890320,84571.94,84614.01,84571.94,84609.95
1790890380,84609.95,84609.95,84557.15,84557.15
1790890440,84557.15,84557.16,84546.84,84548.2
1790890500,84548.21,84560.01,84544.27,84560
1790890560,84560.01,84560.01,84560,84560.01
1790890620,84560,84560.01,84530.9,84530.9
1790890680,84530.9,84535.99,84517.72,84534
1790890740,84534,84534.01,84511.47,84533.12
1790890800,84533.12,84533.12,84507.64,84507.64
1790890860,84507.64,84520,84497.86,84520
1790890920,84519.99,84520,84502.63,84502.63
1790890980,84502.64,84502.64,84493.35,84502.16
1790891040,84502.16,84502.64,84494.07,84494.07
1790891100,84494.06,84498.28,84494.06,84498.28
1790891160,84498.27,84517.56,84498.27,84514.01
1790891220,84514.02,84568.56,84514.01,84568.56
1790891280,84568.56,84568.56,84560.03,84560.04
1790891340,84560.03,84572,84560.03,84572
1790891400,84571.99,84572,84543.38,84543.39
1790891460,84543.38,84543.39,84530.42,84530.43
1790891520,84530.43,84530.43,84520.26,84520.28
1790891580,84520.28,84535.19,84520.27,84535.18
1790891640,84535.19,84550.27,84535.18,84549.35
1790891700,84549.35,84549.36,84549.35,84549.35
1790891760,84549.36,84562.01,84549.35,84562.01
1790891820,84562,84562.01,84524,84539.78
1790891880,84539.79,84552.01,84539.78,84552.01
1790891940,84552,84568,84544.98,84544.99
1790892000,84544.99,84603.96,84537.12,84603.96
1790892060,84603.97,84648.01,84603.97,84648.01
1790892120,84648,84719.51,84648,84708.16
1790892180,84708.15,84719.82,84699.99,84702.03
1790892240,84702.02,84732.43,84675.72,84732.43
1790892300,84732.42,84780,84732.42,84758.1
1790892360,84758.1,84762.69,84742.99,84756.01
1790892420,84756.01,84781.15,84752.61,84752.61
1790892480,84752.61,84752.62,84719.81,84719.82
1790892540,84719.82,84723.37,84693.19,84693.2
1790892600,84693.2,84788.01,84693.19,84788
1790892660,84788,84788.01,84763.33,84770.38
1790892720,84770.01,84782.01,84752,84769.87
1790892780,84769.87,84769.88,84754,84754.01
1790892840,84754.01,84762.01,84748.59,84748.6
1790892900,84748.59,84748.6,84722.92,84726
1790892960,84726.01,84737.38,84725.71,84725.72
1790893020,84725.72,84769.74,84725.71,84769.74
1790893080,84769.74,84769.74,84733.63,84733.64
1790893140,84733.63,84743.56,84728.74,84734.79
1790893200,84734.79,84736.77,84709.18,84709.19
1790893260,84709.19,84750,84709.18,84750
1790893320,84749.99,84751.76,84749.99,84751.76
1790893380,84751.75,84751.76,84711.23,84718.6
1790893440,84718.6,84733.53,84718.6,84733.52
1790893500,84733.53,84736.01,84728.01,84728.02
1790893560,84728.02,84737.56,84728.01,84737.56
1790893620,84737.55,84737.56,84717.59,84717.59
1790893680,84717.59,84717.61,84717.59,84717.61
1790893740,84717.61,84717.61,84702.34,84702.34
1790893800,84702.34,84702.35,84686.4,84695.5
1790893860,84695.49,84710.01,84695.49,84710.01
1790893920,84710,84714.01,84705.36,84705.37
1790893980,84705.36,84708.01,84659.46,84659.47
1790894040,84659.47,84668.4,84659.47,84668.39
1790894100,84668.39,84736.01,84668.39,84736
1790894160,84736,84743.61,84734.4,84734.4
1790894220,84734.41,84758.28,84734.41,84758.27
1790894280,84758.28,84785.07,84758.27,84785.06
1790894340,84785.06,84785.07,84767.4,84767.4
1790894400,84767.4,84767.41,84754,84754
1790894460,84754,84756.01,84754,84756.01
1790894520,84756,84756.01,84740.26,84740.26
1790894580,84740.26,84740.26,84672.74,84684.35
1790894640,84684.36,84697.24,84678.18,84678.18
1790894700,84678.18,84678.19,84656,84656.01
1790894760,84656,84668.01,84653.74,84653.75
1790894820,84653.75,84653.75,84642.66,84642.67
1790894880,84642.67,84643.25,84642.66,84643.25
1790894940,84643.24,84643.25,84643.22,84643.23
1790895000,84643.23,84643.23,84637.59,84637.59
1790895060,84637.59,84637.59,84622.88,84622.88
1790895120,84622.89,84686.36,84622.88,84686.35
1790895180,84686.36,84711.77,84686.36,84711.76
1790895240,84711.76,84753.46,84711.76,84753.46
1790895300,84753.45,84780.01,84753.45,84767.01
1790895360,84767,84767.01,84754.68,84754.68
1790895420,84754.67,84754.68,84734.62,84736
1790895480,84736,84737.6,84736,84737.6
1790895540,84737.59,84749.74,84737.59,84749.73
1790895600,84749.74,84749.74,84682,84682.01
1790895660,84682.01,84692.01,84678,84692.01
1790895720,84692.01,84704.62,84692,84701.57
1790895780,84701.57,84736.01,84701.56,84736.01
1790895840,84736,84736.01,84727.01,84727.01
1790895900,84727.01,84727.02,84691.81,84691.81
1790895960,84691.81,84700.01,84691.81,84695.72
1790896020,84695.72,84713.61,84695.71,84696.38
1790896080,84696.38,84698.01,84693.22,84693.87
1790896140,84693.86,84693.87,84690.14,84692.03
1790896200,84692.04,84692.06,84692.03,84692.03
1790896260,84692.03,84692.04,84682.74,84682.75
1790896320,84682.74,84682.75,84679.35,84679.36
1790896380,84679.36,84679.36,84674,84674.01
1790896440,84674.01,84674.01,84668.12,84668.13
1790896500,84668.13,84668.13,84644.69,84644.7
1790896560,84644.69,84682.01,84644.69,84682
1790896620,84682.01,84695.18,84682,84695.18
1790896680,84695.17,84736.01,84695.17,84736.01
1790896740,84736,84763.59,84736,84763.59
1790896800,84763.58,84763.59,84738,84739.12
1790896860,84739.12,84739.12,84733.23,84733.23
1790896920,84733.23,84755.17,84733.23,84755.17
1790896980,84755.16,84755.17,84755.16,84755.16
1790897040,84755.17,84755.17,84755.16,84755.16
1790897100,84755.16,84755.17,84755.16,84755.16
1790897160,84755.16,84755.17,84755.16,84755.17
1790897220,84755.16,84760,84754,84760
1790897280,84760,84760,84739.74,84739.99
1790897340,84740,84769,84729.98,84729.98
1790897400,84729.99,84729.99,84713.91,84713.92
1790897460,84713.91,84745.71,84703.48,84745.7
1790897520,84745.71,84780,84745.7,84778.05
1790897580,84778.04,84794.01,84778.04,84794.01
1790897640,84794.01,84807.48,84794,84799.37
1790897700,84799.36,84841.06,84799.36,84828.46
1790897760,84828.46,84828.46,84823.83,84823.83
1790897820,84823.83,84823.84,84796,84796
1790897880,84796.01,84825.54,84796,84825.53
1790897940,84825.54,84832.01,84825.54,84830.65
1790898000,84830.65,84830.65,84816.95,84816.96
1790898060,84816.95,84816.96,84810.34,84810.34
1790898120,84810.34,84823.73,84803.9,84823.73
1790898180,84823.73,84847.89,84823.72,84847.89
1790898240,84847.89,84858.57,84838.01,84838.01
1790898300,84838,84838.01,84796,84796
1790898360,84796.01,84796.01,84793.22,84796
1790898420,84796.01,84796.01,84790,84790.01
1790898480,84790,84790.01,84790,84790
1790898540,84790.01,84836.94,84790,84836.94
1790898600,84836.93,84842.83,84833.42,84842.83
1790898660,84842.82,84849.11,84810.35,84849.1
1790898720,84849.11,84849.11,84808,84812.01
1790898780,84812.01,84845.64,84812,84845.63
1790898840,84845.63,84845.63,84807.22,84837.25
1790898900,84837.24,84841.67,84837.24,84841.67
1790898960,84841.67,84849.11,84841.66,84849.1
1790899020,84849.11,84858.03,84849.1,84858.02
1790899080,84858.03,84893.86,84858.03,84882.01
1790899140,84882,84900,84880.04,84880.05
1790899200,84880.05,84880.05,84816.01,84816.07
1790899260,84816.07,84836.47,84808.76,84831.19
1790899320,84831.19,84831.19,84810.54,84810.54
1790899380,84810.55,84810.55,84792.7,84792.7
1790899440,84792.7,84792.71,84772.21,84772.22
1790899500,84772.21,84816.01,84772.21,84816
1790899560,84816.01,84818.01,84816,84816
1790899620,84816.01,84838.89,84809.36,84809.36
1790899680,84809.36,84809.37,84780,84780
1790899740,84780.01,84796.01,84780,84794.35
1790899800,84794.35,84836.68,84794.35,84836.68
1790899860,84836.67,84843.56,84824.16,84824.16
1790899920,84824.16,84833.85,84816,84833.85
1790899980,84833.85,84917.24,84833.84,84903
1790900040,84903.01,84920.01,84888.52,84888.53
1790900100,84888.52,84936.81,84860.71,84936.8
1790900160,84936.81,84958.48,84834.48,84850.01
1790900220,84850.01,84913.9,84850.01,84902.01
1790900280,84902.01,84938.81,84898,84936.01
1790900340,84936.01,84940,84936.01,84939.98
1790900400,84939.98,84939.99,84918,84918.01
1790900460,84918,84926.01,84864.53,84869.01
1790900520,84869,84869.01,84847.43,84847.44
1790900580,84847.44,84898,84847.43,84898
1790900640,84898,84898,84892,84892
1790900700,84892.01,84892.01,84845.83,84856
1790900760,84856,84863.87,84820.34,84834
1790900820,84834.01,84840.41,84804,84821.21
1790900880,84821.21,84840.41,84821.21,84821.98
1790900940,84821.99,84821.99,84802.02,84802.02
1790901000,84802.02,84802.03,84730.29,84730.29
1790901060,84730.29,84769.64,84730.29,84748.72
1790901120,84748.73,84775.86,84748.72,84762.01
1790901180,84762.01,84765.36,84753.11,84753.14
1790901240,84753.15,84756.01,84730,84756
1790901300,84756.01,84764.01,84754.02,84764
1790901360,84764,84786.01,84764,84773.83
1790901420,84773.83,84773.83,84730,84730
1790901480,84730.01,84730.01,84705.04,84709.51
1790901540,84709.5,84752.35,84709.5,84752.35
1790901600,84752.34,84870.01,84750,84848
1790901660,84848.01,84890.01,84841.65,84846.55
1790901720,84846.55,84862.01,84838.19,84841.08
1790901780,84841.08,84867.84,84841.08,84867.84
1790901840,84867.83,84867.84,84824.15,84824.15
1790901900,84824.15,84824.16,84747.94,84747.94
1790901960,84747.94,84768.01,84723.52,84768.01
1790902020,84768,84787.53,84762.57,84776.01
1790902080,84776.01,84792.7,84776,84792.69
1790902140,84792.7,84792.7,84782.15,84782.16
1790902200,84782.16,84782.16,84782.15,84782.15
1790902260,84782.15,84790.01,84782.14,84782.16
1790902320,84782.16,84786.19,84769.76,84769.76
1790902380,84769.77,84789.77,84769.76,84789.76
1790902440,84789.77,84796.01,84789.76,84796
1790902500,84796.01,84806.01,84769.4,84769.4
1790902560,84769.41,84769.41,84742,84742
1790902620,84742.01,84810.85,84742,84810.85
1790902680,84810.84,84810.85,84802,84802
1790902740,84802.01,84802.01,84772.5,84784.89
1790902800,84784.89,84792.7,84750.55,84750.56
1790902860,84750.56,84764.01,84744,84756.82
1790902920,84756.81,84756.82,84750.56,84750.57
1790902980,84750.56,84750.56,84740.98,84740.98
1790903040,84740.98,84740.99,84733.36,84733.36
1790903100,84732.21,84741.7,84727.95,84741.7
1790903160,84741.7,84741.7,84708.52,84709.88
1790903220,84709.88,84710.01,84709,84709
1790903280,84709.01,84737.22,84709,84720.09
1790903340,84720.09,84720.09,84703,84703
1790903400,84703,84703.01,84692.23,84693.67
1790903460,84693.67,84693.67,84680.06,84687.39
1790903520,84687.4,84693.67,84684.65,84684.65
1790903580,84684.66,84684.66,84670.01,84670.02
1790903640,84670.01,84670.02,84667.64,84667.64
1790903700,84667.65,84667.65,84655.96,84655.97
1790903760,84655.97,84683.58,84655.95,84683.58
1790903820,84683.57,84700.01,84676,84676.01
1790903880,84676,84676.01,84665.26,84665.26
1790903940,84665.26,84665.27,84634,84637.28
1790904000,84637.27,84637.27,84582.1,84582.11
1790904060,84582.1,84582.11,84520,84546.1
1790904120,84546.1,84578.01,84532,84578.01
1790904180,84578.01,84608.01,84578,84599.31
1790904240,84599.31,84640.01,84595.59,84640
1790904300,84640,84658.03,84620.01,84624.93
1790904360,84624.94,84624.94,84584,84606.01
1790904420,84606.01,84620.01,84591.41,84591.42
1790904480,84591.41,84594.01,84588,84588.01
1790904540,84588.01,84614.01,84588,84614.01
1790904600,84614,84624.01,84606,84606
1790904660,84606.01,84610,84592,84610
1790904720,84609.99,84620.75,84605.63,84605.64
1790904780,84605.64,84628.01,84605.63,84628.01
1790904840,84628,84650,84600,84600.01
1790904900,84600.01,84610.01,84588,84608.01
1790904960,84608.01,84620,84589.37,84611.02
1790905020,84611.03,84650,84611.03,84625.44
1790905080,84625.44,84628.01,84625.44,84628.01
1790905140,84628.01,84628.01,84611.02,84611.02
1790905200,84611.03,84611.03,84606,84608
1790905260,84608.01,84608.01,84594.56,84594.57
1790905320,84594.57,84606.01,84586,84586
1790905380,84586,84586.01,84584.02,84584.03
1790905440,84584.03,84584.03,84578,84578.01
1790905500,84578.01,84592.01,84577.14,84580.01
1790905560,84580,84625.44,84580,84625.44
1790905620,84625.43,84650,84625.43,84650
1790905680,84650,84671.43,84649.99,84671.42
1790905740,84671.42,84671.43,84666.72,84666.72
1790905800,84666.73,84726.01,84661.33,84726
1790905860,84726.01,84868.08,84726.01,84864
1790905920,84864,84908,84856,84876.01
1790905980,84876.01,84986.39,84876.01,84956
1790906040,84956,84956.01,84850,84850
1790906100,84850.01,84915.99,84830,84915.99
1790906160,84915.99,84945.16,84912,84912.01
1790906220,84912,84926.01,84912,84916.99
1790906280,84917,84917,84914.97,84916.99
1790906340,84917,84917,84910,84910
1790906400,84910.01,84910.01,84866.51,84902.01
1790906460,84902,84950,84902,84917.49
1790906520,84917.5,84958.01,84917.49,84952.99
1790906580,84953,84967.61,84928.77,84928.77
1790906640,84928.78,85014,84928.77,85013.99
1790906700,85013.99,85045.45,84996,85023.07
1790906760,85023.06,85032.01,85002,85010.01
1790906820,85010,85014.01,84984.31,84984.32
1790906880,84984.31,85076.01,84984.31,85076
1790906940,85076,85109,85067.35,85102.12
1790907000,85102.11,85108.6,85094.35,85094.35
1790907060,85094.35,85094.36,85032,85032
1790907120,85032.01,85038.01,85018,85038.01
1790907180,85038,85082,85038,85082
1790907240,85082,85099.74,85081.99,85086.02
1790907300,85086.02,85086.02,85052.44,85070.01
1790907360,85070,85074.01,85023.8,85025.18
1790907420,85025.17,85042.8,85004.08,85004.08
1790907480,85004.08,85004.08,84944,84944
1790907540,84944.01,85013.63,84944,84995.24
1790907600,84995.24,84995.25,84942.66,84942.67
1790907660,84942.66,84942.67,84913,84913
1790907720,84913,84913.01,84876.61,84876.62
1790907780,84876.62,84957.1,84876.62,84957.09
1790907840,84957.1,84957.1,84876.77,84876.78
1790907900,84876.77,84918.01,84876,84912
1790907960,84912,84950.01,84911.15,84948.64
1790908020,84948.65,84950.01,84934,84934.01
1790908080,84934,84944.01,84926.42,84926.42
1790908140,84926.42,84934.01,84926.42,84934.01
1790908200,84934,84944,84908.01,84908.03
1790908260,84908.03,84914.01,84890,84898.01
1790908320,84898,84898,84868,84887.5
1790908380,84887.51,84950.97,84887.51,84950.97
1790908440,84950.97,84966,84920,84920
1790908500,84920.01,84946.8,84916,84946.8
1790908560,84946.79,84952.01,84938,84952.01
1790908620,84952.01,84962.01,84934.65,84934.66
1790908680,84934.66,84934.66,84912.89,84912.9
1790908740,84912.9,84912.9,84902.04,84906.01
1790908800,84906,84906.01,84888,84888.01
1790908860,84888.01,84916.01,84888,84916.01
1790908920,84916,84929.25,84916,84929.25
1790908980,84929.24,84979.13,84929.24,84979.13
1790909040,84979.13,84988.01,84979.12,84988.01
1790909100,84988.01,85000,84988,84999.99
1790909160,85000,85020.52,84999.99,85020.52
1790909220,85020.52,85054,85020.51,85054
1790909280,85054,85059.7,85054,85056
1790909340,85056.01,85141.33,85056,85132.01
1790909400,85132.2,85151,85106,85108.6
1790909460,85108.59,85108.6,85051,85051.01
1790909520,85051,85108.6,85051,85106.93
1790909580,85106.93,85106.93,85066.89,85076
1790909640,85076,85096.01,85076,85091.9
1790909700,85091.91,85155.54,85091.91,85155.54
1790909760,85155.54,85169,85155.53,85168.99
1790909820,85168.99,85169,85168.99,85169
1790909880,85168.99,85189.97,85168.99,85180
1790909940,85180.01,85188,85180,85188
1790910000,85187.99,85250.21,85187.99,85228.61
1790910060,85228.6,85446.45,85228.6,85423.66
1790910120,85423.66,85511,85423.66,85459.98
1790910180,85459.98,85485.4,85411.84,85411.85
1790910240,85411.84,85411.85,85324.7,85391.06
1790910300,85391.07,85460.96,85382,85382.01
1790910360,85382,85386.63,85288.52,85288.53
1790910420,85288.53,85288.53,85276.4,85284
1790910480,85284,85284,85230.76,85235.37
1790910540,85235.37,85270.01,85200.21,85200.21
1790910600,85200.22,85271.33,85200.21,85271.33
1790910660,85271.32,85284.01,85271.32,85282.02
1790910720,85282.02,85282.02,85216,85216.01
1790910780,85216,85417.75,85216,85410
1790910840,85410,85410,85306,85306
1790910900,85306.01,85335.38,85302.56,85319.2
1790910960,85319.19,85326.01,85302.81,85302.81
1790911020,85302.81,85302.82,85254,85254
1790911080,85254.01,85262.41,85245.99,85246.01
1790911140,85246.01,85246.01,85228.86,85228.86
1790911200,85228.87,85228.87,85212.85,85212.86
1790911260,85212.86,85264.01,85212.85,85228.96
1790911320,85228.96,85250,85214.74,85240
1790911380,85240.01,85240.01,85208.43,85214.01
1790911440,85214,85229.86,85206,85229.86
1790911500,85229.86,85229.86,85226,85226.01
1790911560,85226.01,85229.86,85226,85229.85
1790911620,85229.85,85240.77,85224,85240.76
1790911680,85240.77,85252.01,85240.76,85252.01
1790911740,85252,85280.94,85252,85280.93
1790911800,85280.94,85308.02,85280,85308.01
1790911860,85308.01,85404.54,85308.01,85400.43
1790911920,85400.43,85460,85348,85435.13
1790911980,85435.13,85461.53,85400,85419.05
1790912040,85419.04,85424.5,85384,85406.17
1790912100,85406.17,85462.55,85394,85456.99
1790912160,85457,85457,85367.42,85367.42
1790912220,85367.43,85367.43,85308,85334
1790912280,85334.01,85368.01,85334,85368
1790912340,85368,85421.76,85368,85421.75
1790912400,85421.75,85421.76,85398,85421.76
1790912460,85421.75,85421.76,85386,85386.01
1790912520,85386,85409.23,85382.02,85405.82
1790912580,85405.83,85450,85405.82,85427.65
1790912640,85427.64,85435.1,85416.09,85425.87
1790912700,85425.87,85479.88,85424,85424.66
1790912760,85424.66,85449.97,85408.78,85408.78
1790912820,85408.79,85435,85405,85430.77
1790912880,85430.77,85435,85416.81,85424.5
1790912940,85424.5,85424.5,85394.1,85394.1
1790913000,85394.1,85405.01,85393.26,85395.29
1790913060,85395.29,85395.3,85384.85,85384.86
1790913120,85384.85,85408.59,85384.85,85408.59
1790913180,85408.58,85480.26,85408.58,85480.26
1790913240,85480.25,85519.76,85478.69,85489.6
1790913300,85489.6,85569,85489.6,85538.32
1790913360,85538.32,85557.2,85478.93,85551.71
1790913420,85551.71,85551.71,85499.96,85540.93
1790913480,85540.92,85540.92,85514.64,85536.03
1790913540,85536.02,85536.03,85512.89,85512.9
1790913600,85512.89,85580,85512.89,85580
1790913660,85579.99,85600,85579.99,85600
1790913720,85599.99,85600,85543.6,85592.88
1790913780,85592.88,85600,85592.88,85599.98
1790913840,85599.98,85616,85590.07,85590.08
1790913900,85590.08,85604.02,85523.69,85526.44
1790913960,85526.43,85562.01,85453.36,85453.36
1790914020,85453.37,85501.1,85453.36,85473.25
1790914080,85473.24,85489.23,85467.13,85474.87
1790914140,85474.87,85500.24,85474.87,85500.24
1790914200,85500.24,85542.9,85500.23,85510.33
1790914260,85510.34,85510.34,85496.99,85501.65
1790914320,85501.49,85518.82,85484.22,85518.81
1790914380,85518.82,85518.82,85473.11,85484.74
1790914440,85484.74,85484.74,85454.31,85463.58
1790914500,85463.59,85537.41,85463.58,85537.41
1790914560,85537.41,85600,85537.4,85600
1790914620,85599.99,85609.34,85557.4,85566.74
1790914680,85566.73,85617.3,85564.25,85609.88
1790914740,85609.87,85990.41,85609.87,85903.65
1790914800,85903.65,86380,85885.99,86277.02
1790914860,86277.01,86490.01,86233.24,86333.74
1790914920,86333.73,86400.85,86199.96,86227.26
1790914980,86227.26,86371.76,86207.01,86362.34
1790915040,86362.33,86440.04,86289.4,86393.93
1790915100,86393.93,86620.96,86373.9,86572.79
1790915160,86572.78,86701.25,86525.54,86656.75
1790915220,86656.75,86694.93,86575.98,86672.52
1790915280,86672.52,86741.41,86650.88,86717.25
1790915340,86717.24,86804.78,86683.26,86788.12
1790915400,86788.12,86912.75,86756.73,86818.72
1790915460,86818.71,86882.74,86701.75,86706.78
1790915520,86706.79,86713.5,86607.55,86626.01
1790915580,86626,86638.98,86567.11,86567.11
1790915640,86566.57,86575.71,86514.73,86514.74
1790915700,86514.73,86514.74,86400.99,86400.99
1790915760,86401,86401,86379.87,86394.2
1790915820,86394.2,86498.03,86394.19,86452.19
1790915880,86452.2,86457.41,86411.39,86436.12
1790915940,86436.13,86528.51,86436.13,86527.96
1790916000,86527.97,86633.8,86519.85,86524.01
1790916060,86524.01,86613.63,86492.66,86534.18
1790916120,86534.19,86552.65,86510.72,86527.41
1790916180,86527.41,86546.21,86518,86546.21
1790916240,86546.2,86555.15,86520,86525.32
1790916300,86525.33,86526.73,86459.47,86459.47
1790916360,86459.48,86551.09,86459.47,86538.08
1790916420,86538.09,86598.3,86502.76,86598.3
1790916480,86598.3,86664,86598.3,86646.69
1790916540,86646.69,86712.59,86634.09,86636.55
1790916600,86636.56,86770.33,86636.56,86701.75
1790916660,86701.74,86749.47,86679.55,86693.21
1790916720,86693.2,86719.46,86672.21,86700.58
1790916780,86700.58,86710.03,86633.67,86633.68
1790916840,86633.68,86644.49,86591.01,86591.02
1790916900,86591.02,86678.48,86587.77,86651
1790916960,86650.99,86651,86612.83,86628.62
1790917020,86628.62,86645.88,86608.08,86642.33
1790917080,86642.33,86642.34,86592.71,86592.71
1790917140,86592.72,86675.37,86592.71,86652.12
1790917200,86652.12,86670.36,86606.22,86628.96
1790917260,86628.96,86660.61,86623.85,86651.77
1790917320,86651.76,86651.77,86588.61,86588.61
1790917380,86588.61,86625.96,86588.61,86625.96
1790917440,86625.95,86625.96,86552.22,86552.22
1790917500,86552.23,86552.23,86500,86521.91
1790917560,86521.91,86569.53,86518.84,86562.83
1790917620,86562.83,86593.02,86562.83,86582.09
1790917680,86582.09,86640.61,86582.09,86632.28
1790917740,86632.28,86634.62,86575.14,86575.14
1790917800,86575.14,86628.72,86526.69,86535.72
1790917860,86535.72,86600,86518.2,86599.99
1790917920,86599.99,86624.56,86585.8,86606.37
1790917980,86606.37,86606.38,86561.85,86582.73
1790918040,86582.74,86582.74,86565.01,86576
1790918100,86576.01,86592.01,86576,86579.56
1790918160,86579.55,86579.56,86483.4,86483.44
1790918220,86483.43,86490.71,86438.4,86483.42
1790918280,86483.42,86538.01,86482.78,86499
1790918340,86499,86508.02,86464.61,86493.18
1790918400,86493.18,86521.4,86471.44,86482.98
1790918460,86482.98,86482.98,86415.42,86427.46
1790918520,86427.46,86476.01,86427.46,86476
1790918580,86476,86482.98,86458.09,86458.1
1790918640,86458.09,86458.1,86383.03,86383.03
1790918700,86383.03,86391.43,86306.17,86306.17
1790918760,86306.18,86355.89,86288.59,86320.01
1790918820,86320,86368.31,86320,86354.44
1790918880,86354.45,86388.48,86323.04,86336.62
1790918940,86336.62,86346.53,86311.85,86346.52
1790919000,86346.52,86364.01,86309.95,86356.52
1790919060,86356.51,86396.01,86328.46,86396.01
1790919120,86396,86396.01,86372.38,86376
1790919180,86376,86376.01,86292.69,86306
1790919240,86306,86312.59,86288.59,86298.15
1790919300,86298.15,86298.16,86241.78,86252
1790919360,86252,86252.01,86180.1,86182.07
1790919420,86182.07,86182.08,86014.59,86072.07
1790919480,86072.06,86072.07,85946,85949.1
1790919540,85949.1,85990,85910,85920.37
1790919600,85920.36,85981.32,85893.27,85961.53
1790919660,85961.53,86080.68,85961.53,86079.75
1790919720,86079.76,86126.01,86072.02,86126
1790919780,86126,86135.55,86116.93,86135.55
1790919840,86135.54,86146,86131.91,86137.34
1790919900,86137.34,86169.78,86090,86090
1790919960,86090.01,86110.95,86090,86097.66
1790920020,86097.67,86097.67,86060.57,86060.58
1790920080,86060.58,86118.12,86060.57,86102.88
1790920140,86102.89,86102.89,86084,86084.01
1790920200,86084.01,86095.4,86084,86095.33
1790920260,86095.32,86116.01,86095.32,86116
1790920320,86116.01,86116.01,86059.1,86059.11
1790920380,86059.1,86059.11,86006.99,86019.98
1790920440,86019.98,86019.99,85966.01,85978.01
1790920500,85978.01,86012.91,85978,86002.01
1790920560,86002,86002.01,85982,86000.2
1790920620,86000.21,86000.21,85970.51,85982.93
1790920680,85982.92,86002.01,85969.39,86002.01
1790920740,86002,86011.25,86002,86002.01
1790920800,86002.01,86019.11,85957.51,85995.29
1790920860,85995.29,86098.62,85995.29,86098.62
1790920920,86098.62,86098.62,86050.01,86054.76
1790920980,86054.76,86070.01,86023.48,86039.97
1790921040,86039.96,86058.01,86032.52,86040
1790921100,86040,86066.11,86026.66,86026.67
1790921160,86026.66,86060.01,85992.13,85992.13
1790921220,85992.13,85992.14,85927.7,85945.2
1790921280,85945.2,85945.2,85875.32,85890.01
1790921340,85890.01,85910,85880.24,85896.03
1790921400,85896.03,86024.01,85876.18,86024.01
1790921460,86024.01,86072.01,85996.05,85999.81
1790921520,85999.82,86008.01,85961.08,85966.04
1790921580,85966.03,85988,85966.03,85980.01
1790921640,85980.01,85980.02,85902.72,85902.73
1790921700,85902.73,86026.01,85902.72,86004.39
1790921760,86004.39,86052.01,86004.39,86014
1790921820,86014,86030.51,85956.4,86011.39
1790921880,86011.38,86034.01,85992.35,85992.35
1790921940,85992.35,85998.01,85958,85981.99
1790922000,85982,86037.93,85981.99,86037.92
1790922060,86037.93,86052.01,86012.31,86032.35
1790922120,86032.36,86056.02,85980.03,85980.04
1790922180,85980.04,86007.35,85968.01,85996.6
1790922240,85996.61,86026,85985.19,86025.99
1790922300,86026,86030.89,86007.36,86007.37
1790922360,86007.37,86016.62,85984.19,86016.62
1790922420,86016.62,86040.01,86004,86040.01
1790922480,86040,86054.01,86039.39,86054.01
1790922540,86054,86054.01,86025.96,86025.96
1790922600,86025.97,86034.01,86000,86002
1790922660,86002,86004.14,85992,86004.14
1790922720,86004.14,86076.51,86004.13,86067.79
1790922780,86067.79,86080,86067.79,86079.99
1790922840,86079.99,86096.01,86058,86058.01
1790922900,86058,86070.01,85954.01,85954.7
1790922960,85954.69,85980.01,85930.36,85966
1790923020,85966,85970.47,85954.37,85968.55
1790923080,85968.54,85968.55,85934.71,85947.76
1790923140,85947.76,86026.01,85947.76,86026.01
1790923200,86026,86040.01,86002.47,86027.04
1790923260,86027.04,86027.05,86002.47,86005.15
1790923320,86005.15,86005.16,85972.36,85984
1790923380,85984,85990.01,85967.88,85990.01
1790923440,85990,86002.02,85990,86002.01
1790923500,86002,86002.01,85945.64,85950
1790923560,85950.01,85964.01,85950,85964
1790923620,85964.01,85972.01,85958.14,85958.15
1790923680,85958.14,85970,85958.14,85969.99
1790923740,85970,86010,85969.99,86010
1790923800,86010,86054.01,86009.99,86054.01
1790923860,86054.01,86095.98,86048.7,86048.71
1790923920,86048.71,86048.71,85998,85998.01
1790923980,85998.01,86002.21,85994.13,85994.14
1790924040,85994.13,86046.18,85994.13,86046.17
1790924100,86046.18,86083.99,86046.18,86083.98
1790924160,86083.99,86098,86031.39,86031.39
1790924220,86031.39,86031.4,85990,85994.29
1790924280,85994.3,86054.01,85994.13,86023.99
1790924340,86023.99,86023.99,85984.04,85992.95
1790924400,85992.96,85992.96,85932.29,85936.47
1790924460,85936.47,86028,85936.47,85989.32
1790924520,85989.32,85989.32,85900,85926.01
1790924580,85926.01,85996.01,85910,85974.93
1790924640,85974.94,85996.01,85918,85918
1790924700,85918,85962.39,85912,85961.49
1790924760,85961.49,86056.01,85961.49,86056
1790924820,86056,86077.79,86012,86012.01
1790924880,86012.01,86018.01,85980,85980.01
1790924940,85980,85989.89,85966,85989.89
1790925000,85989.88,86004.01,85989.88,85998
1790925060,85998.01,86018.77,85982.48,86018.76
1790925120,86018.76,86018.77,85966,85973.7
1790925180,85973.71,86004.01,85973.7,85996.14
1790925240,85996.15,85996.15,85948.27,85956.67
1790925300,85956.67,85956.67,85932.65,85944.06
1790925360,85944.05,85978.47,85900.01,85900.01
1790925420,85900,85918.01,85896,85916.01
1790925480,85916,85956.14,85916,85956.13
1790925540,85956.13,85965.2,85944,85944
1790925600,85944.01,85944.01,85917.14,85917.15
1790925660,85917.15,85920.01,85900,85920.01
1790925720,85920.01,85960,85920,85957.25
1790925780,85957.24,85957.25,85934,85934.01
1790925840,85934,85954.01,85922.17,85933.07
1790925900,85933.07,85961.14,85933.07,85956.18
1790925960,85956.19,85956.19,85934.03,85956.18
1790926020,85956.19,85979.21,85956.18,85967.61
1790926080,85967.62,85967.62,85949.23,85954.82
1790926140,85954.81,85965.68,85939.06,85956.01
1790926200,85956.01,85956.01,85894.91,85894.92
1790926260,85894.91,85938.01,85894.91,85913.13
1790926320,85913.12,85930.31,85898.24,85901.74
1790926380,85901.75,85914.01,85884.61,85884.61
1790926440,85884.61,85887.14,85858.57,85882.01
1790926500,85882.01,85882.01,85865.99,85865.99
1790926560,85865.99,85878.01,85865,85878.01
1790926620,85878.01,85900,85864,85864
1790926680,85864,85864,85810.51,85813.15
1790926740,85813.14,85826.93,85807.39,85807.4
1790926800,85807.39,85808.01,85786,85786
1790926860,85786,85808,85781,85781
1790926920,85781,85800.01,85781,85799.97
1790926980,85799.97,85816.01,85799.96,85811.62
1790927040,85811.61,85811.62,85767.45,85768.82
1790927100,85768.83,85900,85768.82,85899.99
1790927160,85900,85944.01,85861.04,85861.04
1790927220,85861.05,85861.05,85834,85836.7
1790927280,85836.7,85860,85836.7,85837.82
1790927340,85837.82,85878.01,85837.81,85878.01
1790927400,85878.01,85878.01,85834,85874
1790927460,85874.01,85916.01,85871.08,85915.97
1790927520,85915.97,85925.84,85900.09,85902.01
1790927580,85902,85911.5,85898,85904.01
1790927640,85904.01,86000,85904,86000
1790927700,86000,86055.41,85992,86026.01
1790927760,86026.01,86080,86026,86079.99
1790927820,86080,86144.01,86072.57,86112.01
1790927880,86112.01,86163.5,86044.01,86044.02
1790927940,86044.02,86090,86044.01,86089.65
1790928000,86089.64,86139.69,86062.28,86114.01
1790928060,86114.01,86184.01,86112,86164.16
1790928120,86164.16,86243.6,86164.15,86242.61
1790928180,86242.61,86313.91,86242.6,86313.9
1790928240,86313.91,86339.26,86270,86270.01
1790928300,86270,86270.01,86249,86255.93
1790928360,86255.94,86308.01,86255.94,86274.01
1790928420,86274,86306.14,86258.08,86276.01
1790928480,86276,86292.01,86263.42,86282
1790928540,86282,86297.21,86280,86297.21
1790928600,86297.22,86338.02,86297.22,86334.01
1790928660,86334.01,86342.81,86280,86342.81
1790928720,86342.81,86342.81,86284.2,86284.21
1790928780,86284.21,86321.49,86284.21,86321.49
1790928840,86321.48,86333.01,86320,86320.01
1790928900,86320.01,86349.5,86316,86349.49
1790928960,86349.5,86450.63,86349.49,86425.02
1790929020,86425.02,86629.18,86425.02,86564.37
1790929080,86564.36,86640.61,86474,86485.4
1790929140,86485.4,86501.68,86475.15,86501.66
1790929200,86501.66,86501.67,86456,86482
1790929260,86482.01,86586.01,86470.01,86470.01
1790929320,86470.02,86470.02,86433.24,86440.86
1790929380,86440.85,86440.86,86360,86360
1790929440,86360,86373.03,86360,86373.02
1790929500,86373.03,86388.01,86366,86388.01
1790929560,86388.01,86460.01,86388,86446.01
1790929620,86446,86446.01,86392,86392.01
1790929680,86392,86392.01,86388,86390.63
1790929740,86390.63,86400,86368.27,86400
1790929800,86400,86435.49,86388,86416.76
1790929860,86416.75,86416.76,86386.04,86392
1790929920,86392.01,86392.01,86314.17,86314.18
1790929980,86314.18,86322.01,86300.04,86300.04
1790930040,86300.04,86319.7,86258.1,86310.01
1790930100,86310.01,86315.21,86289.47,86315.2
1790930160,86315.2,86362.01,86315.2,86348.97
1790930220,86348.96,86461.53,86348.96,86461.52
1790930280,86461.52,86474.01,86418.06,86438.36
1790930340,86438.37,86445.89,86436,86436.01
1790930400,86436,86436,86410,86434.01
1790930460,86434.01,86440.01,86397.31,86397.31
1790930520,86397.31,86397.32,86370.68,86370.68
1790930580,86370.68,86370.69,86355.38,86355.38
1790930640,86355.39,86355.39,86323.83,86323.84
1790930700,86323.83,86323.84,86315.84,86315.84
1790930760,86315.85,86344.01,86315.84,86338.01
1790930820,86338.01,86340,86300,86339.99
1790930880,86339.99,86340,86305.1,86306
1790930940,86306.01,86306.01,86305.99,86306
1790931000,86305.99,86306.01,86296.95,86306.01
1790931060,86306.01,86334.96,86298,86298
1790931120,86298.01,86301.93,86283.31,86283.31
1790931180,86283.32,86283.32,86247.74,86279.34
1790931240,86279.34,86279.34,86248.11,86249.99
1790931300,86249.99,86322.01,86249.96,86322.01
1790931360,86322,86322.01,86308,86308.01
1790931420,86308.01,86308.01,86263.74,86263.74
1790931480,86263.75,86263.75,86254,86254.01
1790931540,86254,86254,86197,86236
1790931600,86236.01,86255,86236,86243.39
1790931660,86243.38,86243.39,86207.14,86211.99
1790931720,86211.99,86211.99,86185.91,86187.97
1790931780,86187.98,86187.98,86162.13,86162.14
1790931840,86162.13,86185.74,86138,86184.63
1790931900,86184.63,86251.52,86184.63,86230.26
1790931960,86230.25,86237.66,86200,86200
1790932020,86200.01,86222.01,86200,86220.48
1790932080,86220.48,86220.48,86149.4,86150.59
1790932140,86150.59,86179.82,86150.58,86179.82
1790932200,86179.81,86215.07,86169.69,86183.83
1790932260,86183.83,86193.52,86165.6,86184.94
1790932320,86184.94,86200,86176.02,86192.21
1790932380,86192.21,86233,86185.53,86230.54
1790932440,86230.55,86248.4,86179.8,86194.03
1790932500,86194.02,86224.01,86179.32,86188.01
1790932560,86188.01,86233.52,86172.14,86197.39
1790932620,86197.38,86240,86170.02,86228.01
1790932680,86228.01,86228.01,86165.2,86186.01
1790932740,86186.01,86221.01,86169.6,86196.01
1790932800,86196.01,86226.01,86174.54,86185.85
1790932860,86185.85,86230.23,86170.12,86192.01
1790932920,86192.01,86194.77,86149.8,86168.51
1790932980,86168.51,86186.39,86124.14,86139.31
1790933040,86139.31,86164.01,86120.96,86146.95
1790933100,86146.94,86166.01,86132.51,86153.92
1790933160,86153.93,86153.93,86140,86140.01
1790933220,86140.01,86140.01,86108,86108.4
1790933280,86108.4,86134,86108.39,86123
1790933340,86123,86209.08,86123,86209.07
1790933400,86209.08,86234.01,86176.36,86234.01
1790933460,86234,86346.81,86216.17,86346.81
1790933520,86346.8,86374.01,86320.18,86358
1790933580,86358,86371.25,86358,86358
1790933640,86358.01,86378.75,86358,86366.93
1790933700,86366.92,86366.93,86309.21,86314.8
1790933760,86314.8,86320.16,86311,86312.01
1790933820,86312.01,86328,86303.62,86303.63
1790933880,86303.62,86369.64,86303.62,86369.63
1790933940,86369.63,86374.08,86369.63,86370.99
1790934000,86371,86396.91,86370.99,86396.58
1790934060,86396.58,86396.59,86368,86368.01
1790934120,86368.01,86408.01,86354.01,86384.01
1790934180,86384.01,86406.57,86366,86369.32
1790934240,86369.32,86369.32,86338.14,86338.14
1790934300,86338.14,86348.01,86332.31,86348
1790934360,86348,86350.01,86297.4,86328.01
1790934420,86328.01,86328.01,86284.66,86284.66
1790934480,86284.66,86340,86284.66,86340
1790934540,86339.99,86402.56,86339.99,86342.42
1790934600,86342.41,86388,86342.41,86385.71
1790934660,86385.71,86397.36,86385.7,86394.59
1790934720,86394.58,86406.84,86389.64,86400.01
1790934780,86400.01,86425.92,86400.01,86425.92
1790934840,86425.92,86430.52,86416,86416.01
1790934900,86416.01,86418.01,86416,86416
1790934960,86416,86432.01,86416,86426
1790935020,86426,86426.01,86389.64,86389.64
1790935080,86389.64,86391.62,86350,86350.02
1790935140,86350.02,86371.83,86350.01,86364.02
1790935200,86364.01,86408.8,86360,86408.79
1790935260,86408.79,86408.8,86376.72,86376.72
1790935320,86376.73,86386.87,86354.53,86354.53
1790935380,86354.54,86369.78,86350.01,86369.77
1790935440,86369.78,86426,86369.77,86422
1790935500,86422,86438.46,86418,86418.01
1790935560,86418,86418.01,86359.12,86359.12
1790935620,86359.12,86423.18,86359.12,86405.72
1790935680,86405.71,86416.01,86405.71,86416.01
1790935740,86416.01,86416.01,86378.38,86378.38
1790935800,86378.38,86378.39,86362.25,86362.26
1790935860,86362.26,86376,86362.01,86373.22
1790935920,86373.22,86373.23,86363.39,86371.04
1790935980,86371.04,86371.04,86346,86346.01
1790936040,86346,86346.01,86322.03,86336.01
1790936100,86336.01,86359.35,86336.01,86359.35
1790936160,86359.35,86387.04,86359.35,86383.6
1790936220,86383.59,86387.99,86304.87,86338.9
1790936280,86338.89,86376.01,86338.89,86359.51
1790936340,86359.5,86359.51,86347.21,86347.22
1790936400,86347.22,86366.01,86347.22,86361.1
1790936460,86361.1,86369.82,86330.25,86348.07
1790936520,86348.06,86348.07,86270.91,86270.92
1790936580,86270.91,86270.92,86242.91,86250
1790936640,86250,86250,86172,86186.97
1790936700,86186.98,86244.01,86177.99,86236.17
1790936760,86236.17,86281.97,86236.16,86281.97
1790936820,86281.96,86326,86268,86326
1790936880,86326.01,86395.85,86326.01,86395.85
1790936940,86395.84,86413.54,86395.84,86409.39
1790937000,86408.18,86408.18,86374.01,86378.65
1790937060,86378.66,86378.66,86359.59,86359.59
1790937120,86359.6,86388.01,86350.78,86388.01
1790937180,86388,86411.79,86388,86411.79
1790937240,86411.79,86466.01,86411.78,86435.79
1790937300,86435.8,86500,86428.58,86499.99
1790937360,86499.99,86499.99,86444.1,86444.1
1790937420,86444.1,86444.11,86372.35,86372.35
1790937480,86372.34,86391.49,86372.34,86391.49
1790937540,86391.5,86409.03,86388.76,86393.72
1790937600,86393.72,86404.24,86390,86404.24
1790937660,86404.24,86469.68,86404.24,86469.68
1790937720,86469.68,86482,86462.61,86475.9
1790937780,86475.9,86493.43,86452.12,86452.13
1790937840,86452.12,86452.13,86418.06,86428.01
1790937900,86428,86428.01,86407.8,86407.81
1790937960,86407.81,86407.81,86400,86400
1790938020,86400,86400.01,86364,86364
1790938080,86364,86364.01,86310,86324
1790938140,86324.01,86324.01,86305.77,86318.01
1790938200,86318.01,86318.01,86296.61,86296.62
1790938260,86296.62,86298.01,86294.01,86298.01
1790938320,86298.01,86298.01,86298,86298.01
1790938380,86298,86298.01,86292,86292
1790938440,86292.01,86358.01,86292,86358.01
1790938500,86358,86395.89,86348,86348
1790938560,86348,86348.01,86322.91,86322.92
1790938620,86322.91,86322.92,86304.75,86304.76
1790938680,86304.75,86304.76,86299.28,86304.76
1790938740,86304.76,86304.76,86297.59,86297.6
1790938800,86297.6,86328.48,86278.83,86278.84
1790938860,86278.84,86320.01,86274,86317.94
1790938920,86317.93,86350.01,86317.93,86348.01
1790938980,86348,86348.01,86324.5,86341.06
1790939040,86341.05,86382.29,86341.05,86382.29
1790939100,86382.28,86395.46,86373.18,86373.18
1790939160,86373.18,86400.01,86373.18,86400
1790939220,86400,86422.01,86400,86422.01
1790939280,86422,86453.64,86405.87,86453.63
1790939340,86453.64,86491.59,86453.63,86491.59
1790939400,86491.58,86500,86471.29,86500
1790939460,86499.99,86500,86499.99,86499.99
1790939520,86500,86500,86467.91,86467.91
1790939580,86467.92,86467.92,86451.56,86456.01
1790939640,86456.01,86458.01,86432.21,86458.01
1790939700,86458,86492.79,86458,86492.79
1790939760,86492.78,86499,86444.1,86444.1
1790939820,86444.1,86478.01,86427.68,86478
1790939880,86478,86478.01,86451.86,86451.86
1790939940,86451.87,86483.23,86451.86,86483.23
1790940000,86483.23,86489.27,86483.22,86489.27
1790940060,86489.27,86500,86473.18,86473.18
1790940120,86473.19,86480.01,86473.18,86480.01
1790940180,86480.01,86480.01,86450,86450.01
1790940240,86450,86456.01,86426,86456
1790940300,86456.01,86465.11,86437.6,86452.15
1790940360,86452.16,86452.16,86452.15,86452.15
1790940420,86452.16,86452.16,86431.33,86431.7
1790940480,86431.7,86431.7,86431.33,86431.34
1790940540,86431.34,86431.34,86431.33,86431.33
1790940600,86431.34,86431.34,86431.33,86431.34
1790940660,86431.33,86529.29,86425.21,86529.29
1790940720,86529.28,86547.85,86493.33,86532.99
1790940780,86532.99,86533,86497.8,86497.81
1790940840,86497.81,86506.85,86490.83,86490.84
1790940900,86490.84,86506.85,86490.83,86495.4
1790940960,86495.39,86522.01,86495.39,86522.01
1790941020,86522,86527.1,86522,86527.1
1790941080,86527.1,86527.1,86501.55,86502
1790941140,86502,86503.43,86497.49,86497.49
1790941200,86497.5,86497.5,86462.58,86462.58
1790941260,86462.58,86490.63,86442.77,86474.01
1790941320,86474.01,86495.36,86474,86495.36
1790941380,86495.36,86509.85,86476,86476.01
1790941440,86476,86498.01,86450.12,86497.53
1790941500,86497.53,86514.85,86480,86514.85
1790941560,86514.85,86521.52,86511.57,86516.72
1790941620,86516.72,86516.73,86490.98,86490.98
1790941680,86490.98,86508.72,86490.98,86494.75
1790941740,86494.75,86496.01,86467.34,86496
1790941800,86496,86507,86496,86507
1790941860,86507,86530.01,86507,86530.01
1790941920,86530.01,86562.5,86530,86543.45
1790941980,86543.44,86543.45,86490.17,86490.17
1790942040,86490.17,86504.01,86490.17,86492.5
1790942100,86492.5,86492.5,86431.59,86431.59
1790942160,86431.01,86454.01,86431,86454.01
1790942220,86454,86467.29,86440.28,86449.99
1790942280,86450,86450,86444.06,86444.07
1790942340,86444.06,86445.04,86424.85,86424.85
1790942400,86424.85,86424.85,86380,86408.01
1790942460,86408.01,86408.01,86340.06,86344.01
1790942520,86344,86344.01,86308,86309.23
1790942580,86309.22,86358.01,86309.22,86323.54
1790942640,86323.55,86378.01,86323.55,86378.01
1790942700,86378,86426.08,86378,86378
1790942760,86378.01,86426.08,86378,86426.07
1790942820,86426.07,86456.01,86426.07,86456.01
1790942880,86456,86460.01,86436.01,86460
1790942940,86460.01,86472.01,86450,86450
1790943000,86450,86476.01,86444.6,86476.01
1790943060,86476.01,86483.2,86466.54,86466.55
1790943120,86466.55,86466.55,86410.41,86426.01
1790943180,86426,86426,86390.17,86410.16
1790943240,86410.15,86412.01,86391.47,86406.03
1790943300,86406.02,86470.01,86398.29,86462.6
1790943360,86462.61,86518.01,86462.6,86498.03
1790943420,86498.02,86538.01,86492.47,86533.21
1790943480,86533.21,86544.01,86525.94,86536
1790943540,86536.01,86583.86,86536,86561.34
1790943600,86561.34,86594.01,86560.4,86594.01
1790943660,86594,86608.01,86592.69,86599.8
1790943720,86599.81,86650,86599.8,86649.99
1790943780,86649.99,86650,86570,86572.01
1790943840,86572,86606.01,86524.56,86561.39
1790943900,86561.39,86662.01,86549.51,86652.06
1790943960,86652.06,86652.08,86598,86635
1790944020,86634.99,86649.46,86617.99,86640
1790944080,86640.01,86640.01,86574,86594.01
1790944140,86594.01,86646.01,86594.01,86616.35
1790944200,86616.35,87000,86536,86951.03
1790944260,86951.04,87220,86748.51,86773.61
1790944320,86773.6,86927.01,86762.34,86859.85
1790944380,86859.85,86862.45,86661.67,86762.52
1790944440,86762.51,86864.26,86655.29,86829.4
1790944500,86829.39,86875.11,86760.12,86817.86
1790944560,86817.86,86999.87,86760.12,86950.44
1790944620,86950.44,86975.4,86911.58,86920.42
1790944680,86920.41,86920.42,86824.56,86824.58
1790944740,86824.57,86860.61,86761.27,86787.06
1790944800,86787.07,86796.14,86691.96,86754.01
1790944860,86754.01,86761.02,86547.66,86572.01
1790944920,86572.01,86628.01,86512,86564
1790944980,86564,86564,86412.04,86444.01
1790945040,86444.01,86565.4,86441.37,86476
1790945100,86476.01,86574.01,86456,86570
1790945160,86570.01,86692.74,86570,86687.23
1790945220,86687.23,86748.86,86640.37,86748.86
1790945280,86748.85,86754.25,86729.14,86730.61
1790945340,86730.61,86769.36,86665.57,86671.14
1790945400,86671.14,86784.71,86631.28,86726.25
1790945460,86726.24,86726.25,86643.26,86680.01
1790945520,86680,86777.98,86680,86746.29
1790945580,86746.29,86766.79,86736,86742.01
1790945640,86742.01,86790.01,86742.01,86790.01
1790945700,86790.01,86876.28,86790.01,86872
1790945760,86872,86900.65,86860,86866.96
1790945820,86866.96,86866.96,86808,86843.86
1790945880,86843.85,86850.01,86836,86846
1790945940,86846,86847.7,86806,86810
1790946000,86810.01,86811.4,86768,86809.75
1790946060,86809.75,86921.54,86809.74,86900.75
1790946120,86900.74,86936.25,86858,86870.51
1790946180,86870.5,86916.75,86858.66,86916.75
1790946240,86916.74,86949.61,86916.74,86917.4
1790946300,86917.4,86941.9,86838,86841.39
1790946360,86841.38,86852.01,86800,86800.01
1790946420,86800.01,86807.57,86756.79,86782.01
1790946480,86782.01,86805.01,86742.95,86742.96
1790946540,86742.95,86775.15,86738.54,86750.49
1790946600,86750.5,86774.26,86750.49,86767.95
1790946660,86767.94,86767.95,86704,86706.93
1790946720,86706.93,86709.75,86672,86696.7
1790946780,86696.7,86696.71,86672,86687.36
1790946840,86687.35,86734.56,86687.35,86692
1790946900,86692.01,86692.01,86630,86676.01
1790946960,86676.01,86727.3,86676,86727.29
1790947020,86727.3,86757.42,86688.13,86691.35
1790947080,86691.36,86708.01,86666.01,86666.02
1790947140,86666.02,86712.01,86664.64,86697.09
1790947200,86697.08,86736,86678.96,86735.99
1790947260,86736,86752,86702.51,86702.51
1790947320,86702.52,86725.87,86682,86717.76
1790947380,86717.76,86717.76,86684,86707.1
1790947440,86707.09,86707.1,86685.11,86694
1790947500,86694,86720,86668.79,86692.01
1790947560,86692,86696.79,86604,86617.99
1790947620,86617.99,86638.01,86600,86629.6
1790947680,86629.6,86674.68,86629.6,86641.9
1790947740,86641.91,86641.91,86606.58,86606.58
1790947800,86606.58,86660.01,86574,86660
1790947860,86660.01,86786.01,86628.9,86784
1790947920,86784.01,86868.01,86784,86841.18
1790947980,86841.18,86872.01,86811.34,86846.01
1790948040,86846.01,86928.01,86811.06,86908
1790948100,86908,87036.22,86906,86968
1790948160,86968,87076.92,86968,87076.92
1790948220,87076.91,87150,87043.64,87053.18
1790948280,87053.17,87149.99,86941.92,86986
1790948340,86986.01,87120.18,86974,87090
1790948400,87090.01,87120,87055.77,87055.77
1790948460,87055.77,87057.18,86942,86966
1790948520,86966,86966,86837.77,86858
1790948580,86858.01,86970.01,86845.83,86877.44
1790948640,86877.44,86928.01,86850.36,86900.31
1790948700,86900.84,86974.01,86900.84,86974.01
1790948760,86974,86996.01,86890,86943.12
1790948820,86943.12,86971.63,86908.42,86942.01
1790948880,86942,86942.01,86720.77,86848.02
1790948940,86848.01,86943.92,86848.01,86864.99
1790949000,86864.99,86870.01,86703.9,86732
1790949060,86732.01,86742.01,86660.09,86660.1
1790949120,86660.1,86752.01,86660.09,86750
1790949180,86750.01,86804.01,86719.52,86802
1790949240,86802.01,86810.01,86672,86672
1790949300,86672,86700.01,86622.83,86696.01
1790949360,86696,86742.01,86620,86620.01
1790949420,86620,86638.01,86465.72,86578.12
1790949480,86578.13,86628.01,86530.92,86628.01
1790949540,86628,86640.01,86562,86565.05
1790949600,86565.06,86584.01,86501,86576
1790949660,86576,86630.72,86504.7,86630.71
1790949720,86630.72,86722.01,86624,86694.01
1790949780,86694,86736.01,86644,86696.66
1790949840,86696.66,86817.53,86696.66,86817.53
1790949900,86817.53,86838.01,86741.89,86741.89
1790949960,86741.89,86744.68,86640,86640
1790950020,86640,86640.01,86522.53,86526.7
1790950080,86526.71,86560,86483.44,86560
1790950140,86560,86632.01,86538.59,86538.59
1790950200,86538.6,86558.01,86418.2,86443.89
1790950260,86443.88,86479.67,86291.75,86350.01
1790950320,86350,86460.94,86332.93,86393.42
1790950380,86393.43,86437.71,86388.95,86430.72
1790950440,86430.72,86430.72,86350,86356
1790950500,86356,86360.16,86283.85,86299.13
1790950560,86299.13,86348.47,86235.36,86324.67
1790950620,86324.67,86438.71,86324.67,86438.71
1790950680,86438.71,86556.94,86438.71,86453.57
1790950740,86453.57,86554.01,86453.57,86536
1790950800,86536,86556,86500.53,86554.05
1790950860,86554.04,86645.83,86538,86645.82
1790950920,86645.82,86645.82,86510.17,86578
1790950980,86577.99,86578,86532,86557.17
1790951040,86557.17,86594.53,86523.15,86523.15
1790951100,86523.15,86523.16,86397.92,86397.93
1790951160,86397.93,86397.93,86322,86322
1790951220,86322,86354.01,86158.18,86180
1790951280,86180,86245.3,86166.49,86219.88
1790951340,86219.88,86219.88,86077.31,86081.86
1790951400,86081.86,86100,86016.77,86085.27
1790951460,86085.26,86146.6,86062.82,86087.25
1790951520,86087.25,86171.59,86020.85,86124.02
1790951580,86124.01,86124.02,85978.13,86054.01
1790951640,86054.01,86058.28,85691.68,85811.65
1790951700,85811.65,85979.77,85793.85,85956.21
1790951760,85956.21,85979.77,85886,85975.88
1790951820,85975.89,85979.77,85780,85786.66
1790951880,85786.67,85954.01,85776.6,85919.26
1790951940,85919.25,85986.01,85919.25,85986
1790952000,85986.01,85989.06,85939.78,85986.63
1790952060,85986.62,86009.57,85931.01,86009.57
1790952120,86009.56,86050.73,86001,86002.01
1790952180,86002.01,86010,85978.21,86003.19
1790952240,86003.2,86003.2,85884,85954
1790952300,85954,85970.01,85883.3,85883.3
1790952360,85883.3,85975.23,85883.3,85967.7
1790952420,85967.7,86037.93,85952.18,86034.01
1790952480,86034.01,86055.47,86031.31,86055.46
1790952540,86055.46,86056,85992,85996.33
1790952600,85996.33,85996.34,85933.35,85942
1790952660,85942.01,85942.01,85850,85875.99
1790952720,85875.99,85876,85705.45,85818
1790952780,85818.01,85846.01,85744.78,85747.89
1790952840,85747.89,85747.9,85523.96,85530.33
1790952900,85530.34,85639.29,85394.44,85628.79
1790952960,85628.78,85693.99,85541.16,85693.98
1790953020,85693.98,85743.81,85675.92,85732.83
1790953080,85732.82,85742.16,85688.57,85691.32
1790953140,85691.32,85712.68,85647.71,85686.93
1790953200,85686.93,85758.81,85672.55,85680.01
1790953260,85680,85710.87,85654.5,85697.13
1790953320,85697.14,85714.01,85600,85610.86
1790953380,85610.1,85639.2,85564,85594.3
1790953440,85594.3,85626.78,85546.94,85575.05
1790953500,85575.06,85599.35,85432.3,85462.75
1790953560,85462.74,85494.01,85431.11,85493.88
1790953620,85493.87,85513.52,85366,85370.86
1790953680,85370.86,85518,85370.02,85516.01
1790953740,85516.02,85572,85456,85528.01
1790953800,85528.02,85610,85515.66,85599.99
1790953860,85600,85624,85549.39,85585.07
1790953920,85585.06,85609.55,85498,85509.71
1790953980,85509.72,85592.01,85487.43,85592.01
1790954040,85592.01,85639.2,85592,85639.2
1790954100,85639.19,85688.03,85566,85566.01
1790954160,85566,85566,85466,85466
1790954220,85466,85538.98,85464.82,85520
1790954280,85520,85605.94,85520,85605.94
1790954340,85605.93,85622.61,85542.46,85544.11
1790954400,85544.1,85573.77,85500,85500.01
1790954460,85500.01,85572.01,85500.01,85534
1790954520,85534.01,85571.64,85492.35,85492.35
1790954580,85492.35,85502,85473,85484.77
1790954640,85484.77,85486.01,85354.27,85376.53
1790954700,85376.52,85394.01,85315.86,85374
1790954760,85374.01,85492.5,85358.01,85492.49
1790954820,85492.49,85550.01,85488,85532
1790954880,85532.01,85550.01,85520.53,85520.53
1790954940,85520.54,85520.54,85446,85484.01
1790955000,85484,85554.46,85459.34,85480.01
1790955060,85480,85544.01,85474.54,85483.3
1790955120,85483.31,85496.01,85414.01,85460.01
1790955180,85460.01,85532.52,85440.04,85522.01
1790955240,85522,85530,85420.44,85424.01
1790955300,85424.01,85526.01,85420.44,85502
1790955360,85502.01,85505.18,85446.01,85474.57
1790955420,85474.58,85510,85404.01,85418
1790955480,85418.01,85454.01,85400,85454
1790955540,85454,85454,85405.26,85428.01
1790955600,85428,85428,85372,85384.01
1790955660,85384,85384.01,85325.96,85375.17
1790955720,85375.17,85440.01,85349.87,85440
1790955780,85440.01,85456.01,85341.49,85341.49
1790955840,85341.49,85354.01,85328.66,85341.49
1790955900,85341.5,85368.01,85324.46,85324.52
1790955960,85324.52,85341.52,85300,85325.44
1790956020,85325.44,85368,85325.43,85363.99
1790956080,85364,85450,85363.99,85396.01
1790956140,85396,85396,85352,85393.81
1790956200,85394,85432,85344.5,85364
1790956260,85364,85442,85364,85420.01
1790956320,85420.01,85420.01,85300.51,85320.72
1790956380,85320.73,85356.01,85296.7,85296.7
1790956440,85296.71,85340.01,85237.35,85258.04
1790956500,85258.04,85258.04,85162.9,85212.01
1790956560,85212.01,85282,85212,85268.01
1790956620,85268.01,85293.34,85268,85274
1790956680,85274.01,85307.53,85270.87,85288.01
1790956740,85288.01,85326.01,85274.01,85326
1790956800,85326,85367.89,85318,85358.02
1790956860,85358.02,85476.01,85358.02,85476.01
1790956920,85476.01,85508,85448,85460.85
1790956980,85460.84,85466.01,85408.96,85418
1790957040,85418.01,85480.17,85386.72,85480.17
1790957100,85480.7,85496.01,85400,85400.01
1790957160,85400,85423.53,85330,85344
1790957220,85344,85372.01,85278,85278
1790957280,85278,85331.83,85239.05,85316.01
1790957340,85316,85316.01,85264,85296.01
1790957400,85296,85311.22,85200,85210
1790957460,85210.01,85230,85142.85,85142.85
1790957520,85142.86,85184.01,85142.85,85151.94
1790957580,85151.94,85252.01,85148,85198
1790957640,85198.01,85232.01,85181.75,85208.01
1790957700,85208.01,85256.01,85200.01,85250.01
1790957760,85250.01,85283.39,85242.01,85283.39
1790957820,85283.39,85304.01,85266,85292
1790957880,85292.01,85339.37,85286,85286.01
1790957940,85286.01,85328.82,85286.01,85308.01
1790958000,85308,85312.71,85270.04,85303.49
1790958060,85303.5,85310.01,85274,85302.67
1790958120,85302.66,85302.67,85210,85241.07
1790958180,85241.07,85241.08,85168,85172
1790958240,85172.01,85202.01,85122,85162.01
1790958300,85162.01,85212.01,85152.07,85152.08
1790958360,85152.07,85190.01,85152.07,85169.38
1790958420,85169.37,85238.01,85164.04,85232
1790958480,85232.01,85232.01,85208,85223.48
1790958540,85223.48,85223.49,85178.69,85178.7
1790958600,85178.69,85230.01,85178.69,85224
1790958660,85224.01,85230.63,85168,85168.01
1790958720,85168.01,85176.01,85150,85172
1790958780,85172.01,85202.01,85172.01,85198.01
1790958840,85198,85238.01,85194,85194
1790958900,85194.01,85228.65,85190.01,85196.01
1790958960,85196,85196.01,85166,85172
1790959020,85172.01,85182.01,85132,85132.01
1790959080,85132,85162.01,85124.7,85127.99
1790959140,85127.99,85143.31,85113.78,85113.78
1790959200,85113.79,85135.95,85112,85124
1790959260,85124.01,85124.01,85064.05,85064.05
1790959320,85064.05,85073.54,85018,85073.54
1790959380,85073.55,85145.83,85073.55,85134.01
1790959440,85134,85192,85134,85192
1790959500,85192,85262,85192,85262
1790959560,85262.01,85296.97,85260,85260
1790959620,85260.01,85268.01,85236.01,85248.01
1790959680,85248.01,85264.01,85228.68,85236
1790959740,85236.01,85284.01,85234,85268.34
1790959800,85268.34,85268.34,85232.01,85256.01
1790959860,85256.01,85296.97,85182,85200.01
1790959920,85200.01,85204.01,85176,85176
1790959980,85176,85196.01,85164.22,85164.23
1790960040,85164.23,85184.01,85164.23,85170
1790960100,85170.01,85194.01,85164.22,85164.23
1790960160,85164.22,85164.22,85094,85132
1790960220,85132,85196.01,85132,85176
1790960280,85176,85196.01,85170,85188
1790960340,85188,85188,85138,85160.01
1790960400,85160,85182,85146.01,85182
1790960460,85182,85258.01,85181.99,85258.01
1790960520,85258,85258,85249.47,85251.33
1790960580,85251.34,85251.34,85226.36,85230.01
1790960640,85230.01,85230.01,85190,85197.81
1790960700,85197.81,85220.01,85189.29,85206.01
1790960760,85206.01,85226.01,85132.28,85132.29
1790960820,85132.28,85144.01,85103.7,85110.01
1790960880,85110,85156.01,85105.36,85105.36
1790960940,85105.36,85114.01,85102.68,85114.01
1790961000,85114,85114.01,85097.87,85097.87
1790961060,85097.87,85097.88,85034,85062.01
1790961120,85062.02,85098.01,85048,85090
1790961180,85090,85090.01,85030.99,85034.7
1790961240,85034.71,85046.01,84914.07,84919.91
1790961300,84919.91,84948.7,84723.7,84735.16
1790961360,84735.16,84874.43,84718.85,84874.42
1790961420,84874.42,84897.99,84811.3,84833.99
1790961480,84834,84903.21,84833.99,84889.5
1790961540,84889.5,84958.65,84889.5,84950.01
1790961600,84950.01,84962.01,84887.44,84929.83
1790961660,84929.84,84931.47,84862.06,84931.47
1790961720,84931.47,84982.01,84931.47,84948.19
1790961780,84948.18,84948.19,84860.88,84867.83
1790961840,84867.84,84867.84,84300,84729.12
1790961900,84729.12,84732.55,84300,84704.34
1790961960,84703.85,84726.42,84653.13,84690.51
1790962020,84690.51,84695.96,84644.56,84676.21
1790962080,84676.21,84709.01,84672,84672.01
1790962140,84672.01,84672.01,84386.78,84584.74
1790962200,84584.75,84700.07,84367.13,84684
1790962260,84682.7,84770.84,84681.02,84690.13
1790962320,84690.13,84775.81,84668.64,84771.19
1790962380,84771.19,84785.5,84747.96,84764.53
1790962440,84764.52,84767.18,84764.52,84767.18
1790962500,84767.17,84767.17,84520.88,84719.77
1790962560,84719.76,84719.77,84684.3,84684.3
1790962620,84684.31,84706.26,84684.3,84696.85
1790962680,84696.85,84696.85,84648.59,84675.66
1790962740,84675.66,84675.66,84419.06,84557.7
1790962800,84557.71,84617.1,84557.7,84615.78
1790962860,84615.78,84631.29,84594.52,84611.67
1790962920,84611.67,84611.67,84497.86,84539.71
1790962980,84539.72,84581.99,84432.68,84581.99
1790963040,84581.99,84630.88,84581.98,84604.22
1790963100,84604.21,84634.61,84584,84584.01
1790963160,84584.01,84625.33,84584,84625.33
1790963220,84625.33,84653.03,84624,84633.08
1790963280,84633.08,84676.96,84633.07,84675.37
1790963340,84675.38,84746.45,84675.37,84744.46
1790963400,84744.45,84797.2,84686,84749.5
1790963460,84749.49,84792.01,84725.51,84792
1790963520,84792,84819.5,84772.27,84782.01
1790963580,84782.01,84805.29,84764.22,84764.23
1790963640,84764.22,84774.87,84750,84774.87
1790963700,84774.86,84774.87,84756,84759.99
1790963760,84759.99,84770.01,84759.99,84765.34
1790963820,84765.34,84790.01,84762.88,84762.9
1790963880,84762.89,84770.01,84753.58,84770
1790963940,84770.01,84818.01,84770,84774.75
1790964000,84774.75,84872.01,84768,84853.91
1790964060,84853.92,84863.63,84810.26,84830.3
1790964120,84830.3,84854.01,84829.51,84854.01
1790964180,84854.01,84870.49,84834.71,84834.71
1790964240,84834.71,84872.01,84817.04,84864.01
1790964300,84864.01,84864.01,84827.9,84827.91
1790964360,84827.91,84856,84808.52,84849.83
1790964420,84849.84,84870.17,84833.26,84854.38
1790964480,84854.66,84854.67,84833.27,84845.11
1790964540,84845.11,84845.12,84796,84796.01
1790964600,84796,84820.01,84796,84811.14
1790964660,84811.13,84836.01,84811.13,84836.01
1790964720,84836,84851.89,84828.26,84828.26
1790964780,84828.26,84868.01,84820,84868.01
1790964840,84868.01,84900,84868,84891.22
1790964900,84891.21,84891.21,84851.89,84851.89
1790964960,84851.9,84851.9,84688,84688.01
1790965020,84688.01,84699.22,84646,84689.96
1790965080,84689.97,84742.63,84663.88,84663.89
1790965140,84663.89,84675.71,84658.68,84668.49
1790965200,84668.5,84687,84626,84639.82
1790965260,84639.82,84654.01,84629.14,84639.28
1790965320,84639.28,84639.28,84605.2,84617.99
1790965380,84617.99,84617.99,84567.08,84577.51
1790965440,84577.51,84601.31,84556.75,84601.3
1790965500,84601.31,84622.01,84583.77,84596.01
1790965560,84596,84596.01,84587.46,84587.47
1790965620,84587.47,84587.47,84570.09,84570.1
1790965680,84570.1,84596.01,84570.09,84596.01
1790965740,84596,84621.24,84596,84621.24
1790965800,84621.25,84636.4,84550,84550
1790965860,84550,84558.25,84539.84,84549.04
1790965920,84549.04,84574.01,84530.71,84572
1790965980,84572,84572.01,84516.66,84520.01
1790966040,84520.01,84534,84520,84521.35
1790966100,84521.36,84521.36,84390,84457.99
1790966160,84458,84500.3,84432,84500.3
1790966220,84500.3,84528.83,84470,84470
1790966280,84470.01,84470.01,84376.44,84379.17
1790966340,84379.18,84379.18,84062.99,84072.35
1790966400,84072.34,84214.74,83944.81,84195.17
1790966460,84195.16,84196.46,83994.98,84046.26
1790966520,84046.27,84120.15,83904.59,84100.82
1790966580,84100.82,84187.48,83932.12,83932.13
1790966640,83932.13,84040.72,83900,84040.72
1790966700,84040.88,84063.03,84000,84037.41
1790966760,84037.4,84073.11,83969.41,84057
1790966820,84056.99,84060.24,83888,83906.09
1790966880,83906.08,83988.13,83906.08,83986.57
1790966940,83986.58,84041.86,83986.58,84009.65
1790967000,84009.65,84042.04,84009.64,84038.01
1790967060,84038.01,84171.45,84028.96,84168.75
1790967120,84168.75,84260.25,84167.38,84248.55
1790967180,84248.55,84249.5,84139.62,84182.19
1790967240,84182.19,84218.57,84176.13,84218.57
1790967300,84218.75,84223.6,84155.53,84185.14
1790967360,84185.13,84185.13,84158,84175.09
1790967420,84175.09,84285.65,84175.08,84244.02
1790967480,84244.02,84296.01,84244.01,84290
1790967540,84290.01,84290.01,84262.01,84262.01
1790967600,84262.01,84300,84256.48,84286
1790967660,84286,84314.66,84285.99,84312
1790967720,84312,84315.44,84238.77,84242.34
1790967780,84242.34,84250.02,84196,84238.26
1790967840,84238.27,84275.18,84238.26,84246.01
1790967900,84246,84274.01,84238.59,84244
1790967960,84244.01,84244.01,84192.01,84202.72
1790968020,84202.73,84202.73,84150,84178.01
1790968080,84178,84183.71,84158.2,84171.95
1790968140,84171.96,84171.96,84116.86,84122.78
1790968200,84122.79,84145.24,84101.74,84115.5
1790968260,84115.5,84145.33,84100,84122.88
1790968320,84122.89,84122.89,84088,84089.84
1790968380,84089.84,84171.58,84082.41,84171.58
1790968440,84171.57,84171.58,84114.39,84129.76
1790968500,84129.76,84167.28,84080.18,84101.01
1790968560,84101.01,84101.01,83975.58,84037.33
1790968620,84037.33,84084.01,83996,84009.64
1790968680,84009.65,84090.01,83990,84090.01
1790968740,84090.01,84102.29,84051.25,84051.26
1790968800,84051.26,84063.99,84004.65,84004.66
1790968860,84004.65,84045,84000,84025.52
1790968920,84025.51,84076.7,84025.51,84070.93
1790968980,84070.94,84076.01,84028,84034.48
1790969040,84034.49,84170.96,84034.48,84170
1790969100,84170.01,84188.01,84118,84122.01
1790969160,84122,84162.74,84122,84126.01
1790969220,84126.01,84161.35,84106.19,84161.35
1790969280,84161.34,84180.01,84153.84,84180.01
1790969340,84180.01,84180.01,84122.23,84141.01
1790969400,84141.01,84188.3,84140.01,84179.84
1790969460,84179.85,84186.55,84168,84176
1790969520,84176,84176,84120,84136
1790969580,84136,84136.01,84101.01,84118.08
1790969640,84118.09,84166.32,84100,84166.32
1790969700,84166.31,84192.91,84166.31,84186
1790969760,84186,84224.01,84186,84204.01
1790969820,84204,84224.01,84204,84224
1790969880,84224,84224,84217,84217
1790969940,84217.01,84217.05,84217,84217.04
1790970000,84217.04,84224.01,84217.04,84224
1790970060,84224,84236.5,84224,84235.01
1790970120,84235.01,84239.76,84137.71,84154.49
1790970180,84154.49,84187.32,84154.49,84170
1790970240,84170.01,84186.01,84170,84186.01
1790970300,84186.01,84228.01,84186.01,84192
1790970360,84192,84234.5,84192,84234.5
1790970420,84234.5,84250,84199.58,84204.13
1790970480,84204.13,84204.14,84161.06,84168.01
1790970540,84168,84212.94,84168,84206.37
1790970600,84206.38,84226.01,84206.37,84206.38
1790970660,84206.39,84238.37,84206.39,84230.01
1790970720,84230,84230.01,84212.28,84224
1790970780,84224,84224.01,84190,84190
1790970840,84190,84226.03,84190,84205.42
1790970900,84205.42,84256.46,84205.42,84248.01
1790970960,84248.01,84248.01,84221.75,84223.35
1790971020,84223.36,84260.01,84223.35,84260.01
1790971080,84260.01,84322.89,84260.01,84308.95
1790971140,84308.95,84354.57,84268.5,84315.28
1790971200,84315.27,84371.06,84315.27,84371.06
1790971260,84371.05,84400.63,84368.98,84400
1790971320,84400,84401.97,84378,84378
1790971380,84378,84378.01,84342,84366.01
1790971440,84366.01,84384.01,84358.76,84384
1790971500,84384.01,84438.32,84384,84438.32
1790971560,84438.32,84474.82,84410.89,84410.89
1790971620,84410.89,84410.9,84384,84398.01
1790971680,84398,84404.01,84363.67,84390.32
1790971740,84390.31,84390.32,84358.76,84361.47
1790971800,84361.47,84364.01,84350,84364.01
1790971860,84364.01,84408,84364.01,84408
1790971920,84408,84421.71,84394.76,84394.77
1790971980,84394.77,84397.98,84358.76,84366
1790972040,84366.01,84378.01,84366,84374.01
1790972100,84374,84386.01,84374,84386
1790972160,84386.01,84386.01,84375.38,84375.39
1790972220,84375.38,84375.39,84373.78,84375.38
1790972280,84375.39,84375.39,84359.94,84368.01
1790972340,84368.01,84393.15,84368.01,84389.39
1790972400,84389.38,84389.38,84373.24,84380
1790972460,84380.01,84380.01,84370.96,84370.97
1790972520,84370.96,84375.55,84357.26,84375.55
1790972580,84375.54,84491.18,84375.54,84491.17
1790972640,84491.17,84528.51,84462,84522
1790972700,84522,84531.99,84488.3,84521.74
1790972760,84521.74,84530.01,84521.74,84528.64
1790972820,84528.64,84528.64,84408,84424.01
1790972880,84424,84424.01,84347.08,84363.27
1790972940,84364.01,84364.01,84348,84348
1790973000,84348,84357.72,84342,84357.72
1790973060,84357.72,84402.76,84356,84402.74
1790973120,84402.75,84428,84402.74,84428
1790973180,84428,84452.62,84427.99,84452.62
1790973240,84452.62,84452.62,84452.61,84452.62
1790973300,84452.61,84452.62,84414,84414.01
1790973360,84414,84429.93,84414,84429.92
1790973420,84429.93,84429.93,84429.92,84429.92
1790973480,84429.92,84435.97,84429.92,84435.96
1790973540,84435.96,84435.97,84434,84434.01
1790973600,84434,84434,84422,84422
1790973660,84422,84422.01,84289.4,84295.98
1790973720,84295.98,84295.98,84280,84282.86
1790973780,84282.86,84282.86,84232.01,84238.01
1790973840,84238.01,84238.01,84233.51,84238.01
1790973900,84238.01,84247.22,84238,84246.23
1790973960,84246.23,84370,84238,84370
1790974020,84370,84396,84358.47,84396
1790974080,84396,84396.01,84364,84364
1790974140,84364,84364.01,84358,84358.01
1790974200,84358.01,84418.02,84358,84418.02
1790974260,84418.02,84456.02,84398,84456.02
1790974320,84456.02,84475.23,84456.02,84475.23
1790974380,84475.23,84475.25,84448,84454.01
1790974440,84454.01,84454.01,84431.67,84431.68
1790974500,84431.68,84434.01,84386,84386
1790974560,84386,84393.99,84386,84393.99
1790974620,84393.99,84393.99,84388,84388
1790974680,84388.01,84448.28,84388.01,84446.95
1790974740,84446.94,84500.47,84434,84459.04
1790974800,84459.04,84482,84442,84482
1790974860,84482,84518.01,84481.99,84518
1790974920,84518.01,84544.46,84518,84524.57
1790974980,84524.56,84524.56,84506.37,84510.78
1790975040,84510.77,84510.78,84510.77,84510.78
1790975100,84510.78,84510.97,84510.77,84510.97
1790975160,84510.97,84516.01,84510.96,84513.38
1790975220,84513.39,84513.39,84494.48,84494.48
1790975280,84494.48,84498.09,84494.48,84498.09
1790975340,84498.08,84512.01,84498.08,84512
1790975400,84512.01,84520.01,84512,84520.01
1790975460,84520,84523.71,84520,84523.71
1790975520,84523.71,84523.71,84523.7,84523.7
1790975580,84523.7,84523.71,84498.08,84498.09
1790975640,84498.08,84498.09,84496,84496
1790975700,84496,84500.84,84496,84500.84
1790975760,84500.84,84500.84,84500.83,84500.83
1790975820,84500.84,84501.78,84500.83,84501.77
1790975880,84501.78,84509.71,84501.77,84509.71
1790975940,84509.71,84509.71,84494.01,84494.01
1790976000,84494.01,84494.01,84494,84494.01
1790976060,84494.01,84494.01,84491.52,84491.53
1790976120,84491.53,84491.53,84479.99,84480
1790976180,84480,84487.99,84479.99,84487.36
1790976240,84487.37,84487.37,84487.36,84487.36
1790976300,84487.37,84491.16,84487.36,84487.37
1790976360,84487.36,84487.37,84431.79,84434.01
1790976420,84434.01,84442.01,84434,84442.01
1790976480,84442.01,84442.02,84434.26,84438.4
1790976540,84438.4,84438.4,84434,84434.01
1790976600,84434,84434.01,84422.01,84422.01
1790976660,84422.01,84429.4,84422.01,84429.4
1790976720,84429.4,84442.01,84429.07,84429.07
1790976780,84429.07,84442.02,84426,84442
1790976840,84442.01,84456.02,84433.98,84433.99
1790976900,84433.99,84456.01,84433.98,84456.01
1790976960,84456.01,84485.47,84456,84485.47
1790977020,84485.46,84512.6,84485.46,84512.59
1790977080,84512.59,84512.59,84494,84510.01
1790977140,84510.01,84544.46,84510,84544.46
1790977200,84544.45,84544.46,84520.57,84529.36
1790977260,84529.36,84544.46,84519.01,84532
1790977320,84532.01,84532.01,84532,84532.01
1790977380,84532,84544.46,84511.16,84511.16
1790977440,84511.16,84520,84511.16,84520
1790977500,84519.99,84532.17,84519.99,84532.16
1790977560,84532.17,84539.59,84532.16,84538
1790977620,84538,84539.94,84535.26,84539.94
1790977680,84539.93,84539.94,84504.98,84504.99
1790977740,84504.98,84515.37,84504.98,84515.36
1790977800,84515.36,84515.37,84500,84505.64
1790977860,84505.64,84523.35,84505.63,84523.35
1790977920,84523.35,84534.01,84523.34,84534.01
1790977980,84534,84537.3,84530.92,84537.3
1790978040,84537.3,84538.72,84513.99,84513.99
1790978100,84514,84523.64,84513.99,84516.01
1790978160,84516.01,84516.01,84516,84516.01
1790978220,84516,84523.99,84516,84523.99
1790978280,84523.99,84523.99,84523.98,84523.99
1790978340,84523.99,84531.85,84523.98,84531.69
1790978400,84531.68,84550,84531.68,84534.29
1790978460,84534.28,84540.01,84534.28,84536
1790978520,84536,84536.01,84476.35,84488.05
1790978580,84488.05,84518.01,84488.05,84512.25
1790978640,84512.25,84512.25,84488,84488.01
1790978700,84488,84488.01,84474.56,84474.57
1790978760,84474.56,84474.57,84460,84460.01
1790978820,84460.01,84496.01,84460,84496
1790978880,84496.01,84496.01,84486,84486
1790978940,84486,84486.01,84486,84486.01
1790979000,84486.01,84486.01,84480,84481.36
1790979060,84481.37,84481.37,84481.36,84481.37
1790979120,84481.37,84523.27,84481.37,84506.43
1790979180,84506.42,84537.45,84494.01,84530
1790979240,84530,84545.91,84530,84545.91
1790979300,84546,84550,84543.01,84543.02
1790979360,84543.01,84543.02,84534.35,84537.06
1790979420,84537.07,84554.01,84537.06,84554.01
1790979480,84554,84554,84541.97,84547.98
1790979540,84547.98,84547.99,84533.99,84546.03
1790979600,84546.03,84546.11,84534.35,84543.56
1790979660,84543.56,84554.36,84543.55,84554
1790979720,84554,84554.01,84554,84554.01
1790979780,84554.01,84554.01,84552.64,84553.9
1790979840,84553.9,84564,84553.89,84563.31
1790979900,84563.32,84567.22,84540,84540.01
1790979960,84540.01,84540.01,84510,84510
1790980020,84510,84510,84484.86,84492.01
1790980080,84492.01,84512.01,84492,84512.01
1790980140,84512.01,84550.01,84512,84525.01
1790980200,84525.02,84525.02,84525.01,84525.01
1790980260,84525.02,84534.99,84525.01,84534.98
1790980320,84534.99,84540,84534.98,84540
1790980380,84540,84540,84539.99,84540
1790980440,84540,84546.01,84539.99,84546.01
1790980500,84546,84546.01,84546,84546.01
1790980560,84546,84552.01,84546,84552
1790980620,84552.01,84558.7,84552,84558.7
1790980680,84558.69,84558.7,84558.69,84558.7
1790980740,84558.7,84558.7,84514.83,84522.78
1790980800,84522.78,84522.78,84500,84500.01
1790980860,84500.01,84508.31,84499.99,84508.3
1790980920,84508.31,84513.3,84508.3,84513.3
1790980980,84513.29,84515,84509.96,84509.97
1790981040,84509.97,84528.64,84509.96,84510
1790981100,84510,84520.01,84492.93,84515.44
1790981160,84515.44,84520,84515.43,84520
1790981220,84519.99,84530,84519.99,84530
1790981280,84529.99,84530,84529.99,84530
1790981340,84530,84548.01,84529.99,84548
1790981400,84548,84548,84527.13,84527.14
1790981460,84527.14,84527.14,84527.13,84527.13
1790981520,84527.14,84557.97,84527.14,84541.27
1790981580,84541.27,84541.27,84525.98,84526
1790981640,84526.01,84533.02,84526,84533.02
1790981700,84533.02,84552.01,84533.02,84552.01
1790981760,84552.01,84552.01,84552,84552.01
1790981820,84552.01,84552.01,84552,84552.01
1790981880,84552.01,84560,84552,84560
1790981940,84559.99,84560,84559.99,84560
1790982000,84559.99,84561.32,84559.99,84561.32
1790982060,84561.32,84562.01,84540,84540.01
1790982120,84540,84542.74,84539.97,84542.74
1790982180,84542.73,84545.45,84542.73,84545.44
1790982240,84545.45,84545.46,84545.44,84545.45
1790982300,84545.46,84545.46,84528,84528.01
1790982360,84528,84528.01,84528,84528.01
1790982420,84528.01,84528.01,84528,84528.01
1790982480,84528,84528.01,84514,84514.01
1790982540,84514,84514.01,84500,84500
1790982600,84500.01,84500.01,84500,84500.01
1790982660,84500,84500.01,84490,84490.01
1790982720,84490,84490.01,84488,84488.01
1790982780,84488,84490.72,84488,84490.71
1790982840,84490.72,84490.72,84490.71,84490.72
1790982900,84490.72,84490.72,84490.71,84490.72
1790982960,84490.72,84492.78,84490.71,84492.54
1790983020,84492.53,84500.01,84492.53,84500.01
1790983080,84500,84502.01,84500,84502.01
1790983140,84502,84502.02,84490.48,84490.49
1790983200,84490.48,84498,84490.48,84497.99
1790983260,84498,84498,84497.99,84497.99
1790983320,84498,84498,84497.99,84498
1790983380,84498,84498,84497.99,84497.99
1790983440,84498,84502.01,84497.99,84502.01
1790983500,84502.01,84508.01,84502,84508
1790983560,84508,84536.01,84508,84536
1790983620,84536.01,84536.01,84536,84536.01
1790983680,84536.01,84550.02,84536,84550.01
1790983740,84550.02,84566.01,84550.01,84566
1790983800,84566.01,84566.01,84562.6,84562.6
1790983860,84562.61,84562.61,84562,84562
1790983920,84562,84562.01,84545.76,84545.76
1790983980,84545.77,84545.77,84519.35,84519.78
1790984040,84519.78,84528,84519.77,84528
1790984100,84528,84545.86,84527.99,84545.86
1790984160,84545.86,84545.86,84526,84526
1790984220,84526.01,84526.01,84526,84526.01
1790984280,84526,84526.01,84526,84526.01
1790984340,84526.01,84527.36,84526,84526.01
1790984400,84526.02,84538.01,84526.02,84538.01
1790984460,84538,84540,84538,84539.99
1790984520,84539.99,84544.01,84539.99,84544.01
1790984580,84544.01,84557.74,84544,84554.01
1790984640,84554.01,84590.01,84554,84579.39
1790984700,84579.39,84579.39,84570.07,84570.07
1790984760,84570.08,84570.08,84568,84568
1790984820,84568,84568.01,84568,84568.01
1790984880,84568.01,84580.01,84568,84575.67
1790984940,84575.68,84588.64,84568,84580.11
1790985000,84580.11,84580.12,84580.1,84580.12
1790985060,84580.11,84580.11,84559.41,84562.01
1790985120,84562,84562.01,84562,84562
1790985180,84562.01,84562.01,84532.01,84538
1790985240,84538,84540,84533.92,84539.99
1790985300,84540,84540,84528.1,84528.1
1790985360,84528.11,84528.11,84528.1,84528.11
1790985420,84528.1,84528.11,84514.02,84515.74
1790985480,84515.73,84518.01,84515.73,84518.01
1790985540,84518.01,84518.01,84518,84518.01
1790985600,84518,84521.09,84518,84521.09
1790985660,84521.08,84521.09,84500.02,84500.02
1790985720,84500.02,84500.03,84500.02,84500.03
1790985780,84500.03,84500.03,84500,84500.01
1790985840,84500.01,84500.01,84466.01,84475.78
1790985900,84475.78,84475.79,84462,84462
1790985960,84462.01,84472.01,84461.33,84471.68
1790986020,84471.68,84471.69,84460.1,84460.11
1790986080,84460.1,84460.11,84458.88,84458.89
1790986140,84458.89,84458.89,84456.67,84456.67
1790986200,84456.67,84507.22,84456.02,84507.22
1790986260,84507.22,84507.22,84488,84488
1790986320,84488.01,84534.27,84488,84534.26
1790986380,84534.26,84534.27,84534.26,84534.26
1790986440,84534.26,84534.26,84509.81,84519.32
1790986500,84519.31,84561.77,84519.31,84552.51
1790986560,84552.52,84556.02,84550,84550.01
1790986620,84550.01,84550.01,84531.67,84531.68
1790986680,84531.67,84547.52,84531.67,84547.52
1790986740,84547.52,84547.52,84536,84536.01
1790986800,84536.01,84545.99,84536,84545.99
1790986860,84545.99,84545.99,84540.26,84540.26
1790986920,84540.27,84540.27,84540.26,84540.27
1790986980,84540.27,84540.27,84540.26,84540.27
1790987040,84540.27,84540.27,84540.26,84540.26
1790987100,84540.27,84540.28,84540.26,84540.27
1790987160,84540.27,84540.27,84540.26,84540.27
1790987220,84540.27,84540.27,84532.32,84538.01
1790987280,84538.01,84561.96,84538,84561.15
1790987340,84561.15,84571.03,84552.04,84558.69
1790987400,84558.68,84585.16,84558.68,84585.16
1790987460,84585.16,84597.15,84585.15,84594.44
1790987520,84594.44,84610,84594.44,84610
1790987580,84610,84617.54,84609.99,84617.54
1790987640,84617.53,84640,84617.53,84629.8
1790987700,84629.79,84629.8,84629.79,84629.8
1790987760,84629.8,84650,84626.11,84649.99
1790987820,84649.99,84650,84643.61,84646.34
1790987880,84646.35,84646.35,84585.73,84605.32
1790987940,84605.32,84624.63,84605.31,84624.63
1790988000,84624.63,84624.63,84605.32,84605.33
1790988060,84605.32,84609.24,84605.32,84606.82
1790988120,84606.82,84614.34,84606.81,84614.33
1790988180,84614.33,84620,84614.33,84620
1790988240,84620,84631.16,84619.99,84630.9
1790988300,84630.9,84630.91,84630.9,84630.9
1790988360,84630.91,84630.91,84630.9,84630.91
1790988420,84630.9,84636.93,84630.9,84636.93
1790988480,84636.93,84636.93,84636.92,84636.92
1790988540,84636.93,84660,84636.92,84660
1790988600,84659.99,84686.28,84659.99,84686.28
1790988660,84686.28,84686.28,84676.03,84676.04
1790988720,84676.04,84676.04,84676.03,84676.04
1790988780,84676.03,84676.04,84676.03,84676.04
1790988840,84676.04,84676.04,84676.03,84676.04
1790988900,84676.04,84676.04,84666,84666.01
1790988960,84666,84666.01,84656.79,84656.8
1790989020,84656.79,84656.8,84656.79,84656.8
1790989080,84656.8,84656.8,84656.79,84656.79
1790989140,84656.8,84660.11,84656.79,84660.11
1790989200,84660.11,84660.11,84646,84646
1790989260,84646,84646.01,84640.28,84640.28
1790989320,84640.29,84640.29,84640.28,84640.29
1790989380,84640.29,84640.29,84631.72,84631.72
1790989440,84631.73,84665.85,84631.72,84652.01
1790989500,84652.01,84652.01,84641.6,84650.32
1790989560,84650.32,84663.94,84650.32,84663.94
1790989620,84663.94,84663.94,84663.93,84663.94
1790989680,84663.93,84683.91,84663.93,84683.91
1790989740,84683.9,84683.91,84683.9,84683.9
1790989800,84683.9,84683.91,84683.9,84683.91
1790989860,84683.9,84688.91,84673.05,84673.05
1790989920,84673.06,84673.06,84673.05,84673.05
1790989980,84673.05,84676.37,84669.28,84669.29
1790990040,84669.28,84669.29,84639.99,84651.8
1790990100,84651.79,84678.74,84651.79,84678.74
1790990160,84678.74,84706.21,84678.74,84698.89
1790990220,84698.89,84720.58,84636,84636.41
1790990280,84636.4,84636.4,84635,84635.01
1790990340,84635.01,84635.01,84635,84635
1790990400,84635.01,84635.01,84625.23,84625.24
1790990460,84625.23,84625.24,84612.61,84612.61
1790990520,84612.62,84612.62,84608.19,84608.19
1790990580,84608.19,84612.73,84608.19,84612.73
1790990640,84612.73,84634.56,84612.73,84619.24
1790990700,84619.23,84619.24,84619.23,84619.23
1790990760,84619.24,84619.24,84619.23,84619.23
1790990820,84619.24,84619.24,84613.23,84613.24
1790990880,84613.24,84614.6,84613.23,84614.59
1790990940,84614.59,84614.6,84614.59,84614.59
1790991000,84614.6,84620.01,84614.6,84620.01
1790991060,84620.01,84649.12,84620,84649.12
1790991120,84649.11,84669.73,84649.11,84656.66
1790991180,84656.66,84656.66,84636.66,84636.67
1790991240,84636.67,84636.67,84636.66,84636.67
1790991300,84636.67,84647.13,84636.66,84647.13
1790991360,84647.13,84652.14,84647.12,84647.12
1790991420,84647.13,84649.49,84647.13,84649.49
1790991480,84649.49,84649.49,84629.99,84629.99
1790991540,84630,84649.33,84629.99,84649.32
1790991600,84649.33,84649.33,84644,84644
1790991660,84644.01,84644.01,84622.85,84622.85
1790991720,84622.86,84635.9,84622.85,84635.89
1790991780,84635.9,84635.9,84627.16,84627.17
1790991840,84627.17,84627.17,84627.16,84627.16
1790991900,84627.17,84627.17,84627.16,84627.16
1790991960,84627.17,84648.83,84627.16,84648.82
1790992020,84648.82,84648.83,84648.82,84648.82
1790992080,84648.83,84648.83,84648.82,84648.83
1790992140,84648.83,84648.83,84642.19,84642.19
1790992200,84642.19,84642.2,84642.19,84642.19
1790992260,84642.19,84642.2,84625.21,84625.22
1790992320,84625.21,84625.22,84617.11,84617.11
1790992380,84617.11,84617.12,84613.98,84613.98
1790992440,84613.99,84613.99,84613.98,84613.99
1790992500,84613.99,84613.99,84613.98,84613.99
1790992560,84613.98,84613.99,84613.98,84613.99
1790992620,84613.99,84613.99,84613.98,84613.98
1790992680,84613.99,84640.01,84613.98,84640
1790992740,84640,84640.01,84640,84640
1790992800,84640.01,84640.01,84640,84640.01
1790992860,84640.01,84640.01,84640,84640.01
1790992920,84640.01,84640.01,84640,84640.01
1790992980,84640.01,84640.01,84640,84640
1790993040,84640,84640.01,84640,84640
1790993100,84640,84640.01,84640,84640.01
1790993160,84640.01,84640.01,84614,84614.01
1790993220,84614,84614.01,84612,84612
1790993280,84612.01,84612.01,84605.32,84605.32
1790993340,84605.33,84605.33,84605.32,84605.32
1790993400,84605.32,84605.33,84605.32,84605.32
1790993460,84605.32,84605.33,84605.32,84605.32
1790993520,84605.32,84612.01,84605.32,84612
1790993580,84612.01,84612.01,84612,84612.01
1790993640,84612.01,84614,84612,84614
1790993700,84614,84627.17,84613.99,84627.16
1790993760,84627.17,84627.17,84627.16,84627.17
1790993820,84627.16,84646.56,84627.16,84646.56
1790993880,84646.56,84658.71,84646.55,84658.71
1790993940,84658.71,84668,84658.7,84668
1790994000,84667.99,84669.06,84667.99,84669.05
1790994060,84669.05,84680.51,84669.05,84680.51
1790994120,84680.5,84680.52,84680.5,84680.52
1790994180,84680.51,84680.52,84654.01,84654.01
1790994240,84654.01,84654.02,84641.59,84641.6
1790994300,84641.6,84641.6,84641.59,84641.59
1790994360,84641.59,84656.01,84641.59,84656.01
1790994420,84656.01,84656.01,84656,84656.01
1790994480,84656,84656.01,84656,84656.01
1790994540,84656.01,84656.01,84641.51,84641.51
1790994600,84641.52,84641.52,84641.51,84641.52
1790994660,84641.51,84641.52,84641.51,84641.52
1790994720,84641.52,84650.01,84641.51,84650.01
1790994780,84650.01,84659.25,84650,84659.24
1790994840,84659.25,84659.25,84659.24,84659.25
1790994900,84659.25,84659.26,84659.24,84659.25
1790994960,84659.26,84663.22,84659.25,84663.22
1790995020,84663.21,84663.22,84663.21,84663.21
1790995080,84663.22,84663.22,84663.21,84663.22
1790995140,84663.21,84663.22,84663.21,84663.21
1790995200,84663.21,84663.22,84663.21,84663.22
1790995260,84663.21,84665.78,84663.21,84665.78
1790995320,84665.78,84701.38,84665.77,84699.99
1790995380,84699.99,84700,84684,84684
1790995440,84684.01,84684.01,84679.03,84679.04
1790995500,84679.03,84679.04,84673.63,84673.65
1790995560,84673.66,84673.66,84650,84650
1790995620,84650.01,84650.01,84650,84650.01
1790995680,84650,84650.01,84650,84650
1790995740,84650,84650.01,84650,84650
1790995800,84650.01,84653.84,84650,84650
1790995860,84650,84650.01,84623.41,84644.85
1790995920,84644.86,84644.86,84633.23,84634.6
1790995980,84634.6,84634.6,84634.59,84634.59
1790996040,84634.59,84634.6,84634.59,84634.59
1790996100,84634.6,84634.6,84634.59,84634.6
1790996160,84634.6,84634.6,84613.99,84614
1790996220,84613.99,84614,84604,84604.01
1790996280,84604,84604.01,84600,84600.01
1790996340,84600,84600.01,84600,84600
1790996400,84600.01,84600.01,84600,84600
1790996460,84600.01,84600.01,84600,84600.01
1790996520,84600.01,84614.01,84600,84614
1790996580,84614.01,84614.01,84614,84614.01
1790996640,84614.01,84614.01,84599.95,84599.95
1790996700,84599.96,84599.96,84564.05,84584.81
1790996760,84584.82,84584.82,84584.81,84584.82
1790996820,84584.82,84584.82,84584.81,84584.81
1790996880,84584.82,84584.82,84569.37,84570.56
1790996940,84570.56,84570.56,84570.55,84570.56
1790997000,84570.55,84570.56,84558,84558.01
1790997060,84558.01,84558.01,84532.77,84532.78
1790997120,84532.78,84532.78,84522.63,84522.64
1790997180,84522.64,84532.64,84522.63,84532.64
1790997240,84532.64,84532.64,84532.63,84532.64
1790997300,84532.64,84580.81,84532.63,84580.81
1790997360,84580.81,84603.11,84580.81,84603.11
1790997420,84603.11,84603.11,84603.1,84603.11
1790997480,84603.11,84603.11,84603.1,84603.1
1790997540,84603.11,84603.11,84589.97,84589.97
1790997600,84589.97,84589.98,84588.7,84588.7
1790997660,84588.7,84588.71,84588.7,84588.71
1790997720,84588.7,84588.7,84570.81,84570.82
1790997780,84570.82,84570.82,84570.81,84570.81
1790997840,84570.82,84578.7,84570.81,84578.69
1790997900,84578.7,84578.7,84578.69,84578.69
1790997960,84578.7,84599.99,84578.69,84599.98
1790998020,84599.99,84599.99,84594,84594.01
1790998080,84594,84594.01,84594,84594.01
1790998140,84594,84594.01,84594,84594.01
1790998200,84594.01,84595.37,84594,84595.36
1790998260,84595.36,84599.44,84595.36,84599.43
1790998320,84599.44,84599.44,84599.43,84599.44
1790998380,84599.43,84609.28,84599.43,84609.28
1790998440,84609.27,84616.01,84609.27,84616.01
1790998500,84616.01,84616.01,84616,84616.01
1790998560,84616.01,84616.01,84616,84616
1790998620,84616.01,84616.01,84616,84616.01
1790998680,84616.01,84616.01,84616,84616
1790998740,84616.01,84625.79,84616,84625.78
1790998800,84625.78,84625.8,84625.78,84625.79
1790998860,84625.8,84625.8,84625.79,84625.79
1790998920,84625.8,84640.01,84625.79,84640.01
1790998980,84640.01,84655.11,84640,84655.1
1790999040,84655.1,84655.4,84655.1,84655.4
1790999100,84655.39,84655.4,84655.39,84655.4
1790999160,84655.39,84655.4,84655.39,84655.39
1790999220,84655.39,84663.56,84655.39,84663.55
1790999280,84663.56,84669.05,84663.55,84664.01
1790999340,84664,84664.01,84664,84664.01
1790999400,84664.01,84664.01,84664,84664
1790999460,84664.01,84664.01,84664,84664
1790999520,84664,84664.01,84664,84664.01
1790999580,84664.01,84664.02,84664.01,84664.02
1790999640,84664.02,84664.02,84664.01,84664.02
1790999700,84664.01,84669.05,84664.01,84669.04
1790999760,84669.05,84670,84669.04,84669.99
1790999820,84670,84698.73,84669.99,84698.72
1790999880,84698.72,84698.73,84698.72,84698.72
1790999940,84698.72,84699.56,84698.72,84699.56
1791000000,84699.56,84699.56,84699.55,84699.55
1791000060,84699.56,84699.56,84699.55,84699.56
1791000120,84699.56,84711.33,84699.55,84711.32
1791000180,84711.32,84722.01,84711.32,84722.01
1791000240,84722.01,84725.04,84722,84725.04
1791000300,84725.03,84725.04,84706.92,84706.92
1791000360,84706.92,84706.92,84700.92,84700.92
1791000420,84700.93,84700.93,84700.92,84700.93
1791000480,84700.92,84700.93,84672.01,84672.01
1791000540,84672.02,84672.02,84664,84664
1791000600,84664.01,84664.01,84664,84664.01
1791000660,84664,84664.01,84664,84664.01
1791000720,84664.01,84664.01,84664,84664.01
1791000780,84664.01,84664.01,84663.63,84663.64
1791000840,84663.63,84663.64,84663.63,84663.64
1791000900,84663.63,84663.64,84653.84,84653.85
1791000960,84653.85,84653.85,84609.22,84609.22
1791001020,84609.23,84609.23,84597.41,84609.07
1791001080,84609.07,84609.07,84609.06,84609.06
1791001140,84609.07,84609.07,84600,84600.01
1791001200,84600,84600,84591.44,84591.44
1791001260,84591.45,84591.45,84591.43,84591.44
1791001320,84591.43,84591.44,84578.76,84578.77
1791001380,84578.77,84578.77,84578.76,84578.76
1791001440,84578.77,84591.44,84578.76,84591.44
1791001500,84591.43,84591.44,84576,84576
1791001560,84576.01,84576.01,84576,84576
1791001620,84576,84576.01,84544.01,84544.02
1791001680,84544.01,84544.02,84544.01,84544.02
1791001740,84544.02,84544.02,84527.99,84528
1791001800,84528,84536.59,84527.99,84536.59
1791001860,84536.59,84544.02,84536.58,84544.02
1791001920,84544.02,84559.87,84544.01,84559.86
1791001980,84559.86,84559.87,84558,84558
1791002040,84558.01,84558.01,84538.38,84538.38
1791002100,84538.38,84538.39,84538.38,84538.39
1791002160,84538.39,84538.39,84536,84536.01
1791002220,84536.01,84536.01,84536,84536.01
1791002280,84536.01,84536.01,84536,84536.01
1791002340,84536.01,84554.01,84536,84554.01
1791002400,84554.01,84554.01,84554,84554
1791002460,84554.01,84554.01,84549.26,84549.27
1791002520,84549.27,84549.27,84525,84525
1791002580,84525,84534.01,84525,84534
1791002640,84534.01,84550.01,84534,84550.01
1791002700,84550.01,84562.01,84550,84562.01
1791002760,84562.01,84569.98,84562,84569.97
1791002820,84569.98,84587.31,84569.98,84587.31
1791002880,84587.3,84595.01,84587.3,84595
1791002940,84595,84606.33,84595,84606.33
1791003000,84606.33,84606.33,84586.02,84586.02
1791003060,84586.03,84586.03,84576,84576.01
1791003120,84576,84588.01,84576,84588
1791003180,84588.01,84588.01,84588,84588.01
1791003240,84588,84588.01,84587.3,84587.31
1791003300,84587.3,84587.3,84587.28,84587.29
1791003360,84587.28,84587.29,84587.28,84587.29
1791003420,84587.28,84587.29,84574.52,84574.53
1791003480,84574.52,84577.24,84574.52,84577.24
1791003540,84577.24,84577.24,84577.23,84577.23
1791003600,84577.23,84577.24,84574.55,84574.56
1791003660,84574.55,84574.56,84557.55,84557.56
1791003720,84557.55,84557.56,84557.55,84557.55
1791003780,84557.56,84557.56,84553.14,84553.14
1791003840,84553.15,84562.01,84553.14,84562.01
1791003900,84562,84572.53,84562,84572.53
1791003960,84572.52,84572.53,84568.87,84568.88
1791004020,84568.87,84568.88,84564.97,84564.97
1791004080,84564.98,84564.98,84564.97,84564.98
1791004140,84564.98,84576.41,84564.97,84576.41
1791004200,84576.41,84584.01,84572.01,84572.02
1791004260,84572.02,84572.02,84572.01,84572.01
1791004320,84572.02,84572.02,84570.19,84570.2
1791004380,84570.19,84570.2,84570.19,84570.19
1791004440,84570.19,84570.2,84570.19,84570.19
1791004500,84570.2,84570.2,84570.19,84570.2
1791004560,84570.2,84570.2,84570.19,84570.2
1791004620,84570.2,84579.59,84570.19,84578.02
1791004680,84578.02,84583.99,84578.01,84583.99
1791004740,84583.99,84587.3,84583.98,84587.3
1791004800,84587.3,84587.3,84587.29,84587.3
1791004860,84587.29,84587.3,84587.29,84587.3
1791004920,84587.3,84610.13,84587.29,84610.13
1791004980,84610.12,84610.13,84610.12,84610.13
1791005040,84610.12,84610.13,84610.12,84610.13
1791005100,84610.13,84610.13,84610.12,84610.12
1791005160,84610.12,84610.13,84610.12,84610.13
1791005220,84610.12,84619.64,84610.12,84619.64
1791005280,84619.64,84619.64,84619.63,84619.64
1791005340,84619.63,84619.64,84619.63,84619.63
1791005400,84619.64,84625.28,84619.63,84625.27
1791005460,84625.28,84634.4,84625.27,84634.4
1791005520,84634.4,84634.41,84634.39,84634.41
1791005580,84634.41,84637.51,84634.4,84637.51
1791005640,84637.51,84637.51,84637.5,84637.51
1791005700,84637.51,84637.51,84637.43,84637.44
1791005760,84637.44,84637.44,84637.43,84637.43
1791005820,84637.43,84637.44,84637.43,84637.44
1791005880,84637.44,84637.44,84637.43,84637.44
1791005940,84637.44,84637.44,84637.43,84637.44
1791006000,84637.44,84637.44,84637.43,84637.43
1791006060,84637.44,84637.44,84637.43,84637.43
1791006120,84637.44,84637.44,84637.43,84637.44
1791006180,84637.44,84637.44,84637.43,84637.43
1791006240,84637.44,84637.44,84637.43,84637.43
1791006300,84637.44,84637.44,84637.43,84637.44
1791006360,84637.43,84637.44,84637.43,84637.44
1791006420,84637.44,84648.01,84637.43,84648.01
1791006480,84648.01,84654.01,84648,84651.47
1791006540,84651.47,84651.47,84651.46,84651.47
1791006600,84651.46,84651.47,84650,84650
1791006660,84650,84650,84646.9,84646.91
1791006720,84646.9,84646.91,84638.38,84638.39
1791006780,84638.38,84638.39,84628.64,84628.65
1791006840,84628.65,84652.01,84627.02,84652.01
1791006900,84652,84652.01,84652,84652
1791006960,84652.01,84652.01,84652,84652.01
1791007020,84652.01,84652.01,84647.96,84647.96
1791007080,84647.97,84647.97,84640.84,84640.84
1791007140,84640.85,84652.1,84636.48,84652.09
1791007200,84652.09,84659.23,84652.09,84659.23
1791007260,84659.23,84674.01,84659.22,84674
1791007320,84674.01,84674.01,84673.78,84673.78
1791007380,84673.78,84673.78,84668.15,84670.07
1791007440,84670.06,84670.07,84649.17,84649.96
1791007500,84649.95,84649.96,84638.01,84638.02
1791007560,84638.02,84644.01,84638.01,84644
1791007620,84644,84644.01,84644,84644
1791007680,84644.01,84656,84644.01,84655.99
1791007740,84655.99,84672.37,84649.8,84649.8
1791007800,84649.81,84649.81,84649.8,84649.8
1791007860,84649.8,84655.52,84649.8,84655.52
1791007920,84655.52,84656.01,84633.69,84638.01
1791007980,84638,84644.01,84630.01,84630.01
1791008040,84630.01,84630.01,84628.37,84628.37
1791008100,84628.37,84634.77,84628.37,84634.77
1791008160,84634.77,84634.77,84634.76,84634.76
1791008220,84634.77,84641.43,84634.76,84641.42
1791008280,84641.43,84655.17,84641.42,84655.17
1791008340,84655.17,84655.17,84655.16,84655.17
1791008400,84655.16,84655.17,84655.16,84655.17
1791008460,84655.16,84655.17,84655.16,84655.16
1791008520,84655.17,84660,84645.55,84645.56
1791008580,84645.56,84645.56,84645.55,84645.55
1791008640,84645.56,84645.56,84645.55,84645.55
1791008700,84645.55,84645.56,84645.55,84645.56
1791008760,84645.56,84664.61,84645.56,84664.6
1791008820,84664.61,84666.01,84664.61,84666.01
1791008880,84666.01,84668.03,84649.54,84649.55
1791008940,84649.54,84649.55,84649.54,84649.55
1791009000,84649.55,84654.43,84649.54,84654.43
1791009060,84654.43,84658.01,84652.01,84652.01
1791009120,84652.02,84660.56,84652.01,84660.55
1791009180,84660.55,84662.78,84660.55,84661.36
1791009240,84661.35,84661.35,84652.01,84652.02
1791009300,84652.02,84656.27,84652.01,84656.26
1791009360,84656.26,84656.26,84628,84638.22
1791009420,84638.22,84656.58,84638.22,84656.57
1791009480,84656.58,84664,84652,84652.01
1791009540,84652.01,84658.01,84652,84658.01
1791009600,84658.01,84659.39,84658.01,84659.39
1791009660,84659.39,84659.39,84659.38,84659.39
1791009720,84659.39,84659.39,84648.21,84648.21
1791009780,84648.21,84648.22,84626.37,84626.38
1791009840,84626.37,84660.01,84626.37,84652.82
1791009900,84652.82,84652.83,84643.22,84644
1791009960,84644.01,84644.01,84628.36,84628.37
1791010020,84628.37,84632.01,84628.37,84632.01
1791010080,84632.01,84632.01,84632,84632
1791010140,84632,84632.01,84568.53,84568.54
1791010200,84568.53,84568.54,84550,84557.84
1791010260,84557.85,84558.69,84557.84,84558.69
1791010320,84558.69,84592.01,84558.68,84592
1791010380,84592.01,84601.53,84588,84591.99
1791010440,84592,84592,84585.97,84585.97
1791010500,84585.98,84585.98,84585.97,84585.98
1791010560,84585.98,84585.98,84573.47,84573.48
1791010620,84573.47,84573.48,84573.47,84573.48
1791010680,84573.48,84573.48,84573.47,84573.48
1791010740,84573.48,84586,84570.01,84586
1791010800,84586.01,84586.01,84586,84586.01
1791010860,84586.01,84586.01,84586,84586
1791010920,84586,84586.01,84586,84586.01
1791010980,84586,84586.01,84586,84586.01
1791011040,84586,84586.01,84572,84574.74
1791011100,84574.75,84589.27,84574.74,84589.27
1791011160,84589.27,84589.27,84589.26,84589.26
1791011220,84589.26,84589.27,84589.26,84589.27
1791011280,84589.27,84589.27,84589.26,84589.27
1791011340,84589.27,84589.27,84589.26,84589.27
1791011400,84589.26,84589.27,84589.26,84589.27
1791011460,84589.27,84589.27,84589.26,84589.27
1791011520,84589.27,84600,84589.26,84600
1791011580,84599.99,84610,84599.99,84609.99
1791011640,84610,84610,84587.98,84587.99
1791011700,84587.99,84602.01,84587.98,84602
1791011760,84602,84610,84596,84602.01
1791011820,84602.01,84602.01,84602,84602
1791011880,84602.01,84610,84599.52,84599.52
1791011940,84599.52,84603.45,84591.7,84603.45
1791012000,84603.45,84603.45,84587.42,84587.43
1791012060,84587.43,84603.45,84572.07,84578.01
1791012120,84578,84586.01,84578,84586
1791012180,84586.01,84588,84586,84588
1791012240,84588,84597.08,84587.99,84597.08
1791012300,84597.08,84610,84597.07,84610
1791012360,84609.99,84610,84609.99,84610
1791012420,84610,84612.01,84609.99,84612.01
1791012480,84612,84612.01,84612,84612.01
1791012540,84612.01,84629.66,84612,84629.65
1791012600,84629.66,84638.01,84629.65,84638.01
1791012660,84638.01,84640,84638,84640
1791012720,84639.99,84648.01,84639.99,84648.01
1791012780,84648,84648.01,84640.39,84640.39
1791012840,84640.39,84640.4,84637.58,84637.59
1791012900,84637.58,84648.01,84629.65,84648.01
1791012960,84648,84648.01,84637.2,84638.56
1791013020,84638.56,84638.57,84632.21,84632.21
1791013080,84632.22,84638,84632.21,84637.99
1791013140,84637.99,84638,84627.48,84627.48
1791013200,84627.48,84627.49,84618.07,84618.07
1791013260,84618.08,84618.08,84609.06,84609.07
1791013320,84609.07,84609.07,84582.02,84588.74
1791013380,84588.74,84588.74,84584.39,84584.4
1791013440,84584.39,84584.4,84570,84570.01
1791013500,84570,84570.92,84570,84570.91
1791013560,84570.92,84605.2,84570.91,84580
1791013620,84580.01,84600.01,84580,84600.01
1791013680,84600.01,84609.06,84600,84609.06
1791013740,84609.06,84609.06,84600,84600
1791013800,84600.01,84609.07,84600,84609.06
1791013860,84609.07,84609.07,84597.84,84598.01
1791013920,84598.01,84598.01,84598,84598
1791013980,84598,84598.01,84566.11,84566.11
1791014040,84566.12,84600.04,84566.11,84600.04
1791014100,84600.03,84600.04,84582.05,84582.06
1791014160,84582.05,84587.33,84582.05,84587.33
1791014220,84587.33,84589.25,84587.32,84589.25
1791014280,84589.25,84589.25,84577.8,84577.81
1791014340,84577.8,84581.44,84560,84560
1791014400,84560,84596.01,84557.36,84596.01
1791014460,84596.01,84609.07,84594,84594
1791014520,84594,84606.66,84592.63,84597.54
1791014580,84597.55,84597.55,84592,84592.02
1791014640,84592.01,84594.72,84592.01,84594.71
1791014700,84594.72,84597.95,84594.71,84597.95
1791014760,84598.01,84614.01,84598.01,84614
1791014820,84614.01,84630.01,84614.01,84630.01
1791014880,84630.01,84642.01,84630,84642.01
1791014940,84642.01,84644.01,84631.63,84631.63
1791015000,84631.64,84638,84631.63,84637.99
1791015060,84637.99,84638,84637.99,84638
1791015120,84638,84643.46,84638,84643.46
1791015180,84643.46,84643.46,84643.45,84643.46
1791015240,84643.46,84643.46,84643.45,84643.46
1791015300,84643.46,84643.46,84638.06,84638.06
1791015360,84638.07,84638.07,84622.28,84624
1791015420,84624.01,84624.02,84624,84624.01
1791015480,84624.02,84624.02,84624.01,84624.01
1791015540,84624.01,84624.02,84624.01,84624.02
1791015600,84624.02,84624.02,84590,84590.01
1791015660,84590.01,84590.01,84590,84590.01
1791015720,84590,84590.12,84583.46,84590.12
1791015780,84590.11,84590.12,84590.01,84590.01
1791015840,84590.01,84590.02,84590.01,84590.02
1791015900,84590.01,84590.02,84576.01,84576.02
1791015960,84576.01,84576.02,84576.01,84576.01
1791016020,84576.01,84589.48,84570,84589.48
1791016080,84589.47,84607.02,84589.47,84607.01
1791016140,84607.02,84607.02,84589.87,84589.87
1791016200,84589.86,84589.87,84584,84584.01
1791016260,84584,84584,84573.41,84579.19
1791016320,84579.2,84579.2,84579.19,84579.2
1791016380,84579.2,84579.21,84579.2,84579.2
1791016440,84579.21,84590,84579.2,84590
1791016500,84589.99,84590,84589.99,84589.99
1791016560,84589.99,84600.01,84589.99,84600
1791016620,84600.01,84608.68,84600,84608.67
1791016680,84608.68,84610,84608.67,84610
1791016740,84609.99,84610,84609.99,84610
1791016800,84610,84610,84609.99,84609.99
1791016860,84610,84620.01,84609.99,84620
1791016920,84620,84623.61,84620,84623.6
1791016980,84623.61,84624.01,84623.6,84624.01
1791017040,84624.01,84625.63,84624,84625.63
1791017100,84625.63,84641.89,84625.63,84641.88
1791017160,84641.88,84641.89,84641.88,84641.89
1791017220,84641.89,84644.01,84631.33,84631.34
1791017280,84631.34,84631.34,84631.33,84631.34
1791017340,84631.34,84634.47,84631.33,84634.46
1791017400,84634.47,84640.49,84634.46,84640.48
1791017460,84640.48,84640.49,84640.48,84640.49
1791017520,84640.48,84640.49,84640.48,84640.48
1791017580,84640.48,84640.51,84640.48,84640.5
1791017640,84640.49,84640.62,84640.49,84640.62
1791017700,84640.62,84644.47,84640.61,84644.47
1791017760,84644.47,84644.47,84644.46,84644.46
1791017820,84644.47,84644.47,84644.46,84644.47
1791017880,84644.46,84644.47,84619.93,84619.99
1791017940,84619.99,84620,84614.99,84616.01
1791018000,84616.02,84624.04,84616.01,84624.03
1791018060,84624.04,84624.69,84624.03,84624.68
1791018120,84624.68,84628,84624.68,84627.99
1791018180,84627.99,84641.15,84627.99,84641.14
1791018240,84641.14,84641.15,84641.14,84641.15
1791018300,84641.15,84642.01,84641.14,84642
1791018360,84642.01,84642.01,84642,84642
1791018420,84642.01,84642.01,84642,84642.01
1791018480,84642,84643.25,84642,84642.01
1791018540,84642.02,84660.83,84642.01,84660.83
1791018600,84660.82,84660.83,84660.82,84660.83
1791018660,84660.82,84664.01,84660.82,84664.01
1791018720,84664.01,84665.88,84664,84665.88
1791018780,84665.87,84665.88,84653.07,84653.07
1791018840,84653.07,84653.08,84640,84640.01
1791018900,84640.01,84640.01,84624.68,84624.68
1791018960,84624.68,84624.69,84615.57,84615.57
1791019020,84615.58,84615.58,84615.57,84615.57
1791019080,84615.58,84616.01,84615.57,84616.01
1791019140,84616.01,84643.81,84610,84610
1791019200,84610,84610.01,84610,84610
1791019260,84610.01,84610.01,84610,84610.01
1791019320,84610.01,84610.01,84610,84610
1791019380,84610.01,84610.01,84610,84610
1791019440,84610.01,84610.01,84610,84610.01
1791019500,84610,84610.01,84610,84610.01
1791019560,84610,84610.01,84610,84610.01
1791019620,84610.01,84610.01,84610,84610
1791019680,84610,84610.01,84610,84610
1791019740,84610.01,84610.01,84598.05,84598.06
1791019800,84598.06,84598.06,84591.42,84591.43
1791019860,84591.42,84591.43,84591.42,84591.42
1791019920,84591.42,84591.43,84591.42,84591.43
1791019980,84591.42,84591.43,84591.42,84591.43
1791020040,84591.43,84591.43,84591.42,84591.43
1791020100,84591.43,84591.43,84591.42,84591.43
1791020160,84591.42,84591.43,84590,84590.01
1791020220,84590.01,84590.01,84590,84590
1791020280,84590.01,84590.01,84590,84590
1791020340,84590.01,84590.01,84590,84590
1791020400,84590.01,84590.01,84588,84588.01
1791020460,84588.01,84588.01,84588,84588
1791020520,84588,84588.01,84588,84588
1791020580,84588,84588.01,84588,84588.01
1791020640,84588,84590.06,84588,84590.06
1791020700,84590.06,84590.06,84590.05,84590.06
1791020760,84590.05,84590.06,84590.05,84590.06
1791020820,84590.05,84590.06,84590.05,84590.06
1791020880,84590.06,84590.06,84590.05,84590.06
1791020940,84590.06,84590.06,84590.05,84590.06
1791021000,84590.05,84590.06,84590.04,84590.04
1791021060,84590.05,84590.05,84590.04,84590.05
1791021120,84590.05,84590.05,84590.04,84590.05
1791021180,84590.05,84590.05,84590.04,84590.05
1791021240,84590.04,84590.05,84590.04,84590.04
1791021300,84590.05,84590.05,84590.04,84590.04
1791021360,84590.04,84600.01,84590.04,84600
1791021420,84600,84600.01,84579.99,84579.99
1791021480,84579.99,84600.01,84579.99,84600.01
1791021540,84600.01,84600.01,84600,84600.01
1791021600,84600,84600.01,84592.56,84592.56
1791021660,84592.57,84592.57,84592.56,84592.57
1791021720,84592.57,84592.57,84592.56,84592.56
1791021780,84592.56,84592.57,84592.56,84592.57
1791021840,84592.56,84620.01,84592.56,84620.01
1791021900,84620.01,84620.01,84611,84611.01
1791021960,84611,84611.01,84611,84611.01
1791022020,84611,84611.01,84590.63,84590.64
1791022080,84590.63,84590.64,84590.63,84590.63
1791022140,84590.64,84590.64,84590.63,84590.64
1791022200,84590.63,84590.64,84590.63,84590.63
1791022260,84590.64,84590.64,84590.63,84590.64
1791022320,84590.63,84590.64,84590.63,84590.63
1791022380,84590.64,84590.64,84590.63,84590.63
1791022440,84590.64,84590.64,84580.75,84580.76
1791022500,84580.76,84580.76,84580.75,84580.75
1791022560,84580.76,84580.76,84580.75,84580.75
1791022620,84580.75,84580.76,84580.75,84580.75
1791022680,84580.76,84580.76,84580.75,84580.75
1791022740,84580.75,84580.76,84574,84574
1791022800,84574,84574.01,84570.67,84570.68
1791022860,84570.68,84570.68,84570.67,84570.67
1791022920,84570.67,84570.68,84570.67,84570.68
1791022980,84570.68,84570.68,84570.67,84570.67
1791023040,84570.68,84574.74,84570.67,84574.74
1791023100,84574.74,84590.01,84574.73,84590.01
1791023160,84590.01,84590.01,84580.35,84582.26
1791023220,84582.25,84591.34,84582.25,84591.34
1791023280,84591.33,84611.01,84591.33,84611.01
1791023340,84611,84611.01,84574.72,84586.23
1791023400,84586.24,84586.24,84586.23,84586.24
1791023460,84586.24,84615.44,84586.23,84615.44
1791023520,84615.43,84615.44,84615.43,84615.43
1791023580,84615.44,84615.44,84605.92,84606
1791023640,84606,84606,84605.99,84605.99
1791023700,84605.99,84606,84605.99,84606
1791023760,84605.99,84606,84605.99,84606
1791023820,84606,84606,84605.99,84606
1791023880,84606,84606,84600.99,84600.99
1791023940,84601,84601,84600.99,84601
1791024000,84601,84601,84600.99,84601
1791024060,84601,84601,84600.99,84600.99
1791024120,84601,84601,84600.99,84601
1791024180,84601,84601,84600.99,84601
1791024240,84600.99,84601,84600.99,84601
1791024300,84601,84608.01,84600.99,84608.01
1791024360,84608,84613.93,84608,84613.93
1791024420,84613.93,84629.55,84613.92,84629.55
1791024480,84629.54,84629.55,84623.04,84623.05
1791024540,84623.05,84623.05,84623.04,84623.05
1791024600,84623.05,84623.05,84623.04,84623.05
1791024660,84623.05,84623.05,84623.04,84623.05
1791024720,84623.05,84623.05,84623.04,84623.05
1791024780,84623.05,84627.68,84623.04,84627.68
1791024840,84627.68,84635.96,84627.67,84635.96
1791024900,84635.96,84635.96,84635.95,84635.96
1791024960,84635.95,84649.25,84635.95,84644.46
1791025020,84644.46,84644.47,84644.46,84644.46
1791025080,84644.46,84644.47,84644.46,84644.47
1791025140,84644.46,84644.47,84636.13,84636.13
1791025200,84636.13,84636.14,84636.13,84636.14
1791025260,84636.13,84636.14,84633.27,84633.27
1791025320,84633.28,84633.28,84633.27,84633.27
1791025380,84633.27,84633.28,84633.27,84633.28
1791025440,84633.27,84644.5,84616.03,84644.49
1791025500,84644.5,84644.5,84644.49,84644.49
1791025560,84644.5,84644.5,84644.49,84644.5
1791025620,84644.49,84644.5,84644.49,84644.49
1791025680,84644.5,84644.5,84644.49,84644.5
1791025740,84644.5,84644.5,84644.49,84644.5
1791025800,84644.5,84644.5,84638.42,84638.42
1791025860,84638.43,84638.43,84630.72,84630.73
1791025920,84630.72,84638.01,84630.72,84638.01
1791025980,84638.01,84638.01,84629.99,84630
1791026040,84630,84645.01,84629.99,84645
1791026100,84645,84645.01,84639.84,84639.84
1791026160,84639.84,84639.85,84636.12,84636.12
1791026220,84636.12,84636.13,84636.12,84636.13
1791026280,84636.12,84645.01,84636.12,84645
1791026340,84645.01,84645.01,84645,84645.01
1791026400,84645.01,84645.01,84640.67,84640.67
1791026460,84640.67,84640.68,84640.67,84640.68
1791026520,84640.68,84640.68,84636.12,84636.13
1791026580,84636.12,84636.13,84636.12,84636.12
1791026640,84636.12,84636.13,84636.12,84636.13
1791026700,84636.12,84636.13,84636.12,84636.13
1791026760,84636.12,84636.13,84636.12,84636.13
1791026820,84636.12,84636.13,84636.12,84636.13
1791026880,84636.12,84636.13,84636.12,84636.12
1791026940,84636.12,84651.22,84636.12,84651.22
1791027000,84651.22,84651.22,84651.21,84651.22
1791027060,84651.22,84651.22,84651.21,84651.21
1791027120,84651.21,84651.22,84651.21,84651.22
1791027180,84651.22,84651.22,84649.6,84649.61
1791027240,84649.6,84651.22,84649.6,84651.22
1791027300,84651.22,84658.75,84651.21,84658.75
1791027360,84658.74,84658.75,84658.74,84658.75
1791027420,84658.74,84658.75,84658.74,84658.75
1791027480,84658.74,84658.75,84658.74,84658.74
1791027540,84658.74,84658.75,84658.74,84658.74
1791027600,84658.74,84659.46,84658.74,84659.46
1791027660,84659.45,84659.46,84659.45,84659.45
1791027720,84659.45,84659.46,84659.45,84659.45
1791027780,84659.46,84659.46,84659.45,84659.45
1791027840,84659.46,84659.46,84659.45,84659.46
1791027900,84659.46,84671.85,84659.45,84671.85
1791027960,84671.84,84671.85,84671.84,84671.84
1791028020,84671.85,84680.34,84671.84,84680.34
1791028080,84680.34,84696.01,84680.33,84696.01
1791028140,84696.01,84696.01,84659.43,84659.44
1791028200,84659.44,84686,84659.43,84686
1791028260,84686,84686,84685.99,84686
1791028320,84686,84686,84685.99,84685.99
1791028380,84686,84686,84685.99,84686
1791028440,84685.99,84686,84685.99,84686
1791028500,84685.99,84686,84685.99,84685.99
1791028560,84685.99,84686,84684.36,84684.37
1791028620,84684.37,84684.37,84683,84683
1791028680,84683.01,84683.01,84672,84672
1791028740,84672.01,84672.01,84672,84672.01
1791028800,84672.01,84681.84,84672,84680.76
1791028860,84680.77,84688.84,84680.76,84688.84
1791028920,84688.84,84688.85,84688.83,84688.85
1791028980,84688.85,84696,84688.84,84696
1791029040,84696,84696,84695.99,84696
1791029100,84696,84696,84695.99,84696
1791029160,84695.99,84696,84695.99,84696
1791029220,84695.99,84696,84678.05,84690.01
1791029280,84690.01,84690.01,84689.99,84689.99
1791029340,84690,84690,84687.28,84687.29
1791029400,84687.29,84687.29,84687.28,84687.28
1791029460,84687.29,84695.82,84687.28,84695.82
1791029520,84695.82,84696,84695.81,84696
1791029580,84696,84696,84695.99,84695.99
1791029640,84696,84696,84695.99,84695.99
1791029700,84696,84703.22,84695.99,84698.75
1791029760,84698.74,84714.49,84698.74,84714.49
1791029820,84714.48,84731.16,84714.48,84730.21
1791029880,84730.2,84791.53,84730.2,84790
1791029940,84789.99,84794.76,84780.34,84794.76
1791030000,84794.75,84840.01,84794.75,84840.01
1791030060,84840,84881.1,84840,84860
1791030120,84860,84863.97,84844.98,84854
1791030180,84854,84882.42,84850.8,84882.42
1791030240,84882.41,84882.42,84860.91,84860.92
1791030300,84860.91,84921.66,84860.91,84894
1791030360,84894,84916,84894,84904.02
1791030420,84904.01,84904.02,84862.97,84862.98
1791030480,84862.97,84869.56,84862.97,84869.56
1791030540,84870.01,84871.37,84852,84861.4
1791030600,84861.41,84861.41,84859.45,84859.45
1791030660,84859.46,84859.46,84852.01,84852.01
1791030720,84852.01,84852.02,84852,84852.01
1791030780,84852,84859.4,84852,84859.39
1791030840,84859.4,84859.4,84859.39,84859.39
1791030900,84859.4,84895.52,84859.39,84870
1791030960,84870,84872.01,84866.66,84872
1791031020,84872.01,84889.04,84872,84889.03
1791031080,84889.04,84897.72,84889.03,84897.72
1791031140,84897.71,84911.98,84883.66,84896.01
1791031200,84896.01,84896.02,84878.01,84878.02
1791031260,84878.01,84878.01,84825.02,84832.01
1791031320,84832,84840.84,84785.5,84793.37
1791031380,84793.37,84829.78,84793.37,84829.74
1791031440,84829.75,84829.75,84822.01,84822.01
1791031500,84822.02,84822.02,84822.01,84822.02
1791031560,84822.01,84824.01,84822.01,84824
1791031620,84824,84834.01,84824,84834
1791031680,84834,84847.46,84834,84847.46
1791031740,84847.46,84847.46,84838,84838.01
1791031800,84838,84838.01,84838,84838.01
1791031860,84838.01,84838.01,84838,84838.01
1791031920,84838,84842.88,84838,84842.88
1791031980,84842.88,84870.94,84842.87,84870.94
1791032040,84870.94,84889.55,84870.93,84889.55
1791032100,84889.55,84908.48,84889.54,84908.48
1791032160,84908.48,84914.01,84908.47,84914
1791032220,84914,84926.47,84914,84921.28
1791032280,84921.29,84921.29,84900.01,84900.02
1791032340,84900.02,84900.02,84888.01,84888.02
1791032400,84888.02,84896.22,84870.82,84870.83
1791032460,84870.83,84870.83,84864,84864.09
1791032520,84864.08,84864.09,84843.29,84843.29
1791032580,84843.29,84860.01,84843.29,84860.01
1791032640,84860.01,84864.01,84859.99,84860
1791032700,84859.99,84859.99,84846,84846.01
1791032760,84846,84846.01,84829.77,84837.76
1791032820,84837.76,84837.76,84831.12,84831.12
1791032880,84831.12,84831.13,84830.58,84830.59
1791032940,84830.59,84860.15,84828,84860.03
1791033000,84860.03,84872.61,84860.02,84872.61
1791033060,84872.61,84872.61,84872,84872
1791033120,84872,84872.01,84844.92,84844.92
1791033180,84844.93,84853.32,84842,84853.32
1791033240,84853.32,84853.32,84853.31,84853.32
1791033300,84853.32,84853.32,84840.66,84840.67
1791033360,84840.67,84840.67,84840.66,84840.67
1791033420,84840.66,84840.67,84836,84836.01
1791033480,84836,84836.01,84822,84822
1791033540,84822.01,84822.01,84812.12,84812.12
1791033600,84812.13,84812.13,84795.56,84795.57
1791033660,84795.56,84795.56,84770.35,84790.6
1791033720,84790.61,84790.61,84789.24,84789.24
1791033780,84789.24,84797.37,84782.42,84797.37
1791033840,84797.36,84797.37,84797.36,84797.36
1791033900,84797.36,84820.01,84797.36,84820
1791033960,84820.01,84820.01,84820,84820
1791034020,84820.01,84820.01,84812.03,84812.04
1791034080,84812.03,84812.04,84812,84812
1791034140,84812,84812.01,84812,84812.01
1791034200,84812.01,84812.01,84812,84812.01
1791034260,84812.01,84812.01,84812,84812
1791034320,84812,84812.01,84812,84812
1791034380,84812,84828.01,84812,84828
1791034440,84828.01,84912.01,84828.01,84912.01
1791034500,84912.01,84962.2,84912,84960.32
1791034560,84960.33,84962.2,84934.57,84934.57
1791034620,84934.58,84934.58,84905.37,84909.67
1791034680,84909.68,84920.01,84903.84,84908
1791034740,84908,84908.01,84908,84908.01
1791034800,84908,84918.75,84908,84911.2
1791034860,84911.2,84911.59,84911.19,84911.59
1791034920,84911.59,84911.59,84900.15,84900.15
1791034980,84900.16,84900.16,84882.89,84882.89
1791035040,84882.89,84882.89,84833.42,84833.43
1791035100,84833.43,84833.43,84833.42,84833.42
1791035160,84833.43,84848.87,84833.42,84848.86
1791035220,84848.86,84848.87,84848.86,84848.86
1791035280,84848.87,84871.84,84848.86,84871.83
1791035340,84871.84,84871.84,84871.83,84871.83
1791035400,84871.83,84871.84,84871.83,84871.83
1791035460,84871.83,84871.84,84871.83,84871.84
1791035520,84871.84,84876.93,84871.83,84876.93
1791035580,84876.92,84876.93,84876.92,84876.92
1791035640,84876.93,84878.01,84876.92,84878
1791035700,84878.01,84878.01,84878,84878.01
1791035760,84878.01,84878.01,84878,84878
1791035820,84878.01,84878.01,84878,84878.01
1791035880,84878,84878.01,84872.82,84872.82
1791035940,84872.82,84872.83,84870.03,84870.04
1791036000,84870.03,84870.04,84851.16,84851.17
1791036060,84851.16,84851.17,84842.24,84842.25
1791036120,84842.25,84842.25,84825.25,84825.25
1791036180,84825.26,84825.26,84810,84810
1791036240,84810.01,84810.01,84798.31,84798.32
1791036300,84798.32,84800,84798.31,84799.99
1791036360,84799.99,84800,84780.16,84780.16
1791036420,84780.17,84812.01,84774,84812
1791036480,84812,84812.01,84812,84812
1791036540,84812.01,84812.01,84812,84812.01
1791036600,84812,84812.01,84812,84812
1791036660,84812,84812.01,84798.72,84798.73
1791036720,84798.72,84798.72,84792.42,84792.43
1791036780,84792.43,84792.43,84792.42,84792.43
1791036840,84792.43,84792.43,84792.42,84792.42
1791036900,84792.42,84792.43,84792.42,84792.43
1791036960,84792.43,84802.01,84792.42,84802.01
1791037020,84802,84802.01,84802,84802
1791037080,84802,84808.01,84802,84808.01
1791037140,84808.01,84808.01,84808,84808
1791037200,84808.01,84808.01,84808,84808
1791037260,84808.01,84821.52,84808,84821.52
1791037320,84821.51,84821.52,84821.51,84821.51
1791037380,84821.52,84821.52,84821.51,84821.51
1791037440,84821.52,84821.52,84821.51,84821.52
1791037500,84821.52,84824.01,84821.51,84824.01
1791037560,84824,84836.07,84824,84836.07
1791037620,84836.07,84840.01,84822.6,84822.61
1791037680,84822.6,84828.01,84822.6,84828.01
1791037740,84828.01,84828.01,84826,84826
1791037800,84826.01,84826.01,84826,84826.01
1791037860,84826.01,84826.01,84816,84816.01
1791037920,84816,84816.01,84801.6,84801.6
1791037980,84801.61,84801.61,84793.36,84793.37
1791038040,84793.37,84793.37,84793.36,84793.37
1791038100,84793.37,84793.37,84768.53,84768.53
1791038160,84768.54,84768.54,84768.53,84768.53
1791038220,84768.53,84768.54,84768.53,84768.54
1791038280,84768.54,84768.54,84756.11,84756.12
1791038340,84756.11,84756.12,84756.11,84756.12
1791038400,84756.12,84756.12,84745.44,84745.45
1791038460,84745.45,84745.45,84745.44,84745.45
1791038520,84745.44,84745.45,84745.44,84745.44
1791038580,84745.44,84752.01,84745.44,84752.01
1791038640,84752.01,84752.01,84752,84752
1791038700,84752,84774.01,84752,84774
1791038760,84774.01,84793.36,84774,84793.36
1791038820,84793.36,84793.36,84793.35,84793.36
1791038880,84793.36,84838.7,84793.35,84838.7
1791038940,84838.7,84851.37,84838.7,84851.37
1791039000,84851.37,84851.37,84844.17,84844.87
1791039060,84844.86,84844.87,84844.86,84844.87
1791039120,84844.86,84844.87,84844.86,84844.87
1791039180,84844.86,84844.87,84844.86,84844.87
1791039240,84844.87,84844.88,84840.77,84840.77
1791039300,84840.77,84840.78,84840.77,84840.78
1791039360,84840.77,84840.78,84840.77,84840.78
1791039420,84840.78,84842.01,84840.77,84841.01
1791039480,84841,84841.01,84841,84841.01
1791039540,84841,84857.99,84841,84856.01
1791039600,84856.01,84856.02,84806.01,84806.01
1791039660,84806,84806.01,84780,84780.01
1791039720,84780.01,84799.9,84780,84799.89
1791039780,84799.9,84799.9,84799.89,84799.89
1791039840,84799.89,84799.9,84799.89,84799.89
1791039900,84799.9,84803.04,84799.89,84803.03
1791039960,84803.04,84803.04,84803.03,84803.04
1791040020,84803.03,84803.04,84800.73,84800.74
1791040080,84800.74,84825.47,84800.73,84824.11
1791040140,84824.11,84824.11,84821.99,84821.99
1791040200,84821.99,84838.86,84821.99,84838.86
1791040260,84838.85,84838.86,84838.85,84838.86
1791040320,84838.86,84849.38,84838.85,84849.38
1791040380,84849.37,84849.37,84844.01,84846
1791040440,84846,84873.11,84843.27,84873.1
1791040500,84873.1,84879.05,84838,84838.01
1791040560,84838.01,84846.01,84838,84846
1791040620,84846,84848.48,84846,84848.48
1791040680,84848.47,84848.48,84838.65,84846.96
1791040740,84846.96,84858.26,84842,84842.01
1791040800,84842.01,84864,84842,84846.01
1791040860,84846.02,84858.01,84846.01,84858.01
1791040920,84858,84858.01,84858,84858
1791040980,84858,84858.01,84858,84858.01
1791041040,84858.01,84858.01,84841.55,84841.56
1791041100,84841.56,84844.28,84841.55,84844.28
1791041160,84844.28,84847.54,84844.27,84847.54
1791041220,84847.54,84847.54,84847.53,84847.54
1791041280,84847.53,84847.54,84847.53,84847.54
1791041340,84847.54,84847.54,84838.66,84838.66
1791041400,84838.66,84838.67,84818,84818
1791041460,84818,84818.01,84761.24,84766.6
1791041520,84766.6,84800.01,84766.59,84794.01
1791041580,84794,84796.43,84779.3,84792.63
1791041640,84792.62,84810,84774.68,84809.99
1791041700,84809.99,84810,84781.68,84794.74
1791041760,84794.74,84797.07,84794.73,84797.07
1791041820,84797.07,84797.07,84797.06,84797.07
1791041880,84797.06,84820.01,84797.06,84820.01
1791041940,84820.01,84820.27,84820,84820.27
1791042000,84820.26,84820.27,84820.26,84820.27
1791042060,84820.27,84822.01,84820.26,84822.01
1791042120,84822,84822.01,84822,84822.01
1791042180,84822.01,84838.28,84822,84838.27
1791042240,84838.28,84854.01,84820.24,84820.25
1791042300,84820.25,84834.01,84820.24,84834.01
1791042360,84834.01,84840.72,84834,84840.72
1791042420,84840.72,84845.3,84840.71,84845.3
1791042480,84845.3,84845.3,84845.29,84845.29
1791042540,84845.3,84854.01,84845.29,84854
1791042600,84854.01,84854.01,84854,84854.01
1791042660,84854.01,84860.01,84854,84860
1791042720,84860,84860.01,84860,84860
1791042780,84860.01,84860.01,84860,84860.01
1791042840,84860.01,84860.01,84860,84860.01
1791042900,84860,84860.01,84860,84860.01
1791042960,84860,84860.01,84860,84860
1791043020,84860.01,84860.53,84860,84860.52
1791043080,84860.52,84860.53,84860.52,84860.52
1791043140,84860.53,84867.28,84860.52,84867.28
1791043200,84867.27,84867.28,84867.27,84867.27
1791043260,84867.28,84867.28,84854.01,84854.01
1791043320,84854.01,84854.02,84848,84848
1791043380,84848,84849.37,84847.96,84849.36
1791043440,84849.36,84854.5,84849.36,84854.49
1791043500,84854.5,84856,84851.35,84853.02
1791043560,84853.01,84853.02,84836.47,84836.48
1791043620,84836.47,84836.48,84836.47,84836.48
1791043680,84836.47,84836.48,84836.47,84836.48
1791043740,84836.48,84843.23,84836.47,84843.23
1791043800,84843.23,84843.23,84843.22,84843.23
1791043860,84843.23,84846.74,84843.22,84846.73
1791043920,84846.73,84846.95,84846.73,84846.94
1791043980,84846.95,84846.95,84840.16,84840.17
1791044040,84840.17,84840.17,84840.16,84840.16
1791044100,84840.16,84840.17,84813.9,84814.2
1791044160,84814.19,84814.2,84814.19,84814.19
1791044220,84814.19,84814.2,84814.19,84814.2
1791044280,84814.19,84814.2,84814.19,84814.19
1791044340,84814.19,84814.2,84814.19,84814.2
1791044400,84814.19,84814.2,84782.01,84782.02
1791044460,84782.01,84787.45,84782.01,84787.45
1791044520,84787.44,84787.45,84787.44,84787.45
1791044580,84787.44,84787.45,84787.44,84787.45
1791044640,84787.44,84787.45,84787.44,84787.44
1791044700,84787.44,84787.45,84787.44,84787.45
1791044760,84787.45,84787.45,84787.44,84787.45
1791044820,84787.45,84795.93,84787.44,84795.92
1791044880,84795.93,84795.93,84795.92,84795.93
1791044940,84795.92,84813.23,84795.92,84813.22
1791045000,84813.23,84814.01,84813.22,84814.01
1791045060,84814,84814.01,84814,84814.01
1791045120,84814,84830.01,84814,84830
1791045180,84830.01,84830.01,84830,84830.01
1791045240,84830.01,84830.01,84822.53,84822.54
1791045300,84822.54,84822.54,84822.53,84822.53
1791045360,84822.54,84822.54,84822.53,84822.54
1791045420,84822.54,84822.54,84822.53,84822.53
1791045480,84822.53,84838.44,84822.53,84838.44
1791045540,84838.44,84844.01,84838.43,84844.01
1791045600,84844.01,84844.01,84844,84844
1791045660,84844.01,84844.01,84838.46,84838.47
1791045720,84838.47,84838.47,84834.2,84834.21
1791045780,84834.21,84834.21,84831.89,84831.89
1791045840,84831.9,84844.04,84831.89,84844.04
1791045900,84844.04,84844.04,84844.03,84844.03
1791045960,84844.03,84857.46,84840.01,84840.02
1791046020,84840.02,84851.49,84840.01,84851.49
1791046080,84851.49,84859.22,84851.48,84859.22
1791046140,84859.21,84859.22,84859.21,84859.22
1791046200,84859.22,84880.01,84859.21,84868.87
1791046260,84868.86,84868.87,84852.87,84852.88
1791046320,84852.88,84856.01,84852.87,84856
1791046380,84856,84856.01,84856,84856.01
1791046440,84856.01,84856.01,84856,84856.01
1791046500,84856.01,84859.14,84856,84859.14
1791046560,84859.13,84859.14,84859.13,84859.14
1791046620,84859.13,84860.66,84859.13,84860.65
1791046680,84860.65,84874.5,84860.65,84870.19
1791046740,84870.18,84870.19,84868,84868.03
1791046800,84868.02,84889.56,84868.02,84889.56
1791046860,84889.56,84889.56,84874.03,84874.03
1791046920,84874.04,84874.04,84874.03,84874.03
1791046980,84874.04,84874.04,84874.03,84874.04
1791047040,84874.04,84874.04,84874.03,84874.04
1791047100,84874.04,84880,84874.03,84879.01
1791047160,84879.01,84879.01,84879,84879
1791047220,84879.01,84879.01,84879,84879.01
1791047280,84879.01,84879.01,84879,84879.01
1791047340,84879.01,84884.99,84879,84884.98
1791047400,84884.99,84888.58,84869.37,84878.17
1791047460,84878.17,84887.35,84878.16,84878.86
1791047520,84878.86,84885.37,84878.85,84885.37
1791047580,84885.37,84885.37,84885.36,84885.36
1791047640,84885.37,84889.74,84885.36,84889.74
1791047700,84889.74,84911.13,84889.73,84911.13
1791047760,84911.13,84911.15,84911.12,84911.14
1791047820,84911.15,84911.15,84911.14,84911.14
1791047880,84911.15,84918.75,84911.14,84918.74
1791047940,84918.74,84923.38,84918.74,84923.38
1791048000,84923.38,84928.59,84923.37,84928.14
1791048060,84928.15,84941.5,84928.14,84941.49
1791048120,84941.5,84959.97,84941.49,84959.96
1791048180,84959.97,84959.99,84959.96,84959.99
1791048240,84959.99,84959.99,84955.74,84955.74
1791048300,84955.75,84955.75,84930,84930.01
1791048360,84930.01,84930.01,84918.75,84918.75
1791048420,84918.75,84918.75,84906,84906
1791048480,84906.01,84906.01,84906,84906
1791048540,84906.01,84906.01,84894,84894.01
1791048600,84894.01,84894.01,84858,84858.01
1791048660,84858,84858.01,84841.8,84841.8
1791048720,84841.81,84855.71,84840,84855.7
1791048780,84855.71,84855.71,84855.7,84855.71
1791048840,84855.71,84886.44,84855.7,84886.44
1791048900,84886.44,84899.32,84886.43,84899.32
1791048960,84899.31,84899.32,84899.31,84899.31
1791049020,84899.31,84914.81,84899.31,84914.8
1791049080,84914.81,84914.81,84906,84906.01
1791049140,84906,84908.01,84906,84908.01
1791049200,84908,84948.01,84908,84948
1791049260,84948,84950.01,84940,84950
1791049320,84950.01,84950.01,84928.32,84928.33
1791049380,84928.32,84928.33,84928.32,84928.33
1791049440,84928.32,84988.49,84928.32,84988.48
1791049500,84988.49,84988.49,84936,84936.01
1791049560,84936.01,84962.45,84936.01,84962.45
1791049620,84962.44,84962.45,84940,84940
1791049680,84940,84940.01,84935,84935.01
1791049740,84935,84935.01,84935,84935
1791049800,84935,84981.84,84935,84981.64
1791049860,84981.64,84981.64,84968,84968
1791049920,84968.01,84986.01,84968,84986.01
1791049980,84986.01,84986.01,84956,84961.16
1791050040,84961.16,84980.01,84961.16,84980.01
1791050100,84980.01,84980.01,84980,84980
1791050160,84980.01,84983.4,84980,84983.38
1791050220,84983.38,85000,84983.38,84999.99
1791050280,84999.99,85012.01,84999.99,85012
1791050340,85012,85012.01,85011.56,85012
1791050400,85012.01,85012.01,84994,84994.82
1791050460,84994.82,84996.01,84994.81,84996.01
1791050520,84996.01,85012.95,84996.01,85012.94
1791050580,85012.94,85012.95,85012.94,85012.95
1791050640,85012.95,85012.95,85000,85012.26
1791050700,85012.25,85020.01,85012.25,85020
1791050760,85020,85035.64,85020,85030.22
1791050820,85030.22,85037.63,85004.23,85004.24
1791050880,85004.23,85004.24,85004.23,85004.24
1791050940,85004.23,85029.85,85004.23,85029.83
1791051000,85029.83,85029.84,84992,84992.01
1791051060,84992,84992.01,84977.06,84980
1791051120,84980.01,84989.25,84980,84989.24
1791051180,84989.25,84989.25,84989.24,84989.24
1791051240,84989.25,84989.25,84989.24,84989.25
1791051300,84989.25,85014.01,84989.24,85014.01
1791051360,85014.01,85014.01,85006.8,85006.81
1791051420,85006.8,85006.8,84980,84980
1791051480,84980,84980.01,84972.09,84972.09
1791051540,84972.09,84972.1,84962,84962.01
1791051600,84962.01,84962.01,84954,84954.01
1791051660,84954.01,84962.8,84954,84962.8
1791051720,84962.79,84962.8,84962.79,84962.8
1791051780,84962.79,84962.8,84962.79,84962.8
1791051840,84962.79,84962.8,84962.79,84962.8
1791051900,84962.8,84962.8,84962.79,84962.8
1791051960,84962.8,84972.13,84962.8,84972.13
1791052020,84972.13,84976.01,84972.12,84976
1791052080,84976,84995.79,84976,84995.79
1791052140,84995.79,84995.79,84995.78,84995.78
1791052200,84995.78,84995.79,84969.89,84969.9
1791052260,84969.89,84969.9,84966,84966
1791052320,84966,84966,84959.58,84959.58
1791052380,84959.59,84959.59,84959.58,84959.59
1791052440,84959.58,84959.59,84959.58,84959.58
1791052500,84959.58,84959.59,84956.01,84956.02
1791052560,84956.01,84956.02,84950.15,84950.15
1791052620,84950.16,84950.16,84950.15,84950.15
1791052680,84950.15,84950.16,84944,84944
1791052740,84944,84944.01,84920,84920
1791052800,84920.01,84920.35,84920,84920.34
1791052860,84920.34,84924.73,84920.34,84924.73
1791052920,84924.73,84928.29,84924.72,84928.29
1791052980,84928.29,84939.7,84928.28,84939.69
1791053040,84939.7,84942.01,84939.69,84942.01
1791053100,84942,84942.49,84942,84942.01
1791053160,84942.02,84942.02,84942.01,84942.02
1791053220,84942.02,84944,84942.02,84944
1791053280,84944,84944,84943.99,84943.99
1791053340,84944,84944,84943.99,84943.99
1791053400,84944,84944,84943.99,84944
1791053460,84944,84944,84940.01,84940.02
1791053520,84940.01,84940.02,84934.18,84934.18
1791053580,84934.19,84934.19,84934.18,84934.18
1791053640,84934.19,84945.12,84934.18,84945.12
1791053700,84945.11,84945.12,84945.11,84945.12
1791053760,84945.11,84945.12,84945.11,84945.12
1791053820,84945.11,84950,84945.11,84950
1791053880,84949.99,84950,84949.99,84950
1791053940,84950,84950,84949.99,84949.99
1791054000,84950,84950,84936,84936.01
1791054060,84936.01,84936.01,84930.2,84930.21
1791054120,84930.2,84930.21,84917.25,84917.25
1791054180,84917.26,84917.26,84853.57,84853.57
1791054240,84853.58,84858.01,84850.51,84858
1791054300,84858,84868.01,84856,84856.01
1791054360,84856,84872.01,84856,84872.01
1791054420,84872.01,84872.01,84872,84872
1791054480,84872.01,84872.01,84872,84872.01
1791054540,84872.01,84879.33,84872,84879.33
1791054600,84879.33,84879.33,84872,84872
1791054660,84872.01,84872.01,84872,84872
1791054720,84872.01,84872.01,84872,84872.01
1791054780,84872.01,84872.01,84871.99,84871.99
1791054840,84872,84872,84869.84,84869.85
1791054900,84869.85,84872,84869.84,84872
1791054960,84872,84890.01,84871.99,84873.08
1791055020,84873.07,84873.08,84855.2,84855.2
1791055080,84855.21,84855.21,84855.2,84855.2
1791055140,84855.21,84870,84844,84869.98
1791055200,84869.99,84869.99,84854.69,84854.69
1791055260,84854.69,84854.7,84849.81,84849.81
1791055320,84849.82,84849.82,84848,84848
1791055380,84848,84848.01,84848,84848.01
1791055440,84848,84848.01,84847.04,84847.04
1791055500,84847.05,84847.05,84847.04,84847.04
1791055560,84847.05,84847.05,84847.04,84847.04
1791055620,84847.05,84847.05,84847.04,84847.05
1791055680,84847.05,84847.05,84847.04,84847.04
1791055740,84847.05,84847.05,84828.1,84828.11
1791055800,84828.1,84828.11,84828.1,84828.1
1791055860,84828.1,84828.11,84828.1,84828.11
1791055920,84828.1,84828.11,84828.1,84828.11
1791055980,84828.11,84828.11,84805.72,84805.72
1791056040,84805.73,84805.73,84805.72,84805.72
1791056100,84805.73,84805.73,84804.44,84804.45
1791056160,84804.45,84804.45,84786,84786
1791056220,84786.01,84786.01,84786,84786.01
1791056280,84786.01,84787,84786,84787
1791056340,84786.99,84787,84786.98,84786.99
1791056400,84786.99,84786.99,84786.98,84786.99
1791056460,84786.98,84794.01,84785.66,84794.01
1791056520,84794.01,84796.01,84794,84796.01
1791056580,84796,84796.01,84796,84796.01
1791056640,84796.01,84800,84784.99,84784.99
1791056700,84784.99,84785,84782.69,84782.7
1791056760,84782.7,84782.7,84779.64,84779.64
1791056820,84779.64,84779.65,84700,84742
1791056880,84742.01,84761.14,84742.01,84761.14
1791056940,84761.14,84767.09,84761.13,84767.09
1791057000,84767.09,84779.4,84767.08,84779.39
1791057060,84779.39,84779.4,84779.39,84779.4
1791057120,84779.39,84788.01,84779.39,84788.01
1791057180,84788.01,84802.7,84788,84802.69
1791057240,84802.7,84849.38,84802.69,84849.38
1791057300,84849.37,84849.38,84844,84844
1791057360,84844,84844,84842.49,84842.49
1791057420,84842.49,84842.5,84842.49,84842.49
1791057480,84842.49,84842.5,84842.49,84842.49
1791057540,84842.49,84842.5,84842.49,84842.5
1791057600,84842.5,84852,84842.49,84851.16
1791057660,84851.16,84861.89,84851.15,84861.88
1791057720,84861.89,84872.05,84861.88,84872.05
1791057780,84872.05,84898.44,84872.05,84890.02
1791057840,84890.01,84890.02,84869.74,84869.74
1791057900,84869.74,84881.03,84866.88,84881.02
1791057960,84881.03,84881.03,84881.02,84881.02
1791058020,84881.03,84881.03,84881.02,84881.02
1791058080,84881.03,84881.03,84881.02,84881.02
1791058140,84881.02,84881.03,84881.02,84881.02
1791058200,84881.03,84881.03,84870,84870.01
1791058260,84870.01,84881.03,84870,84881.03
1791058320,84881.03,84881.03,84881.02,84881.02
1791058380,84881.02,84887.71,84881.02,84887.67
1791058440,84887.68,84887.68,84887.67,84887.68
1791058500,84887.68,84892.01,84887.67,84892
1791058560,84892,84892.01,84881.79,84881.79
1791058620,84881.8,84881.92,84881.79,84881.91
1791058680,84881.91,84881.92,84881.91,84881.91
1791058740,84881.92,84897.72,84881.91,84897.72
1791058800,84897.71,84897.72,84897.71,84897.71
1791058860,84897.72,84910.01,84897.71,84910.01
1791058920,84910,84915.65,84889.15,84889.16
1791058980,84889.15,84889.16,84889.15,84889.15
1791059040,84889.15,84889.16,84889.15,84889.15
1791059100,84889.16,84889.16,84889.15,84889.15
1791059160,84889.15,84889.16,84889.15,84889.15
1791059220,84889.15,84889.16,84889.15,84889.15
1791059280,84889.15,84889.16,84889.15,84889.15
1791059340,84889.16,84889.16,84889.15,84889.15
1791059400,84889.16,84889.16,84889.15,84889.16
1791059460,84889.15,84889.16,84889.15,84889.16
1791059520,84889.16,84889.16,84889.15,84889.15
1791059580,84889.15,84889.16,84889.15,84889.16
1791059640,84889.16,84889.16,84889.15,84889.16
1791059700,84889.16,84889.16,84886,84886.01
1791059760,84886,84886,84876.31,84876.32
1791059820,84876.31,84876.32,84867.79,84867.81
1791059880,84867.81,84867.81,84867.8,84867.81
1791059940,84867.81,84867.81,84867.8,84867.81
1791060000,84867.8,84867.81,84867.8,84867.81
1791060060,84867.8,84867.81,84867.8,84867.8
1791060120,84867.8,84867.81,84867.8,84867.8
1791060180,84867.8,84867.81,84858.46,84858.47
1791060240,84858.46,84858.47,84858.46,84858.46
1791060300,84858.46,84858.47,84858.46,84858.47
1791060360,84858.46,84858.47,84858.46,84858.47
1791060420,84858.47,84858.47,84858.46,84858.47
1791060480,84858.47,84858.47,84854.81,84854.81
1791060540,84854.82,84854.82,84729.96,84748
1791060600,84748.01,84758.01,84748,84751.99
1791060660,84752,84752,84714,84744.01
1791060720,84744.01,84754.01,84744,84754.01
1791060780,84754.01,84754.01,84744,84746.01
1791060840,84746.01,84752.48,84746,84752.47
1791060900,84752.48,84752.48,84746,84746
1791060960,84746.01,84746.01,84746,84746
1791061020,84746.01,84746.01,84746,84746
1791061080,84746.01,84746.01,84746,84746
1791061140,84746.01,84749.76,84746,84749.75
1791061200,84749.76,84754.01,84749.75,84754.01
1791061260,84754.01,84773.89,84754.01,84773.88
1791061320,84773.89,84773.89,84748,84748
1791061380,84748,84748,84730,84730
1791061440,84730,84730.01,84701.56,84705.64
1791061500,84705.64,84705.64,84604,84605
1791061560,84605.01,84607.72,84581.79,84588.18
1791061620,84588.18,84596.01,84588.17,84596.01
1791061680,84596.01,84611.04,84588.05,84588.06
1791061740,84588.06,84594.01,84558,84594.01
1791061800,84594.01,84624.01,84594,84624.01
1791061860,84624.01,84636.65,84624.01,84636.64
1791061920,84636.65,84691.07,84636.64,84691.07
1791061980,84691.06,84691.06,84673.43,84685.08
1791062040,84685.08,84685.09,84685.04,84685.04
1791062100,84685.04,84685.05,84685.04,84685.05
1791062160,84685.05,84705.64,84685.04,84705.64
1791062220,84705.64,84712.18,84705.63,84712.18
1791062280,84712.18,84722.01,84712.17,84722.01
1791062340,84722,84722.01,84709.26,84709.26
1791062400,84709.27,84709.27,84709.26,84709.27
1791062460,84709.27,84709.27,84703.78,84704.01
1791062520,84704,84716.01,84704,84716
1791062580,84716.01,84716.01,84716,84716
1791062640,84716.01,84716.01,84715.98,84715.98
1791062700,84715.99,84732.14,84715.99,84720.54
1791062760,84720.54,84720.55,84720,84720
1791062820,84720.01,84720.01,84696,84696.01
1791062880,84696,84696.01,84695.14,84695.15
1791062940,84695.14,84710.69,84695.14,84710.68
1791063000,84710.69,84710.69,84710.67,84710.68
1791063060,84710.67,84710.68,84710.67,84710.68
1791063120,84710.67,84710.67,84695.82,84695.83
1791063180,84695.83,84695.83,84695.82,84695.83
1791063240,84695.83,84724.47,84695.82,84724.46
1791063300,84724.47,84724.47,84708,84708.01
1791063360,84708.01,84708.01,84708,84708
1791063420,84708,84708.01,84708,84708
1791063480,84708,84708,84696.22,84701.58
1791063540,84701.59,84701.59,84701.58,84701.59
1791063600,84701.58,84701.58,84698,84698
1791063660,84698.01,84701.34,84698,84701.33
1791063720,84701.34,84717.72,84701.34,84717.71
1791063780,84717.71,84724,84694,84703.18
1791063840,84703.17,84703.17,84692.3,84701.45
1791063900,84701.71,84725.57,84701.71,84725.57
1791063960,84725.56,84730.93,84725.56,84730.93
1791064020,84730.93,84739.57,84730.93,84739.57
1791064080,84739.56,84741.95,84728.15,84728.15
1791064140,84728.16,84728.16,84728.15,84728.16
1791064200,84728.16,84729.24,84728.15,84729.23
1791064260,84729.23,84745.67,84729.23,84745.66
1791064320,84745.67,84745.67,84725.41,84727.51
1791064380,84727.51,84727.51,84727.5,84727.5
1791064440,84727.5,84730,84710,84710
1791064500,84710.01,84710.01,84710,84710.01
1791064560,84710,84713.36,84710,84713.35
1791064620,84713.35,84720.01,84701.66,84720
1791064680,84720,84725.42,84720,84725.41
1791064740,84725.42,84725.42,84702.49,84715.15
1791064800,84715.15,84716.01,84715.14,84715.84
1791064860,84715.85,84728.01,84715.14,84728.01
1791064920,84728.01,84744.01,84704.76,84707.28
1791064980,84707.29,84748.01,84693.73,84734.01
1791065040,84734.01,84760.01,84734,84750
1791065100,84750,84765.06,84742,84765.06
1791065160,84765.06,84774.62,84750,84752.07
1791065220,84752.07,84770.01,84752.06,84758.95
1791065280,84758.95,84762.01,84758.94,84762.01
1791065340,84762.01,84770.01,84762,84762.01
1791065400,84762,84764.01,84762,84764.01
1791065460,84764,84772.01,84764,84772.01
1791065520,84772,84787.86,84772,84787.86
1791065580,84787.86,84787.86,84787.56,84787.57
1791065640,84787.56,84787.57,84787.56,84787.56
1791065700,84787.57,84793.88,84742.35,84742.35
1791065760,84742.35,84758.01,84742.35,84758
1791065820,84758,84764.01,84756,84756.01
1791065880,84756.01,84772.01,84756,84772.01
1791065940,84772,84772.01,84772,84772.01
1791066000,84772.01,84772.01,84772,84772.01
1791066060,84772,84772.01,84772,84772
1791066120,84772,84772.01,84772,84772
1791066180,84772.01,84772.01,84772,84772.01
1791066240,84772.01,84772.01,84772,84772.01
1791066300,84772.01,84772.01,84772,84772.01
1791066360,84772,84772.01,84762,84762
1791066420,84762.01,84777.05,84762,84777.05
1791066480,84777.04,84798.53,84777.04,84798.04
1791066540,84798.04,84798.04,84783.48,84784.01
1791066600,84784.01,84784.01,84784,84784.01
1791066660,84784.01,84784.01,84784,84784
1791066720,84784,84784.01,84784,84784.01
1791066780,84784,84784.01,84783.98,84783.98
1791066840,84783.98,84783.99,84783.98,84783.98
1791066900,84783.98,84786.01,84783.98,84786
1791066960,84786.01,84786.01,84786,84786
1791067020,84786,84790.01,84786,84790.01
1791067080,84790,84790.01,84790,84790.01
1791067140,84790,84792.01,84790,84792.01
1791067200,84792.01,84792.01,84792,84792.01
1791067260,84792,84792.01,84792,84792
1791067320,84792.01,84792.01,84792,84792
1791067380,84792,84796.85,84792,84796.84
1791067440,84796.84,84802.01,84796.84,84802
1791067500,84802,84802.01,84802,84802
1791067560,84802,84802.01,84802,84802
1791067620,84802.01,84804.01,84802,84804
1791067680,84804.01,84804.01,84804,84804.01
1791067740,84804,84804.01,84803.98,84803.99
1791067800,84803.98,84803.99,84798,84798.01
1791067860,84798,84805,84798,84804.99
1791067920,84805,84805,84804.98,84804.99
1791067980,84804.99,84804.99,84802,84802.01
1791068040,84802,84802.01,84797.81,84797.81
1791068100,84797.81,84797.82,84777.04,84784.01
1791068160,84784,84784.01,84784,84784.01
1791068220,84784.01,84792.01,84784.01,84792
1791068280,84792.01,84799.74,84792,84799.74
1791068340,84799.73,84799.74,84776.01,84776.01
1791068400,84776.02,84781.65,84776.01,84781.65
1791068460,84781.65,84781.65,84781.64,84781.65
1791068520,84781.64,84782.01,84781.64,84782.01
1791068580,84782,84782.01,84782,84782
1791068640,84782,84782.01,84781.68,84781.68
1791068700,84781.68,84781.69,84776.01,84776.01
1791068760,84776.01,84776.02,84764.01,84764.02
1791068820,84764.01,84764.02,84760,84760
1791068880,84760,84760.01,84760,84760.01
1791068940,84760.01,84760.01,84760,84760.01
1791069000,84760,84760.01,84760,84760.01
1791069060,84760.01,84760.01,84760,84760
1791069120,84760,84760.01,84760,84760
1791069180,84760.01,84760.01,84760,84760.01
1791069240,84760.01,84760.01,84760,84760.01
1791069300,84760.01,84760.01,84760,84760.01
1791069360,84760.01,84760.01,84759.99,84760
1791069420,84760,84761.62,84759.99,84761.62
1791069480,84761.62,84761.62,84761.61,84761.61
1791069540,84761.62,84761.62,84761.61,84761.61
1791069600,84761.61,84761.62,84761.61,84761.62
1791069660,84761.62,84761.62,84761.61,84761.62
1791069720,84761.61,84802.01,84761.61,84802.01
1791069780,84802.01,84802.02,84802,84802.01
1791069840,84802.01,84818.39,84802.01,84815.29
1791069900,84815.29,84815.3,84815.29,84815.29
1791069960,84815.29,84815.3,84749.3,84772
1791070020,84772.01,84782.84,84749.92,84758.65
1791070080,84758.65,84779.66,84749.89,84749.89
1791070140,84749.9,84749.9,84738,84738.01
1791070200,84738,84741.44,84738,84741.44
1791070260,84741.43,84744.03,84741.43,84744.03
1791070320,84744.03,84745.69,84744.02,84745.68
1791070380,84745.68,84745.69,84745.68,84745.68
1791070440,84745.68,84768.01,84745.68,84768.01
1791070500,84768.01,84768.01,84768,84768
1791070560,84768.01,84772.01,84768,84772.01
1791070620,84772,84784.7,84772,84784.69
1791070680,84784.7,84784.7,84784.69,84784.7
1791070740,84784.69,84784.7,84784.69,84784.69
1791070800,84784.7,84791.69,84784.69,84791.68
1791070860,84791.68,84791.69,84791.68,84791.68
1791070920,84791.69,84791.69,84791.68,84791.69
1791070980,84791.69,84791.69,84774.07,84778.35
1791071040,84778.36,84778.36,84778.35,84778.35
1791071100,84778.35,84778.36,84778.35,84778.36
1791071160,84778.36,84788.81,84778.36,84788.8
1791071220,84788.8,84788.81,84782.33,84782.34
1791071280,84782.33,84782.34,84782.33,84782.34
1791071340,84782.33,84782.34,84772.8,84774.01
1791071400,84774,84774.01,84766,84766.01
1791071460,84766,84766,84750,84751.38
1791071520,84751.38,84751.38,84744.95,84750.01
1791071580,84750.01,84750.01,84750,84750.01
1791071640,84750,84750.01,84708.16,84722
1791071700,84722.01,84726.01,84722,84726.01
1791071760,84726.01,84794.01,84726.01,84760.28
1791071820,84760.28,84794.01,84743.71,84746.91
1791071880,84746.9,84810.01,84746,84778
1791071940,84778,84809.28,84743.2,84753.56
1791072000,84753.57,84754.01,84753.56,84754
1791072060,84754.01,84781.57,84754,84781.57
1791072120,84781.56,84838,84781.56,84838
1791072180,84837.99,84838.45,84820,84833.34
1791072240,84833.33,84833.34,84816.66,84819.38
1791072300,84819.38,84840.01,84819.38,84840
1791072360,84840.01,84840.01,84835.76,84835.77
1791072420,84835.77,84835.77,84814.06,84814.39
1791072480,84814.39,84822.56,84811.27,84811.27
1791072540,84811.27,84811.28,84811.26,84811.26
1791072600,84811.26,84811.27,84811.26,84811.27
1791072660,84811.27,84811.27,84811.26,84811.27
1791072720,84811.26,84825.59,84811.26,84825.59
1791072780,84825.58,84825.59,84820.02,84820.02
1791072840,84820.03,84820.03,84820.02,84820.03
1791072900,84820.03,84820.03,84820.02,84820.03
1791072960,84820.03,84834.01,84820.02,84834
1791073020,84834.01,84836.02,84834,84836.01
1791073080,84836.02,84844.01,84836,84844
1791073140,84844.01,84846,84844,84845.97
1791073200,84845.96,84869.46,84845.96,84853.04
1791073260,84853.04,84863.82,84853.04,84863.82
1791073320,84863.81,84864,84863.81,84863.99
1791073380,84864,84864.04,84863.99,84864.04
1791073440,84864.03,84864.04,84863.81,84863.81
1791073500,84863.82,84871.34,84863.82,84871.34
1791073560,84871.33,84871.34,84816,84816
1791073620,84816.01,84816.01,84808.94,84808.95
1791073680,84808.94,84808.95,84808.93,84808.93
1791073740,84808.93,84808.94,84808.93,84808.93
1791073800,84808.93,84808.94,84805.38,84805.39
1791073860,84805.38,84805.39,84805.38,84805.38
1791073920,84805.39,84805.39,84805.38,84805.39
1791073980,84805.39,84806.01,84805.38,84806.01
1791074040,84806.01,84830,84806,84830
1791074100,84830,84844,84829.99,84844
1791074160,84843.99,84844,84832.06,84832.06
1791074220,84832.06,84832.07,84822.84,84822.84
1791074280,84822.85,84822.85,84822.84,84822.84
1791074340,84822.84,84822.85,84822.84,84822.85
1791074400,84822.85,84822.85,84806.01,84806.01
1791074460,84806.01,84806.02,84804.05,84804.06
1791074520,84804.05,84804.06,84804.05,84804.06
1791074580,84804.06,84804.06,84804.05,84804.06
1791074640,84804.05,84804.06,84804.05,84804.06
1791074700,84804.05,84804.06,84804.05,84804.05
1791074760,84804.05,84810.29,84798.26,84798.27
1791074820,84798.27,84804.01,84798.26,84804.01
1791074880,84804.01,84804.01,84804,84804
1791074940,84804.01,84831.61,84804,84831.61
1791075000,84831.61,84831.61,84831.6,84831.6
1791075060,84831.61,84831.61,84831.6,84831.6
1791075120,84831.61,84831.61,84831.6,84831.61
1791075180,84831.6,84840,84831.6,84839.99
1791075240,84839.99,84840,84823.01,84823.06
1791075300,84823.05,84823.06,84789.79,84789.81
1791075360,84789.8,84789.81,84779.99,84779.99
1791075420,84780,84780,84779.99,84779.99
1791075480,84780,84790,84779.99,84779.99
1791075540,84780,84790,84762,84790
1791075600,84790,84815.09,84789.99,84815.09
1791075660,84815.09,84815.09,84789.36,84789.37
1791075720,84789.37,84789.37,84788.67,84789.32
1791075780,84789.31,84789.31,84782.65,84782.66
1791075840,84782.66,84782.66,84776.99,84777
1791075900,84776.99,84777,84776.99,84776.99
1791075960,84776.99,84793.19,84776.99,84789.18
1791076020,84789.18,84789.19,84782.74,84782.75
1791076080,84782.74,84782.75,84782.74,84782.75
1791076140,84782.75,84782.75,84782.74,84782.74
1791076200,84782.74,84809.21,84782.74,84809.2
1791076260,84809.2,84809.21,84794.01,84794.01
1791076320,84794.01,84794.02,84794.01,84794.02
1791076380,84794.02,84794.02,84769.99,84769.99
1791076440,84770,84770,84769.99,84770
1791076500,84770,84770,84750,84750
1791076560,84750,84750.01,84740,84740.01
1791076620,84740.01,84740.01,84740,84740
1791076680,84740.01,84740.01,84719.99,84719.99
1791076740,84719.99,84720,84719.99,84720
1791076800,84719.99,84728.09,84719.99,84726.94
1791076860,84726.93,84726.94,84726.93,84726.94
1791076920,84726.94,84726.94,84726.93,84726.93
1791076980,84726.94,84726.94,84726.93,84726.94
1791077040,84726.94,84726.94,84726.93,84726.94
1791077100,84726.94,84737.98,84726.93,84737.98
1791077160,84737.98,84747.51,84737.97,84747.51
1791077220,84747.51,84747.51,84747.5,84747.5
1791077280,84747.5,84747.51,84747.5,84747.51
1791077340,84747.51,84747.51,84747.5,84747.5
1791077400,84747.51,84747.51,84747.5,84747.51
1791077460,84747.5,84747.51,84747.5,84747.51
1791077520,84747.51,84747.51,84747.5,84747.51
1791077580,84747.5,84747.51,84747.5,84747.5
1791077640,84747.51,84775.05,84747.5,84775.05
1791077700,84775.05,84783.76,84774.29,84780
1791077760,84780,84780,84779.99,84780
1791077820,84779.99,84797.63,84779.99,84782.81
1791077880,84782.81,84782.81,84782.8,84782.8
1791077940,84782.81,84782.81,84774.85,84774.85
1791078000,84774.86,84774.86,84774.85,84774.85
1791078060,84774.86,84774.86,84774.85,84774.85
1791078120,84774.86,84774.86,84774.85,84774.86
1791078180,84774.86,84774.86,84774.85,84774.86
1791078240,84774.86,84774.86,84774.85,84774.86
1791078300,84774.86,84774.86,84774.85,84774.86
1791078360,84774.86,84774.86,84774.85,84774.86
1791078420,84774.86,84774.86,84774.85,84774.86
1791078480,84774.85,84774.86,84774.85,84774.85
1791078540,84774.86,84774.86,84774.85,84774.85
1791078600,84774.86,84774.86,84774.85,84774.85
1791078660,84774.85,84782.46,84774.85,84782.45
1791078720,84782.46,84800,84782.45,84800
1791078780,84799.99,84807.98,84799.99,84807.97
1791078840,84807.97,84807.98,84807.97,84807.98
1791078900,84807.98,84807.98,84807.97,84807.98
1791078960,84807.98,84807.98,84807.97,84807.98
1791079020,84807.97,84807.97,84802.59,84802.59
1791079080,84802.6,84802.6,84802.59,84802.59
1791079140,84802.6,84802.6,84802.59,84802.59
1791079200,84802.6,84803.56,84802.59,84803.56
1791079260,84804.01,84820,84804.01,84819.99
1791079320,84820,84820,84819.99,84819.99
1791079380,84820,84831.89,84819.99,84831.88
1791079440,84831.89,84846,84831.88,84846
1791079500,84846,84877.09,84845.99,84869.85
1791079560,84869.85,84869.85,84840,84840.01
1791079620,84840,84840.01,84819.48,84819.49
1791079680,84819.48,84819.49,84819.48,84819.49
1791079740,84819.48,84819.49,84819.48,84819.48
1791079800,84819.49,84834.01,84805.29,84834
1791079860,84834.01,84834.01,84834,84834
1791079920,84834,84834.01,84834,84834
1791079980,84834.01,84834.01,84834,84834.01
1791080040,84834,84834.01,84828,84828.01
1791080100,84828,84828.01,84821.67,84821.67
1791080160,84821.68,84821.68,84810,84810
1791080220,84810.01,84818.01,84800,84818.01
1791080280,84818.01,84830.47,84818,84830.46
1791080340,84830.46,84830.47,84827.75,84827.75
1791080400,84827.76,84827.76,84827.75,84827.76
1791080460,84827.76,84827.76,84827.75,84827.75
1791080520,84827.75,84841.41,84827.75,84841.4
1791080580,84841.41,84850,84841.4,84844.12
1791080640,84844.13,84844.13,84842,84842
1791080700,84842,84842.01,84838.28,84838.29
1791080760,84838.28,84838.29,84838.28,84838.28
1791080820,84838.28,84838.29,84838.28,84838.28
1791080880,84838.29,84838.29,84809.99,84809.99
1791080940,84810,84836.01,84810,84836.01
1791081000,84836,84838,84836,84837.99
1791081060,84838,84842.97,84818,84818.84
1791081120,84818.85,84825.74,84818.85,84825.74
1791081180,84825.73,84855.48,84825.73,84855.47
1791081240,84855.48,84855.48,84828,84828.01
1791081300,84828,84828.01,84828,84828.01
1791081360,84828.01,84828.01,84828,84828.01
1791081420,84828,84828.01,84828,84828.01
1791081480,84828.01,84828.01,84809.66,84809.66
1791081540,84809.66,84809.67,84807.01,84808
1791081600,84808,84808.01,84808,84808
1791081660,84808.01,84808.01,84798.4,84798.41
1791081720,84798.4,84814.01,84796.49,84806.66
1791081780,84806.66,84806.66,84800,84800
1791081840,84800,84800.01,84800,84800.01
1791081900,84800.01,84800.01,84796,84796
1791081960,84796.01,84796.01,84789.56,84789.56
1791082020,84789.56,84789.57,84781.05,84781.05
1791082080,84781.06,84804.02,84781.05,84804.02
1791082140,84804.01,84804.02,84804.01,84804.01
1791082200,84804.02,84804.02,84799.6,84799.61
1791082260,84799.61,84799.61,84794,84794
1791082320,84794,84794.01,84782.79,84782.8
1791082380,84782.8,84782.8,84782.79,84782.8
1791082440,84782.8,84804.05,84782.79,84804.05
1791082500,84804.05,84804.05,84804.02,84804.03
1791082560,84804.02,84804.03,84802.16,84802.17
1791082620,84802.16,84802.17,84802.16,84802.16
1791082680,84802.17,84802.17,84802.16,84802.16
1791082740,84802.16,84802.17,84802.16,84802.17
1791082800,84802.17,84802.17,84802.16,84802.17
1791082860,84802.16,84802.17,84802.16,84802.17
1791082920,84802.17,84802.17,84802.16,84802.17
1791082980,84802.16,84802.17,84802.16,84802.17
1791083040,84802.16,84802.17,84802.16,84802.17
1791083100,84802.16,84802.17,84802.16,84802.17
1791083160,84802.17,84802.17,84802.16,84802.17
1791083220,84802.16,84802.17,84802.16,84802.16
1791083280,84802.17,84802.17,84802.16,84802.17
1791083340,84802.16,84802.17,84802.16,84802.16
1791083400,84802.17,84802.17,84802.16,84802.17
1791083460,84802.16,84802.17,84802.16,84802.17
1791083520,84802.17,84802.17,84802.16,84802.17
1791083580,84802.17,84810.01,84802.16,84810
1791083640,84810,84812.36,84808,84812.36
1791083700,84812.35,84812.36,84812.34,84812.35
1791083760,84812.36,84812.36,84800.04,84800.05
1791083820,84800.05,84800.05,84800.04,84800.05
1791083880,84800.05,84800.05,84800.04,84800.05
1791083940,84800.04,84800.05,84800.04,84800.04
1791084000,84800.05,84800.05,84800.04,84800.05
1791084060,84800.05,84810,84800.04,84810
1791084120,84810,84820.91,84809.99,84820.91
1791084180,84820.91,84821.59,84820.9,84821.59
1791084240,84821.59,84821.59,84821.58,84821.59
1791084300,84821.59,84825.48,84821.58,84825.48
1791084360,84825.48,84825.48,84825.47,84825.47
1791084420,84825.48,84825.48,84819.18,84819.47
1791084480,84819.48,84819.48,84796.41,84796.42
1791084540,84796.42,84796.42,84796.41,84796.41
1791084600,84796.42,84815.04,84796.41,84815.04
1791084660,84815.04,84825.48,84815.03,84825.48
1791084720,84825.48,84825.48,84825.47,84825.48
1791084780,84825.48,84825.48,84825.47,84825.48
1791084840,84825.48,84852.66,84825.47,84852.65
1791084900,84852.66,84880.01,84835,84835.01
1791084960,84835.01,84835.01,84834.42,84834.43
1791085020,84834.43,84846.63,84834.43,84846.63
1791085080,84846.63,84848,84846.62,84847.99
1791085140,84847.99,84850.88,84847.99,84850.88
1791085200,84850.88,84880.78,84850.87,84880.77
1791085260,84880.78,84890,84876,84876
1791085320,84876.01,84884.97,84876,84884.97
1791085380,84884.96,84884.97,84884.96,84884.96
1791085440,84884.97,84884.97,84884.96,84884.97
1791085500,84884.97,84884.97,84884.96,84884.97
1791085560,84884.96,84884.97,84866.8,84866.81
1791085620,84866.81,84870.01,84866.8,84870.01
1791085680,84870,84870.01,84870,84870.01
1791085740,84870.01,84870.01,84866.22,84866.22
1791085800,84866.23,84866.23,84866.22,84866.23
1791085860,84866.23,84866.23,84866.22,84866.23
1791085920,84866.23,84866.23,84853.65,84853.66
1791085980,84853.65,84853.66,84853.65,84853.65
1791086040,84853.65,84853.66,84848,84848.01
1791086100,84848.01,84848.01,84848,84848.01
1791086160,84848.01,84848.01,84840.87,84840.88
1791086220,84840.87,84840.88,84840.87,84840.87
1791086280,84840.88,84840.88,84840.87,84840.88
1791086340,84840.88,84840.88,84840.87,84840.87
1791086400,84840.88,84840.88,84840.87,84840.87
1791086460,84840.87,84840.88,84840.87,84840.88
1791086520,84840.87,84840.88,84840.87,84840.87
1791086580,84840.88,84844.01,84840.87,84844
1791086640,84844.01,84844.01,84844,84844
1791086700,84844.01,84844.01,84844,84844
1791086760,84844.01,84844.01,84844,84844.01
1791086820,84844,84844.01,84836,84836.01
1791086880,84836,84836.01,84826,84826.01
1791086940,84826,84826.01,84823.67,84823.68
1791087000,84823.68,84823.68,84823.67,84823.68
1791087060,84823.67,84823.68,84815.89,84815.9
1791087120,84815.9,84815.9,84815.89,84815.89
1791087180,84815.89,84815.9,84808.11,84808.12
1791087240,84808.11,84808.12,84808.11,84808.12
1791087300,84808.11,84808.12,84808.11,84808.12
1791087360,84808.11,84808.12,84808.11,84808.12
1791087420,84808.12,84808.12,84808.11,84808.12
1791087480,84808.12,84808.12,84808.11,84808.12
1791087540,84808.11,84808.12,84808.11,84808.12
1791087600,84808.12,84812.01,84808.11,84812
1791087660,84812,84812.01,84812,84812.01
1791087720,84812.01,84812.01,84812,84812.01
1791087780,84812.01,84812.01,84812,84812.01
1791087840,84812.01,84812.01,84812,84812
1791087900,84812,84812.01,84812,84812.01
1791087960,84812.01,84812.01,84812,84812
1791088020,84812,84812.01,84812,84812
1791088080,84812.01,84812.01,84812,84812
1791088140,84812.01,84812.01,84812,84812.01
1791088200,84812,84812.01,84812,84812
1791088260,84812.01,84812.01,84812,84812.01
1791088320,84812.01,84812.01,84812,84812.01
1791088380,84812.01,84812.01,84812,84812.01
1791088440,84812.01,84812.01,84812,84812.01
1791088500,84812.01,84812.01,84812,84812
1791088560,84812.01,84812.01,84812,84812.01
1791088620,84812.01,84812.01,84812,84812.01
1791088680,84812.01,84812.01,84812,84812.01
1791088740,84812.01,84812.01,84812,84812.01
1791088800,84812,84812.01,84812,84812.01
1791088860,84812,84812.01,84812,84812.01
1791088920,84812,84812.01,84812,84812.01
1791088980,84812.01,84812.01,84812,84812.01
1791089040,84812.01,84812.01,84812,84812
1791089100,84812,84812.01,84812,84812.01
1791089160,84812.01,84812.01,84812,84812
1791089220,84812.01,84812.01,84812,84812.01
1791089280,84812.01,84812.01,84812,84812
1791089340,84812.01,84812.01,84812,84812.01
1791089400,84812,84812.01,84812,84812
1791089460,84812.01,84812.01,84812,84812.01
1791089520,84812,84812.01,84812,84812.01
1791089580,84812.01,84812.01,84812,84812.01
1791089640,84812,84812.01,84812,84812.01
1791089700,84812.01,84812.01,84812,84812
1791089760,84812.01,84812.01,84812,84812.01
1791089820,84812.01,84812.01,84812,84812.01
1791089880,84812.01,84812.01,84811.93,84811.94
1791089940,84811.94,84811.94,84811.93,84811.94
1791090000,84811.94,84811.94,84811.61,84811.62
1791090060,84811.62,84829.16,84811.61,84829.16
1791090120,84829.16,84829.16,84829.15,84829.16
1791090180,84829.15,84829.16,84828.95,84828.96
1791090240,84828.96,84828.96,84828.95,84828.95
1791090300,84828.95,84828.96,84828.95,84828.96
1791090360,84828.96,84828.96,84828.84,84828.84
1791090420,84828.85,84828.85,84828.84,84828.85
1791090480,84828.85,84828.85,84828.84,84828.84
1791090540,84828.85,84842.01,84828.84,84835.16
1791090600,84835.16,84835.16,84835.15,84835.15
1791090660,84835.16,84835.16,84834,84834.01
1791090720,84834.01,84834.01,84834,84834.01
1791090780,84834,84834.01,84834,84834.01
1791090840,84834.01,84834.01,84834,84834.01
1791090900,84834.01,84834.01,84831.38,84831.39
1791090960,84831.39,84831.39,84831.38,84831.38
1791091020,84831.39,84831.39,84831.38,84831.39
1791091080,84831.39,84831.39,84830.67,84831.39
1791091140,84831.39,84861.48,84831.38,84833.99
1791091200,84833.99,84833.99,84833.98,84833.99
1791091260,84833.99,84856.74,84833.98,84856.74
1791091320,84856.73,84856.74,84856.73,84856.74
1791091380,84856.74,84856.74,84856.73,84856.74
1791091440,84856.74,84866.33,84856.73,84866.33
1791091500,84866.33,84866.33,84866.32,84866.32
1791091560,84866.32,84872.6,84866.32,84871.02
1791091620,84871.03,84871.03,84871.02,84871.02
1791091680,84871.03,84871.03,84871.02,84871.03
1791091740,84871.02,84871.03,84861.33,84861.34
1791091800,84861.34,84861.34,84861.33,84861.33
1791091860,84861.34,84861.34,84861.33,84861.34
1791091920,84861.33,84861.34,84861.33,84861.34
1791091980,84861.34,84861.34,84861.33,84861.33
1791092040,84861.33,84871.22,84861.33,84871.22
1791092100,84871.22,84879.78,84871.21,84879.78
1791092160,84879.77,84886.01,84879.77,84886
1791092220,84886.01,84893.46,84886,84893.46
1791092280,84893.46,84911.69,84893.45,84909.58
1791092340,84909.57,84909.58,84901.2,84901.2
1791092400,84901.21,84901.21,84901.2,84901.21
1791092460,84901.2,84901.21,84901.2,84901.21
1791092520,84901.2,84901.21,84901.2,84901.21
1791092580,84901.2,84909.71,84901.2,84909.71
1791092640,84909.7,84923.68,84909.7,84923.67
1791092700,84923.68,84923.68,84923.67,84923.68
1791092760,84923.67,84923.68,84916,84916
1791092820,84916.01,84916.01,84916,84916.01
1791092880,84916.01,84916.01,84909.59,84909.6
1791092940,84909.6,84909.6,84909.59,84909.59
1791093000,84909.6,84909.6,84909.59,84909.59
1791093060,84909.6,84909.6,84909.59,84909.59
1791093120,84909.6,84909.6,84909.59,84909.6
1791093180,84909.6,84918.01,84909.59,84918.01
1791093240,84918,84924.53,84918,84924.53
1791093300,84924.53,84924.53,84908.43,84908.43
1791093360,84908.44,84922.49,84908.43,84912.01
1791093420,84912,84912.01,84912,84912
1791093480,84912,84912.01,84912,84912.01
1791093540,84912.01,84912.01,84912,84912.01
1791093600,84912.01,84916.01,84912,84916
1791093660,84916.01,84916.01,84916,84916.01
1791093720,84916.01,84916.01,84916,84916
1791093780,84916.01,84916.01,84916,84916
1791093840,84916,84916.01,84916,84916
1791093900,84916,84922.49,84916,84922.49
1791093960,84922.49,84922.49,84922.48,84922.48
1791094020,84922.49,84922.49,84922.48,84922.48
1791094080,84922.48,84922.49,84922.48,84922.48
1791094140,84922.48,84922.49,84922.48,84922.48
1791094200,84922.48,84922.49,84922.48,84922.49
1791094260,84922.48,84922.49,84922.48,84922.48
1791094320,84922.49,84922.49,84922.48,84922.49
1791094380,84922.48,84922.49,84922.48,84922.48
1791094440,84922.48,84922.6,84916,84922.6
1791094500,84922.6,84922.61,84922.59,84922.61
1791094560,84922.61,84925.58,84922.6,84925.57
1791094620,84925.58,84925.58,84925.57,84925.58
1791094680,84925.58,84925.58,84925.56,84925.57
1791094740,84925.56,84930.01,84925.56,84930
1791094800,84930,84942.5,84930,84942.49
1791094860,84942.5,84971.99,84942.5,84971.99
1791094920,84971.98,85058.01,84971.98,84974.03
1791094980,84974.03,84982,84964,84964
1791095040,84964.01,84964.01,84960.78,84962
1791095100,84961.99,84962,84935.98,84935.99
1791095160,84935.98,84935.98,84900,84900.01
1791095220,84900,84900.01,84900,84900.01
1791095280,84900.01,84900.01,84877.18,84877.18
1791095340,84877.18,84958.01,84877.18,84947.61
1791095400,84947.62,84947.62,84919.74,84939.22
1791095460,84939.23,84939.23,84929.63,84931.99
1791095520,84932,85017.13,84931.99,85017.13
1791095580,85017.13,85017.13,85010.13,85010.13
1791095640,85010.13,85022.01,85010.13,85012.64
1791095700,85012.63,85022.01,85010.35,85022.01
1791095760,85022.01,85029.2,85022,85029.2
1791095820,85029.19,85029.2,84989.04,84989.04
1791095880,84989.04,84989.05,84979.01,84987.48
1791095940,84987.48,84987.48,84980,84980
1791096000,84980.01,84980.01,84978.35,84978.36
1791096060,84978.35,84978.36,84978.35,84978.36
1791096120,84978.36,84978.36,84948.34,84959.58
1791096180,84959.57,84962.47,84957.58,84957.58
1791096240,84957.58,84957.89,84957.58,84957.89
1791096300,84957.89,84964.01,84957.88,84964.01
1791096360,84964,84987.47,84964,84987.46
1791096420,84987.46,84988.01,84987.46,84988.01
1791096480,84988,84993.99,84988,84993.99
1791096540,84993.98,84995.41,84993.98,84995.08
1791096600,84995.09,84995.41,84995.08,84995.41
1791096660,84995.41,85029.83,84995.4,85029.83
1791096720,85029.82,85042,85029.82,85042
1791096780,85041.99,85046.01,85041.99,85046
1791096840,85046.01,85072.54,85046,85072.53
1791096900,85072.53,85072.54,85055.11,85055.11
1791096960,85055.11,85055.12,85052.67,85052.67
1791097020,85052.68,85052.68,85038.27,85040.94
1791097080,85040.94,85040.95,85031.74,85031.74
1791097140,85031.75,85031.75,85031.73,85031.74
1791097200,85031.74,85031.74,85031.73,85031.74
1791097260,85031.73,85031.74,85026.01,85026.01
1791097320,85026.02,85026.02,85022,85022.01
1791097380,85022,85022.01,85022,85022
1791097440,85022.01,85022.01,85016.07,85016.07
1791097500,85016.08,85016.08,85016.07,85016.08
1791097560,85016.08,85016.08,85016.07,85016.07
1791097620,85016.08,85016.08,85016.07,85016.07
1791097680,85016.08,85016.08,85016.07,85016.07
1791097740,85016.08,85016.08,85014,85014
1791097800,85014,85014.01,85009.64,85009.65
1791097860,85009.64,85009.65,85009.64,85009.65
1791097920,85009.65,85009.65,85009.64,85009.64
1791097980,85009.65,85009.65,84992.97,84992.97
1791098040,84992.97,84992.98,84989.12,84989.13
1791098100,84989.13,84989.13,84970.03,84972
1791098160,84972,84972.01,84968.47,84968.48
1791098220,84968.47,84968.48,84948.77,84948.77
1791098280,84948.77,84948.78,84934,84934
1791098340,84934.01,84934.01,84934,84934
1791098400,84934.01,84959.35,84934,84959.35
1791098460,84959.35,84960,84959.34,84960
1791098520,84960,84980.01,84959.99,84980.01
1791098580,84980.01,84988,84980,84987.99
1791098640,84988,84988.74,84987.99,84988.74
1791098700,84988.73,85001.79,84988.73,84996.01
1791098760,84996.01,84996.01,84980.64,84980.65
1791098820,84980.64,84980.65,84980.64,84980.64
1791098880,84980.65,84980.65,84980.64,84980.64
1791098940,84980.65,84980.65,84972.73,84972.74
1791099000,84972.73,84972.74,84936.41,84936.41
1791099060,84936.41,84946.01,84936.41,84944.81
1791099120,84944.82,84944.82,84926.7,84926.7
1791099180,84926.7,84926.71,84926.7,84926.71
1791099240,84926.71,84926.71,84926.7,84926.71
1791099300,84926.71,84949.11,84924.51,84949.1
1791099360,84949.1,84953.98,84949.1,84953.98
1791099420,84953.97,84953.98,84953.97,84953.97
1791099480,84953.98,84953.98,84941.51,84941.53
1791099540,84941.53,84941.53,84935.38,84935.54
1791099600,84935.54,84957.5,84935.53,84957.49
1791099660,84957.5,84957.5,84957.49,84957.49
1791099720,84957.5,84970.57,84957.49,84970.57
1791099780,84970.57,84972.01,84970.56,84972
1791099840,84972,84972.01,84972,84972
1791099900,84972.01,85000,84972,84999.99
1791099960,85000,85000,84999.99,85000
1791100020,84999.99,85000,84999.99,84999.99
1791100080,85000,85016.08,84999.99,85016.07
1791100140,85016.08,85023.56,85016.07,85023.55
1791100200,85023.55,85023.56,85023.55,85023.55
1791100260,85023.55,85031.08,85023.55,85031.08
1791100320,85031.07,85031.08,85031.07,85031.07
1791100380,85031.07,85059.83,85031.07,85058.04
1791100440,85058.04,85058.05,85023.43,85023.43
1791100500,85023.44,85035.95,85023.43,85035.94
1791100560,85035.95,85035.95,85021.92,85025.05
1791100620,85025.05,85067.35,85025.04,85054.25
1791100680,85054.26,85100,85054.26,85099.99
1791100740,85099.99,85112.65,85096,85106
1791100800,85106.01,85121.97,85105.73,85121.97
1791100860,85121.96,85170.19,85121.96,85170.19
1791100920,85170.18,85180.12,85129.99,85132
1791100980,85132,85163.74,85115.99,85116
1791101040,85115.99,85124.15,85115.99,85124.15
1791101100,85124.15,85136.01,85124.14,85136.01
1791101160,85136,85153.65,85130,85130
1791101220,85130,85130.01,85112.49,85112.49
1791101280,85112.49,85112.49,85096.01,85096.02
1791101340,85096.02,85124.18,85096.01,85124.18
1791101400,85124.17,85150,85124.17,85149.99
1791101460,85149.99,85160.01,85149.99,85160
1791101520,85160,85166.01,85160,85166.01
1791101580,85166,85175.54,85166,85175.54
1791101640,85175.54,85175.54,85149.9,85149.9
1791101700,85149.9,85149.91,85149.9,85149.9
1791101760,85149.91,85149.91,85141.74,85141.74
1791101820,85141.74,85148,85134.3,85148
1791101880,85148,85148,85147.99,85148
1791101940,85148,85148,85130,85130.01
1791102000,85130,85130.01,85124,85124
1791102060,85124.01,85131.38,85124,85131.38
1791102120,85131.38,85142.01,85131.37,85142.01
1791102180,85142,85146,85142,85145.99
1791102240,85145.99,85149.96,85145.99,85149.95
1791102300,85149.95,85158,85149.95,85158
1791102360,85158,85183.99,85158,85183.99
1791102420,85183.99,85192.01,85183.99,85192
1791102480,85192,85195.84,85192,85195.84
1791102540,85195.83,85195.84,85136.04,85137.99
1791102600,85137.99,85148.64,85090.09,85090.09
1791102660,85090.1,85098.01,85064,85064.01
1791102720,85064,85085.77,85064,85085.77
1791102780,85085.76,85090.01,85060.65,85067.99
1791102840,85068,85085.02,85067.99,85085.02
1791102900,85085.01,85085.02,85059.02,85059.03
1791102960,85059.03,85065.07,85059.02,85065.06
1791103020,85065.06,85065.07,85053.01,85053.02
1791103080,85053.02,85053.02,85044.56,85044.56
1791103140,85044.56,85044.57,85032.99,85033
1791103200,85033,85068,85032.99,85068
1791103260,85068,85068,85067.99,85068
1791103320,85068,85070,85067.99,85069.99
1791103380,85070,85070.37,85069.99,85070.36
1791103440,85070.36,85077.05,85070.36,85077.04
1791103500,85077.05,85084.95,85077.04,85084.94
1791103560,85084.95,85108,85084.94,85108
1791103620,85107.99,85114.01,85107.99,85114
1791103680,85114.01,85114.01,85114,85114
1791103740,85114.01,85114.01,85114,85114.01
1791103800,85114.01,85118.01,85114,85118
1791103860,85118.01,85118.01,85095.92,85100.23
1791103920,85100.23,85100.23,85100.22,85100.23
1791103980,85100.23,85100.23,85100.22,85100.23
1791104040,85100.23,85100.23,85100.22,85100.22
1791104100,85100.22,85100.23,85100.22,85100.22
1791104160,85100.22,85100.23,85100.22,85100.23
1791104220,85100.23,85100.23,85100.22,85100.22
1791104280,85100.22,85100.23,85100.22,85100.22
1791104340,85100.23,85106.48,85100.22,85106.48
1791104400,85106.48,85106.48,85106.47,85106.48
1791104460,85106.48,85106.48,85106.47,85106.47
1791104520,85106.48,85106.48,85085.72,85085.73
1791104580,85085.73,85085.73,85067.41,85067.41
1791104640,85067.42,85067.42,85067.41,85067.41
1791104700,85067.42,85067.42,85059.9,85059.9
1791104760,85059.91,85072.01,85058.34,85072
1791104820,85072.01,85111.52,85072.01,85111.51
1791104880,85111.51,85122.01,85111.51,85122.01
1791104940,85122,85126.01,85122,85126
1791105000,85126.01,85128.01,85126,85128.01
1791105060,85128.01,85141.96,85128,85141.15
1791105120,85141.14,85141.15,85141.14,85141.15
1791105180,85141.15,85141.15,85141.14,85141.15
1791105240,85141.15,85141.15,85128.01,85128.01
1791105300,85128.02,85140.01,85128.01,85140.01
1791105360,85140,85154.01,85140,85154.01
1791105420,85154.01,85154.01,85154,85154.01
1791105480,85154.01,85165.98,85154.01,85162
1791105540,85162.01,85172.01,85162,85172.01
1791105600,85172.01,85172.01,85172,85172.01
1791105660,85172,85172.01,85172,85172.01
1791105720,85172,85178.01,85172,85178.01
1791105780,85178.01,85201.53,85178,85201.53
1791105840,85201.53,85219.56,85201.52,85202.37
1791105900,85202.37,85212.58,85202.37,85212.57
1791105960,85212.58,85212.58,85201.72,85212.58
1791106020,85212.58,85250.99,85212.58,85237.46
1791106080,85237.45,85264.07,85237.45,85264.06
1791106140,85264.06,85281.69,85264.06,85264.07
1791106200,85264.08,85289.63,85264.07,85278.3
1791106260,85278.3,85278.31,85257.66,85257.67
1791106320,85257.66,85269.79,85257.66,85269.78
1791106380,85269.79,85269.79,85234,85234
1791106440,85234.01,85238.01,85226,85226
1791106500,85226.01,85226.01,85187.22,85195.41
1791106560,85195.41,85219.87,85195.4,85219.86
1791106620,85219.87,85240.01,85219.86,85232.37
1791106680,85232.36,85232.37,85210,85210
1791106740,85210,85232.69,85210,85232.69
1791106800,85232.69,85257.66,85232.68,85257.66
1791106860,85257.65,85280.01,85257.65,85280
1791106920,85280,85294.01,85280,85294.01
1791106980,85294,85294.01,85260.25,85272.47
1791107040,85272.46,85280.01,85272.46,85276
1791107100,85276.01,85288.85,85276,85288.85
1791107160,85288.85,85288.9,85288.84,85288.9
1791107220,85288.9,85318.01,85288.89,85316.01
1791107280,85316,85317.01,85316,85317.01
1791107340,85317.01,85339.55,85280.67,85280.68
1791107400,85280.67,85280.68,85266.15,85266.19
1791107460,85266.18,85266.19,85248.01,85248.01
1791107520,85248.01,85249.23,85248.01,85249.22
1791107580,85249.23,85252.11,85249.22,85252.1
1791107640,85252.11,85252.11,85252.1,85252.11
1791107700,85252.11,85261.67,85252.1,85261.67
1791107760,85261.67,85261.67,85254,85254
1791107820,85254.01,85254.01,85228.39,85233.84
1791107880,85233.84,85249.96,85233.83,85249.95
1791107940,85249.96,85249.96,85233.83,85233.84
1791108000,85233.84,85244,85233.83,85244
1791108060,85244,85244,85234.03,85234.03
1791108120,85234.03,85250,85234.03,85249.99
1791108180,85250,85271.53,85250,85271.53
1791108240,85271.52,85271.53,85262.36,85263.83
1791108300,85263.83,85272.51,85263.83,85272.5
1791108360,85272.51,85282.36,85254.79,85254.79
1791108420,85254.8,85254.8,85254.79,85254.8
1791108480,85254.8,85254.8,85254.79,85254.8
1791108540,85254.8,85254.8,85251.18,85251.67
1791108600,85251.67,85251.68,85245.9,85245.91
1791108660,85245.9,85245.91,85245.9,85245.91
1791108720,85245.9,85245.91,85245.9,85245.91
1791108780,85245.91,85245.91,85223.49,85223.5
1791108840,85223.49,85265.04,85223.49,85265.04
1791108900,85265.03,85289.6,85265.03,85289.59
1791108960,85289.59,85308.01,85289.59,85302.05
1791109020,85302.05,85309.98,85302.04,85309.97
1791109080,85309.97,85390,85309.97,85383.24
1791109140,85383.25,85428.01,85380.01,85390
1791109200,85390,85391.89,85360,85360.01
1791109260,85360,85378.01,85360,85378.01
1791109320,85378,85405.69,85378,85380.01
1791109380,85380,85396.01,85375.08,85375.08
1791109440,85375.09,85375.09,85375.08,85375.09
1791109500,85375.08,85396,85375.08,85396
1791109560,85395.99,85396,85385.62,85389.7
1791109620,85389.71,85408.01,85389.71,85408.01
1791109680,85408,85428,85408,85424
1791109740,85424,85424,85375.06,85375.06
1791109800,85375.07,85391.63,85375.07,85391.61
1791109860,85391.6,85404.84,85387.19,85404.76
1791109920,85404.75,85404.76,85356,85356
1791109980,85356,85384,85356,85384
1791110040,85384,85384,85339.99,85339.99
1791110100,85340,85340,85320,85320
1791110160,85320,85320.01,85293.43,85293.44
1791110220,85293.43,85293.44,85293.42,85293.43
1791110280,85293.43,85320.01,85293.42,85320
1791110340,85320,85320.01,85300,85310.79
1791110400,85310.79,85310.8,85306,85306.01
1791110460,85306.01,85346.43,85302.16,85346.43
1791110520,85346.43,85346.43,85343.03,85343.04
1791110580,85343.03,85343.04,85343.03,85343.04
1791110640,85343.03,85343.04,85332.35,85338.01
1791110700,85338.01,85342.76,85338,85342.76
1791110760,85342.76,85342.76,85342.75,85342.75
1791110820,85342.75,85342.76,85320.37,85320.37
1791110880,85320.38,85330.72,85320.37,85330.71
1791110940,85330.72,85330.72,85330.71,85330.72
1791111000,85330.72,85330.72,85330.71,85330.71
1791111060,85330.72,85344.81,85330.71,85334.69
1791111120,85334.69,85334.69,85334.68,85334.68
1791111180,85334.69,85334.69,85334.68,85334.69
1791111240,85334.69,85334.69,85334.68,85334.68
1791111300,85334.68,85334.69,85334.68,85334.68
1791111360,85334.68,85334.69,85334.68,85334.68
1791111420,85334.68,85334.69,85302.01,85302.02
1791111480,85302.01,85302.02,85277.18,85277.18
1791111540,85277.19,85277.19,85254.63,85264.01
1791111600,85264.01,85264.01,85254.57,85254.58
1791111660,85254.58,85254.58,85250,85250
1791111720,85250.01,85250.01,85224,85224
1791111780,85224.01,85224.01,85217.79,85217.8
1791111840,85217.8,85217.8,85203.65,85203.66
1791111900,85203.65,85262.01,85203.65,85262.01
1791111960,85262,85263.09,85262,85263.08
1791112020,85263.09,85263.09,85263.08,85263.08
1791112080,85263.09,85263.09,85263.08,85263.08
1791112140,85263.09,85263.09,85263.08,85263.08
1791112200,85263.09,85272.53,85263.08,85272.53
1791112260,85272.52,85272.53,85272.52,85272.53
1791112320,85272.53,85272.53,85272,85272.01
1791112380,85272,85272.01,85261.78,85261.79
1791112440,85261.78,85263.44,85255.98,85263.44
1791112500,85263.43,85272.55,85263.43,85272.55
1791112560,85272.55,85280,85272.54,85279.99
1791112620,85280,85280,85277.26,85277.26
1791112680,85277.26,85277.27,85277.26,85277.27
1791112740,85277.26,85277.27,85262.95,85262.96
1791112800,85262.96,85284.01,85262.95,85284.01
1791112860,85284.01,85293.35,85284,85288.01
1791112920,85288,85288.01,85288,85288
1791112980,85288,85288.01,85288,85288.01
1791113040,85288.01,85288.01,85288,85288.01
1791113100,85288.01,85288.01,85288,85288.01
1791113160,85288,85312.01,85288,85312
1791113220,85312,85320.16,85312,85320.16
1791113280,85320.16,85320.16,85310,85310
1791113340,85310.01,85312.01,85310,85312.01
1791113400,85312,85315.14,85312,85315.13
1791113460,85315.14,85315.14,85315.13,85315.13
1791113520,85315.14,85315.14,85304.75,85307.48
1791113580,85307.49,85315.12,85307.48,85315.12
1791113640,85315.12,85315.12,85315.11,85315.11
1791113700,85315.12,85315.12,85299.68,85299.69
1791113760,85299.68,85299.69,85299.25,85299.25
1791113820,85299.25,85299.26,85299.25,85299.26
1791113880,85299.26,85299.26,85273.6,85273.6
1791113940,85273.61,85273.61,85272.61,85272.62
1791114000,85272.61,85272.62,85271.71,85271.71
1791114060,85271.72,85275.82,85271.71,85275.82
1791114120,85275.82,85282.65,85275.81,85282.65
1791114180,85282.64,85285.49,85267.86,85267.87
1791114240,85267.87,85274.73,85267.86,85274.73
1791114300,85274.72,85280.94,85274.72,85280.94
1791114360,85280.93,85280.94,85280.93,85280.94
1791114420,85280.94,85280.94,85280.93,85280.93
1791114480,85280.93,85280.94,85268.37,85268.37
1791114540,85268.38,85275.19,85260,85275.19
1791114600,85275.18,85280.94,85275.18,85280.94
1791114660,85280.94,85280.94,85280.93,85280.94
1791114720,85280.94,85280.94,85280.93,85280.94
1791114780,85280.94,85302.01,85280.93,85302
1791114840,85302.01,85302.01,85302,85302
1791114900,85302.01,85302.01,85302,85302
1791114960,85302,85302.01,85302,85302
1791115020,85302,85302.01,85302,85302
1791115080,85302.01,85302.01,85297.9,85297.91
1791115140,85297.9,85309.47,85297.9,85309.46
1791115200,85309.47,85311.99,85309.46,85311.98
1791115260,85311.98,85340,85311.98,85340
1791115320,85339.99,85341.65,85339.99,85341.64
1791115380,85341.65,85341.65,85341.64,85341.64
1791115440,85341.64,85341.65,85341.64,85341.65
1791115500,85341.64,85345.07,85341.64,85345.06
1791115560,85345.07,85361.61,85345.06,85361.61
1791115620,85361.61,85370.38,85361.6,85370.37
1791115680,85370.38,85370.88,85370.37,85370.87
1791115740,85370.88,85370.88,85370.87,85370.87
1791115800,85370.87,85377.69,85370.87,85377.68
1791115860,85377.68,85389,85369.31,85369.38
1791115920,85369.39,85369.39,85310,85310.01
1791115980,85310.01,85310.01,85287.99,85288
1791116040,85288.01,85288.01,85236.42,85236.43
1791116100,85236.42,85236.43,85236.42,85236.42
1791116160,85236.42,85236.43,85184.72,85191.57
1791116220,85191.57,85213.28,85175.99,85206.02
1791116280,85206.02,85267.74,85206.02,85267.73
1791116340,85267.73,85267.74,85244.76,85246
1791116400,85246.01,85246.01,85246,85246
1791116460,85246.01,85286.98,85246,85286.97
1791116520,85286.97,85297.76,85286.97,85297.76
1791116580,85297.75,85298.01,85281.7,85281.7
1791116640,85281.71,85288,85272.17,85282.28
1791116700,85282.27,85296.01,85282.27,85294.67
1791116760,85294.67,85294.67,85290,85290.01
1791116820,85290,85290.01,85284.16,85284.17
1791116880,85284.17,85286.91,85284.13,85284.13
1791116940,85284.14,85284.14,85276,85276
1791117000,85276.01,85288,85276,85288
1791117060,85288,85300.71,85287.99,85300.71
1791117120,85300.7,85300.71,85263.91,85263.92
1791117180,85263.92,85280.01,85263.91,85280
1791117240,85280,85280.01,85278,85278.01
1791117300,85278.01,85278.01,85262.23,85262.23
1791117360,85262.24,85262.24,85251.5,85251.51
1791117420,85251.51,85251.51,85251.5,85251.5
1791117480,85251.5,85251.51,85251.5,85251.51
1791117540,85251.5,85251.51,85251,85251
1791117600,85251,85251.01,85250.73,85250.73
1791117660,85250.73,85250.74,85250.73,85250.74
1791117720,85250.73,85250.74,85240.97,85242.01
1791117780,85242,85242.01,85242,85242
1791117840,85242.01,85242.01,85197.26,85197.26
1791117900,85197.27,85215.61,85197.26,85202.64
1791117960,85202.65,85209.91,85148,85156.55
1791118020,85156.56,85178,85156.55,85162.01
1791118080,85162,85162,85160,85160.01
1791118140,85160.01,85160.01,85160,85160.01
1791118200,85160.01,85165.25,85160,85165.25
1791118260,85165.25,85165.25,85165.24,85165.25
1791118320,85165.24,85165.25,85156.28,85156.28
1791118380,85156.28,85156.29,85155.26,85155.26
1791118440,85155.27,85155.27,85112.88,85136.9
1791118500,85136.91,85144,85097.19,85104.15
1791118560,85104.14,85107.93,85098,85105.78
1791118620,85105.79,85112.51,85105.78,85112.51
1791118680,85112.51,85133.41,85112.5,85133.41
1791118740,85133.4,85134.01,85127.94,85127.94
1791118800,85127.94,85127.95,85122.64,85122.65
1791118860,85122.64,85132.01,85122.64,85132
1791118920,85132.01,85135.07,85126.54,85126.54
1791118980,85126.54,85126.54,85126.39,85126.4
1791119040,85126.4,85126.4,85125.99,85126.39
1791119100,85126.39,85138.13,85126.38,85138.13
1791119160,85138.13,85146.01,85138.12,85146
1791119220,85146.01,85156.28,85146,85156.01
1791119280,85156.02,85156.02,85146.21,85146.21
1791119340,85146.22,85146.22,85126.02,85126.02
1791119400,85126.02,85126.03,85126.02,85126.02
1791119460,85126.03,85126.03,85126.02,85126.02
1791119520,85126.03,85146.01,85126.02,85146
1791119580,85146,85153.64,85146,85153.63
1791119640,85153.63,85161.83,85153.63,85161.82
1791119700,85161.83,85174.01,85161.82,85174.01
1791119760,85174.01,85200,85174,85200
1791119820,85199.99,85208.01,85187.09,85187.1
1791119880,85187.1,85187.1,85187.09,85187.09
1791119940,85187.1,85187.1,85161.8,85161.81
1791120000,85161.81,85179.46,85161.8,85179.46
1791120060,85179.46,85188.01,85179.45,85188.01
1791120120,85188,85192.01,85188,85192
1791120180,85192,85192.01,85192,85192.01
1791120240,85192.01,85204.01,85192,85204.01
1791120300,85204.01,85211.63,85204,85211.62
1791120360,85211.62,85220,85211.62,85214.58
1791120420,85214.57,85214.58,85211.37,85211.38
1791120480,85211.38,85226.01,85211.37,85226.01
1791120540,85226.01,85226.01,85226,85226
1791120600,85226.01,85248.17,85226,85248.17
1791120660,85248.16,85263.83,85248.16,85258.48
1791120720,85258.47,85258.48,85258.47,85258.48
1791120780,85258.48,85258.48,85258.47,85258.47
1791120840,85258.47,85258.48,85258.47,85258.48
1791120900,85258.47,85258.48,85232.9,85232.9
1791120960,85232.9,85249.36,85229.75,85249.35
1791121020,85249.35,85282.01,85249.35,85282.01
1791121080,85282,85321.41,85282,85288.36
1791121140,85288.36,85288.37,85258.47,85258.47
1791121200,85258.47,85258.48,85246.96,85246.97
1791121260,85246.97,85246.97,85216,85216
1791121320,85216.01,85216.01,85204.95,85213.48
1791121380,85213.47,85240.01,85213.47,85230.01
1791121440,85230.01,85234,85222,85228.02
1791121500,85228.02,85228.02,85214.81,85214.82
1791121560,85214.81,85257.26,85214,85257.26
1791121620,85257.26,85273.55,85257.26,85273.55
1791121680,85273.54,85281.04,85273.54,85281.04
1791121740,85281.03,85290.01,85281.03,85290.01
1791121800,85290,85290.01,85284,85284
1791121860,85284.01,85284.01,85273.54,85273.55
1791121920,85273.54,85273.55,85273.54,85273.54
1791121980,85273.55,85273.55,85264.75,85264.76
1791122040,85264.76,85264.76,85264.75,85264.76
1791122100,85264.76,85264.76,85252.28,85252.29
1791122160,85252.29,85252.29,85252.28,85252.29
1791122220,85252.28,85252.29,85248.5,85248.5
1791122280,85248.5,85248.51,85241.14,85241.14
1791122340,85241.15,85241.15,85241.14,85241.14
1791122400,85241.15,85241.15,85241.14,85241.15
1791122460,85241.14,85241.15,85240,85240.01
1791122520,85240.01,85240.01,85238,85239.38
1791122580,85239.38,85239.38,85218.01,85233.51
1791122640,85233.5,85245.17,85233.5,85245.16
1791122700,85245.16,85245.17,85245.16,85245.16
1791122760,85245.17,85245.17,85245.16,85245.16
1791122820,85245.17,85245.17,85212.97,85212.98
1791122880,85212.98,85212.98,85212.97,85212.97
1791122940,85212.97,85212.98,85212.97,85212.97
1791123000,85212.98,85212.98,85196,85196.01
1791123060,85196,85196.01,85161.42,85161.43
1791123120,85161.42,85196,85161.42,85196
1791123180,85196,85199.38,85196,85199.38
1791123240,85199.38,85210,85199.37,85209.99
1791123300,85209.99,85210,85209.99,85210
1791123360,85209.99,85210,85204,85204.01
1791123420,85204,85204.01,85203.55,85203.56
1791123480,85203.55,85203.56,85182.52,85182.52
1791123540,85182.52,85182.53,85164.25,85164.26
1791123600,85164.25,85164.26,85138,85138.13
1791123660,85138.13,85138.14,85138.13,85138.14
1791123720,85138.13,85154.41,85132.25,85154.41
1791123780,85154.4,85161.61,85154.4,85161.6
1791123840,85161.61,85161.61,85161.6,85161.6
1791123900,85161.61,85170.91,85161.6,85170.91
1791123960,85170.91,85178.18,85170,85170.01
1791124020,85170,85187.96,85170,85187.96
1791124080,85187.95,85194.22,85187.95,85188.01
1791124140,85188,85188,85187.77,85187.77
1791124200,85187.78,85187.78,85181.33,85181.33
1791124260,85181.33,85198.83,85181.33,85183.86
1791124320,85183.85,85183.86,85182.96,85182.97
1791124380,85182.96,85193.1,85182.9,85182.91
1791124440,85182.91,85182.92,85182.9,85182.91
1791124500,85182.91,85196.27,85170.92,85195.46
1791124560,85195.46,85195.46,85161.51,85161.51
1791124620,85161.52,85161.52,85151.17,85151.17
1791124680,85151.18,85151.18,85139.09,85139.09
1791124740,85139.09,85139.1,85139.09,85139.09
1791124800,85139.1,85139.1,85126.87,85126.88
1791124860,85126.87,85126.88,85126.87,85126.87
1791124920,85126.87,85126.88,85126.86,85126.87
1791124980,85126.87,85126.87,85126.85,85126.85
1791125040,85126.86,85126.86,85126.85,85126.85
1791125100,85126.85,85126.86,85126.85,85126.85
1791125160,85126.86,85126.86,85118,85118
1791125220,85118.01,85136.93,85094,85109.53
1791125280,85109.53,85118.17,85106.24,85106.25
1791125340,85106.25,85124.01,85106.24,85124.01
1791125400,85124.01,85139.1,85124,85139.1
1791125460,85139.09,85163.46,85139.09,85163.46
1791125520,85163.46,85210,85163.45,85210
1791125580,85210,85222.54,85209.99,85222.53
1791125640,85222.54,85234.01,85222.53,85234
1791125700,85234,85245.16,85234,85245.16
1791125760,85245.16,85245.16,85243.26,85243.26
1791125820,85243.26,85271.23,85243.26,85271.22
1791125880,85271.23,85280,85271.22,85271.23
1791125940,85271.23,85278.45,85271.22,85278.44
1791126000,85278.45,85278.45,85278.44,85278.45
1791126060,85278.44,85293.84,85278.44,85293.83
1791126120,85293.83,85298.04,85280,85298.04
1791126180,85298.03,85330,85298.03,85329.99
1791126240,85329.99,85366.66,85326,85326.01
1791126300,85326.01,85326.01,85320.34,85320.35
1791126360,85320.35,85320.35,85290,85290
1791126420,85290,85290.01,85268,85268.01
1791126480,85268.01,85268.01,85242.65,85242.66
1791126540,85242.65,85250,85242.65,85250
1791126600,85250,85269.65,85249.99,85269.65
1791126660,85269.65,85300,85269.65,85300
1791126720,85299.99,85300,85299.99,85300
1791126780,85300,85326,85299.99,85326
1791126840,85326,85348.01,85325.99,85347.6
1791126900,85347.6,85358.38,85347.6,85356
1791126960,85356,85356,85349.12,85349.13
1791127020,85349.13,85358.38,85349.12,85358.38
1791127080,85358.38,85366.92,85358.36,85358.37
1791127140,85358.37,85460.01,85358.36,85446
1791127200,85446,85461.53,85424,85454
1791127260,85454.01,85470,85399.42,85399.43
1791127320,85399.42,85402.01,85385.15,85402.01
1791127380,85402.01,85402.01,85382,85382
1791127440,85382.01,85382.01,85348.33,85348.34
1791127500,85348.33,85348.34,85304,85304.01
1791127560,85304,85304,85291.35,85291.35
1791127620,85291.35,85350,85284.47,85350
1791127680,85350,85354.01,85342,85342
1791127740,85342,85342,85320,85320.01
1791127800,85320.01,85320.01,85294,85294
1791127860,85294,85299.38,85288.01,85299.38
1791127920,85299.38,85304.8,85299.37,85304.8
1791127980,85304.8,85314.58,85299.38,85299.38
1791128040,85299.39,85299.39,85299.38,85299.39
1791128100,85299.38,85299.39,85289.71,85289.74
1791128160,85289.74,85289.74,85284.98,85289.74
1791128220,85289.74,85289.74,85286.55,85286.55
1791128280,85286.56,85296.57,85286.55,85296.57
1791128340,85296.56,85300,85296.56,85299.99
1791128400,85299.99,85320.01,85299.99,85320.01
1791128460,85320,85326.01,85320,85326.01
1791128520,85326.01,85349.19,85326,85349.18
1791128580,85349.19,85349.19,85342.77,85342.77
1791128640,85342.78,85342.78,85342.77,85342.78
1791128700,85342.77,85342.78,85342.77,85342.78
1791128760,85342.77,85342.78,85342.77,85342.78
1791128820,85342.77,85342.78,85342.77,85342.77
1791128880,85342.78,85398.33,85342.77,85360.33
1791128940,85360.33,85360.33,85342.61,85342.62
1791129000,85342.62,85342.62,85342.61,85342.61
1791129060,85342.62,85342.62,85342.61,85342.62
1791129120,85342.62,85342.62,85342.61,85342.62
1791129180,85342.62,85342.62,85340.58,85340.59
1791129240,85340.58,85340.59,85326.98,85326.98
1791129300,85326.99,85326.99,85323.09,85323.09
1791129360,85323.1,85323.1,85323.09,85323.09
1791129420,85323.09,85323.1,85320,85320
1791129480,85320.01,85320.01,85306,85306
1791129540,85306,85306.01,85256,85256.01
1791129600,85256.01,85256.01,85256,85256.01
1791129660,85256.01,85263.91,85256,85256.02
1791129720,85256.02,85256.02,85230.54,85230.54
1791129780,85230.54,85230.55,85200,85202.12
1791129840,85202.11,85202.12,85184.46,85190.01
1791129900,85190,85190.01,85178.49,85184
1791129960,85184.01,85184.01,85184,85184.01
1791130020,85184.01,85220.66,85184.01,85220.66
1791130080,85220.65,85233.52,85220.65,85233.52
1791130140,85233.52,85256.01,85233.51,85256.01
1791130200,85256.01,85295.3,85256,85280.01
1791130260,85280.01,85280.02,85256.01,85259.38
1791130320,85259.37,85259.38,85259.37,85259.37
1791130380,85259.38,85259.38,85259.37,85259.37
1791130440,85259.38,85291.1,85259.37,85291.1
1791130500,85291.09,85296.01,85291.09,85296.01
1791130560,85296.01,85309.9,85296,85309.9
1791130620,85309.89,85309.9,85267.19,85267.19
1791130680,85267.2,85270.01,85267.19,85270.01
1791130740,85270,85270.01,85270,85270.01
1791130800,85270,85270.01,85270,85270.01
1791130860,85270,85270.01,85234.85,85234.86
1791130920,85234.85,85234.86,85234.85,85234.85
1791130980,85234.86,85235.38,85208,85235.37
1791131040,85235.37,85235.38,85235.37,85235.37
1791131100,85235.37,85235.38,85219.51,85219.52
1791131160,85219.52,85219.52,85219.51,85219.51
1791131220,85219.51,85219.52,85219.51,85219.51
1791131280,85219.52,85243.71,85219.51,85243.7
1791131340,85243.71,85243.71,85243.7,85243.71
1791131400,85243.7,85270,85243.7,85270
1791131460,85269.99,85270.01,85269.99,85270.01
1791131520,85270.01,85276.01,85270,85276.01
1791131580,85276.01,85297,85276,85296.99
1791131640,85296.99,85301.68,85296.99,85301.68
1791131700,85301.67,85301.68,85301.67,85301.67
1791131760,85301.67,85301.68,85301.67,85301.68
1791131820,85301.67,85315.55,85301.67,85315.55
1791131880,85315.55,85315.55,85315.53,85315.54
1791131940,85315.53,85334.01,85315.04,85323.1
1791132000,85323.09,85330.43,85323.09,85330.42
1791132060,85330.42,85330.43,85330.42,85330.43
1791132120,85330.42,85337.78,85330.42,85337.78
1791132180,85337.77,85345.37,85337.77,85345.37
1791132240,85345.36,85345.37,85345.36,85345.37
1791132300,85345.37,85345.37,85331.59,85336.19
1791132360,85336.19,85336.19,85336.18,85336.18
1791132420,85336.19,85340.01,85336.18,85340.01
1791132480,85340.01,85350,85340,85349.99
1791132540,85349.99,85433.16,85349.99,85432.01
1791132600,85432.01,85432.01,85382,85382.01
1791132660,85382,85394.01,85382,85394.01
1791132720,85394.01,85394.01,85377.8,85377.8
1791132780,85377.8,85377.81,85372,85372
1791132840,85372,85372.01,85360,85360
1791132900,85360,85361.85,85348.51,85361.84
1791132960,85361.84,85377.8,85361.84,85377.79
1791133020,85377.8,85377.8,85377.79,85377.79
1791133080,85377.79,85377.8,85377.79,85377.79
1791133140,85377.8,85377.8,85374,85374
1791133200,85374,85374.01,85374,85374.01
1791133260,85374.01,85386.01,85374,85380.46
1791133320,85380.46,85380.47,85369.77,85369.77
1791133380,85369.78,85374.57,85368,85374.57
1791133440,85374.57,85386.01,85374.57,85386
1791133500,85386,85392.01,85386,85392.01
1791133560,85392.01,85392.01,85392,85392.01
1791133620,85392.01,85392.01,85368,85368
1791133680,85368,85368.01,85342.38,85357.14
1791133740,85357.14,85357.14,85340,85340
1791133800,85340.01,85340.01,85340,85340.01
1791133860,85340,85340.01,85332.66,85332.67
1791133920,85332.66,85332.67,85317.84,85317.85
1791133980,85317.85,85317.85,85317.84,85317.85
1791134040,85317.85,85317.85,85317.84,85317.84
1791134100,85317.85,85317.85,85317.84,85317.84
1791134160,85317.85,85317.85,85317.84,85317.85
1791134220,85317.85,85326,85317.84,85325.99
1791134280,85326,85326,85325.99,85326
1791134340,85326,85326,85325.99,85326
1791134400,85326,85331.83,85325.99,85331.82
1791134460,85331.82,85331.83,85331.82,85331.82
1791134520,85331.82,85331.83,85330.45,85330.46
1791134580,85330.46,85348.01,85330.45,85348
1791134640,85348,85348.01,85348,85348
1791134700,85348.01,85371.13,85348,85371.12
1791134760,85371.13,85391.46,85371.12,85391.45
1791134820,85391.46,85391.46,85391.45,85391.46
1791134880,85391.45,85391.46,85386,85386.01
1791134940,85386.01,85386.01,85386,85386
1791135000,85386,85386.01,85386,85386.01
1791135060,85386.01,85401.2,85386,85397.65
1791135120,85397.65,85402.28,85397.64,85402.28
1791135180,85402.27,85405.46,85398,85398.01
1791135240,85398,85398.01,85372,85372
1791135300,85372,85372.01,85372,85372.01
1791135360,85372,85372.01,85372,85372
1791135420,85372.01,85372.01,85367.06,85367.06
1791135480,85367.06,85367.07,85348,85348
1791135540,85348,85348.01,85341.16,85341.17
1791135600,85341.16,85341.17,85341.16,85341.16
1791135660,85341.17,85341.17,85341.16,85341.17
1791135720,85341.17,85341.17,85336.27,85336.28
1791135780,85336.27,85364,85336.27,85364
1791135840,85364,85420,85364,85420
1791135900,85420,85438.15,85409.5,85438.15
1791135960,85438.15,85454.01,85438.15,85438.61
1791136020,85438.61,85447.98,85438.61,85438.67
1791136080,85438.67,85438.67,85396.28,85396.29
1791136140,85396.29,85408.01,85391.46,85391.47
1791136200,85391.47,85391.47,85386,85386.01
1791136260,85386,85386.01,85386,85386.01
1791136320,85386.01,85386.01,85372.01,85372.01
1791136380,85372.02,85372.02,85338.87,85340.04
1791136440,85340.04,85340.04,85330.01,85334.01
1791136500,85334,85342.53,85334,85342.52
1791136560,85342.52,85342.53,85342.52,85342.52
1791136620,85342.53,85342.53,85319.52,85319.52
1791136680,85319.52,85330.01,85319.52,85319.53
1791136740,85319.54,85319.54,85319.53,85319.53
1791136800,85319.54,85327.96,85319.52,85327.96
1791136860,85327.95,85327.95,85319.52,85319.52
1791136920,85319.52,85332.9,85319.52,85332.9
1791136980,85332.9,85332.9,85332.89,85332.89
1791137040,85332.89,85332.89,85330.15,85330.16
1791137100,85330.15,85340.04,85330.15,85340.03
1791137160,85340.03,85340.04,85320.01,85320.02
1791137220,85320.02,85321.39,85312.57,85312.57
1791137280,85312.57,85312.58,85312.57,85312.58
1791137340,85312.57,85312.58,85312.57,85312.57
1791137400,85312.58,85319.34,85312.57,85319.34
1791137460,85319.33,85319.34,85319.33,85319.33
1791137520,85319.34,85319.34,85319.33,85319.33
1791137580,85319.34,85319.34,85319.33,85319.33
1791137640,85319.33,85319.34,85319.33,85319.34
1791137700,85319.34,85326.78,85319.33,85326.78
1791137760,85326.78,85338.01,85326.77,85338.01
1791137820,85338.01,85338.01,85328,85333.91
1791137880,85333.9,85333.91,85333.9,85333.9
1791137940,85333.91,85333.91,85319.28,85319.28
1791138000,85319.29,85319.29,85319.28,85319.28
1791138060,85319.29,85319.29,85319.28,85319.29
1791138120,85319.28,85319.29,85319.28,85319.28
1791138180,85319.29,85319.29,85319.28,85319.28
1791138240,85319.29,85319.29,85319.28,85319.28
1791138300,85319.29,85319.29,85313.14,85313.15
1791138360,85313.15,85313.39,85312.01,85313.39
1791138420,85313.38,85319.29,85313.38,85319.28
1791138480,85319.29,85319.29,85319.28,85319.28
1791138540,85319.29,85325.98,85319.28,85325.98
1791138600,85325.97,85329.54,85325.97,85329.54
1791138660,85329.54,85342,85329.54,85342
1791138720,85342,85349.15,85341.99,85349.15
1791138780,85349.14,85349.15,85322.13,85322.13
1791138840,85322.14,85322.14,85322.13,85322.13
1791138900,85322.13,85325.74,85322.13,85325.74
1791138960,85325.74,85325.74,85324.43,85324.43
1791139020,85324.44,85324.44,85318,85318
1791139080,85318.01,85318.01,85318,85318
1791139140,85318.01,85318.01,85318,85318
1791139200,85318.01,85327.45,85318,85327.44
1791139260,85327.45,85327.45,85327.44,85327.44
1791139320,85327.45,85331.76,85327.44,85331.76
1791139380,85331.75,85333.72,85331.75,85333.72
1791139440,85333.71,85342.24,85333.71,85342.24
1791139500,85342.24,85342.24,85342.23,85342.23
1791139560,85342.24,85345.96,85342.23,85345.96
1791139620,85345.96,85345.96,85345.95,85345.96
1791139680,85345.95,85345.96,85342.26,85342.26
1791139740,85342.26,85342.36,85332,85342.36
1791139800,85342.37,85342.37,85342.36,85342.36
1791139860,85342.36,85342.37,85342.36,85342.36
1791139920,85342.37,85342.37,85342.36,85342.37
1791139980,85342.37,85342.37,85342.36,85342.36
1791140040,85342.36,85350,85342.36,85350
1791140100,85349.99,85353.76,85349.99,85353.76
1791140160,85353.76,85356.17,85353.75,85354
1791140220,85353.99,85354,85353.99,85354
1791140280,85354,85358.01,85353.99,85358.01
1791140340,85358,85361.99,85336,85338.84
1791140400,85338.84,85338.84,85338.82,85338.82
1791140460,85338.83,85362.01,85338.82,85362
1791140520,85362.01,85362.01,85360,85360.02
1791140580,85360.02,85360.54,85360.01,85360.53
1791140640,85360.54,85388,85360.54,85388
1791140700,85388,85388.01,85387.99,85388.01
1791140760,85388.01,85406.01,85388,85406.01
1791140820,85406.01,85408.01,85374.34,85376.07
1791140880,85376.07,85376.15,85376.07,85376.15
1791140940,85376.14,85382.71,85376.14,85382.7
1791141000,85382.71,85382.71,85382.7,85382.71
1791141060,85382.71,85382.71,85382.7,85382.71
1791141120,85382.71,85382.71,85382.7,85382.7
1791141180,85382.71,85382.71,85382.7,85382.71
1791141240,85382.71,85387.99,85382.7,85387.99
1791141300,85387.99,85391.21,85387.98,85391.21
1791141360,85391.21,85391.22,85391.2,85391.22
1791141420,85391.22,85391.22,85391.21,85391.21
1791141480,85391.22,85391.22,85391.21,85391.22
1791141540,85391.21,85391.22,85391.21,85391.21
1791141600,85391.22,85396.37,85391.21,85396.37
1791141660,85396.37,85396.37,85396.36,85396.37
1791141720,85396.36,85396.37,85387.99,85388
1791141780,85387.99,85389.4,85387.99,85389.39
1791141840,85389.4,85396.01,85389.39,85396.01
1791141900,85396.01,85414.3,85396,85414.3
1791141960,85414.3,85419,85404.22,85404.22
1791142020,85404.23,85468.01,85404.22,85468
1791142080,85468,85468.01,85466,85466.01
1791142140,85466,85466.01,85462.49,85462.5
1791142200,85462.5,85462.5,85462.49,85462.5
1791142260,85462.5,85550,85462.49,85522.33
1791142320,85522.33,85522.34,85487.31,85487.32
1791142380,85487.32,85524.01,85487.32,85506
1791142440,85505.99,85574.01,85505.99,85533.58
1791142500,85533.57,85542.01,85522.01,85522.02
1791142560,85522.02,85522.02,85522.01,85522.01
1791142620,85522.01,85522.01,85505.58,85505.59
1791142680,85505.58,85505.59,85497.49,85497.49
1791142740,85497.5,85497.5,85478,85478
1791142800,85478.01,85478.01,85450.63,85450.64
1791142860,85450.63,85456.01,85399.63,85399.64
1791142920,85399.64,85411.07,85399.64,85400.4
1791142980,85400.4,85428.01,85400.4,85428.01
1791143040,85428.01,85438.86,85428,85438.86
1791143100,85438.86,85446.01,85429.67,85429.68
1791143160,85429.67,85433.59,85429.67,85433.59
1791143220,85433.59,85445.81,85433.59,85438.01
1791143280,85438.01,85438.57,85438,85438.57
1791143340,85438.57,85460.84,85438.56,85460.83
1791143400,85460.84,85460.84,85432,85432.05
1791143460,85432.05,85442.34,85432.05,85442.34
1791143520,85442.34,85442.34,85442.16,85442.17
1791143580,85442.16,85442.17,85440,85440
1791143640,85440,85440.01,85422.93,85422.94
1791143700,85422.93,85431.47,85422.93,85431.46
1791143760,85431.46,85431.46,85430.79,85430.8
1791143820,85430.79,85430.8,85427.99,85428
1791143880,85427.99,85428,85427.99,85428
1791143940,85428,85428,85427.99,85428
1791144000,85428,85428,85424.39,85424.39
1791144060,85424.39,85424.4,85407.03,85407.03
1791144120,85407.04,85441.19,85407.03,85441.19
1791144180,85441.19,85441.19,85430,85430.02
1791144240,85430.02,85430.03,85421.47,85421.48
1791144300,85421.47,85421.47,85408.64,85408.64
1791144360,85408.64,85408.65,85408.64,85408.64
1791144420,85408.65,85408.65,85402,85402.01
1791144480,85402,85402.01,85396.32,85396.33
1791144540,85396.33,85396.33,85396.32,85396.33
1791144600,85396.33,85402.01,85396.32,85402.01
1791144660,85402.01,85402.01,85402,85402.01
1791144720,85402.01,85408.01,85402,85408
1791144780,85408,85420.01,85408,85418.01
1791144840,85418.01,85435.4,85418,85435.39
1791144900,85435.39,85444.01,85435.39,85444.01
1791144960,85444,85451.73,85444,85451.73
1791145020,85451.73,85472.1,85451.72,85472.1
1791145080,85472.1,85483.9,85472.1,85483.9
1791145140,85483.9,85483.9,85472.08,85478.01
1791145200,85478.01,85492.23,85478,85492.23
1791145260,85492.22,85492.23,85492.22,85492.22
1791145320,85492.23,85492.23,85484,85484
1791145380,85484,85484.01,85478.01,85478.01
1791145440,85478.01,85478.02,85474,85474
1791145500,85474.01,85474.01,85474,85474
1791145560,85474,85474,85453.74,85453.74
1791145620,85453.74,85453.74,85453.73,85453.73
1791145680,85453.73,85465.37,85453.73,85465.36
1791145740,85465.36,85474.3,85465.36,85474.3
1791145800,85474.3,85474.31,85450.01,85450.01
1791145860,85450.02,85450.02,85445.46,85445.46
1791145920,85445.46,85446.34,85445.46,85446.34
1791145980,85446.34,85508.01,85446.34,85508.01
1791146040,85508.01,85562.01,85508.01,85562.01
1791146100,85562,85600.01,85562,85600
1791146160,85600,85615.4,85600,85607.38
1791146220,85607.37,85646,85607.37,85640.01
1791146280,85640.01,85666.01,85578.16,85578.17
1791146340,85578.16,85606.01,85574.13,85602.89
1791146400,85602.88,85613.5,85602.88,85613.5
1791146460,85613.49,85629.87,85608.97,85629.87
1791146520,85629.87,85666.56,85629.86,85666.55
1791146580,85666.55,85763.48,85653.18,85762.49
1791146640,85762.48,85766.48,85754.86,85758.98
1791146700,85758.98,85758.98,85711.22,85724.69
1791146760,85724.7,85760,85724.69,85759.99
1791146820,85760,85876.84,85759.99,85820.54
1791146880,85820.53,85871.46,85813.4,85839.44
1791146940,85839.45,85839.45,85807.02,85817.69
1791147000,85817.7,85844.95,85817.69,85844.95
1791147060,85844.94,85856.12,85824.99,85825
1791147120,85825,85860.3,85824.99,85828.22
1791147180,85828.22,85838.95,85769.67,85769.68
1791147240,85769.68,85808.81,85769.67,85808.8
1791147300,85808.81,85838,85808.8,85838
1791147360,85838,85858.77,85837.99,85850.56
1791147420,85850.57,85850.57,85812.49,85815.46
1791147480,85815.46,85826.01,85815.46,85826.01
1791147540,85826,85838.87,85824.44,85824.44
1791147600,85824.45,85864.58,85808.23,85808.23
1791147660,85808.23,85835.03,85790.4,85834.73
1791147720,85834.72,85895.97,85834.72,85889.56
1791147780,85889.56,85889.57,85850.59,85850.59
1791147840,85850.59,85862.18,85833.48,85836.26
1791147900,85836.26,85864.69,85836.26,85864.68
1791147960,85864.68,85864.69,85864.68,85864.68
1791148020,85864.69,85864.69,85845.39,85847.41
1791148080,85847.41,85888,85847.41,85888
1791148140,85887.99,85895.97,85876.68,85879.43
1791148200,85879.43,85940,85879.43,85939.99
1791148260,85939.99,86066.22,85939.99,86048.14
1791148320,86048.13,86048.13,86010.14,86015.54
1791148380,86015.54,86039.58,85969.44,86008.1
1791148440,86007.64,86050.85,85994.14,86028.03
1791148500,86028.02,86036.39,85981.03,85997.39
1791148560,85997.39,86061.89,85982.39,86052.43
1791148620,86052.42,86052.43,86022.79,86022.79
1791148680,86022.79,86032.12,86022.79,86032.12
1791148740,86032.12,86042.1,86005.09,86005.09
1791148800,86005.09,86005.09,85854.68,85854.68
1791148860,85854.69,85867.03,85778.78,85788.14
1791148920,85788.15,85846.51,85786.87,85846.5
1791148980,85846.51,85854.45,85797.71,85797.72
1791149040,85797.71,85869.83,85797.71,85869.83
1791149100,85869.83,85893.58,85864.56,85882.12
1791149160,85882.12,85893.58,85865.47,85865.47
1791149220,85865.48,85865.48,85841.14,85841.15
1791149280,85841.15,85841.15,85838.63,85838.63
1791149340,85838.63,85838.63,85818.41,85827.33
1791149400,85827.34,85899.58,85827.33,85894.08
1791149460,85894.07,85894.07,85863.02,85863.02
1791149520,85863.03,85863.03,85832.45,85832.45
1791149580,85832.46,85872.32,85829.29,85872.31
1791149640,85872.31,85894.56,85867.49,85892.57
1791149700,85892.56,85934.77,85892.31,85934.77
1791149760,85934.76,85962.01,85934.76,85950.65
1791149820,85950.65,85990.35,85950.64,85990.34
1791149880,85990.34,85990.34,85971.19,85984.01
1791149940,85984,85984.01,85968.48,85968.48
1791150000,85968.47,86000,85963.63,85972.76
1791150060,85972.76,85981.95,85972.7,85972.7
1791150120,85972.71,85972.71,85966.19,85967.78
1791150180,85967.79,85987.62,85967.78,85987.02
1791150240,85987.03,85998.43,85966,85984.98
1791150300,85984.99,86024.81,85984.99,86024.8
1791150360,86024.8,86058,86024.8,86055.68
1791150420,86055.68,86055.68,86025.29,86025.29
1791150480,86025.29,86025.29,85982,85982
1791150540,85982,85982,85934.23,85959.99
1791150600,85960,85969.18,85959.99,85967.28
1791150660,85967.28,85967.29,85962.84,85965
1791150720,85964.99,85965,85959.99,85960.01
1791150780,85960,85960.01,85954,85954.01
1791150840,85954,85954.01,85880,85880.01
1791150900,85880,85914.38,85880,85914.37
1791150960,85914.37,85929.77,85912.87,85929.77
1791151020,85929.76,85929.77,85858,85858.01
1791151080,85858,85858,85820,85836.01
1791151140,85836,85865.42,85836,85865.42
1791151200,85865.43,86023.44,85865.43,86015.8
1791151260,86015.81,86032.03,85998,86008.58
1791151320,86008.59,86272.34,86008.58,86183.07
1791151380,86183.06,86232.01,86034,86088.01
1791151440,86088,86204.01,86070,86200
1791151500,86200.01,86200.01,86056,86166.01
1791151560,86166.01,86308.14,86166,86247.95
1791151620,86247.95,86248.01,86188,86188
1791151680,86188,86213.91,86126.01,86213.91
1791151740,86213.9,86269.14,86213.9,86238.52
1791151800,86238.52,86246.01,86206.06,86210.01
1791151860,86210,86260,86185.69,86251.76
1791151920,86251.75,86258.01,86234,86248.01
1791151980,86248,86335.87,86248,86316.12
1791152040,86316.12,86335.87,86282,86324.71
1791152100,86324.71,86349.49,86300.05,86349.49
1791152160,86349.49,86649,86349.49,86579.58
1791152220,86579.58,86638.8,86515.3,86588.19
1791152280,86588.19,86656,86559.42,86610.87
1791152340,86610.87,86686.39,86598.32,86612.13
1791152400,86612.13,86672.01,86596.3,86608
1791152460,86608,86621.5,86494,86576.61
1791152520,86576.61,86576.62,86520,86560.01
1791152580,86560,86560,86470,86493.67
1791152640,86493.67,86524.01,86484,86484
1791152700,86484,86510.01,86460.01,86498.13
1791152760,86498.29,86506.76,86419.97,86466.01
1791152820,86466,86480.01,86386,86386
1791152880,86386,86386,86299.18,86316.39
1791152940,86316.38,86316.39,86239.03,86244.82
1791153000,86244.83,86288.61,86235.99,86288.61
1791153060,86288.61,86317.85,86260.73,86276.01
1791153120,86276.01,86382,86266,86350.82
1791153180,86350.81,86420.01,86328,86370
1791153240,86370,86420.01,86359.66,86394.88
1791153300,86394.87,86461.46,86390.51,86410
1791153360,86410.01,86473.49,86410.01,86466.53
1791153420,86466.54,86474,86420,86424.01
1791153480,86424.01,86468.01,86373.4,86373.4
1791153540,86373.4,86388.01,86322.28,86322.29
1791153600,86322.29,86372,86308,86350
1791153660,86350.01,86428.01,86350.01,86428.01
1791153720,86428.01,86475,86428.01,86471.37
1791153780,86471.37,86471.38,86408.61,86408.61
1791153840,86408.61,86408.62,86376,86376
1791153900,86376,86378.51,86354.01,86364.7
1791153960,86364.7,86370,86350.06,86350.06
1791154020,86350.06,86358.01,86319.37,86358.01
1791154080,86358,86358.01,86345.27,86345.28
1791154140,86345.27,86345.28,86317.51,86317.52
1791154200,86317.52,86317.52,86292.17,86292.17
1791154260,86292.18,86334.01,86290.06,86334.01
1791154320,86334.01,86379.46,86334.01,86379.46
1791154380,86379.45,86442.01,86378.06,86442.01
1791154440,86442,86442.01,86410.35,86424.12
1791154500,86424.12,86432,86420,86426
1791154560,86426,86451.07,86426,86440.01
1791154620,86440,86440,86402,86402
1791154680,86402,86408.77,86393.47,86406.99
1791154740,86406.99,86428.01,86406.99,86428.01
1791154800,86428.01,86480,86420,86450.01
1791154860,86450.01,86460.98,86424.15,86424.15
1791154920,86424.16,86447.99,86396.1,86396.1
1791154980,86396.1,86425.99,86396,86425.99
1791155040,86425.98,86478.01,86425.98,86478.01
1791155100,86478,86500,86454.53,86490.01
1791155160,86490,86500,86490,86496.01
1791155220,86496.01,86496.01,86454,86454
1791155280,86454,86517.02,86454,86517.02
1791155340,86517.01,86517.02,86477.98,86477.98
1791155400,86477.99,86560,86477.99,86546.05
1791155460,86546.04,86555.81,86500,86555.81
1791155520,86555.81,86597.99,86550.19,86592
1791155580,86592,86630,86568.01,86612.71
1791155640,86612.71,86612.72,86558,86582.01
1791155700,86582,86601.94,86579.22,86586.01
1791155760,86586,86598.01,86572,86598
1791155820,86598,86668,86598,86624.01
1791155880,86624,86636,86522.01,86522.01
1791155940,86522.01,86596.01,86522.01,86596.01
1791156000,86596.01,86664.01,86591.24,86644.01
1791156060,86644,86668,86604,86629.94
1791156120,86629.94,86629.94,86598,86598.01