observed_utc,location,CHART_INDEX,CHART_TIME_MS,CHART_CLOSE_TIME_MS,CHART_TIMENOW_MS,CHART_UPDATE_COUNT,CHART_CONFIRMED,CHART_HISTORY,CHART_REALTIME,CHART_NEW,SAME_TIME_MS,SAME_CLOSE_TIME_MS,SAME_CONFIRMED,SAME_HISTORY,SAME_REALTIME,SAME_NEW,HTF_TIME_MS,HTF_CLOSE_TIME_MS,HTF_CONFIRMED,HTF_HISTORY,HTF_REALTIME,HTF_NEW
2026-10-04T23:34:29.973Z,source,20147,1791156840000,1791156960000,1791156869625,88,0,0,1,0,1791156840000,1791156960000,0,0,1,0,1791156600000,1791157200000,0,0,1,0
2026-10-04T23:34:29.973Z,previous_source,20146,1791156720000,1791156840000,1791156841508,31,1,0,1,0,1791156720000,1791156840000,1,0,1,0,1791156600000,1791157200000,0,0,1,0
2026-10-04T23:34:30.321Z,source,20147,1791156840000,1791156960000,1791156870254,89,0,0,1,0,1791156840000,1791156960000,0,0,1,0,1791156600000,1791157200000,0,0,1,0
2026-10-04T23:34:30.421Z,source,20147,1791156840000,1791156960000,1791156870360,90,0,0,1,0,1791156840000,1791156960000,0,0,1,0,1791156600000,1791157200000,0,0,1,0
2026-10-04T23:34:31.822Z,source,20147,1791156840000,1791156960000,1791156871725,91,0,0,1,0,1791156840000,1791156960000,0,0,1,0,1791156600000,1791157200000,0,0,1,0
2026-10-04T23:34:31.970Z,source,20147,1791156840000,1791156960000,1791156871900,92,0,0,1,0,1791156840000,1791156960000,0,0,1,0,1791156600000,1791157200000,0,0,1,0
2026-10-04T23:34:32.472Z,source,20147,1791156840000,1791156960000,1791156872354,93,0,0,1,0,1791156840000,1791156960000,0,0,1,0,1791156600000,1791157200000,0,0,1,0
2026-10-04T23:34:32.570Z,source,20147,1791156840000,1791156960000,1791156872486,94,0,0,1,0,1791156840000,1791156960000,0,0,1,0,1791156600000,1791157200000,0,0,1,0
2026-10-04T23:34:32.872Z,source,20147,1791156840000,1791156960000,1791156872804,95,0,0,1,0,1791156840000,1791156960000,0,0,1,0,1791156600000,1791157200000,0,0,1,0
2026-10-04T23:34:33.071Z,source,20147,1791156840000,1791156960000,1791156872955,96,0,0,1,0,1791156840000,1791156960000,0,0,1,0,1791156600000,1791157200000,0,0,1,0
2026-10-04T23:34:33.472Z,source,20147,1791156840000,1791156960000,1791156873402,97,0,0,1,0,1791156840000,1791156960000,0,0,1,0,1791156600000,1791157200000,0,0,1,0
2026-10-04T23:34:33.620Z,source,20147,1791156840000,1791156960000,1791156873554,98,0,0,1,0,1791156840000,1791156960000,0,0,1,0,1791156600000,1791157200000,0,0,1,0
2026-10-04T23:34:33.771Z,source,20147,1791156840000,1791156960000,1791156873706,99,0,0,1,0,1791156840000,1791156960000,0,0,1,0,1791156600000,1791157200000,0,0,1,0
2026-10-04T23:34:34.672Z,source,20147,1791156840000,1791156960000,1791156874606,100,0,0,1,0,1791156840000,1791156960000,0,0,1,0,1791156600000,1791157200000,0,0,1,0
2026-10-04T23:34:34.821Z,source,20147,1791156840000,1791156960000,1791156874755,101,0,0,1,0,1791156840000,1791156960000,0,0,1,0,1791156600000,1791157200000,0,0,1,0
2026-10-04T23:34:35.121Z,source,20147,1791156840000,1791156960000,1791156874981,102,0,0,1,0,1791156840000,1791156960000,0,0,1,0,1791156600000,1791157200000,0,0,1,0
2026-10-04T23:34:35.271Z,source,20147,1791156840000,1791156960000,1791156875082,103,0,0,1,0,1791156840000,1791156960000,0,0,1,0,1791156600000,1791157200000,0,0,1,0
2026-10-04T23:34:35.721Z,source,20147,1791156840000,1791156960000,1791156875654,105,0,0,1,0,1791156840000,1791156960000,0,0,1,0,1791156600000,1791157200000,0,0,1,0
2026-10-04T23:34:36.323Z,source,20147,1791156840000,1791156960000,1791156876245,106,0,0,1,0,1791156840000,1791156960000,0,0,1,0,1791156600000,1791157200000,0,0,1,0
2026-10-04T23:34:36.522Z,source,20147,1791156840000,1791156960000,1791156876406,107,0,0,1,0,1791156840000,1791156960000,0,0,1,0,1791156600000,1791157200000,0,0,1,0
2026-10-04T23:34:36.771Z,source,20147,1791156840000,1791156960000,1791156876706,108,0,0,1,0,1791156840000,1791156960000,0,0,1,0,1791156600000,1791157200000,0,0,1,0
2026-10-04T23:34:36.921Z,source,20147,1791156840000,1791156960000,1791156876837,109,0,0,1,0,1791156840000,1791156960000,0,0,1,0,1791156600000,1791157200000,0,0,1,0
2026-10-04T23:34:37.571Z,source,20147,1791156840000,1791156960000,1791156877448,110,0,0,1,0,1791156840000,1791156960000,0,0,1,0,1791156600000,1791157200000,0,0,1,0
2026-10-04T23:34:37.672Z,source,20147,1791156840000,1791156960000,1791156877606,111,0,0,1,0,1791156840000,1791156960000,0,0,1,0,1791156600000,1791157200000,0,0,1,0
2026-10-04T23:34:37.823Z,source,20147,1791156840000,1791156960000,1791156877710,112,0,0,1,0,1791156840000,1791156960000,0,0,1,0,1791156600000,1791157200000,0,0,1,0
2026-10-04T23:34:37.971Z,source,20147,1791156840000,1791156960000,1791156877907,113,0,0,1,0,1791156840000,1791156960000,0,0,1,0,1791156600000,1791157200000,0,0,1,0
2026-10-04T23:34:38.621Z,source,20147,1791156840000,1791156960000,1791156878506,114,0,0,1,0,1791156840000,1791156960000,0,0,1,0,1791156600000,1791157200000,0,0,1,0
2026-10-04T23:34:38.723Z,source,20147,1791156840000,1791156960000,1791156878637,115,0,0,1,0,1791156840000,1791156960000,0,0,1,0,1791156600000,1791157200000,0,0,1,0
2026-10-04T23:34:38.873Z,source,20147,1791156840000,1791156960000,1791156878806,116,0,0,1,0,1791156840000,1791156960000,0,0,1,0,1791156600000,1791157200000,0,0,1,0
2026-10-04T23:34:39.023Z,source,20147,1791156840000,1791156960000,1791156878917,117,0,0,1,0,1791156840000,1791156960000,0,0,1,0,1791156600000,1791157200000,0,0,1,0
2026-10-04T23:34:39.671Z,source,20147,1791156840000,1791156960000,1791156879549,118,0,0,1,0,1791156840000,1791156960000,0,0,1,0,1791156600000,1791157200000,0,0,1,0
2026-10-04T23:34:39.772Z,source,20147,1791156840000,1791156960000,1791156879704,119,0,0,1,0,1791156840000,1791156960000,0,0,1,0,1791156600000,1791157200000,0,0,1,0
2026-10-04T23:34:40.523Z,source,20147,1791156840000,1791156960000,1791156880435,120,0,0,1,0,1791156840000,1791156960000,0,0,1,0,1791156600000,1791157200000,0,0,1,0
2026-10-04T23:34:40.723Z,source,20147,1791156840000,1791156960000,1791156880606,121,0,0,1,0,1791156840000,1791156960000,0,0,1,0,1791156600000,1791157200000,0,0,1,0
2026-10-04T23:34:40.822Z,source,20147,1791156840000,1791156960000,1791156880748,122,0,0,1,0,1791156840000,1791156960000,0,0,1,0,1791156600000,1791157200000,0,0,1,0
2026-10-04T23:34:40.973Z,source,20147,1791156840000,1791156960000,1791156880903,123,0,0,1,0,1791156840000,1791156960000,0,0,1,0,1791156600000,1791157200000,0,0,1,0
2026-10-04T23:34:41.572Z,source,20147,1791156840000,1791156960000,1791156881507,124,0,0,1,0,1791156840000,1791156960000,0,0,1,0,1791156600000,1791157200000,0,0,1,0
2026-10-04T23:34:41.773Z,source,20147,1791156840000,1791156960000,1791156881647,125,0,0,1,0,1791156840000,1791156960000,0,0,1,0,1791156600000,1791157200000,0,0,1,0
2026-10-04T23:34:42.472Z,source,20147,1791156840000,1791156960000,1791156882378,127,0,0,1,0,1791156840000,1791156960000,0,0,1,0,1791156600000,1791157200000,0,0,1,0
2026-10-04T23:34:42.722Z,source,20147,1791156840000,1791156960000,1791156882683,128,0,0,1,0,1791156840000,1791156960000,0,0,1,0,1791156600000,1791157200000,0,0,1,0
2026-10-04T23:34:43.673Z,source,20147,1791156840000,1791156960000,1791156883607,129,0,0,1,0,1791156840000,1791156960000,0,0,1,0,1791156600000,1791157200000,0,0,1,0
2026-10-04T23:34:43.872Z,source,20147,1791156840000,1791156960000,1791156883744,130,0,0,1,0,1791156840000,1791156960000,0,0,1,0,1791156600000,1791157200000,0,0,1,0
2026-10-04T23:34:43.972Z,source,20147,1791156840000,1791156960000,1791156883894,131,0,0,1,0,1791156840000,1791156960000,0,0,1,0,1791156600000,1791157200000,0,0,1,0
2026-10-04T23:34:44.121Z,source,20147,1791156840000,1791156960000,1791156884024,132,0,0,1,0,1791156840000,1791156960000,0,0,1,0,1791156600000,1791157200000,0,0,1,0
2026-10-04T23:34:44.922Z,source,20147,1791156840000,1791156960000,1791156884790,133,0,0,1,0,1791156840000,1791156960000,0,0,1,0,1791156600000,1791157200000,0,0,1,0
2026-10-04T23:34:45.023Z,source,20147,1791156840000,1791156960000,1791156884924,134,0,0,1,0,1791156840000,1791156960000,0,0,1,0,1791156600000,1791157200000,0,0,1,0
2026-10-04T23:34:45.472Z,source,20147,1791156840000,1791156960000,1791156885406,135,0,0,1,0,1791156840000,1791156960000,0,0,1,0,1791156600000,1791157200000,0,0,1,0
2026-10-04T23:34:45.621Z,source,20147,1791156840000,1791156960000,1791156885548,136,0,0,1,0,1791156840000,1791156960000,0,0,1,0,1791156600000,1791157200000,0,0,1,0
2026-10-04T23:34:45.773Z,source,20147,1791156840000,1791156960000,1791156885706,137,0,0,1,0,1791156840000,1791156960000,0,0,1,0,1791156600000,1791157200000,0,0,1,0
2026-10-04T23:34:45.972Z,source,20147,1791156840000,1791156960000,1791156885854,138,0,0,1,0,1791156840000,1791156960000,0,0,1,0,1791156600000,1791157200000,0,0,1,0
2026-10-04T23:34:46.523Z,source,20147,1791156840000,1791156960000,1791156886454,139,0,0,1,0,1791156840000,1791156960000,0,0,1,0,1791156600000,1791157200000,0,0,1,0
2026-10-04T23:34:46.872Z,source,20147,1791156840000,1791156960000,1791156886680,140,0,0,1,0,1791156840000,1791156960000,0,0,1,0,1791156600000,1791157200000,0,0,1,0
2026-10-04T23:34:47.271Z,source,20147,1791156840000,1791156960000,1791156887208,141,0,0,1,0,1791156840000,1791156960000,0,0,1,0,1791156600000,1791157200000,0,0,1,0
2026-10-04T23:34:47.472Z,source,20147,1791156840000,1791156960000,1791156887356,142,0,0,1,0,1791156840000,1791156960000,0,0,1,0,1791156600000,1791157200000,0,0,1,0
2026-10-04T23:34:48.072Z,source,20147,1791156840000,1791156960000,1791156887946,143,0,0,1,0,1791156840000,1791156960000,0,0,1,0,1791156600000,1791157200000,0,0,1,0
2026-10-04T23:34:48.173Z,source,20147,1791156840000,1791156960000,1791156888106,144,0,0,1,0,1791156840000,1791156960000,0,0,1,0,1791156600000,1791157200000,0,0,1,0
2026-10-04T23:34:48.621Z,source,20147,1791156840000,1791156960000,1791156888518,145,0,0,1,0,1791156840000,1791156960000,0,0,1,0,1791156600000,1791157200000,0,0,1,0
2026-10-04T23:34:48.772Z,source,20147,1791156840000,1791156960000,1791156888707,146,0,0,1,0,1791156840000,1791156960000,0,0,1,0,1791156600000,1791157200000,0,0,1,0
2026-10-04T23:34:49.373Z,source,20147,1791156840000,1791156960000,1791156889305,147,0,0,1,0,1791156840000,1791156960000,0,0,1,0,1791156600000,1791157200000,0,0,1,0
2026-10-04T23:34:49.522Z,source,20147,1791156840000,1791156960000,1791156889423,148,0,0,1,0,1791156840000,1791156960000,0,0,1,0,1791156600000,1791157200000,0,0,1,0
2026-10-04T23:34:49.673Z,source,20147,1791156840000,1791156960000,1791156889589,149,0,0,1,0,1791156840000,1791156960000,0,0,1,0,1791156600000,1791157200000,0,0,1,0
2026-10-04T23:34:49.822Z,source,20147,1791156840000,1791156960000,1791156889737,150,0,0,1,0,1791156840000,1791156960000,0,0,1,0,1791156600000,1791157200000,0,0,1,0
2026-10-04T23:34:50.323Z,source,20147,1791156840000,1791156960000,1791156890239,151,0,0,1,0,1791156840000,1791156960000,0,0,1,0,1791156600000,1791157200000,0,0,1,0
2026-10-04T23:34:50.523Z,source,20147,1791156840000,1791156960000,1791156890445,152,0,0,1,0,1791156840000,1791156960000,0,0,1,0,1791156600000,1791157200000,0,0,1,0
2026-10-04T23:34:51.472Z,source,20147,1791156840000,1791156960000,1791156891394,153,0,0,1,0,1791156840000,1791156960000,0,0,1,0,1791156600000,1791157200000,0,0,1,0
2026-10-04T23:34:51.623Z,source,20147,1791156840000,1791156960000,1791156891552,154,0,0,1,0,1791156840000,1791156960000,0,0,1,0,1791156600000,1791157200000,0,0,1,0
2026-10-04T23:34:53.572Z,source,20147,1791156840000,1791156960000,1791156893501,155,0,0,1,0,1791156840000,1791156960000,0,0,1,0,1791156600000,1791157200000,0,0,1,0
2026-10-04T23:34:53.723Z,source,20147,1791156840000,1791156960000,1791156893618,156,0,0,1,0,1791156840000,1791156960000,0,0,1,0,1791156600000,1791157200000,0,0,1,0
2026-10-04T23:34:54.473Z,source,20147,1791156840000,1791156960000,1791156894406,157,0,0,1,0,1791156840000,1791156960000,0,0,1,0,1791156600000,1791157200000,0,0,1,0
2026-10-04T23:34:54.623Z,source,20147,1791156840000,1791156960000,1791156894512,158,0,0,1,0,1791156840000,1791156960000,0,0,1,0,1791156600000,1791157200000,0,0,1,0
2026-10-04T23:34:55.522Z,source,20147,1791156840000,1791156960000,1791156895454,159,0,0,1,0,1791156840000,1791156960000,0,0,1,0,1791156600000,1791157200000,0,0,1,0
2026-10-04T23:34:55.673Z,source,20147,1791156840000,1791156960000,1791156895604,160,0,0,1,0,1791156840000,1791156960000,0,0,1,0,1791156600000,1791157200000,0,0,1,0
2026-10-04T23:34:56.072Z,source,20147,1791156840000,1791156960000,1791156895996,161,0,0,1,0,1791156840000,1791156960000,0,0,1,0,1791156600000,1791157200000,0,0,1,0
2026-10-04T23:34:57.721Z,source,20147,1791156840000,1791156960000,1791156897684,163,0,0,1,0,1791156840000,1791156960000,0,0,1,0,1791156600000,1791157200000,0,0,1,0
2026-10-04T23:34:58.572Z,source,20147,1791156840000,1791156960000,1791156898454,165,0,0,1,0,1791156840000,1791156960000,0,0,1,0,1791156600000,1791157200000,0,0,1,0
2026-10-04T23:34:59.121Z,source,20147,1791156840000,1791156960000,1791156899055,166,0,0,1,0,1791156840000,1791156960000,0,0,1,0,1791156600000,1791157200000,0,0,1,0
2026-10-04T23:34:59.273Z,source,20147,1791156840000,1791156960000,1791156899206,167,0,0,1,0,1791156840000,1791156960000,0,0,1,0,1791156600000,1791157200000,0,0,1,0
2026-10-04T23:34:59.623Z,source,20147,1791156840000,1791156960000,1791156899505,168,0,0,1,0,1791156840000,1791156960000,0,0,1,0,1791156600000,1791157200000,0,0,1,0
2026-10-04T23:34:59.721Z,source,20147,1791156840000,1791156960000,1791156899636,169,0,0,1,0,1791156840000,1791156960000,0,0,1,0,1791156600000,1791157200000,0,0,1,0
2026-10-04T23:35:00.173Z,source,20147,1791156840000,1791156960000,1791156900096,170,0,0,1,0,1791156840000,1791156960000,0,0,1,0,1791156600000,1791157200000,0,0,1,0
2026-10-04T23:35:00.323Z,source,20147,1791156840000,1791156960000,1791156900224,171,0,0,1,0,1791156840000,1791156960000,0,0,1,0,1791156600000,1791157200000,0,0,1,0
2026-10-04T23:35:01.722Z,source,20147,1791156840000,1791156960000,1791156901600,172,0,0,1,0,1791156840000,1791156960000,0,0,1,0,1791156600000,1791157200000,0,0,1,0
2026-10-04T23:35:01.821Z,source,20147,1791156840000,1791156960000,1791156901745,173,0,0,1,0,1791156840000,1791156960000,0,0,1,0,1791156600000,1791157200000,0,0,1,0
2026-10-04T23:35:02.623Z,source,20147,1791156840000,1791156960000,1791156902500,174,0,0,1,0,1791156840000,1791156960000,0,0,1,0,1791156600000,1791157200000,0,0,1,0
2026-10-04T23:35:02.774Z,source,20147,1791156840000,1791156960000,1791156902655,175,0,0,1,0,1791156840000,1791156960000,0,0,1,0,1791156600000,1791157200000,0,0,1,0
2026-10-04T23:35:03.322Z,source,20147,1791156840000,1791156960000,1791156903247,176,0,0,1,0,1791156840000,1791156960000,0,0,1,0,1791156600000,1791157200000,0,0,1,0
2026-10-04T23:35:03.472Z,source,20147,1791156840000,1791156960000,1791156903406,177,0,0,1,0,1791156840000,1791156960000,0,0,1,0,1791156600000,1791157200000,0,0,1,0
2026-10-04T23:35:03.623Z,source,20147,1791156840000,1791156960000,1791156903524,178,0,0,1,0,1791156840000,1791156960000,0,0,1,0,1791156600000,1791157200000,0,0,1,0
2026-10-04T23:35:03.824Z,source,20147,1791156840000,1791156960000,1791156903694,179,0,0,1,0,1791156840000,1791156960000,0,0,1,0,1791156600000,1791157200000,0,0,1,0
2026-10-04T23:35:04.422Z,source,20147,1791156840000,1791156960000,1791156904359,180,0,0,1,0,1791156840000,1791156960000,0,0,1,0,1791156600000,1791157200000,0,0,1,0
2026-10-04T23:35:04.522Z,source,20147,1791156840000,1791156960000,1791156904451,182,0,0,1,0,1791156840000,1791156960000,0,0,1,0,1791156600000,1791157200000,0,0,1,0
2026-10-04T23:35:05.072Z,source,20147,1791156840000,1791156960000,1791156905001,184,0,0,1,0,1791156840000,1791156960000,0,0,1,0,1791156600000,1791157200000,0,0,1,0
2026-10-04T23:35:07.671Z,source,20147,1791156840000,1791156960000,1791156907594,185,0,0,1,0,1791156840000,1791156960000,0,0,1,0,1791156600000,1791157200000,0,0,1,0
2026-10-04T23:35:07.822Z,source,20147,1791156840000,1791156960000,1791156907754,186,0,0,1,0,1791156840000,1791156960000,0,0,1,0,1791156600000,1791157200000,0,0,1,0
2026-10-04T23:35:08.272Z,source,20147,1791156840000,1791156960000,1791156908207,187,0,0,1,0,1791156840000,1791156960000,0,0,1,0,1791156600000,1791157200000,0,0,1,0
2026-10-04T23:35:08.422Z,source,20147,1791156840000,1791156960000,1791156908351,188,0,0,1,0,1791156840000,1791156960000,0,0,1,0,1791156600000,1791157200000,0,0,1,0
2026-10-04T23:35:08.521Z,source,20147,1791156840000,1791156960000,1791156908465,189,0,0,1,0,1791156840000,1791156960000,0,0,1,0,1791156600000,1791157200000,0,0,1,0
2026-10-04T23:35:08.721Z,source,20147,1791156840000,1791156960000,1791156908649,190,0,0,1,0,1791156840000,1791156960000,0,0,1,0,1791156600000,1791157200000,0,0,1,0
2026-10-04T23:35:09.421Z,source,20147,1791156840000,1791156960000,1791156909341,192,0,0,1,0,1791156840000,1791156960000,0,0,1,0,1791156600000,1791157200000,0,0,1,0
2026-10-04T23:35:09.623Z,source,20147,1791156840000,1791156960000,1791156909515,193,0,0,1,0,1791156840000,1791156960000,0,0,1,0,1791156600000,1791157200000,0,0,1,0
2026-10-04T23:35:09.823Z,source,20147,1791156840000,1791156960000,1791156909718,194,0,0,1,0,1791156840000,1791156960000,0,0,1,0,1791156600000,1791157200000,0,0,1,0
2026-10-04T23:35:10.673Z,source,20147,1791156840000,1791156960000,1791156910590,195,0,0,1,0,1791156840000,1791156960000,0,0,1,0,1791156600000,1791157200000,0,0,1,0
2026-10-04T23:35:10.823Z,source,20147,1791156840000,1791156960000,1791156910724,196,0,0,1,0,1791156840000,1791156960000,0,0,1,0,1791156600000,1791157200000,0,0,1,0
2026-10-04T23:35:11.323Z,source,20147,1791156840000,1791156960000,1791156911206,197,0,0,1,0,1791156840000,1791156960000,0,0,1,0,1791156600000,1791157200000,0,0,1,0
2026-10-04T23:35:11.423Z,source,20147,1791156840000,1791156960000,1791156911341,198,0,0,1,0,1791156840000,1791156960000,0,0,1,0,1791156600000,1791157200000,0,0,1,0
2026-10-04T23:35:11.773Z,source,20147,1791156840000,1791156960000,1791156911655,199,0,0,1,0,1791156840000,1791156960000,0,0,1,0,1791156600000,1791157200000,0,0,1,0
2026-10-04T23:35:11.873Z,source,20147,1791156840000,1791156960000,1791156911794,200,0,0,1,0,1791156840000,1791156960000,0,0,1,0,1791156600000,1791157200000,0,0,1,0
2026-10-04T23:35:12.473Z,source,20147,1791156840000,1791156960000,1791156912406,201,0,0,1,0,1791156840000,1791156960000,0,0,1,0,1791156600000,1791157200000,0,0,1,0
2026-10-04T23:35:12.723Z,source,20147,1791156840000,1791156960000,1791156912555,202,0,0,1,0,1791156840000,1791156960000,0,0,1,0,1791156600000,1791157200000,0,0,1,0
2026-10-04T23:35:12.773Z,source,20147,1791156840000,1791156960000,1791156912706,203,0,0,1,0,1791156840000,1791156960000,0,0,1,0,1791156600000,1791157200000,0,0,1,0
2026-10-04T23:35:13.523Z,source,20147,1791156840000,1791156960000,1791156913455,204,0,0,1,0,1791156840000,1791156960000,0,0,1,0,1791156600000,1791157200000,0,0,1,0
2026-10-04T23:35:13.772Z,source,20147,1791156840000,1791156960000,1791156913604,205,0,0,1,0,1791156840000,1791156960000,0,0,1,0,1791156600000,1791157200000,0,0,1,0
2026-10-04T23:35:13.823Z,source,20147,1791156840000,1791156960000,1791156913754,206,0,0,1,0,1791156840000,1791156960000,0,0,1,0,1791156600000,1791157200000,0,0,1,0
2026-10-04T23:35:14.823Z,source,20147,1791156840000,1791156960000,1791156914647,207,0,0,1,0,1791156840000,1791156960000,0,0,1,0,1791156600000,1791157200000,0,0,1,0
2026-10-04T23:35:14.873Z,source,20147,1791156840000,1791156960000,1791156914806,208,0,0,1,0,1791156840000,1791156960000,0,0,1,0,1791156600000,1791157200000,0,0,1,0
2026-10-04T23:35:15.621Z,source,20147,1791156840000,1791156960000,1791156915524,209,0,0,1,0,1791156840000,1791156960000,0,0,1,0,1791156600000,1791157200000,0,0,1,0
2026-10-04T23:35:15.873Z,source,20147,1791156840000,1791156960000,1791156915706,210,0,0,1,0,1791156840000,1791156960000,0,0,1,0,1791156600000,1791157200000,0,0,1,0
2026-10-04T23:35:16.372Z,source,20147,1791156840000,1791156960000,1791156916297,211,0,0,1,0,1791156840000,1791156960000,0,0,1,0,1791156600000,1791157200000,0,0,1,0
2026-10-04T23:35:16.523Z,source,20147,1791156840000,1791156960000,1791156916448,212,0,0,1,0,1791156840000,1791156960000,0,0,1,0,1791156600000,1791157200000,0,0,1,0
2026-10-04T23:35:16.673Z,source,20147,1791156840000,1791156960000,1791156916602,213,0,0,1,0,1791156840000,1791156960000,0,0,1,0,1791156600000,1791157200000,0,0,1,0
2026-10-04T23:35:16.823Z,source,20147,1791156840000,1791156960000,1791156916722,214,0,0,1,0,1791156840000,1791156960000,0,0,1,0,1791156600000,1791157200000,0,0,1,0
2026-10-04T23:35:17.424Z,source,20147,1791156840000,1791156960000,1791156917345,215,0,0,1,0,1791156840000,1791156960000,0,0,1,0,1791156600000,1791157200000,0,0,1,0
2026-10-04T23:35:17.572Z,source,20147,1791156840000,1791156960000,1791156917487,216,0,0,1,0,1791156840000,1791156960000,0,0,1,0,1791156600000,1791157200000,0,0,1,0
2026-10-04T23:35:17.722Z,source,20147,1791156840000,1791156960000,1791156917624,217,0,0,1,0,1791156840000,1791156960000,0,0,1,0,1791156600000,1791157200000,0,0,1,0
2026-10-04T23:35:17.974Z,source,20147,1791156840000,1791156960000,1791156917806,218,0,0,1,0,1791156840000,1791156960000,0,0,1,0,1791156600000,1791157200000,0,0,1,0
2026-10-04T23:35:18.322Z,source,20147,1791156840000,1791156960000,1791156918255,219,0,0,1,0,1791156840000,1791156960000,0,0,1,0,1791156600000,1791157200000,0,0,1,0
2026-10-04T23:35:18.473Z,source,20147,1791156840000,1791156960000,1791156918406,220,0,0,1,0,1791156840000,1791156960000,0,0,1,0,1791156600000,1791157200000,0,0,1,0
2026-10-04T23:35:18.624Z,source,20147,1791156840000,1791156960000,1791156918542,221,0,0,1,0,1791156840000,1791156960000,0,0,1,0,1791156600000,1791157200000,0,0,1,0
2026-10-04T23:35:18.771Z,source,20147,1791156840000,1791156960000,1791156918691,222,0,0,1,0,1791156840000,1791156960000,0,0,1,0,1791156600000,1791157200000,0,0,1,0
2026-10-04T23:35:19.524Z,source,20147,1791156840000,1791156960000,1791156919453,223,0,0,1,0,1791156840000,1791156960000,0,0,1,0,1791156600000,1791157200000,0,0,1,0
2026-10-04T23:35:19.672Z,source,20147,1791156840000,1791156960000,1791156919603,224,0,0,1,0,1791156840000,1791156960000,0,0,1,0,1791156600000,1791157200000,0,0,1,0
2026-10-04T23:35:19.823Z,source,20147,1791156840000,1791156960000,1791156919744,225,0,0,1,0,1791156840000,1791156960000,0,0,1,0,1791156600000,1791157200000,0,0,1,0
2026-10-04T23:35:20.573Z,source,20147,1791156840000,1791156960000,1791156920490,226,0,0,1,0,1791156840000,1791156960000,0,0,1,0,1791156600000,1791157200000,0,0,1,0
2026-10-04T23:35:20.723Z,source,20147,1791156840000,1791156960000,1791156920637,227,0,0,1,0,1791156840000,1791156960000,0,0,1,0,1791156600000,1791157200000,0,0,1,0
2026-10-04T23:35:21.621Z,source,20147,1791156840000,1791156960000,1791156921525,228,0,0,1,0,1791156840000,1791156960000,0,0,1,0,1791156600000,1791157200000,0,0,1,0
2026-10-04T23:35:21.773Z,source,20147,1791156840000,1791156960000,1791156921705,229,0,0,1,0,1791156840000,1791156960000,0,0,1,0,1791156600000,1791157200000,0,0,1,0
2026-10-04T23:35:22.223Z,source,20147,1791156840000,1791156960000,1791156922155,230,0,0,1,0,1791156840000,1791156960000,0,0,1,0,1791156600000,1791157200000,0,0,1,0
2026-10-04T23:35:22.373Z,source,20147,1791156840000,1791156960000,1791156922289,231,0,0,1,0,1791156840000,1791156960000,0,0,1,0,1791156600000,1791157200000,0,0,1,0
2026-10-04T23:35:22.673Z,source,20147,1791156840000,1791156960000,1791156922606,232,0,0,1,0,1791156840000,1791156960000,0,0,1,0,1791156600000,1791157200000,0,0,1,0
2026-10-04T23:35:22.822Z,source,20147,1791156840000,1791156960000,1791156922755,233,0,0,1,0,1791156840000,1791156960000,0,0,1,0,1791156600000,1791157200000,0,0,1,0
2026-10-04T23:35:23.472Z,source,20147,1791156840000,1791156960000,1791156923355,234,0,0,1,0,1791156840000,1791156960000,0,0,1,0,1791156600000,1791157200000,0,0,1,0
2026-10-04T23:35:23.572Z,source,20147,1791156840000,1791156960000,1791156923486,235,0,0,1,0,1791156840000,1791156960000,0,0,1,0,1791156600000,1791157200000,0,0,1,0
2026-10-04T23:35:23.724Z,source,20147,1791156840000,1791156960000,1791156923608,236,0,0,1,0,1791156840000,1791156960000,0,0,1,0,1791156600000,1791157200000,0,0,1,0
2026-10-04T23:35:23.872Z,source,20147,1791156840000,1791156960000,1791156923788,237,0,0,1,0,1791156840000,1791156960000,0,0,1,0,1791156600000,1791157200000,0,0,1,0
2026-10-04T23:35:24.771Z,source,20147,1791156840000,1791156960000,1791156924704,238,0,0,1,0,1791156840000,1791156960000,0,0,1,0,1791156600000,1791157200000,0,0,1,0
2026-10-04T23:35:24.922Z,source,20147,1791156840000,1791156960000,1791156924825,239,0,0,1,0,1791156840000,1791156960000,0,0,1,0,1791156600000,1791157200000,0,0,1,0
2026-10-04T23:35:25.322Z,source,20147,1791156840000,1791156960000,1791156925154,240,0,0,1,0,1791156840000,1791156960000,0,0,1,0,1791156600000,1791157200000,0,0,1,0
2026-10-04T23:35:25.373Z,source,20147,1791156840000,1791156960000,1791156925307,241,0,0,1,0,1791156840000,1791156960000,0,0,1,0,1791156600000,1791157200000,0,0,1,0
2026-10-04T23:35:25.673Z,source,20147,1791156840000,1791156960000,1791156925591,242,0,0,1,0,1791156840000,1791156960000,0,0,1,0,1791156600000,1791157200000,0,0,1,0
2026-10-04T23:35:25.873Z,source,20147,1791156840000,1791156960000,1791156925756,243,0,0,1,0,1791156840000,1791156960000,0,0,1,0,1791156600000,1791157200000,0,0,1,0
2026-10-04T23:35:26.573Z,source,20147,1791156840000,1791156960000,1791156926506,244,0,0,1,0,1791156840000,1791156960000,0,0,1,0,1791156600000,1791157200000,0,0,1,0
2026-10-04T23:35:26.772Z,source,20147,1791156840000,1791156960000,1791156926653,245,0,0,1,0,1791156840000,1791156960000,0,0,1,0,1791156600000,1791157200000,0,0,1,0
2026-10-04T23:35:27.172Z,source,20147,1791156840000,1791156960000,1791156927106,246,0,0,1,0,1791156840000,1791156960000,0,0,1,0,1791156600000,1791157200000,0,0,1,0
2026-10-04T23:35:27.423Z,source,20147,1791156840000,1791156960000,1791156927224,247,0,0,1,0,1791156840000,1791156960000,0,0,1,0,1791156600000,1791157200000,0,0,1,0
2026-10-04T23:35:27.622Z,source,20147,1791156840000,1791156960000,1791156927542,248,0,0,1,0,1791156840000,1791156960000,0,0,1,0,1791156600000,1791157200000,0,0,1,0
2026-10-04T23:35:27.774Z,source,20147,1791156840000,1791156960000,1791156927706,249,0,0,1,0,1791156840000,1791156960000,0,0,1,0,1791156600000,1791157200000,0,0,1,0
2026-10-04T23:35:28.472Z,source,20147,1791156840000,1791156960000,1791156928306,250,0,0,1,0,1791156840000,1791156960000,0,0,1,0,1791156600000,1791157200000,0,0,1,0
2026-10-04T23:35:28.524Z,source,20147,1791156840000,1791156960000,1791156928424,251,0,0,1,0,1791156840000,1791156960000,0,0,1,0,1791156600000,1791157200000,0,0,1,0
2026-10-04T23:35:29.722Z,source,20147,1791156840000,1791156960000,1791156929655,252,0,0,1,0,1791156840000,1791156960000,0,0,1,0,1791156600000,1791157200000,0,0,1,0
2026-10-04T23:35:29.873Z,source,20147,1791156840000,1791156960000,1791156929806,253,0,0,1,0,1791156840000,1791156960000,0,0,1,0,1791156600000,1791157200000,0,0,1,0
2026-10-04T23:35:30.623Z,source,20147,1791156840000,1791156960000,1791156930526,254,0,0,1,0,1791156840000,1791156960000,0,0,1,0,1791156600000,1791157200000,0,0,1,0
2026-10-04T23:35:30.772Z,source,20147,1791156840000,1791156960000,1791156930705,255,0,0,1,0,1791156840000,1791156960000,0,0,1,0,1791156600000,1791157200000,0,0,1,0
2026-10-04T23:35:31.273Z,source,20147,1791156840000,1791156960000,1791156931154,256,0,0,1,0,1791156840000,1791156960000,0,0,1,0,1791156600000,1791157200000,0,0,1,0
2026-10-04T23:35:31.374Z,source,20147,1791156840000,1791156960000,1791156931294,257,0,0,1,0,1791156840000,1791156960000,0,0,1,0,1791156600000,1791157200000,0,0,1,0
2026-10-04T23:35:31.573Z,source,20147,1791156840000,1791156960000,1791156931456,258,0,0,1,0,1791156840000,1791156960000,0,0,1,0,1791156600000,1791157200000,0,0,1,0
2026-10-04T23:35:32.123Z,source,20147,1791156840000,1791156960000,1791156931982,259,0,0,1,0,1791156840000,1791156960000,0,0,1,0,1791156600000,1791157200000,0,0,1,0
2026-10-04T23:35:32.422Z,source,20147,1791156840000,1791156960000,1791156932376,261,0,0,1,0,1791156840000,1791156960000,0,0,1,0,1791156600000,1791157200000,0,0,1,0
2026-10-04T23:35:32.621Z,source,20147,1791156840000,1791156960000,1791156932472,262,0,0,1,0,1791156840000,1791156960000,0,0,1,0,1791156600000,1791157200000,0,0,1,0
2026-10-04T23:35:33.022Z,source,20147,1791156840000,1791156960000,1791156932955,263,0,0,1,0,1791156840000,1791156960000,0,0,1,0,1791156600000,1791157200000,0,0,1,0
2026-10-04T23:35:33.472Z,source,20147,1791156840000,1791156960000,1791156933432,265,0,0,1,0,1791156840000,1791156960000,0,0,1,0,1791156600000,1791157200000,0,0,1,0
2026-10-04T23:35:34.223Z,source,20147,1791156840000,1791156960000,1791156934125,266,0,0,1,0,1791156840000,1791156960000,0,0,1,0,1791156600000,1791157200000,0,0,1,0
2026-10-04T23:35:34.323Z,source,20147,1791156840000,1791156960000,1791156934262,267,0,0,1,0,1791156840000,1791156960000,0,0,1,0,1791156600000,1791157200000,0,0,1,0
2026-10-04T23:35:35.522Z,source,20147,1791156840000,1791156960000,1791156935465,268,0,0,1,0,1791156840000,1791156960000,0,0,1,0,1791156600000,1791157200000,0,0,1,0
2026-10-04T23:35:35.772Z,source,20147,1791156840000,1791156960000,1791156935641,269,0,0,1,0,1791156840000,1791156960000,0,0,1,0,1791156600000,1791157200000,0,0,1,0
2026-10-04T23:35:36.474Z,source,20147,1791156840000,1791156960000,1791156936382,271,0,0,1,0,1791156840000,1791156960000,0,0,1,0,1791156600000,1791157200000,0,0,1,0
2026-10-04T23:35:36.724Z,source,20147,1791156840000,1791156960000,1791156936656,272,0,0,1,0,1791156840000,1791156960000,0,0,1,0,1791156600000,1791157200000,0,0,1,0
2026-10-04T23:35:36.922Z,source,20147,1791156840000,1791156960000,1791156936851,273,0,0,1,0,1791156840000,1791156960000,0,0,1,0,1791156600000,1791157200000,0,0,1,0
2026-10-04T23:35:37.222Z,source,20147,1791156840000,1791156960000,1791156937155,274,0,0,1,0,1791156840000,1791156960000,0,0,1,0,1791156600000,1791157200000,0,0,1,0
2026-10-04T23:35:37.373Z,source,20147,1791156840000,1791156960000,1791156937276,275,0,0,1,0,1791156840000,1791156960000,0,0,1,0,1791156600000,1791157200000,0,0,1,0
2026-10-04T23:35:37.524Z,source,20147,1791156840000,1791156960000,1791156937446,276,0,0,1,0,1791156840000,1791156960000,0,0,1,0,1791156600000,1791157200000,0,0,1,0
2026-10-04T23:35:37.623Z,source,20147,1791156840000,1791156960000,1791156937561,277,0,0,1,0,1791156840000,1791156960000,0,0,1,0,1791156600000,1791157200000,0,0,1,0
2026-10-04T23:35:38.274Z,source,20147,1791156840000,1791156960000,1791156938207,278,0,0,1,0,1791156840000,1791156960000,0,0,1,0,1791156600000,1791157200000,0,0,1,0
2026-10-04T23:35:38.424Z,source,20147,1791156840000,1791156960000,1791156938324,279,0,0,1,0,1791156840000,1791156960000,0,0,1,0,1791156600000,1791157200000,0,0,1,0
2026-10-04T23:35:38.722Z,source,20147,1791156840000,1791156960000,1791156938648,280,0,0,1,0,1791156840000,1791156960000,0,0,1,0,1791156600000,1791157200000,0,0,1,0
2026-10-04T23:35:38.922Z,source,20147,1791156840000,1791156960000,1791156938772,281,0,0,1,0,1791156840000,1791156960000,0,0,1,0,1791156600000,1791157200000,0,0,1,0
2026-10-04T23:35:39.324Z,source,20147,1791156840000,1791156960000,1791156939255,282,0,0,1,0,1791156840000,1791156960000,0,0,1,0,1791156600000,1791157200000,0,0,1,0
2026-10-04T23:35:39.474Z,source,20147,1791156840000,1791156960000,1791156939387,283,0,0,1,0,1791156840000,1791156960000,0,0,1,0,1791156600000,1791157200000,0,0,1,0
2026-10-04T23:35:39.624Z,source,20147,1791156840000,1791156960000,1791156939524,284,0,0,1,0,1791156840000,1791156960000,0,0,1,0,1791156600000,1791157200000,0,0,1,0
2026-10-04T23:35:39.774Z,source,20147,1791156840000,1791156960000,1791156939706,285,0,0,1,0,1791156840000,1791156960000,0,0,1,0,1791156600000,1791157200000,0,0,1,0
2026-10-04T23:35:40.524Z,source,20147,1791156840000,1791156960000,1791156940440,286,0,0,1,0,1791156840000,1791156960000,0,0,1,0,1791156600000,1791157200000,0,0,1,0
2026-10-04T23:35:40.673Z,source,20147,1791156840000,1791156960000,1791156940600,287,0,0,1,0,1791156840000,1791156960000,0,0,1,0,1791156600000,1791157200000,0,0,1,0
2026-10-04T23:35:40.822Z,source,20147,1791156840000,1791156960000,1791156940754,288,0,0,1,0,1791156840000,1791156960000,0,0,1,0,1791156600000,1791157200000,0,0,1,0
2026-10-04T23:35:41.023Z,source,20147,1791156840000,1791156960000,1791156940906,289,0,0,1,0,1791156840000,1791156960000,0,0,1,0,1791156600000,1791157200000,0,0,1,0
2026-10-04T23:35:41.724Z,source,20147,1791156840000,1791156960000,1791156941622,290,0,0,1,0,1791156840000,1791156960000,0,0,1,0,1791156600000,1791157200000,0,0,1,0
2026-10-04T23:35:41.822Z,source,20147,1791156840000,1791156960000,1791156941765,291,0,0,1,0,1791156840000,1791156960000,0,0,1,0,1791156600000,1791157200000,0,0,1,0
2026-10-04T23:35:42.623Z,source,20147,1791156840000,1791156960000,1791156942555,292,0,0,1,0,1791156840000,1791156960000,0,0,1,0,1791156600000,1791157200000,0,0,1,0
2026-10-04T23:35:42.774Z,source,20147,1791156840000,1791156960000,1791156942676,293,0,0,1,0,1791156840000,1791156960000,0,0,1,0,1791156600000,1791157200000,0,0,1,0
2026-10-04T23:35:43.523Z,source,20147,1791156840000,1791156960000,1791156943455,294,0,0,1,0,1791156840000,1791156960000,0,0,1,0,1791156600000,1791157200000,0,0,1,0
2026-10-04T23:35:43.673Z,source,20147,1791156840000,1791156960000,1791156943557,295,0,0,1,0,1791156840000,1791156960000,0,0,1,0,1791156600000,1791157200000,0,0,1,0
2026-10-04T23:35:43.822Z,source,20147,1791156840000,1791156960000,1791156943753,296,0,0,1,0,1791156840000,1791156960000,0,0,1,0,1791156600000,1791157200000,0,0,1,0
2026-10-04T23:35:44.173Z,source,20147,1791156840000,1791156960000,1791156944054,297,0,0,1,0,1791156840000,1791156960000,0,0,1,0,1791156600000,1791157200000,0,0,1,0
2026-10-04T23:35:44.274Z,source,20147,1791156840000,1791156960000,1791156944202,298,0,0,1,0,1791156840000,1791156960000,0,0,1,0,1791156600000,1791157200000,0,0,1,0
2026-10-04T23:35:44.773Z,source,20147,1791156840000,1791156960000,1791156944702,300,0,0,1,0,1791156840000,1791156960000,0,0,1,0,1791156600000,1791157200000,0,0,1,0
2026-10-04T23:35:45.323Z,source,20147,1791156840000,1791156960000,1791156945237,301,0,0,1,0,1791156840000,1791156960000,0,0,1,0,1791156600000,1791157200000,0,0,1,0
2026-10-04T23:35:45.473Z,source,20147,1791156840000,1791156960000,1791156945406,302,0,0,1,0,1791156840000,1791156960000,0,0,1,0,1791156600000,1791157200000,0,0,1,0
2026-10-04T23:35:45.622Z,source,20147,1791156840000,1791156960000,1791156945555,303,0,0,1,0,1791156840000,1791156960000,0,0,1,0,1791156600000,1791157200000,0,0,1,0
2026-10-04T23:35:45.772Z,source,20147,1791156840000,1791156960000,1791156945706,304,0,0,1,0,1791156840000,1791156960000,0,0,1,0,1791156600000,1791157200000,0,0,1,0
2026-10-04T23:35:46.373Z,source,20147,1791156840000,1791156960000,1791156946276,305,0,0,1,0,1791156840000,1791156960000,0,0,1,0,1791156600000,1791157200000,0,0,1,0
2026-10-04T23:35:46.523Z,source,20147,1791156840000,1791156960000,1791156946455,306,0,0,1,0,1791156840000,1791156960000,0,0,1,0,1791156600000,1791157200000,0,0,1,0
2026-10-04T23:35:46.672Z,source,20147,1791156840000,1791156960000,1791156946590,307,0,0,1,0,1791156840000,1791156960000,0,0,1,0,1791156600000,1791157200000,0,0,1,0
2026-10-04T23:35:46.874Z,source,20147,1791156840000,1791156960000,1791156946755,308,0,0,1,0,1791156840000,1791156960000,0,0,1,0,1791156600000,1791157200000,0,0,1,0
2026-10-04T23:35:47.424Z,source,20147,1791156840000,1791156960000,1791156947355,309,0,0,1,0,1791156840000,1791156960000,0,0,1,0,1791156600000,1791157200000,0,0,1,0
2026-10-04T23:35:47.573Z,source,20147,1791156840000,1791156960000,1791156947496,310,0,0,1,0,1791156840000,1791156960000,0,0,1,0,1791156600000,1791157200000,0,0,1,0
2026-10-04T23:35:47.724Z,source,20147,1791156840000,1791156960000,1791156947636,311,0,0,1,0,1791156840000,1791156960000,0,0,1,0,1791156600000,1791157200000,0,0,1,0
2026-10-04T23:35:48.122Z,source,20147,1791156840000,1791156960000,1791156948064,312,0,0,1,0,1791156840000,1791156960000,0,0,1,0,1791156600000,1791157200000,0,0,1,0
2026-10-04T23:35:48.373Z,source,20147,1791156840000,1791156960000,1791156948224,313,0,0,1,0,1791156840000,1791156960000,0,0,1,0,1791156600000,1791157200000,0,0,1,0
2026-10-04T23:35:48.773Z,source,20147,1791156840000,1791156960000,1791156948707,314,0,0,1,0,1791156840000,1791156960000,0,0,1,0,1791156600000,1791157200000,0,0,1,0
2026-10-04T23:35:48.924Z,source,20147,1791156840000,1791156960000,1791156948855,315,0,0,1,0,1791156840000,1791156960000,0,0,1,0,1791156600000,1791157200000,0,0,1,0
2026-10-04T23:35:49.223Z,source,20147,1791156840000,1791156960000,1791156949155,316,0,0,1,0,1791156840000,1791156960000,0,0,1,0,1791156600000,1791157200000,0,0,1,0
2026-10-04T23:35:49.423Z,source,20147,1791156840000,1791156960000,1791156949264,317,0,0,1,0,1791156840000,1791156960000,0,0,1,0,1791156600000,1791157200000,0,0,1,0
2026-10-04T23:35:49.673Z,source,20147,1791156840000,1791156960000,1791156949576,318,0,0,1,0,1791156840000,1791156960000,0,0,1,0,1791156600000,1791157200000,0,0,1,0
2026-10-04T23:35:49.822Z,source,20147,1791156840000,1791156960000,1791156949739,319,0,0,1,0,1791156840000,1791156960000,0,0,1,0,1791156600000,1791157200000,0,0,1,0
2026-10-04T23:35:50.473Z,source,20147,1791156840000,1791156960000,1791156950335,320,0,0,1,0,1791156840000,1791156960000,0,0,1,0,1791156600000,1791157200000,0,0,1,0
2026-10-04T23:35:50.523Z,source,20147,1791156840000,1791156960000,1791156950477,321,0,0,1,0,1791156840000,1791156960000,0,0,1,0,1791156600000,1791157200000,0,0,1,0
2026-10-04T23:35:50.723Z,source,20147,1791156840000,1791156960000,1791156950624,322,0,0,1,0,1791156840000,1791156960000,0,0,1,0,1791156600000,1791157200000,0,0,1,0
2026-10-04T23:35:50.873Z,source,20147,1791156840000,1791156960000,1791156950806,323,0,0,1,0,1791156840000,1791156960000,0,0,1,0,1791156600000,1791157200000,0,0,1,0
2026-10-04T23:35:51.523Z,source,20147,1791156840000,1791156960000,1791156951377,324,0,0,1,0,1791156840000,1791156960000,0,0,1,0,1791156600000,1791157200000,0,0,1,0
2026-10-04T23:35:51.624Z,source,20147,1791156840000,1791156960000,1791156951556,325,0,0,1,0,1791156840000,1791156960000,0,0,1,0,1791156600000,1791157200000,0,0,1,0
2026-10-04T23:35:51.774Z,source,20147,1791156840000,1791156960000,1791156951676,326,0,0,1,0,1791156840000,1791156960000,0,0,1,0,1791156600000,1791157200000,0,0,1,0
2026-10-04T23:35:52.823Z,source,20147,1791156840000,1791156960000,1791156952756,327,0,0,1,0,1791156840000,1791156960000,0,0,1,0,1791156600000,1791157200000,0,0,1,0
2026-10-04T23:35:52.971Z,source,20147,1791156840000,1791156960000,1791156952876,328,0,0,1,0,1791156840000,1791156960000,0,0,1,0,1791156600000,1791157200000,0,0,1,0
2026-10-04T23:35:53.323Z,source,20147,1791156840000,1791156960000,1791156953206,329,0,0,1,0,1791156840000,1791156960000,0,0,1,0,1791156600000,1791157200000,0,0,1,0
2026-10-04T23:35:53.423Z,source,20147,1791156840000,1791156960000,1791156953337,330,0,0,1,0,1791156840000,1791156960000,0,0,1,0,1791156600000,1791157200000,0,0,1,0
2026-10-04T23:35:53.624Z,source,20147,1791156840000,1791156960000,1791156953487,331,0,0,1,0,1791156840000,1791156960000,0,0,1,0,1791156600000,1791157200000,0,0,1,0
2026-10-04T23:35:53.722Z,source,20147,1791156840000,1791156960000,1791156953654,332,0,0,1,0,1791156840000,1791156960000,0,0,1,0,1791156600000,1791157200000,0,0,1,0
2026-10-04T23:35:54.473Z,source,20147,1791156840000,1791156960000,1791156954406,333,0,0,1,0,1791156840000,1791156960000,0,0,1,0,1791156600000,1791157200000,0,0,1,0
2026-10-04T23:35:54.673Z,source,20147,1791156840000,1791156960000,1791156954552,334,0,0,1,0,1791156840000,1791156960000,0,0,1,0,1791156600000,1791157200000,0,0,1,0
2026-10-04T23:35:56.774Z,source,20147,1791156840000,1791156960000,1791156956608,335,0,0,1,0,1791156840000,1791156960000,0,0,1,0,1791156600000,1791157200000,0,0,1,0
2026-10-04T23:35:56.874Z,source,20147,1791156840000,1791156960000,1791156956807,336,0,0,1,0,1791156840000,1791156960000,0,0,1,0,1791156600000,1791157200000,0,0,1,0
2026-10-04T23:35:57.422Z,source,20147,1791156840000,1791156960000,1791156957365,337,0,0,1,0,1791156840000,1791156960000,0,0,1,0,1791156600000,1791157200000,0,0,1,0
2026-10-04T23:35:57.673Z,source,20147,1791156840000,1791156960000,1791156957556,338,0,0,1,0,1791156840000,1791156960000,0,0,1,0,1791156600000,1791157200000,0,0,1,0
2026-10-04T23:35:57.824Z,source,20147,1791156840000,1791156960000,1791156957676,339,0,0,1,0,1791156840000,1791156960000,0,0,1,0,1791156600000,1791157200000,0,0,1,0
2026-10-04T23:35:57.923Z,source,20147,1791156840000,1791156960000,1791156957815,340,0,0,1,0,1791156840000,1791156960000,0,0,1,0,1791156600000,1791157200000,0,0,1,0
2026-10-04T23:35:58.672Z,source,20147,1791156840000,1791156960000,1791156958576,341,0,0,1,0,1791156840000,1791156960000,0,0,1,0,1791156600000,1791157200000,0,0,1,0
2026-10-04T23:35:58.973Z,source,20147,1791156840000,1791156960000,1791156958881,342,0,0,1,0,1791156840000,1791156960000,0,0,1,0,1791156600000,1791157200000,0,0,1,0
2026-10-04T23:35:59.423Z,source,20147,1791156840000,1791156960000,1791156959340,343,0,0,1,0,1791156840000,1791156960000,0,0,1,0,1791156600000,1791157200000,0,0,1,0
2026-10-04T23:35:59.523Z,source,20147,1791156840000,1791156960000,1791156959459,344,0,0,1,0,1791156840000,1791156960000,0,0,1,0,1791156600000,1791157200000,0,0,1,0
2026-10-04T23:35:59.923Z,source,20147,1791156840000,1791156960000,1791156959777,345,0,0,1,0,1791156840000,1791156960000,0,0,1,0,1791156600000,1791157200000,0,0,1,0
2026-10-04T23:36:00.022Z,source,20147,1791156840000,1791156960000,1791156959946,346,0,0,1,0,1791156840000,1791156960000,0,0,1,0,1791156600000,1791157200000,0,0,1,0
2026-10-04T23:36:00.974Z,source,20147,1791156840000,1791156960000,1791156960854,347,0,0,1,0,1791156840000,1791156960000,0,0,1,0,1791156600000,1791157200000,0,0,1,0
2026-10-04T23:36:01.073Z,source,20147,1791156840000,1791156960000,1791156960976,348,0,0,1,0,1791156840000,1791156960000,0,0,1,0,1791156600000,1791157200000,0,0,1,0
2026-10-04T23:36:01.374Z,source,20147,1791156840000,1791156960000,1791156961276,349,0,0,1,0,1791156840000,1791156960000,0,0,1,0,1791156600000,1791157200000,0,0,1,0
2026-10-04T23:36:01.471Z,source,20147,1791156840000,1791156960000,1791156961406,350,0,0,1,0,1791156840000,1791156960000,0,0,1,0,1791156600000,1791157200000,0,0,1,0
2026-10-04T23:36:01.573Z,source,20148,1791156960000,1791157080000,1791156961485,1,0,0,1,1,1791156960000,1791157080000,0,0,1,1,1791156600000,1791157200000,0,0,1,0
2026-10-04T23:36:01.573Z,previous_source,20147,1791156840000,1791156960000,1791156961484,352,1,0,1,0,1791156840000,1791156960000,1,0,1,0,1791156600000,1791157200000,0,0,1,0
2026-10-04T23:36:01.822Z,source,20148,1791156960000,1791157080000,1791156961735,2,0,0,1,0,1791156960000,1791157080000,0,0,1,1,1791156600000,1791157200000,0,0,1,0
2026-10-04T23:36:02.374Z,source,20148,1791156960000,1791157080000,1791156962296,3,0,0,1,0,1791156960000,1791157080000,0,0,1,0,1791156600000,1791157200000,0,0,1,0
2026-10-04T23:36:02.523Z,source,20148,1791156960000,1791157080000,1791156962355,4,0,0,1,0,1791156960000,1791157080000,0,0,1,0,1791156600000,1791157200000,0,0,1,0
2026-10-04T23:36:02.723Z,source,20148,1791156960000,1791157080000,1791156962636,5,0,0,1,0,1791156960000,1791157080000,0,0,1,0,1791156600000,1791157200000,0,0,1,0
2026-10-04T23:36:02.873Z,source,20148,1791156960000,1791157080000,1791156962799,6,0,0,1,0,1791156960000,1791157080000,0,0,1,0,1791156600000,1791157200000,0,0,1,0
2026-10-04T23:36:03.473Z,source,20148,1791156960000,1791157080000,1791156963376,7,0,0,1,0,1791156960000,1791157080000,0,0,1,0,1791156600000,1791157200000,0,0,1,0
2026-10-04T23:36:03.623Z,source,20148,1791156960000,1791157080000,1791156963519,8,0,0,1,0,1791156960000,1791157080000,0,0,1,0,1791156600000,1791157200000,0,0,1,0
2026-10-04T23:36:03.721Z,source,20148,1791156960000,1791157080000,1791156963657,9,0,0,1,0,1791156960000,1791157080000,0,0,1,0,1791156600000,1791157200000,0,0,1,0
2026-10-04T23:36:03.924Z,source,20148,1791156960000,1791157080000,1791156963853,10,0,0,1,0,1791156960000,1791157080000,0,0,1,0,1791156600000,1791157200000,0,0,1,0
2026-10-04T23:36:04.173Z,source,20148,1791156960000,1791157080000,1791156964082,11,0,0,1,0,1791156960000,1791157080000,0,0,1,0,1791156600000,1791157200000,0,0,1,0
2026-10-04T23:36:04.272Z,source,20148,1791156960000,1791157080000,1791156964153,12,0,0,1,0,1791156960000,1791157080000,0,0,1,0,1791156600000,1791157200000,0,0,1,0
2026-10-04T23:36:04.673Z,source,20148,1791156960000,1791157080000,1791156964573,13,0,0,1,0,1791156960000,1791157080000,0,0,1,0,1791156600000,1791157200000,0,0,1,0
2026-10-04T23:36:04.873Z,source,20148,1791156960000,1791157080000,1791156964755,14,0,0,1,0,1791156960000,1791157080000,0,0,1,0,1791156600000,1791157200000,0,0,1,0
2026-10-04T23:36:05.423Z,source,20148,1791156960000,1791157080000,1791156965338,15,0,0,1,0,1791156960000,1791157080000,0,0,1,0,1791156600000,1791157200000,0,0,1,0
2026-10-04T23:36:05.523Z,source,20148,1791156960000,1791157080000,1791156965476,16,0,0,1,0,1791156960000,1791157080000,0,0,1,0,1791156600000,1791157200000,0,0,1,0
2026-10-04T23:36:05.724Z,source,20148,1791156960000,1791157080000,1791156965655,17,0,0,1,0,1791156960000,1791157080000,0,0,1,0,1791156600000,1791157200000,0,0,1,0
2026-10-04T23:36:06.171Z,source,20148,1791156960000,1791157080000,1791156966107,18,0,0,1,0,1791156960000,1791157080000,0,0,1,0,1791156600000,1791157200000,0,0,1,0
2026-10-04T23:36:06.323Z,source,20148,1791156960000,1791157080000,1791156966225,19,0,0,1,0,1791156960000,1791157080000,0,0,1,0,1791156600000,1791157200000,0,0,1,0
2026-10-04T23:36:06.724Z,source,20148,1791156960000,1791157080000,1791156966535,20,0,0,1,0,1791156960000,1791157080000,0,0,1,0,1791156600000,1791157200000,0,0,1,0
2026-10-04T23:36:06.772Z,source,20148,1791156960000,1791157080000,1791156966677,21,0,0,1,0,1791156960000,1791157080000,0,0,1,0,1791156600000,1791157200000,0,0,1,0
2026-10-04T23:36:07.322Z,source,20148,1791156960000,1791157080000,1791156967292,22,0,0,1,0,1791156960000,1791157080000,0,0,1,0,1791156600000,1791157200000,0,0,1,0
2026-10-04T23:36:07.471Z,source,20148,1791156960000,1791157080000,1791156967434,24,0,0,1,0,1791156960000,1791157080000,0,0,1,0,1791156600000,1791157200000,0,0,1,0
2026-10-04T23:36:07.973Z,source,20148,1791156960000,1791157080000,1791156967881,25,0,0,1,0,1791156960000,1791157080000,0,0,1,0,1791156600000,1791157200000,0,0,1,0
2026-10-04T23:36:08.472Z,source,20148,1791156960000,1791157080000,1791156968409,26,0,0,1,0,1791156960000,1791157080000,0,0,1,0,1791156600000,1791157200000,0,0,1,0
2026-10-04T23:36:08.822Z,source,20148,1791156960000,1791157080000,1791156968732,27,0,0,1,0,1791156960000,1791157080000,0,0,1,0,1791156600000,1791157200000,0,0,1,0
2026-10-04T23:36:09.023Z,source,20148,1791156960000,1791157080000,1791156968956,29,0,0,1,0,1791156960000,1791157080000,0,0,1,0,1791156600000,1791157200000,0,0,1,0
2026-10-04T23:36:09.672Z,source,20148,1791156960000,1791157080000,1791156969554,30,0,0,1,0,1791156960000,1791157080000,0,0,1,0,1791156600000,1791157200000,0,0,1,0
2026-10-04T23:36:09.724Z,source,20148,1791156960000,1791157080000,1791156969659,31,0,0,1,0,1791156960000,1791157080000,0,0,1,0,1791156600000,1791157200000,0,0,1,0
2026-10-04T23:36:10.122Z,source,20148,1791156960000,1791157080000,1791156970044,32,0,0,1,0,1791156960000,1791157080000,0,0,1,0,1791156600000,1791157200000,0,0,1,0
2026-10-04T23:36:10.172Z,source,20148,1791156960000,1791157080000,1791156970108,33,0,0,1,0,1791156960000,1791157080000,0,0,1,0,1791156600000,1791157200000,0,0,1,0
2026-10-04T23:36:10.674Z,source,20148,1791156960000,1791157080000,1791156970605,34,0,0,1,0,1791156960000,1791157080000,0,0,1,0,1791156600000,1791157200000,0,0,1,0
2026-10-04T23:36:10.923Z,source,20148,1791156960000,1791157080000,1791156970754,35,0,0,1,0,1791156960000,1791157080000,0,0,1,0,1791156600000,1791157200000,0,0,1,0
2026-10-04T23:36:11.273Z,source,20148,1791156960000,1791157080000,1791156971176,36,0,0,1,0,1791156960000,1791157080000,0,0,1,0,1791156600000,1791157200000,0,0,1,0
2026-10-04T23:36:11.423Z,source,20148,1791156960000,1791157080000,1791156971317,37,0,0,1,0,1791156960000,1791157080000,0,0,1,0,1791156600000,1791157200000,0,0,1,0
2026-10-04T23:36:11.572Z,source,20148,1791156960000,1791157080000,1791156971476,38,0,0,1,0,1791156960000,1791157080000,0,0,1,0,1791156600000,1791157200000,0,0,1,0
2026-10-04T23:36:11.773Z,source,20148,1791156960000,1791157080000,1791156971655,39,0,0,1,0,1791156960000,1791157080000,0,0,1,0,1791156600000,1791157200000,0,0,1,0
2026-10-04T23:36:12.474Z,source,20148,1791156960000,1791157080000,1791156972377,40,0,0,1,0,1791156960000,1791157080000,0,0,1,0,1791156600000,1791157200000,0,0,1,0
2026-10-04T23:36:12.573Z,source,20148,1791156960000,1791157080000,1791156972509,41,0,0,1,0,1791156960000,1791157080000,0,0,1,0,1791156600000,1791157200000,0,0,1,0
2026-10-04T23:36:12.774Z,source,20148,1791156960000,1791157080000,1791156972671,42,0,0,1,0,1791156960000,1791157080000,0,0,1,0,1791156600000,1791157200000,0,0,1,0
2026-10-04T23:36:13.374Z,source,20148,1791156960000,1791157080000,1791156973304,43,0,0,1,0,1791156960000,1791157080000,0,0,1,0,1791156600000,1791157200000,0,0,1,0
2026-10-04T23:36:13.523Z,source,20148,1791156960000,1791157080000,1791156973447,44,0,0,1,0,1791156960000,1791157080000,0,0,1,0,1791156600000,1791157200000,0,0,1,0
2026-10-04T23:36:13.623Z,source,20148,1791156960000,1791157080000,1791156973564,45,0,0,1,0,1791156960000,1791157080000,0,0,1,0,1791156600000,1791157200000,0,0,1,0
2026-10-04T23:36:14.572Z,source,20148,1791156960000,1791157080000,1791156974486,46,0,0,1,0,1791156960000,1791157080000,0,0,1,0,1791156600000,1791157200000,0,0,1,0
2026-10-04T23:36:14.722Z,source,20148,1791156960000,1791157080000,1791156974637,47,0,0,1,0,1791156960000,1791157080000,0,0,1,0,1791156600000,1791157200000,0,0,1,0
2026-10-04T23:36:15.123Z,source,20148,1791156960000,1791157080000,1791156975068,48,0,0,1,0,1791156960000,1791157080000,0,0,1,0,1791156600000,1791157200000,0,0,1,0
2026-10-04T23:36:15.371Z,source,20148,1791156960000,1791157080000,1791156975255,49,0,0,1,0,1791156960000,1791157080000,0,0,1,0,1791156600000,1791157200000,0,0,1,0
2026-10-04T23:36:15.774Z,source,20148,1791156960000,1791157080000,1791156975707,50,0,0,1,0,1791156960000,1791157080000,0,0,1,0,1791156600000,1791157200000,0,0,1,0
2026-10-04T23:36:15.923Z,source,20148,1791156960000,1791157080000,1791156975843,51,0,0,1,0,1791156960000,1791157080000,0,0,1,0,1791156600000,1791157200000,0,0,1,0
2026-10-04T23:36:16.373Z,source,20148,1791156960000,1791157080000,1791156976272,52,0,0,1,0,1791156960000,1791157080000,0,0,1,0,1791156600000,1791157200000,0,0,1,0
2026-10-04T23:36:16.523Z,source,20148,1791156960000,1791157080000,1791156976455,53,0,0,1,0,1791156960000,1791157080000,0,0,1,0,1791156600000,1791157200000,0,0,1,0
2026-10-04T23:36:16.672Z,source,20148,1791156960000,1791157080000,1791156976604,54,0,0,1,0,1791156960000,1791157080000,0,0,1,0,1791156600000,1791157200000,0,0,1,0
2026-10-04T23:36:16.823Z,source,20148,1791156960000,1791157080000,1791156976754,55,0,0,1,0,1791156960000,1791157080000,0,0,1,0,1791156600000,1791157200000,0,0,1,0
2026-10-04T23:36:17.721Z,source,20148,1791156960000,1791157080000,1791156977655,57,0,0,1,0,1791156960000,1791157080000,0,0,1,0,1791156600000,1791157200000,0,0,1,0
2026-10-04T23:36:18.273Z,source,20148,1791156960000,1791157080000,1791156978086,58,0,0,1,0,1791156960000,1791157080000,0,0,1,0,1791156600000,1791157200000,0,0,1,0
2026-10-04T23:36:18.324Z,source,20148,1791156960000,1791157080000,1791156978254,59,0,0,1,0,1791156960000,1791157080000,0,0,1,0,1791156600000,1791157200000,0,0,1,0
2026-10-04T23:36:18.572Z,source,20148,1791156960000,1791157080000,1791156978513,60,0,0,1,0,1791156960000,1791157080000,0,0,1,0,1791156600000,1791157200000,0,0,1,0
2026-10-04T23:36:18.774Z,source,20148,1791156960000,1791157080000,1791156978664,61,0,0,1,0,1791156960000,1791157080000,0,0,1,0,1791156600000,1791157200000,0,0,1,0
2026-10-04T23:36:19.523Z,source,20148,1791156960000,1791157080000,1791156979425,62,0,0,1,0,1791156960000,1791157080000,0,0,1,0,1791156600000,1791157200000,0,0,1,0
2026-10-04T23:36:19.624Z,source,20148,1791156960000,1791157080000,1791156979570,63,0,0,1,0,1791156960000,1791157080000,0,0,1,0,1791156600000,1791157200000,0,0,1,0
2026-10-04T23:36:19.824Z,source,20148,1791156960000,1791157080000,1791156979755,64,0,0,1,0,1791156960000,1791157080000,0,0,1,0,1791156600000,1791157200000,0,0,1,0
2026-10-04T23:36:20.273Z,source,20148,1791156960000,1791157080000,1791156980172,65,0,0,1,0,1791156960000,1791157080000,0,0,1,0,1791156600000,1791157200000,0,0,1,0
2026-10-04T23:36:20.423Z,source,20148,1791156960000,1791157080000,1791156980341,66,0,0,1,0,1791156960000,1791157080000,0,0,1,0,1791156600000,1791157200000,0,0,1,0
2026-10-04T23:36:20.724Z,source,20148,1791156960000,1791157080000,1791156980625,67,0,0,1,0,1791156960000,1791157080000,0,0,1,0,1791156600000,1791157200000,0,0,1,0
2026-10-04T23:36:20.873Z,source,20148,1791156960000,1791157080000,1791156980776,68,0,0,1,0,1791156960000,1791157080000,0,0,1,0,1791156600000,1791157200000,0,0,1,0
2026-10-04T23:36:21.473Z,source,20148,1791156960000,1791157080000,1791156981376,69,0,0,1,0,1791156960000,1791157080000,0,0,1,0,1791156600000,1791157200000,0,0,1,0
2026-10-04T23:36:21.674Z,source,20148,1791156960000,1791157080000,1791156981553,70,0,0,1,0,1791156960000,1791157080000,0,0,1,0,1791156600000,1791157200000,0,0,1,0
2026-10-04T23:36:21.772Z,source,20148,1791156960000,1791157080000,1791156981701,71,0,0,1,0,1791156960000,1791157080000,0,0,1,0,1791156600000,1791157200000,0,0,1,0
2026-10-04T23:36:21.974Z,source,20148,1791156960000,1791157080000,1791156981854,72,0,0,1,0,1791156960000,1791157080000,0,0,1,0,1791156600000,1791157200000,0,0,1,0
2026-10-04T23:36:22.624Z,source,20148,1791156960000,1791157080000,1791156982556,73,0,0,1,0,1791156960000,1791157080000,0,0,1,0,1791156600000,1791157200000,0,0,1,0
2026-10-04T23:36:22.871Z,source,20148,1791156960000,1791157080000,1791156982754,74,0,0,1,0,1791156960000,1791157080000,0,0,1,0,1791156600000,1791157200000,0,0,1,0
2026-10-04T23:36:23.472Z,source,20148,1791156960000,1791157080000,1791156983354,75,0,0,1,0,1791156960000,1791157080000,0,0,1,0,1791156600000,1791157200000,0,0,1,0
2026-10-04T23:36:23.574Z,source,20148,1791156960000,1791157080000,1791156983487,76,0,0,1,0,1791156960000,1791157080000,0,0,1,0,1791156600000,1791157200000,0,0,1,0
2026-10-04T23:36:24.022Z,source,20148,1791156960000,1791157080000,1791156983954,77,0,0,1,0,1791156960000,1791157080000,0,0,1,0,1791156600000,1791157200000,0,0,1,0
2026-10-04T23:36:24.173Z,source,20148,1791156960000,1791157080000,1791156984067,78,0,0,1,0,1791156960000,1791157080000,0,0,1,0,1791156600000,1791157200000,0,0,1,0
2026-10-04T23:36:24.672Z,source,20148,1791156960000,1791157080000,1791156984555,79,0,0,1,0,1791156960000,1791157080000,0,0,1,0,1791156600000,1791157200000,0,0,1,0
2026-10-04T23:36:24.773Z,source,20148,1791156960000,1791157080000,1791156984706,80,0,0,1,0,1791156960000,1791157080000,0,0,1,0,1791156600000,1791157200000,0,0,1,0
2026-10-04T23:36:24.922Z,source,20148,1791156960000,1791157080000,1791156984815,81,0,0,1,0,1791156960000,1791157080000,0,0,1,0,1791156600000,1791157200000,0,0,1,0
2026-10-04T23:36:25.673Z,source,20148,1791156960000,1791157080000,1791156985591,82,0,0,1,0,1791156960000,1791157080000,0,0,1,0,1791156600000,1791157200000,0,0,1,0
2026-10-04T23:36:25.823Z,source,20148,1791156960000,1791157080000,1791156985742,83,0,0,1,0,1791156960000,1791157080000,0,0,1,0,1791156600000,1791157200000,0,0,1,0
2026-10-04T23:36:26.474Z,source,20148,1791156960000,1791157080000,1791156986355,84,0,0,1,0,1791156960000,1791157080000,0,0,1,0,1791156600000,1791157200000,0,0,1,0
2026-10-04T23:36:26.523Z,source,20148,1791156960000,1791157080000,1791156986459,85,0,0,1,0,1791156960000,1791157080000,0,0,1,0,1791156600000,1791157200000,0,0,1,0
2026-10-04T23:36:26.721Z,source,20148,1791156960000,1791157080000,1791156986654,86,0,0,1,0,1791156960000,1791157080000,0,0,1,0,1791156600000,1791157200000,0,0,1,0
2026-10-04T23:36:27.172Z,source,20148,1791156960000,1791157080000,1791156987076,87,0,0,1,0,1791156960000,1791157080000,0,0,1,0,1791156600000,1791157200000,0,0,1,0
2026-10-04T23:36:27.322Z,source,20148,1791156960000,1791157080000,1791156987224,88,0,0,1,0,1791156960000,1791157080000,0,0,1,0,1791156600000,1791157200000,0,0,1,0
2026-10-04T23:36:27.672Z,source,20148,1791156960000,1791157080000,1791156987553,89,0,0,1,0,1791156960000,1791157080000,0,0,1,0,1791156600000,1791157200000,0,0,1,0
2026-10-04T23:36:27.774Z,source,20148,1791156960000,1791157080000,1791156987676,90,0,0,1,0,1791156960000,1791157080000,0,0,1,0,1791156600000,1791157200000,0,0,1,0
2026-10-04T23:36:28.522Z,source,20148,1791156960000,1791157080000,1791156988425,91,0,0,1,0,1791156960000,1791157080000,0,0,1,0,1791156600000,1791157200000,0,0,1,0
2026-10-04T23:36:28.622Z,source,20148,1791156960000,1791157080000,1791156988567,92,0,0,1,0,1791156960000,1791157080000,0,0,1,0,1791156600000,1791157200000,0,0,1,0
2026-10-04T23:36:28.874Z,source,20148,1791156960000,1791157080000,1791156988755,93,0,0,1,0,1791156960000,1791157080000,0,0,1,0,1791156600000,1791157200000,0,0,1,0
2026-10-04T23:36:29.472Z,source,20148,1791156960000,1791157080000,1791156989355,94,0,0,1,0,1791156960000,1791157080000,0,0,1,0,1791156600000,1791157200000,0,0,1,0
2026-10-04T23:36:29.522Z,source,20148,1791156960000,1791157080000,1791156989465,95,0,0,1,0,1791156960000,1791157080000,0,0,1,0,1791156600000,1791157200000,0,0,1,0
2026-10-04T23:36:29.873Z,source,20148,1791156960000,1791157080000,1791156989776,96,0,0,1,0,1791156960000,1791157080000,0,0,1,0,1791156600000,1791157200000,0,0,1,0
2026-10-04T23:36:30.022Z,source,20148,1791156960000,1791157080000,1791156989955,97,0,0,1,0,1791156960000,1791157080000,0,0,1,0,1791156600000,1791157200000,0,0,1,0
2026-10-04T23:36:30.824Z,source,20148,1791156960000,1791157080000,1791156990670,98,0,0,1,0,1791156960000,1791157080000,0,0,1,0,1791156600000,1791157200000,0,0,1,0
2026-10-04T23:36:30.924Z,source,20148,1791156960000,1791157080000,1791156990824,99,0,0,1,0,1791156960000,1791157080000,0,0,1,0,1791156600000,1791157200000,0,0,1,0
2026-10-04T23:36:31.374Z,source,20148,1791156960000,1791157080000,1791156991292,100,0,0,1,0,1791156960000,1791157080000,0,0,1,0,1791156600000,1791157200000,0,0,1,0
2026-10-04T23:36:31.523Z,source,20148,1791156960000,1791157080000,1791156991443,101,0,0,1,0,1791156960000,1791157080000,0,0,1,0,1791156600000,1791157200000,0,0,1,0
2026-10-04T23:36:32.072Z,source,20148,1791156960000,1791157080000,1791156992024,103,0,0,1,0,1791156960000,1791157080000,0,0,1,0,1791156600000,1791157200000,0,0,1,0
2026-10-04T23:36:32.924Z,source,20148,1791156960000,1791157080000,1791156992794,104,0,0,1,0,1791156960000,1791157080000,0,0,1,0,1791156600000,1791157200000,0,0,1,0
2026-10-04T23:36:33.022Z,source,20148,1791156960000,1791157080000,1791156992952,105,0,0,1,0,1791156960000,1791157080000,0,0,1,0,1791156600000,1791157200000,0,0,1,0
2026-10-04T23:36:33.324Z,source,20148,1791156960000,1791157080000,1791156993256,106,0,0,1,0,1791156960000,1791157080000,0,0,1,0,1791156600000,1791157200000,0,0,1,0
2026-10-04T23:36:33.474Z,source,20148,1791156960000,1791157080000,1791156993407,107,0,0,1,0,1791156960000,1791157080000,0,0,1,0,1791156600000,1791157200000,0,0,1,0
2026-10-04T23:36:35.574Z,source,20148,1791156960000,1791157080000,1791156995476,108,0,0,1,0,1791156960000,1791157080000,0,0,1,0,1791156600000,1791157200000,0,0,1,0
2026-10-04T23:36:35.724Z,source,20148,1791156960000,1791157080000,1791156995651,109,0,0,1,0,1791156960000,1791157080000,0,0,1,0,1791156600000,1791157200000,0,0,1,0
2026-10-04T23:36:36.173Z,source,20148,1791156960000,1791157080000,1791156996106,110,0,0,1,0,1791156960000,1791157080000,0,0,1,0,1791156600000,1791157200000,0,0,1,0
2026-10-04T23:36:36.323Z,source,20148,1791156960000,1791157080000,1791156996247,111,0,0,1,0,1791156960000,1791157080000,0,0,1,0,1791156600000,1791157200000,0,0,1,0
2026-10-04T23:36:36.624Z,source,20148,1791156960000,1791157080000,1791156996552,112,0,0,1,0,1791156960000,1791157080000,0,0,1,0,1791156600000,1791157200000,0,0,1,0
2026-10-04T23:36:36.774Z,source,20148,1791156960000,1791157080000,1791156996677,113,0,0,1,0,1791156960000,1791157080000,0,0,1,0,1791156600000,1791157200000,0,0,1,0
2026-10-04T23:36:37.323Z,source,20148,1791156960000,1791157080000,1791156997306,114,0,0,1,0,1791156960000,1791157080000,0,0,1,0,1791156600000,1791157200000,0,0,1,0
2026-10-04T23:36:37.523Z,source,20148,1791156960000,1791157080000,1791156997454,115,0,0,1,0,1791156960000,1791157080000,0,0,1,0,1791156600000,1791157200000,0,0,1,0
2026-10-04T23:36:37.673Z,source,20148,1791156960000,1791157080000,1791156997601,116,0,0,1,0,1791156960000,1791157080000,0,0,1,0,1791156600000,1791157200000,0,0,1,0
2026-10-04T23:36:37.821Z,source,20148,1791156960000,1791157080000,1791156997755,117,0,0,1,0,1791156960000,1791157080000,0,0,1,0,1791156600000,1791157200000,0,0,1,0
2026-10-04T23:36:38.573Z,source,20148,1791156960000,1791157080000,1791156998500,118,0,0,1,0,1791156960000,1791157080000,0,0,1,0,1791156600000,1791157200000,0,0,1,0
2026-10-04T23:36:38.723Z,source,20148,1791156960000,1791157080000,1791156998651,119,0,0,1,0,1791156960000,1791157080000,0,0,1,0,1791156600000,1791157200000,0,0,1,0
2026-10-04T23:36:39.223Z,source,20148,1791156960000,1791157080000,1791156999063,120,0,0,1,0,1791156960000,1791157080000,0,0,1,0,1791156600000,1791157200000,0,0,1,0
2026-10-04T23:36:39.323Z,source,20148,1791156960000,1791157080000,1791156999250,121,0,0,1,0,1791156960000,1791157080000,0,0,1,0,1791156600000,1791157200000,0,0,1,0
2026-10-04T23:36:40.673Z,source,20148,1791156960000,1791157080000,1791157000606,122,0,0,1,0,1791156960000,1791157080000,0,0,1,0,1791156600000,1791157200000,0,0,1,0
2026-10-04T23:36:40.823Z,source,20148,1791156960000,1791157080000,1791157000741,123,0,0,1,0,1791156960000,1791157080000,0,0,1,0,1791156600000,1791157200000,0,0,1,0
2026-10-04T23:36:41.574Z,source,20148,1791156960000,1791157080000,1791157001476,124,0,0,1,0,1791156960000,1791157080000,0,0,1,0,1791156600000,1791157200000,0,0,1,0
2026-10-04T23:36:41.724Z,source,20148,1791156960000,1791157080000,1791157001644,125,0,0,1,0,1791156960000,1791157080000,0,0,1,0,1791156600000,1791157200000,0,0,1,0
2026-10-04T23:36:42.424Z,source,20148,1791156960000,1791157080000,1791157002388,126,0,0,1,0,1791156960000,1791157080000,0,0,1,0,1791156600000,1791157200000,0,0,1,0
2026-10-04T23:36:42.624Z,source,20148,1791156960000,1791157080000,1791157002549,127,0,0,1,0,1791156960000,1791157080000,0,0,1,0,1791156600000,1791157200000,0,0,1,0
2026-10-04T23:36:42.774Z,source,20148,1791156960000,1791157080000,1791157002667,128,0,0,1,0,1791156960000,1791157080000,0,0,1,0,1791156600000,1791157200000,0,0,1,0
2026-10-04T23:36:43.674Z,source,20148,1791156960000,1791157080000,1791157003597,129,0,0,1,0,1791156960000,1791157080000,0,0,1,0,1791156600000,1791157200000,0,0,1,0
2026-10-04T23:36:43.822Z,source,20148,1791156960000,1791157080000,1791157003745,130,0,0,1,0,1791156960000,1791157080000,0,0,1,0,1791156600000,1791157200000,0,0,1,0
2026-10-04T23:36:44.124Z,source,20148,1791156960000,1791157080000,1791157004055,131,0,0,1,0,1791156960000,1791157080000,0,0,1,0,1791156600000,1791157200000,0,0,1,0
2026-10-04T23:36:44.274Z,source,20148,1791156960000,1791157080000,1791157004200,132,0,0,1,0,1791156960000,1791157080000,0,0,1,0,1791156600000,1791157200000,0,0,1,0
2026-10-04T23:36:44.573Z,source,20148,1791156960000,1791157080000,1791157004494,133,0,0,1,0,1791156960000,1791157080000,0,0,1,0,1791156600000,1791157200000,0,0,1,0
2026-10-04T23:36:44.774Z,source,20148,1791156960000,1791157080000,1791157004655,134,0,0,1,0,1791156960000,1791157080000,0,0,1,0,1791156600000,1791157200000,0,0,1,0
2026-10-04T23:36:45.523Z,source,20148,1791156960000,1791157080000,1791157005389,135,0,0,1,0,1791156960000,1791157080000,0,0,1,0,1791156600000,1791157200000,0,0,1,0
2026-10-04T23:36:45.623Z,source,20148,1791156960000,1791157080000,1791157005539,136,0,0,1,0,1791156960000,1791157080000,0,0,1,0,1791156600000,1791157200000,0,0,1,0
2026-10-04T23:36:45.774Z,source,20148,1791156960000,1791157080000,1791157005706,137,0,0,1,0,1791156960000,1791157080000,0,0,1,0,1791156600000,1791157200000,0,0,1,0
2026-10-04T23:36:45.922Z,source,20148,1791156960000,1791157080000,1791157005854,138,0,0,1,0,1791156960000,1791157080000,0,0,1,0,1791156600000,1791157200000,0,0,1,0
2026-10-04T23:36:46.673Z,source,20148,1791156960000,1791157080000,1791157006576,139,0,0,1,0,1791156960000,1791157080000,0,0,1,0,1791156600000,1791157200000,0,0,1,0
2026-10-04T23:36:46.873Z,source,20148,1791156960000,1791157080000,1791157006754,140,0,0,1,0,1791156960000,1791157080000,0,0,1,0,1791156600000,1791157200000,0,0,1,0
2026-10-04T23:36:47.424Z,source,20148,1791156960000,1791157080000,1791157007343,141,0,0,1,0,1791156960000,1791157080000,0,0,1,0,1791156600000,1791157200000,0,0,1,0
2026-10-04T23:36:47.624Z,source,20148,1791156960000,1791157080000,1791157007486,142,0,0,1,0,1791156960000,1791157080000,0,0,1,0,1791156600000,1791157200000,0,0,1,0
2026-10-04T23:36:48.673Z,source,20148,1791156960000,1791157080000,1791157008525,143,0,0,1,0,1791156960000,1791157080000,0,0,1,0,1791156600000,1791157200000,0,0,1,0
2026-10-04T23:36:48.774Z,source,20148,1791156960000,1791157080000,1791157008689,144,0,0,1,0,1791156960000,1791157080000,0,0,1,0,1791156600000,1791157200000,0,0,1,0
2026-10-04T23:36:49.224Z,source,20148,1791156960000,1791157080000,1791157009145,145,0,0,1,0,1791156960000,1791157080000,0,0,1,0,1791156600000,1791157200000,0,0,1,0
2026-10-04T23:36:49.374Z,source,20148,1791156960000,1791157080000,1791157009306,146,0,0,1,0,1791156960000,1791157080000,0,0,1,0,1791156600000,1791157200000,0,0,1,0
2026-10-04T23:36:50.573Z,source,20148,1791156960000,1791157080000,1791157010487,147,0,0,1,0,1791156960000,1791157080000,0,0,1,0,1791156600000,1791157200000,0,0,1,0
2026-10-04T23:36:50.774Z,source,20148,1791156960000,1791157080000,1791157010635,148,0,0,1,0,1791156960000,1791157080000,0,0,1,0,1791156600000,1791157200000,0,0,1,0
2026-10-04T23:36:51.472Z,source,20148,1791156960000,1791157080000,1791157011367,149,0,0,1,0,1791156960000,1791157080000,0,0,1,0,1791156600000,1791157200000,0,0,1,0
2026-10-04T23:36:51.624Z,source,20148,1791156960000,1791157080000,1791157011540,150,0,0,1,0,1791156960000,1791157080000,0,0,1,0,1791156600000,1791157200000,0,0,1,0
2026-10-04T23:36:51.824Z,source,20148,1791156960000,1791157080000,1791157011694,151,0,0,1,0,1791156960000,1791157080000,0,0,1,0,1791156600000,1791157200000,0,0,1,0
2026-10-04T23:36:52.323Z,source,20148,1791156960000,1791157080000,1791157012154,152,0,0,1,0,1791156960000,1791157080000,0,0,1,0,1791156600000,1791157200000,0,0,1,0
2026-10-04T23:36:52.372Z,source,20148,1791156960000,1791157080000,1791157012287,153,0,0,1,0,1791156960000,1791157080000,0,0,1,0,1791156600000,1791157200000,0,0,1,0
2026-10-04T23:36:52.874Z,source,20148,1791156960000,1791157080000,1791157012755,154,0,0,1,0,1791156960000,1791157080000,0,0,1,0,1791156600000,1791157200000,0,0,1,0
2026-10-04T23:36:52.974Z,source,20148,1791156960000,1791157080000,1791157012894,155,0,0,1,0,1791156960000,1791157080000,0,0,1,0,1791156600000,1791157200000,0,0,1,0
2026-10-04T23:36:53.474Z,source,20148,1791156960000,1791157080000,1791157013355,156,0,0,1,0,1791156960000,1791157080000,0,0,1,0,1791156600000,1791157200000,0,0,1,0
2026-10-04T23:36:53.574Z,source,20148,1791156960000,1791157080000,1791157013487,157,0,0,1,0,1791156960000,1791157080000,0,0,1,0,1791156600000,1791157200000,0,0,1,0
2026-10-04T23:36:53.724Z,source,20148,1791156960000,1791157080000,1791157013648,158,0,0,1,0,1791156960000,1791157080000,0,0,1,0,1791156600000,1791157200000,0,0,1,0
2026-10-04T23:36:54.474Z,source,20148,1791156960000,1791157080000,1791157014406,159,0,0,1,0,1791156960000,1791157080000,0,0,1,0,1791156600000,1791157200000,0,0,1,0
2026-10-04T23:36:54.623Z,source,20148,1791156960000,1791157080000,1791157014525,160,0,0,1,0,1791156960000,1791157080000,0,0,1,0,1791156600000,1791157200000,0,0,1,0
2026-10-04T23:36:55.674Z,source,20148,1791156960000,1791157080000,1791157015606,161,0,0,1,0,1791156960000,1791157080000,0,0,1,0,1791156600000,1791157200000,0,0,1,0
2026-10-04T23:36:55.825Z,source,20148,1791156960000,1791157080000,1791157015725,162,0,0,1,0,1791156960000,1791157080000,0,0,1,0,1791156600000,1791157200000,0,0,1,0
2026-10-04T23:36:56.524Z,source,20148,1791156960000,1791157080000,1791157016356,163,0,0,1,0,1791156960000,1791157080000,0,0,1,0,1791156600000,1791157200000,0,0,1,0
2026-10-04T23:36:56.574Z,source,20148,1791156960000,1791157080000,1791157016501,164,0,0,1,0,1791156960000,1791157080000,0,0,1,0,1791156600000,1791157200000,0,0,1,0
2026-10-04T23:36:56.774Z,source,20148,1791156960000,1791157080000,1791157016654,165,0,0,1,0,1791156960000,1791157080000,0,0,1,0,1791156600000,1791157200000,0,0,1,0
2026-10-04T23:36:56.873Z,source,20148,1791156960000,1791157080000,1791157016792,166,0,0,1,0,1791156960000,1791157080000,0,0,1,0,1791156600000,1791157200000,0,0,1,0
2026-10-04T23:36:57.623Z,source,20148,1791156960000,1791157080000,1791157017550,167,0,0,1,0,1791156960000,1791157080000,0,0,1,0,1791156600000,1791157200000,0,0,1,0
2026-10-04T23:36:57.774Z,source,20148,1791156960000,1791157080000,1791157017706,168,0,0,1,0,1791156960000,1791157080000,0,0,1,0,1791156600000,1791157200000,0,0,1,0
2026-10-04T23:36:58.274Z,source,20148,1791156960000,1791157080000,1791157018154,169,0,0,1,0,1791156960000,1791157080000,0,0,1,0,1791156600000,1791157200000,0,0,1,0
2026-10-04T23:36:58.374Z,source,20148,1791156960000,1791157080000,1791157018307,170,0,0,1,0,1791156960000,1791157080000,0,0,1,0,1791156600000,1791157200000,0,0,1,0
2026-10-04T23:36:58.824Z,source,20148,1791156960000,1791157080000,1791157018748,171,0,0,1,0,1791156960000,1791157080000,0,0,1,0,1791156600000,1791157200000,0,0,1,0
2026-10-04T23:36:58.974Z,source,20148,1791156960000,1791157080000,1791157018893,172,0,0,1,0,1791156960000,1791157080000,0,0,1,0,1791156600000,1791157200000,0,0,1,0
2026-10-04T23:36:59.674Z,source,20148,1791156960000,1791157080000,1791157019487,173,0,0,1,0,1791156960000,1791157080000,0,0,1,0,1791156600000,1791157200000,0,0,1,0
2026-10-04T23:36:59.774Z,source,20148,1791156960000,1791157080000,1791157019644,174,0,0,1,0,1791156960000,1791157080000,0,0,1,0,1791156600000,1791157200000,0,0,1,0
2026-10-04T23:37:00.224Z,source,20148,1791156960000,1791157080000,1791157020089,175,0,0,1,0,1791156960000,1791157080000,0,0,1,0,1791156600000,1791157200000,0,0,1,0
2026-10-04T23:37:00.323Z,source,20148,1791156960000,1791157080000,1791157020217,176,0,0,1,0,1791156960000,1791157080000,0,0,1,0,1791156600000,1791157200000,0,0,1,0
2026-10-04T23:37:00.773Z,source,20148,1791156960000,1791157080000,1791157020707,177,0,0,1,0,1791156960000,1791157080000,0,0,1,0,1791156600000,1791157200000,0,0,1,0
2026-10-04T23:37:00.922Z,source,20148,1791156960000,1791157080000,1791157020835,178,0,0,1,0,1791156960000,1791157080000,0,0,1,0,1791156600000,1791157200000,0,0,1,0
2026-10-04T23:37:01.373Z,source,20148,1791156960000,1791157080000,1791157021291,179,0,0,1,0,1791156960000,1791157080000,0,0,1,0,1791156600000,1791157200000,0,0,1,0
2026-10-04T23:37:01.523Z,source,20148,1791156960000,1791157080000,1791157021443,180,0,0,1,0,1791156960000,1791157080000,0,0,1,0,1791156600000,1791157200000,0,0,1,0
2026-10-04T23:37:01.774Z,source,20148,1791156960000,1791157080000,1791157021601,181,0,0,1,0,1791156960000,1791157080000,0,0,1,0,1791156600000,1791157200000,0,0,1,0
2026-10-04T23:37:01.824Z,source,20148,1791156960000,1791157080000,1791157021755,182,0,0,1,0,1791156960000,1791157080000,0,0,1,0,1791156600000,1791157200000,0,0,1,0
2026-10-04T23:37:02.573Z,source,20148,1791156960000,1791157080000,1791157022500,183,0,0,1,0,1791156960000,1791157080000,0,0,1,0,1791156600000,1791157200000,0,0,1,0
2026-10-04T23:37:02.824Z,source,20148,1791156960000,1791157080000,1791157022654,184,0,0,1,0,1791156960000,1791157080000,0,0,1,0,1791156600000,1791157200000,0,0,1,0
2026-10-04T23:37:02.874Z,source,20148,1791156960000,1791157080000,1791157022807,185,0,0,1,0,1791156960000,1791157080000,0,0,1,0,1791156600000,1791157200000,0,0,1,0
2026-10-04T23:37:03.174Z,source,20148,1791156960000,1791157080000,1791157023073,186,0,0,1,0,1791156960000,1791157080000,0,0,1,0,1791156600000,1791157200000,0,0,1,0
2026-10-04T23:37:03.322Z,source,20148,1791156960000,1791157080000,1791157023251,187,0,0,1,0,1791156960000,1791157080000,0,0,1,0,1791156600000,1791157200000,0,0,1,0
2026-10-04T23:37:03.723Z,source,20148,1791156960000,1791157080000,1791157023706,188,0,0,1,0,1791156960000,1791157080000,0,0,1,0,1791156600000,1791157200000,0,0,1,0
2026-10-04T23:37:03.924Z,source,20148,1791156960000,1791157080000,1791157023825,189,0,0,1,0,1791156960000,1791157080000,0,0,1,0,1791156600000,1791157200000,0,0,1,0
2026-10-04T23:37:04.524Z,source,20148,1791156960000,1791157080000,1791157024453,190,0,0,1,0,1791156960000,1791157080000,0,0,1,0,1791156600000,1791157200000,0,0,1,0
2026-10-04T23:37:04.672Z,source,20148,1791156960000,1791157080000,1791157024606,191,0,0,1,0,1791156960000,1791157080000,0,0,1,0,1791156600000,1791157200000,0,0,1,0
2026-10-04T23:37:04.922Z,source,20148,1791156960000,1791157080000,1791157024754,192,0,0,1,0,1791156960000,1791157080000,0,0,1,0,1791156600000,1791157200000,0,0,1,0
2026-10-04T23:37:05.724Z,source,20148,1791156960000,1791157080000,1791157025653,193,0,0,1,0,1791156960000,1791157080000,0,0,1,0,1791156600000,1791157200000,0,0,1,0
2026-10-04T23:37:05.973Z,source,20148,1791156960000,1791157080000,1791157025794,194,0,0,1,0,1791156960000,1791157080000,0,0,1,0,1791156600000,1791157200000,0,0,1,0
2026-10-04T23:37:06.472Z,source,20148,1791156960000,1791157080000,1791157026407,195,0,0,1,0,1791156960000,1791157080000,0,0,1,0,1791156600000,1791157200000,0,0,1,0
2026-10-04T23:37:06.674Z,source,20148,1791156960000,1791157080000,1791157026554,196,0,0,1,0,1791156960000,1791157080000,0,0,1,0,1791156600000,1791157200000,0,0,1,0
2026-10-04T23:37:06.773Z,source,20148,1791156960000,1791157080000,1791157026676,197,0,0,1,0,1791156960000,1791157080000,0,0,1,0,1791156600000,1791157200000,0,0,1,0
2026-10-04T23:37:07.525Z,source,20148,1791156960000,1791157080000,1791157027449,198,0,0,1,0,1791156960000,1791157080000,0,0,1,0,1791156600000,1791157200000,0,0,1,0
2026-10-04T23:37:07.674Z,source,20148,1791156960000,1791157080000,1791157027606,199,0,0,1,0,1791156960000,1791157080000,0,0,1,0,1791156600000,1791157200000,0,0,1,0
2026-10-04T23:37:08.123Z,source,20148,1791156960000,1791157080000,1791157028055,200,0,0,1,0,1791156960000,1791157080000,0,0,1,0,1791156600000,1791157200000,0,0,1,0
2026-10-04T23:37:08.273Z,source,20148,1791156960000,1791157080000,1791157028189,201,0,0,1,0,1791156960000,1791157080000,0,0,1,0,1791156600000,1791157200000,0,0,1,0
2026-10-04T23:37:09.774Z,source,20148,1791156960000,1791157080000,1791157029701,202,0,0,1,0,1791156960000,1791157080000,0,0,1,0,1791156600000,1791157200000,0,0,1,0
2026-10-04T23:37:09.923Z,source,20148,1791156960000,1791157080000,1791157029842,203,0,0,1,0,1791156960000,1791157080000,0,0,1,0,1791156600000,1791157200000,0,0,1,0
2026-10-04T23:37:10.674Z,source,20148,1791156960000,1791157080000,1791157030567,204,0,0,1,0,1791156960000,1791157080000,0,0,1,0,1791156600000,1791157200000,0,0,1,0
2026-10-04T23:37:10.874Z,source,20148,1791156960000,1791157080000,1791157030755,205,0,0,1,0,1791156960000,1791157080000,0,0,1,0,1791156600000,1791157200000,0,0,1,0
2026-10-04T23:37:10.973Z,source,20148,1791156960000,1791157080000,1791157030906,206,0,0,1,0,1791156960000,1791157080000,0,0,1,0,1791156600000,1791157200000,0,0,1,0
2026-10-04T23:37:11.575Z,source,20148,1791156960000,1791157080000,1791157031487,207,0,0,1,0,1791156960000,1791157080000,0,0,1,0,1791156600000,1791157200000,0,0,1,0
2026-10-04T23:37:11.774Z,source,20148,1791156960000,1791157080000,1791157031654,208,0,0,1,0,1791156960000,1791157080000,0,0,1,0,1791156600000,1791157200000,0,0,1,0
2026-10-04T23:37:12.474Z,source,20148,1791156960000,1791157080000,1791157032393,209,0,0,1,0,1791156960000,1791157080000,0,0,1,0,1791156600000,1791157200000,0,0,1,0
2026-10-04T23:37:12.675Z,source,20148,1791156960000,1791157080000,1791157032554,210,0,0,1,0,1791156960000,1791157080000,0,0,1,0,1791156600000,1791157200000,0,0,1,0
2026-10-04T23:37:12.773Z,source,20148,1791156960000,1791157080000,1791157032706,211,0,0,1,0,1791156960000,1791157080000,0,0,1,0,1791156600000,1791157200000,0,0,1,0
2026-10-04T23:37:13.523Z,source,20148,1791156960000,1791157080000,1791157033455,212,0,0,1,0,1791156960000,1791157080000,0,0,1,0,1791156600000,1791157200000,0,0,1,0
2026-10-04T23:37:13.674Z,source,20148,1791156960000,1791157080000,1791157033599,213,0,0,1,0,1791156960000,1791157080000,0,0,1,0,1791156600000,1791157200000,0,0,1,0
2026-10-04T23:37:13.822Z,source,20148,1791156960000,1791157080000,1791157033754,214,0,0,1,0,1791156960000,1791157080000,0,0,1,0,1791156600000,1791157200000,0,0,1,0
2026-10-04T23:37:14.123Z,source,20148,1791156960000,1791157080000,1791157034048,215,0,0,1,0,1791156960000,1791157080000,0,0,1,0,1791156600000,1791157200000,0,0,1,0
2026-10-04T23:37:14.224Z,source,20148,1791156960000,1791157080000,1791157034157,216,0,0,1,0,1791156960000,1791157080000,0,0,1,0,1791156600000,1791157200000,0,0,1,0
2026-10-04T23:37:14.723Z,source,20148,1791156960000,1791157080000,1791157034656,217,0,0,1,0,1791156960000,1791157080000,0,0,1,0,1791156600000,1791157200000,0,0,1,0
2026-10-04T23:37:14.874Z,source,20148,1791156960000,1791157080000,1791157034795,218,0,0,1,0,1791156960000,1791157080000,0,0,1,0,1791156600000,1791157200000,0,0,1,0
2026-10-04T23:37:15.423Z,source,20148,1791156960000,1791157080000,1791157035364,219,0,0,1,0,1791156960000,1791157080000,0,0,1,0,1791156600000,1791157200000,0,0,1,0
2026-10-04T23:37:15.672Z,source,20148,1791156960000,1791157080000,1791157035554,220,0,0,1,0,1791156960000,1791157080000,0,0,1,0,1791156600000,1791157200000,0,0,1,0
2026-10-04T23:37:15.774Z,source,20148,1791156960000,1791157080000,1791157035706,221,0,0,1,0,1791156960000,1791157080000,0,0,1,0,1791156600000,1791157200000,0,0,1,0
2026-10-04T23:37:15.923Z,source,20148,1791156960000,1791157080000,1791157035844,222,0,0,1,0,1791156960000,1791157080000,0,0,1,0,1791156600000,1791157200000,0,0,1,0
2026-10-04T23:37:16.523Z,source,20148,1791156960000,1791157080000,1791157036454,223,0,0,1,0,1791156960000,1791157080000,0,0,1,0,1791156600000,1791157200000,0,0,1,0
2026-10-04T23:37:16.675Z,source,20148,1791156960000,1791157080000,1791157036577,224,0,0,1,0,1791156960000,1791157080000,0,0,1,0,1791156600000,1791157200000,0,0,1,0
2026-10-04T23:37:16.823Z,source,20148,1791156960000,1791157080000,1791157036736,225,0,0,1,0,1791156960000,1791157080000,0,0,1,0,1791156600000,1791157200000,0,0,1,0
2026-10-04T23:37:16.974Z,source,20148,1791156960000,1791157080000,1791157036906,226,0,0,1,0,1791156960000,1791157080000,0,0,1,0,1791156600000,1791157200000,0,0,1,0
2026-10-04T23:37:17.575Z,source,20148,1791156960000,1791157080000,1791157037487,227,0,0,1,0,1791156960000,1791157080000,0,0,1,0,1791156600000,1791157200000,0,0,1,0
2026-10-04T23:37:17.723Z,source,20148,1791156960000,1791157080000,1791157037654,228,0,0,1,0,1791156960000,1791157080000,0,0,1,0,1791156600000,1791157200000,0,0,1,0
2026-10-04T23:37:18.523Z,source,20148,1791156960000,1791157080000,1791157038406,229,0,0,1,0,1791156960000,1791157080000,0,0,1,0,1791156600000,1791157200000,0,0,1,0
2026-10-04T23:37:18.622Z,source,20148,1791156960000,1791157080000,1791157038552,230,0,0,1,0,1791156960000,1791157080000,0,0,1,0,1791156600000,1791157200000,0,0,1,0
2026-10-04T23:37:18.773Z,source,20148,1791156960000,1791157080000,1791157038706,231,0,0,1,0,1791156960000,1791157080000,0,0,1,0,1791156600000,1791157200000,0,0,1,0
2026-10-04T23:37:19.572Z,source,20148,1791156960000,1791157080000,1791157039446,232,0,0,1,0,1791156960000,1791157080000,0,0,1,0,1791156600000,1791157200000,0,0,1,0
2026-10-04T23:37:19.673Z,source,20148,1791156960000,1791157080000,1791157039590,233,0,0,1,0,1791156960000,1791157080000,0,0,1,0,1791156600000,1791157200000,0,0,1,0
2026-10-04T23:37:19.873Z,source,20148,1791156960000,1791157080000,1791157039754,234,0,0,1,0,1791156960000,1791157080000,0,0,1,0,1791156600000,1791157200000,0,0,1,0
2026-10-04T23:37:19.973Z,source,20148,1791156960000,1791157080000,1791157039901,235,0,0,1,0,1791156960000,1791157080000,0,0,1,0,1791156600000,1791157200000,0,0,1,0
2026-10-04T23:37:20.624Z,source,20148,1791156960000,1791157080000,1791157040506,236,0,0,1,0,1791156960000,1791157080000,0,0,1,0,1791156600000,1791157200000,0,0,1,0
2026-10-04T23:37:20.723Z,source,20148,1791156960000,1791157080000,1791157040648,237,0,0,1,0,1791156960000,1791157080000,0,0,1,0,1791156600000,1791157200000,0,0,1,0
2026-10-04T23:37:21.474Z,source,20148,1791156960000,1791157080000,1791157041389,238,0,0,1,0,1791156960000,1791157080000,0,0,1,0,1791156600000,1791157200000,0,0,1,0
2026-10-04T23:37:21.672Z,source,20148,1791156960000,1791157080000,1791157041554,239,0,0,1,0,1791156960000,1791157080000,0,0,1,0,1791156600000,1791157200000,0,0,1,0
2026-10-04T23:37:21.774Z,source,20148,1791156960000,1791157080000,1791157041676,240,0,0,1,0,1791156960000,1791157080000,0,0,1,0,1791156600000,1791157200000,0,0,1,0
2026-10-04T23:37:22.624Z,source,20148,1791156960000,1791157080000,1791157042503,241,0,0,1,0,1791156960000,1791157080000,0,0,1,0,1791156600000,1791157200000,0,0,1,0
2026-10-04T23:37:22.723Z,source,20148,1791156960000,1791157080000,1791157042576,242,0,0,1,0,1791156960000,1791157080000,0,0,1,0,1791156600000,1791157200000,0,0,1,0
2026-10-04T23:37:22.825Z,source,20148,1791156960000,1791157080000,1791157042750,243,0,0,1,0,1791156960000,1791157080000,0,0,1,0,1791156600000,1791157200000,0,0,1,0
2026-10-04T23:37:22.973Z,source,20148,1791156960000,1791157080000,1791157042895,244,0,0,1,0,1791156960000,1791157080000,0,0,1,0,1791156600000,1791157200000,0,0,1,0
2026-10-04T23:37:23.573Z,source,20148,1791156960000,1791157080000,1791157043487,245,0,0,1,0,1791156960000,1791157080000,0,0,1,0,1791156600000,1791157200000,0,0,1,0
2026-10-04T23:37:23.773Z,source,20148,1791156960000,1791157080000,1791157043655,246,0,0,1,0,1791156960000,1791157080000,0,0,1,0,1791156600000,1791157200000,0,0,1,0
2026-10-04T23:37:24.475Z,source,20148,1791156960000,1791157080000,1791157044406,247,0,0,1,0,1791156960000,1791157080000,0,0,1,0,1791156600000,1791157200000,0,0,1,0
2026-10-04T23:37:24.624Z,source,20148,1791156960000,1791157080000,1791157044536,248,0,0,1,0,1791156960000,1791157080000,0,0,1,0,1791156600000,1791157200000,0,0,1,0
2026-10-04T23:37:24.823Z,source,20148,1791156960000,1791157080000,1791157044689,249,0,0,1,0,1791156960000,1791157080000,0,0,1,0,1791156600000,1791157200000,0,0,1,0
2026-10-04T23:37:25.523Z,source,20148,1791156960000,1791157080000,1791157045438,250,0,0,1,0,1791156960000,1791157080000,0,0,1,0,1791156600000,1791157200000,0,0,1,0
2026-10-04T23:37:25.673Z,source,20148,1791156960000,1791157080000,1791157045606,251,0,0,1,0,1791156960000,1791157080000,0,0,1,0,1791156600000,1791157200000,0,0,1,0
2026-10-04T23:37:25.875Z,source,20148,1791156960000,1791157080000,1791157045755,252,0,0,1,0,1791156960000,1791157080000,0,0,1,0,1791156600000,1791157200000,0,0,1,0
2026-10-04T23:37:26.124Z,source,20148,1791156960000,1791157080000,1791157046025,253,0,0,1,0,1791156960000,1791157080000,0,0,1,0,1791156600000,1791157200000,0,0,1,0
2026-10-04T23:37:26.272Z,source,20148,1791156960000,1791157080000,1791157046206,254,0,0,1,0,1791156960000,1791157080000,0,0,1,0,1791156600000,1791157200000,0,0,1,0
2026-10-04T23:37:26.524Z,source,20148,1791156960000,1791157080000,1791157046477,255,0,0,1,0,1791156960000,1791157080000,0,0,1,0,1791156600000,1791157200000,0,0,1,0
2026-10-04T23:37:26.772Z,source,20148,1791156960000,1791157080000,1791157046651,256,0,0,1,0,1791156960000,1791157080000,0,0,1,0,1791156600000,1791157200000,0,0,1,0
2026-10-04T23:37:27.473Z,source,20148,1791156960000,1791157080000,1791157047406,257,0,0,1,0,1791156960000,1791157080000,0,0,1,0,1791156600000,1791157200000,0,0,1,0
2026-10-04T23:37:27.672Z,source,20148,1791156960000,1791157080000,1791157047554,258,0,0,1,0,1791156960000,1791157080000,0,0,1,0,1791156600000,1791157200000,0,0,1,0
2026-10-04T23:37:27.774Z,source,20148,1791156960000,1791157080000,1791157047676,259,0,0,1,0,1791156960000,1791157080000,0,0,1,0,1791156600000,1791157200000,0,0,1,0
2026-10-04T23:37:28.524Z,source,20148,1791156960000,1791157080000,1791157048446,260,0,0,1,0,1791156960000,1791157080000,0,0,1,0,1791156600000,1791157200000,0,0,1,0
2026-10-04T23:37:28.673Z,source,20148,1791156960000,1791157080000,1791157048606,261,0,0,1,0,1791156960000,1791157080000,0,0,1,0,1791156600000,1791157200000,0,0,1,0
2026-10-04T23:37:28.824Z,source,20148,1791156960000,1791157080000,1791157048736,262,0,0,1,0,1791156960000,1791157080000,0,0,1,0,1791156600000,1791157200000,0,0,1,0
2026-10-04T23:37:29.023Z,source,20148,1791156960000,1791157080000,1791157048876,263,0,0,1,0,1791156960000,1791157080000,0,0,1,0,1791156600000,1791157200000,0,0,1,0
2026-10-04T23:37:29.722Z,source,20148,1791156960000,1791157080000,1791157049655,264,0,0,1,0,1791156960000,1791157080000,0,0,1,0,1791156600000,1791157200000,0,0,1,0
2026-10-04T23:37:29.873Z,source,20148,1791156960000,1791157080000,1791157049802,265,0,0,1,0,1791156960000,1791157080000,0,0,1,0,1791156600000,1791157200000,0,0,1,0
2026-10-04T23:37:30.923Z,source,20148,1791156960000,1791157080000,1791157050855,266,0,0,1,0,1791156960000,1791157080000,0,0,1,0,1791156600000,1791157200000,0,0,1,0
2026-10-04T23:37:31.123Z,source,20148,1791156960000,1791157080000,1791157050992,267,0,0,1,0,1791156960000,1791157080000,0,0,1,0,1791156600000,1791157200000,0,0,1,0
2026-10-04T23:37:31.523Z,source,20148,1791156960000,1791157080000,1791157051454,268,0,0,1,0,1791156960000,1791157080000,0,0,1,0,1791156600000,1791157200000,0,0,1,0
2026-10-04T23:37:31.974Z,source,20148,1791156960000,1791157080000,1791157051906,269,0,0,1,0,1791156960000,1791157080000,0,0,1,0,1791156600000,1791157200000,0,0,1,0
2026-10-04T23:37:32.524Z,source,20148,1791156960000,1791157080000,1791157052468,270,0,0,1,0,1791156960000,1791157080000,0,0,1,0,1791156600000,1791157200000,0,0,1,0
2026-10-04T23:37:33.022Z,source,20148,1791156960000,1791157080000,1791157052949,271,0,0,1,0,1791156960000,1791157080000,0,0,1,0,1791156600000,1791157200000,0,0,1,0
2026-10-04T23:37:33.473Z,source,20148,1791156960000,1791157080000,1791157053375,272,0,0,1,0,1791156960000,1791157080000,0,0,1,0,1791156600000,1791157200000,0,0,1,0
2026-10-04T23:37:33.775Z,source,20148,1791156960000,1791157080000,1791157053684,273,0,0,1,0,1791156960000,1791157080000,0,0,1,0,1791156600000,1791157200000,0,0,1,0
2026-10-04T23:37:33.925Z,source,20148,1791156960000,1791157080000,1791157053824,274,0,0,1,0,1791156960000,1791157080000,0,0,1,0,1791156600000,1791157200000,0,0,1,0
2026-10-04T23:37:34.073Z,source,20148,1791156960000,1791157080000,1791157053976,275,0,0,1,0,1791156960000,1791157080000,0,0,1,0,1791156600000,1791157200000,0,0,1,0
2026-10-04T23:37:34.524Z,source,20148,1791156960000,1791157080000,1791157054424,276,0,0,1,0,1791156960000,1791157080000,0,0,1,0,1791156600000,1791157200000,0,0,1,0
2026-10-04T23:37:34.675Z,source,20148,1791156960000,1791157080000,1791157054600,277,0,0,1,0,1791156960000,1791157080000,0,0,1,0,1791156600000,1791157200000,0,0,1,0
2026-10-04T23:37:34.824Z,source,20148,1791156960000,1791157080000,1791157054724,278,0,0,1,0,1791156960000,1791157080000,0,0,1,0,1791156600000,1791157200000,0,0,1,0
2026-10-04T23:37:35.724Z,source,20148,1791156960000,1791157080000,1791157055624,279,0,0,1,0,1791156960000,1791157080000,0,0,1,0,1791156600000,1791157200000,0,0,1,0
2026-10-04T23:37:35.872Z,source,20148,1791156960000,1791157080000,1791157055770,280,0,0,1,0,1791156960000,1791157080000,0,0,1,0,1791156600000,1791157200000,0,0,1,0
2026-10-04T23:37:36.374Z,source,20148,1791156960000,1791157080000,1791157056206,281,0,0,1,0,1791156960000,1791157080000,0,0,1,0,1791156600000,1791157200000,0,0,1,0
2026-10-04T23:37:36.425Z,source,20148,1791156960000,1791157080000,1791157056368,282,0,0,1,0,1791156960000,1791157080000,0,0,1,0,1791156600000,1791157200000,0,0,1,0
2026-10-04T23:37:36.674Z,source,20148,1791156960000,1791157080000,1791157056550,283,0,0,1,0,1791156960000,1791157080000,0,0,1,0,1791156600000,1791157200000,0,0,1,0
2026-10-04T23:37:36.773Z,source,20148,1791156960000,1791157080000,1791157056676,284,0,0,1,0,1791156960000,1791157080000,0,0,1,0,1791156600000,1791157200000,0,0,1,0
2026-10-04T23:37:37.523Z,source,20148,1791156960000,1791157080000,1791157057410,285,0,0,1,0,1791156960000,1791157080000,0,0,1,0,1791156600000,1791157200000,0,0,1,0
2026-10-04T23:37:37.673Z,source,20148,1791156960000,1791157080000,1791157057576,286,0,0,1,0,1791156960000,1791157080000,0,0,1,0,1791156600000,1791157200000,0,0,1,0
2026-10-04T23:37:37.823Z,source,20148,1791156960000,1791157080000,1791157057747,287,0,0,1,0,1791156960000,1791157080000,0,0,1,0,1791156600000,1791157200000,0,0,1,0
2026-10-04T23:37:37.923Z,source,20148,1791156960000,1791157080000,1791157057867,288,0,0,1,0,1791156960000,1791157080000,0,0,1,0,1791156600000,1791157200000,0,0,1,0
2026-10-04T23:37:38.523Z,source,20148,1791156960000,1791157080000,1791157058479,289,0,0,1,0,1791156960000,1791157080000,0,0,1,0,1791156600000,1791157200000,0,0,1,0
2026-10-04T23:37:38.724Z,source,20148,1791156960000,1791157080000,1791157058626,290,0,0,1,0,1791156960000,1791157080000,0,0,1,0,1791156600000,1791157200000,0,0,1,0
2026-10-04T23:37:38.824Z,source,20148,1791156960000,1791157080000,1791157058757,291,0,0,1,0,1791156960000,1791157080000,0,0,1,0,1791156600000,1791157200000,0,0,1,0
2026-10-04T23:37:39.123Z,source,20148,1791156960000,1791157080000,1791157059076,292,0,0,1,0,1791156960000,1791157080000,0,0,1,0,1791156600000,1791157200000,0,0,1,0
2026-10-04T23:37:39.324Z,source,20148,1791156960000,1791157080000,1791157059224,293,0,0,1,0,1791156960000,1791157080000,0,0,1,0,1791156600000,1791157200000,0,0,1,0
2026-10-04T23:37:39.624Z,source,20148,1791156960000,1791157080000,1791157059507,294,0,0,1,0,1791156960000,1791157080000,0,0,1,0,1791156600000,1791157200000,0,0,1,0
2026-10-04T23:37:39.774Z,source,20148,1791156960000,1791157080000,1791157059676,295,0,0,1,0,1791156960000,1791157080000,0,0,1,0,1791156600000,1791157200000,0,0,1,0
2026-10-04T23:37:40.573Z,source,20148,1791156960000,1791157080000,1791157060409,296,0,0,1,0,1791156960000,1791157080000,0,0,1,0,1791156600000,1791157200000,0,0,1,0
2026-10-04T23:37:40.675Z,source,20148,1791156960000,1791157080000,1791157060576,297,0,0,1,0,1791156960000,1791157080000,0,0,1,0,1791156600000,1791157200000,0,0,1,0
2026-10-04T23:37:40.823Z,source,20148,1791156960000,1791157080000,1791157060709,298,0,0,1,0,1791156960000,1791157080000,0,0,1,0,1791156600000,1791157200000,0,0,1,0
2026-10-04T23:37:41.374Z,source,20148,1791156960000,1791157080000,1791157061320,299,0,0,1,0,1791156960000,1791157080000,0,0,1,0,1791156600000,1791157200000,0,0,1,0
2026-10-04T23:37:41.623Z,source,20148,1791156960000,1791157080000,1791157061458,300,0,0,1,0,1791156960000,1791157080000,0,0,1,0,1791156600000,1791157200000,0,0,1,0
2026-10-04T23:37:42.674Z,source,20148,1791156960000,1791157080000,1791157062524,301,0,0,1,0,1791156960000,1791157080000,0,0,1,0,1791156600000,1791157200000,0,0,1,0
2026-10-04T23:37:42.723Z,source,20148,1791156960000,1791157080000,1791157062666,302,0,0,1,0,1791156960000,1791157080000,0,0,1,0,1791156600000,1791157200000,0,0,1,0
2026-10-04T23:37:43.525Z,source,20148,1791156960000,1791157080000,1791157063424,303,0,0,1,0,1791156960000,1791157080000,0,0,1,0,1791156600000,1791157200000,0,0,1,0
2026-10-04T23:37:43.724Z,source,20148,1791156960000,1791157080000,1791157063562,304,0,0,1,0,1791156960000,1791157080000,0,0,1,0,1791156600000,1791157200000,0,0,1,0
2026-10-04T23:37:43.824Z,source,20148,1791156960000,1791157080000,1791157063724,305,0,0,1,0,1791156960000,1791157080000,0,0,1,0,1791156600000,1791157200000,0,0,1,0
2026-10-04T23:37:44.573Z,source,20148,1791156960000,1791157080000,1791157064472,306,0,0,1,0,1791156960000,1791157080000,0,0,1,0,1791156600000,1791157200000,0,0,1,0
2026-10-04T23:37:44.774Z,source,20148,1791156960000,1791157080000,1791157064624,307,0,0,1,0,1791156960000,1791157080000,0,0,1,0,1791156600000,1791157200000,0,0,1,0
2026-10-04T23:37:44.824Z,source,20148,1791156960000,1791157080000,1791157064760,308,0,0,1,0,1791156960000,1791157080000,0,0,1,0,1791156600000,1791157200000,0,0,1,0
2026-10-04T23:37:45.024Z,source,20148,1791156960000,1791157080000,1791157064914,309,0,0,1,0,1791156960000,1791157080000,0,0,1,0,1791156600000,1791157200000,0,0,1,0
2026-10-04T23:37:45.625Z,source,20148,1791156960000,1791157080000,1791157065524,310,0,0,1,0,1791156960000,1791157080000,0,0,1,0,1791156600000,1791157200000,0,0,1,0
2026-10-04T23:37:45.824Z,source,20148,1791156960000,1791157080000,1791157065663,311,0,0,1,0,1791156960000,1791157080000,0,0,1,0,1791156600000,1791157200000,0,0,1,0
2026-10-04T23:37:45.924Z,source,20148,1791156960000,1791157080000,1791157065824,312,0,0,1,0,1791156960000,1791157080000,0,0,1,0,1791156600000,1791157200000,0,0,1,0
2026-10-04T23:37:46.072Z,source,20148,1791156960000,1791157080000,1791157065976,313,0,0,1,0,1791156960000,1791157080000,0,0,1,0,1791156600000,1791157200000,0,0,1,0
2026-10-04T23:37:46.673Z,source,20148,1791156960000,1791157080000,1791157066605,314,0,0,1,0,1791156960000,1791157080000,0,0,1,0,1791156600000,1791157200000,0,0,1,0
2026-10-04T23:37:46.874Z,source,20148,1791156960000,1791157080000,1791157066722,315,0,0,1,0,1791156960000,1791157080000,0,0,1,0,1791156600000,1791157200000,0,0,1,0
2026-10-04T23:37:47.423Z,source,20148,1791156960000,1791157080000,1791157067326,316,0,0,1,0,1791156960000,1791157080000,0,0,1,0,1791156600000,1791157200000,0,0,1,0
2026-10-04T23:37:47.573Z,source,20148,1791156960000,1791157080000,1791157067472,317,0,0,1,0,1791156960000,1791157080000,0,0,1,0,1791156600000,1791157200000,0,0,1,0
2026-10-04T23:37:48.024Z,source,20148,1791156960000,1791157080000,1791157067925,318,0,0,1,0,1791156960000,1791157080000,0,0,1,0,1791156600000,1791157200000,0,0,1,0
2026-10-04T23:37:48.124Z,source,20148,1791156960000,1791157080000,1791157068070,319,0,0,1,0,1791156960000,1791157080000,0,0,1,0,1791156600000,1791157200000,0,0,1,0
2026-10-04T23:37:48.723Z,source,20148,1791156960000,1791157080000,1791157068602,320,0,0,1,0,1791156960000,1791157080000,0,0,1,0,1791156600000,1791157200000,0,0,1,0
2026-10-04T23:37:48.774Z,source,20148,1791156960000,1791157080000,1791157068707,321,0,0,1,0,1791156960000,1791157080000,0,0,1,0,1791156600000,1791157200000,0,0,1,0
2026-10-04T23:37:49.473Z,source,20148,1791156960000,1791157080000,1791157069412,322,0,0,1,0,1791156960000,1791157080000,0,0,1,0,1791156600000,1791157200000,0,0,1,0
2026-10-04T23:37:49.675Z,source,20148,1791156960000,1791157080000,1791157069576,323,0,0,1,0,1791156960000,1791157080000,0,0,1,0,1791156600000,1791157200000,0,0,1,0
2026-10-04T23:37:53.824Z,source,20148,1791156960000,1791157080000,1791157073768,324,0,0,1,0,1791156960000,1791157080000,0,0,1,0,1791156600000,1791157200000,0,0,1,0
2026-10-04T23:37:54.023Z,source,20148,1791156960000,1791157080000,1791157073955,325,0,0,1,0,1791156960000,1791157080000,0,0,1,0,1791156600000,1791157200000,0,0,1,0
2026-10-04T23:37:54.624Z,source,20148,1791156960000,1791157080000,1791157074511,326,0,0,1,0,1791156960000,1791157080000,0,0,1,0,1791156600000,1791157200000,0,0,1,0
2026-10-04T23:37:54.775Z,source,20148,1791156960000,1791157080000,1791157074677,327,0,0,1,0,1791156960000,1791157080000,0,0,1,0,1791156600000,1791157200000,0,0,1,0
2026-10-04T23:37:55.824Z,source,20148,1791156960000,1791157080000,1791157075724,328,0,0,1,0,1791156960000,1791157080000,0,0,1,0,1791156600000,1791157200000,0,0,1,0
2026-10-04T23:37:55.923Z,source,20148,1791156960000,1791157080000,1791157075862,329,0,0,1,0,1791156960000,1791157080000,0,0,1,0,1791156600000,1791157200000,0,0,1,0
2026-10-04T23:37:56.424Z,source,20148,1791156960000,1791157080000,1791157076318,330,0,0,1,0,1791156960000,1791157080000,0,0,1,0,1791156600000,1791157200000,0,0,1,0
2026-10-04T23:37:56.573Z,source,20148,1791156960000,1791157080000,1791157076476,331,0,0,1,0,1791156960000,1791157080000,0,0,1,0,1791156600000,1791157200000,0,0,1,0
2026-10-04T23:37:56.824Z,source,20148,1791156960000,1791157080000,1791157076764,332,0,0,1,0,1791156960000,1791157080000,0,0,1,0,1791156600000,1791157200000,0,0,1,0
2026-10-04T23:37:57.025Z,source,20148,1791156960000,1791157080000,1791157076926,333,0,0,1,0,1791156960000,1791157080000,0,0,1,0,1791156600000,1791157200000,0,0,1,0
2026-10-04T23:37:57.625Z,source,20148,1791156960000,1791157080000,1791157077507,334,0,0,1,0,1791156960000,1791157080000,0,0,1,0,1791156600000,1791157200000,0,0,1,0
2026-10-04T23:37:57.775Z,source,20148,1791156960000,1791157080000,1791157077676,335,0,0,1,0,1791156960000,1791157080000,0,0,1,0,1791156600000,1791157200000,0,0,1,0
2026-10-04T23:37:58.075Z,source,20148,1791156960000,1791157080000,1791157077977,336,0,0,1,0,1791156960000,1791157080000,0,0,1,0,1791156600000,1791157200000,0,0,1,0
2026-10-04T23:37:58.275Z,source,20148,1791156960000,1791157080000,1791157078155,337,0,0,1,0,1791156960000,1791157080000,0,0,1,0,1791156600000,1791157200000,0,0,1,0
2026-10-04T23:37:59.072Z,source,20148,1791156960000,1791157080000,1791157079016,338,0,0,1,0,1791156960000,1791157080000,0,0,1,0,1791156600000,1791157200000,0,0,1,0
2026-10-04T23:37:59.275Z,source,20148,1791156960000,1791157080000,1791157079207,339,0,0,1,0,1791156960000,1791157080000,0,0,1,0,1791156600000,1791157200000,0,0,1,0
2026-10-04T23:37:59.724Z,source,20148,1791156960000,1791157080000,1791157079624,340,0,0,1,0,1791156960000,1791157080000,0,0,1,0,1791156600000,1791157200000,0,0,1,0
2026-10-04T23:37:59.874Z,source,20148,1791156960000,1791157080000,1791157079776,341,0,0,1,0,1791156960000,1791157080000,0,0,1,0,1791156600000,1791157200000,0,0,1,0
2026-10-04T23:38:00.474Z,source,20148,1791156960000,1791157080000,1791157080376,342,0,0,1,0,1791156960000,1791157080000,0,0,1,0,1791156600000,1791157200000,0,0,1,0
2026-10-04T23:38:00.623Z,source,20148,1791156960000,1791157080000,1791157080554,343,0,0,1,0,1791156960000,1791157080000,0,0,1,0,1791156600000,1791157200000,0,0,1,0
2026-10-04T23:38:00.775Z,source,20148,1791156960000,1791157080000,1791157080666,344,0,0,1,0,1791156960000,1791157080000,0,0,1,0,1791156600000,1791157200000,0,0,1,0
2026-10-04T23:38:01.543Z,source,20149,1791157080000,1791157200000,1791157081480,1,0,0,1,1,1791157080000,1791157200000,0,0,1,1,1791156600000,1791157200000,0,0,1,0
2026-10-04T23:38:01.543Z,previous_source,20148,1791156960000,1791157080000,1791157081480,346,1,0,1,0,1791156960000,1791157080000,1,0,1,0,1791156600000,1791157200000,0,0,1,0
2026-10-04T23:38:01.794Z,source,20149,1791157080000,1791157200000,1791157081719,2,0,0,1,0,1791157080000,1791157200000,0,0,1,1,1791156600000,1791157200000,0,0,1,0
2026-10-04T23:38:02.094Z,source,20149,1791157080000,1791157200000,1791157082025,3,0,0,1,0,1791157080000,1791157200000,0,0,1,0,1791156600000,1791157200000,0,0,1,0
2026-10-04T23:38:02.393Z,source,20149,1791157080000,1791157200000,1791157082324,4,0,0,1,0,1791157080000,1791157200000,0,0,1,0,1791156600000,1791157200000,0,0,1,0
2026-10-04T23:38:02.644Z,source,20149,1791157080000,1791157200000,1791157082571,5,0,0,1,0,1791157080000,1791157200000,0,0,1,0,1791156600000,1791157200000,0,0,1,0
2026-10-04T23:38:02.743Z,source,20149,1791157080000,1791157200000,1791157082620,6,0,0,1,0,1791157080000,1791157200000,0,0,1,0,1791156600000,1791157200000,0,0,1,0
2026-10-04T23:38:03.494Z,source,20149,1791157080000,1791157200000,1791157083407,7,0,0,1,0,1791157080000,1791157200000,0,0,1,0,1791156600000,1791157200000,0,0,1,0
2026-10-04T23:38:03.645Z,source,20149,1791157080000,1791157200000,1791157083511,8,0,0,1,0,1791157080000,1791157200000,0,0,1,0,1791156600000,1791157200000,0,0,1,0
2026-10-04T23:38:03.743Z,source,20149,1791157080000,1791157200000,1791157083657,9,0,0,1,0,1791157080000,1791157200000,0,0,1,0,1791156600000,1791157200000,0,0,1,0
2026-10-04T23:38:04.493Z,source,20149,1791157080000,1791157200000,1791157084412,10,0,0,1,0,1791157080000,1791157200000,0,0,1,0,1791156600000,1791157200000,0,0,1,0
2026-10-04T23:38:04.694Z,source,20149,1791157080000,1791157200000,1791157084607,11,0,0,1,0,1791157080000,1791157200000,0,0,1,0,1791156600000,1791157200000,0,0,1,0
2026-10-04T23:38:05.095Z,source,20149,1791157080000,1791157200000,1791157085005,12,0,0,1,0,1791157080000,1791157200000,0,0,1,0,1791156600000,1791157200000,0,0,1,0
2026-10-04T23:38:05.244Z,source,20149,1791157080000,1791157200000,1791157085176,13,0,0,1,0,1791157080000,1791157200000,0,0,1,0,1791156600000,1791157200000,0,0,1,0
2026-10-04T23:38:05.745Z,source,20149,1791157080000,1791157200000,1791157085625,14,0,0,1,0,1791157080000,1791157200000,0,0,1,0,1791156600000,1791157200000,0,0,1,0
2026-10-04T23:38:05.844Z,source,20149,1791157080000,1791157200000,1791157085759,15,0,0,1,0,1791157080000,1791157200000,0,0,1,0,1791156600000,1791157200000,0,0,1,0
2026-10-04T23:38:06.345Z,source,20149,1791157080000,1791157200000,1791157086225,16,0,0,1,0,1791157080000,1791157200000,0,0,1,0,1791156600000,1791157200000,0,0,1,0
2026-10-04T23:38:06.446Z,source,20149,1791157080000,1791157200000,1791157086376,17,0,0,1,0,1791157080000,1791157200000,0,0,1,0,1791156600000,1791157200000,0,0,1,0
2026-10-04T23:38:06.792Z,source,20149,1791157080000,1791157200000,1791157086670,18,0,0,1,0,1791157080000,1791157200000,0,0,1,0,1791156600000,1791157200000,0,0,1,0
2026-10-04T23:38:06.894Z,source,20149,1791157080000,1791157200000,1791157086825,19,0,0,1,0,1791157080000,1791157200000,0,0,1,0,1791156600000,1791157200000,0,0,1,0
2026-10-04T23:38:07.494Z,source,20149,1791157080000,1791157200000,1791157087409,20,0,0,1,0,1791157080000,1791157200000,0,0,1,0,1791156600000,1791157200000,0,0,1,0
2026-10-04T23:38:07.944Z,source,20149,1791157080000,1791157200000,1791157087885,23,0,0,1,0,1791157080000,1791157200000,0,0,1,0,1791156600000,1791157200000,0,0,1,0
2026-10-04T23:38:08.693Z,source,20149,1791157080000,1791157200000,1791157088624,24,0,0,1,0,1791157080000,1791157200000,0,0,1,0,1791156600000,1791157200000,0,0,1,0
2026-10-04T23:38:08.895Z,source,20149,1791157080000,1791157200000,1791157088776,25,0,0,1,0,1791157080000,1791157200000,0,0,1,0,1791156600000,1791157200000,0,0,1,0
2026-10-04T23:38:09.143Z,source,20149,1791157080000,1791157200000,1791157089076,26,0,0,1,0,1791157080000,1791157200000,0,0,1,0,1791156600000,1791157200000,0,0,1,0
2026-10-04T23:38:09.394Z,source,20149,1791157080000,1791157200000,1791157089221,27,0,0,1,0,1791157080000,1791157200000,0,0,1,0,1791156600000,1791157200000,0,0,1,0
2026-10-04T23:38:09.943Z,source,20149,1791157080000,1791157200000,1791157089821,28,0,0,1,0,1791157080000,1791157200000,0,0,1,0,1791156600000,1791157200000,0,0,1,0
2026-10-04T23:38:10.192Z,source,20149,1791157080000,1791157200000,1791157090136,29,0,0,1,0,1791157080000,1791157200000,0,0,1,0,1791156600000,1791157200000,0,0,1,0
2026-10-04T23:38:10.545Z,source,20149,1791157080000,1791157200000,1791157090424,30,0,0,1,0,1791157080000,1791157200000,0,0,1,0,1791156600000,1791157200000,0,0,1,0
2026-10-04T23:38:10.693Z,source,20149,1791157080000,1791157200000,1791157090576,31,0,0,1,0,1791157080000,1791157200000,0,0,1,0,1791156600000,1791157200000,0,0,1,0
2026-10-04T23:38:10.793Z,source,20149,1791157080000,1791157200000,1791157090724,32,0,0,1,0,1791157080000,1791157200000,0,0,1,0,1791156600000,1791157200000,0,0,1,0
2026-10-04T23:38:11.595Z,source,20149,1791157080000,1791157200000,1791157091488,33,0,0,1,0,1791157080000,1791157200000,0,0,1,0,1791156600000,1791157200000,0,0,1,0
2026-10-04T23:38:11.693Z,source,20149,1791157080000,1791157200000,1791157091612,34,0,0,1,0,1791157080000,1791157200000,0,0,1,0,1791156600000,1791157200000,0,0,1,0
2026-10-04T23:38:13.094Z,source,20149,1791157080000,1791157200000,1791157092956,35,0,0,1,0,1791157080000,1791157200000,0,0,1,0,1791156600000,1791157200000,0,0,1,0
2026-10-04T23:38:13.245Z,source,20149,1791157080000,1791157200000,1791157093125,36,0,0,1,0,1791157080000,1791157200000,0,0,1,0,1791156600000,1791157200000,0,0,1,0
2026-10-04T23:38:13.594Z,source,20149,1791157080000,1791157200000,1791157093519,37,0,0,1,0,1791157080000,1791157200000,0,0,1,0,1791156600000,1791157200000,0,0,1,0
2026-10-04T23:38:13.794Z,source,20149,1791157080000,1791157200000,1791157093724,38,0,0,1,0,1791157080000,1791157200000,0,0,1,0,1791156600000,1791157200000,0,0,1,0
2026-10-04T23:38:14.394Z,source,20149,1791157080000,1791157200000,1791157094324,39,0,0,1,0,1791157080000,1791157200000,0,0,1,0,1791156600000,1791157200000,0,0,1,0
2026-10-04T23:38:14.644Z,source,20149,1791157080000,1791157200000,1791157094507,40,0,0,1,0,1791157080000,1791157200000,0,0,1,0,1791156600000,1791157200000,0,0,1,0
2026-10-04T23:38:14.744Z,source,20149,1791157080000,1791157200000,1791157094619,41,0,0,1,0,1791157080000,1791157200000,0,0,1,0,1791156600000,1791157200000,0,0,1,0
2026-10-04T23:38:15.443Z,source,20149,1791157080000,1791157200000,1791157095376,42,0,0,1,0,1791157080000,1791157200000,0,0,1,0,1791156600000,1791157200000,0,0,1,0
2026-10-04T23:38:15.595Z,source,20149,1791157080000,1791157200000,1791157095505,43,0,0,1,0,1791157080000,1791157200000,0,0,1,0,1791156600000,1791157200000,0,0,1,0
2026-10-04T23:38:15.743Z,source,20149,1791157080000,1791157200000,1791157095676,44,0,0,1,0,1791157080000,1791157200000,0,0,1,0,1791156600000,1791157200000,0,0,1,0
2026-10-04T23:38:15.942Z,source,20149,1791157080000,1791157200000,1791157095855,45,0,0,1,0,1791157080000,1791157200000,0,0,1,0,1791156600000,1791157200000,0,0,1,0
2026-10-04T23:38:16.544Z,source,20149,1791157080000,1791157200000,1791157096482,46,0,0,1,0,1791157080000,1791157200000,0,0,1,0,1791156600000,1791157200000,0,0,1,0
2026-10-04T23:38:16.796Z,source,20149,1791157080000,1791157200000,1791157096712,47,0,0,1,0,1791157080000,1791157200000,0,0,1,0,1791156600000,1791157200000,0,0,1,0
2026-10-04T23:38:17.144Z,source,20149,1791157080000,1791157200000,1791157097025,48,0,0,1,0,1791157080000,1791157200000,0,0,1,0,1791156600000,1791157200000,0,0,1,0
2026-10-04T23:38:17.295Z,source,20149,1791157080000,1791157200000,1791157097177,49,0,0,1,0,1791157080000,1791157200000,0,0,1,0,1791156600000,1791157200000,0,0,1,0
2026-10-04T23:38:17.794Z,source,20149,1791157080000,1791157200000,1791157097625,50,0,0,1,0,1791157080000,1791157200000,0,0,1,0,1791156600000,1791157200000,0,0,1,0
2026-10-04T23:38:17.844Z,source,20149,1791157080000,1791157200000,1791157097757,51,0,0,1,0,1791157080000,1791157200000,0,0,1,0,1791156600000,1791157200000,0,0,1,0
2026-10-04T23:38:18.446Z,source,20149,1791157080000,1791157200000,1791157098377,52,0,0,1,0,1791157080000,1791157200000,0,0,1,0,1791156600000,1791157200000,0,0,1,0
2026-10-04T23:38:18.594Z,source,20149,1791157080000,1791157200000,1791157098524,53,0,0,1,0,1791157080000,1791157200000,0,0,1,0,1791156600000,1791157200000,0,0,1,0
2026-10-04T23:38:18.843Z,source,20149,1791157080000,1791157200000,1791157098677,54,0,0,1,0,1791157080000,1791157200000,0,0,1,0,1791156600000,1791157200000,0,0,1,0
2026-10-04T23:38:19.544Z,source,20149,1791157080000,1791157200000,1791157099437,55,0,0,1,0,1791157080000,1791157200000,0,0,1,0,1791156600000,1791157200000,0,0,1,0
2026-10-04T23:38:19.647Z,source,20149,1791157080000,1791157200000,1791157099577,56,0,0,1,0,1791157080000,1791157200000,0,0,1,0,1791156600000,1791157200000,0,0,1,0
2026-10-04T23:38:19.895Z,source,20149,1791157080000,1791157200000,1791157099705,57,0,0,1,0,1791157080000,1791157200000,0,0,1,0,1791156600000,1791157200000,0,0,1,0
2026-10-04T23:38:20.144Z,source,20149,1791157080000,1791157200000,1791157099982,58,0,0,1,0,1791157080000,1791157200000,0,0,1,0,1791156600000,1791157200000,0,0,1,0
2026-10-04T23:38:20.595Z,source,20149,1791157080000,1791157200000,1791157100494,59,0,0,1,0,1791157080000,1791157200000,0,0,1,0,1791156600000,1791157200000,0,0,1,0
2026-10-04T23:38:20.695Z,source,20149,1791157080000,1791157200000,1791157100625,60,0,0,1,0,1791157080000,1791157200000,0,0,1,0,1791156600000,1791157200000,0,0,1,0
2026-10-04T23:38:20.943Z,source,20149,1791157080000,1791157200000,1791157100799,61,0,0,1,0,1791157080000,1791157200000,0,0,1,0,1791156600000,1791157200000,0,0,1,0
2026-10-04T23:38:20.994Z,source,20149,1791157080000,1791157200000,1791157100917,62,0,0,1,0,1791157080000,1791157200000,0,0,1,0,1791156600000,1791157200000,0,0,1,0
2026-10-04T23:38:21.644Z,source,20149,1791157080000,1791157200000,1791157101553,63,0,0,1,0,1791157080000,1791157200000,0,0,1,0,1791156600000,1791157200000,0,0,1,0
2026-10-04T23:38:21.742Z,source,20149,1791157080000,1791157200000,1791157101676,64,0,0,1,0,1791157080000,1791157200000,0,0,1,0,1791156600000,1791157200000,0,0,1,0
2026-10-04T23:38:22.344Z,source,20149,1791157080000,1791157200000,1791157102276,65,0,0,1,0,1791157080000,1791157200000,0,0,1,0,1791156600000,1791157200000,0,0,1,0
2026-10-04T23:38:22.493Z,source,20149,1791157080000,1791157200000,1791157102425,66,0,0,1,0,1791157080000,1791157200000,0,0,1,0,1791156600000,1791157200000,0,0,1,0
2026-10-04T23:38:22.647Z,source,20149,1791157080000,1791157200000,1791157102576,67,0,0,1,0,1791157080000,1791157200000,0,0,1,0,1791156600000,1791157200000,0,0,1,0
2026-10-04T23:38:22.794Z,source,20149,1791157080000,1791157200000,1791157102710,68,0,0,1,0,1791157080000,1791157200000,0,0,1,0,1791156600000,1791157200000,0,0,1,0
2026-10-04T23:38:23.392Z,source,20149,1791157080000,1791157200000,1791157103337,69,0,0,1,0,1791157080000,1791157200000,0,0,1,0,1791156600000,1791157200000,0,0,1,0
2026-10-04T23:38:23.544Z,source,20149,1791157080000,1791157200000,1791157103414,70,0,0,1,0,1791157080000,1791157200000,0,0,1,0,1791156600000,1791157200000,0,0,1,0
2026-10-04T23:38:23.692Z,source,20149,1791157080000,1791157200000,1791157103616,71,0,0,1,0,1791157080000,1791157200000,0,0,1,0,1791156600000,1791157200000,0,0,1,0
2026-10-04T23:38:24.445Z,source,20149,1791157080000,1791157200000,1791157104358,72,0,0,1,0,1791157080000,1791157200000,0,0,1,0,1791156600000,1791157200000,0,0,1,0
2026-10-04T23:38:24.597Z,source,20149,1791157080000,1791157200000,1791157104519,73,0,0,1,0,1791157080000,1791157200000,0,0,1,0,1791156600000,1791157200000,0,0,1,0
2026-10-04T23:38:24.743Z,source,20149,1791157080000,1791157200000,1791157104677,74,0,0,1,0,1791157080000,1791157200000,0,0,1,0,1791156600000,1791157200000,0,0,1,0
2026-10-04T23:38:25.192Z,source,20149,1791157080000,1791157200000,1791157105124,75,0,0,1,0,1791157080000,1791157200000,0,0,1,0,1791156600000,1791157200000,0,0,1,0
2026-10-04T23:38:25.345Z,source,20149,1791157080000,1791157200000,1791157105269,76,0,0,1,0,1791157080000,1791157200000,0,0,1,0,1791156600000,1791157200000,0,0,1,0
2026-10-04T23:38:25.794Z,source,20149,1791157080000,1791157200000,1791157105713,77,0,0,1,0,1791157080000,1791157200000,0,0,1,0,1791156600000,1791157200000,0,0,1,0
2026-10-04T23:38:25.944Z,source,20149,1791157080000,1791157200000,1791157105857,78,0,0,1,0,1791157080000,1791157200000,0,0,1,0,1791156600000,1791157200000,0,0,1,0
2026-10-04T23:38:26.394Z,source,20149,1791157080000,1791157200000,1791157106325,79,0,0,1,0,1791157080000,1791157200000,0,0,1,0,1791156600000,1791157200000,0,0,1,0
2026-10-04T23:38:26.545Z,source,20149,1791157080000,1791157200000,1791157106471,80,0,0,1,0,1791157080000,1791157200000,0,0,1,0,1791156600000,1791157200000,0,0,1,0
2026-10-04T23:38:26.693Z,source,20149,1791157080000,1791157200000,1791157106621,81,0,0,1,0,1791157080000,1791157200000,0,0,1,0,1791156600000,1791157200000,0,0,1,0
2026-10-04T23:38:26.843Z,source,20149,1791157080000,1791157200000,1791157106774,82,0,0,1,0,1791157080000,1791157200000,0,0,1,0,1791156600000,1791157200000,0,0,1,0
2026-10-04T23:38:27.393Z,source,20149,1791157080000,1791157200000,1791157107337,83,0,0,1,0,1791157080000,1791157200000,0,0,1,0,1791156600000,1791157200000,0,0,1,0
2026-10-04T23:38:27.595Z,source,20149,1791157080000,1791157200000,1791157107516,84,0,0,1,0,1791157080000,1791157200000,0,0,1,0,1791156600000,1791157200000,0,0,1,0
2026-10-04T23:38:27.744Z,source,20149,1791157080000,1791157200000,1791157107676,85,0,0,1,0,1791157080000,1791157200000,0,0,1,0,1791156600000,1791157200000,0,0,1,0
2026-10-04T23:38:28.544Z,source,20149,1791157080000,1791157200000,1791157108471,86,0,0,1,0,1791157080000,1791157200000,0,0,1,0,1791156600000,1791157200000,0,0,1,0
2026-10-04T23:38:28.793Z,source,20149,1791157080000,1791157200000,1791157108724,87,0,0,1,0,1791157080000,1791157200000,0,0,1,0,1791156600000,1791157200000,0,0,1,0
2026-10-04T23:38:29.094Z,source,20149,1791157080000,1791157200000,1791157109010,88,0,0,1,0,1791157080000,1791157200000,0,0,1,0,1791156600000,1791157200000,0,0,1,0
2026-10-04T23:38:29.344Z,source,20149,1791157080000,1791157200000,1791157109162,89,0,0,1,0,1791157080000,1791157200000,0,0,1,0,1791156600000,1791157200000,0,0,1,0
2026-10-04T23:38:29.843Z,source,20149,1791157080000,1791157200000,1791157109771,90,0,0,1,0,1791157080000,1791157200000,0,0,1,0,1791156600000,1791157200000,0,0,1,0
2026-10-04T23:38:30.044Z,source,20149,1791157080000,1791157200000,1791157109945,91,0,0,1,0,1791157080000,1791157200000,0,0,1,0,1791156600000,1791157200000,0,0,1,0
2026-10-04T23:38:30.394Z,source,20149,1791157080000,1791157200000,1791157110269,92,0,0,1,0,1791157080000,1791157200000,0,0,1,0,1791156600000,1791157200000,0,0,1,0
2026-10-04T23:38:30.645Z,source,20149,1791157080000,1791157200000,1791157110524,93,0,0,1,0,1791157080000,1791157200000,0,0,1,0,1791156600000,1791157200000,0,0,1,0
2026-10-04T23:38:30.744Z,source,20149,1791157080000,1791157200000,1791157110677,94,0,0,1,0,1791157080000,1791157200000,0,0,1,0,1791156600000,1791157200000,0,0,1,0
2026-10-04T23:38:30.893Z,source,20149,1791157080000,1791157200000,1791157110825,95,0,0,1,0,1791157080000,1791157200000,0,0,1,0,1791156600000,1791157200000,0,0,1,0
2026-10-04T23:38:31.495Z,source,20149,1791157080000,1791157200000,1791157111424,96,0,0,1,0,1791157080000,1791157200000,0,0,1,0,1791156600000,1791157200000,0,0,1,0
2026-10-04T23:38:31.994Z,source,20149,1791157080000,1791157200000,1791157111906,97,0,0,1,0,1791157080000,1791157200000,0,0,1,0,1791156600000,1791157200000,0,0,1,0
2026-10-04T23:38:32.145Z,source,20149,1791157080000,1791157200000,1791157112025,98,0,0,1,0,1791157080000,1791157200000,0,0,1,0,1791156600000,1791157200000,0,0,1,0
2026-10-04T23:38:32.543Z,source,20149,1791157080000,1791157200000,1791157112483,99,0,0,1,0,1791157080000,1791157200000,0,0,1,0,1791156600000,1791157200000,0,0,1,0
2026-10-04T23:38:32.844Z,source,20149,1791157080000,1791157200000,1791157112771,100,0,0,1,0,1791157080000,1791157200000,0,0,1,0,1791156600000,1791157200000,0,0,1,0
2026-10-04T23:38:33.043Z,source,20149,1791157080000,1791157200000,1791157112947,101,0,0,1,0,1791157080000,1791157200000,0,0,1,0,1791156600000,1791157200000,0,0,1,0
2026-10-04T23:38:33.644Z,source,20149,1791157080000,1791157200000,1791157113546,102,0,0,1,0,1791157080000,1791157200000,0,0,1,0,1791156600000,1791157200000,0,0,1,0
2026-10-04T23:38:33.794Z,source,20149,1791157080000,1791157200000,1791157113705,103,0,0,1,0,1791157080000,1791157200000,0,0,1,0,1791156600000,1791157200000,0,0,1,0
2026-10-04T23:38:34.245Z,source,20149,1791157080000,1791157200000,1791157114142,104,0,0,1,0,1791157080000,1791157200000,0,0,1,0,1791156600000,1791157200000,0,0,1,0
2026-10-04T23:38:34.344Z,source,20149,1791157080000,1791157200000,1791157114263,105,0,0,1,0,1791157080000,1791157200000,0,0,1,0,1791156600000,1791157200000,0,0,1,0
2026-10-04T23:38:34.795Z,source,20149,1791157080000,1791157200000,1791157114710,106,0,0,1,0,1791157080000,1791157200000,0,0,1,0,1791156600000,1791157200000,0,0,1,0
2026-10-04T23:38:34.994Z,source,20149,1791157080000,1791157200000,1791157114903,107,0,0,1,0,1791157080000,1791157200000,0,0,1,0,1791156600000,1791157200000,0,0,1,0
2026-10-04T23:38:35.245Z,source,20149,1791157080000,1791157200000,1791157115176,108,0,0,1,0,1791157080000,1791157200000,0,0,1,0,1791156600000,1791157200000,0,0,1,0
2026-10-04T23:38:35.444Z,source,20149,1791157080000,1791157200000,1791157115350,109,0,0,1,0,1791157080000,1791157200000,0,0,1,0,1791156600000,1791157200000,0,0,1,0
2026-10-04T23:38:35.744Z,source,20149,1791157080000,1791157200000,1791157115641,110,0,0,1,0,1791157080000,1791157200000,0,0,1,0,1791156600000,1791157200000,0,0,1,0
2026-10-04T23:38:35.844Z,source,20149,1791157080000,1791157200000,1791157115757,111,0,0,1,0,1791157080000,1791157200000,0,0,1,0,1791156600000,1791157200000,0,0,1,0
2026-10-04T23:38:36.344Z,source,20149,1791157080000,1791157200000,1791157116261,112,0,0,1,0,1791157080000,1791157200000,0,0,1,0,1791156600000,1791157200000,0,0,1,0
2026-10-04T23:38:36.544Z,source,20149,1791157080000,1791157200000,1791157116465,113,0,0,1,0,1791157080000,1791157200000,0,0,1,0,1791156600000,1791157200000,0,0,1,0
2026-10-04T23:38:36.643Z,source,20149,1791157080000,1791157200000,1791157116525,114,0,0,1,0,1791157080000,1791157200000,0,0,1,0,1791156600000,1791157200000,0,0,1,0
2026-10-04T23:38:37.393Z,source,20149,1791157080000,1791157200000,1791157117337,115,0,0,1,0,1791157080000,1791157200000,0,0,1,0,1791156600000,1791157200000,0,0,1,0
2026-10-04T23:38:37.693Z,source,20149,1791157080000,1791157200000,1791157117576,116,0,0,1,0,1791157080000,1791157200000,0,0,1,0,1791156600000,1791157200000,0,0,1,0
2026-10-04T23:38:37.795Z,source,20149,1791157080000,1791157200000,1791157117724,117,0,0,1,0,1791157080000,1791157200000,0,0,1,0,1791156600000,1791157200000,0,0,1,0
2026-10-04T23:38:38.543Z,source,20149,1791157080000,1791157200000,1791157118505,119,0,0,1,0,1791157080000,1791157200000,0,0,1,0,1791156600000,1791157200000,0,0,1,0
2026-10-04T23:38:39.144Z,source,20149,1791157080000,1791157200000,1791157119071,120,0,0,1,0,1791157080000,1791157200000,0,0,1,0,1791156600000,1791157200000,0,0,1,0
2026-10-04T23:38:39.344Z,source,20149,1791157080000,1791157200000,1791157119246,121,0,0,1,0,1791157080000,1791157200000,0,0,1,0,1791156600000,1791157200000,0,0,1,0
2026-10-04T23:38:39.794Z,source,20149,1791157080000,1791157200000,1791157119697,122,0,0,1,0,1791157080000,1791157200000,0,0,1,0,1791156600000,1791157200000,0,0,1,0
2026-10-04T23:38:39.943Z,source,20149,1791157080000,1791157200000,1791157119824,123,0,0,1,0,1791157080000,1791157200000,0,0,1,0,1791156600000,1791157200000,0,0,1,0
2026-10-04T23:38:40.345Z,source,20149,1791157080000,1791157200000,1791157120276,124,0,0,1,0,1791157080000,1791157200000,0,0,1,0,1791156600000,1791157200000,0,0,1,0
2026-10-04T23:38:40.545Z,source,20149,1791157080000,1791157200000,1791157120442,125,0,0,1,0,1791157080000,1791157200000,0,0,1,0,1791156600000,1791157200000,0,0,1,0
2026-10-04T23:38:40.843Z,source,20149,1791157080000,1791157200000,1791157120735,126,0,0,1,0,1791157080000,1791157200000,0,0,1,0,1791156600000,1791157200000,0,0,1,0
2026-10-04T23:38:40.994Z,source,20149,1791157080000,1791157200000,1791157120892,127,0,0,1,0,1791157080000,1791157200000,0,0,1,0,1791156600000,1791157200000,0,0,1,0
2026-10-04T23:38:41.543Z,source,20149,1791157080000,1791157200000,1791157121476,128,0,0,1,0,1791157080000,1791157200000,0,0,1,0,1791156600000,1791157200000,0,0,1,0
2026-10-04T23:38:41.745Z,source,20149,1791157080000,1791157200000,1791157121638,129,0,0,1,0,1791157080000,1791157200000,0,0,1,0,1791156600000,1791157200000,0,0,1,0
2026-10-04T23:38:41.893Z,source,20149,1791157080000,1791157200000,1791157121776,130,0,0,1,0,1791157080000,1791157200000,0,0,1,0,1791156600000,1791157200000,0,0,1,0
2026-10-04T23:38:41.994Z,source,20149,1791157080000,1791157200000,1791157121918,131,0,0,1,0,1791157080000,1791157200000,0,0,1,0,1791156600000,1791157200000,0,0,1,0
2026-10-04T23:38:42.644Z,source,20149,1791157080000,1791157200000,1791157122553,132,0,0,1,0,1791157080000,1791157200000,0,0,1,0,1791156600000,1791157200000,0,0,1,0
2026-10-04T23:38:42.746Z,source,20149,1791157080000,1791157200000,1791157122696,133,0,0,1,0,1791157080000,1791157200000,0,0,1,0,1791156600000,1791157200000,0,0,1,0
2026-10-04T23:38:42.942Z,source,20149,1791157080000,1791157200000,1791157122855,134,0,0,1,0,1791157080000,1791157200000,0,0,1,0,1791156600000,1791157200000,0,0,1,0
2026-10-04T23:38:43.694Z,source,20149,1791157080000,1791157200000,1791157123606,135,0,0,1,0,1791157080000,1791157200000,0,0,1,0,1791156600000,1791157200000,0,0,1,0
2026-10-04T23:38:43.844Z,source,20149,1791157080000,1791157200000,1791157123741,136,0,0,1,0,1791157080000,1791157200000,0,0,1,0,1791156600000,1791157200000,0,0,1,0
2026-10-04T23:38:44.644Z,source,20149,1791157080000,1791157200000,1791157124581,138,0,0,1,0,1791157080000,1791157200000,0,0,1,0,1791156600000,1791157200000,0,0,1,0
2026-10-04T23:38:44.794Z,source,20149,1791157080000,1791157200000,1791157124701,139,0,0,1,0,1791157080000,1791157200000,0,0,1,0,1791156600000,1791157200000,0,0,1,0
2026-10-04T23:38:44.846Z,source,20149,1791157080000,1791157200000,1791157124774,140,0,0,1,0,1791157080000,1791157200000,0,0,1,0,1791156600000,1791157200000,0,0,1,0
2026-10-04T23:38:45.444Z,source,20149,1791157080000,1791157200000,1791157125376,141,0,0,1,0,1791157080000,1791157200000,0,0,1,0,1791156600000,1791157200000,0,0,1,0
2026-10-04T23:38:45.594Z,source,20149,1791157080000,1791157200000,1791157125518,142,0,0,1,0,1791157080000,1791157200000,0,0,1,0,1791156600000,1791157200000,0,0,1,0
2026-10-04T23:38:45.744Z,source,20149,1791157080000,1791157200000,1791157125672,143,0,0,1,0,1791157080000,1791157200000,0,0,1,0,1791156600000,1791157200000,0,0,1,0
2026-10-04T23:38:46.544Z,source,20149,1791157080000,1791157200000,1791157126448,144,0,0,1,0,1791157080000,1791157200000,0,0,1,0,1791156600000,1791157200000,0,0,1,0
2026-10-04T23:38:46.643Z,source,20149,1791157080000,1791157200000,1791157126556,145,0,0,1,0,1791157080000,1791157200000,0,0,1,0,1791156600000,1791157200000,0,0,1,0
2026-10-04T23:38:46.844Z,source,20149,1791157080000,1791157200000,1791157126724,146,0,0,1,0,1791157080000,1791157200000,0,0,1,0,1791156600000,1791157200000,0,0,1,0
2026-10-04T23:38:47.295Z,source,20149,1791157080000,1791157200000,1791157127203,147,0,0,1,0,1791157080000,1791157200000,0,0,1,0,1791156600000,1791157200000,0,0,1,0
2026-10-04T23:38:47.443Z,source,20149,1791157080000,1791157200000,1791157127341,148,0,0,1,0,1791157080000,1791157200000,0,0,1,0,1791156600000,1791157200000,0,0,1,0
2026-10-04T23:38:47.843Z,source,20149,1791157080000,1791157200000,1791157127766,149,0,0,1,0,1791157080000,1791157200000,0,0,1,0,1791156600000,1791157200000,0,0,1,0
2026-10-04T23:38:48.043Z,source,20149,1791157080000,1791157200000,1791157127924,150,0,0,1,0,1791157080000,1791157200000,0,0,1,0,1791156600000,1791157200000,0,0,1,0
2026-10-04T23:38:48.344Z,source,20149,1791157080000,1791157200000,1791157128254,151,0,0,1,0,1791157080000,1791157200000,0,0,1,0,1791156600000,1791157200000,0,0,1,0
2026-10-04T23:38:48.445Z,source,20149,1791157080000,1791157200000,1791157128376,152,0,0,1,0,1791157080000,1791157200000,0,0,1,0,1791156600000,1791157200000,0,0,1,0
2026-10-04T23:38:48.745Z,source,20149,1791157080000,1791157200000,1791157128554,153,0,0,1,0,1791157080000,1791157200000,0,0,1,0,1791156600000,1791157200000,0,0,1,0
2026-10-04T23:38:48.795Z,source,20149,1791157080000,1791157200000,1791157128690,154,0,0,1,0,1791157080000,1791157200000,0,0,1,0,1791156600000,1791157200000,0,0,1,0
2026-10-04T23:38:49.545Z,source,20149,1791157080000,1791157200000,1791157129448,155,0,0,1,0,1791157080000,1791157200000,0,0,1,0,1791156600000,1791157200000,0,0,1,0
2026-10-04T23:38:49.645Z,source,20149,1791157080000,1791157200000,1791157129559,156,0,0,1,0,1791157080000,1791157200000,0,0,1,0,1791156600000,1791157200000,0,0,1,0
2026-10-04T23:38:52.694Z,source,20149,1791157080000,1791157200000,1791157132606,157,0,0,1,0,1791157080000,1791157200000,0,0,1,0,1791156600000,1791157200000,0,0,1,0
2026-10-04T23:38:52.945Z,source,20149,1791157080000,1791157200000,1791157132748,158,0,0,1,0,1791157080000,1791157200000,0,0,1,0,1791156600000,1791157200000,0,0,1,0
2026-10-04T23:38:53.243Z,source,20149,1791157080000,1791157200000,1791157133176,159,0,0,1,0,1791157080000,1791157200000,0,0,1,0,1791156600000,1791157200000,0,0,1,0
2026-10-04T23:38:53.445Z,source,20149,1791157080000,1791157200000,1791157133325,160,0,0,1,0,1791157080000,1791157200000,0,0,1,0,1791156600000,1791157200000,0,0,1,0
2026-10-04T23:38:54.745Z,source,20149,1791157080000,1791157200000,1791157134675,161,0,0,1,0,1791157080000,1791157200000,0,0,1,0,1791156600000,1791157200000,0,0,1,0
2026-10-04T23:38:54.945Z,source,20149,1791157080000,1791157200000,1791157134825,162,0,0,1,0,1791157080000,1791157200000,0,0,1,0,1791156600000,1791157200000,0,0,1,0
2026-10-04T23:38:55.547Z,source,20149,1791157080000,1791157200000,1791157135455,163,0,0,1,0,1791157080000,1791157200000,0,0,1,0,1791156600000,1791157200000,0,0,1,0
2026-10-04T23:38:55.643Z,source,20149,1791157080000,1791157200000,1791157135556,164,0,0,1,0,1791157080000,1791157200000,0,0,1,0,1791156600000,1791157200000,0,0,1,0
2026-10-04T23:38:55.797Z,source,20149,1791157080000,1791157200000,1791157135725,165,0,0,1,0,1791157080000,1791157200000,0,0,1,0,1791156600000,1791157200000,0,0,1,0
2026-10-04T23:38:56.747Z,source,20149,1791157080000,1791157200000,1791157136655,166,0,0,1,0,1791157080000,1791157200000,0,0,1,0,1791156600000,1791157200000,0,0,1,0
2026-10-04T23:38:57.094Z,source,20149,1791157080000,1791157200000,1791157136881,167,0,0,1,0,1791157080000,1791157200000,0,0,1,0,1791156600000,1791157200000,0,0,1,0
2026-10-04T23:38:58.844Z,source,20149,1791157080000,1791157200000,1791157138754,168,0,0,1,0,1791157080000,1791157200000,0,0,1,0,1791156600000,1791157200000,0,0,1,0
2026-10-04T23:38:58.994Z,source,20149,1791157080000,1791157200000,1791157138907,169,0,0,1,0,1791157080000,1791157200000,0,0,1,0,1791156600000,1791157200000,0,0,1,0
2026-10-04T23:38:59.544Z,source,20149,1791157080000,1791157200000,1791157139476,170,0,0,1,0,1791157080000,1791157200000,0,0,1,0,1791156600000,1791157200000,0,0,1,0
2026-10-04T23:38:59.743Z,source,20149,1791157080000,1791157200000,1791157139616,171,0,0,1,0,1791157080000,1791157200000,0,0,1,0,1791156600000,1791157200000,0,0,1,0
2026-10-04T23:38:59.848Z,source,20149,1791157080000,1791157200000,1791157139776,172,0,0,1,0,1791157080000,1791157200000,0,0,1,0,1791156600000,1791157200000,0,0,1,0
2026-10-04T23:39:00.596Z,source,20149,1791157080000,1791157200000,1791157140512,173,0,0,1,0,1791157080000,1791157200000,0,0,1,0,1791156600000,1791157200000,0,0,1,0
2026-10-04T23:39:00.794Z,source,20149,1791157080000,1791157200000,1791157140663,174,0,0,1,0,1791157080000,1791157200000,0,0,1,0,1791156600000,1791157200000,0,0,1,0
2026-10-04T23:39:00.893Z,source,20149,1791157080000,1791157200000,1791157140816,175,0,0,1,0,1791157080000,1791157200000,0,0,1,0,1791156600000,1791157200000,0,0,1,0
2026-10-04T23:39:01.645Z,source,20149,1791157080000,1791157200000,1791157141572,176,0,0,1,0,1791157080000,1791157200000,0,0,1,0,1791156600000,1791157200000,0,0,1,0
2026-10-04T23:39:01.844Z,source,20149,1791157080000,1791157200000,1791157141724,177,0,0,1,0,1791157080000,1791157200000,0,0,1,0,1791156600000,1791157200000,0,0,1,0
2026-10-04T23:39:02.243Z,source,20149,1791157080000,1791157200000,1791157142158,178,0,0,1,0,1791157080000,1791157200000,0,0,1,0,1791156600000,1791157200000,0,0,1,0
2026-10-04T23:39:02.445Z,source,20149,1791157080000,1791157200000,1791157142355,179,0,0,1,0,1791157080000,1791157200000,0,0,1,0,1791156600000,1791157200000,0,0,1,0
2026-10-04T23:39:02.593Z,source,20149,1791157080000,1791157200000,1791157142506,180,0,0,1,0,1791157080000,1791157200000,0,0,1,0,1791156600000,1791157200000,0,0,1,0
2026-10-04T23:39:02.744Z,source,20149,1791157080000,1791157200000,1791157142624,181,0,0,1,0,1791157080000,1791157200000,0,0,1,0,1791156600000,1791157200000,0,0,1,0
2026-10-04T23:39:03.395Z,source,20149,1791157080000,1791157200000,1791157143254,182,0,0,1,0,1791157080000,1791157200000,0,0,1,0,1791156600000,1791157200000,0,0,1,0
2026-10-04T23:39:03.445Z,source,20149,1791157080000,1791157200000,1791157143376,183,0,0,1,0,1791157080000,1791157200000,0,0,1,0,1791156600000,1791157200000,0,0,1,0
2026-10-04T23:39:03.743Z,source,20149,1791157080000,1791157200000,1791157143677,184,0,0,1,0,1791157080000,1791157200000,0,0,1,0,1791156600000,1791157200000,0,0,1,0
2026-10-04T23:39:03.944Z,source,20149,1791157080000,1791157200000,1791157143825,185,0,0,1,0,1791157080000,1791157200000,0,0,1,0,1791156600000,1791157200000,0,0,1,0
2026-10-04T23:39:04.645Z,source,20149,1791157080000,1791157200000,1791157144576,186,0,0,1,0,1791157080000,1791157200000,0,0,1,0,1791156600000,1791157200000,0,0,1,0
2026-10-04T23:39:04.843Z,source,20149,1791157080000,1791157200000,1791157144735,187,0,0,1,0,1791157080000,1791157200000,0,0,1,0,1791156600000,1791157200000,0,0,1,0
2026-10-04T23:39:04.994Z,source,20149,1791157080000,1791157200000,1791157144874,188,0,0,1,0,1791157080000,1791157200000,0,0,1,0,1791156600000,1791157200000,0,0,1,0
2026-10-04T23:39:05.842Z,source,20149,1791157080000,1791157200000,1791157145776,189,0,0,1,0,1791157080000,1791157200000,0,0,1,0,1791156600000,1791157200000,0,0,1,0
2026-10-04T23:39:06.043Z,source,20149,1791157080000,1791157200000,1791157145956,190,0,0,1,0,1791157080000,1791157200000,0,0,1,0,1791156600000,1791157200000,0,0,1,0
2026-10-04T23:39:06.545Z,source,20149,1791157080000,1791157200000,1791157146390,191,0,0,1,0,1791157080000,1791157200000,0,0,1,0,1791156600000,1791157200000,0,0,1,0
2026-10-04T23:39:06.594Z,source,20149,1791157080000,1791157200000,1791157146515,192,0,0,1,0,1791157080000,1791157200000,0,0,1,0,1791156600000,1791157200000,0,0,1,0
2026-10-04T23:39:06.744Z,source,20149,1791157080000,1791157200000,1791157146675,193,0,0,1,0,1791157080000,1791157200000,0,0,1,0,1791156600000,1791157200000,0,0,1,0
2026-10-04T23:39:06.944Z,source,20149,1791157080000,1791157200000,1791157146854,194,0,0,1,0,1791157080000,1791157200000,0,0,1,0,1791156600000,1791157200000,0,0,1,0
2026-10-04T23:39:07.748Z,source,20149,1791157080000,1791157200000,1791157147722,197,0,0,1,0,1791157080000,1791157200000,0,0,1,0,1791156600000,1791157200000,0,0,1,0
2026-10-04T23:39:08.745Z,source,20149,1791157080000,1791157200000,1791157148648,198,0,0,1,0,1791157080000,1791157200000,0,0,1,0,1791156600000,1791157200000,0,0,1,0
2026-10-04T23:39:08.894Z,source,20149,1791157080000,1791157200000,1791157148794,199,0,0,1,0,1791157080000,1791157200000,0,0,1,0,1791156600000,1791157200000,0,0,1,0
2026-10-04T23:39:09.343Z,source,20149,1791157080000,1791157200000,1791157149286,200,0,0,1,0,1791157080000,1791157200000,0,0,1,0,1791156600000,1791157200000,0,0,1,0
2026-10-04T23:39:09.444Z,source,20149,1791157080000,1791157200000,1791157149364,201,0,0,1,0,1791157080000,1791157200000,0,0,1,0,1791156600000,1791157200000,0,0,1,0
2026-10-04T23:39:09.746Z,source,20149,1791157080000,1791157200000,1791157149677,202,0,0,1,0,1791157080000,1791157200000,0,0,1,0,1791156600000,1791157200000,0,0,1,0
2026-10-04T23:39:09.943Z,source,20149,1791157080000,1791157200000,1791157149866,203,0,0,1,0,1791157080000,1791157200000,0,0,1,0,1791156600000,1791157200000,0,0,1,0
2026-10-04T23:39:10.743Z,source,20149,1791157080000,1791157200000,1791157150576,204,0,0,1,0,1791157080000,1791157200000,0,0,1,0,1791156600000,1791157200000,0,0,1,0
2026-10-04T23:39:10.844Z,source,20149,1791157080000,1791157200000,1791157150754,205,0,0,1,0,1791157080000,1791157200000,0,0,1,0,1791156600000,1791157200000,0,0,1,0
2026-10-04T23:39:11.995Z,source,20149,1791157080000,1791157200000,1791157151909,206,0,0,1,0,1791157080000,1791157200000,0,0,1,0,1791156600000,1791157200000,0,0,1,0
2026-10-04T23:39:12.146Z,source,20149,1791157080000,1791157200000,1791157152076,207,0,0,1,0,1791157080000,1791157200000,0,0,1,0,1791156600000,1791157200000,0,0,1,0
2026-10-04T23:39:12.844Z,source,20149,1791157080000,1791157200000,1791157152676,208,0,0,1,0,1791157080000,1791157200000,0,0,1,0,1791156600000,1791157200000,0,0,1,0
2026-10-04T23:39:12.893Z,source,20149,1791157080000,1791157200000,1791157152824,209,0,0,1,0,1791157080000,1791157200000,0,0,1,0,1791156600000,1791157200000,0,0,1,0
2026-10-04T23:39:13.094Z,source,20149,1791157080000,1791157200000,1791157152996,210,0,0,1,0,1791157080000,1791157200000,0,0,1,0,1791156600000,1791157200000,0,0,1,0
2026-10-04T23:39:13.197Z,source,20149,1791157080000,1791157200000,1791157153120,211,0,0,1,0,1791157080000,1791157200000,0,0,1,0,1791156600000,1791157200000,0,0,1,0
2026-10-04T23:39:13.945Z,source,20149,1791157080000,1791157200000,1791157153877,212,0,0,1,0,1791157080000,1791157200000,0,0,1,0,1791156600000,1791157200000,0,0,1,0
2026-10-04T23:39:14.143Z,source,20149,1791157080000,1791157200000,1791157154024,213,0,0,1,0,1791157080000,1791157200000,0,0,1,0,1791156600000,1791157200000,0,0,1,0
2026-10-04T23:39:14.547Z,source,20149,1791157080000,1791157200000,1791157154477,214,0,0,1,0,1791157080000,1791157200000,0,0,1,0,1791156600000,1791157200000,0,0,1,0
2026-10-04T23:39:14.743Z,source,20149,1791157080000,1791157200000,1791157154655,215,0,0,1,0,1791157080000,1791157200000,0,0,1,0,1791156600000,1791157200000,0,0,1,0
2026-10-04T23:39:15.043Z,source,20149,1791157080000,1791157200000,1791157154955,216,0,0,1,0,1791157080000,1791157200000,0,0,1,0,1791156600000,1791157200000,0,0,1,0
2026-10-04T23:39:15.147Z,source,20149,1791157080000,1791157200000,1791157155076,217,0,0,1,0,1791157080000,1791157200000,0,0,1,0,1791156600000,1791157200000,0,0,1,0
2026-10-04T23:39:15.593Z,source,20149,1791157080000,1791157200000,1791157155515,218,0,0,1,0,1791157080000,1791157200000,0,0,1,0,1791156600000,1791157200000,0,0,1,0
2026-10-04T23:39:15.795Z,source,20149,1791157080000,1791157200000,1791157155706,219,0,0,1,0,1791157080000,1791157200000,0,0,1,0,1791156600000,1791157200000,0,0,1,0
2026-10-04T23:39:15.995Z,source,20149,1791157080000,1791157200000,1791157155854,220,0,0,1,0,1791157080000,1791157200000,0,0,1,0,1791156600000,1791157200000,0,0,1,0
2026-10-04T23:39:16.045Z,source,20149,1791157080000,1791157200000,1791157155965,221,0,0,1,0,1791157080000,1791157200000,0,0,1,0,1791156600000,1791157200000,0,0,1,0
2026-10-04T23:39:16.794Z,source,20149,1791157080000,1791157200000,1791157156724,222,0,0,1,0,1791157080000,1791157200000,0,0,1,0,1791156600000,1791157200000,0,0,1,0
2026-10-04T23:39:17.046Z,source,20149,1791157080000,1791157200000,1791157156882,223,0,0,1,0,1791157080000,1791157200000,0,0,1,0,1791156600000,1791157200000,0,0,1,0
2026-10-04T23:39:17.444Z,source,20149,1791157080000,1791157200000,1791157157355,224,0,0,1,0,1791157080000,1791157200000,0,0,1,0,1791156600000,1791157200000,0,0,1,0
2026-10-04T23:39:17.547Z,source,20149,1791157080000,1791157200000,1791157157476,225,0,0,1,0,1791157080000,1791157200000,0,0,1,0,1791156600000,1791157200000,0,0,1,0
2026-10-04T23:39:17.843Z,source,20149,1791157080000,1791157200000,1791157157776,226,0,0,1,0,1791157080000,1791157200000,0,0,1,0,1791156600000,1791157200000,0,0,1,0
2026-10-04T23:39:18.094Z,source,20149,1791157080000,1791157200000,1791157157915,227,0,0,1,0,1791157080000,1791157200000,0,0,1,0,1791156600000,1791157200000,0,0,1,0
2026-10-04T23:39:18.794Z,source,20149,1791157080000,1791157200000,1791157158707,228,0,0,1,0,1791157080000,1791157200000,0,0,1,0,1791156600000,1791157200000,0,0,1,0
2026-10-04T23:39:18.895Z,source,20149,1791157080000,1791157200000,1791157158825,229,0,0,1,0,1791157080000,1791157200000,0,0,1,0,1791156600000,1791157200000,0,0,1,0
2026-10-04T23:39:19.045Z,source,20149,1791157080000,1791157200000,1791157158961,230,0,0,1,0,1791157080000,1791157200000,0,0,1,0,1791156600000,1791157200000,0,0,1,0
2026-10-04T23:39:19.245Z,source,20149,1791157080000,1791157200000,1791157159124,231,0,0,1,0,1791157080000,1791157200000,0,0,1,0,1791156600000,1791157200000,0,0,1,0
2026-10-04T23:39:19.842Z,source,20149,1791157080000,1791157200000,1791157159751,232,0,0,1,0,1791157080000,1791157200000,0,0,1,0,1791156600000,1791157200000,0,0,1,0
2026-10-04T23:39:19.994Z,source,20149,1791157080000,1791157200000,1791157159906,233,0,0,1,0,1791157080000,1791157200000,0,0,1,0,1791156600000,1791157200000,0,0,1,0
2026-10-04T23:39:20.294Z,source,20149,1791157080000,1791157200000,1791157160207,234,0,0,1,0,1791157080000,1791157200000,0,0,1,0,1791156600000,1791157200000,0,0,1,0
2026-10-04T23:39:20.395Z,source,20149,1791157080000,1791157200000,1791157160309,235,0,0,1,0,1791157080000,1791157200000,0,0,1,0,1791156600000,1791157200000,0,0,1,0
2026-10-04T23:39:21.743Z,source,20149,1791157080000,1791157200000,1791157161672,236,0,0,1,0,1791157080000,1791157200000,0,0,1,0,1791156600000,1791157200000,0,0,1,0
2026-10-04T23:39:21.944Z,source,20149,1791157080000,1791157200000,1791157161854,237,0,0,1,0,1791157080000,1791157200000,0,0,1,0,1791156600000,1791157200000,0,0,1,0
2026-10-04T23:39:22.644Z,source,20149,1791157080000,1791157200000,1791157162559,238,0,0,1,0,1791157080000,1791157200000,0,0,1,0,1791156600000,1791157200000,0,0,1,0
2026-10-04T23:39:22.794Z,source,20149,1791157080000,1791157200000,1791157162754,239,0,0,1,0,1791157080000,1791157200000,0,0,1,0,1791156600000,1791157200000,0,0,1,0
2026-10-04T23:39:22.944Z,source,20149,1791157080000,1791157200000,1791157162875,240,0,0,1,0,1791157080000,1791157200000,0,0,1,0,1791156600000,1791157200000,0,0,1,0
2026-10-04T23:39:23.694Z,source,20149,1791157080000,1791157200000,1791157163624,241,0,0,1,0,1791157080000,1791157200000,0,0,1,0,1791156600000,1791157200000,0,0,1,0
2026-10-04T23:39:23.844Z,source,20149,1791157080000,1791157200000,1791157163761,242,0,0,1,0,1791157080000,1791157200000,0,0,1,0,1791156600000,1791157200000,0,0,1,0
2026-10-04T23:39:24.045Z,source,20149,1791157080000,1791157200000,1791157163949,243,0,0,1,0,1791157080000,1791157200000,0,0,1,0,1791156600000,1791157200000,0,0,1,0
2026-10-04T23:39:24.395Z,source,20149,1791157080000,1791157200000,1791157164253,244,0,0,1,0,1791157080000,1791157200000,0,0,1,0,1791156600000,1791157200000,0,0,1,0
2026-10-04T23:39:24.444Z,source,20149,1791157080000,1791157200000,1791157164376,245,0,0,1,0,1791157080000,1791157200000,0,0,1,0,1791156600000,1791157200000,0,0,1,0
2026-10-04T23:39:24.943Z,source,20149,1791157080000,1791157200000,1791157164825,246,0,0,1,0,1791157080000,1791157200000,0,0,1,0,1791156600000,1791157200000,0,0,1,0
2026-10-04T23:39:25.045Z,source,20149,1791157080000,1791157200000,1791157164971,247,0,0,1,0,1791157080000,1791157200000,0,0,1,0,1791156600000,1791157200000,0,0,1,0
2026-10-04T23:39:25.544Z,source,20149,1791157080000,1791157200000,1791157165455,248,0,0,1,0,1791157080000,1791157200000,0,0,1,0,1791156600000,1791157200000,0,0,1,0
2026-10-04T23:39:25.645Z,source,20149,1791157080000,1791157200000,1791157165576,249,0,0,1,0,1791157080000,1791157200000,0,0,1,0,1791156600000,1791157200000,0,0,1,0
2026-10-04T23:39:25.794Z,source,20149,1791157080000,1791157200000,1791157165725,250,0,0,1,0,1791157080000,1791157200000,0,0,1,0,1791156600000,1791157200000,0,0,1,0
2026-10-04T23:39:26.545Z,source,20149,1791157080000,1791157200000,1791157166476,251,0,0,1,0,1791157080000,1791157200000,0,0,1,0,1791156600000,1791157200000,0,0,1,0
2026-10-04T23:39:26.744Z,source,20149,1791157080000,1791157200000,1791157166655,252,0,0,1,0,1791157080000,1791157200000,0,0,1,0,1791156600000,1791157200000,0,0,1,0
2026-10-04T23:39:27.544Z,source,20149,1791157080000,1791157200000,1791157167407,253,0,0,1,0,1791157080000,1791157200000,0,0,1,0,1791156600000,1791157200000,0,0,1,0
2026-10-04T23:39:27.645Z,source,20149,1791157080000,1791157200000,1791157167554,254,0,0,1,0,1791157080000,1791157200000,0,0,1,0,1791156600000,1791157200000,0,0,1,0
2026-10-04T23:39:28.048Z,source,20149,1791157080000,1791157200000,1791157167976,255,0,0,1,0,1791157080000,1791157200000,0,0,1,0,1791156600000,1791157200000,0,0,1,0
2026-10-04T23:39:28.244Z,source,20149,1791157080000,1791157200000,1791157168124,256,0,0,1,0,1791157080000,1791157200000,0,0,1,0,1791156600000,1791157200000,0,0,1,0
2026-10-04T23:39:28.694Z,source,20149,1791157080000,1791157200000,1791157168607,257,0,0,1,0,1791157080000,1791157200000,0,0,1,0,1791156600000,1791157200000,0,0,1,0
2026-10-04T23:39:28.843Z,source,20149,1791157080000,1791157200000,1791157168754,258,0,0,1,0,1791157080000,1791157200000,0,0,1,0,1791156600000,1791157200000,0,0,1,0
2026-10-04T23:39:28.945Z,source,20149,1791157080000,1791157200000,1791157168863,259,0,0,1,0,1791157080000,1791157200000,0,0,1,0,1791156600000,1791157200000,0,0,1,0
2026-10-04T23:39:29.145Z,source,20149,1791157080000,1791157200000,1791157169048,260,0,0,1,0,1791157080000,1791157200000,0,0,1,0,1791156600000,1791157200000,0,0,1,0
2026-10-04T23:39:29.895Z,source,20149,1791157080000,1791157200000,1791157169807,261,0,0,1,0,1791157080000,1791157200000,0,0,1,0,1791156600000,1791157200000,0,0,1,0
2026-10-04T23:39:30.045Z,source,20149,1791157080000,1791157200000,1791157169954,262,0,0,1,0,1791157080000,1791157200000,0,0,1,0,1791156600000,1791157200000,0,0,1,0
2026-10-04T23:39:30.545Z,source,20149,1791157080000,1791157200000,1791157170384,263,0,0,1,0,1791157080000,1791157200000,0,0,1,0,1791156600000,1791157200000,0,0,1,0
2026-10-04T23:39:30.696Z,source,20149,1791157080000,1791157200000,1791157170527,264,0,0,1,0,1791157080000,1791157200000,0,0,1,0,1791156600000,1791157200000,0,0,1,0
2026-10-04T23:39:30.745Z,source,20149,1791157080000,1791157200000,1791157170661,265,0,0,1,0,1791157080000,1791157200000,0,0,1,0,1791156600000,1791157200000,0,0,1,0
2026-10-04T23:39:31.543Z,source,20149,1791157080000,1791157200000,1791157171456,266,0,0,1,0,1791157080000,1791157200000,0,0,1,0,1791156600000,1791157200000,0,0,1,0
2026-10-04T23:39:31.795Z,source,20149,1791157080000,1791157200000,1791157171725,267,0,0,1,0,1791157080000,1791157200000,0,0,1,0,1791156600000,1791157200000,0,0,1,0
2026-10-04T23:39:31.995Z,source,20149,1791157080000,1791157200000,1791157171905,268,0,0,1,0,1791157080000,1791157200000,0,0,1,0,1791156600000,1791157200000,0,0,1,0
2026-10-04T23:39:32.845Z,source,20149,1791157080000,1791157200000,1791157172758,269,0,0,1,0,1791157080000,1791157200000,0,0,1,0,1791156600000,1791157200000,0,0,1,0
2026-10-04T23:39:33.045Z,source,20149,1791157080000,1791157200000,1791157172947,270,0,0,1,0,1791157080000,1791157200000,0,0,1,0,1791156600000,1791157200000,0,0,1,0
2026-10-04T23:39:33.347Z,source,20149,1791157080000,1791157200000,1791157173254,271,0,0,1,0,1791157080000,1791157200000,0,0,1,0,1791156600000,1791157200000,0,0,1,0
2026-10-04T23:39:33.444Z,source,20149,1791157080000,1791157200000,1791157173367,272,0,0,1,0,1791157080000,1791157200000,0,0,1,0,1791156600000,1791157200000,0,0,1,0
2026-10-04T23:39:33.845Z,source,20149,1791157080000,1791157200000,1791157173667,273,0,0,1,0,1791157080000,1791157200000,0,0,1,0,1791156600000,1791157200000,0,0,1,0
2026-10-04T23:39:33.943Z,source,20149,1791157080000,1791157200000,1791157173848,274,0,0,1,0,1791157080000,1791157200000,0,0,1,0,1791156600000,1791157200000,0,0,1,0
2026-10-04T23:39:34.645Z,source,20149,1791157080000,1791157200000,1791157174576,275,0,0,1,0,1791157080000,1791157200000,0,0,1,0,1791156600000,1791157200000,0,0,1,0
2026-10-04T23:39:34.893Z,source,20149,1791157080000,1791157200000,1791157174754,276,0,0,1,0,1791157080000,1791157200000,0,0,1,0,1791156600000,1791157200000,0,0,1,0
2026-10-04T23:39:34.943Z,source,20149,1791157080000,1791157200000,1791157174871,277,0,0,1,0,1791157080000,1791157200000,0,0,1,0,1791156600000,1791157200000,0,0,1,0
2026-10-04T23:39:36.043Z,source,20149,1791157080000,1791157200000,1791157175939,278,0,0,1,0,1791157080000,1791157200000,0,0,1,0,1791156600000,1791157200000,0,0,1,0
2026-10-04T23:39:36.150Z,source,20149,1791157080000,1791157200000,1791157176076,279,0,0,1,0,1791157080000,1791157200000,0,0,1,0,1791156600000,1791157200000,0,0,1,0
2026-10-04T23:39:36.597Z,source,20149,1791157080000,1791157200000,1791157176508,280,0,0,1,0,1791157080000,1791157200000,0,0,1,0,1791156600000,1791157200000,0,0,1,0
2026-10-04T23:39:36.744Z,source,20149,1791157080000,1791157200000,1791157176676,281,0,0,1,0,1791157080000,1791157200000,0,0,1,0,1791156600000,1791157200000,0,0,1,0
2026-10-04T23:39:37.244Z,source,20149,1791157080000,1791157200000,1791157177155,282,0,0,1,0,1791157080000,1791157200000,0,0,1,0,1791156600000,1791157200000,0,0,1,0
2026-10-04T23:39:37.344Z,source,20149,1791157080000,1791157200000,1791157177276,283,0,0,1,0,1791157080000,1791157200000,0,0,1,0,1791156600000,1791157200000,0,0,1,0
2026-10-04T23:39:37.844Z,source,20149,1791157080000,1791157200000,1791157177724,284,0,0,1,0,1791157080000,1791157200000,0,0,1,0,1791156600000,1791157200000,0,0,1,0
2026-10-04T23:39:37.995Z,source,20149,1791157080000,1791157200000,1791157177876,285,0,0,1,0,1791157080000,1791157200000,0,0,1,0,1791156600000,1791157200000,0,0,1,0
2026-10-04T23:39:38.446Z,source,20149,1791157080000,1791157200000,1791157178354,286,0,0,1,0,1791157080000,1791157200000,0,0,1,0,1791156600000,1791157200000,0,0,1,0
2026-10-04T23:39:38.545Z,source,20149,1791157080000,1791157200000,1791157178476,287,0,0,1,0,1791157080000,1791157200000,0,0,1,0,1791156600000,1791157200000,0,0,1,0
2026-10-04T23:39:38.745Z,source,20149,1791157080000,1791157200000,1791157178655,288,0,0,1,0,1791157080000,1791157200000,0,0,1,0,1791156600000,1791157200000,0,0,1,0
2026-10-04T23:39:38.845Z,source,20149,1791157080000,1791157200000,1791157178777,289,0,0,1,0,1791157080000,1791157200000,0,0,1,0,1791156600000,1791157200000,0,0,1,0
2026-10-04T23:39:39.445Z,source,20149,1791157080000,1791157200000,1791157179377,290,0,0,1,0,1791157080000,1791157200000,0,0,1,0,1791156600000,1791157200000,0,0,1,0
2026-10-04T23:39:39.644Z,source,20149,1791157080000,1791157200000,1791157179554,291,0,0,1,0,1791157080000,1791157200000,0,0,1,0,1791156600000,1791157200000,0,0,1,0
2026-10-04T23:39:40.096Z,source,20149,1791157080000,1791157200000,1791157179976,292,0,0,1,0,1791157080000,1791157200000,0,0,1,0,1791156600000,1791157200000,0,0,1,0
2026-10-04T23:39:40.396Z,source,20149,1791157080000,1791157200000,1791157180282,293,0,0,1,0,1791157080000,1791157200000,0,0,1,0,1791156600000,1791157200000,0,0,1,0
2026-10-04T23:39:40.545Z,source,20149,1791157080000,1791157200000,1791157180454,294,0,0,1,0,1791157080000,1791157200000,0,0,1,0,1791156600000,1791157200000,0,0,1,0
2026-10-04T23:39:40.645Z,source,20149,1791157080000,1791157200000,1791157180576,295,0,0,1,0,1791157080000,1791157200000,0,0,1,0,1791156600000,1791157200000,0,0,1,0
2026-10-04T23:39:40.944Z,source,20149,1791157080000,1791157200000,1791157180863,296,0,0,1,0,1791157080000,1791157200000,0,0,1,0,1791156600000,1791157200000,0,0,1,0
2026-10-04T23:39:41.145Z,source,20149,1791157080000,1791157200000,1791157181055,297,0,0,1,0,1791157080000,1791157200000,0,0,1,0,1791156600000,1791157200000,0,0,1,0
2026-10-04T23:39:41.845Z,source,20149,1791157080000,1791157200000,1791157181772,298,0,0,1,0,1791157080000,1791157200000,0,0,1,0,1791156600000,1791157200000,0,0,1,0
2026-10-04T23:39:42.044Z,source,20149,1791157080000,1791157200000,1791157181957,299,0,0,1,0,1791157080000,1791157200000,0,0,1,0,1791156600000,1791157200000,0,0,1,0
2026-10-04T23:39:42.895Z,source,20149,1791157080000,1791157200000,1791157182807,300,0,0,1,0,1791157080000,1791157200000,0,0,1,0,1791156600000,1791157200000,0,0,1,0
2026-10-04T23:39:43.046Z,source,20149,1791157080000,1791157200000,1791157182974,301,0,0,1,0,1791157080000,1791157200000,0,0,1,0,1791156600000,1791157200000,0,0,1,0
2026-10-04T23:39:43.594Z,source,20149,1791157080000,1791157200000,1791157183508,302,0,0,1,0,1791157080000,1791157200000,0,0,1,0,1791156600000,1791157200000,0,0,1,0
2026-10-04T23:39:43.643Z,source,20149,1791157080000,1791157200000,1791157183557,303,0,0,1,0,1791157080000,1791157200000,0,0,1,0,1791156600000,1791157200000,0,0,1,0
2026-10-04T23:39:43.945Z,source,20149,1791157080000,1791157200000,1791157183878,304,0,0,1,0,1791157080000,1791157200000,0,0,1,0,1791156600000,1791157200000,0,0,1,0
2026-10-04T23:39:44.095Z,source,20149,1791157080000,1791157200000,1791157184024,305,0,0,1,0,1791157080000,1791157200000,0,0,1,0,1791156600000,1791157200000,0,0,1,0
2026-10-04T23:39:44.445Z,source,20149,1791157080000,1791157200000,1791157184347,306,0,0,1,0,1791157080000,1791157200000,0,0,1,0,1791156600000,1791157200000,0,0,1,0
2026-10-04T23:39:44.545Z,source,20149,1791157080000,1791157200000,1791157184477,307,0,0,1,0,1791157080000,1791157200000,0,0,1,0,1791156600000,1791157200000,0,0,1,0
2026-10-04T23:39:46.645Z,source,20149,1791157080000,1791157200000,1791157186576,308,0,0,1,0,1791157080000,1791157200000,0,0,1,0,1791156600000,1791157200000,0,0,1,0
2026-10-04T23:39:46.944Z,source,20149,1791157080000,1791157200000,1791157186755,309,0,0,1,0,1791157080000,1791157200000,0,0,1,0,1791156600000,1791157200000,0,0,1,0
2026-10-04T23:39:47.245Z,source,20149,1791157080000,1791157200000,1791157187203,311,0,0,1,0,1791157080000,1791157200000,0,0,1,0,1791156600000,1791157200000,0,0,1,0
2026-10-04T23:39:48.043Z,source,20149,1791157080000,1791157200000,1791157187938,312,0,0,1,0,1791157080000,1791157200000,0,0,1,0,1791156600000,1791157200000,0,0,1,0
2026-10-04T23:39:48.148Z,source,20149,1791157080000,1791157200000,1791157188076,313,0,0,1,0,1791157080000,1791157200000,0,0,1,0,1791156600000,1791157200000,0,0,1,0
2026-10-04T23:39:48.945Z,source,20149,1791157080000,1791157200000,1791157188838,314,0,0,1,0,1791157080000,1791157200000,0,0,1,0,1791156600000,1791157200000,0,0,1,0
2026-10-04T23:39:49.045Z,source,20149,1791157080000,1791157200000,1791157188975,315,0,0,1,0,1791157080000,1791157200000,0,0,1,0,1791156600000,1791157200000,0,0,1,0
2026-10-04T23:39:49.545Z,source,20149,1791157080000,1791157200000,1791157189454,316,0,0,1,0,1791157080000,1791157200000,0,0,1,0,1791156600000,1791157200000,0,0,1,0
2026-10-04T23:39:49.645Z,source,20149,1791157080000,1791157200000,1791157189576,317,0,0,1,0,1791157080000,1791157200000,0,0,1,0,1791156600000,1791157200000,0,0,1,0
2026-10-04T23:39:49.945Z,source,20149,1791157080000,1791157200000,1791157189876,318,0,0,1,0,1791157080000,1791157200000,0,0,1,0,1791156600000,1791157200000,0,0,1,0
2026-10-04T23:39:50.145Z,source,20149,1791157080000,1791157200000,1791157190024,319,0,0,1,0,1791157080000,1791157200000,0,0,1,0,1791156600000,1791157200000,0,0,1,0
2026-10-04T23:39:50.744Z,source,20149,1791157080000,1791157200000,1791157190639,320,0,0,1,0,1791157080000,1791157200000,0,0,1,0,1791156600000,1791157200000,0,0,1,0
2026-10-04T23:39:50.845Z,source,20149,1791157080000,1791157200000,1791157190772,321,0,0,1,0,1791157080000,1791157200000,0,0,1,0,1791156600000,1791157200000,0,0,1,0
2026-10-04T23:39:51.094Z,source,20149,1791157080000,1791157200000,1791157190945,322,0,0,1,0,1791157080000,1791157200000,0,0,1,0,1791156600000,1791157200000,0,0,1,0
2026-10-04T23:39:51.144Z,source,20149,1791157080000,1791157200000,1791157191077,323,0,0,1,0,1791157080000,1791157200000,0,0,1,0,1791156600000,1791157200000,0,0,1,0
2026-10-04T23:39:51.645Z,source,20149,1791157080000,1791157200000,1791157191554,324,0,0,1,0,1791157080000,1791157200000,0,0,1,0,1791156600000,1791157200000,0,0,1,0
2026-10-04T23:39:51.745Z,source,20149,1791157080000,1791157200000,1791157191677,325,0,0,1,0,1791157080000,1791157200000,0,0,1,0,1791156600000,1791157200000,0,0,1,0
2026-10-04T23:39:52.494Z,source,20149,1791157080000,1791157200000,1791157192412,326,0,0,1,0,1791157080000,1791157200000,0,0,1,0,1791156600000,1791157200000,0,0,1,0
2026-10-04T23:39:52.695Z,source,20149,1791157080000,1791157200000,1791157192576,327,0,0,1,0,1791157080000,1791157200000,0,0,1,0,1791156600000,1791157200000,0,0,1,0
2026-10-04T23:39:52.947Z,source,20149,1791157080000,1791157200000,1791157192876,328,0,0,1,0,1791157080000,1791157200000,0,0,1,0,1791156600000,1791157200000,0,0,1,0
2026-10-04T23:39:53.193Z,source,20149,1791157080000,1791157200000,1791157193044,329,0,0,1,0,1791157080000,1791157200000,0,0,1,0,1791156600000,1791157200000,0,0,1,0
2026-10-04T23:39:53.845Z,source,20149,1791157080000,1791157200000,1791157193776,330,0,0,1,0,1791157080000,1791157200000,0,0,1,0,1791156600000,1791157200000,0,0,1,0
2026-10-04T23:39:53.995Z,source,20149,1791157080000,1791157200000,1791157193913,331,0,0,1,0,1791157080000,1791157200000,0,0,1,0,1791156600000,1791157200000,0,0,1,0
2026-10-04T23:39:54.145Z,source,20149,1791157080000,1791157200000,1791157194076,332,0,0,1,0,1791157080000,1791157200000,0,0,1,0,1791156600000,1791157200000,0,0,1,0
2026-10-04T23:39:54.445Z,source,20149,1791157080000,1791157200000,1791157194376,333,0,0,1,0,1791157080000,1791157200000,0,0,1,0,1791156600000,1791157200000,0,0,1,0
2026-10-04T23:39:54.645Z,source,20149,1791157080000,1791157200000,1791157194554,334,0,0,1,0,1791157080000,1791157200000,0,0,1,0,1791156600000,1791157200000,0,0,1,0
2026-10-04T23:39:55.045Z,source,20149,1791157080000,1791157200000,1791157194960,335,0,0,1,0,1791157080000,1791157200000,0,0,1,0,1791156600000,1791157200000,0,0,1,0
2026-10-04T23:39:55.195Z,source,20149,1791157080000,1791157200000,1791157195124,336,0,0,1,0,1791157080000,1791157200000,0,0,1,0,1791156600000,1791157200000,0,0,1,0
2026-10-04T23:39:55.645Z,source,20149,1791157080000,1791157200000,1791157195557,337,0,0,1,0,1791157080000,1791157200000,0,0,1,0,1791156600000,1791157200000,0,0,1,0
2026-10-04T23:39:55.845Z,source,20149,1791157080000,1791157200000,1791157195748,338,0,0,1,0,1791157080000,1791157200000,0,0,1,0,1791156600000,1791157200000,0,0,1,0
2026-10-04T23:39:57.045Z,source,20149,1791157080000,1791157200000,1791157196955,339,0,0,1,0,1791157080000,1791157200000,0,0,1,0,1791156600000,1791157200000,0,0,1,0
2026-10-04T23:39:57.146Z,source,20149,1791157080000,1791157200000,1791157197076,340,0,0,1,0,1791157080000,1791157200000,0,0,1,0,1791156600000,1791157200000,0,0,1,0
2026-10-04T23:39:57.944Z,source,20149,1791157080000,1791157200000,1791157197855,341,0,0,1,0,1791157080000,1791157200000,0,0,1,0,1791156600000,1791157200000,0,0,1,0
2026-10-04T23:39:58.043Z,source,20149,1791157080000,1791157200000,1791157197963,342,0,0,1,0,1791157080000,1791157200000,0,0,1,0,1791156600000,1791157200000,0,0,1,0
2026-10-04T23:39:59.547Z,source,20149,1791157080000,1791157200000,1791157199476,343,0,0,1,0,1791157080000,1791157200000,0,0,1,0,1791156600000,1791157200000,0,0,1,0
2026-10-04T23:39:59.745Z,source,20149,1791157080000,1791157200000,1791157199655,344,0,0,1,0,1791157080000,1791157200000,0,0,1,0,1791156600000,1791157200000,0,0,1,0
2026-10-04T23:40:00.645Z,source,20149,1791157080000,1791157200000,1791157200555,345,0,0,1,0,1791157080000,1791157200000,0,0,1,0,1791156600000,1791157200000,0,0,1,0
2026-10-04T23:40:00.745Z,source,20149,1791157080000,1791157200000,1791157200661,346,0,0,1,0,1791157080000,1791157200000,0,0,1,0,1791156600000,1791157200000,0,0,1,0
2026-10-04T23:40:01.294Z,source,20149,1791157080000,1791157200000,1791157201204,347,0,0,1,0,1791157080000,1791157200000,0,0,1,0,1791156600000,1791157200000,0,0,1,0
2026-10-04T23:40:01.395Z,source,20149,1791157080000,1791157200000,1791157201301,348,0,0,1,0,1791157080000,1791157200000,0,0,1,0,1791156600000,1791157200000,0,0,1,0
2026-10-04T23:40:01.595Z,source,20150,1791157200000,1791157320000,1791157201460,1,0,0,1,1,1791157200000,1791157320000,0,0,1,1,1791157200000,1791157800000,0,0,1,1
2026-10-04T23:40:01.595Z,previous_source,20149,1791157080000,1791157200000,1791157201460,351,1,0,1,0,1791157080000,1791157200000,1,0,1,0,1791156600000,1791157200000,1,0,1,0
2026-10-04T23:40:02.243Z,source,20150,1791157200000,1791157320000,1791157202178,3,0,0,1,0,1791157200000,1791157320000,0,0,1,0,1791157200000,1791157800000,0,0,1,0
2026-10-04T23:40:02.547Z,source,20150,1791157200000,1791157320000,1791157202476,4,0,0,1,0,1791157200000,1791157320000,0,0,1,0,1791157200000,1791157800000,0,0,1,0
2026-10-04T23:40:02.745Z,source,20150,1791157200000,1791157320000,1791157202625,5,0,0,1,0,1791157200000,1791157320000,0,0,1,0,1791157200000,1791157800000,0,0,1,0
2026-10-04T23:40:03.445Z,source,20150,1791157200000,1791157320000,1791157203372,6,0,0,1,0,1791157200000,1791157320000,0,0,1,0,1791157200000,1791157800000,0,0,1,0
2026-10-04T23:40:03.693Z,source,20150,1791157200000,1791157320000,1791157203552,7,0,0,1,0,1791157200000,1791157320000,0,0,1,0,1791157200000,1791157800000,0,0,1,0
2026-10-04T23:40:03.745Z,source,20150,1791157200000,1791157320000,1791157203676,8,0,0,1,0,1791157200000,1791157320000,0,0,1,0,1791157200000,1791157800000,0,0,1,0
2026-10-04T23:40:04.495Z,source,20150,1791157200000,1791157320000,1791157204455,9,0,0,1,0,1791157200000,1791157320000,0,0,1,0,1791157200000,1791157800000,0,0,1,0
2026-10-04T23:40:04.645Z,source,20150,1791157200000,1791157320000,1791157204576,10,0,0,1,0,1791157200000,1791157320000,0,0,1,0,1791157200000,1791157800000,0,0,1,0
2026-10-04T23:40:05.095Z,source,20150,1791157200000,1791157320000,1791157205049,11,0,0,1,0,1791157200000,1791157320000,0,0,1,0,1791157200000,1791157800000,0,0,1,0
2026-10-04T23:40:05.295Z,source,20150,1791157200000,1791157320000,1791157205171,12,0,0,1,0,1791157200000,1791157320000,0,0,1,0,1791157200000,1791157800000,0,0,1,0
2026-10-04T23:40:05.493Z,source,20150,1791157200000,1791157320000,1791157205457,13,0,0,1,0,1791157200000,1791157320000,0,0,1,0,1791157200000,1791157800000,0,0,1,0
2026-10-04T23:40:05.796Z,source,20150,1791157200000,1791157320000,1791157205655,14,0,0,1,0,1791157200000,1791157320000,0,0,1,0,1791157200000,1791157800000,0,0,1,0
2026-10-04T23:40:06.346Z,source,20150,1791157200000,1791157320000,1791157206238,16,0,0,1,0,1791157200000,1791157320000,0,0,1,0,1791157200000,1791157800000,0,0,1,0
2026-10-04T23:40:06.595Z,source,20150,1791157200000,1791157320000,1791157206507,17,0,0,1,0,1791157200000,1791157320000,0,0,1,0,1791157200000,1791157800000,0,0,1,0
2026-10-04T23:40:06.846Z,source,20150,1791157200000,1791157320000,1791157206676,18,0,0,1,0,1791157200000,1791157320000,0,0,1,0,1791157200000,1791157800000,0,0,1,0
2026-10-04T23:40:07.446Z,source,20150,1791157200000,1791157320000,1791157207338,19,0,0,1,0,1791157200000,1791157320000,0,0,1,0,1791157200000,1791157800000,0,0,1,0
2026-10-04T23:40:07.494Z,source,20150,1791157200000,1791157320000,1791157207435,20,0,0,1,0,1791157200000,1791157320000,0,0,1,0,1791157200000,1791157800000,0,0,1,0
2026-10-04T23:40:07.649Z,source,20150,1791157200000,1791157320000,1791157207576,21,0,0,1,0,1791157200000,1791157320000,0,0,1,0,1791157200000,1791157800000,0,0,1,0
2026-10-04T23:40:08.595Z,source,20150,1791157200000,1791157320000,1791157208501,22,0,0,1,0,1791157200000,1791157320000,0,0,1,0,1791157200000,1791157800000,0,0,1,0
2026-10-04T23:40:08.746Z,source,20150,1791157200000,1791157320000,1791157208655,23,0,0,1,0,1791157200000,1791157320000,0,0,1,0,1791157200000,1791157800000,0,0,1,0
2026-10-04T23:40:09.493Z,source,20150,1791157200000,1791157320000,1791157209403,25,0,0,1,0,1791157200000,1791157320000,0,0,1,0,1791157200000,1791157800000,0,0,1,0
2026-10-04T23:40:09.646Z,source,20150,1791157200000,1791157320000,1791157209535,26,0,0,1,0,1791157200000,1791157320000,0,0,1,0,1791157200000,1791157800000,0,0,1,0
2026-10-04T23:40:09.744Z,source,20150,1791157200000,1791157320000,1791157209676,27,0,0,1,0,1791157200000,1791157320000,0,0,1,0,1791157200000,1791157800000,0,0,1,0
2026-10-04T23:40:10.143Z,source,20150,1791157200000,1791157320000,1791157210088,29,0,0,1,0,1791157200000,1791157320000,0,0,1,0,1791157200000,1791157800000,0,0,1,0
2026-10-04T23:40:10.545Z,source,20150,1791157200000,1791157320000,1791157210452,30,0,0,1,0,1791157200000,1791157320000,0,0,1,0,1791157200000,1791157800000,0,0,1,0
2026-10-04T23:40:10.644Z,source,20150,1791157200000,1791157320000,1791157210565,31,0,0,1,0,1791157200000,1791157320000,0,0,1,0,1791157200000,1791157800000,0,0,1,0
2026-10-04T23:40:11.545Z,source,20150,1791157200000,1791157320000,1791157211457,32,0,0,1,0,1791157200000,1791157320000,0,0,1,0,1791157200000,1791157800000,0,0,1,0
2026-10-04T23:40:11.743Z,source,20150,1791157200000,1791157320000,1791157211646,33,0,0,1,0,1791157200000,1791157320000,0,0,1,0,1791157200000,1791157800000,0,0,1,0
2026-10-04T23:40:12.645Z,source,20150,1791157200000,1791157320000,1791157212518,34,0,0,1,0,1791157200000,1791157320000,0,0,1,0,1791157200000,1791157800000,0,0,1,0
2026-10-04T23:40:12.744Z,source,20150,1791157200000,1791157320000,1791157212659,35,0,0,1,0,1791157200000,1791157320000,0,0,1,0,1791157200000,1791157800000,0,0,1,0
2026-10-04T23:40:13.346Z,source,20150,1791157200000,1791157320000,1791157213274,36,0,0,1,0,1791157200000,1791157320000,0,0,1,0,1791157200000,1791157800000,0,0,1,0
2026-10-04T23:40:13.494Z,source,20150,1791157200000,1791157320000,1791157213455,37,0,0,1,0,1791157200000,1791157320000,0,0,1,0,1791157200000,1791157800000,0,0,1,0
2026-10-04T23:40:13.643Z,source,20150,1791157200000,1791157320000,1791157213577,38,0,0,1,0,1791157200000,1791157320000,0,0,1,0,1791157200000,1791157800000,0,0,1,0
2026-10-04T23:40:13.845Z,source,20150,1791157200000,1791157320000,1791157213722,39,0,0,1,0,1791157200000,1791157320000,0,0,1,0,1791157200000,1791157800000,0,0,1,0
2026-10-04T23:40:14.445Z,source,20150,1791157200000,1791157320000,1791157214354,40,0,0,1,0,1791157200000,1791157320000,0,0,1,0,1791157200000,1791157800000,0,0,1,0
2026-10-04T23:40:14.544Z,source,20150,1791157200000,1791157320000,1791157214476,41,0,0,1,0,1791157200000,1791157320000,0,0,1,0,1791157200000,1791157800000,0,0,1,0
2026-10-04T23:40:14.744Z,source,20150,1791157200000,1791157320000,1791157214647,42,0,0,1,0,1791157200000,1791157320000,0,0,1,0,1791157200000,1791157800000,0,0,1,0
2026-10-04T23:40:14.845Z,source,20150,1791157200000,1791157320000,1791157214777,43,0,0,1,0,1791157200000,1791157320000,0,0,1,0,1791157200000,1791157800000,0,0,1,0
2026-10-04T23:40:15.645Z,source,20150,1791157200000,1791157320000,1791157215536,44,0,0,1,0,1791157200000,1791157320000,0,0,1,0,1791157200000,1791157800000,0,0,1,0
2026-10-04T23:40:15.748Z,source,20150,1791157200000,1791157320000,1791157215676,45,0,0,1,0,1791157200000,1791157320000,0,0,1,0,1791157200000,1791157800000,0,0,1,0
2026-10-04T23:40:16.295Z,source,20150,1791157200000,1791157320000,1791157216124,46,0,0,1,0,1791157200000,1791157320000,0,0,1,0,1791157200000,1791157800000,0,0,1,0
2026-10-04T23:40:16.345Z,source,20150,1791157200000,1791157320000,1791157216264,47,0,0,1,0,1791157200000,1791157320000,0,0,1,0,1791157200000,1791157800000,0,0,1,0
2026-10-04T23:40:16.648Z,source,20150,1791157200000,1791157320000,1791157216576,48,0,0,1,0,1791157200000,1791157320000,0,0,1,0,1791157200000,1791157800000,0,0,1,0
2026-10-04T23:40:16.846Z,source,20150,1791157200000,1791157320000,1791157216754,49,0,0,1,0,1791157200000,1791157320000,0,0,1,0,1791157200000,1791157800000,0,0,1,0
2026-10-04T23:40:17.546Z,source,20150,1791157200000,1791157320000,1791157217480,50,0,0,1,0,1791157200000,1791157320000,0,0,1,0,1791157200000,1791157800000,0,0,1,0
2026-10-04T23:40:17.745Z,source,20150,1791157200000,1791157320000,1791157217656,51,0,0,1,0,1791157200000,1791157320000,0,0,1,0,1791157200000,1791157800000,0,0,1,0
2026-10-04T23:40:18.045Z,source,20150,1791157200000,1791157320000,1791157217957,53,0,0,1,0,1791157200000,1791157320000,0,0,1,0,1791157200000,1791157800000,0,0,1,0
2026-10-04T23:40:18.645Z,source,20150,1791157200000,1791157320000,1791157218525,54,0,0,1,0,1791157200000,1791157320000,0,0,1,0,1791157200000,1791157800000,0,0,1,0
2026-10-04T23:40:18.744Z,source,20150,1791157200000,1791157320000,1791157218662,55,0,0,1,0,1791157200000,1791157320000,0,0,1,0,1791157200000,1791157800000,0,0,1,0
2026-10-04T23:40:19.143Z,source,20150,1791157200000,1791157320000,1791157219056,57,0,0,1,0,1791157200000,1791157320000,0,0,1,0,1791157200000,1791157800000,0,0,1,0
2026-10-04T23:40:19.644Z,source,20150,1791157200000,1791157320000,1791157219566,58,0,0,1,0,1791157200000,1791157320000,0,0,1,0,1791157200000,1791157800000,0,0,1,0
2026-10-04T23:40:19.844Z,source,20150,1791157200000,1791157320000,1791157219742,59,0,0,1,0,1791157200000,1791157320000,0,0,1,0,1791157200000,1791157800000,0,0,1,0
2026-10-04T23:40:20.545Z,source,20150,1791157200000,1791157320000,1791157220481,60,0,0,1,0,1791157200000,1791157320000,0,0,1,0,1791157200000,1791157800000,0,0,1,0
2026-10-04T23:40:20.745Z,source,20150,1791157200000,1791157320000,1791157220656,61,0,0,1,0,1791157200000,1791157320000,0,0,1,0,1791157200000,1791157800000,0,0,1,0
2026-10-04T23:40:20.846Z,source,20150,1791157200000,1791157320000,1791157220776,62,0,0,1,0,1791157200000,1791157320000,0,0,1,0,1791157200000,1791157800000,0,0,1,0
2026-10-04T23:40:21.646Z,source,20150,1791157200000,1791157320000,1791157221555,63,0,0,1,0,1791157200000,1791157320000,0,0,1,0,1791157200000,1791157800000,0,0,1,0
2026-10-04T23:40:21.745Z,source,20150,1791157200000,1791157320000,1791157221670,64,0,0,1,0,1791157200000,1791157320000,0,0,1,0,1791157200000,1791157800000,0,0,1,0
2026-10-04T23:40:22.345Z,source,20150,1791157200000,1791157320000,1791157222268,65,0,0,1,0,1791157200000,1791157320000,0,0,1,0,1791157200000,1791157800000,0,0,1,0
2026-10-04T23:40:22.594Z,source,20150,1791157200000,1791157320000,1791157222454,66,0,0,1,0,1791157200000,1791157320000,0,0,1,0,1791157200000,1791157800000,0,0,1,0
2026-10-04T23:40:22.645Z,source,20150,1791157200000,1791157320000,1791157222556,67,0,0,1,0,1791157200000,1791157320000,0,0,1,0,1791157200000,1791157800000,0,0,1,0
2026-10-04T23:40:22.845Z,source,20150,1791157200000,1791157320000,1791157222755,68,0,0,1,0,1791157200000,1791157320000,0,0,1,0,1791157200000,1791157800000,0,0,1,0
2026-10-04T23:40:23.445Z,source,20150,1791157200000,1791157320000,1791157223349,69,0,0,1,0,1791157200000,1791157320000,0,0,1,0,1791157200000,1791157800000,0,0,1,0
2026-10-04T23:40:23.545Z,source,20150,1791157200000,1791157320000,1791157223477,70,0,0,1,0,1791157200000,1791157320000,0,0,1,0,1791157200000,1791157800000,0,0,1,0
2026-10-04T23:40:23.693Z,source,20150,1791157200000,1791157320000,1791157223623,71,0,0,1,0,1791157200000,1791157320000,0,0,1,0,1791157200000,1791157800000,0,0,1,0
2026-10-04T23:40:23.844Z,source,20150,1791157200000,1791157320000,1791157223769,72,0,0,1,0,1791157200000,1791157320000,0,0,1,0,1791157200000,1791157800000,0,0,1,0
2026-10-04T23:40:24.448Z,source,20150,1791157200000,1791157320000,1791157224376,73,0,0,1,0,1791157200000,1791157320000,0,0,1,0,1791157200000,1791157800000,0,0,1,0
2026-10-04T23:40:24.695Z,source,20150,1791157200000,1791157320000,1791157224556,74,0,0,1,0,1791157200000,1791157320000,0,0,1,0,1791157200000,1791157800000,0,0,1,0
2026-10-04T23:40:24.745Z,source,20150,1791157200000,1791157320000,1791157224669,75,0,0,1,0,1791157200000,1791157320000,0,0,1,0,1791157200000,1791157800000,0,0,1,0
2026-10-04T23:40:25.544Z,source,20150,1791157200000,1791157320000,1791157225454,76,0,0,1,0,1791157200000,1791157320000,0,0,1,0,1791157200000,1791157800000,0,0,1,0
2026-10-04T23:40:25.745Z,source,20150,1791157200000,1791157320000,1791157225577,77,0,0,1,0,1791157200000,1791157320000,0,0,1,0,1791157200000,1791157800000,0,0,1,0
2026-10-04T23:40:25.845Z,source,20150,1791157200000,1791157320000,1791157225746,78,0,0,1,0,1791157200000,1791157320000,0,0,1,0,1791157200000,1791157800000,0,0,1,0
2026-10-04T23:40:26.146Z,source,20150,1791157200000,1791157320000,1791157226055,79,0,0,1,0,1791157200000,1791157320000,0,0,1,0,1791157200000,1791157800000,0,0,1,0
2026-10-04T23:40:26.246Z,source,20150,1791157200000,1791157320000,1791157226160,80,0,0,1,0,1791157200000,1791157320000,0,0,1,0,1791157200000,1791157800000,0,0,1,0
2026-10-04T23:40:26.545Z,source,20150,1791157200000,1791157320000,1791157226466,81,0,0,1,0,1791157200000,1791157320000,0,0,1,0,1791157200000,1791157800000,0,0,1,0
2026-10-04T23:40:26.745Z,source,20150,1791157200000,1791157320000,1791157226655,82,0,0,1,0,1791157200000,1791157320000,0,0,1,0,1791157200000,1791157800000,0,0,1,0
2026-10-04T23:40:27.445Z,source,20150,1791157200000,1791157320000,1791157227376,83,0,0,1,0,1791157200000,1791157320000,0,0,1,0,1791157200000,1791157800000,0,0,1,0
2026-10-04T23:40:27.694Z,source,20150,1791157200000,1791157320000,1791157227537,84,0,0,1,0,1791157200000,1791157320000,0,0,1,0,1791157200000,1791157800000,0,0,1,0
2026-10-04T23:40:27.743Z,source,20150,1791157200000,1791157320000,1791157227676,85,0,0,1,0,1791157200000,1791157320000,0,0,1,0,1791157200000,1791157800000,0,0,1,0
2026-10-04T23:40:28.246Z,source,20150,1791157200000,1791157320000,1791157228154,86,0,0,1,0,1791157200000,1791157320000,0,0,1,0,1791157200000,1791157800000,0,0,1,0
2026-10-04T23:40:28.348Z,source,20150,1791157200000,1791157320000,1791157228277,87,0,0,1,0,1791157200000,1791157320000,0,0,1,0,1791157200000,1791157800000,0,0,1,0
2026-10-04T23:40:28.745Z,source,20150,1791157200000,1791157320000,1791157228576,88,0,0,1,0,1791157200000,1791157320000,0,0,1,0,1791157200000,1791157800000,0,0,1,0
2026-10-04T23:40:28.845Z,source,20150,1791157200000,1791157320000,1791157228742,89,0,0,1,0,1791157200000,1791157320000,0,0,1,0,1791157200000,1791157800000,0,0,1,0
2026-10-04T23:40:29.444Z,source,20150,1791157200000,1791157320000,1791157229337,90,0,0,1,0,1791157200000,1791157320000,0,0,1,0,1791157200000,1791157800000,0,0,1,0
2026-10-04T23:40:29.545Z,source,20150,1791157200000,1791157320000,1791157229476,91,0,0,1,0,1791157200000,1791157320000,0,0,1,0,1791157200000,1791157800000,0,0,1,0
2026-10-04T23:40:29.795Z,source,20150,1791157200000,1791157320000,1791157229624,92,0,0,1,0,1791157200000,1791157320000,0,0,1,0,1791157200000,1791157800000,0,0,1,0
2026-10-04T23:40:29.845Z,source,20150,1791157200000,1791157320000,1791157229762,93,0,0,1,0,1791157200000,1791157320000,0,0,1,0,1791157200000,1791157800000,0,0,1,0
2026-10-04T23:40:30.145Z,source,20150,1791157200000,1791157320000,1791157230068,94,0,0,1,0,1791157200000,1791157320000,0,0,1,0,1791157200000,1791157800000,0,0,1,0
2026-10-04T23:40:30.344Z,source,20150,1791157200000,1791157320000,1791157230254,95,0,0,1,0,1791157200000,1791157320000,0,0,1,0,1791157200000,1791157800000,0,0,1,0
2026-10-04T23:40:30.644Z,source,20150,1791157200000,1791157320000,1791157230556,96,0,0,1,0,1791157200000,1791157320000,0,0,1,0,1791157200000,1791157800000,0,0,1,0
2026-10-04T23:40:30.845Z,source,20150,1791157200000,1791157320000,1791157230677,97,0,0,1,0,1791157200000,1791157320000,0,0,1,0,1791157200000,1791157800000,0,0,1,0
2026-10-04T23:40:31.544Z,source,20150,1791157200000,1791157320000,1791157231443,98,0,0,1,0,1791157200000,1791157320000,0,0,1,0,1791157200000,1791157800000,0,0,1,0
2026-10-04T23:40:31.895Z,source,20150,1791157200000,1791157320000,1791157231754,99,0,0,1,0,1791157200000,1791157320000,0,0,1,0,1791157200000,1791157800000,0,0,1,0
2026-10-04T23:40:31.994Z,source,20150,1791157200000,1791157320000,1791157231907,100,0,0,1,0,1791157200000,1791157320000,0,0,1,0,1791157200000,1791157800000,0,0,1,0
2026-10-04T23:40:32.595Z,source,20150,1791157200000,1791157320000,1791157232506,101,0,0,1,0,1791157200000,1791157320000,0,0,1,0,1791157200000,1791157800000,0,0,1,0
2026-10-04T23:40:33.045Z,source,20150,1791157200000,1791157320000,1791157232953,102,0,0,1,0,1791157200000,1791157320000,0,0,1,0,1791157200000,1791157800000,0,0,1,0
2026-10-04T23:40:33.145Z,source,20150,1791157200000,1791157320000,1791157233106,103,0,0,1,0,1791157200000,1791157320000,0,0,1,0,1791157200000,1791157800000,0,0,1,0
2026-10-04T23:40:33.295Z,source,20150,1791157200000,1791157320000,1791157233225,104,0,0,1,0,1791157200000,1791157320000,0,0,1,0,1791157200000,1791157800000,0,0,1,0
2026-10-04T23:40:33.595Z,source,20150,1791157200000,1791157320000,1791157233505,105,0,0,1,0,1791157200000,1791157320000,0,0,1,0,1791157200000,1791157800000,0,0,1,0
2026-10-04T23:40:33.795Z,source,20150,1791157200000,1791157320000,1791157233707,106,0,0,1,0,1791157200000,1791157320000,0,0,1,0,1791157200000,1791157800000,0,0,1,0
2026-10-04T23:40:34.495Z,source,20150,1791157200000,1791157320000,1791157234414,107,0,0,1,0,1791157200000,1791157320000,0,0,1,0,1791157200000,1791157800000,0,0,1,0
2026-10-04T23:40:34.645Z,source,20150,1791157200000,1791157320000,1791157234587,108,0,0,1,0,1791157200000,1791157320000,0,0,1,0,1791157200000,1791157800000,0,0,1,0
2026-10-04T23:40:34.845Z,source,20150,1791157200000,1791157320000,1791157234725,109,0,0,1,0,1791157200000,1791157320000,0,0,1,0,1791157200000,1791157800000,0,0,1,0
2026-10-04T23:40:35.246Z,source,20150,1791157200000,1791157320000,1791157235176,110,0,0,1,0,1791157200000,1791157320000,0,0,1,0,1791157200000,1791157800000,0,0,1,0
2026-10-04T23:40:35.444Z,source,20150,1791157200000,1791157320000,1791157235322,111,0,0,1,0,1791157200000,1791157320000,0,0,1,0,1791157200000,1791157800000,0,0,1,0
2026-10-04T23:40:35.697Z,source,20150,1791157200000,1791157320000,1791157235617,112,0,0,1,0,1791157200000,1791157320000,0,0,1,0,1791157200000,1791157800000,0,0,1,0
2026-10-04T23:40:35.895Z,source,20150,1791157200000,1791157320000,1791157235806,113,0,0,1,0,1791157200000,1791157320000,0,0,1,0,1791157200000,1791157800000,0,0,1,0
2026-10-04T23:40:36.595Z,source,20150,1791157200000,1791157320000,1791157236525,114,0,0,1,0,1791157200000,1791157320000,0,0,1,0,1791157200000,1791157800000,0,0,1,0
2026-10-04T23:40:36.744Z,source,20150,1791157200000,1791157320000,1791157236690,115,0,0,1,0,1791157200000,1791157320000,0,0,1,0,1791157200000,1791157800000,0,0,1,0
2026-10-04T23:40:37.343Z,source,20150,1791157200000,1791157320000,1791157237305,116,0,0,1,0,1791157200000,1791157320000,0,0,1,0,1791157200000,1791157800000,0,0,1,0
2026-10-04T23:40:37.495Z,source,20150,1791157200000,1791157320000,1791157237405,117,0,0,1,0,1791157200000,1791157320000,0,0,1,0,1791157200000,1791157800000,0,0,1,0
2026-10-04T23:40:37.693Z,source,20150,1791157200000,1791157320000,1791157237600,118,0,0,1,0,1791157200000,1791157320000,0,0,1,0,1791157200000,1791157800000,0,0,1,0
2026-10-04T23:40:37.794Z,source,20150,1791157200000,1791157320000,1791157237704,119,0,0,1,0,1791157200000,1791157320000,0,0,1,0,1791157200000,1791157800000,0,0,1,0
2026-10-04T23:40:38.544Z,source,20150,1791157200000,1791157320000,1791157238476,120,0,0,1,0,1791157200000,1791157320000,0,0,1,0,1791157200000,1791157800000,0,0,1,0
2026-10-04T23:40:38.746Z,source,20150,1791157200000,1791157320000,1791157238624,121,0,0,1,0,1791157200000,1791157320000,0,0,1,0,1791157200000,1791157800000,0,0,1,0
2026-10-04T23:40:38.895Z,source,20150,1791157200000,1791157320000,1791157238799,122,0,0,1,0,1791157200000,1791157320000,0,0,1,0,1791157200000,1791157800000,0,0,1,0
2026-10-04T23:40:39.294Z,source,20150,1791157200000,1791157320000,1791157239225,123,0,0,1,0,1791157200000,1791157320000,0,0,1,0,1791157200000,1791157800000,0,0,1,0
2026-10-04T23:40:39.494Z,source,20150,1791157200000,1791157320000,1791157239406,124,0,0,1,0,1791157200000,1791157320000,0,0,1,0,1791157200000,1791157800000,0,0,1,0
2026-10-04T23:40:39.596Z,source,20150,1791157200000,1791157320000,1791157239514,125,0,0,1,0,1791157200000,1791157320000,0,0,1,0,1791157200000,1791157800000,0,0,1,0
2026-10-04T23:40:39.747Z,source,20150,1791157200000,1791157320000,1791157239676,126,0,0,1,0,1791157200000,1791157320000,0,0,1,0,1791157200000,1791157800000,0,0,1,0
2026-10-04T23:40:40.695Z,source,20150,1791157200000,1791157320000,1791157240607,127,0,0,1,0,1791157200000,1791157320000,0,0,1,0,1791157200000,1791157800000,0,0,1,0
2026-10-04T23:40:40.795Z,source,20150,1791157200000,1791157320000,1791157240724,128,0,0,1,0,1791157200000,1791157320000,0,0,1,0,1791157200000,1791157800000,0,0,1,0
2026-10-04T23:40:41.346Z,source,20150,1791157200000,1791157320000,1791157241196,129,0,0,1,0,1791157200000,1791157320000,0,0,1,0,1791157200000,1791157800000,0,0,1,0
2026-10-04T23:40:41.396Z,source,20150,1791157200000,1791157320000,1791157241325,130,0,0,1,0,1791157200000,1791157320000,0,0,1,0,1791157200000,1791157800000,0,0,1,0
2026-10-04T23:40:41.745Z,source,20150,1791157200000,1791157320000,1791157241625,131,0,0,1,0,1791157200000,1791157320000,0,0,1,0,1791157200000,1791157800000,0,0,1,0
2026-10-04T23:40:41.896Z,source,20150,1791157200000,1791157320000,1791157241794,132,0,0,1,0,1791157200000,1791157320000,0,0,1,0,1791157200000,1791157800000,0,0,1,0
2026-10-04T23:40:42.495Z,source,20150,1791157200000,1791157320000,1791157242403,134,0,0,1,0,1791157200000,1791157320000,0,0,1,0,1791157200000,1791157800000,0,0,1,0
