time,open,high,low,close,REGULAR,CHART
1609770600,3758.5,3760,3736.5,3740.5,,3740.5
1609772400,3740.5,3742.75,3726.25,3730,,3730
1609774200,3729.75,3731.25,3702.75,3705,,3705
1609776000,3705,3709.5,3681.25,3694.75,,3694.75
1609777800,3694.5,3694.75,3671.25,3674,,3674
1609779600,3674,3677,3652.5,3669,,3669
1609781400,3668.75,3669,3654.5,3667,,3667
1609783200,3667,3687,3664.75,3683.75,,3683.75
1609785000,3683.75,3690.75,3678.25,3690,,3690
1609786800,3690,3690.5,3676.5,3682.25,,3682.25
1609788600,3682.25,3685.5,3670.25,3684,,3684
1609790400,3684,3686,3674.75,3680.5,,3680.5
1609792200,3680.25,3699.25,3676.5,3693.5,,3693.5
1609794000,3693.75,3698.5,3688.25,3691.25,,3691.25
1609857000,3685.5,3712.5,3685.25,3706.25,,3706.25
1609858800,3706.25,3714,3697,3702,,3702
1609860600,3702,3703.75,3688.5,3692.25,,3692.25
1609862400,3692.5,3700.5,3687,3700,,3700
1609864200,3700,3705.25,3699,3701.75,,3701.75
1609866000,3701.75,3709.75,3700.5,3703.25,,3703.25
1609867800,3703.25,3709.5,3702.75,3709.25,,3709.25
1609869600,3709.25,3710.75,3707.75,3708.5,,3708.5
1609871400,3708.5,3713.5,3708,3713.25,,3713.25
1609873200,3713.5,3727.5,3713.25,3726.5,,3726.5
1609875000,3726.5,3730,3718.25,3719,,3719
1609876800,3719.25,3725.75,3715,3715.5,,3715.5
1609878600,3715.5,3725,3713.25,3717.5,,3717.5
1609880400,3717.5,3719.75,3714.5,3715.75,,3715.75
1609943400,3702,3728.5,3695.75,3726.75,,3726.75
1609945200,3726.75,3744.5,3723.75,3742.5,,3742.5
1609947000,3742.5,3762.5,3742.25,3755.75,,3755.75
1609948800,3755.75,3766.25,3755,3763.75,,3763.75
1609950600,3763.75,3765.5,3755.5,3758.75,,3758.75
1609952400,3759,3765.25,3758.5,3762.25,,3762.25
1609954200,3762.25,3770.5,3762.25,3769.25,,3769.25
1609956000,3769.25,3774.75,3765.5,3766.25,,3766.25
1609957800,3766.25,3774.75,3766,3770,,3770
1609959600,3770,3774,3747.75,3751.5,,3751.5
1609961400,3751.25,3762,3735,3749.75,,3749.75
1609963200,3749.5,3757,3733.5,3747.25,,3747.25
1609965000,3747.25,3751.75,3733.5,3740.5,,3740.5
1609966800,3740.5,3747,3730,3745.25,,3745.25
1610029800,3765.75,3784,3763.75,3783.25,,3783.25
1610031600,3783.25,3797.25,3781.75,3794.5,,3794.5
1610033400,3794.75,3800,3792.5,3799.25,,3799.25
1610035200,3799.25,3803.25,3792.25,3793.75,,3793.75
1610037000,3794,3798,3791,3792.5,,3792.5
1610038800,3792.75,3794.25,3787.5,3788.5,,3788.5
1610040600,3788.5,3794.5,3788.5,3793.75,,3793.75
1610042400,3794,3796.5,3789,3789.25,,3789.25
1610044200,3789.5,3795.25,3789.5,3794.25,,3794.25
1610046000,3794.5,3796.75,3791,3791.75,,3791.75
1610047800,3791.75,3797.5,3791.75,3797.5,,3797.5
1610049600,3797.5,3800.75,3792.75,3799.25,,3799.25
1610051400,3799.25,3804,3794,3795.25,,3795.25
1610053200,3795.25,3798,3792,3797.25,,3797.25
1610116200,3810.25,3816.5,3804.75,3809.5,,3809.5
1610118000,3809.75,3814.75,3793,3793.75,,3793.75
1610119800,3793.75,3812,3793.5,3810,,3810
1610121600,3810,3813,3800.25,3804.25,,3804.25
1610123400,3804.5,3807,3800.25,3807,,3807
1610125200,3807,3811.25,3800.5,3808.5,,3808.5
1610127000,3808.25,3809.5,3800.25,3802.25,,3802.25
1610128800,3802.25,3803.75,3782.25,3791,,3791
1610130600,3791,3791.75,3775,3786.75,,3786.75
1610132400,3786.75,3799.5,3785.75,3799.5,,3799.5
1610134200,3799.5,3805,3792.5,3804.25,,3804.25
1610136000,3804.25,3811.25,3803.75,3809.25,,3809.25
1610137800,3809.25,3819.25,3806.75,3817,,3817
1610139600,3817.25,3823.25,3816.75,3823,,3823
1610375400,3782.75,3796.75,3781,3794.75,,3794.75
1610377200,3794.75,3802.75,3792.75,3800.75,,3800.75
1610379000,3801,3803.25,3793.75,3799.5,,3799.5
1610380800,3799.75,3804,3790,3803,,3803
1610382600,3803,3803.75,3800,3802.5,,3802.5
1610384400,3802.5,3805.25,3801.25,3803.25,,3803.25
1610386200,3803.25,3810.5,3803,3807,,3807
1610388000,3807,3809.25,3800.75,3801.75,,3801.75
1610389800,3802,3802.75,3792.25,3796.5,,3796.5
1610391600,3796.75,3797,3787.5,3791,,3791
1610393400,3790.75,3800.25,3788.5,3799.5,,3799.5
1610395200,3799.75,3801,3786.5,3787,,3787
1610397000,3787,3797.5,3785.5,3792.25,,3792.25
1610398800,3792.25,3798.5,3789.25,3795.25,,3795.25
1610461800,3793,3797,3781.5,3792.5,,3792.5
1610463600,3792.25,3801.75,3787,3797.25,,3797.25
1610465400,3797.5,3799.5,3792.75,3795.75,,3795.75
1610467200,3796,3803.25,3792.25,3794.25,,3794.25
1610469000,3794,3794.75,3782.75,3787.25,,3787.25
1610470800,3787.25,3787.75,3768,3779.25,,3779.25
1610472600,3779.5,3785.25,3774.25,3784.5,,3784.5
1610474400,3784.25,3790.25,3782,3789.5,,3789.5
1610476200,3789.5,3796,3788,3793.25,,3793.25
1610478000,3793.25,3799,3792,3792.5,,3792.5
1610479800,3792.75,3797.5,3785.75,3791.75,,3791.75
1610481600,3792,3796.75,3790.25,3792.5,,3792.5
1610483400,3792.5,3799.5,3790.5,3792.75,,3792.75
1610485200,3792.5,3793.75,3790.5,3793.25,,3793.25
1610548200,3791.25,3797.5,3790,3792.75,,3792.75
1610550000,3792.75,3797.75,3782.75,3797,,3797
1610551800,3797,3802.25,3795.75,3802,,3802
1610553600,3801.75,3803.75,3796.5,3800.75,,3800.75
1610555400,3800.75,3803.25,3798.5,3800.25,,3800.25
1610557200,3800.25,3801.5,3795.5,3801,,3801
1610559000,3801,3808,3797.75,3806,,3806
1610560800,3806,3808.25,3804,3807,,3807
1610562600,3806.75,3808.5,3805.25,3807.5,,3807.5
1610564400,3807.5,3813.5,3803.25,3812.25,,3812.25
1610566200,3812.5,3813.25,3805.75,3808.5,,3808.5
1610568000,3808.5,3810.25,3801.5,3802.25,,3802.25
1610569800,3802,3808.5,3800.75,3802.5,,3802.5
1610571600,3802.5,3807.5,3801.75,3805.75,,3805.75
1610634600,3810.25,3813.75,3806.75,3812.75,,3812.75
1610636400,3812.5,3816,3809.25,3814,,3814
1610638200,3814,3815.5,3808.25,3812.25,,3812.25
1610640000,3812.25,3813.5,3808.5,3810.5,,3810.5
1610641800,3810.5,3811,3806.75,3808.75,,3808.75
1610643600,3808.75,3810.25,3805.75,3809,,3809
1610645400,3809,3812.75,3803,3811.5,,3811.5
1610647200,3811.5,3812.25,3805.75,3807.75,,3807.75
1610649000,3807.75,3811.25,3806.5,3807.25,,3807.25
1610650800,3807.25,3810.25,3804.75,3806.75,,3806.75
1610652600,3806.75,3807.75,3801.5,3804,,3804
1610654400,3804,3805.75,3790.75,3797,,3797
1610656200,3797,3800.5,3786.25,3790.25,,3790.25
1610658000,3790.25,3794,3788.25,3792.25,,3792.25
1610721000,3771.5,3780.5,3770.75,3775.75,,3775.75
1610722800,3775.5,3778,3741.5,3750,,3750
1610724600,3750,3761.75,3745.5,3757.5,,3757.5
1610726400,3757.5,3769.5,3747.5,3768.25,,3768.25
1610728200,3768.5,3774,3763.75,3766.5,,3766.5
1610730000,3766.5,3769.75,3761.5,3766.75,,3766.75
1610731800,3766.75,3773,3765.75,3771.25,,3771.25
1610733600,3771.25,3777.75,3766.5,3774.5,,3774.5
1610735400,3774.25,3776.5,3770,3772.25,,3772.25
1610737200,3772.5,3775.75,3768,3770.5,,3770.5
1610739000,3770.75,3776.75,3769,3769.75,,3769.75
1610740800,3769.75,3777.25,3764.75,3770,,3770
1610742600,3770,3771.5,3758.75,3761.75,,3761.75
1610744400,3761.75,3762,3748.5,3750.5,,3750.5
1611066600,3788.25,3792.5,3775.25,3782,,3782
1611068400,3782,3783.5,3775,3780.5,,3780.5
1611070200,3780.5,3786.25,3778,3781.75,,3781.75
1611072000,3782,3784.5,3772.25,3778.5,,3778.5
1611073800,3778.25,3784.25,3774.75,3781.25,,3781.25
1611075600,3781.25,3786,3780.25,3783.75,,3783.75
1611077400,3783.75,3792.75,3783.5,3791.75,,3791.75
1611079200,3792,3795.25,3791.25,3792,,3792
1611081000,3792,3797,3791.5,3795.75,,3795.75
1611082800,3796,3796.25,3793,3793.75,,3793.75
1611084600,3794,3795,3790,3793,,3793
1611086400,3792.75,3795.5,3792,3793,,3793
1611088200,3793.25,3796,3790,3790.25,,3790.25
1611090000,3790.5,3791.25,3788,3789,,3789
1611153000,3815.5,3820.5,3811.25,3817.75,,3817.75
1611154800,3818,3833.5,3817.75,3828.25,,3828.25
1611156600,3828.5,3835.5,3827.75,3832.25,,3832.25
1611158400,3832.25,3833.5,3826.25,3830.75,,3830.75
1611160200,3830.5,3835.5,3829.5,3834,,3834
1611162000,3834,3838.75,3834,3838.25,,3838.25
1611163800,3838.25,3842.25,3838.25,3841.25,,3841.25
1611165600,3841.25,3846.5,3841.25,3844.5,,3844.5
1611167400,3844.75,3847.25,3840.5,3843,,3843
1611169200,3843.25,3844.5,3838.5,3844.5,,3844.5
1611171000,3844.25,3849,3843.25,3846,,3846
1611172800,3846.25,3848.5,3842.75,3847.5,,3847.5
1611174600,3847.5,3852.5,3842.5,3842.75,,3842.75
1611176400,3842.75,3845.75,3840,3844.5,,3844.5
1611239400,3849.25,3849.5,3836.5,3842.5,,3842.5
1611241200,3842.5,3852.5,3839.75,3851.75,,3851.75
1611243000,3852,3853.25,3850.5,3852,,3852
1611244800,3852,3853.75,3846.75,3848.25,,3848.25
1611246600,3848.25,3848.75,3840.75,3845.5,,3845.5
1611248400,3845.25,3846,3837.25,3840.75,,3840.75
1611250200,3840.75,3843.5,3838.75,3843.5,,3843.5
1611252000,3843.5,3846.25,3842.25,3845,,3845
1611253800,3845.25,3847.75,3844.5,3845.75,,3845.75
1611255600,3846,3851.25,3845.25,3850.75,,3850.75
1611257400,3850.75,3852.75,3850.25,3852.25,,3852.25
1611259200,3852.5,3853.5,3849,3850.75,,3850.75
1611261000,3850.75,3853.75,3844.75,3846.25,,3846.25
1611262800,3846.5,3847.25,3845,3845.25,,3845.25
1611325800,3826.25,3834.75,3825.25,3833.25,,3833.25
1611327600,3833,3837.25,3823.5,3826.25,,3826.25
1611329400,3826,3831.75,3822.25,3831.5,,3831.5
1611331200,3831.25,3834.75,3830,3831.25,,3831.25
1611333000,3831.25,3841.25,3830,3840.25,,3840.25
1611334800,3840.25,3842.5,3836.75,3841,,3841
1611336600,3841,3841.5,3838,3839,,3839
1611338400,3839,3840,3833.5,3838.25,,3838.25
1611340200,3838.5,3841.5,3836.25,3836.5,,3836.5
1611342000,3836.25,3839.5,3834.25,3837,,3837
1611343800,3837,3841.75,3836.5,3841.5,,3841.5
1611345600,3841.5,3843.75,3835.75,3843.25,,3843.25
1611347400,3843.25,3845,3831.75,3832.75,,3832.75
1611349200,3832.75,3835.5,3830.5,3833.5,,3833.5
1611585000,3841,3847.75,3837,3841.5,,3841.5
1611586800,3841.5,3852,3841,3849,,3849
1611588600,3849,3850.75,3815,3816.5,,3816.5
1611590400,3816.75,3823,3788.5,3809.5,,3809.5
1611592200,3809.5,3827.75,3806.5,3827.5,,3827.5
1611594000,3827.5,3831.25,3813.5,3817,,3817
1611595800,3817,3836,3813.75,3834.5,,3834.5
1611597600,3834.25,3843,3828.75,3840.75,,3840.75
1611599400,3841,3843,3833.5,3838.5,,3838.5
1611601200,3838.75,3840.5,3832.5,3838.25,,3838.25
1611603000,3838.5,3841.5,3837.25,3837.75,,3837.75
1611604800,3837.75,3839.25,3828.5,3834.75,,3834.75
1611606600,3834.5,3849.25,3832.75,3848.5,,3848.5
1611608400,3848.25,3851.5,3847,3848,,3848
1611671400,3858.25,3862.25,3848,3851.75,,3851.75
1611673200,3851.5,3857.25,3842.25,3851.5,,3851.5
1611675000,3851.5,3854.5,3846.25,3848.5,,3848.5
1611676800,3848.5,3853.75,3843,3847.5,,3847.5
1611678600,3847.5,3848.25,3840,3840.5,,3840.5
1611680400,3840.5,3847,3840.25,3846,,3846
1611682200,3845.75,3847,3840.5,3844.25,,3844.25
1611684000,3844.25,3849.5,3843.25,3848.5,,3848.5
1611685800,3848.5,3852.5,3847.75,3849.5,,3849.5
1611687600,3849.75,3853.25,3845.25,3849,,3849
1611689400,3849,3851.25,3845.75,3850.75,,3850.75
1611691200,3850.5,3853.75,3847.75,3853.25,,3853.25
1611693000,3853.25,3854,3840,3842.5,,3842.5
1611694800,3842.5,3854,3841,3851,,3851
1611757800,3806,3806.75,3759.5,3779.25,,3779.25
1611759600,3779.25,3800.5,3775.75,3796,,3796
1611761400,3796,3803.25,3786.5,3801.5,,3801.5
1611763200,3801.5,3801.75,3783,3785.5,,3785.5
1611765000,3785.75,3787.25,3765,3766.5,,3766.5
1611766800,3766.5,3784.5,3762.75,3781.5,,3781.5
1611768600,3781.5,3791.25,3772.75,3790.25,,3790.25
1611770400,3790,3792.75,3780.25,3788.5,,3788.5
1611772200,3788.5,3789.75,3773.75,3777.5,,3777.5
1611774000,3777.5,3785.5,3762.25,3763.5,,3763.5
1611775800,3763.25,3765,3739.25,3744,,3744
1611777600,3744,3755,3734.25,3738.5,,3738.5
1611779400,3738.25,3749.5,3723.25,3749,,3749
1611781200,3749.25,3756.75,3706.5,3716,,3716
1611844200,3767.25,3792.75,3762.5,3779.5,,3779.5
1611846000,3779.75,3806.25,3776.5,3793,,3793
1611847800,3793,3804.75,3787.75,3802,,3802
1611849600,3802,3814,3802,3803.5,,3803.5
1611851400,3803.5,3812,3799.5,3810,,3810
1611853200,3810.25,3818.75,3810.25,3818,,3818
1611855000,3818.25,3822.5,3816.25,3819,,3819
1611856800,3819,3823,3813,3816.25,,3816.25
1611858600,3816.5,3823.5,3815.75,3820.5,,3820.5
1611860400,3820.5,3821.75,3808.25,3812.25,,3812.25
1611862200,3812.5,3813.75,3803.5,3810.5,,3810.5
1611864000,3810.5,3810.5,3797,3797,,3797
1611865800,3797.25,3802,3776.25,3779.75,,3779.75
1611867600,3779.75,3787.75,3773.25,3781,,3781
1611930600,3760,3761.75,3734.5,3755,,3755
1611932400,3755.25,3769.75,3748.5,3766.25,,3766.25
1611934200,3766,3770.25,3747.5,3759,,3759
1611936000,3759,3762.25,3729.5,3730.25,,3730.25
1611937800,3730.25,3733.75,3720.5,3733.25,,3733.25
1611939600,3733,3735.25,3708.25,3711.5,,3711.5
1611941400,3711.25,3715.25,3688.25,3695.25,,3695.25
1611943200,3695.25,3711.75,3685.5,3711.75,,3711.75
1611945000,3711.5,3714.75,3698.25,3701,,3701
1611946800,3701,3720,3699.5,3713,,3713
1611948600,3713,3715,3700,3710.75,,3710.75
1611950400,3711.25,3734,3710.75,3724.25,,3724.25
1611952200,3724.25,3735,3702.25,3705,,3705
1611954000,3704.75,3718,3695.5,3701,,3701
1612189800,3740.75,3747.25,3717.25,3729,,3729
1612191600,3728.75,3738,3720,3732.5,,3732.5
1612193400,3732.5,3743,3727.25,3731.25,,3731.25
1612195200,3731.5,3751,3725.5,3749.25,,3749.25
1612197000,3749.5,3761.5,3748.5,3754.5,,3754.5
1612198800,3754.75,3765.5,3754.75,3764.75,,3764.75
1612200600,3764.75,3768.25,3759.75,3768,,3768
1612202400,3768,3769.25,3764.5,3767.25,,3767.25
1612204200,3767.25,3770.5,3761.5,3767.75,,3767.75
1612206000,3767.75,3773.5,3763.75,3773,,3773
1612207800,3773,3777,3770.5,3772,,3772
1612209600,3772.25,3776.5,3766.5,3769.5,,3769.5
1612211400,3769.25,3774.75,3763.25,3764.75,,3764.75
1612213200,3764.75,3766,3756.75,3757,,3757
1612276200,3799.25,3815.5,3799,3812,,3812
1612278000,3812.25,3829,3812,3818.25,,3818.25
1612279800,3818.5,3825.5,3817.5,3824,,3824
1612281600,3824,3833,3822.75,3829.25,,3829.25
1612283400,3829,3834.5,3827,3833.75,,3833.75
1612285200,3833.75,3835.75,3828.5,3829.25,,3829.25
1612287000,3829.25,3833.5,3828.5,3833.5,,3833.5
1612288800,3833.5,3834.25,3825.75,3828,,3828
1612290600,3828,3832.75,3827.75,3830,,3830
1612292400,3829.75,3832.5,3828.25,3829.25,,3829.25
1612294200,3829.5,3835,3829,3834.5,,3834.5
1612296000,3834.5,3834.75,3827.5,3831.25,,3831.25
1612297800,3831.25,3831.5,3816.75,3818.5,,3818.5
1612299600,3818.5,3828,3813.75,3826,,3826
1612362600,3827.25,3832.5,3821,3832,,3832
1612364400,3832.25,3833.75,3810.25,3810.75,,3810.75
1612366200,3810.75,3823.25,3807.75,3819.5,,3819.5
1612368000,3819.5,3824.5,3817,3822.25,,3822.25
1612369800,3822.5,3830.75,3818.75,3829.75,,3829.75
1612371600,3830,3830.25,3826.75,3828.25,,3828.25
1612373400,3828.25,3833.25,3825,3832,,3832
1612375200,3832,3833.25,3829.5,3832.25,,3832.25
1612377000,3832.25,3837,3831,3836.25,,3836.25
1612378800,3836.25,3839.5,3835.5,3838,,3838
1612380600,3838.25,3840,3833.25,3833.25,,3833.25
1612382400,3833.5,3835.25,3827,3828.5,,3828.5
1612384200,3828.25,3832,3821.5,3822,,3822
1612386000,3821.75,3832.5,3821,3831.75,,3831.75
1612449000,3832.25,3842.25,3830.5,3842.25,,3842.25
1612450800,3842,3847.25,3838.5,3840.75,,3840.75
1612452600,3840.75,3847,3839,3845.5,,3845.5
1612454400,3845.5,3850.75,3844.5,3848,,3848
1612456200,3848.25,3850.75,3846,3848.75,,3848.75
1612458000,3849,3852.25,3848.5,3850.5,,3850.5
1612459800,3850.5,3853.5,3849.25,3850.75,,3850.75
1612461600,3850.75,3855.5,3850,3854.5,,3854.5
1612463400,3854.5,3856.75,3854.25,3855.25,,3855.25
1612465200,3855,3857.5,3854,3855.25,,3855.25
1612467000,3855.25,3857.75,3854.5,3856.5,,3856.5
1612468800,3856.5,3856.75,3852.75,3854.5,,3854.5
1612470600,3854.5,3865.75,3853,3865.25,,3865.25
1612472400,3865.25,3868.5,3863.25,3867.75,,3867.75
1612535400,3885.5,3886.25,3874,3875,,3875
1612537200,3875,3878,3868.5,3875,,3875
1612539000,3875.25,3883.25,3874.75,3880.5,,3880.5
1612540800,3880.75,3882.25,3874.5,3877,,3877
1612542600,3877,3881.5,3876.25,3876.75,,3876.75
1612544400,3876.75,3882.5,3875.25,3882.25,,3882.25
1612546200,3882,3888.25,3881,3888,,3888
1612548000,3887.75,3888.25,3883.5,3884.25,,3884.25
1612549800,3884,3884.75,3879,3879.5,,3879.5
1612551600,3879.5,3882.75,3877.5,3882,,3882
1612553400,3882,3883.75,3876.75,3878.5,,3878.5
1612555200,3878.75,3880.75,3875.25,3875.75,,3875.75
1612557000,3875.75,3881.75,3875.25,3880.25,,3880.25
1612558800,3880,3884.75,3879.25,3884.25,,3884.25
1612794600,3896,3902,3894.5,3900,,3900
1612796400,3899.75,3902.25,3895.5,3899,,3899
1612798200,3899,3903,3896.75,3899,,3899
1612800000,3898.75,3900,3892.5,3894.75,,3894.75
1612801800,3894.75,3895.25,3887,3892.25,,3892.25
1612803600,3892.5,3897.25,3892.5,3896.25,,3896.25
1612805400,3896.25,3896.5,3892.5,3893.75,,3893.75
1612807200,3893.75,3895.25,3891.5,3893.75,,3893.75
1612809000,3893.75,3896.5,3889.25,3891.25,,3891.25
1612810800,3891.25,3895,3891,3893.5,,3893.5
1612812600,3893.25,3896.75,3891.25,3896.5,,3896.5
1612814400,3896.75,3899,3895.75,3898.75,,3898.75
1612816200,3898.75,3909.25,3897.5,3909,,3909
1612818000,3909.25,3909.75,3907.5,3909,,3909
1612881000,3899.75,3906.25,3895,3904.5,,3904.5
1612882800,3904.5,3907.5,3901.5,3905.5,,3905.5
1612884600,3905.5,3908,3903,3903.75,,3903.75
1612886400,3903.5,3903.75,3897.25,3900.25,,3900.25
1612888200,3900.5,3906.25,3899,3904,,3904
1612890000,3904,3909.5,3903.25,3908.25,,3908.25
1612891800,3908.25,3911.5,3908.25,3910.25,,3910.25
1612893600,3910.25,3910.75,3905.25,3905.5,,3905.5
1612895400,3905.5,3907.75,3905,3907,,3907
1612897200,3906.75,3910.5,3906.75,3909.5,,3909.5
1612899000,3909.75,3912.25,3909.75,3911,,3911
1612900800,3911.25,3911.75,3908,3908.25,,3908.25
1612902600,3908,3912.25,3902.25,3906,,3906
1612904400,3906.25,3910.25,3905.5,3909.5,,3909.5
1612967400,3924.5,3926,3917.25,3918.75,,3918.75
1612969200,3918.75,3922.75,3890.25,3897.25,,3897.25
1612971000,3897.5,3901,3878.5,3900.25,,3900.25
1612972800,3900.5,3904.75,3892,3896.5,,3896.5
1612974600,3896.5,3904,3892,3898.5,,3898.5
1612976400,3898.25,3899,3890,3896.75,,3896.75
1612978200,3896.5,3901.5,3893.25,3898.75,,3898.75
1612980000,3898.75,3902.75,3897.25,3902,,3902
1612981800,3902.25,3904.5,3897.5,3900.25,,3900.25
1612983600,3900,3907.5,3897.75,3907.5,,3907.5
1612985400,3907.5,3912.25,3905.25,3911.5,,3911.5
1612987200,3911.75,3914.5,3905.5,3908,,3908
1612989000,3908,3909.75,3897.5,3904.5,,3904.5
1612990800,3904.75,3909.75,3903,3908.75,,3908.75
1613053800,3916,3920.5,3907,3908,,3908
1613055600,3907.75,3915.5,3906.5,3913.75,,3913.75
1613057400,3913.5,3917,3907.25,3909.75,,3909.75
1613059200,3909.5,3911.5,3904.75,3909.75,,3909.75
1613061000,3909.75,3913,3906.5,3908.5,,3908.5
1613062800,3908.5,3910.5,3890,3890.5,,3890.5
1613064600,3890.5,3897.75,3884.5,3896.75,,3896.75
1613066400,3896.5,3902.5,3891.25,3900.5,,3900.5
1613068200,3900.25,3903.5,3898,3898.5,,3898.5
1613070000,3898.5,3898.5,3891.25,3896.75,,3896.75
1613071800,3896.75,3902,3893.5,3901.25,,3901.25
1613073600,3901.25,3908.25,3899.75,3905,,3905
1613075400,3905,3913.75,3902.25,3911.25,,3911.25
1613077200,3911.25,3912,3906,3909,,3909
1613140200,3901.75,3910,3901,3907,,3907
1613142000,3906.75,3911,3906,3908.5,,3908.5
1613143800,3908.5,3918.5,3903.75,3916.25,,3916.25
1613145600,3916,3918,3913.75,3916.75,,3916.75
1613147400,3916.5,3919.75,3915.5,3917,,3917
1613149200,3917.25,3919.75,3915.5,3915.75,,3915.75
1613151000,3915.75,3916.25,3912.75,3915,,3915
1613152800,3915,3916,3908.25,3913,,3913
1613154600,3912.75,3915.75,3909.75,3911.75,,3911.75
1613156400,3911.75,3912.75,3908.75,3912.5,,3912.5
1613158200,3912.75,3915.25,3909.75,3914.5,,3914.5
1613160000,3914.75,3917.75,3913.75,3917.25,,3917.25
1613161800,3917.5,3932.75,3917,3930.75,,3930.75
1613163600,3930.5,3935,3929.75,3934.5,,3934.5
1613485800,3943,3945,3935.75,3940.25,,3940.25
1613487600,3940.5,3944,3931.5,3944,,3944
1613489400,3944,3945,3927.25,3935.75,,3935.75
1613491200,3935.75,3937.25,3927.5,3929.25,,3929.25
1613493000,3929.25,3933,3922.75,3924.25,,3924.25
1613494800,3924,3932.25,3918.75,3931.5,,3931.5
1613496600,3931.75,3933,3928,3932,,3932
1613498400,3932.25,3934.25,3930.25,3932.75,,3932.75
1613500200,3932.5,3935.75,3928.25,3928.75,,3928.75
1613502000,3928.5,3935.75,3928.5,3935.5,,3935.5
1613503800,3935.25,3936.75,3928,3931.75,,3931.75
1613505600,3931.75,3933.5,3927,3930.5,,3930.5
1613507400,3930.25,3932.75,3923.5,3927.25,,3927.25
1613509200,3927.25,3930,3924.5,3925.5,,3925.5
1613572200,3907.5,3920.75,3896.5,3914.25,,3914.25
1613574000,3914.25,3920.75,3905.5,3908.25,,3908.25
1613575800,3908.25,3917.25,3903.75,3915.25,,3915.25
1613577600,3915,3916,3899.25,3904.5,,3904.5
1613579400,3904.5,3910.25,3898,3909,,3909
1613581200,3908.75,3912.5,3907,3912.5,,3912.5
1613583000,3912.5,3916.75,3911.25,3913.75,,3913.75
1613584800,3913.75,3919.5,3913,3918.5,,3918.5
1613586600,3918.75,3919,3915,3916,,3916
1613588400,3916.25,3925,3916,3917.25,,3917.25
1613590200,3917.25,3923.25,3916,3921.75,,3921.75
1613592000,3921.75,3927.5,3921,3925,,3925
1613593800,3925.25,3930,3923.75,3928,,3928
1613595600,3928,3928.25,3925.5,3926,,3926
1613658600,3898.75,3906.25,3892.25,3901.25,,3901.25
1613660400,3901.25,3901.75,3882,3888.25,,3888.25
1613662200,3888,3897.75,3880.5,3893,,3893
1613664000,3892.75,3901.5,3890,3894.75,,3894.75
1613665800,3894.75,3897,3890,3892.5,,3892.5
1613667600,3892.5,3895.5,3885,3895.5,,3895.5
1613669400,3895.5,3897.5,3892,3894.75,,3894.75
1613671200,3894.75,3907.75,3891.25,3905.75,,3905.75
1613673000,3905.75,3908.5,3904.5,3905.5,,3905.5
1613674800,3905.75,3912.75,3905.25,3910.5,,3910.5
1613676600,3910.5,3914.5,3907.75,3913.5,,3913.5
1613678400,3913.5,3917.5,3911.75,3915,,3915
1613680200,3914.75,3918.5,3907.25,3911,,3911
1613682000,3911.25,3914,3909.75,3910,,3910
1613745000,3923.75,3926.25,3913.75,3923.5,,3923.5
1613746800,3923.25,3925,3916,3919.25,,3919.25
1613748600,3919.5,3924.75,3917.5,3923.25,,3923.25
1613750400,3923.25,3926.75,3921.75,3926.25,,3926.25
1613752200,3926,3927.25,3920.25,3921,,3921
1613754000,3921,3921.5,3911,3913,,3913
1613755800,3912.75,3914.25,3904,3909,,3909
1613757600,3909.25,3910.5,3901.75,3907,,3907
1613759400,3907,3911.75,3903,3911.25,,3911.25
1613761200,3911.5,3913.75,3900,3901,,3901
1613763000,3901,3907.75,3900.5,3907,,3907
1613764800,3907,3911.75,3904.75,3909.75,,3909.75
1613766600,3909.75,3912.75,3898.75,3903.5,,3903.5
1613768400,3903.75,3904.25,3896.75,3898.5,,3898.5
1614004200,3873.25,3885.75,3870,3883,,3883
1614006000,3883.25,3888.75,3875,3878.5,,3878.5
1614007800,3878.5,3884,3872.5,3875.5,,3875.5
1614009600,3875.5,3884.25,3872,3882.25,,3882.25
1614011400,3882.25,3885.75,3879.5,3883.5,,3883.5
1614013200,3883.75,3885,3878.5,3883.5,,3883.5
1614015000,3883.5,3891.75,3881.5,3890.75,,3890.75
1614016800,3890.75,3895.5,3888.25,3895.5,,3895.5
1614018600,3895.25,3899.25,3895,3897,,3897
1614020400,3897,3898,3892.75,3895.75,,3895.75
1614022200,3895.5,3896.75,3890.5,3892.25,,3892.25
1614024000,3892.25,3892.5,3879.5,3880,,3880
1614025800,3880,3884,3872,3874.5,,3874.5
1614027600,3874.75,3878.75,3873.25,3875.25,,3875.25
1614090600,3849.25,3850.25,3804.75,3825,,3825
1614092400,3825,3846.5,3817.25,3846.25,,3846.25
1614094200,3846.25,3859.75,3838.5,3855.25,,3855.25
1614096000,3855.25,3864.25,3845.25,3850.25,,3850.25
1614097800,3850.25,3856.75,3840.75,3842.75,,3842.75
1614099600,3842.5,3846,3831,3844.75,,3844.75
1614101400,3844.5,3849.25,3828.5,3830.75,,3830.75
1614103200,3830.75,3854.75,3827.75,3853.75,,3853.75
1614105000,3853.75,3857.75,3847,3854.25,,3854.25
1614106800,3854.5,3863.25,3852,3861.5,,3861.5
1614108600,3861.5,3870,3850.25,3870,,3870
1614110400,3869.75,3892.25,3868.5,3891.25,,3891.25
1614112200,3891.5,3892.25,3876,3878,,3878
1614114000,3878,3882.25,3874.25,3875.25,,3875.25
1614177000,3866,3874.5,3856.75,3866.75,,3866.75
1614178800,3866.75,3880,3855.5,3877.25,,3877.25
1614180600,3877.25,3889.25,3873,3886.5,,3886.5
1614182400,3886.5,3902,3885.5,3897,,3897
1614184200,3897,3903.75,3896.25,3902.5,,3902.5
1614186000,3902.5,3912,3902.25,3912,,3912
1614187800,3912,3915.5,3907.75,3908.25,,3908.25
1614189600,3908.25,3918,3905,3917.25,,3917.25
1614191400,3917.25,3924.5,3916.5,3923.25,,3923.25
1614193200,3923.25,3924.75,3914.5,3918.5,,3918.5
1614195000,3918.5,3921.5,3913,3914.5,,3914.5
1614196800,3914.5,3922.25,3913.5,3922,,3922
1614198600,3922,3925.75,3917.5,3920.5,,3920.5
1614200400,3920.75,3927.5,3920,3926.5,,3926.5
1614263400,3907.25,3921.75,3906.75,3913,,3913
1614265200,3913,3913.25,3895.25,3900,,3900
1614267000,3900,3900.25,3878.75,3893,,3893
1614268800,3893,3899.5,3885.5,3887.75,,3887.75
1614270600,3888,3888.5,3863.5,3866.25,,3866.25
1614272400,3866.25,3871.75,3855.5,3857,,3857
1614274200,3856.75,3858.75,3829.75,3832,,3832
1614276000,3832,3852.75,3820.25,3848.25,,3848.25
1614277800,3848,3852.5,3836.25,3843.75,,3843.75
1614279600,3843.75,3869.25,3839.75,3867.5,,3867.5
1614281400,3867.25,3867.25,3843,3844,,3844
1614283200,3843.75,3849.25,3822.25,3825.25,,3825.25
1614285000,3825,3842.25,3810.25,3826.5,,3826.5
1614286800,3826.5,3840.75,3825.25,3831.5,,3831.5
1614349800,3846.5,3851.75,3822.25,3823.5,,3823.5
1614351600,3823.25,3826.75,3785,3787.75,,3787.75
1614353400,3787.5,3832.25,3787.5,3826.25,,3826.25
1614355200,3826.5,3840,3816.5,3821.25,,3821.25
1614357000,3821.25,3845,3819.75,3837.75,,3837.75
1614358800,3837.75,3858.5,3831.75,3849.5,,3849.5
1614360600,3849.5,3854.75,3836.75,3838.25,,3838.25
1614362400,3838.25,3849.5,3829.25,3847.5,,3847.5
1614364200,3847.75,3849,3821.5,3824.25,,3824.25
1614366000,3824.5,3831.25,3812.5,3820.5,,3820.5
1614367800,3820.25,3835.25,3817,3832,,3832
1614369600,3831.75,3847,3827,3827.75,,3827.75
1614371400,3827.75,3850.75,3804,3805.5,,3805.5
1614373200,3805.75,3812,3790,3802.25,,3802.25
1614609000,3858.75,3873.25,3858,3871.75,,3871.75
1614610800,3872.25,3886.5,3867.25,3882.75,,3882.75
1614612600,3882.75,3894,3881.75,3892.25,,3892.25
1614614400,3892.5,3896.75,3886.5,3890.75,,3890.75
1614616200,3890.5,3897.75,3889.75,3896.5,,3896.5
1614618000,3896.5,3899.5,3892.75,3896,,3896
1614619800,3896,3899.5,3890.25,3891.75,,3891.75
1614621600,3892,3893.5,3885,3893,,3893
1614623400,3892.75,3899.5,3892.75,3898,,3898
1614625200,3898,3908,3896.75,3907,,3907
1614627000,3906.75,3912,3905.75,3908,,3908
1614628800,3908.25,3910,3902.5,3906,,3906
1614630600,3906.25,3907.75,3892.5,3897.75,,3897.75
1614632400,3897.5,3901.75,3893.25,3899.5,,3899.5
1614695400,3900.75,3903.5,3884.5,3895.5,,3895.5
1614697200,3895.5,3899.75,3877.75,3878,,3878
1614699000,3877.75,3887,3873,3883.75,,3883.75
1614700800,3883.5,3886.5,3871.75,3882.5,,3882.5
1614702600,3882.5,3882.75,3868.25,3877.75,,3877.75
1614704400,3877.5,3888.5,3874.5,3884.75,,3884.75
1614706200,3884.75,3893.25,3884,3889,,3889
1614708000,3889,3896.75,3888.75,3893.5,,3893.5
1614709800,3893.5,3900,3893.25,3895,,3895
1614711600,3894.75,3897.75,3885.5,3886,,3886
1614713400,3886,3896.25,3884,3892.75,,3892.75
1614715200,3892.75,3896,3880.75,3881,,3881
1614717000,3881,3884.75,3865.5,3868.25,,3868.25
1614718800,3868,3874.5,3866.5,3872.75,,3872.75
1614781800,3860,3870.5,3845.5,3847.25,,3847.25
1614783600,3847.25,3853,3833.25,3842,,3842
1614785400,3842,3857,3835.25,3853.75,,3853.75
1614787200,3853.5,3866,3850,3865.5,,3865.5
1614789000,3865.5,3867,3855.25,3856.25,,3856.25
1614790800,3856.5,3858.5,3849.25,3851.5,,3851.5
1614792600,3851.75,3857.5,3847.75,3848,,3848
1614794400,3848,3860.75,3845.5,3856.75,,3856.75
1614796200,3857,3857,3840.25,3843.75,,3843.75
1614798000,3843.5,3845.5,3832.25,3834.5,,3834.5
1614799800,3834.5,3844.5,3824.5,3842.75,,3842.75
1614801600,3842.75,3846,3827.5,3832.5,,3832.5
1614803400,3832.5,3840,3815.5,3817,,3817
1614805200,3816.75,3820.25,3813.5,3814.75,,3814.75
1614868200,3814.25,3835.75,3803.75,3810.75,,3810.75
1614870000,3810.75,3814,3788,3805.25,,3805.25
1614871800,3805,3826.5,3802.25,3820.75,,3820.75
1614873600,3820.75,3830.75,3814.5,3822.5,,3822.5
1614875400,3822.25,3838.75,3820,3831.75,,3831.75
1614877200,3832,3842.25,3797.75,3807.25,,3807.25
1614879000,3807,3810.25,3765.5,3772,,3772
1614880800,3772,3781,3752.25,3769.75,,3769.75
1614882600,3769.75,3770,3720.5,3721.25,,3721.25
1614884400,3721,3764,3721,3762.5,,3762.5
1614886200,3762.5,3776.5,3746,3774,,3774
1614888000,3774,3776.5,3745,3760.5,,3760.5
1614889800,3760.25,3773.75,3755,3769.5,,3769.5
1614891600,3769.5,3774.5,3767.25,3772.25,,3772.25
1614954600,3806.5,3808,3759.75,3775.25,,3775.25
1614956400,3775.25,3794.5,3762.5,3762.75,,3762.75
1614958200,3762.75,3771.5,3751,3756,,3756
1614960000,3756,3760.25,3728.5,3732.5,,3732.5
1614961800,3732.5,3762.5,3732.5,3760.5,,3760.5
1614963600,3760.5,3784,3756.25,3782,,3782
1614965400,3782,3797.25,3777,3793.25,,3793.25
1614967200,3793.25,3812,3781,3810.25,,3810.25
1614969000,3810.5,3820.75,3805.5,3815.5,,3815.5
1614970800,3815.75,3820.25,3801.25,3818.75,,3818.75
1614972600,3819,3834.75,3819,3833,,3833
1614974400,3833.25,3839,3827.25,3835,,3835
1614976200,3835,3850,3832,3838,,3838
1614978000,3838.25,3843,3837.25,3839,,3839
1615213800,3848.75,3862.25,3829.5,3841.5,,3841.5
1615215600,3841.5,3871.5,3835.25,3869,,3869
1615217400,3869,3876,3863.25,3868.25,,3868.25
1615219200,3868,3875.75,3861.25,3874.25,,3874.25
1615221000,3874.25,3874.75,3854.25,3854.5,,3854.5
1615222800,3854.75,3872,3853.25,3871.5,,3871.5
1615224600,3871.5,3878.25,3869,3869.5,,3869.5
1615226400,3869.75,3878.75,3869.25,3875.5,,3875.5
1615228200,3875.5,3876.25,3844,3845.5,,3845.5
1615230000,3845.5,3861.5,3844.25,3860,,3860
1615231800,3860.25,3863.25,3841.25,3849.75,,3849.75
1615233600,3849.75,3849.75,3830,3833.25,,3833.25
1615235400,3833.25,3845.5,3816.25,3819.75,,3819.75
1615237200,3820,3832,3818.75,3829.5,,3829.5
1615300200,3860.75,3877.5,3855.25,3874.75,,3874.75
1615302000,3875,3888.5,3872.75,3885.75,,3885.75
1615303800,3885.75,3889.5,3882.5,3886.5,,3886.5
1615305600,3886.5,3892.25,3883.5,3889,,3889
1615307400,3889,3891.75,3886,3891.25,,3891.25
1615309200,3891.5,3898.75,3890,3897.75,,3897.75
1615311000,3897.75,3899.75,3890.5,3892.75,,3892.75
1615312800,3892.75,3900.75,3892.75,3896.25,,3896.25
1615314600,3896.25,3901.25,3895.5,3899.75,,3899.75
1615316400,3900,3901.25,3891,3892,,3892
1615318200,3892.25,3900,3891.5,3892.75,,3892.75
1615320000,3892.5,3898.5,3891.75,3892.25,,3892.25
1615321800,3892.25,3893,3870.25,3873,,3873
1615323600,3873.25,3876,3870,3870.5,,3870.5
1615386600,3899,3911.5,3894,3905.25,,3905.25
1615388400,3905.25,3910,3886.25,3887.25,,3887.25
1615390200,3887,3898.75,3883.5,3895.5,,3895.5
1615392000,3895.5,3902.25,3892.5,3901,,3901
1615393800,3901,3907.75,3892.75,3903,,3903
1615395600,3903,3905,3896,3897.5,,3897.5
1615397400,3897.25,3905.25,3892.5,3904.25,,3904.25
1615399200,3904.5,3909.5,3890.75,3905.75,,3905.75
1615401000,3905.5,3908.25,3894,3900.75,,3900.75
1615402800,3900.75,3909,3896.75,3905.5,,3905.5
1615404600,3905.5,3916.25,3904,3910,,3910
1615406400,3910.25,3913.5,3902.25,3902.5,,3902.5
1615408200,3902.5,3906.25,3895.5,3897.25,,3897.25
1615410000,3897.5,3905.75,3895.75,3905.5,,3905.5
1615473000,3924,3931.75,3919,3931,,3931
1615474800,3931.25,3934.5,3921.5,3931.25,,3931.25
1615476600,3931.25,3943.25,3930.75,3942.25,,3942.25
1615478400,3942.25,3952.5,3942.25,3950,,3950
1615480200,3949.75,3954.5,3948,3950.25,,3950.25
1615482000,3950.5,3956.25,3949,3951.5,,3951.5
1615483800,3951.5,3953.5,3947.25,3951,,3951
1615485600,3951.25,3958.5,3948.75,3950.25,,3950.25
1615487400,3950.25,3952.5,3945.5,3947.5,,3947.5
1615489200,3947.75,3953.25,3947.25,3951.5,,3951.5
1615491000,3951.5,3952.5,3942.25,3942.5,,3942.5
1615492800,3942.75,3944.5,3939.75,3943.25,,3943.25
1615494600,3943.25,3943.5,3934.5,3936.5,,3936.5
1615496400,3936.75,3937.75,3934.5,3936.5,,3936.5
1615559400,3922.75,3931,3914.5,3930.5,,3930.5
1615561200,3930.5,3932.75,3914.75,3919,,3919
1615563000,3919,3928,3916.25,3920.5,,3920.5
1615564800,3920.25,3924.25,3913.75,3924,,3924
1615566600,3923.75,3929,3920.5,3926.25,,3926.25
1615568400,3926.5,3931.75,3922.5,3931.75,,3931.75
1615570200,3932,3934.75,3925.5,3927.5,,3927.5
1615572000,3927.25,3933,3924.5,3932.25,,3932.25
1615573800,3932.25,3933.5,3927.75,3929.25,,3929.25
1615575600,3929.5,3933.5,3928.25,3931.75,,3931.75
1615577400,3932,3937,3929.75,3935.75,,3935.75
1615579200,3935.75,3937.5,3930,3936.25,,3936.25
1615581000,3936.25,3944.25,3936.25,3943,,3943
1615582800,3943,3947.5,3942,3944,,3944
1615815000,3945.5,3948.5,3938.75,3942,,3942
1615816800,3941.75,3943.5,3935,3937.75,,3937.75
1615818600,3937.75,3941.75,3935.25,3941.5,,3941.5
1615820400,3941.5,3943.5,3930.75,3931.75,,3931.75
1615822200,3931.75,3934,3922.25,3932.75,,3932.75
1615824000,3932.5,3938.5,3931.5,3938,,3938
1615825800,3938,3943.5,3937,3943.5,,3943.5
1615827600,3943.5,3944.25,3940.5,3943.5,,3943.5
1615829400,3943.5,3948.5,3942.75,3948.5,,3948.5
1615831200,3948.25,3955,3948.25,3955,,3955
1615833000,3955,3958,3952,3954.25,,3954.25
1615834800,3954.25,3955.5,3947.75,3949.25,,3949.25
1615836600,3949.25,3969.25,3946.75,3966.75,,3966.75
1615838400,3966.75,3969.75,3965.25,3966.5,,3966.5
1615901400,3963.25,3968.75,3959.5,3966.75,,3966.75
1615903200,3967,3968.5,3962.75,3968.25,,3968.25
1615905000,3968.25,3970.75,3964.75,3965.25,,3965.25
1615906800,3965.25,3967,3962,3965,,3965
1615908600,3965,3966.75,3959.5,3962.5,,3962.5
1615910400,3962.5,3964,3952.5,3955.25,,3955.25
1615912200,3955.5,3961.75,3954.25,3960.5,,3960.5
1615914000,3960.5,3966.5,3959.5,3961.75,,3961.75
1615915800,3961.75,3962,3952.75,3954.5,,3954.5
1615917600,3954.75,3958.5,3945,3946,,3946
1615919400,3946.25,3953.75,3942.75,3951.5,,3951.5
1615921200,3951.25,3957.5,3946.5,3954.5,,3954.5
1615923000,3954.5,3962.5,3951,3951.75,,3951.75
1615924800,3951.5,3958.25,3950.5,3957.5,,3957.5
1615987800,3937.5,3941,3930.25,3938,,3938
1615989600,3938,3942,3930.5,3939.5,,3939.5
1615991400,3939.25,3939.5,3926.25,3928.5,,3928.5
1615993200,3928.25,3935.25,3925,3934,,3934
1615995000,3933.75,3936.25,3930.5,3933.75,,3933.75
1615996800,3933.75,3939.25,3931.25,3937.5,,3937.5
1615998600,3937.75,3938,3930.25,3931.25,,3931.25
1616000400,3931.25,3935.75,3929.75,3934.5,,3934.5
1616002200,3934.5,3935.5,3928.5,3931.5,,3931.5
1616004000,3931.75,3960.75,3931.75,3945,,3945
1616005800,3945,3970,3942.5,3968.5,,3968.5
1616007600,3968.5,3973.5,3960,3963.25,,3963.25
1616009400,3963,3969.5,3956,3964,,3964
1616011200,3964,3966.5,3962.25,3965,,3965
1616074200,3936.25,3945.25,3931,3943.25,,3943.25
1616076000,3943.5,3944.5,3932.75,3941.75,,3941.75
1616077800,3941.5,3947,3936.25,3943.25,,3943.25
1616079600,3943.5,3949.75,3942,3949.75,,3949.75
1616081400,3949.75,3951.25,3944.75,3950.75,,3950.75
1616083200,3950.5,3958.75,3949.75,3954.5,,3954.5
1616085000,3954.5,3955.25,3935.75,3938.5,,3938.5
1616086800,3938.25,3949,3937.75,3947.5,,3947.5
1616088600,3947.5,3952.75,3944.5,3951.75,,3951.75
1616090400,3951.75,3952.5,3929.75,3930.5,,3930.5
1616092200,3930.5,3934,3913.5,3925,,3925
1616094000,3925,3927.5,3911.5,3919.75,,3919.75
1616095800,3919.75,3921.5,3900.5,3906,,3906
1616097600,3906,3917,3905.5,3911,,3911
1616160600,3902.25,3905.5,3877.25,3888.75,,3888.75
1616162400,3888.75,3895,3875,3891.5,,3891.5
1616164200,3891.75,3903.5,3881.25,3902.5,,3902.5
1616166000,3902.25,3904.25,3887,3893.75,,3893.75
1616167800,3893.5,3912.75,3891.25,3909.25,,3909.25
1616169600,3909.25,3913.75,3906.5,3910.25,,3910.25
1616171400,3910.25,3916,3907.75,3914.25,,3914.25
1616173200,3914,3914.75,3906.25,3913.25,,3913.25
1616175000,3913.5,3917.5,3911.25,3914.75,,3914.75
1616176800,3915,3917.75,3905.75,3912.25,,3912.25
1616178600,3912.25,3919,3910.25,3918.25,,3918.25
1616180400,3918.25,3919.5,3909,3912,,3912
1616182200,3912.25,3917.25,3897,3898,,3898
1616184000,3897.75,3901.75,3895.75,3896,,3896
1616419800,3904,3918.5,3903.5,3916.5,,3916.5
1616421600,3916.5,3920.75,3913.75,3918,,3918
1616423400,3918.25,3928.25,3916.5,3924.25,,3924.25
1616425200,3924.5,3926.5,3922.25,3925,,3925
1616427000,3925,3929.75,3924.75,3927.5,,3927.5
1616428800,3927.5,3933.25,3927.25,3933,,3933
1616430600,3933,3936,3931,3935,,3935
1616432400,3935.25,3935.75,3931,3933.75,,3933.75
1616434200,3933.75,3937,3933.5,3937,,3937
1616436000,3937,3939.5,3936,3938.5,,3938.5
1616437800,3938.75,3943.75,3938.75,3941.75,,3941.75
1616439600,3941.5,3944.5,3934.5,3934.75,,3934.75
1616441400,3934.75,3936.5,3928,3929.5,,3929.5
1616443200,3929.5,3933,3929,3932.5,,3932.5
1616506200,3922.75,3928.25,3919.25,3928,,3928
1616508000,3928.25,3933.75,3926.25,3930.5,,3930.5
1616509800,3930.75,3931.5,3916.25,3927.5,,3927.5
1616511600,3927.25,3938.25,3925.75,3937.25,,3937.25
1616513400,3937,3938.5,3927.5,3932.25,,3932.25
1616515200,3932.5,3937.5,3924,3929.75,,3929.75
1616517000,3929.75,3933.75,3925.75,3933.5,,3933.5
1616518800,3933.5,3937,3932,3933.75,,3933.75
1616520600,3933.5,3934.25,3920.25,3922.5,,3922.5
1616522400,3922.75,3926,3918.75,3925,,3925
1616524200,3925,3926.5,3908.5,3909,,3909
1616526000,3909,3913.75,3894.25,3898,,3898
1616527800,3898,3902.25,3890.5,3899,,3899
1616529600,3899,3906,3898.75,3904.75,,3904.75
1616592600,3914.25,3924,3910,3910.75,,3910.75
1616594400,3910.75,3920.5,3906.5,3912.5,,3912.5
1616596200,3912.75,3927.75,3909,3926.25,,3926.25
1616598000,3926.25,3931.5,3923,3925.5,,3925.5
1616599800,3925.5,3927,3915.5,3918.75,,3918.75
1616601600,3919,3926.75,3918.5,3926,,3926
1616603400,3925.75,3927.25,3917,3917.75,,3917.75
1616605200,3917.75,3917.75,3904,3911.75,,3911.75
1616607000,3911.75,3917.5,3903.25,3917.25,,3917.25
1616608800,3917.25,3918.5,3908.25,3908.75,,3908.75
1616610600,3908.5,3910.25,3899.25,3900.25,,3900.25
1616612400,3900.25,3906.25,3897,3898.25,,3898.25
1616614200,3898.25,3899,3879,3879,,3879
1616616000,3879.25,3883.75,3877.5,3882.25,,3882.25
1616679000,3864,3870.25,3854.5,3867,,3867
1616680800,3867,3877.25,3864.5,3864.75,,3864.75
1616682600,3864.75,3868,3843.25,3852.25,,3852.25
1616684400,3852.5,3861.25,3843.5,3861.25,,3861.25
1616686200,3861,3873.75,3854.25,3872.5,,3872.5
1616688000,3872.75,3882.5,3868.25,3880.5,,3880.5
1616689800,3880.5,3888,3878.25,3884.5,,3884.5
1616691600,3884.5,3891.25,3877.25,3882,,3882
1616693400,3882.25,3889.5,3876.25,3877.75,,3877.75
1616695200,3877.5,3880.25,3870,3871,,3871
1616697000,3871,3894,3870.75,3892.75,,3892.75
1616698800,3892.75,3901,3892.25,3898.75,,3898.75
1616700600,3898.5,3909.5,3896.75,3900.75,,3900.75
1616702400,3901,3905.75,3900,3905.25,,3905.25
1616765400,3913.5,3918.25,3912.5,3916.75,,3916.75
1616767200,3916.75,3924.75,3914.75,3924.5,,3924.5
1616769000,3924.75,3927.5,3918,3919.5,,3919.5
1616770800,3919.5,3922.5,3910,3914,,3914
1616772600,3914,3923.5,3911.5,3922.75,,3922.75
1616774400,3922.5,3926,3919.25,3925.5,,3925.5
1616776200,3925.5,3933.75,3924.5,3929,,3929
1616778000,3929,3934,3929,3932,,3932
1616779800,3932.25,3933.25,3917.5,3923.75,,3923.75
1616781600,3923.5,3925.25,3907.25,3919,,3919
1616783400,3919.25,3926.75,3906.75,3926.25,,3926.25
1616785200,3926.25,3932.75,3922,3932.25,,3932.25
1616787000,3932.25,3968,3932.25,3963,,3963
1616788800,3963,3966.5,3961,3964.25,,3964.25
1617024600,3947.75,3960.75,3944,3944.75,,3944.75
1617026400,3945,3947.75,3934.5,3934.75,,3934.75
1617028200,3935,3945.5,3933.5,3935.5,,3935.5
1617030000,3935.5,3943.75,3931.75,3943.5,,3943.5
1617031800,3943.5,3952.5,3941.25,3950.25,,3950.25
1617033600,3950.25,3951.5,3939.25,3947.75,,3947.75
1617035400,3947.75,3962.5,3946,3962,,3962
1617037200,3962,3968.75,3959.25,3960.5,,3960.5
1617039000,3960.5,3970.25,3958.5,3960,,3960
1617040800,3960,3962.5,3955,3959.5,,3959.5
1617042600,3959.25,3963.75,3952.5,3958.25,,3958.25
1617044400,3958.5,3971.25,3958.5,3970,,3970
1617046200,3970,3970.75,3955.5,3961.75,,3961.75
1617048000,3962,3965,3959.75,3964.25,,3964.25
1617111000,3947.75,3951,3937.75,3944.25,,3944.25
1617112800,3944.25,3947.5,3933.75,3946.75,,3946.75
1617114600,3946.75,3952,3944.75,3946,,3946
1617116400,3946.25,3952,3945.25,3948.25,,3948.25
1617118200,3948.25,3953,3943,3944,,3944
1617120000,3943.75,3946.5,3938.25,3943,,3943
1617121800,3942.75,3946.25,3940,3943.25,,3943.25
1617123600,3943.25,3947,3937.5,3945.5,,3945.5
1617125400,3945.5,3947.25,3942.5,3943.75,,3943.75
1617127200,3943.75,3948.75,3940.25,3946.25,,3946.25
1617129000,3946.25,3955.75,3944.25,3954.75,,3954.75
1617130800,3955,3958.25,3951.5,3954.5,,3954.5
1617132600,3954.5,3957.5,3938.25,3952,,3952
1617134400,3952,3953,3947.75,3949.75,,3949.75
1617197400,3957,3967.5,3956.5,3965.25,,3965.25
1617199200,3965,3969.25,3963.5,3964.5,,3964.5
1617201000,3964.25,3973.5,3963.5,3971.75,,3971.75
1617202800,3971.75,3973.75,3969,3969.5,,3969.5
1617204600,3969.5,3976.75,3968.75,3975.25,,3975.25
1617206400,3975.25,3978.75,3975,3977.25,,3977.25
1617208200,3977,3980.25,3977,3980,,3980
1617210000,3980,3983.75,3979.5,3982.25,,3982.25
1617211800,3982.25,3983.75,3978.75,3980.75,,3980.75
1617213600,3980.75,3981.25,3974.75,3978,,3978
1617215400,3978.25,3981.25,3975.25,3976.75,,3976.75
1617217200,3976.5,3981.75,3975.75,3976,,3976
1617219000,3976,3979.75,3965,3968.75,,3968.75
1617220800,3968.5,3972.75,3963.25,3964,,3964
1617283800,3988,3991.5,3985,3987.75,,3987.75
1617285600,3988,3996,3986.25,3996,,3996
1617287400,3995.75,3997,3991.75,3997,,3997
1617289200,3997,4000.5,3993.75,3996.25,,3996.25
1617291000,3996.25,3998.25,3994.5,3995.75,,3995.75
1617292800,3995.75,4001.75,3995.25,4001.25,,4001.25
1617294600,4001.25,4002.5,3999.5,4001.5,,4001.5
1617296400,4001.5,4002.5,3997.25,3998,,3998
1617298200,3998.25,4002.5,3997.5,4000.75,,4000.75
1617300000,4000.75,4003.75,4000,4002.75,,4002.75
1617301800,4002.75,4004,4002.25,4003.5,,4003.5
1617303600,4003.25,4004,3998.25,3999.75,,3999.75
1617305400,4000,4011,3998.5,4009.5,,4009.5
1617307200,4009.5,4014.5,4009.25,4014,,4014
1617629400,4038.25,4050,4037.5,4049.25,,4049.25
1617631200,4049.5,4059,4046,4057,,4057
1617633000,4057,4064.25,4056.75,4060.5,,4060.5
1617634800,4060.5,4064,4059,4061.25,,4061.25
1617636600,4061,4069.25,4060.75,4066.25,,4066.25
1617638400,4066.25,4070.75,4066.25,4070,,4070
1617640200,4070,4073.75,4065.75,4067.75,,4067.75
1617642000,4067.75,4070.25,4065.75,4066.5,,4066.5
1617643800,4066.75,4070,4065,4070,,4070
1617645600,4069.75,4070,4067.25,4068,,4068
1617647400,4067.75,4072.25,4065,4065,,4065
1617649200,4065.25,4068.5,4061.25,4064.25,,4064.25
1617651000,4064.25,4072.25,4062.25,4067,,4067
1617652800,4067.25,4069.5,4065,4068,,4068
1617715800,4061.5,4072.75,4058.75,4071.5,,4071.5
1617717600,4071.5,4075.75,4070.25,4072.5,,4072.5
1617719400,4072.25,4073.75,4069.25,4072,,4072
1617721200,4072,4075.25,4069,4073,,4073
1617723000,4073,4076,4070.75,4075.5,,4075.5
1617724800,4075.75,4076,4072.5,4072.75,,4072.75
1617726600,4072.5,4073,4070.25,4072,,4072
1617728400,4072,4072.25,4062.5,4064.5,,4064.5
1617730200,4064.25,4070.75,4063,4070.25,,4070.25
1617732000,4070,4072.25,4069.25,4070.75,,4070.75
1617733800,4070.75,4072.25,4066.75,4069.75,,4069.75
1617735600,4069.75,4071,4063.25,4066.5,,4066.5
1617737400,4066.5,4067.75,4058.25,4064.5,,4064.5
1617739200,4064.75,4065.75,4063,4064.25,,4064.25
1617802200,4063.25,4069.75,4062.75,4066.5,,4066.5
1617804000,4066.5,4072.25,4064.25,4072.25,,4072.25
1617805800,4072.25,4073.5,4070,4070.5,,4070.5
1617807600,4070.5,4073.25,4065.5,4066.5,,4066.5
1617809400,4066.5,4066.5,4060,4064.5,,4064.5
1617811200,4064.25,4067,4058.5,4058.75,,4058.75
1617813000,4058.75,4066.5,4058.25,4064.5,,4064.5
1617814800,4064.25,4067,4062.5,4064.5,,4064.5
1617816600,4064.25,4069.5,4063.5,4067.75,,4067.75
1617818400,4068,4073,4067.25,4070.25,,4070.25
1617820200,4070,4071.75,4067.75,4068,,4068
1617822000,4068,4071.5,4062.5,4064.25,,4064.25
1617823800,4064.25,4071.5,4061.5,4069.5,,4069.5
1617825600,4069.5,4074,4069.25,4073.5,,4073.5
1617888600,4082.75,4084,4075.25,4081,,4081
1617890400,4081,4082.25,4073,4078.25,,4078.25
1617892200,4078.25,4083.25,4077.5,4079.5,,4079.5
1617894000,4079.75,4082.75,4078.25,4082.25,,4082.25
1617895800,4082.25,4084.5,4080.25,4082.75,,4082.75
1617897600,4082.75,4087.5,4081.75,4085.5,,4085.5
1617899400,4085.5,4087.25,4083.75,4083.75,,4083.75
1617901200,4084,4085.75,4083.25,4085,,4085
1617903000,4085,4086.5,4082.25,4084.5,,4084.5
1617904800,4084.5,4088.25,4083.5,4087.25,,4087.25
1617906600,4087.25,4088.75,4086.25,4088.25,,4088.25
1617908400,4088.5,4089.5,4086.5,4087,,4087
1617910200,4087.25,4090,4084.75,4089.25,,4089.25
1617912000,4089.25,4095.5,4088.25,4094,,4094
1617975000,4087.75,4095,4086.75,4094.75,,4094.75
1617976800,4094.75,4096.5,4090,4091,,4091
1617978600,4091,4094.5,4088,4090.5,,4090.5
1617980400,4090.25,4095,4089.5,4093,,4093
1617982200,4093.25,4099,4092.5,4097.75,,4097.75
1617984000,4098,4098.5,4095.5,4096.75,,4096.75
1617985800,4096.75,4099.5,4096.5,4098.75,,4098.75
1617987600,4099,4099.75,4097.25,4098.75,,4098.75
1617989400,4098.75,4104,4098.5,4102.5,,4102.5
1617991200,4102.5,4103.75,4100.5,4102,,4102
1617993000,4102,4103,4100.25,4101.5,,4101.5
1617994800,4101.25,4110,4099.25,4110,,4110
1617996600,4110,4121.5,4109.75,4119.25,,4119.25
1617998400,4119,4120.5,4110.5,4112.75,,4112.75
1618234200,4112.75,4119.25,4108.5,4112.75,,4112.75
1618236000,4112.75,4116.25,4111,4112.75,,4112.75
1618237800,4112.75,4113.25,4106,4111.25,,4111.25
1618239600,4111.5,4114.75,4110,4114.25,,4114.25
1618241400,4114.25,4116,4110.5,4115.75,,4115.75
1618243200,4115.75,4117.75,4112.25,4117.25,,4117.25
1618245000,4117,4122.25,4117,4121,,4121
1618246800,4121,4121.75,4115.75,4116.5,,4116.5
1618248600,4116.5,4116.5,4110.5,4111.75,,4111.75
1618250400,4111.75,4115.5,4111.25,4115.5,,4115.5
1618252200,4115.5,4115.5,4110.5,4112.75,,4112.75
1618254000,4112.5,4115.75,4109.5,4114.75,,4114.75
1618255800,4114.5,4123.75,4113,4121,,4121
1618257600,4121.25,4124.5,4120,4121.25,,4121.25
1618320600,4119.75,4122.75,4115.5,4122.25,,4122.25
1618322400,4122,4125.75,4121.75,4124,,4124
1618324200,4124,4126.5,4121.5,4122.75,,4122.75
1618326000,4122.75,4125,4121.75,4125,,4125
1618327800,4124.75,4126.5,4121.75,4125.25,,4125.25
1618329600,4125.25,4126.25,4123.25,4124,,4124
1618331400,4124,4125.5,4120.25,4120.75,,4120.75
1618333200,4120.75,4124.75,4119.75,4124.25,,4124.25
1618335000,4124.25,4127,4123.5,4126,,4126
1618336800,4126.25,4131.5,4125.75,4131.25,,4131.25
1618338600,4131.25,4135.5,4130.75,4134.5,,4134.5
1618340400,4134.5,4139.75,4134.5,4137.75,,4137.75
1618342200,4138,4138.5,4131.5,4132.5,,4132.5
1618344000,4132.5,4134.5,4132,4134.25,,4134.25
1618407000,4132.25,4142.5,4129.5,4142.5,,4142.5
1618408800,4142.25,4142.5,4136,4137,,4137
1618410600,4137.25,4144,4137,4138.25,,4138.25
1618412400,4138.25,4140.25,4131.5,4135.75,,4135.75
1618414200,4135.75,4138.5,4134.25,4138.25,,4138.25
1618416000,4138.5,4138.75,4133,4135.25,,4135.25
1618417800,4135,4140,4134.75,4138.75,,4138.75
1618419600,4138.75,4139,4135.5,4137,,4137
1618421400,4137.25,4137.25,4122.5,4125.5,,4125.5
1618423200,4125.25,4130.25,4116,4128,,4128
1618425000,4127.75,4129,4116.75,4117.75,,4117.75
1618426800,4117.75,4124.25,4113,4124,,4124
1618428600,4123.75,4125.75,4113.25,4120,,4120
1618430400,4120,4124,4119.75,4122.75,,4122.75
1618493400,4141.75,4148,4141.25,4143.75,,4143.75
1618495200,4144,4150,4141.75,4150,,4150
1618497000,4150,4156.25,4150,4153.75,,4153.75
1618498800,4153.75,4159.25,4150.25,4151,,4151
1618500600,4151,4153.25,4149.75,4152.75,,4152.75
1618502400,4152.75,4157,4151.5,4156.25,,4156.25
1618504200,4156.5,4161.5,4156.25,4161,,4161
1618506000,4161,4161.75,4155.5,4157.75,,4157.75
1618507800,4158,4161,4157.5,4158.75,,4158.75
1618509600,4158.75,4161.75,4157.25,4161,,4161
1618511400,4161,4162.5,4156.5,4158.25,,4158.25
1618513200,4158.25,4160.25,4153.75,4154.5,,4154.5
1618515000,4154.75,4166.5,4154.5,4163.25,,4163.25
1618516800,4163.25,4164,4160.75,4161.5,,4161.5
1618579800,4177.25,4178.5,4163.5,4165.5,,4165.5
1618581600,4165.5,4174.5,4161.75,4168.5,,4168.5
1618583400,4168.75,4174.25,4167,4170.75,,4170.75
1618585200,4170.5,4174.75,4167.25,4167.75,,4167.75
1618587000,4168,4170.25,4166.5,4168.75,,4168.75
1618588800,4168.75,4173.25,4168.5,4172.25,,4172.25
1618590600,4172.25,4173.5,4168.75,4170.75,,4170.75
1618592400,4170.75,4171.25,4169,4170.25,,4170.25
1618594200,4170.25,4172.5,4169.25,4169.5,,4169.5
1618596000,4169.5,4176.25,4168.5,4175,,4175
1618597800,4175.25,4179.5,4175,4179,,4179
1618599600,4178.75,4180.5,4176.25,4179.25,,4179.25
1618601400,4179.5,4183.5,4175,4177.25,,4177.25
1618603200,4177.25,4178,4172,4172.75,,4172.75
1618839000,4166.75,4171.5,4166.25,4170.25,,4170.25
1618840800,4170.25,4170.75,4154.75,4161.75,,4161.75
1618842600,4162,4164.75,4147.75,4157.5,,4157.5
1618844400,4157.5,4161.25,4152.75,4160.5,,4160.5
1618846200,4160.5,4161,4146.25,4152.5,,4152.5
1618848000,4152.25,4156.75,4146.25,4149.5,,4149.5
1618849800,4149.25,4150.25,4141.75,4146.25,,4146.25
1618851600,4146.25,4153.5,4144.5,4150.5,,4150.5
1618853400,4150.25,4155,4148.25,4150.75,,4150.75
1618855200,4150.75,4155,4148,4154.25,,4154.25
1618857000,4154,4155,4147.75,4154.75,,4154.75
1618858800,4154.75,4156.25,4146.25,4147.5,,4147.5
1618860600,4147.5,4158.5,4145.5,4157.25,,4157.25
1618862400,4157.25,4159,4155.5,4158.25,,4158.25
1618925400,4143.25,4151,4141.75,4147.75,,4147.75
1618927200,4147.5,4150,4141,4143.75,,4143.75
1618929000,4143.5,4143.5,4122,4127.75,,4127.75
1618930800,4127.5,4129.5,4115.75,4120,,4120
1618932600,4119.75,4121.5,4110.5,4119,,4119
1618934400,4118.75,4128.5,4117.25,4126,,4126
1618936200,4125.75,4126.75,4119,4124.5,,4124.5
1618938000,4124.5,4124.75,4116.75,4117.25,,4117.25
1618939800,4117.25,4124,4116.25,4123.5,,4123.5
1618941600,4123.25,4125.5,4119.25,4119.5,,4119.5
1618943400,4119.5,4119.75,4110.75,4112.75,,4112.75
1618945200,4112.75,4124.5,4112.75,4123.5,,4123.5
1618947000,4123.5,4131,4122.25,4126.5,,4126.5
1618948800,4126.75,4128,4120.25,4121.5,,4121.5
1619011800,4119.25,4138.5,4117.75,4138.25,,4138.25
1619013600,4138.5,4145.25,4134,4144,,4144
1619015400,4144,4144.5,4138.25,4141.75,,4141.75
1619017200,4142,4147.5,4140,4146.25,,4146.25
1619019000,4146,4153.5,4145.75,4153,,4153
1619020800,4153.25,4153.5,4149.25,4149.5,,4149.5
1619022600,4149.25,4151,4147.75,4149,,4149
1619024400,4149,4153.5,4148.5,4151,,4151
1619026200,4151.25,4153.5,4151,4153.25,,4153.25
1619028000,4153.25,4156.75,4152.25,4153.5,,4153.5
1619029800,4153.5,4156,4151.75,4153.75,,4153.75
1619031600,4153.5,4156.5,4152.25,4155.5,,4155.5
1619033400,4155.5,4167.25,4155.5,4164.75,,4164.75
1619035200,4165,4165,4157.75,4158.75,,4158.75
1619098200,4163.25,4163.5,4151,4156.75,,4156.75
1619100000,4156.5,4159.25,4149.25,4157.25,,4157.25
1619101800,4157.25,4165.75,4156.75,4162.5,,4162.5
1619103600,4162.5,4166.75,4162,4163,,4163
1619105400,4163,4168.5,4161,4164.75,,4164.75
1619107200,4165,4168,4161.5,4167.75,,4167.75
1619109000,4167.75,4171.5,4167.5,4171.25,,4171.25
1619110800,4171.5,4171.75,4135.5,4150.75,,4150.75
1619112600,4150.75,4151.75,4118.75,4122,,4122
1619114400,4122,4135,4115.25,4134.75,,4134.75
1619116200,4134.75,4138.5,4131.5,4134,,4134
1619118000,4134,4138.5,4121.5,4125.75,,4125.75
1619119800,4125.75,4134.75,4124.5,4127.25,,4127.25
1619121600,4127.25,4129.5,4124,4129,,4129
1619184600,4132.75,4146,4131.75,4145.75,,4145.75
1619186400,4145.75,4148.75,4144.75,4147.25,,4147.25
1619188200,4147.5,4164.5,4146.25,4163.75,,4163.75
1619190000,4164,4167.5,4160.25,4165.75,,4165.75
1619191800,4165.75,4169,4164.5,4166.75,,4166.75
1619193600,4166.75,4169.75,4166.5,4168.25,,4168.25
1619195400,4168.25,4177,4168.25,4175.25,,4175.25
1619197200,4175.25,4176,4173,4174.5,,4174.5
1619199000,4174.75,4178,4174,4174.25,,4174.25
1619200800,4174.25,4176.75,4171.75,4174.25,,4174.25
1619202600,4174.25,4179.75,4173.25,4177.75,,4177.75
1619204400,4177.75,4182.75,4176,4182,,4182
1619206200,4181.75,4186.75,4170.5,4170.75,,4170.75
1619208000,4171,4172.5,4166.5,4167.5,,4167.5
1619443800,4178.25,4183.5,4175.75,4180.75,,4180.75
1619445600,4180.75,4185.5,4179.5,4181.75,,4181.75
1619447400,4182,4184,4180,4181.25,,4181.25
1619449200,4181.5,4185.25,4181,4183,,4183
1619451000,4182.75,4183.5,4180,4180.5,,4180.5
1619452800,4180.75,4181.5,4176.75,4178,,4178
1619454600,4178,4182,4177.5,4179.75,,4179.75
1619456400,4179.75,4180.75,4176.75,4178,,4178
1619458200,4178,4181.25,4176.75,4181,,4181
1619460000,4181,4183.25,4180.75,4183,,4183
1619461800,4183,4185,4182.25,4184.5,,4184.5
1619463600,4184.75,4186,4175.5,4176.75,,4176.75
1619465400,4177,4183,4173.25,4180.25,,4180.25
1619467200,4180.5,4183.25,4176.75,4177.5,,4177.5
1619530200,4183,4183.75,4171.25,4172.25,,4172.25
1619532000,4172,4176.25,4166.75,4176,,4176
1619533800,4176,4177.25,4169,4175.25,,4175.25
1619535600,4175.5,4177.75,4173.25,4176,,4176
1619537400,4176,4180.25,4175.25,4179,,4179
1619539200,4179.25,4181,4177.5,4180.5,,4180.5
1619541000,4180.5,4180.5,4173.5,4174.75,,4174.75
1619542800,4174.75,4178.75,4174.25,4177.25,,4177.25
1619544600,4177.25,4179.25,4175.75,4178,,4178
1619546400,4177.75,4179.5,4174.5,4179,,4179
1619548200,4179.25,4181.75,4179,4179.75,,4179.75
1619550000,4180,4183.25,4176.5,4182.25,,4182.25
1619551800,4182.5,4185.25,4176,4179,,4179
1619553600,4178.75,4183.5,4178,4178.75,,4178.75
1619616600,4182,4187.75,4176.75,4187.5,,4187.5
1619618400,4187.5,4188.25,4184.25,4185.25,,4185.25
1619620200,4185.5,4186,4181,4184,,4184
1619622000,4184.25,4184.75,4180.75,4183,,4183
1619623800,4182.75,4183,4176,4176.5,,4176.5
1619625600,4176.75,4180.5,4175,4179.75,,4179.75
1619627400,4180,4182.5,4178.75,4181.75,,4181.75
1619629200,4181.5,4182,4180.25,4181.5,,4181.5
1619631000,4181.5,4182,4176,4177,,4177
1619632800,4176.75,4186,4172.75,4180.25,,4180.25
1619634600,4180.25,4193.75,4175.75,4186.75,,4186.75
1619636400,4187,4189.25,4175,4183.5,,4183.5
1619638200,4183.5,4185.75,4174.25,4178,,4178
1619640000,4177.75,4183,4177.25,4179.25,,4179.25
1619703000,4207.25,4211,4198.5,4199.25,,4199.25
1619704800,4199.5,4199.5,4190.25,4192.75,,4192.75
1619706600,4192.75,4193.25,4179,4186,,4186
1619708400,4186.25,4192.25,4184.25,4188.25,,4188.25
1619710200,4188.5,4188.75,4177.5,4179,,4179
1619712000,4179,4180.25,4168,4175.25,,4175.25
1619713800,4175.25,4186.25,4172.25,4184.75,,4184.75
1619715600,4184.75,4189,4181.5,4188.25,,4188.25
1619717400,4188.25,4192,4185,4190,,4190
1619719200,4190,4197.75,4189.25,4196.75,,4196.75
1619721000,4196.75,4209,4196.75,4204,,4204
1619722800,4204,4208.5,4199.5,4199.75,,4199.75
1619724600,4199.75,4207,4198.75,4203.75,,4203.75
1619726400,4203.75,4205.25,4200,4200,,4200
1619789400,4180,4188.75,4177.75,4188.5,,4188.5
1619791200,4188.25,4189.25,4179.75,4188.25,,4188.25
1619793000,4188.5,4188.75,4176.75,4178.25,,4178.25
1619794800,4178.25,4180,4171.75,4173,,4173
1619796600,4172.75,4181.25,4170.75,4180.25,,4180.25
1619798400,4180,4182.75,4178,4180.5,,4180.5
1619800200,4180.5,4181.75,4174.75,4178.5,,4178.5
1619802000,4178.5,4181.25,4176.25,4181,,4181
1619803800,4180.75,4182.75,4167.5,4170.25,,4170.25
1619805600,4170.25,4177.5,4168.5,4176.5,,4176.5
1619807400,4176.5,4178.5,4173.75,4174.25,,4174.25
1619809200,4174.5,4179,4169.5,4178.75,,4178.75
1619811000,4178.75,4179.75,4167.25,4177.25,,4177.25
1619812800,4177,4181.75,4175.75,4181,,4181
1620048600,4198.25,4202.5,4190,4199,,4199
1620050400,4198.5,4201.5,4192.5,4197.5,,4197.5
1620052200,4197.75,4201.5,4190,4192,,4192
1620054000,4192,4192.25,4185.75,4186.25,,4186.25
1620055800,4186.25,4193.75,4185.5,4192,,4192
1620057600,4192,4192.25,4187.5,4188.25,,4188.25
1620059400,4188.25,4189.75,4185.5,4188.75,,4188.75
1620061200,4188.75,4191.25,4186.75,4187.5,,4187.5
1620063000,4187.5,4190.5,4187,4189.75,,4189.75
1620064800,4190,4194,4189.75,4193.5,,4193.5
1620066600,4193.5,4196.75,4193.25,4195.25,,4195.25
1620068400,4195,4195.5,4188.75,4190,,4190
1620070200,4190.25,4190.5,4181,4186.25,,4186.25
1620072000,4186,4186.75,4182,4182.75,,4182.75
1620135000,4164.75,4170.25,4141.5,4142.75,,4142.75
1620136800,4142.75,4149.75,4135.25,4147.25,,4147.25
1620138600,4147,4148.75,4136.25,4136.5,,4136.5
1620140400,4136.75,4141.5,4123.25,4132.75,,4132.75
1620142200,4132.75,4136,4120.5,4125,,4125
1620144000,4125,4139,4123.5,4138.5,,4138.5
1620145800,4138.75,4138.75,4129.5,4131.5,,4131.5
1620147600,4131.5,4143,4129.75,4140.75,,4140.75
1620149400,4140.75,4143.5,4135.5,4138.75,,4138.75
1620151200,4139,4146.75,4135.5,4141.25,,4141.25
1620153000,4141,4147.75,4140.25,4144.25,,4144.25
1620154800,4144.5,4147,4138.5,4142.5,,4142.5
1620156600,4142.5,4161,4139.75,4160.75,,4160.75
1620158400,4160.75,4162.5,4155.25,4156,,4156
1620221400,4177.75,4178.25,4166.25,4169.5,,4169.5
1620223200,4169.75,4170.5,4153,4161.75,,4161.75
1620225000,4161.75,4168.75,4159.75,4167.5,,4167.5
1620226800,4167.75,4173,4165,4171,,4171
1620228600,4170.75,4179.5,4170,4179.25,,4179.25
1620230400,4179.5,4180,4175,4175.75,,4175.75
1620232200,4175.75,4176.75,4169.5,4170.25,,4170.25
1620234000,4170.25,4172,4167,4171.75,,4171.75
1620235800,4171.75,4175,4170.75,4172.75,,4172.75
1620237600,4172.75,4174.75,4168,4174,,4174
1620239400,4173.75,4176,4170,4170.75,,4170.75
1620241200,4170.75,4172,4155.25,4159.75,,4159.75
1620243000,4159.5,4165.25,4156.5,4161,,4161
1620244800,4161.25,4162.75,4156.25,4160.75,,4160.75
1620307800,4162.25,4167,4151.25,4151.5,,4151.5
1620309600,4151.75,4153,4140.5,4146.75,,4146.75
1620311400,4146.75,4157.5,4145.5,4154.75,,4154.75
1620313200,4154.75,4164.75,4145.75,4164.5,,4164.5
1620315000,4164.25,4179.5,4163,4172.75,,4172.75
1620316800,4172.75,4178.75,4169.25,4178.75,,4178.75
1620318600,4178.75,4179.25,4172.5,4173,,4173
1620320400,4172.75,4176,4167.5,4170.75,,4170.75
1620322200,4170.5,4173.25,4165.5,4165.75,,4165.75
1620324000,4165.75,4171.25,4160.75,4162.75,,4162.75
1620325800,4163,4169.5,4160,4165.25,,4165.25
1620327600,4165.25,4175.75,4163.75,4174,,4174
1620329400,4173.75,4195.75,4173,4194.5,,4194.5
1620331200,4194.5,4196.5,4192.75,4194.5,,4194.5
1620394200,4203,4218.5,4195.5,4213.25,,4213.25
1620396000,4213.25,4230.75,4212.5,4225.25,,4225.25
1620397800,4225.25,4228.5,4221.75,4225.75,,4225.75
1620399600,4225.5,4230,4224.25,4227.25,,4227.25
1620401400,4227.5,4232.25,4226.75,4229.25,,4229.25
1620403200,4229.25,4229.75,4223.5,4224.25,,4224.25
1620405000,4224.25,4226.25,4220.25,4225,,4225
1620406800,4225,4225.25,4218.5,4218.75,,4218.75
1620408600,4219,4224,4218.75,4220.75,,4220.75
1620410400,4221,4226.75,4216,4226.5,,4226.5
1620412200,4226.25,4226.75,4219.75,4225,,4225
1620414000,4225.25,4231.5,4223.5,4229,,4229
1620415800,4229.25,4231.75,4223.5,4224.5,,4224.5
1620417600,4224.5,4229.25,4223.75,4227.25,,4227.25
1620653400,4228.5,4231,4220.5,4224.75,,4224.75
1620655200,4225,4228,4220.5,4220.5,,4220.5
1620657000,4220.5,4221.5,4214.25,4219.5,,4219.5
1620658800,4219.5,4227.5,4217.25,4225.75,,4225.75
1620660600,4226,4228.5,4223,4227.25,,4227.25
1620662400,4227.5,4230.25,4224.5,4225,,4225
1620664200,4225,4226,4221.25,4221.75,,4221.75
1620666000,4221.75,4223.75,4219.75,4220.75,,4220.75
1620667800,4220.75,4221.75,4217.5,4218,,4218
1620669600,4218,4219,4198.25,4201.25,,4201.25
1620671400,4201,4202.5,4191,4197.25,,4197.25
1620673200,4197,4201,4192.75,4198,,4198
1620675000,4198,4202,4181.75,4183.75,,4183.75
1620676800,4183.75,4186,4178.5,4182,,4182
1620739800,4134.25,4152.5,4126,4152.5,,4152.5
1620741600,4152.5,4156.25,4121.5,4122,,4122
1620743400,4122,4127.25,4103.75,4121.75,,4121.75
1620745200,4121.75,4142.5,4111,4142.25,,4142.25
1620747000,4142.25,4147.25,4134.5,4143.75,,4143.75
1620748800,4143.75,4148,4136.5,4137.75,,4137.75
1620750600,4137.75,4140.75,4123.75,4128.75,,4128.75
1620752400,4128.5,4145.5,4127,4144.75,,4144.75
1620754200,4145,4150.75,4139.25,4145.75,,4145.75
1620756000,4145.75,4151.25,4135.25,4150.75,,4150.75
1620757800,4150.5,4150.5,4134.5,4144.5,,4144.5
1620759600,4144.25,4153.75,4137,4148,,4148
1620761400,4148,4149.25,4129.75,4146.25,,4146.25
1620763200,4146.25,4150.5,4139.5,4140,,4140
1620826200,4115.75,4129,4112.5,4114.25,,4114.25
1620828000,4114.25,4118.25,4106.25,4106.5,,4106.5
1620829800,4106.75,4110.25,4090.25,4097.5,,4097.5
1620831600,4097.5,4104.5,4094.75,4098.75,,4098.75
1620833400,4098.5,4101,4078.5,4080.75,,4080.75
1620835200,4081,4084.75,4070.25,4080.25,,4080.25
1620837000,4080,4083.75,4073,4080.5,,4080.5
1620838800,4080.25,4089,4075.75,4077.75,,4077.75
1620840600,4077.75,4082,4071.5,4075.75,,4075.75
1620842400,4075.5,4079.5,4067,4070,,4070
1620844200,4070,4085.5,4066,4077.25,,4077.25
1620846000,4077.25,4078.75,4056.75,4060,,4060
1620847800,4060,4068.75,4051,4057.75,,4057.75
1620849600,4057.75,4064,4053,4056.5,,4056.5
1620912600,4073.75,4103.75,4073.25,4103.25,,4103.25
1620914400,4103.5,4117.75,4103.5,4115.5,,4115.5
1620916200,4115.5,4123.25,4109.5,4121.5,,4121.5
1620918000,4121.25,4122.5,4099.75,4101.5,,4101.5
1620919800,4101.5,4110,4095.25,4099.75,,4099.75
1620921600,4100,4111.5,4097.75,4109.75,,4109.75
1620923400,4109.75,4114.75,4098.5,4101.75,,4101.75
1620925200,4101.75,4107.75,4089.5,4093.75,,4093.75
1620927000,4093.75,4095.75,4081.5,4091.25,,4091.25
1620928800,4091.5,4115.25,4090.75,4114.75,,4114.75
1620930600,4114.5,4120.25,4110.75,4113.75,,4113.75
1620932400,4113.75,4122.25,4111.25,4119.5,,4119.5
1620934200,4119.5,4126.75,4105,4105.5,,4105.5
1620936000,4105.75,4107,4101.5,4104.25,,4104.25
1620999000,4135,4152.25,4134.75,4152.25,,4152.25
1621000800,4152,4155.25,4144.5,4147.5,,4147.5
1621002600,4147.25,4156.75,4143.75,4156,,4156
1621004400,4156,4159.75,4151.5,4158,,4158
1621006200,4158.25,4160.75,4155.75,4157,,4157
1621008000,4157,4163.5,4156.25,4162,,4162
1621009800,4162.25,4165.75,4160.75,4165.25,,4165.25
1621011600,4165.5,4167.5,4163.75,4166.75,,4166.75
1621013400,4167,4168.5,4164.75,4167.5,,4167.5
1621015200,4167.25,4172.5,4166,4170.5,,4170.5
1621017000,4170.5,4178.25,4170.5,4175.25,,4175.25
1621018800,4175.5,4176.5,4170.25,4173.75,,4173.75
1621020600,4173.5,4177.25,4166,4169,,4169
1621022400,4168.75,4176.25,4167.25,4173.5,,4173.5
1621258200,4156.75,4167,4147.75,4152.25,,4152.25
1621260000,4152.25,4159,4144.25,4146.5,,4146.5
1621261800,4146.25,4157,4142.5,4151.75,,4151.75
1621263600,4151.75,4153.75,4141.25,4145,,4145
1621265400,4145.25,4151,4141.5,4144.5,,4144.5
1621267200,4144.25,4150.5,4141.25,4150,,4150
1621269000,4149.75,4154.25,4146.5,4147.75,,4147.75
1621270800,4147.5,4150.25,4140.25,4143.25,,4143.25
1621272600,4143.25,4146.5,4136.5,4143.25,,4143.25
1621274400,4143.25,4149.5,4141.5,4148.5,,4148.5
1621276200,4148.75,4155.25,4144.5,4154.75,,4154.75
1621278000,4154.75,4160.25,4150.75,4152.75,,4152.75
1621279800,4152.75,4159.5,4150.75,4158.5,,4158.5
1621281600,4158.75,4162.5,4155.5,4159.75,,4159.75
1621344600,4161,4163.5,4151.25,4154,,4154
1621346400,4153.75,4160.5,4147.5,4160.5,,4160.5
1621348200,4160.5,4162.75,4155.5,4160,,4160
1621350000,4160,4161.25,4157.75,4158.25,,4158.25
1621351800,4158.25,4158.75,4151.5,4151.75,,4151.75
1621353600,4151.75,4157.5,4150.5,4156.75,,4156.75
1621355400,4157,4158,4154.25,4155.5,,4155.5
1621357200,4155.75,4158.5,4152.5,4158.25,,4158.25
1621359000,4158.25,4158.75,4152.5,4152.5,,4152.5
1621360800,4152.5,4154,4146.25,4147,,4147
1621362600,4146.75,4147.75,4134,4142.75,,4142.75
1621364400,4142.75,4147,4140.5,4145.5,,4145.5
1621366200,4145.75,4149,4120.5,4123,,4123
1621368000,4122.75,4126.25,4120.75,4122.75,,4122.75
1621431000,4071.75,4079,4061,4072,,4072
1621432800,4071.75,4075.25,4055.5,4072,,4072
1621434600,4071.75,4076.5,4055.75,4073,,4073
1621436400,4072.75,4086,4066.75,4083.5,,4083.5
1621438200,4083.5,4086.75,4074.5,4086,,4086
1621440000,4085.75,4095.5,4082,4092,,4092
1621441800,4092.25,4096.75,4090,4094.25,,4094.25
1621443600,4094,4105,4093.75,4101.25,,4101.25
1621445400,4101,4101.5,4091.75,4096.5,,4096.5
1621447200,4096.75,4107.5,4078.25,4103.25,,4103.25
1621449000,4103,4108,4082,4084.25,,4084.25
1621450800,4084.5,4104.75,4078.5,4102.25,,4102.25
1621452600,4102,4113,4089.25,4111.5,,4111.5
1621454400,4111.5,4113.75,4105.75,4107.25,,4107.25
1621517400,4120.75,4135,4119.25,4133.25,,4133.25
1621519200,4133.5,4139.5,4132,4139.25,,4139.25
1621521000,4139.25,4144.5,4136.25,4142.25,,4142.25
1621522800,4142.5,4151.75,4142.25,4151.5,,4151.5
1621524600,4151.5,4164.5,4151.25,4158.5,,4158.5
1621526400,4158.5,4158.75,4149.25,4149.5,,4149.5
1621528200,4149.75,4152.75,4143.75,4151.25,,4151.25
1621530000,4151,4157.75,4149.25,4157,,4157
1621531800,4157,4158.25,4148.25,4154,,4154
1621533600,4154,4158.25,4153.5,4158.25,,4158.25
1621535400,4158.5,4161.25,4155.75,4158.5,,4158.5
1621537200,4158.75,4169.25,4155,4169,,4169
1621539000,4168.75,4169,4152,4155.5,,4155.5
1621540800,4155.5,4157,4150.75,4153.5,,4153.5
1621603800,4171.5,4184.75,4171.25,4184.75,,4184.75
1621605600,4184.75,4185,4170.25,4170.5,,4170.5
1621607400,4170.5,4176.25,4166.25,4173.5,,4173.5
1621609200,4173.25,4175.5,4164.75,4165.75,,4165.75
1621611000,4165.5,4170.5,4161.25,4162.25,,4162.25
1621612800,4162.25,4165.25,4154,4157.75,,4157.75
1621614600,4157.5,4159.75,4147,4151.5,,4151.5
1621616400,4151.5,4157.75,4150.75,4157,,4157
1621618200,4157,4162.5,4156.75,4160,,4160
1621620000,4160.25,4164.5,4156,4157.5,,4157.5
1621621800,4157.25,4161.25,4152.25,4160.25,,4160.25
1621623600,4160,4165.25,4155.75,4162.5,,4162.5
1621625400,4162.75,4163,4150,4152.5,,4152.5
1621627200,4152.5,4157.25,4151.75,4156.75,,4156.75
1621863000,4176.25,4185,4173.5,4184.75,,4184.75
1621864800,4184.75,4196,4184.75,4193.25,,4193.25
1621866600,4193.25,4198.25,4193,4196.25,,4196.25
1621868400,4196.25,4199,4194,4198.75,,4198.75
1621870200,4198.75,4200,4195.25,4195.25,,4195.25
1621872000,4195.5,4197.5,4192,4192.75,,4192.75
1621873800,4193,4196.75,4193,4196,,4196
1621875600,4196.25,4199.5,4194.5,4199.5,,4199.5
1621877400,4199.5,4201.5,4199,4200.75,,4200.75
1621879200,4200.5,4205,4200.5,4203.75,,4203.75
1621881000,4203.75,4206.25,4203,4203.75,,4203.75
1621882800,4203.75,4206,4201.75,4202.5,,4202.5
1621884600,4202.75,4203.25,4192.25,4194.5,,4194.5
1621886400,4194.75,4198,4193.75,4198,,4198
1621949400,4206.25,4210,4195.5,4196.25,,4196.25
1621951200,4196,4199.75,4195,4197.75,,4197.75
1621953000,4197.75,4199,4192.5,4197,,4197
1621954800,4197.25,4198,4187.25,4188.5,,4188.5
1621956600,4188.25,4191.75,4182.5,4191.75,,4191.75
1621958400,4191.75,4197.5,4190.25,4196,,4196
1621960200,4196,4197.5,4193.25,4194.25,,4194.25
1621962000,4194.25,4195.25,4186.75,4193.75,,4193.75
1621963800,4194,4195,4189.25,4190.5,,4190.5
1621965600,4190.5,4191.25,4185.25,4186,,4186
1621967400,4186.25,4190.75,4185,4186.75,,4186.75
1621969200,4186.5,4190.5,4181,4187.5,,4187.5
1621971000,4187.5,4188,4179.25,4185.75,,4185.75
1621972800,4186,4186.75,4184.5,4185,,4185
1622035800,4191.5,4194.75,4181,4182.25,,4182.25
1622037600,4182,4192.5,4180.5,4190.5,,4190.5
1622039400,4190.25,4192.5,4188.5,4192,,4192
1622041200,4192,4196.75,4190.75,4192.5,,4192.5
1622043000,4192.5,4196.5,4190,4195.75,,4195.75
1622044800,4195.75,4197.5,4194.75,4196,,4196
1622046600,4195.75,4198,4195,4196.75,,4196.75
1622048400,4196.75,4199,4193.25,4195.5,,4195.5
1622050200,4195.75,4195.75,4187.25,4189.75,,4189.75
1622052000,4189.75,4194.75,4189.5,4193.75,,4193.75
1622053800,4194,4194.5,4190,4191.5,,4191.5
1622055600,4191.25,4194.5,4189,4192.5,,4192.5
1622057400,4192.5,4194.25,4188.75,4193.75,,4193.75
1622059200,4193.75,4194,4192.25,4193.75,,4193.75
1622122200,4204.5,4209.25,4202,4203.75,,4203.75
1622124000,4204,4208.25,4200.75,4206.25,,4206.25
1622125800,4206.25,4210,4200.75,4203.75,,4203.75
1622127600,4204,4205.5,4200,4200.25,,4200.25
1622129400,4200.25,4206.75,4197.5,4205.75,,4205.75
1622131200,4205.75,4207.25,4204.75,4205.75,,4205.75
1622133000,4205.75,4206.75,4202.5,4203.25,,4203.25
1622134800,4203.25,4205,4201.5,4202,,4202
1622136600,4201.75,4202.75,4197,4200,,4200
1622138400,4199.75,4200.25,4195,4198.75,,4198.75
1622140200,4198.5,4200.25,4195.25,4199,,4199
1622142000,4198.75,4198.75,4194.25,4197.25,,4197.25
1622143800,4197.25,4204.25,4194.25,4195,,4195
1622145600,4195,4209,4194.25,4208,,4208
1622208600,4212.5,4214,4206.25,4211.5,,4211.5
1622210400,4211.75,4213.5,4202.5,4203.75,,4203.75
1622212200,4203.75,4209.5,4203.75,4207.25,,4207.25
1622214000,4207.5,4211,4206.25,4210,,4210
1622215800,4210,4213.25,4209.5,4212.25,,4212.25
1622217600,4212.5,4215.5,4211.75,4214.25,,4214.25
1622219400,4214.25,4215.25,4211,4211.75,,4211.75
1622221200,4211.75,4213,4208.25,4209.25,,4209.25
1622223000,4209.5,4211,4208.25,4209.75,,4209.75
1622224800,4210,4210.75,4207.5,4210.75,,4210.75
1622226600,4210.75,4211.75,4209.5,4210.5,,4210.5
1622228400,4210.75,4211.25,4207,4209.5,,4209.5
1622230200,4209.25,4212.5,4201,4203.5,,4203.5
1622232000,4203.25,4206.5,4203,4204,,4204
1622554200,4228.75,4230,4212.75,4216,,4216
1622556000,4216,4218.25,4201.75,4207.25,,4207.25
1622557800,4207.5,4210,4197.5,4201.25,,4201.25
1622559600,4201,4206,4198.25,4205,,4205
1622561400,4205,4207.75,4202.5,4206,,4206
1622563200,4206,4206.75,4200.25,4203.25,,4203.25
1622565000,4203.25,4205.25,4199.5,4201.25,,4201.25
1622566800,4201.25,4201.25,4195,4196.25,,4196.25
1622568600,4196.25,4199.5,4195.25,4198.75,,4198.75
1622570400,4198.75,4203.5,4197.5,4203.5,,4203.5
1622572200,4203.5,4206.75,4202.5,4206,,4206
1622574000,4206.25,4206.5,4201.25,4201.5,,4201.5
1622575800,4201.75,4203,4197.25,4199.25,,4199.25
1622577600,4199.25,4202,4197.5,4200,,4200
1622640600,4206.5,4209.5,4198,4206.5,,4206.5
1622642400,4206.75,4212.5,4204.75,4211.25,,4211.25
1622644200,4211,4212.5,4207.5,4209.5,,4209.5
1622646000,4209.75,4215,4207.5,4213.5,,4213.5
1622647800,4213.25,4214.5,4210.5,4211,,4211
1622649600,4211.25,4211.75,4205.25,4207,,4207
1622651400,4206.75,4207.75,4203.75,4207,,4207
1622653200,4206.75,4208,4198.5,4201,,4201
1622655000,4201,4203,4198.25,4200.5,,4200.5
1622656800,4200.5,4202.75,4195.5,4200.5,,4200.5
1622658600,4200.25,4202,4199,4201.25,,4201.25
1622660400,4201.25,4203,4199.5,4200.25,,4200.25
1622662200,4200,4207.5,4198.25,4206.25,,4206.25
1622664000,4206.25,4207,4204.5,4205,,4205
1622727000,4181,4184.5,4165.25,4173.75,,4173.75
1622728800,4173.75,4184,4172.5,4178.75,,4178.75
1622730600,4178.5,4196,4175,4195.75,,4195.75
1622732400,4195.75,4202.5,4193.75,4199.25,,4199.25
1622734200,4199.25,4200.5,4193,4196.75,,4196.75
1622736000,4196.75,4199,4191.75,4195.5,,4195.5
1622737800,4195.75,4200,4193.5,4198,,4198
1622739600,4198,4201,4191.25,4200.25,,4200.25
1622741400,4200.5,4201.5,4196,4197.75,,4197.75
1622743200,4197.75,4198.75,4192.5,4193,,4193
1622745000,4192.75,4195.25,4190,4190.25,,4190.25
1622746800,4190,4194.5,4189.75,4194.5,,4194.5
1622748600,4194.5,4197.25,4190,4190.75,,4190.75
1622750400,4190.75,4192,4188.75,4189.5,,4189.5
1622813400,4210.25,4217.75,4209.25,4215.25,,4215.25
1622815200,4215,4219,4214.75,4216.5,,4216.5
1622817000,4216.25,4221.75,4215.75,4220,,4220
1622818800,4220,4223,4219.5,4221.5,,4221.5
1622820600,4221.5,4222,4217.25,4218.75,,4218.75
1622822400,4218.75,4220.25,4217.25,4218.75,,4218.75
1622824200,4219,4221.75,4219,4221.5,,4221.5
1622826000,4221.5,4223,4220.25,4221,,4221
1622827800,4221,4225.25,4221,4224.25,,4224.25
1622829600,4224.25,4227,4224.25,4227,,4227
1622831400,4227,4229.25,4226.5,4227.75,,4227.75
1622833200,4227.5,4228.25,4226,4227.5,,4227.5
1622835000,4227.25,4232,4226.25,4228.25,,4228.25
1622836800,4228.25,4228.75,4224.75,4226,,4226
1623072600,4228.5,4230.5,4222,4224.75,,4224.75
1623074400,4224.5,4225,4217.5,4218.75,,4218.75
1623076200,4219,4220.25,4215.5,4220,,4220
1623078000,4220,4221.75,4217,4217,,4217
1623079800,4217.25,4218,4215,4217.75,,4217.75
1623081600,4218,4221,4217.25,4218,,4218
1623083400,4218,4220.75,4217.5,4219.5,,4219.5
1623085200,4219.75,4220.75,4216.5,4217.75,,4217.75
1623087000,4217.75,4219.25,4214.5,4215,,4215
1623088800,4215,4218.25,4214.75,4217.75,,4217.75
1623090600,4217.75,4222.5,4217,4220.75,,4220.75
1623092400,4221,4225,4220.5,4224.75,,4224.75
1623094200,4224.75,4226.75,4220.75,4225.25,,4225.25
1623096000,4225.25,4226.75,4225,4226,,4226
1623159000,4234,4235,4219.25,4220,,4220
1623160800,4220.25,4225.5,4218,4221.5,,4221.5
1623162600,4221.5,4225.25,4218.75,4221.75,,4221.75
1623164400,4221.5,4224.75,4205.75,4212,,4212
1623166200,4212,4224,4211.5,4222.75,,4222.75
1623168000,4222.75,4227.5,4221.75,4227.25,,4227.25
1623169800,4227.25,4229,4226,4228.5,,4228.5
1623171600,4228.25,4229,4224.75,4224.75,,4224.75
1623173400,4224.75,4229.25,4224.25,4225,,4225
1623175200,4225,4228.75,4224.25,4228.5,,4228.5
1623177000,4228.5,4230.75,4226.25,4230.25,,4230.25
1623178800,4230.25,4232,4228.5,4229.75,,4229.75
1623180600,4229.75,4230.5,4225,4225.5,,4225.5
1623182400,4225.25,4226.75,4225,4225.75,,4225.75
1623245400,4234.5,4235,4227,4231,,4231
1623247200,4231.25,4232.75,4226,4231.75,,4231.75
1623249000,4231.75,4233.5,4229.75,4231.25,,4231.25
1623250800,4231.25,4234,4230.75,4232.25,,4232.25
1623252600,4232.25,4232.5,4224.75,4227.5,,4227.5
1623254400,4227.5,4229.5,4226.5,4229,,4229
1623256200,4229.25,4230.75,4228.75,4230.25,,4230.25
1623258000,4230.25,4232.5,4229.25,4231.25,,4231.25
1623259800,4231.25,4231.75,4227.75,4229.25,,4229.25
1623261600,4229.25,4231.25,4228,4231,,4231
1623263400,4230.75,4231.75,4226.25,4227,,4227
1623265200,4227,4227,4221,4221,,4221
1623267000,4221,4223.5,4217,4219.25,,4219.25
1623268800,4219.25,4222.5,4219,4221.75,,4221.75
1623331800,4232.5,4248,4232,4245.25,,4245.25
1623333600,4245.25,4249,4238.75,4240.25,,4240.25
1623335400,4240.25,4241.75,4218.25,4227.25,,4227.25
1623337200,4227,4235,4224,4234.75,,4234.75
1623339000,4234.75,4238,4231.25,4237.25,,4237.25
1623340800,4237.5,4238.75,4233.75,4235.25,,4235.25
1623342600,4235.5,4242,4235.5,4241.75,,4241.75
1623344400,4241.75,4243.25,4239.5,4240.25,,4240.25
1623346200,4240.25,4243.5,4238,4243.5,,4243.5
1623348000,4243.5,4243.5,4239,4239.5,,4239.5
1623349800,4239.5,4241.25,4236.5,4240.5,,4240.5
1623351600,4240.75,4241,4236.25,4237.5,,4237.5
1623353400,4237.75,4240,4234.5,4238.5,,4238.5
1623355200,4238.5,4240.25,4236.5,4237.25,,4237.25
1623418200,4244.75,4246.75,4240.5,4242.5,,4242.5
1623420000,4242.25,4245.75,4237,4239.25,,4239.25
1623421800,4239.25,4239.5,4234.75,4236.25,,4236.25
1623423600,4236.25,4237.75,4232.75,4237.5,,4237.5
1623425400,4237.75,4238.75,4235.25,4236.25,,4236.25
1623427200,4236,4237.25,4232.5,4232.75,,4232.75
1623429000,4232.75,4235,4230.75,4234.5,,4234.5
1623430800,4234.5,4236,4233,4235.25,,4235.25
1623432600,4235,4238.25,4235,4237.75,,4237.75
1623434400,4237.75,4240.5,4237.75,4240,,4240
1623436200,4240.25,4241,4238.5,4240.5,,4240.5
1623438000,4240.25,4240.5,4237.5,4238,,4238
1623439800,4238,4246.75,4236.75,4245.5,,4245.5
1623441600,4245.75,4247,4244.25,4245.25,,4245.25
1623677400,4246.5,4247,4239.5,4241.75,,4241.75
1623679200,4242,4242.75,4236,4237.75,,4237.75
1623681000,4237.75,4240.5,4234.75,4240,,4240
1623682800,4239.75,4242.75,4236.5,4237.5,,4237.5
1623684600,4237.5,4238,4234.75,4236.5,,4236.5
1623686400,4236.5,4238.5,4235.75,4236.75,,4236.75
1623688200,4236.75,4236.75,4233.5,4234,,4234
1623690000,4234.25,4236.75,4233.5,4236.5,,4236.5
1623691800,4236.25,4237.5,4235,4235.75,,4235.75
1623693600,4236,4236.5,4234.25,4234.25,,4234.25
1623695400,4234.5,4238.25,4234.25,4237.75,,4237.75
1623697200,4237.75,4239.75,4237,4239.75,,4239.75
1623699000,4239.75,4256.75,4239.5,4256.25,,4256.25
1623700800,4256.5,4257.5,4253.75,4255.25,,4255.25
1623763800,4247.75,4248.25,4239,4240.25,,4240.25
1623765600,4240.25,4241.25,4235.75,4237,,4237
1623767400,4237,4238,4233.25,4233.5,,4233.5
1623769200,4233.75,4236.5,4232,4234.25,,4234.25
1623771000,4234.5,4234.5,4228.25,4232.25,,4232.25
1623772800,4232.5,4237.5,4232.25,4237,,4237
1623774600,4237,4237.75,4233,4235,,4235
1623776400,4235,4236.5,4231.75,4233.5,,4233.5
1623778200,4233.25,4240,4233,4239,,4239
1623780000,4239,4242.5,4236.75,4238.75,,4238.75
1623781800,4238.75,4242.25,4236.75,4240,,4240
1623783600,4239.75,4240.25,4235,4236.5,,4236.5
1623785400,4236.5,4242,4232.5,4237.5,,4237.5
1623787200,4237.5,4239,4236.25,4237.25,,4237.25
1623850200,4239.25,4241.5,4234,4236,,4236
1623852000,4236,4238.5,4234.5,4235.75,,4235.75
1623853800,4235.75,4236.5,4233,4234.75,,4234.75
1623855600,4234.75,4238.5,4233.75,4237.75,,4237.75
1623857400,4237.75,4238,4234.5,4235,,4235
1623859200,4234.75,4235.75,4225,4227.5,,4227.5
1623861000,4227.5,4229,4224.75,4227.75,,4227.75
1623862800,4227.5,4228.5,4222.25,4223.5,,4223.5
1623864600,4223.25,4227.25,4218,4223.75,,4223.75
1623866400,4223.75,4223.75,4190.25,4207.5,,4207.5
1623868200,4207.5,4211,4191,4208.75,,4208.75
1623870000,4208.75,4228,4206,4221.5,,4221.5
1623871800,4221.5,4228,4211.5,4213.75,,4213.75
1623873600,4213.5,4217,4213,4213.25,,4213.25
1623936600,4208.75,4221.5,4208,4210.5,,4210.5
1623938400,4210.75,4215.25,4203.25,4212.25,,4212.25
1623940200,4212.25,4221.75,4209.25,4211,,4211
1623942000,4211,4213.75,4205.25,4213,,4213
1623943800,4213,4218.75,4203.75,4205.25,,4205.25
1623945600,4205,4206.5,4186.25,4188.75,,4188.75
1623947400,4188.75,4203.5,4185.5,4203.5,,4203.5
1623949200,4203.25,4214.75,4202.75,4214.75,,4214.75
1623951000,4214.75,4218.25,4211.75,4214.25,,4214.25
1623952800,4214.25,4216,4211,4214.75,,4214.75
1623954600,4214.75,4215,4208.5,4210.5,,4210.5
1623956400,4210.5,4219.75,4208.25,4218.25,,4218.25
1623958200,4218,4222.75,4210.5,4212.5,,4212.5
1623960000,4212.75,4215.25,4211.75,4213.25,,4213.25
1624023000,4175.75,4183.75,4168,4177.5,,4177.5
1624024800,4177.5,4179.75,4166.25,4171.75,,4171.75
1624026600,4171.75,4177.5,4163.5,4167.25,,4167.25
1624028400,4167,4170.75,4161.25,4161.75,,4161.75
1624030200,4161.75,4174.5,4161,4172.75,,4172.75
1624032000,4172.75,4178,4169,4178,,4178
1624033800,4178,4178,4168.25,4172.25,,4172.25
1624035600,4172.5,4177.5,4169.5,4170,,4170
1624037400,4169.75,4174.75,4165.5,4171.5,,4171.5
1624039200,4171.25,4176.5,4168.75,4173,,4173
1624041000,4173,4173.75,4162.25,4163.5,,4163.5
1624042800,4163.5,4174.5,4161,4170.75,,4170.75
1624044600,4170.5,4174.75,4151.75,4154.75,,4154.75
1624046400,4154.75,4155.5,4147.5,4151.25,,4151.25
1624282200,4173.5,4185.5,4164.75,4184,,4184
1624284000,4184,4197.5,4183,4196.25,,4196.25
1624285800,4196.25,4208.25,4196.25,4206,,4206
1624287600,4206,4207.5,4202.25,4204,,4204
1624289400,4204.25,4209.75,4203.75,4207.25,,4207.25
1624291200,4207.5,4209,4203.75,4206,,4206
1624293000,4206,4207.75,4204.25,4204.5,,4204.5
1624294800,4204.75,4207.75,4203.5,4207,,4207
1624296600,4207,4215.75,4207,4213,,4213
1624298400,4213.25,4214.75,4210.75,4211.5,,4211.5
1624300200,4211.5,4213.5,4209.25,4212.25,,4212.25
1624302000,4212.25,4215.25,4209,4212,,4212
1624303800,4212.25,4216.25,4209,4214,,4214
1624305600,4214,4219,4212.5,4219,,4219
1624368600,4213.75,4216.5,4206.25,4209.5,,4209.5
1624370400,4209.5,4218.75,4205.75,4218,,4218
1624372200,4217.75,4224,4217.25,4224,,4224
1624374000,4224,4231.75,4222.75,4229.5,,4229.5
1624375800,4229.5,4230.75,4225,4225.5,,4225.5
1624377600,4225.75,4230,4225.75,4229.75,,4229.75
1624379400,4229.75,4230,4227,4228.25,,4228.25
1624381200,4228,4230.75,4226.5,4229.25,,4229.25
1624383000,4229.5,4230,4228.5,4229.25,,4229.25
1624384800,4229.5,4231.75,4227.5,4230,,4230
1624386600,4230.25,4235.75,4229.5,4234.75,,4234.75
1624388400,4234.75,4245.5,4234.5,4243.75,,4243.75
1624390200,4243.75,4245,4235.25,4236,,4236
1624392000,4236,4238.25,4233.75,4236.25,,4236.25
1624455000,4237,4243.5,4235.75,4241.75,,4241.75
1624456800,4241.5,4246.25,4238,4241.75,,4241.75
1624458600,4242,4242.5,4237.75,4241,,4241
1624460400,4240.75,4242.75,4235,4237.5,,4237.5
1624462200,4237.25,4239,4234.25,4238.25,,4238.25
1624464000,4238.25,4240,4237.25,4239.25,,4239.25
1624465800,4239.25,4239.25,4232.25,4236.75,,4236.75
1624467600,4236.75,4241.25,4235.75,4240.75,,4240.75
1624469400,4240.75,4241.25,4239,4241,,4241
1624471200,4241,4241,4237.25,4237.75,,4237.75
1624473000,4237.75,4239.75,4237,4239,,4239
1624474800,4239,4243.75,4237.25,4242.25,,4242.25
1624476600,4242.25,4242.5,4230.5,4231.75,,4231.75
1624478400,4231.5,4234.75,4231.25,4233.5,,4233.5
1624541400,4254.25,4258.25,4252.5,4254.25,,4254.25
1624543200,4254.5,4260.25,4252.5,4260,,4260
1624545000,4260,4260.5,4254.5,4255.25,,4255.25
1624546800,4255.5,4257.25,4253.25,4255.25,,4255.25
1624548600,4255.25,4256.25,4251.25,4253,,4253
1624550400,4253,4257,4252.75,4254.75,,4254.75
1624552200,4255,4258.75,4253.75,4257.5,,4257.5
1624554000,4257.5,4260.75,4254.25,4255.75,,4255.75
1624555800,4255.75,4257,4253,4256.75,,4256.75
1624557600,4256.75,4259.75,4256.25,4259.25,,4259.25
1624559400,4259.5,4260.75,4258,4259.25,,4259.25
1624561200,4259,4259.5,4255,4255.75,,4255.75
1624563000,4255.75,4259,4254,4256,,4256
1624564800,4256,4259,4255.5,4258.5,,4258.5
1624627800,4264.25,4266.25,4260.75,4263.75,,4263.75
1624629600,4263.5,4270,4261.25,4268.5,,4268.5
1624631400,4268.75,4269.5,4264,4264.25,,4264.25
1624633200,4264.25,4268.25,4263.75,4268.25,,4268.25
1624635000,4268.25,4268.75,4266.5,4268.25,,4268.25
1624636800,4268.25,4269,4266,4266.25,,4266.25
1624638600,4266.25,4268.75,4266.25,4268.25,,4268.25
1624640400,4268.25,4268.25,4265.75,4266.75,,4266.75
1624642200,4266.75,4268.5,4264.75,4267.75,,4267.75
1624644000,4267.75,4269.75,4266.5,4269,,4269
1624645800,4269,4271.75,4268.25,4271,,4271
1624647600,4271,4275.25,4270.5,4271.25,,4271.25
1624649400,4271.25,4276.75,4269.75,4270.75,,4270.75
1624651200,4270.75,4273.75,4269.75,4271.5,,4271.5
1624887000,4277.25,4278,4265.75,4272.25,,4272.25
1624888800,4272.5,4273.75,4269,4272,,4272
1624890600,4271.75,4274.5,4269.5,4270.5,,4270.5
1624892400,4270.5,4273.5,4267.25,4268,,4268
1624894200,4268.25,4271.25,4267,4270.75,,4270.75
1624896000,4271,4272.25,4268.5,4269.25,,4269.25
1624897800,4269,4270,4267,4267,,4267
1624899600,4267,4267.75,4264.25,4265.25,,4265.25
1624901400,4265,4270.75,4264.5,4270.25,,4270.25
1624903200,4270.25,4273,4270,4272.75,,4272.75
1624905000,4272.75,4275.25,4272.25,4274.75,,4274.75
1624906800,4274.75,4278.25,4273,4277.5,,4277.5
1624908600,4277.5,4282,4276.5,4280.25,,4280.25
1624910400,4280.25,4280.5,4278.5,4280.5,,4280.5
1624973400,4284.25,4289,4283.75,4286.75,,4286.75
1624975200,4287,4288.25,4284.75,4287,,4287
1624977000,4287.25,4291,4286.25,4287,,4287
1624978800,4287.25,4287.75,4285,4287.25,,4287.25
1624980600,4287.25,4287.5,4284,4285.25,,4285.25
1624982400,4285.5,4286.25,4284.25,4285.75,,4285.75
1624984200,4285.75,4286,4283,4285.25,,4285.25
1624986000,4285.5,4286,4282.75,4283,,4283
1624987800,4282.75,4284.5,4281.75,4284,,4284
1624989600,4284,4286,4281.5,4282,,4282
1624991400,4282,4282.5,4277,4280.75,,4280.75
1624993200,4280.75,4283,4278.5,4282.75,,4282.75
1624995000,4282.5,4283.75,4280.25,4282.5,,4282.5
1624996800,4282.5,4286.25,4282,4285.25,,4285.25
1625059800,4277.5,4285,4277.25,4280.75,,4280.75
1625061600,4280.75,4285.5,4280.5,4284.5,,4284.5
1625063400,4284.5,4288.75,4284,4287.5,,4287.5
1625065200,4287.5,4289.25,4283.25,4284.75,,4284.75
1625067000,4285,4286.5,4283.25,4285,,4285
1625068800,4285,4286.5,4283.25,4283.5,,4283.5
1625070600,4283.75,4287.25,4282.75,4285.5,,4285.5
1625072400,4285.5,4286.5,4283.75,4284.25,,4284.25
1625074200,4284.25,4285,4283.25,4284.25,,4284.25
1625076000,4284.25,4284.75,4281.25,4284.5,,4284.5
1625077800,4284.5,4286,4283.5,4284.75,,4284.75
1625079600,4285,4288,4284.25,4287.25,,4287.25
1625081400,4287.5,4293.75,4285.25,4286.25,,4286.25
1625083200,4286.5,4293.25,4285.25,4291.75,,4291.75
1625146200,4294,4300.25,4293.25,4298.75,,4298.75
1625148000,4299,4302,4296.25,4299.25,,4299.25
1625149800,4299.25,4303,4297.75,4300.25,,4300.25
1625151600,4300.25,4302.75,4294,4299,,4299
1625153400,4298.75,4302.25,4298.25,4300.75,,4300.75
1625155200,4301,4302,4299.5,4301.25,,4301.25
1625157000,4301.25,4301.75,4299.5,4300.5,,4300.5
1625158800,4300.5,4303.25,4299.75,4303,,4303
1625160600,4303,4307.75,4302.5,4304.75,,4304.75
1625162400,4305,4307.75,4303.75,4307.5,,4307.5
1625164200,4307.25,4309.75,4307.25,4309.5,,4309.5
1625166000,4309.5,4310.75,4308,4308.25,,4308.25
1625167800,4308.5,4312,4306.25,4310.5,,4310.5
1625169600,4310.75,4311.5,4307.75,4308,,4308
1625232600,4322.25,4325,4319,4323.75,,4323.75
1625234400,4324,4325.5,4321.75,4324.5,,4324.5
1625236200,4324.5,4325.5,4323,4324.75,,4324.75
1625238000,4325,4327.25,4324,4327,,4327
1625239800,4326.75,4332.75,4326,4330.25,,4330.25
1625241600,4330.25,4331.25,4329.25,4330.75,,4330.75
1625243400,4330.75,4339,4330.5,4338.5,,4338.5
1625245200,4338.75,4341,4336.5,4337.5,,4337.5
1625247000,4337.5,4339.75,4336.25,4339.25,,4339.25
1625248800,4339.25,4341.75,4338.5,4341.5,,4341.5
1625250600,4341.5,4341.75,4337.75,4338.5,,4338.5
1625252400,4338.5,4342.75,4337.75,4342.25,,4342.25
1625254200,4342,4347,4340.25,4343,,4343
1625256000,4343.25,4343.25,4339.25,4340,,4340
1625578200,4343.5,4345.75,4334.25,4335.25,,4335.25
1625580000,4335,4336.25,4324.25,4328.5,,4328.5
1625581800,4328.25,4328.5,4315.5,4315.5,,4315.5
1625583600,4315.75,4318.25,4310,4317,,4317
1625585400,4317,4320.25,4315.5,4317,,4317
1625587200,4316.75,4317,4305.25,4310.75,,4310.75
1625589000,4310.5,4316,4306.25,4315.75,,4315.75
1625590800,4315.75,4321,4314.5,4319.25,,4319.25
1625592600,4319,4323.75,4318.25,4323,,4323
1625594400,4323,4327.5,4322.25,4327.25,,4327.25
1625596200,4327.5,4330,4324,4326.75,,4326.75
1625598000,4326.75,4334.25,4326.25,4333.5,,4333.5
1625599800,4333.5,4337.5,4330.25,4334.5,,4334.5
1625601600,4334.5,4335.25,4330.25,4330.25,,4330.25
1625664600,4342.25,4347.5,4339.25,4342.75,,4342.75
1625666400,4343,4343.75,4330.75,4331.5,,4331.5
1625668200,4331.5,4333.75,4320.25,4331.75,,4331.75
1625670000,4332,4340.25,4328,4340,,4340
1625671800,4340,4347,4337.5,4343.25,,4343.25
1625673600,4343.25,4350,4343,4344.75,,4344.75
1625675400,4344.75,4348.25,4343,4345.75,,4345.75
1625677200,4346,4346.25,4341.5,4343,,4343
1625679000,4343,4347.75,4341.75,4344.25,,4344.25
1625680800,4344.5,4353.25,4343.5,4347.5,,4347.5
1625682600,4347.5,4351,4342.75,4350,,4350
1625684400,4350.25,4352.75,4349,4350.25,,4350.25
1625686200,4350.5,4352.75,4346.25,4349.75,,4349.75
1625688000,4349.75,4351,4347.5,4349.75,,4349.75
1625751000,4292.5,4301.25,4281.5,4299.75,,4299.75
1625752800,4299.5,4299.75,4280.25,4294.75,,4294.75
1625754600,4295,4297,4283.75,4286.25,,4286.25
1625756400,4286.25,4305,4284.75,4304,,4304
1625758200,4304,4316.25,4300.25,4314.25,,4314.25
1625760000,4314.25,4317.75,4311.5,4316,,4316
1625761800,4316,4322.75,4315.75,4320.75,,4320.75
1625763600,4320.75,4321.5,4313.75,4319.25,,4319.25
1625765400,4319.25,4321,4313.75,4314.75,,4314.75
1625767200,4314.75,4315.5,4305,4306.75,,4306.75
1625769000,4306.75,4310,4303.5,4307.75,,4307.75
1625770800,4307.5,4311.25,4301,4307,,4307
1625772600,4307,4316,4296.75,4315.5,,4315.5
1625774400,4315.5,4316.5,4307.5,4308.75,,4308.75
1625837400,4331,4341.75,4328.25,4341.25,,4341.25
1625839200,4341.25,4349.25,4341.25,4347,,4347
1625841000,4347,4349.75,4344.5,4346.5,,4346.5
1625842800,4346.5,4354.25,4346.25,4352.75,,4352.75
1625844600,4352.75,4357.75,4351.25,4352.75,,4352.75
1625846400,4352.75,4354.75,4350.75,4352,,4352
1625848200,4352,4356.25,4351.25,4353.75,,4353.75
1625850000,4353.75,4354.5,4351.25,4353.75,,4353.75
1625851800,4354,4355.5,4352.5,4355,,4355
1625853600,4355,4357.5,4355,4356.75,,4356.75
1625855400,4357,4362,4356.25,4361.25,,4361.25
1625857200,4361.25,4362.5,4359.25,4361,,4361
1625859000,4360.75,4364,4358.5,4360.25,,4360.25
1625860800,4360,4361,4358.25,4359.5,,4359.5
1626096600,4359.25,4364.75,4354.75,4364.5,,4364.5
1626098400,4364.75,4369.75,4361.25,4369.75,,4369.75
1626100200,4369.75,4372.75,4369.25,4371.25,,4371.25
1626102000,4371.5,4372,4368.25,4369.25,,4369.25
1626103800,4369.25,4371.25,4366,4371,,4371
1626105600,4371.25,4372.5,4369.5,4370.25,,4370.25
1626107400,4370.25,4371.5,4369,4370.75,,4370.75
1626109200,4370.5,4372.25,4370,4372.25,,4372.25
1626111000,4372.25,4373.25,4369.25,4371,,4371
1626112800,4370.75,4375,4370.5,4375,,4375
1626114600,4375,4376.25,4373,4374,,4374
1626116400,4373.75,4377.25,4372.75,4377,,4377
1626118200,4376.75,4379.25,4374,4376.25,,4376.25
1626120000,4376.25,4378.25,4375.75,4376.5,,4376.5
1626183000,4367.5,4376.5,4367,4373.5,,4373.5
1626184800,4373.25,4377.25,4370.75,4376.75,,4376.75
1626186600,4376.5,4380.25,4373.5,4374.5,,4374.5
1626188400,4374.5,4383.25,4374.25,4382.25,,4382.25
1626190200,4382,4382.75,4380,4382.5,,4382.5
1626192000,4382.5,4383.75,4379.25,4379.75,,4379.75
1626193800,4379.75,4381.5,4379.25,4380.5,,4380.5
1626195600,4380.25,4380.75,4367.25,4370.25,,4370.25
1626197400,4370,4371.25,4362.75,4369.75,,4369.75
1626199200,4369.75,4370.5,4361,4369.5,,4369.5
1626201000,4369.75,4369.75,4361.75,4368,,4368
1626202800,4368,4368.25,4360.25,4362.25,,4362.25
1626204600,4362,4367.75,4358.5,4361.5,,4361.5
1626206400,4361.5,4362.75,4359,4361,,4361
1626269400,4379.25,4384.5,4374.5,4375.5,,4375.5
1626271200,4375.5,4379.75,4372.25,4373.5,,4373.5
1626273000,4373.5,4378.5,4370.5,4375.25,,4375.25
1626274800,4375.25,4375.75,4362.5,4364.5,,4364.5
1626276600,4364.5,4365.5,4354.5,4355.25,,4355.25
1626278400,4355.5,4369.25,4354.75,4368.75,,4368.75
1626280200,4368.75,4373,4367.5,4370.25,,4370.25
1626282000,4370.5,4371.25,4363.5,4365,,4365
1626283800,4365,4371.75,4364.25,4370,,4370
1626285600,4370,4375,4369,4372.5,,4372.5
1626287400,4372.75,4374,4369.75,4371.5,,4371.5
1626289200,4371.5,4376.25,4367.25,4368,,4368
1626291000,4368,4372,4365.75,4367.75,,4367.75
1626292800,4367.75,4370.75,4367.75,4368.25,,4368.25
1626355800,4353.25,4359.5,4345,4359,,4359
1626357600,4358.75,4360.75,4349.75,4351.5,,4351.5
1626359400,4351.5,4358.5,4347.25,4353.25,,4353.25
1626361200,4353.25,4356.25,4347.25,4356,,4356
1626363000,4356,4359,4352,4352.75,,4352.75
1626364800,4352.5,4353,4345.25,4351.25,,4351.25
1626366600,4351.25,4354.75,4349,4350.75,,4350.75
1626368400,4351,4351.25,4342.25,4343.75,,4343.75
1626370200,4344,4344,4332.5,4333,,4333
1626372000,4333,4345.75,4332.75,4344.75,,4344.75
1626373800,4344.75,4347.5,4337.25,4347.25,,4347.25
1626375600,4347.25,4349.75,4345.5,4349,,4349
1626377400,4349,4353.5,4346.75,4353,,4353
1626379200,4353,4354,4347.5,4348,,4348
1626442200,4365.25,4365.75,4354.25,4357.25,,4357.25
1626444000,4357.5,4358,4336.5,4337.25,,4337.25
1626445800,4337.5,4346.5,4336.75,4343.5,,4343.5
1626447600,4343.25,4344.5,4334,4335.75,,4335.75
1626449400,4335.75,4343.25,4335,4341.75,,4341.75
1626451200,4341.75,4347.5,4341,4343.25,,4343.25
1626453000,4343.5,4345.75,4340.25,4342,,4342
1626454800,4342.25,4346,4340.75,4340.75,,4340.75
1626456600,4340.75,4341.5,4335.5,4337,,4337
1626458400,4337,4337.25,4330.5,4330.75,,4330.75
1626460200,4331,4333.75,4325.5,4327.25,,4327.25
1626462000,4327.25,4328.75,4320.75,4323.25,,4323.25
1626463800,4323.25,4324.75,4314.25,4319,,4319
1626465600,4319.25,4321.5,4314.5,4314.75,,4314.75
1626701400,4266.75,4272,4244.25,4247.5,,4247.5
1626703200,4247.5,4249.25,4231.25,4244.25,,4244.25
1626705000,4244.25,4250.5,4234.5,4245.75,,4245.75
1626706800,4245.5,4256.25,4240,4247.75,,4247.75
1626708600,4248,4258.5,4246.5,4253.75,,4253.75
1626710400,4253.5,4253.75,4238.25,4239,,4239
1626712200,4238.75,4240.25,4227,4233,,4233
1626714000,4232.75,4239,4227,4228.75,,4228.75
1626715800,4228.5,4233.5,4224,4225.75,,4225.75
1626717600,4225.5,4238.5,4225.25,4237.25,,4237.25
1626719400,4237,4238,4224,4228.5,,4228.5
1626721200,4228.25,4239.25,4226.25,4227.75,,4227.75
1626723000,4227.75,4255.5,4226.5,4255,,4255
1626724800,4255.25,4257.75,4250.5,4254.5,,4254.5
1626787800,4261.25,4288.5,4252.75,4287,,4287
1626789600,4287,4299.5,4284,4295,,4295
1626791400,4295.25,4307.5,4292.75,4307.25,,4307.25
1626793200,4307,4310.5,4303.75,4304,,4304
1626795000,4303.75,4316.5,4303.25,4316.25,,4316.25
1626796800,4316.25,4320,4313.25,4317,,4317
1626798600,4317.25,4325,4317.25,4325,,4325
1626800400,4325,4325.75,4313.25,4314.5,,4314.5
1626802200,4314.5,4318,4312.25,4315.75,,4315.75
1626804000,4315.75,4323,4315.5,4322.75,,4322.75
1626805800,4322.75,4324,4318.75,4320,,4320
1626807600,4320.25,4329,4320,4325.5,,4325.5
1626809400,4325.5,4326.25,4314.5,4314.75,,4314.75
1626811200,4315,4320.5,4314.25,4319.5,,4319.5
1626874200,4328,4341.75,4326,4341.5,,4341.5
1626876000,4341.25,4342,4335,4335,,4335
1626877800,4335.25,4340.75,4333.25,4339,,4339
1626879600,4339.25,4341.5,4336.5,4336.75,,4336.75
1626881400,4336.75,4345,4335.75,4345,,4345
1626883200,4345,4345,4340.75,4341,,4341
1626885000,4341.25,4342.75,4339,4339.5,,4339.5
1626886800,4339.5,4343.75,4339.25,4343.25,,4343.25
1626888600,4343.25,4345.25,4342,4344,,4344
1626890400,4344,4344.75,4341,4343.5,,4343.5
1626892200,4343.5,4346.5,4343.25,4346.5,,4346.5
1626894000,4346.25,4348.75,4344.75,4346,,4346
1626895800,4345.75,4352.25,4340.5,4351.25,,4351.25
1626897600,4351,4353.75,4350.25,4352.5,,4352.5
1626960600,4352,4355.25,4344,4348.5,,4348.5
1626962400,4348.75,4353,4345.25,4352,,4352
1626964200,4351.75,4358.5,4351.25,4355,,4355
1626966000,4355.25,4356.25,4348.5,4351.5,,4351.5
1626967800,4351.5,4352.75,4346.25,4349.75,,4349.75
1626969600,4349.5,4351,4341.5,4347,,4347
1626971400,4347.25,4352.75,4345.75,4352.5,,4352.5
1626973200,4352.75,4355.5,4351.25,4354.75,,4354.75
1626975000,4354.75,4357,4354.25,4356.75,,4356.75
1626976800,4357,4360.5,4356,4359,,4359
1626978600,4359.25,4362.25,4357.75,4361.25,,4361.25
1626980400,4361.25,4361.75,4358.5,4360,,4360
1626982200,4359.75,4360.5,4355.75,4359.75,,4359.75
1626984000,4360,4363.25,4359.75,4363,,4363
1627047000,4379.75,4381.25,4372.5,4374.5,,4374.5
1627048800,4374.5,4380.5,4374.25,4380.25,,4380.25
1627050600,4380.25,4388.5,4378.75,4387.75,,4387.75
1627052400,4388,4397.75,4387.25,4397.25,,4397.25
1627054200,4397.25,4400,4392,4392,,4392
1627056000,4392.25,4397.25,4392,4395,,4395
1627057800,4395,4398.75,4394,4398.5,,4398.5
1627059600,4398.5,4405.5,4398.25,4403,,4403
1627061400,4403.25,4405,4400,4402.75,,4402.75
1627063200,4402.75,4405,4400.5,4402,,4402
1627065000,4402.25,4403.25,4400.75,4402.25,,4402.25
1627066800,4402.25,4402.75,4396.5,4401,,4401
1627068600,4401,4408.25,4400.75,4403.75,,4403.75
1627070400,4403.75,4403.75,4400.25,4401,,4401
1627306200,4398,4407.25,4397.25,4404.25,,4404.25
1627308000,4404.25,4405.5,4398.25,4398.75,,4398.75
1627309800,4398.75,4404,4397,4401.25,,4401.25
1627311600,4401.25,4409.5,4398.5,4409,,4409
1627313400,4409,4412.25,4408.25,4411.75,,4411.75
1627315200,4411.75,4413.25,4408,4408.5,,4408.5
1627317000,4408.5,4408.75,4404,4406.25,,4406.25
1627318800,4406.5,4411.75,4406.25,4409,,4409
1627320600,4409,4409.75,4406.25,4408,,4408
1627322400,4408,4410,4406.25,4409.5,,4409.5
1627324200,4409.5,4411.5,4408.75,4410.75,,4410.75
1627326000,4410.75,4413.25,4410.25,4413,,4413
1627327800,4412.75,4415,4409.25,4414.5,,4414.5
1627329600,4414.25,4416.25,4414,4416,,4416
1627392600,4403.5,4404,4390,4397.5,,4397.5
1627394400,4397.5,4401.25,4385.25,4395.75,,4395.75
1627396200,4395.5,4396,4384,4390.5,,4390.5
1627398000,4390.25,4395.5,4378,4382.25,,4382.25
1627399800,4382,4383.5,4372.5,4380.75,,4380.75
1627401600,4380.75,4381,4368.25,4377.25,,4377.25
1627403400,4377,4378.5,4371.75,4372.75,,4372.75
1627405200,4372.5,4376.75,4364.75,4367.75,,4367.75
1627407000,4367.75,4374,4364.75,4367.75,,4367.75
1627408800,4367.75,4382,4367.25,4379.75,,4379.75
1627410600,4380,4385.25,4378.75,4385,,4385
1627412400,4385,4388.5,4383.5,4385,,4385
1627414200,4385,4395.75,4381.75,4395,,4395
1627416000,4395,4395.5,4383.5,4386,,4386
1627479000,4401.25,4403,4385.5,4390.75,,4390.75
1627480800,4390.75,4398,4386,4396.25,,4396.25
1627482600,4396.25,4400.5,4388.25,4398,,4398
1627484400,4397.75,4399.75,4394,4394.25,,4394.25
1627486200,4394.25,4399.75,4393.5,4397.25,,4397.25
1627488000,4397.5,4398.25,4392.75,4392.75,,4392.75
1627489800,4392.75,4395,4388.75,4391,,4391
1627491600,4390.75,4392,4385,4386,,4386
1627493400,4386,4389.5,4383.75,4386.75,,4386.75
1627495200,4386.75,4397.75,4377.5,4395.25,,4395.25
1627497000,4395,4407.75,4389.25,4401.75,,4401.75
1627498800,4401.75,4404.5,4395.5,4400,,4400
1627500600,4399.75,4403.25,4392,4392.75,,4392.75
1627502400,4392.5,4394,4389.75,4391.5,,4391.5
1627565400,4402.75,4415.5,4402.5,4412,,4412
1627567200,4412.25,4414.5,4408.25,4414.5,,4414.5
1627569000,4414.5,4419.75,4413,4419.25,,4419.25
1627570800,4419.5,4421.75,4415.75,4416,,4416
1627572600,4416.25,4419.5,4415.75,4416.5,,4416.5
1627574400,4416.75,4422,4416.5,4420.5,,4420.5
1627576200,4420.5,4421.75,4417,4418.25,,4418.25
1627578000,4418.5,4422.5,4418,4421.75,,4421.75
1627579800,4422,4422.5,4418.75,4419.75,,4419.75
1627581600,4420,4421,4416.75,4417.5,,4417.5
1627583400,4417.75,4418.25,4414,4416.25,,4416.25
1627585200,4416.25,4416.25,4413.5,4414,,4414
1627587000,4414,4415.5,4411.25,4411.75,,4411.75
1627588800,4412,4412.5,4404.25,4405.75,,4405.75
1627651800,4384,4401.5,4383.75,4398.25,,4398.25
1627653600,4398.25,4405,4390.25,4391.25,,4391.25
1627655400,4391.25,4396.75,4389.5,4390.25,,4390.25
1627657200,4390.25,4396.5,4385.75,4392,,4392
1627659000,4392,4393.75,4385.25,4388.5,,4388.5
1627660800,4388.25,4392.5,4387,4390.25,,4390.25
1627662600,4390.25,4395.25,4390.25,4394,,4394
1627664400,4394,4394.75,4390,4391.75,,4391.75
1627666200,4391.75,4396,4391.5,4393,,4393
1627668000,4393.25,4393.75,4386,4386,,4386
1627669800,4386,4391.5,4382.25,4389.75,,4389.75
1627671600,4390,4393.5,4385.5,4388.75,,4388.75
1627673400,4389,4392,4385,4390,,4390
1627675200,4390.25,4395.5,4389.25,4394.75,,4394.75
1627911000,4408,4414,4405.25,4407,,4407
1627912800,4406.75,4412.25,4401.5,4409,,4409
1627914600,4409,4411.25,4404.25,4404.5,,4404.5
1627916400,4404.75,4408.75,4403,4407.25,,4407.25
1627918200,4407.25,4408,4392.25,4393,,4393
1627920000,4393,4393,4386.5,4390.25,,4390.25
1627921800,4390.25,4396.25,4388.75,4392.75,,4392.75
1627923600,4392.5,4396.75,4391.5,4393.5,,4393.5
1627925400,4393.5,4394.5,4385.75,4390,,4390
1627927200,4389.75,4394,4388.25,4391.25,,4391.25
1627929000,4391.25,4393.75,4390,4392,,4392
1627930800,4392.25,4393.5,4385,4385.75,,4385.75
1627932600,4385.75,4386.75,4377.25,4380.25,,4380.25
1627934400,4380.25,4384,4379.5,4383.5,,4383.5
1627997400,4388.5,4391,4367.25,4368.25,,4368.25
1627999200,4368,4384,4365.25,4382,,4382
1628001000,4382,4385.75,4374,4378.75,,4378.75
1628002800,4378.5,4383.25,4374.5,4382,,4382
1628004600,4381.75,4402.75,4381.5,4401.75,,4401.75
1628006400,4401.5,4402.75,4395,4396.75,,4396.75
1628008200,4397,4402.25,4395.75,4402.25,,4402.25
1628010000,4402.25,4407.25,4402.25,4405.25,,4405.25
1628011800,4405.25,4407,4403.75,4406.25,,4406.25
1628013600,4406.5,4410.75,4403,4409.25,,4409.25
1628015400,4409.5,4410.25,4405.75,4409,,4409
1628017200,4409,4414,4408.75,4412.75,,4412.75
1628019000,4412.75,4417,4410,4415.5,,4415.5
1628020800,4415.25,4416.25,4409.25,4409.5,,4409.5
1628083800,4401.75,4406,4398.5,4403.5,,4403.5
1628085600,4403.5,4408.25,4400.5,4401.25,,4401.25
1628087400,4401.5,4404.5,4394,4398.25,,4398.25
1628089200,4398,4403.25,4395.5,4396.75,,4396.75
1628091000,4396.75,4399,4391.25,4398.25,,4398.25
1628092800,4398,4401.25,4396,4397,,4397
1628094600,4397,4400,4395.75,4399.5,,4399.5
1628096400,4399.75,4405.5,4399.25,4402.75,,4402.75
1628098200,4402.75,4404,4400.25,4402.5,,4402.5
1628100000,4402.5,4405.75,4402.25,4404.75,,4404.75
1628101800,4404.75,4406.75,4399.75,4401,,4401
1628103600,4401,4402.75,4397.25,4401,,4401
1628105400,4401,4402.5,4393.25,4394,,4394
1628107200,4393.75,4396.75,4393.5,4396.25,,4396.25
1628170200,4406,4412,4402,4411.75,,4411.75
1628172000,4412,4412.75,4407.25,4408.25,,4408.25
1628173800,4408.5,4414.5,4407.75,4413.5,,4413.5
1628175600,4413.75,4415,4411.75,4414.25,,4414.25
1628177400,4414.25,4415,4411.5,4412.5,,4412.5
1628179200,4412.75,4414,4411.25,4412,,4412
1628181000,4411.75,4412.75,4408.25,4408.25,,4408.25
1628182800,4408.25,4411.75,4407.75,4411,,4411
1628184600,4411.25,4413.75,4410.75,4413.5,,4413.5
1628186400,4413.75,4415,4411.5,4412,,4412
1628188200,4411.75,4413.25,4410.5,4411,,4411
1628190000,4411.25,4413.25,4410.25,4412.25,,4412.25
1628191800,4412,4422.75,4411.75,4421.5,,4421.5
1628193600,4421.75,4422,4418.75,4420.25,,4420.25
1628256600,4425,4433.25,4422.25,4424.25,,4424.25
1628258400,4424.25,4429,4421.75,4427.75,,4427.75
1628260200,4428,4430.25,4422,4425,,4425
1628262000,4425,4428.25,4422.5,4427.5,,4427.5
1628263800,4427.5,4429.5,4424.25,4429.5,,4429.5
1628265600,4429.25,4430,4427,4429,,4429
1628267400,4429,4431.75,4427.25,4431.5,,4431.5
1628269200,4431.5,4432.25,4429.5,4430.25,,4430.25
1628271000,4430.25,4431,4429,4430.5,,4430.5
1628272800,4430.25,4431.25,4428.5,4429.25,,4429.25
1628274600,4429.25,4429.75,4424.25,4424.25,,4424.25
1628276400,4424.25,4429,4423.25,4428.75,,4428.75
1628278200,4428.75,4430.75,4424,4429.25,,4429.25
1628280000,4429.25,4430.5,4428.75,4430.25,,4430.25
1628515800,4428.5,4432,4416.75,4421.25,,4421.25
1628517600,4421.25,4423.25,4418.25,4421.5,,4421.5
1628519400,4421.75,4426.5,4420.5,4422.25,,4422.25
1628521200,4422.25,4424,4421,4423.5,,4423.5
1628523000,4423.75,4427.5,4423,4427.25,,4427.25
1628524800,4427.5,4427.5,4424.25,4424.5,,4424.5
1628526600,4424.75,4426.25,4424.25,4425.75,,4425.75
1628528400,4425.75,4427,4424.75,4425.25,,4425.25
1628530200,4425.5,4427.25,4424.5,4426.25,,4426.25
1628532000,4426.5,4430.25,4426,4430.25,,4430.25
1628533800,4430.25,4431.75,4428.25,4428.75,,4428.75
1628535600,4429,4429.5,4425.75,4427.25,,4427.25
1628537400,4427.25,4430.5,4423.75,4425.5,,4425.5
1628539200,4425.5,4429,4425.25,4426.25,,4426.25
1628602200,4429.75,4434,4426,4432.75,,4432.75
1628604000,4432.75,4438.25,4432.25,4435,,4435
1628605800,4434.75,4435,4422.25,4427,,4427
1628607600,4427,4430.75,4422.75,4429.75,,4429.75
1628609400,4429.75,4434.25,4427.75,4434.25,,4434.25
1628611200,4434.25,4437,4433,4434,,4434
1628613000,4434.25,4434.25,4431.25,4432.75,,4432.75
1628614800,4433,4433.75,4431,4432.5,,4432.5
1628616600,4432.5,4433.75,4428.75,4433.25,,4433.25
1628618400,4433.25,4434.75,4427.75,4431.75,,4431.75
1628620200,4431.75,4433,4431,4432.25,,4432.25
1628622000,4432.25,4432.75,4428.75,4430.75,,4430.75
1628623800,4430.5,4431,4426,4430.25,,4430.25
1628625600,4430.25,4430.5,4426.5,4427.5,,4427.5
1628688600,4441.75,4442.5,4436,4439.25,,4439.25
1628690400,4439.25,4441.5,4438.25,4440,,4440
1628692200,4440.25,4441,4436.25,4437.25,,4437.25
1628694000,4437,4437.5,4430.75,4432.75,,4432.75
1628695800,4432.75,4434.75,4430,4431.5,,4431.5
1628697600,4431.25,4435,4431,4433.75,,4433.75
1628699400,4433.5,4436.25,4433.25,4436,,4436
1628701200,4436,4438.75,4435.75,4437.75,,4437.75
1628703000,4437.75,4438.5,4434.75,4437.25,,4437.25
1628704800,4437.25,4438.5,4434.75,4436.5,,4436.5
1628706600,4436.25,4438.5,4436.25,4437.5,,4437.5
1628708400,4437.5,4441.25,4437.25,4440.5,,4440.5
1628710200,4440.5,4441.5,4437.5,4441,,4441
1628712000,4441,4441.25,4440,4440,,4440
1628775000,4439.75,4440,4432.25,4435,,4435
1628776800,4435,4438,4430.25,4437.5,,4437.5
1628778600,4437.75,4441,4437,4441,,4441
1628780400,4440.75,4442.25,4437.25,4441.25,,4441.25
1628782200,4441.25,4444.75,4440,4442.25,,4442.25
1628784000,4442.5,4447.25,4442.25,4446.5,,4446.5
1628785800,4446.75,4448,4446,4447,,4447
1628787600,4446.75,4447,4444.75,4446.75,,4446.75
1628789400,4447,4448.75,4446.5,4447.25,,4447.25
1628791200,4447.25,4450.25,4446.25,4449.5,,4449.5
1628793000,4449.5,4452.5,4449,4452,,4452
1628794800,4452.25,4454.5,4452,4454,,4454
1628796600,4454,4456.25,4452.25,4454.5,,4454.5
1628798400,4454.5,4454.75,4453,4453.75,,4453.75
1628861400,4459.5,4462,4454.75,4458.25,,4458.25
1628863200,4458.75,4461.75,4454.25,4457.75,,4457.75
1628865000,4457.75,4459.25,4456,4458.25,,4458.25
1628866800,4458.25,4460.5,4457.25,4459.75,,4459.75
1628868600,4460,4460,4457.5,4458.75,,4458.75
1628870400,4458.75,4459.75,4458,4458.5,,4458.5
1628872200,4458.25,4459.75,4457,4459.25,,4459.25
1628874000,4459.25,4459.75,4457.5,4459.25,,4459.25
1628875800,4459.25,4461.75,4459,4461,,4461
1628877600,4461,4461.25,4459.5,4460,,4460
1628879400,4459.75,4459.75,4455.75,4457.75,,4457.75
1628881200,4457.75,4460.25,4457.5,4458.25,,4458.25
1628883000,4458.5,4463.25,4457,4462.75,,4462.75
1628884800,4462.75,4463.25,4460.5,4461.5,,4461.5
1629120600,4449.25,4451.25,4434.75,4437.75,,4437.75
1629122400,4437.75,4445,4433,4434.75,,4434.75
1629124200,4434.75,4439,4432.5,4435,,4435
1629126000,4435.25,4442,4434.5,4441.25,,4441.25
1629127800,4441.25,4447.75,4440.75,4445.75,,4445.75
1629129600,4445.75,4450.5,4445,4448.5,,4448.5
1629131400,4448.75,4453,4446.5,4452.75,,4452.75
1629133200,4452.75,4456.75,4451.75,4455.5,,4455.5
1629135000,4455.5,4460.5,4455,4460.25,,4460.25
1629136800,4460.5,4463.75,4459,4461,,4461
1629138600,4461,4468,4461,4464.75,,4464.75
1629140400,4465,4470.5,4464,4469,,4469
1629142200,4468.75,4474.75,4466,4473.75,,4473.75
1629144000,4474,4476.5,4473.25,4474,,4474
1629207000,4445.75,4451.75,4436.25,4440.25,,4440.25
1629208800,4440.25,4452,4437.25,4450.5,,4450.5
1629210600,4450.25,4453.5,4444.25,4447.25,,4447.25
1629212400,4447.25,4448.75,4440.75,4442,,4442
1629214200,4441.75,4446.75,4433.5,4434.25,,4434.25
1629216000,4434,4436.5,4427.75,4435,,4435
1629217800,4435,4435.25,4412.25,4413.75,,4413.75
1629219600,4413.5,4425.5,4411.75,4425,,4425
1629221400,4425.25,4425.5,4414,4424.5,,4424.5
1629223200,4424.5,4432.75,4424,4426.75,,4426.75
1629225000,4427,4435.25,4421.25,4434.25,,4434.25
1629226800,4434.5,4438.75,4432.5,4435.5,,4435.5
1629228600,4435.5,4445,4431,4444.5,,4444.5
1629230400,4444.5,4445.5,4437.5,4438.25,,4438.25
1629293400,4433,4444.75,4430.25,4444.25,,4444.25
1629295200,4444.5,4449.75,4442,4445.25,,4445.25
1629297000,4445.25,4448.5,4439.75,4441.25,,4441.25
1629298800,4441.5,4442,4436,4439.25,,4439.25
1629300600,4439.25,4441,4434.75,4437,,4437
1629302400,4437,4440.5,4433,4433.25,,4433.25
1629304200,4433.25,4437.25,4433.25,4437.25,,4437.25
1629306000,4437.25,4437.25,4432,4434,,4434
1629307800,4433.75,4438,4433.5,4436.5,,4436.5
1629309600,4436.75,4445.5,4420.25,4436,,4436
1629311400,4436,4439.25,4428,4432,,4432
1629313200,4431.75,4432,4418.5,4419,,4419
1629315000,4418.75,4419,4392.5,4395.5,,4395.5
1629316800,4395.25,4397.75,4390.75,4394.5,,4394.5
1629379800,4365.75,4392.5,4364.5,4388.75,,4388.75
1629381600,4388.75,4403.5,4387.5,4394,,4394
1629383400,4394.25,4398.75,4378.25,4398.25,,4398.25
1629385200,4398.5,4400,4391.5,4392.5,,4392.5
1629387000,4392.5,4414,4392.25,4410.75,,4410.75
1629388800,4410.75,4414.75,4403,4405.75,,4405.75
1629390600,4405.75,4412.75,4404.25,4412.25,,4412.25
1629392400,4412.25,4412.75,4397.5,4397.5,,4397.5
1629394200,4397.75,4404,4392.25,4392.5,,4392.5
1629396000,4392.5,4397,4384,4384.75,,4384.75
1629397800,4384.75,4400.5,4377.75,4399.75,,4399.75
1629399600,4399.75,4413,4399.25,4412.25,,4412.25
1629401400,4412.25,4414,4395.75,4402.25,,4402.25
1629403200,4402.25,4407.5,4402,4404.25,,4404.25
1629466200,4405.5,4424.25,4400,4421.75,,4421.75
1629468000,4422,4433,4420.75,4428.75,,4428.75
1629469800,4429,4433.75,4424,4425.25,,4425.25
1629471600,4425.25,4429.5,4423.5,4425.25,,4425.25
1629473400,4425.25,4431.5,4423,4427.75,,4427.75
1629475200,4427.75,4436,4426.5,4435.75,,4435.75
1629477000,4435.75,4439,4435,4435.75,,4435.75
1629478800,4435.75,4438.75,4435.25,4435.5,,4435.5
1629480600,4435.5,4436.75,4430.5,4431.25,,4431.25
1629482400,4431.25,4435.5,4428.5,4430,,4430
1629484200,4430,4432.25,4427.75,4431.75,,4431.75
1629486000,4431.5,4437.25,4430.5,4437.25,,4437.25
1629487800,4437,4440.5,4435.25,4436.5,,4436.5
1629489600,4436.25,4436.5,4433,4434.25,,4434.25
1629725400,4455,4467.25,4454.25,4466.75,,4466.75
1629727200,4467,4475.5,4465,4472,,4472
1629729000,4472,4476.5,4470.5,4476,,4476
1629730800,4476,4480.75,4475.5,4478.5,,4478.5
1629732600,4478.5,4482.25,4478.25,4480.75,,4480.75
1629734400,4481,4483,4480.75,4481.75,,4481.75
1629736200,4482,4485.25,4480,4485,,4485
1629738000,4485,4485.75,4479.25,4480.25,,4480.25
1629739800,4480.5,4482.25,4477.5,4480.5,,4480.5
1629741600,4480.5,4483.5,4479.75,4481,,4481
1629743400,4481,4484.5,4480.5,4483.5,,4483.5
1629745200,4483.75,4484.25,4479.75,4481.75,,4481.75
1629747000,4481.75,4483.75,4475,4476,,4476
1629748800,4476.25,4479.5,4475,4478.75,,4478.75
1629811800,4482.75,4485.25,4477.5,4483.5,,4483.5
1629813600,4483.5,4487,4481.5,4486.75,,4486.75
1629815400,4486.75,4488,4484.25,4485.25,,4485.25
1629817200,4485.25,4487.25,4483,4483,,4483
1629819000,4483.25,4484.25,4480.75,4483.75,,4483.75
1629820800,4483.5,4483.75,4479.75,4480,,4480
1629822600,4480.25,4483,4479.25,4482.5,,4482.5
1629824400,4482.75,4484.25,4482.5,4483.5,,4483.5
1629826200,4483.5,4486.5,4483.5,4485.75,,4485.75
1629828000,4485.75,4487.25,4485.25,4486.5,,4486.5
1629829800,4486.5,4488.5,4485.75,4488.25,,4488.25
1629831600,4488.25,4488.5,4486.5,4487.75,,4487.75
1629833400,4487.75,4488,4480.5,4483,,4483
1629835200,4483,4483.75,4481.5,4481.5,,4481.5
1629898200,4485,4486.5,4480.75,4486.5,,4486.5
1629900000,4486.5,4488.5,4484.5,4486,,4486
1629901800,4486,4489,4484,4487.75,,4487.75
1629903600,4487.5,4492,4487,4491.75,,4491.75
1629905400,4492,4495.75,4490.5,4494.25,,4494.25
1629907200,4494.25,4496.75,4493.75,4496.5,,4496.5
1629909000,4496.5,4497.25,4494,4496.25,,4496.25
1629910800,4496.25,4496.25,4493.75,4494,,4494
1629912600,4494,4496,4493.75,4494.25,,4494.25
1629914400,4494.25,4496.5,4493.25,4495,,4495
1629916200,4495.25,4495.5,4492,4494.25,,4494.25
1629918000,4494.25,4495,4491.25,4493.25,,4493.25
1629919800,4493.25,4498,4491.75,4492.5,,4492.5
1629921600,4492.5,4494,4491.5,4493.25,,4493.25
1629984600,4489.5,4492,4485.25,4485.25,,4485.25
1629986400,4485,4489.5,4469.25,4478.75,,4478.75
1629988200,4478.75,4482.5,4468.25,4472.5,,4472.5
1629990000,4472.5,4482.5,4465.25,4478.25,,4478.25
1629991800,4478.25,4481.5,4474.25,4478.25,,4478.25
1629993600,4478.25,4484.25,4478.25,4482.75,,4482.75
1629995400,4482.75,4484.25,4478.5,4480.5,,4480.5
1629997200,4480.5,4482.5,4475,4477.25,,4477.25
1629999000,4477.25,4481.25,4476.75,4478,,4478
1630000800,4478,4478.25,4471.5,4474,,4474
1630002600,4473.75,4475.75,4470,4470.75,,4470.75
1630004400,4470.5,4473,4465,4469.25,,4469.25
1630006200,4469.25,4473,4465.5,4466,,4466
1630008000,4466,4468.75,4466,4467.75,,4467.75
1630071000,4474.5,4483.75,4473.75,4481.25,,4481.25
1630072800,4481.5,4502.25,4475,4496.75,,4496.75
1630074600,4496.75,4502.25,4492.25,4500,,4500
1630076400,4499.75,4502,4495.75,4496,,4496
1630078200,4496,4503.5,4496,4502.5,,4502.5
1630080000,4502.5,4503.75,4500.25,4503.25,,4503.25
1630081800,4503,4505.5,4502.5,4505.5,,4505.5
1630083600,4505.25,4508,4504.75,4507,,4507
1630085400,4507,4508.25,4505.75,4507,,4507
1630087200,4507,4507.25,4503.5,4505.5,,4505.5
1630089000,4505.5,4507,4504.5,4505.25,,4505.25
1630090800,4505.25,4509.25,4505.25,4506.75,,4506.75
1630092600,4507,4510,4503.5,4505,,4505
1630094400,4505,4506.75,4503.25,4504.25,,4504.25
1630330200,4513.25,4518.25,4510.5,4517.75,,4517.75
1630332000,4518,4525.25,4516,4525.25,,4525.25
1630333800,4525,4531.75,4524,4531.75,,4531.75
1630335600,4531.75,4534.5,4529.5,4530,,4530
1630337400,4530,4533.75,4530,4532.5,,4532.5
1630339200,4532.75,4533.25,4527.25,4528.25,,4528.25
1630341000,4528.5,4531,4527.5,4531,,4531
1630342800,4531,4531.75,4529.75,4530.5,,4530.5
1630344600,4530.75,4533.25,4529.75,4533.25,,4533.25
1630346400,4533.25,4534.5,4531,4532.5,,4532.5
1630348200,4532.5,4532.75,4529.75,4532.5,,4532.5
1630350000,4532.5,4533.5,4530.5,4530.75,,4530.75
1630351800,4531,4531,4524.25,4525.75,,4525.75
1630353600,4525.5,4527.25,4524,4527,,4527
1630416600,4525,4526,4512.5,4514.75,,4514.75
1630418400,4514.75,4523.25,4513.75,4520,,4520
1630420200,4520,4524.75,4518.25,4524.5,,4524.5
1630422000,4524.5,4528.5,4520.25,4525.25,,4525.25
1630423800,4525,4528.5,4524.5,4527,,4527
1630425600,4527,4528.25,4524.75,4528,,4528
1630427400,4527.75,4528.25,4525.5,4526.5,,4526.5
1630429200,4526.5,4526.5,4517.5,4519.5,,4519.5
1630431000,4519.5,4522.25,4517.75,4522.25,,4522.25
1630432800,4522,4522.75,4519,4520,,4520
1630434600,4520,4522.5,4517,4522,,4522
1630436400,4522.25,4523,4515.75,4516.75,,4516.75
1630438200,4516.5,4524,4515.5,4520.25,,4520.25
1630440000,4520.25,4527,4519.75,4526.25,,4526.25
1630503000,4529.5,4530.5,4521.75,4523.5,,4523.5
1630504800,4523.75,4529.75,4523,4526.25,,4526.25
1630506600,4526,4530,4525,4529.5,,4529.5
1630508400,4529.5,4530.5,4524.75,4526.75,,4526.75
1630510200,4526.75,4529,4526.25,4527.25,,4527.25
1630512000,4527.5,4531.25,4527,4530.25,,4530.25
1630513800,4530.25,4533.5,4529.5,4533.25,,4533.25
1630515600,4533.5,4534.25,4532.25,4533.25,,4533.25
1630517400,4533.25,4535,4532.75,4534,,4534
1630519200,4534,4534.25,4529.75,4530.5,,4530.5
1630521000,4530.75,4530.75,4526,4527,,4527
1630522800,4527,4528.25,4522.5,4525,,4525
1630524600,4525,4525.5,4519.25,4522,,4522
1630526400,4522.25,4525,4521.75,4524.75,,4524.75
1630589400,4537,4544,4536,4537.5,,4537.5
1630591200,4537.75,4539.25,4534,4538.75,,4538.75
1630593000,4539,4540.75,4536.25,4538,,4538
1630594800,4538.25,4541,4536.25,4540.25,,4540.25
1630596600,4540,4541.25,4537.75,4538.25,,4538.25
1630598400,4538.25,4538.75,4534.75,4536,,4536
1630600200,4536,4538,4534.5,4537.5,,4537.5
1630602000,4537.5,4538.25,4530.75,4531.25,,4531.25
1630603800,4531.25,4532.75,4526.25,4527.5,,4527.5
1630605600,4527.25,4529.25,4522.75,4524.75,,4524.75
1630607400,4524.75,4531.75,4523.5,4530.75,,4530.75
1630609200,4530.75,4532.5,4525.75,4526.75,,4526.75
1630611000,4526.75,4536.25,4525,4536,,4536
1630612800,4535.75,4537.25,4533,4535.25,,4535.25
1630675800,4523.25,4531.75,4519.25,4527.75,,4527.75
1630677600,4528,4533.75,4526,4529.5,,4529.5
1630679400,4529.5,4531.5,4525,4529.25,,4529.25
1630681200,4529,4533.75,4527.5,4532,,4532
1630683000,4532,4534.25,4528.75,4529.5,,4529.5
1630684800,4529.5,4532.5,4528.5,4531.75,,4531.75
1630686600,4532,4532.25,4528.5,4530.75,,4530.75
1630688400,4530.5,4537.5,4530.5,4535.25,,4535.25
1630690200,4535.5,4538.25,4534.5,4537.75,,4537.75
1630692000,4537.75,4538.25,4535.75,4536.75,,4536.75
1630693800,4536.75,4538.25,4535.5,4537.25,,4537.25
1630695600,4537.25,4540,4536,4536.5,,4536.5
1630697400,4536.5,4539,4532.5,4534.5,,4534.5
1630699200,4534.5,4534.75,4532.75,4533.75,,4533.75
1631021400,4530.75,4532,4516.75,4521.25,,4521.25
1631023200,4521,4521.75,4510.75,4514.75,,4514.75
1631025000,4514.75,4521.25,4513,4520.25,,4520.25
1631026800,4520.25,4520.75,4511.25,4514.5,,4514.5
1631028600,4514.5,4519,4513.75,4516.25,,4516.25
1631030400,4516.25,4522.5,4515.75,4521.5,,4521.5
1631032200,4521.75,4526,4520.75,4525.25,,4525.25
1631034000,4525.5,4527.5,4524,4525.5,,4525.5
1631035800,4525.5,4527.75,4524.75,4526.75,,4526.75
1631037600,4527,4527.25,4522.25,4522.5,,4522.5
1631039400,4522.75,4525.25,4520.75,4524.75,,4524.75
1631041200,4524.75,4526.5,4521.75,4521.75,,4521.75
1631043000,4521.75,4523,4518,4519,,4519
1631044800,4519.25,4519.75,4515.25,4516,,4516
1631107800,4512.5,4517.75,4507,4516,,4516
1631109600,4516.25,4520.25,4510.5,4511.5,,4511.5
1631111400,4511.75,4512,4492,4497.75,,4497.75
1631113200,4497.75,4507.25,4497.25,4503.75,,4503.75
1631115000,4503.5,4505.75,4495,4497.25,,4497.25
1631116800,4497,4512.25,4495,4510.75,,4510.75
1631118600,4510.75,4511.25,4505.25,4506,,4506
1631120400,4506,4509.5,4504,4509,,4509
1631122200,4509,4511,4506.25,4506.5,,4506.5
1631124000,4506.75,4513.75,4506.5,4510.5,,4510.5
1631125800,4510.5,4511.5,4508.25,4511,,4511
1631127600,4511.25,4514.75,4510,4510.75,,4510.75
1631129400,4510.75,4513.5,4507.5,4513,,4513
1631131200,4513.25,4513.25,4510.5,4511.75,,4511.75
1631194200,4510.25,4523.5,4508,4521.5,,4521.5
1631196000,4521.5,4529,4519.5,4525.75,,4525.75
1631197800,4525.75,4529.5,4522,4522.5,,4522.5
1631199600,4522.5,4523.25,4511.75,4512,,4512
1631201400,4512,4516.25,4510.75,4515.5,,4515.5
1631203200,4515.5,4516,4508,4511,,4511
1631205000,4510.75,4514.5,4508,4509.25,,4509.25
1631206800,4509.25,4514,4496.75,4501.5,,4501.5
1631208600,4501.5,4501.5,4493.25,4496.5,,4496.5
1631210400,4496.75,4500,4490.5,4497.25,,4497.25
1631212200,4497,4502.5,4492.75,4501.5,,4501.5
1631214000,4501.5,4503.25,4496.25,4498.5,,4498.5
1631215800,4498.25,4505,4490.75,4493.25,,4493.25
1631217600,4493.25,4495.25,4488.5,4491.75,,4491.75
1631280600,4514,4518.25,4498,4500,,4500
1631282400,4500.25,4500.5,4490,4493.25,,4493.25
1631284200,4493.25,4493.25,4477.25,4485.25,,4485.25
1631286000,4485.25,4486.75,4478,4478.25,,4478.25
1631287800,4478.25,4484,4476.25,4482.25,,4482.25
1631289600,4482.25,4492.25,4480,4491.5,,4491.5
1631291400,4491.5,4496.5,4490.75,4494.25,,4494.25
1631293200,4494.5,4497,4490.25,4490.75,,4490.75
1631295000,4491,4494.75,4487.5,4489.5,,4489.5
1631296800,4489.5,4491.25,4484,4484.25,,4484.25
1631298600,4484.25,4485.25,4481.5,4482.25,,4482.25
1631300400,4482.5,4482.5,4471.25,4471.75,,4471.75
1631302200,4472,4473.5,4456.5,4458.75,,4458.75
1631304000,4458.75,4462.5,4457.25,4461.25,,4461.25
1631539800,4490,4492.75,4471,4475.5,,4475.5
1631541600,4475.5,4478,4458,4463.5,,4463.5
1631543400,4463.25,4474.25,4458.5,4470.25,,4470.25
1631545200,4470.25,4472,4451.75,4461.5,,4461.5
1631547000,4461.5,4466,4456.25,4457.25,,4457.25
1631548800,4457.25,4465.5,4454.5,4461.75,,4461.75
1631550600,4461.75,4465,4457,4464,,4464
1631552400,4464.25,4467,4454.75,4456.25,,4456.25
1631554200,4456.25,4457.25,4450.5,4452.5,,4452.5
1631556000,4452.25,4456.5,4446.25,4448,,4448
1631557800,4448.25,4453.5,4444.75,4452.25,,4452.25
1631559600,4452,4463.75,4444.75,4463.5,,4463.5
1631561400,4463.5,4469.75,4457.75,4469.25,,4469.25
1631563200,4469,4474.25,4468.5,4473.5,,4473.5
1631626200,4475.25,4477.25,4453.5,4454.5,,4454.5
1631628000,4454.5,4455,4444.75,4452,,4452
1631629800,4452,4452.75,4439.25,4443,,4443
1631631600,4443,4451,4442.75,4450.5,,4450.5
1631633400,4450.25,4453.75,4448.25,4453.5,,4453.5
1631635200,4453.5,4456.25,4451.25,4452.25,,4452.25
1631637000,4452,4452.25,4440.25,4442,,4442
1631638800,4441.75,4444.75,4433.75,4442.25,,4442.25
1631640600,4442,4445.5,4437.5,4443.25,,4443.25
1631642400,4443.5,4444.5,4431.25,4433.25,,4433.25
1631644200,4433,4435,4425.25,4434,,4434
1631646000,4434.25,4436.25,4427,4427.5,,4427.5
1631647800,4427.5,4436.5,4425.75,4435.75,,4435.75
1631649600,4435.75,4438.75,4433.75,4437.75,,4437.75
1631712600,4439.5,4447.5,4427.5,4443.75,,4443.75
1631714400,4444,4448.75,4432.25,4437.5,,4437.5
1631716200,4437.5,4445.5,4435.5,4443.75,,4443.75
1631718000,4443.5,4449,4440.75,4446.25,,4446.25
1631719800,4446.25,4447.5,4441.5,4447.25,,4447.25
1631721600,4447.25,4455,4443.75,4453,,4453
1631723400,4453,4464.75,4453,4462.75,,4462.75
1631725200,4463,4469,4462.75,4467.5,,4467.5
1631727000,4467.75,4473,4467.5,4467.5,,4467.5
1631728800,4467.5,4470.25,4465,4467,,4467
1631730600,4467,4470.75,4465.75,4466.5,,4466.5
1631732400,4466.5,4475.25,4465.5,4472.75,,4472.75
1631734200,4473,4477.75,4470,4472.25,,4472.25
1631736000,4472.5,4473.75,4470.25,4473.25,,4473.25
1631799000,4466.25,4476,4451.25,4454.5,,4454.5
1631800800,4454.25,4454.25,4438.5,4445.75,,4445.75
1631802600,4445.75,4450,4433.25,4438.75,,4438.75
1631804400,4438.75,4444.5,4436.25,4442.25,,4442.25
1631806200,4442.25,4446.25,4439,4446,,4446
1631808000,4445.75,4452.25,4442.75,4449.5,,4449.5
1631809800,4449.5,4456.25,4449.25,4452.75,,4452.75
1631811600,4452.75,4455,4448.5,4452.5,,4452.5
1631813400,4452.75,4460.5,4446.75,4460.5,,4460.5
1631815200,4460.25,4465.5,4457.5,4461.5,,4461.5
1631817000,4461.5,4468.25,4460.75,4467.25,,4467.25
1631818800,4467.5,4476.5,4466.5,4467.25,,4467.25
1631820600,4467.25,4471.25,4463,4464.5,,4464.5
1631822400,4464.75,4465.25,4460.5,4462.5,,4462.5
1631885400,4455.75,4460.25,4437,4441,,4441
1631887200,4441,4443.75,4430.5,4438.25,,4438.25
1631889000,4438,4438,4425.5,4430.25,,4430.25
1631890800,4430.5,4437.25,4424,4429.5,,4429.5
1631892600,4429.5,4431.75,4422.25,4428.75,,4428.75
1631894400,4428.75,4436.25,4427.5,4431.75,,4431.75
1631896200,4432,4438.75,4431.75,4433.25,,4433.25
1631898000,4433.25,4433.5,4422.5,4427,,4427
1631899800,4426.75,4428.5,4416.25,4421.5,,4421.5
1631901600,4421.5,4426.75,4418.5,4420,,4420
1631903400,4419.75,4426.25,4416.25,4422.75,,4422.75
1631905200,4422.75,4428,4419,4421,,4421
1631907000,4421,4428.5,4417.25,4420,,4420
1631908800,4420,4421,4411.5,4415,,4415
1632144600,4354.25,4371.25,4344.75,4363,,4363
1632146400,4363.25,4364,4344.25,4354,,4354
1632148200,4354,4359.75,4345.5,4347.25,,4347.25
1632150000,4347.5,4358,4342,4354.25,,4354.25
1632151800,4354.5,4355.25,4334.25,4334.5,,4334.5
1632153600,4334.25,4335.75,4323.5,4330.5,,4330.5
1632155400,4330.75,4332.5,4321.5,4322,,4322
1632157200,4321.75,4325.75,4312.5,4325.25,,4325.25
1632159000,4325.25,4329.5,4321.25,4325.5,,4325.5
1632160800,4325.75,4329,4305.5,4307,,4307
1632162600,4307.25,4309.25,4297,4302.5,,4302.5
1632164400,4302.75,4314.5,4293.75,4314.5,,4314.5
1632166200,4314.75,4350,4312.75,4346.5,,4346.5
1632168000,4346.5,4349.25,4335,4340,,4340
1632231000,4371.25,4385,4361,4369.75,,4369.75
1632232800,4370,4373.5,4350,4359.25,,4359.25
1632234600,4359.25,4360.5,4336.5,4343.75,,4343.75
1632236400,4343.5,4359,4337.5,4351,,4351
1632238200,4351.25,4368.25,4351.25,4364.5,,4364.5
1632240000,4364.75,4375.75,4364,4366.75,,4366.75
1632241800,4366.5,4368.75,4355.25,4359.75,,4359.75
1632243600,4359.75,4362.25,4348.25,4349.75,,4349.75
1632245400,4349.75,4355.5,4343.5,4348,,4348
1632247200,4348,4354.25,4341.25,4342.25,,4342.25
1632249000,4342.5,4363.75,4342,4355.75,,4355.75
1632250800,4355.75,4366.5,4355.5,4363,,4363
1632252600,4363,4366.5,4340.75,4342.75,,4342.75
1632254400,4342.5,4344.25,4331.75,4334.5,,4334.5
1632317400,4366.5,4374.5,4356.5,4374.25,,4374.25
1632319200,4374.5,4383.5,4372.25,4380.25,,4380.25
1632321000,4380.25,4386.75,4378.75,4385.75,,4385.75
1632322800,4385.75,4389.25,4385.5,4387.5,,4387.5
1632324600,4387.5,4402,4387.5,4395.75,,4395.75
1632326400,4395.75,4396.5,4391,4394.25,,4394.25
1632328200,4394.25,4396.5,4389,4391,,4391
1632330000,4390.75,4391.25,4384,4389,,4389
1632331800,4388.75,4390.75,4381.5,4386,,4386
1632333600,4385.75,4406.5,4375.5,4400.75,,4400.75
1632335400,4400.5,4403.5,4371.75,4382.25,,4382.25
1632337200,4382.25,4403.25,4376.75,4396,,4396
1632339000,4396,4398.5,4381,4384.25,,4384.25
1632340800,4384,4389.25,4381.5,4386.5,,4386.5
1632403800,4404.25,4434.25,4401.25,4428,,4428
1632405600,4428.25,4442.5,4428,4438.75,,4438.75
1632407400,4438.5,4445.25,4434.25,4443,,4443
1632409200,4443.25,4443.5,4434,4439.5,,4439.5
1632411000,4439.75,4444,4437.5,4443.5,,4443.5
1632412800,4443.5,4443.75,4439,4443.25,,4443.25
1632414600,4443,4447.5,4442.5,4443.25,,4443.25
1632416400,4443.5,4450.75,4443.25,4450.25,,4450.25
1632418200,4450.25,4455,4450,4454.75,,4454.75
1632420000,4454.75,4455,4448.25,4449.25,,4449.25
1632421800,4449.25,4452.25,4445.25,4448,,4448
1632423600,4448,4449,4442,4443.75,,4443.75
1632425400,4443.5,4446.25,4436,4437.25,,4437.25
1632427200,4437.25,4441.5,4435.25,4439.75,,4439.75
1632490200,4420.25,4442.25,4417.75,4441.75,,4441.75
1632492000,4441.75,4445,4433.5,4437,,4437
1632493800,4436.75,4438.75,4427.75,4432.5,,4432.5
1632495600,4432.5,4438.25,4428.25,4428.75,,4428.75
1632497400,4428.75,4439.75,4427,4438,,4438
1632499200,4437.75,4442,4435.25,4439.75,,4439.75
1632501000,4439.75,4442.75,4438.25,4440.5,,4440.5
1632502800,4440.25,4441.5,4437.75,4440.75,,4440.75
1632504600,4440.75,4441,4433.75,4433.75,,4433.75
1632506400,4433.75,4438,4433.75,4437.5,,4437.5
1632508200,4437.25,4445.75,4437,4445.5,,4445.5
1632510000,4445.5,4449,4439.5,4446.75,,4446.75
1632511800,4446.75,4453,4445,4445.5,,4445.5
1632513600,4445.75,4447.75,4445,4445.75,,4445.75
1632749400,4433.5,4438.75,4425,4435,,4435
1632751200,4435,4444.25,4430.25,4444,,4444
1632753000,4444.25,4446.5,4437.5,4437.75,,4437.75
1632754800,4438,4444.5,4434.75,4436.5,,4436.5
1632756600,4436.75,4438.5,4429,4433.5,,4433.5
1632758400,4433.25,4439.25,4430,4436.75,,4436.75
1632760200,4436.5,4436.75,4426.75,4429.25,,4429.25
1632762000,4429,4437.75,4427.25,4437,,4437
1632763800,4437,4440.25,4433.5,4439.75,,4439.75
1632765600,4440,4443.25,4438.5,4442.75,,4442.75
1632767400,4442.75,4443.25,4437.25,4438.5,,4438.5
1632769200,4438.25,4443.25,4436.5,4438.75,,4438.75
1632771000,4438.75,4441,4429.5,4433.25,,4433.25
1632772800,4433,4433.75,4428.5,4432.25,,4432.25
1632835800,4402.75,4406.25,4377.75,4386,,4386
1632837600,4386,4386,4355.25,4364,,4364
1632839400,4364,4372,4354.25,4362.25,,4362.25
1632841200,4362,4366.5,4343.5,4352,,4352
1632843000,4352.25,4356.25,4343.25,4351.5,,4351.5
1632844800,4351.5,4357.25,4342,4351.75,,4351.75
1632846600,4351.75,4351.75,4336.5,4338.75,,4338.75
1632848400,4338.5,4355.75,4334.75,4352.5,,4352.5
1632850200,4352.5,4355,4342.25,4342.5,,4342.5
1632852000,4342.5,4358,4335.5,4357.5,,4357.5
1632853800,4357.25,4367.5,4347.75,4364.25,,4364.25
1632855600,4364,4372.25,4353.5,4353.5,,4353.5
1632857400,4353.75,4361.5,4337.5,4343.75,,4343.75
1632859200,4343.75,4349.5,4342.75,4346,,4346
1632922200,4358,4370.75,4346,4368,,4368
1632924000,4367.75,4375.5,4363.75,4368.25,,4368.25
1632925800,4368.25,4376.5,4360.75,4373,,4373
1632927600,4373,4374,4362.5,4363.5,,4363.5
1632929400,4363.5,4365.75,4355.5,4362.5,,4362.5
1632931200,4362.5,4365,4348,4351,,4351
1632933000,4350.75,4359.5,4349.25,4355.75,,4355.75
1632934800,4355.5,4359.5,4350.25,4352,,4352
1632936600,4352,4355.75,4344.25,4355,,4355
1632938400,4355,4372,4354,4368,,4368
1632940200,4368,4375.5,4368,4372.25,,4372.25
1632942000,4372.25,4374.75,4365.25,4367,,4367
1632943800,4367.25,4368.5,4345.25,4350.5,,4350.5
1632945600,4350.5,4358.5,4349.25,4357,,4357
1633008600,4366,4373.5,4357.75,4364,,4364
1633010400,4363.75,4366.75,4352,4356.5,,4356.5
1633012200,4356.5,4358.25,4338.75,4342.25,,4342.25
1633014000,4342.25,4356.75,4339,4352.25,,4352.25
1633015800,4352.25,4352.5,4320,4327.25,,4327.25
1633017600,4327.5,4329.5,4305.75,4308.75,,4308.75
1633019400,4308.5,4319.5,4304.5,4313,,4313
1633021200,4313,4327.5,4310.75,4313.75,,4313.75
1633023000,4314,4323.75,4308.75,4323.5,,4323.5
1633024800,4323.25,4337.25,4322.5,4331.75,,4331.75
1633026600,4331.5,4343.75,4328.5,4328.75,,4328.75
1633028400,4329,4341.25,4324,4328,,4328
1633030200,4327.75,4337.25,4294.25,4296.75,,4296.75
1633032000,4297,4305.75,4295,4302.5,,4302.5
1633095000,4315,4321.25,4293,4298.75,,4298.75
1633096800,4299,4308,4277.25,4281.5,,4281.5
1633098600,4281.75,4297.5,4277,4296.75,,4296.75
1633100400,4296.5,4315,4287.5,4309.25,,4309.25
1633102200,4309,4326,4308.5,4319.5,,4319.5
1633104000,4319.5,4323,4312.25,4320.25,,4320.25
1633105800,4320.5,4324.25,4316.5,4319,,4319
1633107600,4319.25,4329.5,4314.75,4327,,4327
1633109400,4327,4344,4327,4338.25,,4338.25
1633111200,4338.25,4348.5,4338.25,4345.5,,4345.5
1633113000,4345.5,4354.75,4344.75,4352.75,,4352.75
1633114800,4352.75,4365.75,4352.75,4353.75,,4353.75
1633116600,4353.75,4359,4340.25,4347,,4347
1633118400,4346.75,4352.75,4345.75,4347.25,,4347.25
1633354200,4334.75,4344.5,4326.25,4331.75,,4331.75
1633356000,4331.5,4336.75,4302.75,4304,,4304
1633357800,4304,4304,4275,4284.5,,4284.5
1633359600,4284.5,4292.75,4275.75,4283.25,,4283.25
1633361400,4283.25,4291.25,4267.5,4288.25,,4288.25
1633363200,4288,4290.25,4276.25,4278.75,,4278.75
1633365000,4279,4283.5,4270.75,4276.5,,4276.5
1633366800,4276.5,4286.75,4269,4276.5,,4276.5
1633368600,4276.25,4284.75,4275.75,4277.5,,4277.5
1633370400,4277.5,4289.75,4276.25,4281.75,,4281.75
1633372200,4281.75,4290,4277.25,4286.5,,4286.5
1633374000,4286.75,4296.5,4277.25,4281,,4281
1633375800,4280.75,4295,4277.75,4292,,4292
1633377600,4292,4296.25,4291.5,4294.25,,4294.25
1633440600,4307.5,4322,4298.5,4317.25,,4317.25
1633442400,4317,4343,4316.25,4342.25,,4342.25
1633444200,4342.5,4350,4336.5,4349.75,,4349.75
1633446000,4349.5,4356.75,4347,4351.5,,4351.5
1633447800,4351.5,4354.5,4342.75,4350.5,,4350.5
1633449600,4350.5,4356.75,4344.75,4347,,4347
1633451400,4347,4350.5,4343.5,4350,,4350
1633453200,4350,4352.25,4345.75,4350.25,,4350.25
1633455000,4350.25,4357.5,4349,4355,,4355
1633456800,4355,4358.75,4351.25,4356.25,,4356.25
1633458600,4356.25,4359.75,4354,4354.5,,4354.5
1633460400,4354.5,4358.25,4348.25,4349.25,,4349.25
1633462200,4349,4353.25,4332.75,4335,,4335
1633464000,4335,4337.75,4334,4335.5,,4335.5
1633527000,4297,4317.5,4290.5,4293,,4293
1633528800,4293,4315.75,4279.5,4310,,4310
1633530600,4310,4319.5,4301.25,4313.75,,4313.75
1633532400,4313.75,4318.5,4298.5,4299.75,,4299.75
1633534200,4300,4316.25,4294.75,4314.75,,4314.75
1633536000,4314.75,4316.25,4295.25,4299.75,,4299.75
1633537800,4300,4310,4297.75,4304.5,,4304.5
1633539600,4304.25,4317,4296.25,4317,,4317
1633541400,4317,4332.75,4316,4330,,4330
1633543200,4330.25,4346.5,4324.5,4344.25,,4344.25
1633545000,4344,4349.75,4336.5,4337.25,,4337.25
1633546800,4337.25,4344.25,4335.75,4343.75,,4343.75
1633548600,4343.75,4355.75,4334.75,4353.5,,4353.5
1633550400,4353.5,4355.25,4350,4354.75,,4354.75
1633613400,4388.25,4411.5,4386.75,4411.25,,4411.25
1633615200,4411.25,4421.5,4409.75,4418.75,,4418.75
1633617000,4418.75,4420.75,4413,4418.25,,4418.25
1633618800,4418.5,4419,4409.5,4413.25,,4413.25
1633620600,4413.5,4419,4412.25,4418.75,,4418.75
1633622400,4418.75,4420.5,4412.25,4414.75,,4414.75
1633624200,4414.75,4417.75,4411.75,4416.25,,4416.25
1633626000,4416.5,4417,4412.25,4416.75,,4416.75
1633627800,4416.75,4417,4409.5,4410.5,,4410.5
1633629600,4410.25,4411,4403,4404,,4404
1633631400,4404.25,4405.5,4394.75,4396,,4396
1633633200,4396,4405,4393.25,4400.75,,4400.75
1633635000,4400.5,4401.75,4386.5,4391,,4391
1633636800,4391.25,4394,4390,4391.5,,4391.5
1633699800,4399.25,4403.25,4383.75,4388,,4388
1633701600,4388,4401.25,4387.5,4394,,4394
1633703400,4394.25,4398,4385,4392,,4392
1633705200,4391.75,4398.75,4387.25,4394.5,,4394.5
1633707000,4394.5,4395.25,4386.25,4387.75,,4387.75
1633708800,4388,4391,4382.5,4383,,4383
1633710600,4383,4391.25,4382.25,4386.25,,4386.25
1633712400,4386.25,4388.75,4376.25,4379,,4379
1633714200,4378.75,4385.5,4377,4384.75,,4384.75
1633716000,4384.75,4396.75,4384,4396.25,,4396.25
1633717800,4396.25,4397.75,4390.75,4391.75,,4391.75
1633719600,4392,4396,4390.5,4393.25,,4393.25
1633721400,4393,4393.5,4379.25,4383,,4383
1633723200,4383.25,4383.5,4376.75,4379.25,,4379.25
1633959000,4376,4398.5,4373.5,4398.5,,4398.5
1633960800,4398.5,4407.5,4398,4406.25,,4406.25
1633962600,4406.25,4407,4399.75,4401.25,,4401.25
1633964400,4401.25,4403.25,4395.75,4398.25,,4398.25
1633966200,4398.25,4406,4397.75,4400.5,,4400.5
1633968000,4400.5,4401.5,4386.5,4390.75,,4390.75
1633969800,4390.5,4391,4381.5,4385,,4385
1633971600,4385,4385,4367,4368.75,,4368.75
1633973400,4368.75,4372.5,4363.5,4369,,4369
1633975200,4368.75,4377.5,4367,4369.75,,4369.75
1633977000,4369.5,4374.75,4366.25,4372.5,,4372.5
1633978800,4372.25,4374.75,4362.75,4363.25,,4363.25
1633980600,4363.25,4366,4350,4350.75,,4350.75
1633982400,4350.75,4351.25,4346,4348.5,,4348.5
1634045400,4360.75,4365,4339,4345,,4345
1634047200,4345,4356.5,4339.5,4350.5,,4350.5
1634049000,4350.5,4354.25,4343.75,4344.75,,4344.75
1634050800,4345,4359,4344.75,4351.75,,4351.75
1634052600,4352,4357.5,4346.25,4357.25,,4357.25
1634054400,4357.25,4365,4354.5,4355.75,,4355.75
1634056200,4355.75,4356.25,4343.75,4345.75,,4345.75
1634058000,4345.5,4348.25,4341.25,4346.5,,4346.5
1634059800,4346.25,4352.75,4344.5,4346,,4346
1634061600,4345.75,4359.75,4344.25,4353.25,,4353.25
1634063400,4353.5,4355,4346,4346.75,,4346.75
1634065200,4346.75,4347.5,4340.75,4345.5,,4345.5
1634067000,4345.5,4347.5,4331.75,4340.25,,4340.25
1634068800,4340.25,4340.5,4327.75,4331.75,,4331.75
1634131800,4351,4357.25,4330.75,4334.75,,4334.75
1634133600,4334.75,4336.25,4318.75,4323,,4323
1634135400,4323.25,4338,4321.5,4331,,4331
1634137200,4331,4337.75,4330,4332.75,,4332.75
1634139000,4332.75,4346.5,4326.75,4340,,4340
1634140800,4340,4343.5,4337.25,4343,,4343
1634142600,4343,4345,4336.75,4340.5,,4340.5
1634144400,4340.5,4350.75,4339,4350.5,,4350.5
1634146200,4350.25,4356.25,4349.75,4351.5,,4351.5
1634148000,4351.75,4364.75,4345,4350.75,,4350.75
1634149800,4350.5,4352.75,4343.25,4348.75,,4348.75
1634151600,4348.5,4355.75,4345,4348.5,,4348.5
1634153400,4348.5,4357.5,4348,4355.25,,4355.25
1634155200,4355.25,4357,4352.75,4353,,4353
1634218200,4395.25,4402.75,4390,4400,,4400
1634220000,4400,4414,4399.75,4410.25,,4410.25
1634221800,4410.25,4416.75,4407.5,4416.25,,4416.25
1634223600,4416.5,4417.75,4412,4415.75,,4415.75
1634225400,4415.75,4422.25,4414.25,4422,,4422
1634227200,4421.75,4426.25,4421.25,4423.25,,4423.25
1634229000,4423.5,4425.5,4422,4425.5,,4425.5
1634230800,4425.5,4427,4420,4421.25,,4421.25
1634232600,4421.25,4428.75,4421.25,4427.25,,4427.25
1634234400,4427.25,4429.5,4424.5,4429.25,,4429.25
1634236200,4429.25,4430.25,4426.75,4429.25,,4429.25
1634238000,4429.25,4429.5,4423.5,4425.75,,4425.75
1634239800,4425.5,4431,4420.75,4429,,4429
1634241600,4429,4431.25,4427.75,4431,,4431
1634304600,4452,4457,4445,4457,,4457
1634306400,4456.75,4461.75,4447.75,4448.75,,4448.75
1634308200,4448.75,4459.25,4448.75,4458.75,,4458.75
1634310000,4459,4460,4455.75,4456.75,,4456.75
1634311800,4456.5,4458.25,4450.5,4452.5,,4452.5
1634313600,4452.5,4457,4452.25,4454.5,,4454.5
1634315400,4454.75,4458.75,4452.5,4457.5,,4457.5
1634317200,4457.75,4459,4454.5,4455.75,,4455.75
1634319000,4456,4461.75,4455.75,4460.5,,4460.5
1634320800,4460.75,4467.5,4460.5,4465.25,,4465.25
1634322600,4465.25,4466,4461,4465,,4465
1634324400,4465.25,4466,4458.25,4463,,4463
1634326200,4463,4464.5,4458.5,4463.25,,4463.25
1634328000,4463,4465,4461.25,4463.25,,4463.25
1634563800,4443.75,4459.25,4436.75,4457.25,,4457.25
1634565600,4457.5,4462,4455.25,4461.5,,4461.5
1634567400,4461.75,4465,4455.75,4462.75,,4462.75
1634569200,4462.75,4474.5,4462.25,4469.25,,4469.25
1634571000,4469.25,4473.75,4468,4472.25,,4472.25
1634572800,4472.5,4474.75,4470.5,4472.25,,4472.25
1634574600,4472,4473.5,4468.75,4470.25,,4470.25
1634576400,4470.25,4473.5,4469.75,4472.5,,4472.5
1634578200,4472.75,4474,4471,4471.5,,4471.5
1634580000,4471.5,4472.5,4469,4472,,4472
1634581800,4472,4475.5,4470.25,4474,,4474
1634583600,4473.75,4478,4472.25,4474.75,,4474.75
1634585400,4474.75,4479.75,4472.75,4476.75,,4476.75
1634587200,4477,4477.5,4475,4476.75,,4476.75
1634650200,4493.5,4497.25,4487.25,4490.75,,4490.75
1634652000,4491,4502.25,4490.25,4501.75,,4501.75
1634653800,4501.75,4504,4494.75,4503,,4503
1634655600,4503,4507.25,4502.75,4505.25,,4505.25
1634657400,4505.25,4507.75,4503,4506.75,,4506.75
1634659200,4506.75,4508.5,4504.5,4506.25,,4506.25
1634661000,4506.5,4510.25,4506.25,4509.75,,4509.75
1634662800,4510,4510.25,4506.25,4507,,4507
1634664600,4507,4509,4506.5,4508.5,,4508.5
1634666400,4508.5,4509.25,4505,4505.25,,4505.25
1634668200,4505,4505.75,4500.5,4504.25,,4504.25
1634670000,4504.25,4511.5,4503.5,4508.25,,4508.25
1634671800,4508.25,4512.25,4504.25,4511.75,,4511.75
1634673600,4511.75,4515.75,4510.75,4514.25,,4514.25
1634736600,4515.75,4524.75,4514.5,4520.75,,4520.75
1634738400,4520.75,4530,4518,4529.75,,4529.75
1634740200,4529.75,4532.25,4525.25,4525.5,,4525.5
1634742000,4525.5,4528.5,4523.25,4525,,4525
1634743800,4525.25,4530.25,4522.75,4529.75,,4529.75
1634745600,4529.75,4530.5,4526.75,4527.75,,4527.75
1634747400,4527.75,4530.25,4527.75,4529.75,,4529.75
1634749200,4529.75,4530.25,4515,4522.75,,4522.75
1634751000,4522.75,4523.75,4519.75,4522.75,,4522.75
1634752800,4522.75,4528.25,4521.75,4526.25,,4526.25
1634754600,4526.25,4528.25,4525,4527,,4527
1634756400,4527.25,4529.75,4524.5,4524.75,,4524.75
1634758200,4524.75,4529.25,4521.25,4529.25,,4529.25
1634760000,4529,4531.25,4524,4525,,4525
1634823000,4522,4526.75,4517.75,4524.75,,4524.75
1634824800,4524.75,4529.5,4522.25,4529.5,,4529.5
1634826600,4529.5,4533.5,4527.75,4528,,4528
1634828400,4528,4530.5,4518.5,4519,,4519
1634830200,4519.25,4524.75,4518.25,4524.25,,4524.25
1634832000,4524,4527.5,4522.25,4526.5,,4526.5
1634833800,4526.75,4527.25,4523.75,4525.75,,4525.75
1634835600,4526,4528.5,4524.75,4527.75,,4527.75
1634837400,4527.75,4528.75,4522.25,4523.75,,4523.75
1634839200,4524,4529,4523.5,4528.5,,4528.5
1634841000,4528.5,4529.5,4526.75,4529.5,,4529.5
1634842800,4529.75,4537.5,4529.5,4536.75,,4536.75
1634844600,4536.75,4543.25,4534,4541,,4541
1634846400,4541.25,4542.5,4539.25,4539.75,,4539.75
1634909400,4536,4547,4533.75,4543.5,,4543.5
1634911200,4543.25,4551.5,4540.5,4551.25,,4551.25
1634913000,4551.5,4551.5,4538.25,4539.75,,4539.75
1634914800,4539.75,4544.25,4524.25,4529,,4529
1634916600,4529.25,4530.25,4515.25,4523,,4523
1634918400,4522.75,4528.25,4518,4528.25,,4528.25
1634920200,4528.25,4538.75,4527.5,4531.75,,4531.75
1634922000,4531.75,4536.5,4530.5,4533.5,,4533.5
1634923800,4533.75,4537.75,4529.5,4530.25,,4530.25
1634925600,4530.25,4539.25,4530.25,4539.25,,4539.25
1634927400,4539.25,4545.75,4536,4536.25,,4536.25
1634929200,4536.5,4537.5,4531.75,4534.5,,4534.5
1634931000,4534.75,4541.75,4533.5,4536.25,,4536.25
1634932800,4536.25,4537.5,4532.25,4534.75,,4534.75
1635168600,4547.75,4548,4528.75,4541.25,,4541.25
1635170400,4541.5,4545.25,4537.75,4544.25,,4544.25
1635172200,4544,4547.5,4541.75,4546.75,,4546.75
1635174000,4546.5,4551.75,4545,4551.25,,4551.25
1635175800,4551.5,4554.25,4548.5,4554,,4554
1635177600,4554,4559.5,4552.25,4558.5,,4558.5
1635179400,4558.75,4560.75,4556.75,4558.75,,4558.75
1635181200,4559,4564,4559,4561.5,,4561.5
1635183000,4561.25,4562.25,4557.5,4558.75,,4558.75
1635184800,4559,4562.75,4557,4562.25,,4562.25
1635186600,4562.5,4564,4558.5,4559.75,,4559.75
1635188400,4560,4560.75,4555.75,4559.25,,4559.25
1635190200,4559,4560.5,4553.5,4560.25,,4560.25
1635192000,4560.25,4561.25,4552.5,4559.75,,4559.75
1635255000,4576.5,4583,4572.75,4579.25,,4579.25
1635256800,4579.25,4590,4577,4587.25,,4587.25
1635258600,4587.25,4589.25,4583,4586.5,,4586.5
1635260400,4586.25,4588.75,4584,4588,,4588
1635262200,4588.25,4588.75,4576.25,4576.5,,4576.5
1635264000,4576.5,4577.75,4570,4571.5,,4571.5
1635265800,4571.5,4573.5,4560.75,4567,,4567
1635267600,4567.25,4570.75,4563.25,4567.75,,4567.75
1635269400,4567.5,4574.5,4566.5,4571,,4571
1635271200,4571,4576,4570.75,4573.25,,4573.25
1635273000,4573,4576.75,4570.25,4575.5,,4575.5
1635274800,4575.75,4578,4572,4572.25,,4572.25
1635276600,4572.25,4579.25,4563.5,4564.75,,4564.75
1635278400,4564.75,4568.25,4563.25,4565.75,,4565.75
1635341400,4569,4575.5,4558,4575,,4575
1635343200,4575.25,4576.75,4561.75,4563.5,,4563.5
1635345000,4563.75,4568.75,4560.25,4562.25,,4562.25
1635346800,4562.5,4569.5,4561,4566.75,,4566.75
1635348600,4566.75,4568.25,4561.5,4564.25,,4564.25
1635350400,4564.25,4570,4562.75,4568,,4568
1635352200,4568.25,4568.5,4564,4567,,4567
1635354000,4566.75,4574,4566,4572.5,,4572.5
1635355800,4572.75,4574.75,4571,4574.5,,4574.5
1635357600,4574.75,4576.25,4571.75,4572.25,,4572.25
1635359400,4572.5,4573,4566.75,4567,,4567
1635361200,4566.75,4567.75,4550.5,4558.25,,4558.25
1635363000,4558.25,4558.75,4543.75,4544,,4544
1635364800,4544.25,4548.25,4544,4547.25,,4547.25
1635427800,4559.75,4574.5,4559,4572.5,,4572.5
1635429600,4572.5,4576.25,4565.25,4575.75,,4575.75
1635431400,4575.75,4584.75,4574.75,4579.5,,4579.5
1635433200,4579.5,4583.75,4579,4580.25,,4580.25
1635435000,4580.5,4584.75,4573.5,4575.75,,4575.75
1635436800,4575.75,4582,4575.5,4577.75,,4577.75
1635438600,4577.75,4579.25,4569.75,4571.75,,4571.75
1635440400,4571.75,4576.25,4571.5,4575.25,,4575.25
1635442200,4575.5,4579.75,4575.25,4578.25,,4578.25
1635444000,4578.5,4583.75,4578.25,4582.75,,4582.75
1635445800,4582.75,4584,4578.75,4580,,4580
1635447600,4579.75,4580.75,4575.75,4577.25,,4577.25
1635449400,4577.25,4588.75,4576,4587.75,,4587.75
1635451200,4587.5,4589.75,4580.75,4582.75,,4582.75
1635514200,4563.75,4581.5,4560.25,4576,,4576
1635516000,4576,4581,4570.5,4572.75,,4572.75
1635517800,4572.5,4580.75,4569.5,4578.25,,4578.25
1635519600,4578.25,4587.25,4578,4585.75,,4585.75
1635521400,4585.75,4590,4583,4585.5,,4585.5
1635523200,4585.75,4596.75,4584.5,4596.5,,4596.5
1635525000,4596.25,4596.75,4591.75,4592.5,,4592.5
1635526800,4592.75,4596.5,4592,4593.75,,4593.75
1635528600,4594,4594.75,4589.5,4592.25,,4592.25
1635530400,4592.25,4593,4583.5,4583.5,,4583.5
1635532200,4583.5,4589,4582.5,4587.25,,4587.25
1635534000,4587.25,4589,4581,4584.25,,4584.25
1635535800,4584.25,4601,4583,4597.25,,4597.25
1635537600,4597.25,4601,4596,4600,,4600
1635773400,4608,4612,4596.25,4597.75,,4597.75
1635775200,4597.75,4599,4586.5,4595.25,,4595.25
1635777000,4595.25,4595.5,4587.25,4591,,4591
1635778800,4590.75,4599.25,4590.25,4597.5,,4597.5
1635780600,4597.5,4600.25,4595,4599.75,,4599.75
1635782400,4599.75,4602.25,4598.5,4601.75,,4601.75
1635784200,4601.75,4605,4600.75,4604.5,,4604.5
1635786000,4604.75,4605,4595.75,4597.25,,4597.25
1635787800,4597.25,4598.75,4591.5,4593.25,,4593.25
1635789600,4593,4594.25,4586.75,4591.25,,4591.25
1635791400,4591.25,4598.25,4591,4596.75,,4596.75
1635793200,4597,4600.25,4594.5,4598.75,,4598.75
1635795000,4598.5,4607,4598.5,4606,,4606
1635796800,4605.75,4606,4602.5,4604,,4604
1635859800,4607,4617.5,4605.5,4616.25,,4616.25
1635861600,4616.5,4619,4612,4617,,4617
1635863400,4616.75,4622,4615.5,4620.5,,4620.5
1635865200,4620.5,4623,4617.25,4622.75,,4622.75
1635867000,4622.75,4627,4618.5,4618.75,,4618.75
1635868800,4618.75,4622.5,4615.25,4621.75,,4621.75
1635870600,4621.75,4625.75,4620.25,4624.25,,4624.25
1635872400,4624.25,4625.5,4620.25,4620.25,,4620.25
1635874200,4620.25,4622.5,4617.75,4621,,4621
1635876000,4621,4622,4616.75,4619.25,,4619.25
1635877800,4619.25,4624.25,4617.75,4623.75,,4623.75
1635879600,4624,4624.75,4620,4622.75,,4622.75
1635881400,4622.75,4625.5,4618.75,4623.75,,4623.75
1635883200,4624,4624.25,4620,4621.25,,4621.25
1635946200,4618,4620.5,4613,4618.5,,4618.5
1635948000,4618.75,4620.5,4613,4617.5,,4617.5
1635949800,4617.25,4620.5,4615.5,4619.25,,4619.25
1635951600,4619.25,4619.75,4615.75,4616.5,,4616.5
1635953400,4616.75,4620,4615.25,4619.25,,4619.25
1635955200,4619.25,4620.25,4617,4618.5,,4618.5
1635957000,4618.75,4620,4616.75,4618,,4618
1635958800,4617.75,4618,4615.25,4617.5,,4617.5
1635960600,4617.75,4619,4614.25,4616.25,,4616.25
1635962400,4616.5,4632.5,4613.25,4628.5,,4628.5
1635964200,4628.5,4647.25,4625.25,4644,,4644
1635966000,4644.25,4649.25,4642.25,4647.25,,4647.25
1635967800,4647.25,4657,4646,4652.25,,4652.25
1635969600,4652.25,4652.75,4649.25,4651.5,,4651.5
1636032600,4658,4670.5,4654.5,4668.25,,4668.25
1636034400,4668.25,4674.5,4666.75,4671.25,,4671.25
1636036200,4671.5,4674.75,4669,4669.75,,4669.75
1636038000,4669.5,4669.75,4657.25,4658,,4658
1636039800,4658.25,4667.25,4656.5,4667,,4667
1636041600,4667,4669.75,4662.25,4664.5,,4664.5
1636043400,4664.5,4665.5,4661.5,4664,,4664
1636045200,4664.25,4665.75,4659.5,4665.5,,4665.5
1636047000,4665.5,4668.75,4662.25,4668,,4668
1636048800,4667.75,4668.25,4660.5,4665.25,,4665.25
1636050600,4665.25,4667.5,4662.25,4662.5,,4662.5
1636052400,4662.5,4666.5,4660,4664.75,,4664.75
1636054200,4664.75,4674.5,4660.5,4674,,4674
1636056000,4673.75,4674,4670.75,4672.75,,4672.75
1636119000,4697.75,4709.25,4694.75,4708,,4708
1636120800,4708,4711.75,4703.25,4705,,4705
1636122600,4705,4709,4704.5,4706.25,,4706.25
1636124400,4706.5,4708.5,4701,4701.25,,4701.25
1636126200,4701.5,4706,4698.25,4698.5,,4698.5
1636128000,4698.5,4701.75,4697.5,4700.25,,4700.25
1636129800,4700,4702,4692.75,4694.5,,4694.5
1636131600,4694.5,4696.25,4674.25,4674.5,,4674.5
1636133400,4674.5,4687.25,4674.25,4686.75,,4686.75
1636135200,4686.75,4692.75,4684.75,4691.5,,4691.5
1636137000,4691.5,4693.25,4688,4692,,4692
1636138800,4691.75,4693,4684.75,4687.75,,4687.75
1636140600,4687.75,4696.75,4686.5,4690,,4690
1636142400,4690,4691,4684.25,4684.5,,4684.5
1636381800,4701.75,4707,4695,4699,,4699
1636383600,4699.25,4702.75,4693.5,4698.75,,4698.75
1636385400,4698.75,4702,4691.25,4695.25,,4695.25
1636387200,4695.25,4698.5,4691.25,4697.25,,4697.25
1636389000,4697.25,4698.5,4690,4691.5,,4691.5
1636390800,4691.5,4692.5,4686.75,4691,,4691
1636392600,4691,4692.75,4687.25,4691,,4691
1636394400,4690.75,4694.75,4689,4693.25,,4693.25
1636396200,4693.25,4696,4691.25,4695.25,,4695.25
1636398000,4695.25,4699.25,4693.75,4694.25,,4694.25
1636399800,4694.25,4699.5,4694,4699.25,,4699.25
1636401600,4699.5,4699.5,4693.75,4695.5,,4695.5
1636403400,4695.5,4698,4690.25,4694.25,,4694.25
1636405200,4694.5,4695.75,4688.25,4692.75,,4692.75
1636468200,4698.25,4700.5,4669.25,4674.25,,4674.25
1636470000,4674.25,4680.5,4666.25,4676.75,,4676.75
1636471800,4676.5,4684.75,4675.75,4677.25,,4677.25
1636473600,4677.25,4681,4667.75,4671.5,,4671.5
1636475400,4671.5,4680,4669,4670.5,,4670.5
1636477200,4670.5,4673.5,4663.25,4669,,4669
1636479000,4668.75,4676.5,4667.25,4671.25,,4671.25
1636480800,4671.25,4676,4668.75,4670.5,,4670.5
1636482600,4670.75,4673.5,4664.25,4666.5,,4666.5
1636484400,4666.5,4675.25,4665,4671.75,,4671.75
1636486200,4671.75,4676.25,4670.25,4676.25,,4676.25
1636488000,4676.25,4676.75,4670.75,4673,,4673
1636489800,4673,4680,4670,4678.75,,4678.75
1636491600,4679,4679.5,4675,4676,,4676
1636554600,4660.5,4677,4658,4675.75,,4675.75
1636556400,4675.5,4678.75,4672,4674.25,,4674.25
1636558200,4674,4677,4671,4672.25,,4672.25
1636560000,4672.25,4677.75,4671.25,4672,,4672
1636561800,4672,4674.5,4667,4672.75,,4672.75
1636563600,4672.75,4674.25,4665.25,4665.25,,4665.25
1636565400,4665.5,4669,4660,4665,,4665
1636567200,4665,4666,4650,4655.25,,4655.25
1636569000,4655.25,4659,4644,4646.75,,4646.75
1636570800,4646.75,4647.5,4632.5,4632.75,,4632.75
1636572600,4632.75,4638.75,4625.25,4632.25,,4632.25
1636574400,4632.25,4645.5,4629,4643,,4643
1636576200,4643,4647.75,4635,4641.25,,4641.25
1636578000,4641.25,4642.5,4640,4642.25,,4642.25
1636641000,4656.75,4657.5,4647,4654.5,,4654.5
1636642800,4654.75,4655,4646.75,4647,,4647
1636644600,4647.25,4652.75,4643.75,4649.75,,4649.75
1636646400,4649.75,4652,4647,4648.75,,4648.75
1636648200,4649,4655.5,4648.25,4651.5,,4651.5
1636650000,4651.5,4653,4643,4646.75,,4646.75
1636651800,4646.75,4651.5,4646,4648.75,,4648.75
1636653600,4648.75,4649,4643.5,4647.25,,4647.25
1636655400,4647,4649.5,4646,4648.25,,4648.25
1636657200,4648.25,4652.25,4647.5,4648.75,,4648.75
1636659000,4648.75,4653,4646.25,4647.25,,4647.25
1636660800,4647,4648.75,4643,4647.25,,4647.25
1636662600,4647.25,4649,4642,4642.75,,4642.75
1636664400,4642.75,4646.5,4642.25,4645,,4645
1636727400,4656,4656.5,4645.75,4647.5,,4647.5
1636729200,4647.5,4654.25,4646.5,4649.5,,4649.5
1636731000,4649.75,4658.5,4646,4658.25,,4658.25
1636732800,4658,4675.5,4658,4673,,4673
1636734600,4673.25,4677.75,4670.75,4676,,4676
1636736400,4676,4678.5,4673.25,4676.5,,4676.5
1636738200,4676.5,4676.75,4671.5,4673,,4673
1636740000,4673,4673.25,4668.75,4671.25,,4671.25
1636741800,4671.5,4675,4671,4674.5,,4674.5
1636743600,4674.5,4674.75,4669.5,4670,,4670
1636745400,4670.25,4673.25,4667.25,4671.25,,4671.25
1636747200,4671.25,4677.75,4670.75,4677.5,,4677.5
1636749000,4677.5,4683.5,4675,4677.25,,4677.25
1636750800,4677.5,4682.75,4676.75,4681.75,,4681.75
1636986600,4691.5,4692.75,4681,4690.25,,4690.25
1636988400,4690.25,4690.5,4680,4682.25,,4682.25
1636990200,4682,4685.25,4679.5,4682.25,,4682.25
1636992000,4682.25,4685.5,4681.25,4681.25,,4681.25
1636993800,4681.5,4684.75,4667,4673.5,,4673.5
1636995600,4673.5,4675,4667,4670.5,,4670.5
1636997400,4670.5,4677.25,4670.25,4676.75,,4676.75
1636999200,4676.5,4680,4674.5,4677,,4677
1637001000,4677,4677.75,4674,4675.25,,4675.25
1637002800,4675.25,4675.75,4670.25,4672.5,,4672.5
1637004600,4672.5,4679.25,4671.5,4677.5,,4677.5
1637006400,4677.5,4679.75,4674.75,4678.75,,4678.75
1637008200,4678.75,4680.5,4670.25,4679,,4679
1637010000,4679,4682,4678,4681.75,,4681.75
1637073000,4676.25,4694.75,4675.5,4690,,4690
1637074800,4690,4695.5,4685.5,4685.75,,4685.75
1637076600,4685.75,4690.75,4685.25,4688.75,,4688.75
1637078400,4688.5,4704,4688.5,4702.25,,4702.25
1637080200,4702.5,4704.25,4699.25,4701.75,,4701.75
1637082000,4701.75,4703.5,4700,4701.25,,4701.25
1637083800,4701.25,4706.75,4700.5,4704.5,,4704.5
1637085600,4704.5,4708,4703.5,4705.75,,4705.75
1637087400,4705.5,4709,4705.5,4708.5,,4708.5
1637089200,4708.25,4709.75,4704,4706.25,,4706.25
1637091000,4706.25,4706.5,4703,4704,,4704
1637092800,4703.75,4704.75,4700.25,4701.75,,4701.75
1637094600,4701.75,4705,4694.5,4697.25,,4697.25
1637096400,4697.25,4699.5,4695.25,4697.5,,4697.5
1637159400,4694.75,4695.25,4679.25,4680.5,,4680.5
1637161200,4680.5,4687.5,4679.5,4684.75,,4684.75
1637163000,4685,4693,4684,4689.5,,4689.5
1637164800,4689.75,4691.5,4686.25,4688.75,,4688.75
1637166600,4688.75,4696.5,4687.75,4695.5,,4695.5
1637168400,4695.5,4696.75,4682,4682.5,,4682.5
1637170200,4682.25,4688.25,4681.5,4686,,4686
1637172000,4685.75,4690,4684,4689,,4689
1637173800,4688.75,4692.5,4687.25,4692,,4692
1637175600,4692,4692.25,4684.5,4686.25,,4686.25
1637177400,4686.25,4690,4684.25,4689.75,,4689.75
1637179200,4689.75,4691,4684.75,4688.75,,4688.75
1637181000,4688.75,4692.5,4685,4686.25,,4686.25
1637182800,4686.25,4687,4682.25,4685,,4685
1637245800,4697.25,4698.25,4687.5,4689.5,,4689.5
1637247600,4689.75,4691.75,4668,4672.75,,4672.75
1637249400,4673,4681.75,4672.5,4679.75,,4679.75
1637251200,4679.5,4686.25,4675.75,4684.5,,4684.5
1637253000,4684.5,4697.25,4684,4694.5,,4694.5
1637254800,4694.75,4704.5,4694.75,4703.5,,4703.5
1637256600,4703.25,4704.25,4692.25,4694.75,,4694.75
1637258400,4695,4700.5,4693.5,4696.5,,4696.5
1637260200,4696.5,4699.5,4695.25,4698.25,,4698.25
1637262000,4698.25,4699.5,4692.75,4694.5,,4694.5
1637263800,4694.5,4700.25,4691.25,4699.75,,4699.75
1637265600,4699.5,4702.75,4698.25,4702.25,,4702.25
1637267400,4702,4705,4699,4702,,4702
1637269200,4702,4704.75,4698.5,4699,,4699
1637332200,4700.75,4706.75,4691.5,4706.25,,4706.25
1637334000,4706.25,4707,4692.75,4693,,4693
1637335800,4693,4702.75,4692.5,4698,,4698
1637337600,4698,4706.25,4697.5,4705.5,,4705.5
1637339400,4705.75,4706.75,4702.75,4704.5,,4704.5
1637341200,4704.5,4709.5,4704.5,4708.75,,4708.75
1637343000,4709,4714.25,4706.5,4708,,4708
1637344800,4707.75,4709.25,4696.75,4696.75,,4696.75
1637346600,4697,4700.25,4690,4700,,4700
1637348400,4700,4703.25,4698.75,4699,,4699
1637350200,4699,4700.75,4695.75,4698.75,,4698.75
1637352000,4698.75,4700.25,4693.75,4697,,4697
1637353800,4697,4698.5,4691.25,4693.75,,4693.75
1637355600,4693.75,4696,4692.75,4695.25,,4695.25
1637591400,4712.5,4733,4712,4731.75,,4731.75
1637593200,4732,4740.5,4731.75,4737.25,,4737.25
1637595000,4737.25,4740,4731.75,4733,,4733
1637596800,4733,4734,4725.5,4727,,4727
1637598600,4727,4729.75,4697.5,4705.75,,4705.75
1637600400,4705.75,4712,4701.25,4707.75,,4707.75
1637602200,4707.75,4716.75,4706.75,4711.75,,4711.75
1637604000,4711.75,4716.25,4708,4714.75,,4714.75
1637605800,4714.75,4716.75,4711.25,4712,,4712
1637607600,4712.25,4717.75,4710.75,4715.25,,4715.25
1637609400,4715.25,4723.75,4714.5,4722.75,,4722.75
1637611200,4722.75,4729,4718,4718.25,,4718.25
1637613000,4718.25,4718.75,4678,4680,,4680
1637614800,4680,4683.75,4674.25,4683.5,,4683.5
1637677800,4676.75,4695.5,4667,4690.25,,4690.25
1637679600,4690.5,4691.75,4663.75,4665.25,,4665.25
1637681400,4665.25,4671.75,4654.75,4655.5,,4655.5
1637683200,4655.5,4674.75,4649,4670.75,,4670.75
1637685000,4671,4675,4662.5,4667,,4667
1637686800,4667,4671.25,4656.5,4667.75,,4667.75
1637688600,4667.75,4672,4657.5,4659.5,,4659.5
1637690400,4659.25,4665.5,4655.25,4658.75,,4658.75
1637692200,4658.75,4674,4653.75,4667.25,,4667.25
1637694000,4667.25,4671.25,4660,4664.75,,4664.75
1637695800,4664.5,4683,4660.25,4680,,4680
1637697600,4680.25,4683.75,4674.25,4676.75,,4676.75
1637699400,4676.5,4691.25,4676.5,4687.25,,4687.25
1637701200,4687.25,4688,4679,4679.25,,4679.25
1637764200,4665,4671.5,4656.25,4666.75,,4666.75
1637766000,4666.75,4679.25,4660.75,4678,,4678
1637767800,4678,4681,4671.5,4678.5,,4678.5
1637769600,4678.75,4689.5,4674,4688.5,,4688.5
1637771400,4688.75,4691.75,4683.25,4685,,4685
1637773200,4685.25,4689,4681.75,4682.75,,4682.75
1637775000,4682.75,4691.5,4682.25,4691,,4691
1637776800,4691,4694.75,4689.5,4693,,4693
1637778600,4693,4694,4689,4689.25,,4689.25
1637780400,4689.25,4695.5,4677.75,4683.25,,4683.25
1637782200,4683.25,4693.25,4683.25,4690.75,,4690.75
1637784000,4690.5,4699.25,4688.5,4698,,4698
1637785800,4698,4700.75,4693.25,4698.5,,4698.5
1637787600,4698.25,4700.75,4696.75,4699.75,,4699.75
1637937000,4628.25,4643.25,4610.25,4618.75,,4618.75
1637938800,4618.75,4619,4594,4614,,4614
1637940600,4614,4618,4601,4606,,4606
1637942400,4606,4606.25,4585,4593,,4593
1637944200,4593.25,4601,4587,4593,,4593
1637946000,4593,4610.5,4589.75,4609.75,,4609.75
1637947800,4610,4618.75,4581.25,4595,,4595
1637949600,4595,4601,4577.25,4579,,4579
1638196200,4645,4650,4628.75,4639.25,,4639.25
1638198000,4639,4642.5,4629.75,4629.75,,4629.75
1638199800,4630,4634.75,4621.25,4630,,4630
1638201600,4630,4639.25,4626.5,4634.5,,4634.5
1638203400,4634.5,4649.5,4634.25,4649,,4649
1638205200,4649,4662,4648.5,4660.5,,4660.5
1638207000,4660.75,4667.25,4660.25,4665.5,,4665.5
1638208800,4665.5,4669.75,4661.75,4664.75,,4664.75
1638210600,4664.75,4667.5,4660.25,4666.5,,4666.5
1638212400,4666.5,4667,4662.25,4663.25,,4663.25
1638214200,4663.25,4664.75,4658.25,4661.25,,4661.25
1638216000,4661,4668,4658.75,4661.75,,4661.75
1638217800,4661.5,4664,4647.25,4650.5,,4650.5
1638219600,4650.25,4656,4648.5,4652.75,,4652.75
1638282600,4624,4633.75,4614.5,4628,,4628
1638284400,4628,4643,4625.25,4631.75,,4631.75
1638286200,4632,4644.25,4583.5,4583.75,,4583.75
1638288000,4583.75,4602.5,4574.75,4590,,4590
1638289800,4590,4595.25,4565.75,4576.75,,4576.75
1638291600,4576.5,4582,4562,4580.25,,4580.25
1638293400,4580.25,4584.25,4571,4575,,4575
1638295200,4574.75,4577.75,4567.5,4574.75,,4574.75
1638297000,4575,4593,4573.25,4592.5,,4592.5
1638298800,4592.5,4597,4587.25,4588.25,,4588.25
1638300600,4588,4593,4573,4577.25,,4577.25
1638302400,4577.25,4580.5,4566.75,4568.75,,4568.75
1638304200,4568.75,4579.75,4557,4562.75,,4562.75
1638306000,4562.75,4584.25,4562.5,4578.75,,4578.75
1638369000,4620.5,4622.75,4606.25,4618.5,,4618.5
1638370800,4618.5,4635.5,4618.25,4626.5,,4626.5
1638372600,4626.5,4639.5,4615.75,4638.5,,4638.5
1638374400,4638.5,4650.75,4635.5,4646.25,,4646.25
1638376200,4646.5,4649.25,4626.5,4630.75,,4630.75
1638378000,4630.75,4642,4628,4630,,4630
1638379800,4629.75,4634.25,4606.5,4608.5,,4608.5
1638381600,4608.5,4615.75,4591.25,4606.25,,4606.25
1638383400,4606.25,4607.5,4577.5,4594.75,,4594.75
1638385200,4594.75,4597.25,4572,4590.5,,4590.5
1638387000,4590.5,4597.5,4577,4578.5,,4578.5
1638388800,4578.25,4581.75,4535,4541.75,,4541.75
1638390600,4541.5,4557.25,4505.5,4508.5,,4508.5
1638392400,4508.5,4517.75,4497.75,4513.75,,4513.75
1638455400,4510.25,4562.25,4506.25,4562,,4562
1638457200,4561.75,4566.75,4539.5,4553.25,,4553.25
1638459000,4553,4558.5,4523,4552.5,,4552.5
1638460800,4552.5,4572,4545.25,4566.5,,4566.5
1638462600,4566.5,4574,4546.75,4570.5,,4570.5
1638464400,4570.25,4586.5,4566.25,4585.5,,4585.5
1638466200,4585.25,4587,4574.25,4579.5,,4579.5
1638468000,4579.75,4584,4567,4570,,4570
1638469800,4570,4587,4564.75,4586,,4586
1638471600,4586.25,4590.5,4578.5,4589.5,,4589.5
1638473400,4589.25,4590.5,4574.5,4581,,4581
1638475200,4581,4589.25,4573,4578.5,,4578.5
1638477000,4578.25,4593.75,4565.75,4577.5,,4577.5
1638478800,4577.5,4582,4572.5,4573,,4573
1638541800,4595,4606.5,4554.5,4557.5,,4557.5
1638543600,4557.25,4564.75,4538.75,4559,,4559
1638545400,4559,4559.25,4519.25,4523,,4523
1638547200,4523,4536.75,4514.25,4534.5,,4534.5
1638549000,4534.5,4539.5,4507,4508.25,,4508.25
1638550800,4508.25,4528.75,4504.25,4525.75,,4525.75
1638552600,4526,4535.5,4513.75,4521,,4521
1638554400,4520.75,4534.5,4514.25,4523.25,,4523.25
1638556200,4523.25,4524,4506,4508.25,,4508.25
1638558000,4508,4518,4497.25,4511,,4511
1638559800,4511,4513.75,4498,4499.25,,4499.25
1638561600,4499.5,4521,4492,4513.75,,4513.75
1638563400,4514,4539.5,4501.25,4537.25,,4537.25
1638565200,4537.5,4543.25,4527.5,4531.25,,4531.25
1638801000,4564.75,4570.5,4539.25,4566,,4566
1638802800,4565.75,4586.5,4551.75,4584.5,,4584.5
1638804600,4584.75,4587.5,4571.75,4586.75,,4586.75
1638806400,4586.75,4588.25,4568.75,4578.5,,4578.5
1638808200,4578.5,4586.25,4572.75,4577,,4577
1638810000,4577.25,4592.5,4576,4590.5,,4590.5
1638811800,4590.5,4600,4587,4599.75,,4599.75
1638813600,4600,4610.5,4596.5,4607.25,,4607.25
1638815400,4607.25,4609.25,4603.75,4607.25,,4607.25
1638817200,4607.25,4611.75,4604,4605.75,,4605.75
1638819000,4605.75,4608.5,4591.25,4592.5,,4592.5
1638820800,4592.25,4599.75,4589,4593.75,,4593.75
1638822600,4593.5,4599.25,4586.75,4591.25,,4591.25
1638824400,4591.25,4592,4587.75,4590.5,,4590.5
1638887400,4647.75,4676.5,4647.25,4676.25,,4676.25
1638889200,4676.25,4685,4673.25,4679,,4679
1638891000,4679.25,4691.5,4679.25,4688.25,,4688.25
1638892800,4688.5,4692.5,4684.25,4687,,4687
1638894600,4687,4690,4684,4685,,4685
1638896400,4685.25,4688.25,4683.25,4684.75,,4684.75
1638898200,4685,4690.5,4684.75,4690,,4690
1638900000,4690,4690,4681.75,4686,,4686
1638901800,4686,4692.25,4684.75,4688.5,,4688.5
1638903600,4688.5,4689,4684.75,4687,,4687
1638905400,4687,4688,4681.75,4685.5,,4685.5
1638907200,4685.25,4689,4676,4676,,4676
1638909000,4676.25,4687,4666.25,4686.25,,4686.25
1638910800,4686.5,4692.75,4685,4691.25,,4691.25
1638973800,4690.25,4696.5,4678.75,4685,,4685
1638975600,4684.75,4691.5,4677.25,4678,,4678
1638977400,4678,4686.5,4673.25,4674.25,,4674.25
1638979200,4674,4682.75,4671.75,4682.75,,4682.75
1638981000,4682.5,4686.5,4678,4684.75,,4684.75
1638982800,4684.5,4685.75,4678,4681.75,,4681.75
1638984600,4681.5,4688.5,4681,4685.75,,4685.75
1638986400,4686,4689.75,4684.75,4689,,4689
1638988200,4689.25,4693.5,4687,4689.75,,4689.75
1638990000,4689.75,4692.5,4685.5,4691.75,,4691.75
1638991800,4691.75,4695,4688.75,4694.5,,4694.5
1638993600,4694.25,4698.5,4692.25,4698,,4698
1638995400,4697.75,4703.25,4694.5,4698.5,,4698.5
1638997200,4698.75,4700,4697,4698,,4698
1639060200,4684.75,4694,4681.5,4686,,4686
1639062000,4686,4691.5,4678.25,4678.75,,4678.75
1639063800,4678.75,4686.5,4674,4685.5,,4685.5
1639065600,4685.5,4690,4679,4689.25,,4689.25
1639067400,4689.25,4692,4680.75,4683,,4683
1639069200,4683,4687,4679.75,4684.5,,4684.5
1639071000,4684.25,4693.5,4683.25,4692.75,,4692.75
1639072800,4692.75,4692.75,4687.75,4688.5,,4688.5
1639074600,4688.5,4694.75,4682.5,4687.75,,4687.75
1639076400,4688,4690.75,4683.5,4684.75,,4684.75
1639078200,4684.5,4686,4675,4677.75,,4677.75
1639080000,4678,4683.5,4666.5,4671.5,,4671.5
1639081800,4671.5,4680.5,4665,4666.75,,4666.75
1639083600,4667,4669.25,4662.25,4665,,4665
1639146600,4696,4704.75,4685.25,4688,,4688
1639148400,4687.5,4699.25,4686.25,4698,,4698
1639150200,4698,4699.25,4677.25,4683.75,,4683.75
1639152000,4683.75,4685.25,4668.75,4683.75,,4683.75
1639153800,4683.75,4693.25,4679.25,4690.75,,4690.75
1639155600,4691,4694.75,4687.5,4689.5,,4689.5
1639157400,4689.75,4693,4683.25,4692.5,,4692.5
1639159200,4692.5,4698,4690.5,4696.25,,4696.25
1639161000,4696.25,4697.25,4692,4696.5,,4696.5
1639162800,4696.25,4698.75,4694,4698.25,,4698.25
1639164600,4698,4699.75,4689.25,4690.5,,4690.5
1639166400,4690.5,4699.75,4688,4698.5,,4698.5
1639168200,4698.5,4712.5,4698.5,4710.75,,4710.75
1639170000,4710.75,4712,4708.25,4711,,4711
1639405800,4705.75,4709.25,4687.75,4691,,4691
1639407600,4691,4697.5,4677.25,4681.75,,4681.75
1639409400,4681.75,4688.25,4676.25,4681.25,,4681.25
1639411200,4681.25,4683.5,4671.25,4673.5,,4673.5
1639413000,4673.75,4679,4671.25,4676.75,,4676.75
1639414800,4676.5,4683.5,4671.25,4682.25,,4682.25
1639416600,4682,4685,4676,4678.75,,4678.75
1639418400,4678.75,4682.75,4676.75,4678.5,,4678.5
1639420200,4678.75,4682,4673.5,4681,,4681
1639422000,4681,4686.75,4677.5,4683.25,,4683.25
1639423800,4683.25,4686,4680.75,4686,,4686
1639425600,4685.75,4689.75,4682.25,4682.5,,4682.5
1639427400,4682.5,4689.5,4666.75,4670,,4670
1639429200,4670,4672.75,4664.75,4671.5,,4671.5
1639492200,4624.75,4652,4623.25,4639.25,,4639.25
1639494000,4639.5,4642.25,4625.5,4637.25,,4637.25
1639495800,4637.5,4638.25,4605.75,4611.25,,4611.25
1639497600,4611.25,4615.75,4605,4614.75,,4614.75
1639499400,4615,4616,4601,4604.5,,4604.5
1639501200,4604.25,4606.5,4598,4605.75,,4605.75
1639503000,4605.75,4606.75,4596.25,4600.25,,4600.25
1639504800,4600.25,4608.75,4598.25,4607.75,,4607.75
1639506600,4607.75,4608,4598.25,4600.5,,4600.5
1639508400,4600.5,4617,4599,4612.75,,4612.75
1639510200,4612.75,4620.5,4611.5,4618.75,,4618.75
1639512000,4618.5,4633.75,4617.5,4633.25,,4633.25
1639513800,4633.25,4638.5,4618,4628.75,,4628.75
1639515600,4628.75,4629.75,4624,4625,,4625
1639578600,4628.75,4632,4608.5,4611.5,,4611.5
1639580400,4611.25,4616.5,4606,4614,,4614
1639582200,4614,4624,4612.25,4615.75,,4615.75
1639584000,4615.5,4618.25,4606.25,4609.5,,4609.5
1639585800,4609.75,4611,4602.25,4608.25,,4608.25
1639587600,4608.25,4615.5,4603.75,4614.75,,4614.75
1639589400,4614.75,4617.25,4610.25,4616.25,,4616.25
1639591200,4616.25,4618.25,4613.75,4616,,4616
1639593000,4616,4622.75,4612.75,4621,,4621
1639594800,4620.5,4650.5,4602,4631,,4631
1639596600,4631,4653.25,4626.75,4642.25,,4642.25
1639598400,4642.5,4691.75,4641.75,4689.5,,4689.5
1639600200,4689.5,4703.5,4676,4700.25,,4700.25
1639602000,4700.25,4705.75,4697.25,4701.25,,4701.25
1639665000,4720,4723.25,4702.5,4703,,4703
1639666800,4703.25,4714.75,4692.5,4713,,4713
1639668600,4713,4717.75,4706.75,4710.5,,4710.5
1639670400,4710.75,4711.5,4692,4701,,4701
1639672200,4701,4702,4688.25,4689,,4689
1639674000,4688.75,4693.5,4681,4683.5,,4683.5
1639675800,4683.75,4686.75,4671,4671.25,,4671.25
1639677600,4671.25,4684.75,4671.25,4682.5,,4682.5
1639679400,4682.5,4686.75,4675.25,4676.75,,4676.75
1639681200,4677,4680.75,4660.25,4663,,4663
1639683000,4663.25,4670.25,4642,4653.25,,4653.25
1639684800,4653.25,4668.5,4644,4666.25,,4666.25
1639686600,4666,4677.75,4656,4658,,4658
1639688400,4657.75,4667.5,4655.5,4664.75,,4664.75
1639751400,4624.75,4633.25,4602.5,4613.75,,4613.75
1639753200,4613.75,4614,4590,4603.5,,4603.5
1639755000,4603.5,4649.25,4598.75,4642.25,,4642.25
1639756800,4642.25,4657,4636.5,4650.25,,4650.25
1639758600,4650.25,4651.75,4613,4623.25,,4623.25
1639760400,4623,4629,4607.5,4625.25,,4625.25
1639762200,4625.25,4636.5,4620,4627.25,,4627.25
1639764000,4627,4640,4620,4639,,4639
1639765800,4639,4647,4631.75,4645.75,,4645.75
1639767600,4646,4646.75,4629.5,4632.5,,4632.5
1639769400,4632.5,4642.75,4627.5,4632.75,,4632.75
1639771200,4632.75,4642.5,4623.5,4627.75,,4627.75
1639773000,4627.75,4629.75,4605,4608.5,,4608.5
1639774800,4608.5,4618.75,4606.5,4616.5,,4616.5
1640010600,4552.75,4558.25,4534.25,4549.75,,4549.75
1640012400,4549.75,4552.5,4531.25,4532.5,,4532.5
1640014200,4532.5,4542,4525,4528.25,,4528.25
1640016000,4528,4533.75,4522,4526.75,,4526.75
1640017800,4526.75,4538,4520.25,4537.5,,4537.5
1640019600,4537.5,4543.5,4530.75,4537,,4537
1640021400,4536.75,4537,4526.25,4527.25,,4527.25
1640023200,4527.25,4536.75,4524.5,4534.5,,4534.5
1640025000,4534.75,4549.75,4529.5,4543,,4543
1640026800,4542.75,4553,4541.5,4544.75,,4544.75
1640028600,4544.5,4552.5,4538,4545.25,,4545.25
1640030400,4545.5,4557.75,4545.25,4552.75,,4552.75
1640032200,4552.5,4563.5,4543.25,4559,,4559
1640034000,4558.75,4571,4555.25,4571,,4571
1640097000,4594.75,4604,4580,4583,,4583
1640098800,4583,4597,4575.5,4577.5,,4577.5
1640100600,4577.75,4585.5,4572.25,4584.25,,4584.25
1640102400,4583.75,4596.5,4581.25,4592.25,,4592.25
1640104200,4592.5,4613,4592,4607.25,,4607.25
1640106000,4607,4620.5,4606.5,4620,,4620
1640107800,4620,4629.25,4619,4628.25,,4628.25
1640109600,4628.25,4629,4622.25,4627.25,,4627.25
1640111400,4627.5,4635,4627.25,4631.25,,4631.25
1640113200,4631.25,4635.25,4628.25,4632.25,,4632.25
1640115000,4632.25,4637.5,4626.75,4637.5,,4637.5
1640116800,4637.5,4638.75,4632.5,4633.25,,4633.25
1640118600,4633.25,4642.25,4622,4640.25,,4640.25
1640120400,4640.5,4641,4635.25,4639.25,,4639.25
1640183400,4637.5,4648.5,4635.5,4644,,4644
1640185200,4643.75,4655.25,4640.25,4651,,4651
1640187000,4651,4672.75,4650.5,4670.75,,4670.75
1640188800,4670.75,4675,4667,4672,,4672
1640190600,4672.25,4676.5,4669.5,4674.5,,4674.5
1640192400,4674.5,4677.25,4670.25,4674.5,,4674.5
1640194200,4674.5,4678.5,4671,4677.75,,4677.75
1640196000,4677.75,4678.25,4671.75,4672.5,,4672.5
1640197800,4672.5,4675.25,4665.5,4668.25,,4668.25
1640199600,4668.25,4669.75,4661.75,4663.25,,4663.25
1640201400,4663.25,4673.25,4663.25,4672.5,,4672.5
1640203200,4672.5,4676.75,4670.25,4674.5,,4674.5
1640205000,4674.25,4687.5,4672.75,4686.25,,4686.25
1640206800,4686.25,4690,4685,4689.5,,4689.5
1640269800,4696.5,4716.25,4695.5,4711,,4711
1640271600,4711,4717.75,4709.25,4715.75,,4715.75
1640273400,4715.75,4720.75,4712.5,4720.25,,4720.25
1640275200,4720.5,4724.25,4717.5,4718.75,,4718.75
1640277000,4719,4722.75,4718.75,4722.75,,4722.75
1640278800,4722.75,4722.75,4718.5,4719,,4719
1640280600,4719.25,4721,4718.75,4720.5,,4720.5
1640282400,4720.25,4722.5,4717,4722,,4722
1640284200,4722,4723.75,4719.75,4722.5,,4722.5
1640286000,4722.75,4726.5,4721.5,4725.25,,4725.25
1640287800,4725.25,4727.75,4723.75,4727.5,,4727.5
1640289600,4727.5,4727.75,4722.25,4723.75,,4723.75
1640291400,4724,4731.25,4714.75,4715,,4715
1640293200,4715.25,4718.75,4714,4716.25,,4716.25
1640615400,4729.75,4746.75,4729.5,4741.75,,4741.75
1640617200,4741.75,4756.5,4740.5,4756.25,,4756.25
1640619000,4756.25,4759.75,4754,4759.5,,4759.5
1640620800,4759.75,4762.75,4756,4761,,4761
1640622600,4761.25,4762.5,4757.75,4762.25,,4762.25
1640624400,4762.25,4766.75,4762,4766.5,,4766.5
1640626200,4766.5,4768,4764.5,4767.5,,4767.5
1640628000,4767.5,4771.5,4766.25,4769.75,,4769.75
1640629800,4769.75,4773,4768,4773,,4773
1640631600,4773,4776,4770.25,4776,,4776
1640633400,4775.75,4776,4769,4771.5,,4771.5
1640635200,4771.5,4772.75,4766.75,4772.5,,4772.5
1640637000,4772.5,4783.5,4771,4782.75,,4782.75
1640638800,4783,4784.25,4781,4781.25,,4781.25
1640701800,4787.25,4798,4782.25,4794.75,,4794.75
1640703600,4795,4797.5,4780.75,4789,,4789
1640705400,4789.25,4794.25,4785.75,4788.25,,4788.25
1640707200,4788,4791.25,4781.75,4786,,4786
1640709000,4786,4791.75,4782.75,4790.5,,4790.5
1640710800,4790.25,4791,4778,4778.75,,4778.75
1640712600,4778.5,4780.5,4770.5,4777.75,,4777.75
1640714400,4777.75,4780,4774.5,4778.75,,4778.75
1640716200,4778.75,4782,4775.25,4781.75,,4781.75
1640718000,4782,4782,4772.5,4776.5,,4776.5
1640719800,4776.5,4780.5,4774.75,4779.75,,4779.75
1640721600,4780,4781.75,4775.75,4779.75,,4779.75
1640723400,4779.5,4787.25,4775,4780,,4780
1640725200,4780,4785,4779.5,4783.75,,4783.75
1640788200,4780.25,4791.75,4779,4786,,4786
1640790000,4786.25,4787.75,4770,4776.75,,4776.75
1640791800,4777,4784.75,4775,4782.5,,4782.5
1640793600,4782.25,4784.75,4776.5,4777.25,,4777.25
1640795400,4777.25,4779.75,4774.75,4776,,4776
1640797200,4776.25,4777.25,4772.25,4772.75,,4772.75
1640799000,4773,4778.25,4771.75,4778,,4778
1640800800,4778,4781,4777.25,4777.5,,4777.5
1640802600,4777.75,4783,4776.25,4781.75,,4781.75
1640804400,4781.75,4784.25,4780.25,4783.25,,4783.25
1640806200,4783.25,4786.25,4782.25,4785.75,,4785.75
1640808000,4785.75,4789.5,4783.5,4789.25,,4789.25
1640809800,4789,4796,4783.5,4784.5,,4784.5
1640811600,4784.75,4787.5,4783,4783.25,,4783.25
1640874600,4788.5,4799,4786.25,4791.75,,4791.75
1640876400,4791.75,4799.75,4789.25,4797.5,,4797.5
1640878200,4797.25,4798.25,4791,4791.5,,4791.5
1640880000,4791.5,4794.25,4790,4793,,4793
1640881800,4793,4794,4790.25,4792.5,,4792.5
1640883600,4792.25,4794.25,4787.75,4790.25,,4790.25
1640885400,4790.25,4793.25,4788.75,4793.25,,4793.25
1640887200,4793.25,4793.25,4789,4790.5,,4790.5
1640889000,4790.25,4793.5,4790.25,4792.25,,4792.25
1640890800,4792.25,4792.25,4787.25,4791.25,,4791.25
1640892600,4791.25,4793,4789.75,4791.25,,4791.25
1640894400,4791.25,4791.25,4785.25,4785.5,,4785.5
1640896200,4785.5,4787.25,4767.25,4772.25,,4772.25
1640898000,4772.25,4775.25,4769.5,4774.25,,4774.25
1640961000,4766.25,4778.5,4764.25,4767,,4767
1640962800,4766.75,4772.5,4758,4769.75,,4769.75
1640964600,4769.75,4770.5,4760.5,4767.75,,4767.75
1640966400,4767.75,4769.5,4763.25,4768.75,,4768.75
1640968200,4768.75,4769.25,4762.25,4763,,4763
1640970000,4763,4766.25,4759.25,4761.5,,4761.5
1640971800,4761.5,4771.5,4760.5,4771,,4771
1640973600,4771,4773.5,4770,4772.75,,4772.75
1640975400,4772.75,4775,4768.75,4773.25,,4773.25
1640977200,4773.25,4776.75,4768.5,4771,,4771
1640979000,4770.75,4773.5,4767.5,4769.25,,4769.25
1640980800,4769.5,4775.75,4768.75,4774.5,,4774.5
1640982600,4774.75,4778.25,4757.25,4759.5,,4759.5
1640984400,4759.5,4766.5,4759.25,4764,,4764
1641220200,4773,4786.5,4747.5,4758.5,,4758.5
1641222000,4758.75,4776.75,4757,4776.75,,4776.75
1641223800,4776.75,4777.25,4765.25,4770.5,,4770.5
1641225600,4770.5,4771.75,4759.5,4764.25,,4764.25
1641227400,4764.5,4767.5,4753.5,4762.5,,4762.5
1641229200,4762.5,4769,4759.25,4768.25,,4768.25
1641231000,4768.25,4768.5,4763.5,4764.75,,4764.75
1641232800,4764.75,4770.75,4762,4769.5,,4769.5
1641234600,4769.5,4776.5,4767.5,4776.25,,4776.25
1641236400,4776.25,4779.5,4774.75,4778,,4778
1641238200,4778.25,4785.75,4776.5,4781.25,,4781.25
1641240000,4781,4784.25,4778.75,4782.75,,4782.75
1641241800,4782.5,4787.25,4775.25,4786.5,,4786.5
1641243600,4786.5,4787.5,4784,4784.75,,4784.75
1641306600,4801.25,4808.25,4799,4805.25,,4805.25
1641308400,4805,4805.75,4795.75,4804.75,,4804.75
1641310200,4804.5,4806.25,4783.75,4785,,4785
1641312000,4785,4785.5,4773,4778.5,,4778.5
1641313800,4778.5,4788.5,4777,4783.25,,4783.25
1641315600,4783.25,4788.25,4779.5,4784,,4784
1641317400,4783.75,4784.75,4775.5,4776.75,,4776.75
1641319200,4776.5,4781.75,4774.5,4776.25,,4776.25
1641321000,4776.5,4776.75,4764.5,4765.75,,4765.75
1641322800,4765.75,4775,4765.25,4773.75,,4773.75
1641324600,4773.75,4784,4773.5,4782.5,,4782.5
1641326400,4782.5,4791.75,4782,4791,,4791
1641328200,4791,4798.25,4782.75,4783.75,,4783.75
1641330000,4783.5,4785.25,4781,4781.75,,4781.75
1641393000,4780.25,4785.25,4770,4780.75,,4780.75
1641394800,4780.5,4788.25,4776,4786,,4786
1641396600,4786,4786,4777.75,4781.25,,4781.25
1641398400,4781.25,4782.5,4773.25,4780.5,,4780.5
1641400200,4780.75,4781.25,4771.5,4773.75,,4773.75
1641402000,4774,4781,4772,4779.75,,4779.75
1641403800,4779.75,4780.25,4767,4768,,4768
1641405600,4767.75,4768.75,4761.25,4766.75,,4766.75
1641407400,4766.75,4769.5,4764,4766.5,,4766.5
1641409200,4766.75,4777.5,4740.25,4742,,4742
1641411000,4742,4746.75,4719.25,4725,,4725
1641412800,4725.25,4725.25,4707.5,4711,,4711
1641414600,4711,4719.75,4691,4692.25,,4692.25
1641416400,4692.25,4699.25,4689.5,4698.5,,4698.5
1641479400,4687.25,4712,4675.75,4678.25,,4678.25
1641481200,4678,4694.75,4662,4684.25,,4684.25
1641483000,4684.25,4705,4684.25,4695,,4695
1641484800,4695,4707.5,4688.5,4693.5,,4693.5
1641486600,4693.75,4701.5,4688,4699.75,,4699.75
1641488400,4700,4705,4694.25,4703.75,,4703.75
1641490200,4703.75,4715.75,4700.5,4703,,4703
1641492000,4703.25,4707.5,4693,4693.75,,4693.75
1641493800,4694,4699.25,4691.75,4698.25,,4698.25
1641495600,4698.25,4704,4690.25,4695,,4695
1641497400,4695,4704.5,4693.25,4701.75,,4701.75
1641499200,4701.5,4709.5,4691,4697,,4697
1641501000,4697,4698.75,4678.75,4687,,4687
1641502800,4687.25,4693.75,4686,4691.25,,4691.25
1641565800,4687,4699.5,4675,4693.75,,4693.75
1641567600,4693.75,4695,4675.5,4677.25,,4677.25
1641569400,4677.25,4680.75,4653.75,4660,,4660
1641571200,4660,4672.5,4654,4671.75,,4671.75
1641573000,4671.5,4688.25,4668,4684,,4684
1641574800,4684,4685.5,4675.25,4678.25,,4678.25
1641576600,4678.25,4682,4671.75,4679.75,,4679.75
1641578400,4679.75,4684.25,4675.25,4677.75,,4677.75
1641580200,4677.75,4682.75,4673.25,4676.5,,4676.5
1641582000,4676.75,4679,4668.5,4673.25,,4673.25
1641583800,4673,4685,4671.5,4682.25,,4682.25
1641585600,4682.25,4687.5,4673.75,4677,,4677
1641587400,4677.25,4682.5,4666.5,4668.75,,4668.75
1641589200,4669,4674.5,4666.75,4668,,4668
1641825000,4633.75,4637.25,4597.25,4600.75,,4600.75
1641826800,4600.75,4603,4580.5,4588.75,,4588.75
1641828600,4588.75,4594.25,4572.75,4584.75,,4584.75
1641830400,4584.5,4609,4577.75,4607.75,,4607.75
1641832200,4607.5,4607.75,4591,4601.75,,4601.75
1641834000,4601.75,4602.5,4587.25,4590.25,,4590.25
1641835800,4590.25,4608.75,4586.5,4599.25,,4599.25
1641837600,4599.5,4615.75,4597.75,4612.75,,4612.75
1641839400,4612.75,4629,4608.75,4626,,4626
1641841200,4626,4641.25,4623.25,4638.25,,4638.25
1641843000,4638.25,4645.75,4628.25,4636.75,,4636.75
1641844800,4636.75,4642,4623,4634,,4634
1641846600,4633.75,4665,4629.25,4662.25,,4662.25
1641848400,4662.5,4664.5,4660.75,4661.5,,4661.5
1641911400,4659.75,4662,4627.25,4635.5,,4635.5
1641913200,4635.75,4652.75,4632.5,4648,,4648
1641915000,4648,4656.75,4630.5,4641.5,,4641.5
1641916800,4641.5,4675,4640.25,4672.5,,4672.5
1641918600,4672.5,4687.75,4669,4682.5,,4682.5
1641920400,4682.75,4686.5,4673.75,4675.25,,4675.25
1641922200,4675.5,4685.5,4673.75,4684.75,,4684.75
1641924000,4684.75,4691,4677,4688,,4688
1641925800,4688,4692.75,4687,4691.75,,4691.75
1641927600,4691.75,4692.25,4683.5,4691,,4691
1641929400,4691,4701,4687.75,4696,,4696
1641931200,4696,4703.75,4696,4701.5,,4701.5
1641933000,4701.5,4706.5,4692.75,4705,,4705
1641934800,4705.25,4707.5,4703.75,4704.75,,4704.75
1641997800,4723,4734.5,4716.25,4733.75,,4733.75
1641999600,4733.75,4739.5,4728,4731.5,,4731.5
1642001400,4731.5,4732.75,4708.75,4715,,4715
1642003200,4714.75,4719.75,4696.75,4711,,4711
1642005000,4711.25,4722.75,4710.75,4717.25,,4717.25
1642006800,4717.5,4720.75,4710,4716.5,,4716.5
1642008600,4716.75,4726.25,4716,4724.5,,4724.5
1642010400,4724.75,4725.25,4714.25,4716,,4716
1642012200,4715.75,4718.75,4709,4711,,4711
1642014000,4711,4719.25,4705.25,4718.5,,4718.5
1642015800,4718.75,4719.25,4710.25,4716.5,,4716.5
1642017600,4716.5,4718.25,4708.5,4712.75,,4712.75
1642019400,4712.5,4724.25,4709,4718.5,,4718.5
1642021200,4718.5,4723,4718.25,4721.5,,4721.5
1642084200,4729.5,4736.25,4724.75,4730.75,,4730.75
1642086000,4730.75,4732.5,4712.25,4718.75,,4718.75
1642087800,4718.5,4721.5,4699.25,4707,,4707
1642089600,4706.75,4718.25,4701.75,4717,,4717
1642091400,4717,4721,4714.25,4716.25,,4716.25
1642093200,4716.5,4716.5,4679.25,4684.75,,4684.75
1642095000,4684.5,4693,4676.5,4683.75,,4683.75
1642096800,4683.5,4696,4677,4692.25,,4692.25
1642098600,4692,4694.75,4685.5,4693.75,,4693.75
1642100400,4693.75,4699.5,4681.25,4682,,4682
1642102200,4681.75,4683.5,4675.25,4680.75,,4680.75
1642104000,4680.75,4681.25,4663,4670,,4670
1642105800,4670,4673,4642.5,4653,,4653
1642107600,4653.25,4657.75,4648.25,4651.75,,4651.75
1642170600,4618.75,4652.5,4614.5,4651,,4651
1642172400,4650.75,4655.75,4633.75,4637.75,,4637.75
1642174200,4638,4640.25,4625.25,4633,,4633
1642176000,4633.25,4641.25,4614.25,4621.75,,4621.75
1642177800,4621.75,4640.75,4618,4636.5,,4636.5
1642179600,4636.75,4640.25,4625,4630.25,,4630.25
1642181400,4630,4636.25,4612.25,4613.5,,4613.5
1642183200,4613.25,4618.75,4606,4611.5,,4611.5
1642185000,4611.5,4628.75,4606.75,4626.75,,4626.75
1642186800,4626.75,4633.5,4621.75,4622.25,,4622.25
1642188600,4622.25,4638.5,4621.5,4629.5,,4629.5
1642190400,4629.75,4649.75,4629.75,4644.25,,4644.25
1642192200,4644.25,4658.5,4644,4653.75,,4653.75
1642194000,4654,4660.75,4653.5,4659.25,,4659.25
1642516200,4604,4606.5,4578.25,4587.75,,4587.75
1642518000,4587.75,4602.25,4581.25,4598,,4598
1642519800,4598,4598,4579,4582,,4582
1642521600,4582,4587.25,4575,4581.5,,4581.5
1642523400,4581.25,4594,4572.25,4587.25,,4587.25
1642525200,4587.5,4589.25,4572.25,4575,,4575
1642527000,4574.75,4576.75,4563.5,4564.25,,4564.25
1642528800,4564.5,4574.5,4561.25,4567.25,,4567.25
1642530600,4567,4579.75,4564.25,4578,,4578
1642532400,4577.75,4582.75,4573.75,4578.5,,4578.5
1642534200,4578.75,4595.75,4578,4590.75,,4590.75
1642536000,4591,4593.25,4570.25,4577.25,,4577.25
1642537800,4577,4579.25,4560,4572.5,,4572.5
1642539600,4572.5,4573.5,4567.25,4572.25,,4572.25
1642602600,4588,4603,4584,4601.75,,4601.75
1642604400,4601.5,4602.25,4570,4570.75,,4570.75
1642606200,4570.75,4574.25,4561.75,4569.75,,4569.75
1642608000,4569.75,4572.75,4554.25,4563.25,,4563.25
1642609800,4563.25,4575.75,4556,4574.25,,4574.25
1642611600,4574.25,4588.75,4573.75,4587.75,,4587.75
1642613400,4587.75,4589.5,4577.5,4588,,4588
1642615200,4587.75,4588.75,4575.25,4575.75,,4575.75
1642617000,4575.75,4579.75,4567.75,4571,,4571
1642618800,4571,4573.25,4551,4551.5,,4551.5
1642620600,4551.5,4565.75,4549.25,4560.25,,4560.25
1642622400,4560.5,4568,4551.25,4552.25,,4552.25
1642624200,4552.25,4553.25,4521.25,4524.75,,4524.75
1642626000,4525,4530,4521.25,4525,,4525
1642689000,4543.75,4576.75,4541.5,4573.75,,4573.75
1642690800,4573.75,4576.5,4562,4571.25,,4571.25
1642692600,4571.25,4590.5,4571.25,4587.5,,4587.5
1642694400,4587.5,4594.25,4579.5,4586.75,,4586.75
1642696200,4586.75,4589,4576.25,4581.75,,4581.75
1642698000,4581.75,4585.5,4574.75,4581.5,,4581.5
1642699800,4581.5,4584.75,4572,4574,,4574
1642701600,4574.25,4574.25,4560,4563.5,,4563.5
1642703400,4563.75,4567.75,4558.5,4559.75,,4559.75
1642705200,4559.75,4572.5,4550,4550.25,,4550.25
1642707000,4550.25,4550.5,4536.75,4539.5,,4539.5
1642708800,4539.25,4545.5,4509,4513.75,,4513.75
1642710600,4513.75,4515,4469,4474.25,,4474.25
1642712400,4474.25,4477.5,4465,4466.75,,4466.75
1642775400,4462.25,4472.75,4437.75,4442.75,,4442.75
1642777200,4442.5,4449.75,4412.5,4434.25,,4434.25
1642779000,4434.5,4477.75,4429.5,4467,,4467
1642780800,4467,4487,4457.25,4480.75,,4480.75
1642782600,4480.75,4480.75,4441.5,4451,,4451
1642784400,4451,4456.25,4434.75,4442,,4442
1642786200,4442,4449.75,4427,4434.75,,4434.75
1642788000,4434.5,4448.5,4421.25,4426.5,,4426.5
1642789800,4426.5,4444.75,4423.75,4428,,4428
1642791600,4428,4439.25,4416.75,4418.5,,4418.5
1642793400,4418.5,4429,4404.75,4406,,4406
1642795200,4405.75,4410.75,4386,4391.25,,4391.25
1642797000,4391.25,4418.75,4385.25,4385.5,,4385.5
1642798800,4385.5,4393,4382.25,4385.5,,4385.5
1643034600,4326.25,4340.5,4290,4296.75,,4296.75
1643036400,4296.75,4309,4263,4292.25,,4292.25
1643038200,4292,4315,4283.5,4293.5,,4293.5
1643040000,4293.5,4293.75,4270,4282.75,,4282.75
1643041800,4283,4286,4234.25,4263.5,,4263.5
1643043600,4263.5,4263.5,4212.75,4231.25,,4231.25
1643045400,4231,4268.75,4218.75,4258.25,,4258.25
1643047200,4258,4297.25,4252.5,4268,,4268
1643049000,4268.25,4318.75,4267,4318,,4318
1643050800,4318,4336,4283.25,4290,,4290
1643052600,4290.25,4311.5,4265.5,4308.25,,4308.25
1643054400,4308.25,4345.75,4304.5,4336,,4336
1643056200,4336,4410,4327,4404.75,,4404.75
1643058000,4404.5,4409,4391.5,4405.5,,4405.5
1643121000,4336.25,4351.75,4288.75,4296.5,,4296.5
1643122800,4296,4330.5,4276.5,4329.75,,4329.75
1643124600,4329.75,4345,4308.75,4316.5,,4316.5
1643126400,4316.25,4335,4303.5,4326.75,,4326.75
1643128200,4326.75,4329.25,4297.25,4303.25,,4303.25
1643130000,4303,4333.75,4299.75,4329,,4329
1643131800,4329,4329.25,4305.25,4320.5,,4320.5
1643133600,4320.5,4342.75,4306.25,4340.75,,4340.75
1643135400,4340.75,4368.75,4337,4368,,4368
1643137200,4368,4383.25,4354.5,4378.5,,4378.5
1643139000,4378.5,4402.75,4366.25,4400.5,,4400.5
1643140800,4400.5,4401.5,4356.5,4360,,4360
1643142600,4360,4374,4340,4351,,4351
1643144400,4351,4357.5,4330.5,4335,,4335
1643207400,4413,4429.5,4393.5,4425.5,,4425.5
1643209200,4425.5,4437,4391,4397.5,,4397.5
1643211000,4397.75,4400.75,4381,4397,,4397
1643212800,4396.75,4416.5,4388.25,4412.25,,4412.25
1643214600,4412.5,4420,4403.25,4413,,4413
1643216400,4413,4422.25,4411,4420.25,,4420.25
1643218200,4420.5,4427,4415.5,4425,,4425
1643220000,4425.25,4426.25,4406.25,4413.75,,4413.75
1643221800,4413.75,4419.5,4409.25,4413,,4413
1643223600,4412.75,4446.25,4393,4420.5,,4420.5
1643225400,4420.5,4427.25,4350,4369,,4369
1643227200,4368.75,4369.25,4294.25,4334.75,,4334.75
1643229000,4334.5,4351.25,4311,4340,,4340
1643230800,4340,4345,4326.5,4329.25,,4329.25
1643293800,4387.5,4418.5,4375.5,4408.25,,4408.25
1643295600,4408.25,4422,4379.25,4379.5,,4379.5
1643297400,4379.75,4400,4364.5,4397.25,,4397.25
1643299200,4397.25,4409.25,4375.5,4381.75,,4381.75
1643301000,4382,4403.25,4380,4394.5,,4394.5
1643302800,4394.5,4395.75,4353.25,4357.25,,4357.25
1643304600,4357,4360.75,4330.25,4345,,4345
1643306400,4345,4350,4305.25,4308,,4308
1643308200,4308,4329.75,4305.25,4324.75,,4324.75
1643310000,4324.5,4347.5,4310,4313.25,,4313.25
1643311800,4313.5,4334.75,4303.25,4316,,4316
1643313600,4316.25,4332.25,4298.75,4320.75,,4320.75
1643315400,4320.75,4344.75,4312.5,4317.75,,4317.75
1643317200,4317.75,4328.25,4312.75,4323.25,,4323.25
1643380200,4332,4336.5,4283.5,4289.75,,4289.75
1643382000,4289.5,4328.25,4283,4312,,4312
1643383800,4312.25,4340,4295.25,4338.75,,4338.75
1643385600,4339,4362.5,4325.5,4355.25,,4355.25
1643387400,4355.25,4375.75,4347,4374.25,,4374.25
1643389200,4374.5,4380.5,4357.75,4360.25,,4360.25
1643391000,4360.5,4366.5,4346.75,4350.5,,4350.5
1643392800,4351,4370.5,4349.5,4361.25,,4361.25
1643394600,4361.5,4374.25,4361.25,4367.25,,4367.25
1643396400,4367,4376.5,4328.75,4330.75,,4330.75
1643398200,4330.75,4368,4322.75,4365.5,,4365.5
1643400000,4365.5,4383.5,4360.75,4377.5,,4377.5
1643401800,4377.5,4425,4364.75,4424,,4424
1643403600,4424,4426,4412.5,4413.25,,4413.25
1643639400,4417,4438.5,4402.75,4438.25,,4438.25
1643641200,4438.25,4463,4437.5,4448.75,,4448.75
1643643000,4449,4459,4443.75,4456.75,,4456.75
1643644800,4456.75,4460,4444.25,4446.5,,4446.5
1643646600,4446.75,4473,4444,4472.25,,4472.25
1643648400,4472,4474.75,4461.5,4468,,4468
1643650200,4468.25,4480.25,4463.5,4478,,4478
1643652000,4478,4481.5,4471.25,4474,,4474
1643653800,4474,4481,4470.25,4478.75,,4478.75
1643655600,4478.5,4488.75,4477,4488.25,,4488.25
1643657400,4488.5,4488.75,4482.5,4485.75,,4485.75
1643659200,4485.5,4488,4461.75,4477,,4477
1643661000,4476.75,4507.75,4472,4501.75,,4501.75
1643662800,4501.5,4502.25,4490,4491,,4491
1643725800,4511.75,4514.5,4490.75,4502.25,,4502.25
1643727600,4502.25,4505,4474,4492.5,,4492.5
1643729400,4492.5,4505,4483.5,4504.75,,4504.75
1643731200,4505,4513,4498.75,4503.5,,4503.5
1643733000,4503.5,4515,4494.5,4511.5,,4511.5
1643734800,4511.75,4513.75,4500.25,4505.5,,4505.5
1643736600,4505.5,4509.5,4494.5,4509,,4509
1643738400,4509,4509.5,4500,4508,,4508
1643740200,4508,4511.5,4500.75,4509,,4509
1643742000,4508.75,4513.25,4500,4506,,4506
1643743800,4506,4511,4502.75,4509,,4509
1643745600,4509,4529.75,4507.25,4528,,4528
1643747400,4528,4541,4523.5,4534.25,,4534.25
1643749200,4534,4541.75,4533.25,4540.75,,4540.75
1643812200,4559.75,4569,4545,4550.25,,4550.25
1643814000,4550.25,4565.75,4543.5,4546.25,,4546.25
1643815800,4546.5,4562.75,4539,4555.5,,4555.5
1643817600,4555.5,4558,4535.25,4547.5,,4547.5
1643819400,4547.5,4553,4536.5,4552.5,,4552.5
1643821200,4552.5,4565,4547.75,4556.25,,4556.25
1643823000,4556.25,4573.5,4552.75,4573,,4573
1643824800,4573,4573.75,4557.25,4561.75,,4561.75
1643826600,4561.75,4571.5,4560.5,4567.5,,4567.5
1643828400,4567.5,4573.25,4559.75,4567,,4567
1643830200,4567.25,4582.25,4567,4574.75,,4574.75
1643832000,4574.5,4585,4570.5,4578.75,,4578.75
1643833800,4578.75,4586,4573.5,4577.25,,4577.25
1643835600,4577,4580,4541.25,4545.75,,4545.75
1643898600,4514.25,4528.5,4505,4507.25,,4507.25
1643900400,4507.25,4532.75,4505.25,4529.75,,4529.75
1643902200,4529.5,4533.75,4518.75,4524.25,,4524.25
1643904000,4524,4534.25,4515.75,4520.25,,4520.25
1643905800,4520.25,4522,4506,4506.25,,4506.25
1643907600,4506.25,4510.75,4495.25,4506,,4506
1643909400,4506,4510.75,4496.5,4503.5,,4503.5
1643911200,4503.5,4509,4495,4504.75,,4504.75
1643913000,4504.75,4511.5,4501.25,4504,,4504
1643914800,4504,4510.5,4497,4500,,4500
1643916600,4499.75,4500.5,4481,4487,,4487
1643918400,4487,4498,4479.5,4490.25,,4490.25
1643920200,4490.25,4490.75,4462,4471.75,,4471.75
1643922000,4471.75,4507.25,4470.5,4500.25,,4500.25
1643985000,4467.75,4487.5,4455.25,4476,,4476
1643986800,4475.75,4491.5,4464.25,4465,,4465
1643988600,4465,4474,4446.25,4451,,4451
1643990400,4451.25,4466.5,4442.5,4462.5,,4462.5
1643992200,4462.5,4482.75,4460.25,4472.5,,4472.5
1643994000,4472.5,4482,4468.75,4478.75,,4478.75
1643995800,4479,4490.5,4472.75,4489.75,,4489.75
1643997600,4489.75,4508.5,4489.75,4502,,4502
1643999400,4502,4512.75,4500.5,4510.75,,4510.75
1644001200,4510.75,4512.75,4497.75,4504.75,,4504.75
1644003000,4504.75,4516.25,4503,4514.75,,4514.75
1644004800,4514.75,4532.5,4514.75,4523.25,,4523.25
1644006600,4523.25,4530,4489.5,4491.25,,4491.25
1644008400,4491.25,4494.75,4481.25,4487,,4487
1644244200,4499.5,4508.25,4486,4503.25,,4503.25
1644246000,4503.5,4507,4489,4502.5,,4502.5
1644247800,4502.25,4513,4496,4502,,4502
1644249600,4502,4505,4490.5,4496.25,,4496.25
1644251400,4496,4496.25,4475.25,4486,,4486
1644253200,4486,4486.75,4476.75,4477.75,,4477.75
1644255000,4477.5,4484.75,4471.75,4480.5,,4480.5
1644256800,4480.5,4495.75,4478.75,4494.5,,4494.5
1644258600,4494.5,4500.5,4490.5,4498.75,,4498.75
1644260400,4498.75,4505.25,4492.75,4505.25,,4505.25
1644262200,4505.25,4509.25,4501.75,4503.75,,4503.75
1644264000,4503.75,4514.5,4493.75,4495.5,,4495.5
1644265800,4495.5,4499.5,4462.75,4476.75,,4476.75
1644267600,4476.5,4484.25,4476,4483,,4483
1644330600,4471,4479,4465,4468.5,,4468.5
1644332400,4468.5,4476.5,4456.25,4467.5,,4467.5
1644334200,4467.5,4487.5,4462.5,4483.75,,4483.75
1644336000,4483.5,4498,4483,4494.25,,4494.25
1644337800,4494.5,4507,4494.5,4505.5,,4505.5
1644339600,4505.5,4509.25,4499.25,4505.75,,4505.75
1644341400,4506,4517.25,4505.75,4510.75,,4510.75
1644343200,4510.75,4511.25,4501,4503.25,,4503.25
1644345000,4503.25,4510,4501,4508.25,,4508.25
1644346800,4508,4513,4492.75,4494,,4494
1644348600,4494,4499,4486.25,4491.75,,4491.75
1644350400,4491.75,4512.75,4485.5,4506.5,,4506.5
1644352200,4506.25,4523.75,4504.75,4513.25,,4513.25
1644354000,4513.25,4521.5,4511.25,4516,,4516
1644417000,4556.75,4568.75,4554.5,4558.5,,4558.5
1644418800,4558.75,4568.75,4556,4564,,4564
1644420600,4564.25,4572.75,4563,4572.5,,4572.5
1644422400,4572.75,4575.25,4562.25,4566.5,,4566.5
1644424200,4566.5,4570,4560,4563.75,,4563.75
1644426000,4563.75,4568,4558.25,4565.75,,4565.75
1644427800,4566,4571.75,4562.75,4571.25,,4571.25
1644429600,4571.25,4573.5,4565.75,4570.25,,4570.25
1644431400,4570.25,4572.75,4568,4572.25,,4572.25
1644433200,4572.5,4579,4572.25,4578.5,,4578.5
1644435000,4578.5,4580.75,4571,4571.5,,4571.5
1644436800,4571.5,4575.25,4562.25,4574.75,,4574.75
1644438600,4574.75,4582.5,4569,4579.5,,4579.5
1644440400,4579.5,4580.75,4575,4580,,4580
1644503400,4517.5,4560,4516.75,4555.75,,4555.75
1644505200,4555.75,4573.75,4554.5,4564.25,,4564.25
1644507000,4564.25,4581.75,4555.25,4559.25,,4559.25
1644508800,4559.5,4567,4550,4555.75,,4555.75
1644510600,4555.75,4567.75,4547.25,4566.5,,4566.5
1644512400,4566.5,4568.75,4559.5,4566,,4566
1644514200,4566,4569.75,4531.5,4541.25,,4541.25
1644516000,4541,4548,4519,4519.5,,4519.5
1644517800,4519.5,4526,4504.75,4525,,4525
1644519600,4524.75,4526.75,4498.75,4511.5,,4511.5
1644521400,4511.5,4521.5,4498.75,4503,,4503
1644523200,4502.75,4515.75,4495.5,4502.75,,4502.75
1644525000,4502.75,4504,4476,4498,,4498
1644526800,4498.25,4499,4489.75,4492.25,,4492.25
1644589800,4498.75,4520.5,4492.25,4496,,4496
1644591600,4496,4512.75,4486.75,4501.5,,4501.5
1644593400,4501.5,4510,4491.25,4494.5,,4494.5
1644595200,4494.5,4505.75,4481.25,4485.5,,4485.5
1644597000,4485.75,4490.25,4472.5,4483.5,,4483.5
1644598800,4483.25,4490.75,4476.75,4483.5,,4483.5
1644600600,4483.5,4487.75,4468,4471,,4471
1644602400,4471,4481.5,4461,4461.25,,4461.25
1644604200,4461.25,4461.75,4414,4421.75,,4421.75
1644606000,4421.75,4443,4409,4416.25,,4416.25
1644607800,4416.5,4435,4398.25,4413.25,,4413.25
1644609600,4413.25,4431.75,4404.25,4415.25,,4415.25
1644611400,4415,4429.25,4393.25,4408.25,,4408.25
1644613200,4408.5,4414.25,4403,4413.25,,4413.25
1644849000,4403,4416.5,4393.5,4405.5,,4405.5
1644850800,4405.75,4407.75,4380.25,4393,,4393
1644852600,4393.25,4397.5,4377.5,4382.5,,4382.5
1644854400,4382.5,4405.5,4380,4401.5,,4401.5
1644856200,4401.5,4410.5,4392.75,4405.5,,4405.5
1644858000,4405.5,4413.25,4399.25,4413,,4413
1644859800,4413,4418.75,4408,4412.75,,4412.75
1644861600,4413,4420,4401,4403.25,,4403.25
1644863400,4403.5,4404.25,4365,4366,,4366
1644865200,4366.25,4391.75,4357,4378.5,,4378.5
1644867000,4378.5,4392.75,4369.25,4384.75,,4384.75
1644868800,4384.75,4398.5,4372,4389,,4389
1644870600,4389,4406,4386.75,4394.75,,4394.75
1644872400,4394.5,4399.25,4392.75,4396.5,,4396.5
1644935400,4441.5,4462.25,4438.75,4444.5,,4444.5
1644937200,4444.5,4454,4439.25,4453.75,,4453.75
1644939000,4454,4463.5,4450.25,4459.25,,4459.25
1644940800,4459.5,4464.25,4452,4454,,4454
1644942600,4454.25,4463.25,4454,4460.25,,4460.25
1644944400,4460.5,4463.5,4442.5,4447.75,,4447.75
1644946200,4447.75,4449.75,4436,4443,,4443
1644948000,4442.75,4459,4441.5,4458,,4458
1644949800,4458.25,4460,4455.5,4459,,4459
1644951600,4459.25,4460,4448.75,4457.75,,4457.75
1644953400,4457.5,4461.5,4450.5,4457.75,,4457.75
1644955200,4457.75,4463.75,4456.5,4460,,4460
1644957000,4459.75,4466.75,4442.25,4464.5,,4464.5
1644958800,4464.5,4464.75,4452.25,4455.5,,4455.5
1645021800,4443.5,4452,4427.75,4431.25,,4431.25
1645023600,4431,4437.75,4426,4436.5,,4436.5
1645025400,4436.5,4439.5,4431.75,4433.75,,4433.75
1645027200,4434,4441.25,4431.25,4440.25,,4440.25
1645029000,4440.25,4441,4433.5,4439.75,,4439.75
1645030800,4439.5,4443.25,4436.25,4436.75,,4436.75
1645032600,4436.75,4436.75,4422.75,4432.25,,4432.25
1645034400,4432.25,4437.25,4428.75,4434.25,,4434.25
1645036200,4434.5,4435.25,4428.25,4433.5,,4433.5
1645038000,4433,4466.75,4423.75,4465.5,,4465.5
1645039800,4465.25,4476,4456.5,4469.5,,4469.5
1645041600,4469.75,4481,4467,4478,,4478
1645043400,4478.25,4484.5,4466.5,4470.25,,4470.25
1645045200,4470.25,4471,4465.25,4465.5,,4465.5
1645108200,4436,4441.75,4408.5,4411.5,,4411.5
1645110000,4411.25,4420.75,4402.5,4404,,4404
1645111800,4403.75,4415,4401.25,4412.5,,4412.5
1645113600,4412.75,4421.75,4409.75,4418,,4418
1645115400,4418.25,4424.75,4413,4415.5,,4415.5
1645117200,4415.75,4420.25,4410.5,4417.5,,4417.5
1645119000,4417.5,4422,4411,4414.75,,4414.75
1645120800,4414.75,4416.25,4405.25,4408.25,,4408.25
1645122600,4408,4412.5,4403,4406.5,,4406.5
1645124400,4406.5,4406.5,4393.5,4395,,4395
1645126200,4395,4396.75,4386.25,4387,,4387
1645128000,4387,4389.25,4372.25,4380,,4380
1645129800,4380,4389,4367.75,4375,,4375
1645131600,4375,4379,4367.25,4374.25,,4374.25
1645194600,4377,4390.25,4362.5,4387,,4387
1645196400,4387,4390,4370.25,4372,,4372
1645198200,4372,4372.25,4355.25,4358,,4358
1645200000,4358,4359.5,4339,4353.5,,4353.5
1645201800,4353.75,4359.25,4332,4335.25,,4335.25
1645203600,4335,4353.75,4331.25,4344,,4344
1645205400,4343.75,4349.25,4327.25,4327.75,,4327.75
1645207200,4327.75,4335.75,4321,4328.5,,4328.5
1645209000,4328.5,4346.75,4327,4342.5,,4342.5
1645210800,4342.5,4367,4340,4365,,4365
1645212600,4365.25,4374,4350.5,4369.5,,4369.5
1645214400,4369.5,4377.25,4345,4346.5,,4346.5
1645216200,4346.25,4358.5,4331,4346,,4346
1645218000,4346.25,4356,4345.75,4349.75,,4349.75
1645540200,4322.25,4356.5,4308.25,4345.25,,4345.25
1645542000,4345.25,4358.5,4332.25,4358,,4358
1645543800,4358,4358.75,4319.75,4321.25,,4321.25
1645545600,4321.5,4328,4312.5,4316.75,,4316.75
1645547400,4316.75,4327.5,4307.5,4315.75,,4315.75
1645549200,4315.5,4322.75,4305.75,4308,,4308
1645551000,4307.75,4310.25,4295.25,4297.5,,4297.5
1645552800,4297.5,4304.25,4285.5,4291.25,,4291.25
1645554600,4291.5,4296,4270.75,4276.25,,4276.25
1645556400,4276,4291,4261.5,4285,,4285
1645558200,4284.75,4320.75,4276,4312.5,,4312.5
1645560000,4312.75,4332,4310.5,4319.75,,4319.75
1645561800,4319.75,4321.25,4284,4300,,4300
1645563600,4299.75,4318.5,4299.75,4316,,4316
1645626600,4330.25,4335.75,4313.25,4314.5,,4314.5
1645628400,4314.5,4314.75,4284,4286.75,,4286.75
1645630200,4286.5,4297.75,4279.75,4284.25,,4284.25
1645632000,4284.25,4288,4268.25,4274,,4274
1645633800,4273.75,4294.25,4270,4291,,4291
1645635600,4291,4304.75,4284.5,4303.75,,4303.75
1645637400,4304,4305.5,4279.25,4283,,4283
1645639200,4282.75,4283,4258.25,4260,,4260
1645641000,4260,4276,4253,4264.5,,4264.5
1645642800,4264.25,4269,4243.75,4246.75,,4246.75
1645644600,4246.75,4250.25,4232.75,4238.5,,4238.5
1645646400,4238.5,4241.75,4224.25,4239.25,,4239.25
1645648200,4239,4241.25,4216.25,4223,,4223
1645650000,4223,4227.25,4221.5,4224,,4224
1645713000,4112.5,4162,4108.75,4159.25,,4159.25
1645714800,4159.25,4183.5,4133.25,4156.25,,4156.25
1645716600,4156.5,4181.75,4146,4173,,4173
1645718400,4172.75,4197,4164.5,4179.5,,4179.5
1645720200,4179.25,4190,4163,4189,,4189
1645722000,4189,4190,4155.25,4167,,4167
1645723800,4166.75,4181.75,4155.75,4166.5,,4166.5
1645725600,4166.25,4184.5,4159.25,4167.5,,4167.5
1645727400,4167.5,4216.75,4166.5,4192.25,,4192.25
1645729200,4192.25,4210,4180.5,4209.25,,4209.25
1645731000,4209,4240,4208.25,4235.75,,4235.75
1645732800,4235.75,4252.25,4231.75,4239.75,,4239.75
1645734600,4239.5,4290,4238.75,4286,,4286
1645736400,4285.75,4286.75,4265,4266.5,,4266.5
1645799400,4298.75,4315,4285.25,4287.25,,4287.25
1645801200,4287.5,4325.5,4281.25,4321,,4321
1645803000,4321.25,4342.75,4307.75,4335.5,,4335.5
1645804800,4335.25,4360.75,4327,4355.25,,4355.25
1645806600,4355.25,4371.5,4348,4370.25,,4370.25
1645808400,4370.25,4372.75,4358,4369.25,,4369.25
1645810200,4369.5,4376,4356.5,4361,,4361
1645812000,4361,4371.25,4351.5,4369,,4369
1645813800,4369,4380.25,4364.75,4369.25,,4369.25
1645815600,4369.25,4377,4360.5,4373.75,,4373.75
1645817400,4373.75,4379,4353.25,4364,,4364
1645819200,4363.75,4377.5,4354,4369.5,,4369.5
1645821000,4369.5,4381.75,4363,4380,,4380
1645822800,4379.75,4383.25,4378,4379,,4379
1646058600,4323.5,4347.75,4321.25,4345.5,,4345.5
1646060400,4345.5,4348.5,4321.5,4332.25,,4332.25
1646062200,4332.5,4366,4331.5,4362.5,,4362.5
1646064000,4362.25,4382.25,4358,4379.75,,4379.75
1646065800,4380,4385.5,4364.5,4376.75,,4376.75
1646067600,4376.75,4380,4345,4349.75,,4349.75
1646069400,4349.75,4352.75,4329.5,4338.75,,4338.75
1646071200,4338.75,4358,4331.5,4341.25,,4341.25
1646073000,4341.25,4354,4334.5,4349,,4349
1646074800,4348.75,4348.75,4310,4315.5,,4315.5
1646076600,4315.25,4336.75,4310,4332,,4332
1646078400,4332,4345.5,4319,4338.25,,4338.25
1646080200,4338.5,4372.75,4319,4369.5,,4369.5
1646082000,4369.5,4370.75,4363,4368,,4368
1646145000,4353.25,4374.5,4346.75,4351.5,,4351.5
1646146800,4351.75,4366,4336.75,4350.75,,4350.75
1646148600,4350.5,4355,4326,4329.5,,4329.5
1646150400,4329.75,4344,4327.25,4332.5,,4332.5
1646152200,4332.75,4333.25,4294.25,4300,,4300
1646154000,4299.75,4309.5,4287.5,4306.75,,4306.75
1646155800,4306.75,4319,4302.5,4316,,4316
1646157600,4315.75,4323.5,4285.25,4285.75,,4285.75
1646159400,4286,4297.5,4284,4293.5,,4293.5
1646161200,4293.5,4309,4281.5,4306.25,,4306.25
1646163000,4306.5,4316.5,4296.5,4300,,4300
1646164800,4299.75,4326.25,4297,4297.5,,4297.5
1646166600,4297.5,4306.75,4275,4303.25,,4303.25
1646168400,4303.5,4315.5,4303,4313.75,,4313.75
1646231400,4327.25,4350.75,4322,4339.25,,4339.25
1646233200,4339.25,4354.5,4318.75,4346.5,,4346.5
1646235000,4346.25,4359.5,4336.5,4348.25,,4348.25
1646236800,4348.25,4379,4338.75,4370.75,,4370.75
1646238600,4370.75,4386.5,4365.75,4374,,4374
1646240400,4374.25,4383.75,4368.5,4378,,4378
1646242200,4378.25,4384.5,4374.75,4381.25,,4381.25
1646244000,4381.25,4394.5,4381.25,4388.5,,4388.5
1646245800,4388.5,4396.75,4385.5,4391,,4391
1646247600,4391,4397.75,4382.25,4387.25,,4387.25
1646249400,4387.25,4396,4379.75,4383,,4383
1646251200,4383,4393.5,4380.25,4390,,4390
1646253000,4390,4399.25,4379.25,4381.5,,4381.5
1646254800,4381.5,4383.25,4377,4378.25,,4378.25
1646317800,4407.5,4414,4392.5,4400,,4400
1646319600,4399.5,4406.25,4373.75,4380.25,,4380.25
1646321400,4380.25,4384.25,4351.5,4351.75,,4351.75
1646323200,4352,4364,4341,4360.75,,4360.75
1646325000,4360.75,4371.5,4353.25,4365.5,,4365.5
1646326800,4365.75,4376.75,4356.5,4358.75,,4358.75
1646328600,4358.75,4395.75,4357,4381.25,,4381.25
1646330400,4381,4393.25,4377,4391.5,,4391.5
1646332200,4391.75,4391.75,4376.25,4383,,4383
1646334000,4382.75,4395.75,4378.25,4390.25,,4390.25
1646335800,4390,4390.25,4361.75,4365.5,,4365.5
1646337600,4365.5,4368.25,4350.25,4367.25,,4367.25
1646339400,4367,4367.25,4342.25,4360.5,,4360.5
1646341200,4360.5,4366,4357.75,4364.5,,4364.5
1646404200,4320,4328,4296,4320.75,,4320.75
1646406000,4320.5,4327,4289.5,4300.5,,4300.5
1646407800,4300.75,4308.25,4286.5,4287.75,,4287.75
1646409600,4287.75,4297.25,4281.25,4292.25,,4292.25
1646411400,4292.25,4303.25,4282.5,4295,,4295
1646413200,4295,4322,4290,4317.75,,4317.75
1646415000,4317.5,4326.5,4308,4322,,4322
1646416800,4322.5,4337,4319.5,4321.25,,4321.25
1646418600,4321,4331.75,4306,4307.75,,4307.75
1646420400,4307.75,4321.75,4299.75,4315,,4315
1646422200,4315.25,4319.5,4294.75,4296,,4296
1646424000,4296,4317.25,4295.25,4310.25,,4310.25
1646425800,4310,4329.75,4298.75,4325.5,,4325.5
1646427600,4325.5,4326.25,4318.25,4320.5,,4320.5
1646663400,4318.5,4321.25,4281,4281,,4281
1646665200,4281,4290.25,4263.25,4263.75,,4263.75
1646667000,4263.75,4270.75,4253.25,4258.5,,4258.5
1646668800,4258.5,4275.25,4254.5,4266.75,,4266.75
1646670600,4266.75,4268.25,4243.5,4244.75,,4244.75
1646672400,4244.5,4246.25,4224.75,4233,,4233
1646674200,4233,4247.5,4225.5,4233.25,,4233.25
1646676000,4233,4246.5,4223,4232,,4232
1646677800,4232,4244,4227.75,4229.75,,4229.75
1646679600,4229.5,4242.75,4223,4231,,4231
1646681400,4231,4233.5,4215.75,4220.5,,4220.5
1646683200,4220.5,4223.75,4206.5,4219,,4219
1646685000,4219,4219,4197,4198,,4198
1646686800,4198,4201.25,4185.25,4193,,4193
1646749800,4199.75,4215.5,4180.25,4189.75,,4189.75
1646751600,4189.75,4195.5,4160.25,4166.25,,4166.25
1646753400,4166.25,4197.75,4156.25,4196.25,,4196.25
1646755200,4196.25,4200.75,4166.25,4169.75,,4169.75
1646757000,4169.75,4189.5,4153.25,4182.5,,4182.5
1646758800,4182.5,4249,4179.75,4241.25,,4241.25
1646760600,4241,4258.75,4232.5,4254.5,,4254.5
1646762400,4254.75,4275,4238.25,4240.5,,4240.5
1646764200,4240.75,4241,4196.75,4198.25,,4198.25
1646766000,4198,4213,4180.75,4211,,4211
1646767800,4210.75,4230.5,4199,4217.5,,4217.5
1646769600,4217.5,4238.75,4192,4193.5,,4193.5
1646771400,4193.25,4196.25,4165,4165.25,,4165.25
1646773200,4165.5,4166.5,4154,4157.75,,4157.75
1646836200,4254.75,4260,4230.75,4244.25,,4244.25
1646838000,4244.25,4267.5,4242.5,4260.25,,4260.25
1646839800,4260.5,4272.5,4254.25,4269,,4269
1646841600,4269,4270.75,4250.25,4256.75,,4256.75
1646843400,4257,4278.25,4256.75,4276.75,,4276.75
1646845200,4276.75,4283,4270.75,4278.5,,4278.5
1646847000,4278.5,4290.75,4278.5,4287,,4287
1646848800,4287,4287.25,4275.5,4286.25,,4286.25
1646850600,4286.5,4286.75,4266.25,4270.5,,4270.5
1646852400,4270.5,4281,4269,4275.25,,4275.25
1646854200,4275.25,4284.5,4274,4276,,4276
1646856000,4276.25,4294,4275.75,4290.75,,4290.75
1646857800,4290.75,4298.25,4269,4277.25,,4277.25
1646859600,4277,4283.5,4271.25,4273.75,,4273.75
1646922600,4227.75,4252.75,4222.75,4248,,4248
1646924400,4248,4256.25,4233.75,4234.25,,4234.25
1646926200,4234.5,4238.75,4218,4220.5,,4220.5
1646928000,4220.5,4221.75,4207.25,4210.25,,4210.25
1646929800,4210.25,4223,4207,4221.75,,4221.75
1646931600,4221.5,4234.5,4219.5,4231.5,,4231.5
1646933400,4231.25,4231.75,4214,4217.5,,4217.5
1646935200,4217.5,4229.5,4213.5,4226.25,,4226.25
1646937000,4226.25,4241.5,4223.5,4237.5,,4237.5
1646938800,4237.75,4256,4236,4250.75,,4250.75
1646940600,4250.75,4263.75,4247.25,4259.5,,4259.5
1646942400,4259.5,4260.75,4243.75,4252,,4252
1646944200,4251.75,4267.5,4244.5,4258,,4258
1646946000,4257.75,4260.5,4253.5,4260,,4260
1647009000,4284.75,4290.75,4268.5,4274,,4274
1647010800,4274.5,4275.25,4251.25,4259.75,,4259.75
1647012600,4259.5,4274,4252.25,4272.75,,4272.75
1647014400,4272.75,4273.25,4254,4255.25,,4255.25
1647016200,4255.25,4255.75,4240.25,4247,,4247
1647018000,4246.5,4251.25,4237,4237.5,,4237.5
1647019800,4237.5,4246.5,4232.75,4242.75,,4242.75
1647021600,4242.75,4255.25,4240.25,4253,,4253
1647023400,4252.75,4258.5,4238.75,4239.75,,4239.75
1647025200,4239.75,4251,4236,4249.5,,4249.5
1647027000,4249.5,4250.5,4229,4234,,4234
1647028800,4234,4235,4222.5,4222.75,,4222.75
1647030600,4222.5,4222.5,4198,4203.5,,4203.5
1647032400,4204,4207.5,4201.5,4206.25,,4206.25
1647264600,4212,4223,4194.5,4216.5,,4216.5
1647266400,4216.5,4238,4208,4231,,4231
1647268200,4231,4246.75,4223.75,4246.5,,4246.5
1647270000,4246.5,4249.5,4224.25,4226,,4226
1647271800,4226.25,4227.5,4202,4207.75,,4207.75
1647273600,4207.75,4207.75,4191,4201.25,,4201.25
1647275400,4201.25,4205,4181.25,4182,,4182
1647277200,4181.75,4184.25,4176,4177.25,,4177.25
1647279000,4177.25,4179.25,4164,4170,,4170
1647280800,4169.75,4175.25,4160.75,4161.75,,4161.75
1647282600,4162,4176,4161,4174,,4174
1647284400,4174.25,4185,4169,4174.75,,4174.75
1647286200,4174.75,4180.25,4163,4173.25,,4173.25
1647288000,4173.25,4184,4171,4181,,4181
1647351000,4192,4208,4178.5,4198.25,,4198.25
1647352800,4198.25,4213.25,4186,4212.25,,4212.25
1647354600,4212.5,4223.5,4209.75,4212.75,,4212.75
1647356400,4212.75,4227.25,4212,4226.75,,4226.75
1647358200,4226.5,4237.5,4213.25,4220.5,,4220.5
1647360000,4220.5,4238.5,4210.75,4236,,4236
1647361800,4236.25,4239.25,4220.5,4231.25,,4231.25
1647363600,4231,4237,4215.75,4215.75,,4215.75
1647365400,4216,4228.75,4213.25,4227,,4227
1647367200,4226.75,4229.5,4208,4215.25,,4215.25
1647369000,4215.5,4242.25,4211,4241,,4241
1647370800,4240.75,4255,4238.25,4252.25,,4252.25
1647372600,4252.5,4263.25,4248,4256.25,,4256.25
1647374400,4256.25,4257.25,4247,4247.5,,4247.5
1647437400,4294,4321.75,4292.75,4314.25,,4314.25
1647439200,4314.25,4339.75,4302,4329.5,,4329.5
1647441000,4329.5,4337.75,4316,4328,,4328
1647442800,4328,4329.75,4316.75,4323.25,,4323.25
1647444600,4323.5,4326.75,4317.25,4325.25,,4325.25
1647446400,4325.5,4331,4320.25,4325,,4325
1647448200,4325,4326.5,4306.5,4312,,4312
1647450000,4312,4314.25,4295.25,4301.5,,4301.5
1647451800,4301.25,4310.75,4299.5,4308,,4308
1647453600,4307.5,4307.5,4257.25,4258.5,,4258.5
1647455400,4258.25,4309,4242.25,4294,,4294
1647457200,4294,4327.75,4287.75,4324.5,,4324.5
1647459000,4324.5,4351.75,4313.25,4351,,4351
1647460800,4350.75,4353.25,4344.5,4348.75,,4348.75
1647523800,4330,4356.5,4325.75,4355.75,,4355.75
1647525600,4355.75,4364,4353,4358,,4358
1647527400,4358,4359.5,4334,4342,,4342
1647529200,4341.75,4352.75,4337.25,4349.75,,4349.75
1647531000,4350,4359,4345.75,4355.75,,4355.75
1647532800,4356,4371.25,4351.75,4370,,4370
1647534600,4369.75,4373.75,4366,4372,,4372
1647536400,4372.25,4382,4364.5,4381.5,,4381.5
1647538200,4381.5,4393.25,4380,4389,,4389
1647540000,4389.25,4391.75,4377,4377.75,,4377.75
1647541800,4377.75,4390.25,4377.75,4388.5,,4388.5
1647543600,4388.25,4392.5,4375.25,4385.75,,4385.75
1647545400,4385.5,4406.5,4383.25,4405,,4405
1647547200,4405,4406.75,4394,4395.5,,4395.5
1647610200,4387.75,4399.5,4379,4398.5,,4398.5
1647612000,4398.5,4416,4395.25,4405.5,,4405.5
1647613800,4405.5,4410,4392.25,4403,,4403
1647615600,4403.25,4414,4401,4405,,4405
1647617400,4405.25,4417.75,4399.25,4407.75,,4407.75
1647619200,4408,4418.5,4403.5,4418.25,,4418.25
1647621000,4418,4425.5,4416.5,4422.75,,4422.75
1647622800,4422.75,4431.25,4420.25,4431,,4431
1647624600,4431,4434,4426.5,4428.75,,4428.75
1647626400,4428.75,4433,4423.5,4430.25,,4430.25
1647628200,4430.5,4435.5,4425.75,4434,,4434
1647630000,4434,4451,4432,4448.75,,4448.75
1647631800,4449,4457,4445.25,4452.75,,4452.75
1647633600,4453,4458.5,4450.75,4456.75,,4456.75
1647869400,4451.5,4473,4446.5,4447.5,,4447.5
1647871200,4447.75,4451,4435.5,4438.25,,4438.25
1647873000,4438.25,4459.5,4435.75,4457.25,,4457.25
1647874800,4457.5,4465.75,4451.75,4463,,4463
1647876600,4463.25,4466,4455,4463,,4463
1647878400,4463.25,4467,4455.25,4463.5,,4463.5
1647880200,4463.5,4463.75,4430,4432,,4432
1647882000,4432,4433.25,4415,4421.25,,4421.25
1647883800,4421.25,4434.75,4420,4433.5,,4433.5
1647885600,4433.5,4444.75,4425.5,4443.5,,4443.5
1647887400,4443.25,4448.5,4426.25,4427,,4427
1647889200,4426.75,4443.75,4425.5,4443.5,,4443.5
1647891000,4443.25,4453.5,4429.25,4453,,4453
1647892800,4453,4457,4450.5,4456.5,,4456.5
1647955800,4467.25,4483.25,4467,4480.75,,4480.75
1647957600,4480.75,4496.75,4480.75,4494.25,,4494.25
1647959400,4494.25,4502.5,4494.25,4496.75,,4496.75
1647961200,4497,4506,4491,4502.75,,4502.75
1647963000,4502.75,4503,4493.5,4495.75,,4495.75
1647964800,4496,4500.75,4488,4490,,4490
1647966600,4489.75,4499.75,4486.5,4498.75,,4498.75
1647968400,4498.75,4504.5,4494.25,4499,,4499
1647970200,4499,4504.75,4498.25,4504,,4504
1647972000,4504,4504.75,4490,4494.75,,4494.75
1647973800,4494.75,4501.75,4490.5,4498.75,,4498.75
1647975600,4498.75,4507.75,4497,4499.25,,4499.25
1647977400,4499.5,4514.75,4497.75,4505.5,,4505.5
1647979200,4505.25,4507.75,4504,4505,,4505
1648042200,4477.5,4481.75,4465.25,4469.5,,4469.5
1648044000,4469.5,4487.75,4465.75,4483.75,,4483.75
1648045800,4483.75,4488.5,4475,4481.25,,4481.25
1648047600,4481.25,4490.75,4480.25,4489.25,,4489.25
1648049400,4489.25,4489.75,4482,4486.5,,4486.5
1648051200,4486.5,4493.75,4472.5,4482.25,,4482.25
1648053000,4482,4485.5,4470.25,4477,,4477
1648054800,4477,4478.25,4457.75,4459.5,,4459.5
1648056600,4459.5,4467.5,4456.25,4466.5,,4466.5
1648058400,4466.5,4468.25,4455.75,4468,,4468
1648060200,4467.75,4472,4460.25,4462,,4462
1648062000,4462,4468.5,4457.75,4465.75,,4465.75
1648063800,4465.75,4467.75,4446,4446.75,,4446.75
1648065600,4446.5,4447.75,4444.75,4447.5,,4447.5
1648128600,4468,4472,4456,4464,,4464
1648130400,4464,4478.25,4461.5,4463,,4463
1648132200,4463,4478,4460.75,4472.5,,4472.5
1648134000,4472.25,4492,4471,4491,,4491
1648135800,4491,4498.5,4489,4493.25,,4493.25
1648137600,4493,4494.75,4478.75,4481,,4481
1648139400,4481,4487,4476.5,4486.25,,4486.25
1648141200,4486,4492.75,4482.5,4490.5,,4490.5
1648143000,4490.25,4494.25,4486.75,4491.25,,4491.25
1648144800,4491.25,4497.5,4486.75,4490,,4490
1648146600,4490,4491.75,4483,4490.25,,4490.25
1648148400,4490.25,4507.25,4486.25,4505,,4505
1648150200,4504.75,4513.5,4497.25,4513.25,,4513.25
1648152000,4513,4515,4510.75,4513.25,,4513.25
1648215000,4520.25,4525.25,4511.75,4518,,4518
1648216800,4518,4534,4513.5,4527.75,,4527.75
1648218600,4527.75,4539,4527.5,4532.25,,4532.25
1648220400,4532.5,4534.5,4493.25,4499.5,,4499.5
1648222200,4499.75,4509.75,4495.75,4501.75,,4501.75
1648224000,4502,4513.5,4498.5,4511.75,,4511.75
1648225800,4511.75,4514,4501.75,4509.75,,4509.75
1648227600,4509.75,4517,4504.5,4508.75,,4508.75
1648229400,4508.75,4523.5,4508.75,4522.75,,4522.75
1648231200,4522.75,4528,4520.5,4526.5,,4526.5
1648233000,4526.25,4531.25,4524.75,4528,,4528
1648234800,4528.25,4528.75,4509.25,4510,,4510
1648236600,4510,4537.75,4506.5,4536,,4536
1648238400,4536.25,4536.75,4532.25,4535.5,,4535.5
1648474200,4529.5,4546,4525.75,4545,,4545
1648476000,4544.75,4545.5,4530.25,4538.5,,4538.5
1648477800,4538.75,4542.75,4529.5,4542.5,,4542.5
1648479600,4542.25,4543.75,4527.75,4533.75,,4533.75
1648481400,4533.75,4534,4512,4514,,4514
1648483200,4513.75,4521.75,4509.75,4515.25,,4515.25
1648485000,4515.25,4527,4514.25,4525.75,,4525.75
1648486800,4526,4534.75,4523.5,4532.75,,4532.75
1648488600,4532.75,4534.75,4530.75,4533.5,,4533.5
1648490400,4533.75,4539.25,4531.25,4538.5,,4538.5
1648492200,4538.5,4553.75,4537,4553.5,,4553.5
1648494000,4553.5,4555.75,4548.5,4554.5,,4554.5
1648495800,4554.5,4569,4553.25,4569,,4569
1648497600,4569,4572.25,4567.25,4570.25,,4570.25
1648560600,4610,4623,4596.75,4603.25,,4603.25
1648562400,4603,4607.25,4581.75,4597.25,,4597.25
1648564200,4597.25,4604.5,4586.5,4602,,4602
1648566000,4602.25,4605.5,4592.75,4603.5,,4603.5
1648567800,4603.5,4610,4601,4604.5,,4604.5
1648569600,4604.75,4605.25,4591.5,4593.75,,4593.75
1648571400,4593.5,4598,4585,4593.25,,4593.25
1648573200,4593.25,4594,4586.5,4591.75,,4591.75
1648575000,4592,4605.75,4589.75,4605.5,,4605.5
1648576800,4605.5,4609,4601,4608.5,,4608.5
1648578600,4608.25,4618.5,4607.25,4616,,4616
1648580400,4616,4625.75,4613.5,4625.5,,4625.5
1648582200,4625.5,4631,4616.5,4627,,4627
1648584000,4627,4627.25,4619.5,4620.25,,4620.25
1648647000,4614,4620.5,4608.75,4619.5,,4619.5
1648648800,4619.5,4622.5,4610.75,4611.75,,4611.75
1648650600,4611.75,4618,4608,4608.75,,4608.75
1648652400,4609,4611,4596.5,4602,,4602
1648654200,4602,4607.5,4600.25,4607,,4607
1648656000,4606.75,4611.5,4601,4605.25,,4605.25
1648657800,4605.25,4611.5,4603.75,4609.5,,4609.5
1648659600,4609.25,4609.75,4599,4600.25,,4600.25
1648661400,4600.5,4602,4595.25,4596.5,,4596.5
1648663200,4596.75,4603.5,4594.5,4596,,4596
1648665000,4595.75,4600,4588,4589,,4589
1648666800,4589.25,4590,4574.75,4582,,4582
1648668600,4582,4598.25,4579,4598,,4598
1648670400,4598.25,4601.5,4596.25,4600.75,,4600.75
1648733400,4589.25,4591.75,4581,4589,,4589
1648735200,4589,4589,4575,4581.5,,4581.5
1648737000,4581.5,4597.25,4579.75,4594.25,,4594.25
1648738800,4594.5,4596,4585.25,4586.5,,4586.5
1648740600,4586.25,4591.5,4582.25,4589,,4589
1648742400,4588.75,4590.75,4576.75,4579.25,,4579.25
1648744200,4579,4582.75,4575.5,4576.5,,4576.5
1648746000,4576.5,4579.75,4572.25,4579,,4579
1648747800,4579,4584.5,4575.75,4579,,4579
1648749600,4578.75,4579.5,4568.75,4573,,4573
1648751400,4573,4576,4568,4575.5,,4575.5
1648753200,4575.5,4583.5,4562.5,4565.25,,4565.25
1648755000,4565.25,4566.5,4526.25,4527.75,,4527.75
1648756800,4527.75,4543.75,4527.5,4542.5,,4542.5
1648819800,4543.5,4545,4526.5,4533,,4533
1648821600,4532.5,4538.5,4518,4520.75,,4520.75
1648823400,4520.75,4533.25,4518,4529.75,,4529.75
1648825200,4529.75,4534.5,4525.5,4526.75,,4526.75
1648827000,4527,4527.5,4511,4513.25,,4513.25
1648828800,4513.25,4515,4506.5,4514.5,,4514.5
1648830600,4514.25,4514.5,4503.5,4509.5,,4509.5
1648832400,4509.5,4512.25,4501.25,4506.5,,4506.5
1648834200,4506.75,4519,4505.5,4515.75,,4515.75
1648836000,4515.5,4532.5,4514.75,4532,,4532
1648837800,4532,4538,4526.5,4528.5,,4528.5
1648839600,4528.25,4535.5,4516.75,4521,,4521
1648841400,4521,4542,4513.5,4538,,4538
1648843200,4538.25,4540.5,4531.75,4532,,4532
1649079000,4541.25,4557.25,4532.75,4555.25,,4555.25
1649080800,4555,4558.75,4544.5,4558.5,,4558.5
1649082600,4558.5,4559.5,4550.75,4555,,4555
1649084400,4554.75,4563.25,4553.5,4562.25,,4562.25
1649086200,4562.25,4567.5,4559,4565.25,,4565.25
1649088000,4565.5,4566.75,4563.25,4566,,4566
1649089800,4566,4567.25,4558.5,4559.25,,4559.25
1649091600,4559.25,4563.25,4556.75,4562.75,,4562.75
1649093400,4562.75,4568,4561,4567.25,,4567.25
1649095200,4567.5,4569.25,4560,4568.75,,4568.75
1649097000,4568.75,4572.5,4566.5,4570.5,,4570.5
1649098800,4570.5,4573.5,4568.25,4571.25,,4571.25
1649100600,4571,4578.75,4567.5,4578,,4578
1649102400,4577.75,4580,4575.25,4575.5,,4575.5
1649165400,4562.25,4582.5,4560.25,4579.25,,4579.25
1649167200,4579.25,4588.75,4548.5,4554,,4554
1649169000,4553.75,4565,4547.5,4560.75,,4560.75
1649170800,4560.5,4562.5,4551.25,4555,,4555
1649172600,4555.25,4559.75,4544.5,4544.75,,4544.75
1649174400,4544.75,4548.75,4536.75,4537.25,,4537.25
1649176200,4537.25,4546.75,4536.25,4545.25,,4545.25
1649178000,4545,4556.5,4543.25,4551.5,,4551.5
1649179800,4551.5,4551.75,4534.25,4539.75,,4539.75
1649181600,4539.75,4544.5,4535.5,4539,,4539
1649183400,4539,4541.75,4533.25,4534.75,,4534.75
1649185200,4534.5,4537.25,4520.25,4523.5,,4523.5
1649187000,4523.5,4523.75,4507.75,4521.25,,4521.25
1649188800,4521.25,4524.5,4521,4522.25,,4522.25
1649251800,4477.75,4485.25,4464.25,4465.25,,4465.25
1649253600,4465.25,4467.75,4454.5,4459,,4459
1649255400,4459,4468.25,4457,4459.25,,4459.25
1649257200,4459.25,4466.75,4456,4464,,4464
1649259000,4464.25,4474,4458.75,4468.75,,4468.75
1649260800,4468.5,4470.75,4455.75,4458.75,,4458.75
1649262600,4458.5,4463.25,4457,4462.25,,4462.25
1649264400,4462.25,4469,4458.75,4468,,4468
1649266200,4468,4478.5,4466.25,4470.25,,4470.25
1649268000,4470.5,4495.25,4444.5,4455.5,,4455.5
1649269800,4455.25,4490.5,4454.25,4489.75,,4489.75
1649271600,4490,4499.5,4465.75,4466.5,,4466.5
1649273400,4466.5,4490,4463,4475.5,,4475.5
1649275200,4475.75,4477.5,4471,4474,,4474
1649338200,4466,4486,4462.5,4479,,4479
1649340000,4479,4486.75,4465,4466,,4466
1649341800,4466,4475.5,4453.25,4461.75,,4461.75
1649343600,4461.5,4470,4450.25,4454,,4454
1649345400,4454.25,4458.75,4447.75,4452.25,,4452.25
1649347200,4452.25,4461,4450.25,4452.5,,4452.5
1649349000,4452.5,4455.25,4444.5,4451.75,,4451.75
1649350800,4451.75,4476.75,4450.5,4474.75,,4474.75
1649352600,4474.75,4486.25,4468.25,4484,,4484
1649354400,4484,4491.5,4478,4481.5,,4481.5
1649356200,4481.5,4504.25,4479,4501.75,,4501.75
1649358000,4501.75,4514.75,4500.25,4502.5,,4502.5
1649359800,4502.75,4517.25,4494.25,4497.5,,4497.5
1649361600,4497.75,4499.75,4495.25,4498,,4498
1649424600,4489.25,4491.75,4469,4470.5,,4470.5
1649426400,4470.25,4485,4468.75,4483.75,,4483.75
1649428200,4483.5,4508,4480.75,4507.5,,4507.5
1649430000,4507.5,4512.25,4499.25,4503,,4503
1649431800,4503,4508.25,4497.75,4505.25,,4505.25
1649433600,4505.25,4516,4500.25,4513.75,,4513.75
1649435400,4513.75,4514,4504.25,4511.5,,4511.5
1649437200,4511.5,4511.75,4501.25,4502,,4502
1649439000,4502.25,4502.25,4495.5,4498,,4498
1649440800,4497.75,4503,4487.25,4489.75,,4489.75
1649442600,4490,4501,4486,4495.75,,4495.75
1649444400,4496,4503.75,4491,4498.75,,4498.75
1649446200,4498.75,4501.25,4476.75,4487,,4487
1649448000,4487,4490.5,4484.25,4484.5,,4484.5
1649683800,4450.5,4459.5,4438,4450,,4450
1649685600,4449.75,4454.25,4433.25,4437,,4437
1649687400,4436.75,4437.5,4428.75,4432.5,,4432.5
1649689200,4432.25,4435.75,4425,4429,,4429
1649691000,4429,4436.75,4427.5,4430.5,,4430.5
1649692800,4430.5,4432.5,4426.25,4426.25,,4426.25
1649694600,4426.5,4429.5,4422.75,4427.5,,4427.5
1649696400,4427.25,4435,4423.5,4426.5,,4426.5
1649698200,4426.5,4432.25,4425,4431.25,,4431.25
1649700000,4431,4435,4422.25,4424.5,,4424.5
1649701800,4424.25,4437.25,4421,4433.75,,4433.75
1649703600,4433.75,4439.25,4418,4418.75,,4418.75
1649705400,4418.75,4419.75,4403.5,4409.25,,4409.25
1649707200,4409.25,4411.25,4405.25,4407.25,,4407.25
1649770200,4440.75,4466.75,4432.75,4460,,4460
1649772000,4459.75,4462.25,4445,4445.25,,4445.25
1649773800,4445.5,4448,4431.25,4435.25,,4435.25
1649775600,4435.5,4451.5,4431.25,4450,,4450
1649777400,4449.75,4454.75,4443,4446,,4446
1649779200,4446.25,4446.75,4425.5,4426.75,,4426.75
1649781000,4426.75,4433,4421.5,4429.5,,4429.5
1649782800,4429.25,4436,4420.75,4425.5,,4425.5
1649784600,4425.75,4428.5,4403,4405.25,,4405.25
1649786400,4405,4412.5,4393.5,4394.25,,4394.25
1649788200,4394,4402,4389,4397.25,,4397.25
1649790000,4397.25,4399.25,4375.5,4379.75,,4379.75
1649791800,4379.75,4397.25,4376,4391.25,,4391.25
1649793600,4391.5,4398,4387.75,4395.25,,4395.25
1649856600,4389.25,4411.75,4387,4399.25,,4399.25
1649858400,4399,4407.5,4391.25,4401.5,,4401.5
1649860200,4401.5,4408.25,4396.25,4407,,4407
1649862000,4406.75,4426.5,4406.5,4424,,4424
1649863800,4424,4428.75,4416.75,4419,,4419
1649865600,4419,4429.75,4416.25,4424.25,,4424.25
1649867400,4424.5,4434.75,4424.25,4429.25,,4429.25
1649869200,4429.25,4437,4428,4432.25,,4432.25
1649871000,4432.25,4433.25,4423.75,4429,,4429
1649872800,4429,4434,4426,4430.5,,4430.5
1649874600,4430.5,4439,4429,4436.75,,4436.75
1649876400,4436.75,4444.5,4431.75,4443.75,,4443.75
1649878200,4443.75,4449.5,4438.75,4442.5,,4442.5
1649880000,4442.5,4443.25,4438,4438.25,,4438.25
1649943000,4444,4455.75,4425,4429.25,,4429.25
1649944800,4429.75,4437.75,4413.75,4421.25,,4421.25
1649946600,4421.5,4428.5,4416.75,4422.5,,4422.5
1649948400,4422.25,4431.25,4419,4428.75,,4428.75
1649950200,4429,4430.5,4414,4416,,4416
1649952000,4416,4420.5,4407.5,4409.25,,4409.25
1649953800,4409,4411.25,4403,4409,,4409
1649955600,4408.75,4411,4404.5,4408,,4408
1649957400,4408,4421.75,4407.25,4421.5,,4421.5
1649959200,4421.5,4427.25,4412.75,4417.5,,4417.5
1649961000,4417.5,4419.75,4401.5,4401.75,,4401.75
1649962800,4401.5,4408.5,4397,4401,,4401
1649964600,4400.75,4401.25,4385.25,4387.25,,4387.25
1649966400,4387,4389,4385,4385,,4385
1650288600,4376.25,4403.25,4376.25,4386.25,,4386.25
1650290400,4386.25,4403.75,4379.25,4396.25,,4396.25
1650292200,4396,4403.75,4390,4394,,4394
1650294000,4394.25,4398.25,4378.5,4381.75,,4381.75
1650295800,4381.75,4382.5,4370.5,4380,,4380
1650297600,4380,4380.75,4366.25,4367.75,,4367.75
1650299400,4367.5,4376.25,4364.5,4373.75,,4373.75
1650301200,4374,4384,4372,4381.25,,4381.25
1650303000,4381,4406,4380.5,4400.25,,4400.25
1650304800,4400.25,4406.25,4391.25,4397.75,,4397.75
1650306600,4398,4403.75,4392,4392.5,,4392.5
1650308400,4392.25,4394.25,4378.75,4379.25,,4379.25
1650310200,4379.25,4389,4365,4389,,4389
1650312000,4389,4402.75,4387.25,4400.5,,4400.5
1650375000,4386.75,4423,4385,4422.75,,4422.75
1650376800,4422.5,4437.5,4420,4435.75,,4435.75
1650378600,4435.75,4447.5,4433.25,4440.25,,4440.25
1650380400,4440.25,4448,4436.25,4446,,4446
1650382200,4446,4451.75,4441.5,4446.25,,4446.25
1650384000,4446.25,4449.5,4442.75,4444.5,,4444.5
1650385800,4444.75,4446.5,4439.75,4442.5,,4442.5
1650387600,4442.75,4445.5,4435.25,4435.75,,4435.75
1650389400,4435.75,4447.75,4435.5,4444.5,,4444.5
1650391200,4444.5,4445.25,4433,4438.75,,4438.75
1650393000,4438.75,4447.5,4436.25,4446.75,,4446.75
1650394800,4446.75,4462.5,4444.25,4460.25,,4460.25
1650396600,4460.25,4467,4451,4459,,4459
1650398400,4459,4460.25,4433.5,4434.5,,4434.5
1650461400,4477.5,4484.25,4452.75,4459.25,,4459.25
1650463200,4459.25,4469.25,4452.5,4467,,4467
1650465000,4467,4481.75,4462.5,4478.5,,4478.5
1650466800,4478.5,4479,4459.5,4464.5,,4464.5
1650468600,4464.75,4474.5,4463,4469,,4469
1650470400,4469,4472,4456.75,4459.25,,4459.25
1650472200,4459.25,4475.75,4458.25,4471.75,,4471.75
1650474000,4471.5,4478,4467.5,4470.5,,4470.5
1650475800,4470.5,4481,4468,4475,,4475
1650477600,4475,4478,4462.25,4462.75,,4462.75
1650479400,4463,4464,4443.5,4449,,4449
1650481200,4449,4467.75,4447.75,4463.75,,4463.75
1650483000,4463.5,4472.75,4453,4455.75,,4455.75
1650484800,4455.75,4471.25,4454,4466,,4466
1650547800,4494.5,4509,4494.25,4502.75,,4502.75
1650549600,4502.75,4503.25,4487.75,4496.25,,4496.25
1650551400,4496.25,4498.75,4478.25,4482.25,,4482.25
1650553200,4482.25,4485.25,4472.75,4475.75,,4475.75
1650555000,4475.5,4476.5,4455.5,4455.75,,4455.75
1650556800,4456,4459.5,4443.75,4445,,4445
1650558600,4445,4453,4435,4435.25,,4435.25
1650560400,4435.25,4442.5,4422.25,4441.25,,4441.25
1650562200,4441.5,4444.75,4424.25,4426,,4426
1650564000,4426,4426,4412,4415.5,,4415.5
1650565800,4415.5,4428,4397,4400.75,,4400.75
1650567600,4400.75,4406,4387.25,4403.25,,4403.25
1650569400,4403.25,4404.25,4380,4388.75,,4388.75
1650571200,4388.75,4390.75,4380.75,4387.5,,4387.5
1650634200,4377.25,4380.5,4346,4351.25,,4351.25
1650636000,4351.25,4367.75,4335.75,4337.25,,4337.25
1650637800,4337.25,4349,4329.25,4331.25,,4331.25
1650639600,4331,4343,4326.75,4334.75,,4334.75
1650641400,4334.75,4337.75,4311,4311.5,,4311.5
1650643200,4311.25,4321,4306.25,4316.75,,4316.75
1650645000,4316.75,4326.75,4310.75,4312,,4312
1650646800,4311.75,4315,4302.75,4308.5,,4308.5
1650648600,4308.25,4309.5,4294.75,4295,,4295
1650650400,4295,4307.5,4290.75,4296.5,,4296.5
1650652200,4296.5,4299.75,4275.5,4282,,4282
1650654000,4282.25,4301.75,4274.5,4293.25,,4293.25
1650655800,4293,4311.75,4262.25,4269.25,,4269.25
1650657600,4269.5,4270.75,4251.75,4254.75,,4254.75
1650893400,4244,4246.5,4210.25,4210.5,,4210.5
1650895200,4210.25,4237.75,4207.25,4234,,4234
1650897000,4234,4251.5,4213,4214.5,,4214.5
1650898800,4214.5,4229.5,4206.25,4215.25,,4215.25
1650900600,4215.25,4224.5,4195.25,4204.75,,4204.75
1650902400,4204.75,4234,4198.5,4224.25,,4224.25
1650904200,4224.25,4240.25,4221,4227.75,,4227.75
1650906000,4227.75,4245,4216.75,4237.5,,4237.5
1650907800,4237.75,4244.25,4226.75,4232,,4232
1650909600,4232,4263.5,4224.5,4262.75,,4262.75
1650911400,4263,4275,4254.5,4262.5,,4262.5
1650913200,4262.25,4282,4245.5,4279.5,,4279.5
1650915000,4279.5,4294.75,4275.75,4293,,4293
1650916800,4293,4296.5,4289.75,4289.75,,4289.75
1650979800,4265.75,4267.5,4241.25,4245.75,,4245.75
1650981600,4245.25,4253.5,4221.25,4231.75,,4231.75
1650983400,4231.75,4232.75,4211.75,4217.5,,4217.5
1650985200,4217.5,4222.25,4208.75,4215,,4215
1650987000,4215,4219.25,4201,4201.25,,4201.25
1650988800,4201.5,4229.75,4201.25,4226.75,,4226.75
1650990600,4226.75,4230,4212.5,4229.5,,4229.5
1650992400,4229.25,4229.75,4196.25,4198.75,,4198.75
1650994200,4198.5,4212.75,4194,4201,,4201
1650996000,4201,4216.75,4196.5,4212.5,,4212.5
1650997800,4212.5,4217,4199.25,4214.25,,4214.25
1650999600,4214.25,4219.25,4183,4186.75,,4186.75
1651001400,4186.75,4191.75,4167.25,4168,,4168
1651003200,4168,4175.75,4145.25,4153.5,,4153.5
1651066200,4179.25,4227.25,4177.5,4214.25,,4214.25
1651068000,4214.5,4225.25,4165,4166.25,,4166.25
1651069800,4166,4200,4157,4187,,4187
1651071600,4187.25,4207.25,4184,4205,,4205
1651073400,4205.25,4217,4196.5,4203.75,,4203.75
1651075200,4203.75,4229.25,4194.25,4228.25,,4228.25
1651077000,4228.5,4236.25,4220.5,4227.75,,4227.75
1651078800,4227.5,4230.75,4203.25,4222.25,,4222.25
1651080600,4222.25,4228.5,4211.25,4226.25,,4226.25
1651082400,4226.5,4226.5,4208.75,4210.75,,4210.75
1651084200,4210.5,4222.75,4189.75,4194,,4194
1651086000,4194,4197,4179.25,4189.5,,4189.5
1651087800,4189.5,4194.75,4172,4179.5,,4179.5
1651089600,4179.75,4198.5,4175.25,4190.5,,4190.5
1651152600,4229.75,4238,4202.25,4211.25,,4211.25
1651154400,4211,4213.5,4191,4191.5,,4191.5
1651156200,4191.25,4202.5,4182.5,4199.5,,4199.5
1651158000,4199.75,4220,4197.25,4214.25,,4214.25
1651159800,4214.5,4220,4201.25,4212,,4212
1651161600,4212,4239.25,4206.75,4239.25,,4239.25
1651163400,4239.25,4265,4237.75,4263,,4263
1651165200,4263,4280.25,4259.25,4275.75,,4275.75
1651167000,4275.75,4283.5,4270.25,4278.75,,4278.75
1651168800,4278.75,4284,4274.25,4282.25,,4282.25
1651170600,4282.5,4299.25,4278.5,4293.5,,4293.5
1651172400,4293.5,4303.5,4290,4294.75,,4294.75
1651174200,4294.75,4295.75,4270.75,4285.25,,4285.25
1651176000,4285,4286.75,4253.75,4258,,4258
1651239000,4242.5,4265.5,4232.25,4263.75,,4263.75
1651240800,4263.75,4265.25,4216.5,4218.5,,4218.5
1651242600,4218.5,4221,4206,4214.25,,4214.25
1651244400,4214,4218.75,4202.75,4216,,4216
1651246200,4216,4228,4210.75,4211.5,,4211.5
1651248000,4211.25,4212.5,4192.75,4194.75,,4194.75
1651249800,4194.75,4196.5,4178.5,4183.25,,4183.25
1651251600,4183.25,4201.25,4181.5,4193,,4193
1651253400,4193,4204.5,4182.25,4183.25,,4183.25
1651255200,4183,4187.25,4171.75,4173.75,,4173.75
1651257000,4173.75,4177.25,4155,4163.25,,4163.25
1651258800,4163.25,4164,4145.5,4147.25,,4147.25
1651260600,4147.5,4158.25,4118.75,4127.75,,4127.75
1651262400,4127.75,4142.75,4126.5,4141.25,,4141.25
1651498200,4127,4140.25,4098,4128.75,,4128.75
1651500000,4129,4156,4109.75,4150.5,,4150.5
1651501800,4150.75,4165.75,4128.75,4130.5,,4130.5
1651503600,4130.5,4132.25,4106,4111.75,,4111.75
1651505400,4111.75,4124.75,4104,4123.25,,4123.25
1651507200,4123.25,4131.75,4103.75,4121,,4121
1651509000,4121,4128.75,4092.25,4095.75,,4095.75
1651510800,4096,4106.75,4086,4092.75,,4092.75
1651512600,4092.75,4100,4075,4082.25,,4082.25
1651514400,4082,4094,4063.25,4068.75,,4068.75
1651516200,4068.5,4083,4056,4070,,4070
1651518000,4069.75,4131.5,4069,4125,,4125
1651519800,4125,4153.25,4121.25,4151.5,,4151.5
1651521600,4151.5,4156.25,4142.75,4143.75,,4143.75
1651584600,4156,4163.25,4139,4160.25,,4160.25
1651586400,4160.25,4168.25,4143.75,4163.25,,4163.25
1651588200,4163.5,4173,4145,4158.5,,4158.5
1651590000,4158.25,4191.75,4153.25,4185.75,,4185.75
1651591800,4186,4195.75,4178.75,4185.25,,4185.25
1651593600,4185.25,4193.75,4165.75,4172.5,,4172.5
1651595400,4172.75,4181,4166,4176,,4176
1651597200,4176,4193.25,4175.25,4183,,4183
1651599000,4183,4192.75,4179,4181.75,,4181.75
1651600800,4181.75,4182.25,4154.75,4155.75,,4155.75
1651602600,4156,4181,4147,4179.25,,4179.25
1651604400,4179.5,4186.25,4165.75,4172.75,,4172.75
1651606200,4172.75,4179.75,4153.75,4170.25,,4170.25
1651608000,4170.25,4182.5,4168,4173.5,,4173.5
1651671000,4176.5,4180.25,4166.25,4166.5,,4166.5
1651672800,4166.25,4167.75,4150.5,4159.25,,4159.25
1651674600,4159.25,4162.75,4148.25,4156.25,,4156.25
1651676400,4156.5,4158.5,4146,4149,,4149
1651678200,4149.25,4163.25,4142.75,4158,,4158
1651680000,4158,4177.5,4155.25,4175.75,,4175.75
1651681800,4176,4187.5,4174.5,4186.25,,4186.25
1651683600,4186.25,4191,4175,4179.25,,4179.25
1651685400,4179.5,4195.25,4175.25,4186.5,,4186.5
1651687200,4186.5,4207.75,4162.75,4194.5,,4194.5
1651689000,4194.25,4248.75,4146.75,4243.25,,4243.25
1651690800,4243.25,4277.25,4237,4276.5,,4276.5
1651692600,4276.5,4303,4276,4297,,4297
1651694400,4296.75,4297.25,4288.25,4289.25,,4289.25
1651757400,4251,4252,4216.25,4221,,4221
1651759200,4221.25,4221.75,4182.75,4186,,4186
1651761000,4186,4190,4157.25,4172.75,,4172.75
1651762800,4173,4176.5,4141.25,4152.25,,4152.25
1651764600,4152,4170.25,4127.75,4128.5,,4128.5
1651766400,4128.25,4154.5,4114.75,4145.5,,4145.5
1651768200,4145.25,4153,4125.5,4150.25,,4150.25
1651770000,4150,4169,4143.5,4154,,4154
1651771800,4153.75,4164.75,4133.25,4139.75,,4139.75
1651773600,4139.75,4157,4124.25,4124.75,,4124.75
1651775400,4124.5,4146.75,4121,4133,,4133
1651777200,4132.75,4135.75,4102,4105.25,,4105.25
1651779000,4105.25,4149,4099.25,4144.5,,4144.5
1651780800,4144.5,4153.75,4140.5,4151.25,,4151.25
1651843800,4116.5,4123.25,4062,4068.75,,4068.75
1651845600,4068.5,4121.25,4062.25,4099.25,,4099.25
1651847400,4099.5,4139.5,4081.25,4132.25,,4132.25
1651849200,4132,4153.25,4115.5,4142.25,,4142.25
1651851000,4142.5,4144.75,4100,4103.5,,4103.5
1651852800,4103.5,4136,4100,4123,,4123
1651854600,4123.5,4144.75,4113.25,4142.75,,4142.75
1651856400,4142.75,4148.75,4114.5,4125.5,,4125.5
1651858200,4125.5,4134.25,4102.75,4106,,4106
1651860000,4105.75,4112.25,4087.75,4092,,4092
1651861800,4092,4110.75,4082.5,4093.75,,4093.75
1651863600,4093.75,4099,4078,4090.75,,4090.75
1651865400,4090.75,4135,4090.25,4119,,4119
1651867200,4119,4120.75,4103.75,4104.75,,4104.75
1652103000,4055.5,4069,4037.25,4056.75,,4056.75
1652104800,4056.75,4059,4027,4029.25,,4029.25
1652106600,4029,4036,4011.25,4014.25,,4014.25
1652108400,4014,4022,4002.75,4005.75,,4005.75
1652110200,4005.75,4029.5,3997.5,4023.5,,4023.5
1652112000,4023.75,4045,4011,4036.5,,4036.5
1652113800,4036.25,4043.5,4011.5,4012,,4012
1652115600,4011.75,4023,4005.5,4020.25,,4020.25
1652117400,4020.25,4024.25,3998.25,4010,,4010
1652119200,4009.75,4020.5,4000.75,4005.5,,4005.5
1652121000,4005.5,4021,3995.5,4017.75,,4017.75
1652122800,4017.75,4030.5,3997,4001.75,,4001.75
1652124600,4001.75,4001.75,3970,3987.25,,3987.25
1652126400,3987.5,4001,3985.5,3998.25,,3998.25
1652189400,4050,4065.5,4023.25,4046,,4046
1652191200,4046.25,4055,4023.5,4029.75,,4029.75
1652193000,4029.75,4032.5,3988,3994.25,,3994.25
1652194800,3994.25,4003.75,3963.75,3978.5,,3978.5
1652196600,3978.25,3994.5,3962.25,3979,,3979
1652198400,3978.75,3989.75,3964.75,3968.75,,3968.75
1652200200,3968.75,3981.25,3953,3964,,3964
1652202000,3964,3990,3960.75,3989.5,,3989.5
1652203800,3989.5,4036,3989.5,4035.25,,4035.25
1652205600,4035.5,4037.25,4003.5,4011.5,,4011.5
1652207400,4011.75,4028,4004.25,4018,,4018
1652209200,4018,4032.25,3997.75,4002.5,,4002.5
1652211000,4002.5,4002.5,3985.25,3995,,3995
1652212800,3995.25,3999.25,3986.75,3992.5,,3992.5
1652275800,3985,4036.25,3966.25,4027.25,,4027.25
1652277600,4027,4038.75,4000.25,4031.25,,4031.25
1652279400,4031,4045,4012,4019.25,,4019.25
1652281200,4018.75,4024.5,4000,4023.5,,4023.5
1652283000,4023.75,4042.5,4012.25,4017.75,,4017.75
1652284800,4018,4021.25,3991.25,3992.5,,3992.5
1652286600,3992.5,4001.5,3972.25,3973.75,,3973.75
1652288400,3973.5,3975,3958.5,3960,,3960
1652290200,3960,3968,3936.25,3939,,3939
1652292000,3939,3978,3938.75,3964,,3964
1652293800,3964,3985.5,3955.25,3957.25,,3957.25
1652295600,3957,3961.75,3943,3951.25,,3951.25
1652297400,3951,3956.5,3923.75,3932,,3932
1652299200,3932.25,3943,3927.5,3940.75,,3940.75
1652362200,3897,3916.25,3872.75,3889.75,,3889.75
1652364000,3889.5,3941,3877,3923.25,,3923.25
1652365800,3923.5,3945.75,3910.5,3943.75,,3943.75
1652367600,3943.75,3961.75,3929,3933.5,,3933.5
1652369400,3933.5,3936.75,3890.25,3890.5,,3890.5
1652371200,3890.25,3911.75,3885,3908.25,,3908.25
1652373000,3908.25,3927.75,3901.5,3908,,3908
1652374800,3908,3914.75,3890,3896.75,,3896.75
1652376600,3896.75,3901.25,3866.75,3874,,3874
1652378400,3873.75,3883,3863.25,3873,,3873
1652380200,3873.25,3875,3855,3860.75,,3860.75
1652382000,3860.75,3906.75,3857.25,3885,,3885
1652383800,3884.75,3930,3884.25,3927.75,,3927.75
1652385600,3928,3930,3920.25,3921.25,,3921.25
1652448600,3970.75,3994.5,3959.5,3990,,3990
1652450400,3989.75,4019,3988,4013.75,,4013.75
1652452200,4013.75,4018.5,3997.25,4013,,4013
1652454000,4013,4020.5,4006.5,4019.75,,4019.75
1652455800,4019.75,4022,4011.75,4019.75,,4019.75
1652457600,4019.75,4036,4018.25,4026.5,,4026.5
1652459400,4026.5,4032,4011,4022,,4022
1652461200,4022,4026,4010,4012.75,,4012.75
1652463000,4013,4017.5,3995.25,3997.25,,3997.25
1652464800,3997.5,3997.5,3975.75,3985,,3985
1652466600,3985,4010,3984.5,4009.5,,4009.5
1652468400,4009.5,4028.25,4007.25,4027.5,,4027.5
1652470200,4027.5,4029.5,4002.5,4020.25,,4020.25
1652472000,4020.25,4020.75,4010.25,4011.5,,4011.5
1652707800,4003.25,4016.5,3979.5,3991,,3991
1652709600,3991,4022,3980,4020,,4020
1652711400,4019.75,4021.25,3987.5,3989,,3989
1652713200,3989.25,4002.25,3983.5,3995,,3995
1652715000,3995.25,4021,3986.75,4018.25,,4018.25
1652716800,4018.5,4024.5,4002.75,4007.5,,4007.5
1652718600,4007.5,4015,3998,4002,,4002
1652720400,4001.75,4027,3997.25,4026,,4026
1652722200,4025.75,4032,4020.25,4024.25,,4024.25
1652724000,4024,4040,4018.75,4039.5,,4039.5
1652725800,4039.75,4043.5,4027.25,4034.25,,4034.25
1652727600,4034.25,4038,4010,4014,,4014
1652729400,4014,4016.75,3997,4006.5,,4006.5
1652731200,4006.25,4007.5,4000.5,4003.5,,4003.5
1652794200,4069.5,4070,4047.75,4056,,4056
1652796000,4055.75,4065.5,4045,4046.25,,4046.25
1652797800,4046.25,4051,4029.75,4041.75,,4041.75
1652799600,4041.75,4058,4040.25,4055.75,,4055.75
1652801400,4056,4064.5,4054,4058.5,,4058.5
1652803200,4058.5,4066,4050,4062.75,,4062.75
1652805000,4062.75,4073.25,4060.25,4066.5,,4066.5
1652806800,4066.5,4075.5,4058.5,4068.5,,4068.5
1652808600,4068.75,4073.25,4065.5,4067,,4067
1652810400,4067,4079.25,4039,4051,,4051
1652812200,4051,4081.5,4041.25,4074.5,,4074.5
1652814000,4074.5,4089.75,4073.5,4084.75,,4084.75
1652815800,4084.75,4087.75,4070.75,4086.25,,4086.25
1652817600,4086.25,4089.25,4082.25,4088.75,,4088.75
1652880600,4038.25,4041.5,4012,4015,,4015
1652882400,4014.75,4024.25,4007.5,4007.75,,4007.75
1652884200,4007.75,4014.75,4002.75,4010.5,,4010.5
1652886000,4010.75,4011,3971,3973.5,,3973.5
1652887800,3973.25,3985.25,3965.75,3968,,3968
1652889600,3968,3971.25,3955.25,3959.5,,3959.5
1652891400,3959.5,3974.75,3956.25,3973.75,,3973.75
1652893200,3973.5,3973.75,3942.25,3946.75,,3946.75
1652895000,3946.5,3952.25,3927.5,3933.25,,3933.25
1652896800,3933,3941.5,3926.25,3940.25,,3940.25
1652898600,3940,3942,3917.25,3920.25,,3920.25
1652900400,3920,3930,3910,3911.5,,3911.5
1652902200,3911.5,3930.5,3908,3923.75,,3923.75
1652904000,3923.75,3927.5,3907.75,3910.75,,3910.75
1652967000,3888.25,3920.5,3874,3889.25,,3889.25
1652968800,3888.75,3922,3884.75,3898.5,,3898.5
1652970600,3898.75,3910,3881.25,3895.75,,3895.75
1652972400,3895.5,3907,3885.25,3898.5,,3898.5
1652974200,3898.5,3936,3898.5,3921.5,,3921.5
1652976000,3921.75,3932.75,3910.25,3919.75,,3919.75
1652977800,3919.75,3922,3891,3902,,3902
1652979600,3902,3908.75,3885.75,3898.75,,3898.75
1652981400,3899,3925,3887,3920,,3920
1652983200,3919.75,3921.5,3902.5,3911.5,,3911.5
1652985000,3911.5,3934.25,3906.75,3930.75,,3930.75
1652986800,3931,3943.5,3900.25,3901,,3901
1652988600,3901.25,3913.75,3892.75,3897,,3897
1652990400,3896.75,3898,3889.75,3898,,3898
1653053400,3935.5,3941,3919,3930.25,,3930.25
1653055200,3930.25,3935.5,3901,3913.25,,3913.25
1653057000,3913.25,3914,3877,3878,,3878
1653058800,3877.75,3882,3857,3868,,3868
1653060600,3867.75,3876.75,3861.5,3864.25,,3864.25
1653062400,3864.25,3866,3837.75,3846.75,,3846.75
1653064200,3846.75,3851.5,3821,3832,,3832
1653066000,3831.75,3832.75,3808.25,3808.75,,3808.75
1653067800,3808.75,3843,3807.5,3837,,3837
1653069600,3837,3840.25,3818.25,3826,,3826
1653071400,3826,3850.5,3815.25,3837.25,,3837.25
1653073200,3837.5,3854.75,3825.25,3854.5,,3854.5
1653075000,3854.75,3901.75,3846.5,3898.25,,3898.25
1653076800,3898.25,3905,3891.5,3897.25,,3897.25
1653312600,3931,3947,3913.5,3924.75,,3924.75
1653314400,3924.75,3943.25,3906.5,3943,,3943
1653316200,3943,3953.25,3930,3941.5,,3941.5
1653318000,3941.5,3964.25,3937.75,3962,,3962
1653319800,3962,3973.5,3960.25,3967.25,,3967.25
1653321600,3967.5,3979,3964.75,3968.25,,3968.25
1653323400,3968.25,3972.5,3955.75,3962.75,,3962.75
1653325200,3962.75,3963.25,3942.75,3954.25,,3954.25
1653327000,3954.25,3971.25,3950.25,3970.25,,3970.25
1653328800,3970,3976.25,3964.5,3971.5,,3971.5
1653330600,3971.5,3980.5,3963.75,3965.25,,3965.25
1653332400,3965.25,3975.5,3958.75,3964.25,,3964.25
1653334200,3964.25,3973.75,3952.25,3972,,3972
1653336000,3972.25,3982.25,3972,3976,,3976
1653399000,3928,3938.5,3908.75,3910.25,,3910.25
1653400800,3910.25,3912,3876.75,3892.25,,3892.25
1653402600,3892.5,3892.5,3872,3883.25,,3883.25
1653404400,3883.25,3892.25,3875.75,3888.25,,3888.25
1653406200,3888.25,3913,3881.75,3905,,3905
1653408000,3904.75,3928.75,3900,3910.25,,3910.25
1653409800,3910.25,3913.25,3894,3904.75,,3904.75
1653411600,3904.5,3904.75,3890,3902.5,,3902.5
1653413400,3902.5,3922.75,3894,3917.5,,3917.5
1653415200,3917.5,3935,3909.25,3921.75,,3921.75
1653417000,3921.5,3933.75,3902.5,3910.75,,3910.75
1653418800,3910.75,3931.75,3909.25,3930.25,,3930.25
1653420600,3930,3954.5,3927.25,3943.25,,3943.25
1653422400,3943.5,3951,3942.25,3947.5,,3947.5
1653485400,3925,3956.25,3921.5,3947.5,,3947.5
1653487200,3947.5,3967.5,3937.75,3967,,3967
1653489000,3967,3977.5,3959,3966.75,,3966.75
1653490800,3966.75,3967.75,3955.75,3962,,3962
1653492600,3962,3962.25,3944.25,3954.5,,3954.5
1653494400,3954.75,3960.5,3934.5,3940.25,,3940.25
1653496200,3940.25,3948.25,3934,3947.25,,3947.25
1653498000,3947,3949.25,3935.75,3947.25,,3947.25
1653499800,3947.5,3954.75,3945,3947.5,,3947.5
1653501600,3947.75,3973.75,3928.5,3972,,3972
1653503400,3972,3982,3966.25,3979.75,,3979.75
1653505200,3979.75,3997.75,3977.5,3988.5,,3988.5
1653507000,3988.5,3993.5,3967.25,3979,,3979
1653508800,3979,3979.5,3969,3971.5,,3971.5
1653571800,3989.25,4030.5,3987.5,4028.25,,4028.25
1653573600,4028,4042.75,4026.5,4035.75,,4035.75
1653575400,4036,4043,4031.25,4042.75,,4042.75
1653577200,4042.75,4052,4041.5,4045.25,,4045.25
1653579000,4045.25,4049.75,4039.75,4046.75,,4046.75
1653580800,4047,4060,4045,4060,,4060
1653582600,4059.75,4066.75,4056.25,4066.25,,4066.25
1653584400,4066.25,4073.25,4057.5,4059,,4059
1653586200,4059.25,4066.5,4058.25,4065.5,,4065.5
1653588000,4065.5,4069.25,4060.25,4064.25,,4064.25
1653589800,4064.25,4065.75,4056.75,4063,,4063
1653591600,4062.75,4063.75,4048.25,4053.75,,4053.75
1653593400,4053.75,4073.5,4052.25,4055.5,,4055.5
1653595200,4055.75,4056.75,4046.5,4048.25,,4048.25
1653658200,4081.5,4118.75,4079.5,4113.25,,4113.25
1653660000,4113,4126,4109.25,4119.75,,4119.75
1653661800,4120,4123.75,4111.25,4112.5,,4112.5
1653663600,4112.5,4124.25,4108,4121,,4121
1653665400,4121.25,4129.5,4119,4128.25,,4128.25
1653667200,4128.25,4132,4122.5,4126.75,,4126.75
1653669000,4126.75,4129,4121,4127.25,,4127.25
1653670800,4127.25,4131.25,4124.75,4126.75,,4126.75
1653672600,4127,4129.25,4122,4125.75,,4125.75
1653674400,4125.75,4130,4122.5,4128,,4128
1653676200,4128,4135.25,4126.75,4134.25,,4134.25
1653678000,4134.25,4148,4133,4146.5,,4146.5
1653679800,4146.75,4157.25,4139.25,4156.25,,4156.25
1653681600,4156.25,4162.25,4153.25,4160.5,,4160.5
1654003800,4138,4141.5,4105,4114.5,,4114.5
1654005600,4114.25,4133.5,4102.75,4120,,4120
1654007400,4120,4137.5,4118.75,4131.75,,4131.75
1654009200,4131.75,4138.5,4116.5,4119,,4119
1654011000,4119,4151.75,4115,4148.75,,4148.75
1654012800,4148.75,4158.5,4137.5,4146.25,,4146.25
1654014600,4146,4160.5,4143.5,4154.5,,4154.5
1654016400,4154.5,4159.25,4139,4142.25,,4142.25
1654018200,4142.25,4166.25,4141,4165,,4165
1654020000,4165,4167.75,4152.5,4157.25,,4157.25
1654021800,4157.5,4159.5,4125,4133.25,,4133.25
1654023600,4133,4148.5,4123.25,4146,,4146
1654025400,4146,4155.5,4126.75,4132.25,,4132.25
1654027200,4132.25,4135.25,4123.25,4129,,4129
1654090200,4154.25,4165,4142,4150.5,,4150.5
1654092000,4150.75,4155,4105,4105.25,,4105.25
1654093800,4105.5,4113,4093.25,4110,,4110
1654095600,4109.75,4110.25,4081.75,4090,,4090
1654097400,4090,4093,4075.75,4078.5,,4078.5
1654099200,4078.5,4086.75,4072.75,4077.75,,4077.75
1654101000,4077.75,4088,4071.5,4082.25,,4082.25
1654102800,4082.25,4098.25,4080,4094.5,,4094.5
1654104600,4094.75,4106.5,4090.25,4100.5,,4100.5
1654106400,4100.75,4123.5,4099.25,4119.25,,4119.25
1654108200,4119.25,4125.5,4110.75,4113.75,,4113.75
1654110000,4113.75,4127.75,4107.75,4119.5,,4119.5
1654111800,4119.5,4126.75,4097.5,4098.25,,4098.25
1654113600,4098.5,4102.25,4094.25,4099,,4099
1654176600,4096.5,4099,4075,4084,,4084
1654178400,4083.75,4108,4072.25,4081.5,,4081.5
1654180200,4081.5,4100.75,4078,4099.5,,4099.5
1654182000,4099.5,4122,4097.75,4118.75,,4118.75
1654183800,4118.75,4136,4110,4125.25,,4125.25
1654185600,4125.5,4142.25,4122.75,4142,,4142
1654187400,4142,4149,4139.5,4145.25,,4145.25
1654189200,4145.5,4148.5,4138.5,4145.75,,4145.75
1654191000,4145.5,4154.75,4144.5,4152.75,,4152.75
1654192800,4152.75,4159.25,4149.25,4154.5,,4154.5
1654194600,4154.5,4160.5,4148.5,4149.25,,4149.25
1654196400,4149.25,4163,4148.25,4155.5,,4155.5
1654198200,4155.5,4176.5,4154.25,4175.75,,4175.75
1654200000,4175.75,4176.75,4169.5,4170,,4170
1654263000,4125.5,4141.75,4115.5,4133,,4133
1654264800,4133.25,4142.25,4122.25,4126.5,,4126.5
1654266600,4126.5,4129.25,4109,4114.5,,4114.5
1654268400,4114.5,4115.5,4096.75,4102,,4102
1654270200,4102.25,4113.5,4099.25,4106,,4106
1654272000,4106,4115,4099,4113,,4113
1654273800,4113,4124.25,4109.25,4123.25,,4123.25
1654275600,4123.25,4134.5,4110.5,4116.75,,4116.75
1654277400,4117,4118.75,4105.5,4109.25,,4109.25
1654279200,4109.5,4123,4104.5,4122.5,,4122.5
1654281000,4122.5,4122.75,4108.25,4117.25,,4117.25
1654282800,4117.5,4119.75,4100.5,4111.5,,4111.5
1654284600,4111.25,4114.25,4100,4108,,4108
1654286400,4108.25,4113.75,4103.5,4112.75,,4112.75
1654522200,4149.75,4157.25,4138.75,4153.5,,4153.5
1654524000,4153.75,4168.25,4152.25,4161.5,,4161.5
1654525800,4161.5,4167.25,4157.25,4163,,4163
1654527600,4163.25,4167.25,4129.5,4136.25,,4136.25
1654529400,4136.25,4144.5,4130.75,4139.25,,4139.25
1654531200,4139.25,4140,4113.5,4115,,4115
1654533000,4115.25,4127.25,4110.25,4126,,4126
1654534800,4126,4126,4115,4121.5,,4121.5
1654536600,4121.5,4140,4119.75,4139.75,,4139.75
1654538400,4140,4140,4117,4119.5,,4119.5
1654540200,4119.5,4124.75,4110.25,4120.25,,4120.25
1654542000,4120.5,4124,4107.25,4112.5,,4112.5
1654543800,4112.5,4126,4107.25,4119.25,,4119.25
1654545600,4119.5,4120.5,4116.25,4116.75,,4116.75
1654608600,4082.5,4107,4077.75,4098.75,,4098.75
1654610400,4098.75,4116.75,4091,4115,,4115
1654612200,4115.25,4138.25,4113.5,4132.5,,4132.5
1654614000,4132.25,4135.75,4117.25,4119.5,,4119.5
1654615800,4119.5,4121.75,4110.5,4119.5,,4119.5
1654617600,4119.5,4121.75,4108.25,4115.25,,4115.25
1654619400,4115.25,4128.5,4112.5,4126.75,,4126.75
1654621200,4126.75,4138,4124.25,4135.5,,4135.5
1654623000,4135.75,4137.75,4132,4133,,4133
1654624800,4133.25,4149,4131.25,4146.5,,4146.5
1654626600,4146.5,4151.25,4135.5,4143,,4143
1654628400,4143.25,4151.75,4141.75,4150.75,,4150.75
1654630200,4150.75,4164,4149,4158.75,,4158.75
1654632000,4158.75,4159,4152.5,4155.25,,4155.25
1654695000,4141,4160,4128.25,4154.5,,4154.5
1654696800,4154.5,4156.25,4134.5,4145.75,,4145.75
1654698600,4145.75,4155.5,4139.75,4143.25,,4143.25
1654700400,4143.25,4157.75,4138.25,4154.25,,4154.25
1654702200,4154.25,4158.75,4147.75,4149.75,,4149.75
1654704000,4150,4155.75,4136.25,4141.75,,4141.75
1654705800,4141.75,4142,4117,4128.75,,4128.75
1654707600,4128.75,4129,4119.25,4119.5,,4119.5
1654709400,4119.5,4121.25,4108,4116.75,,4116.75
1654711200,4116.75,4121.75,4106.25,4110.75,,4110.75
1654713000,4110.75,4119.25,4105.5,4113.75,,4113.75
1654714800,4113.75,4124.5,4105.25,4121.75,,4121.75
1654716600,4121.75,4126.5,4109.5,4114.25,,4114.25
1654718400,4114.5,4117.5,4111.25,4117.25,,4117.25
1654781400,4094.5,4118,4085,4117.75,,4117.75
1654783200,4117.5,4118.25,4091,4108,,4108
1654785000,4108,4114.5,4087.25,4094.5,,4094.5
1654786800,4094.75,4096,4081.75,4089.5,,4089.5
1654788600,4089.25,4104.5,4085.25,4095.25,,4095.25
1654790400,4095.5,4098.5,4083.75,4096,,4096
1654792200,4096,4106.25,4093,4104.5,,4104.5
1654794000,4104.25,4110.25,4092.25,4094.25,,4094.25
1654795800,4094,4096,4083.75,4095.5,,4095.5
1654797600,4095.5,4095.5,4079.5,4084.75,,4084.75
1654799400,4085,4085,4066.5,4067,,4067
1654801200,4067,4068,4045.5,4045.75,,4045.75
1654803000,4045.75,4047.25,4014.75,4015,,4015
1654804800,4015.25,4020,4014.75,4020,,4020
1654867800,3949.5,3958.25,3929,3934.5,,3934.5
1654869600,3934.25,3934.25,3901.75,3903,,3903
1654871400,3903,3925,3902,3908.25,,3908.25
1654873200,3908.25,3916.25,3901.5,3904,,3904
1654875000,3904,3912.75,3898.5,3910.25,,3910.25
1654876800,3910.25,3918.75,3903,3909,,3909
1654878600,3909.25,3914.75,3900.5,3905.75,,3905.75
1654880400,3905.5,3916.25,3899,3915.25,,3915.25
1654882200,3915.5,3928,3905.75,3916,,3916
1654884000,3916.25,3926.75,3908.25,3918,,3918
1654885800,3918.25,3934.5,3913,3931,,3931
1654887600,3931.25,3942.5,3916.25,3933.75,,3933.75
1654889400,3934,3937.25,3897,3898,,3898
1654891200,3897.75,3908.75,3895.25,3908,,3908
1655127000,3797.5,3818,3791.5,3798,,3798
1655128800,3798,3807.25,3769,3771.5,,3771.5
1655130600,3771.5,3780.5,3754.25,3760.75,,3760.75
1655132400,3761,3783.5,3749,3773.75,,3773.75
1655134200,3773.5,3792.75,3766.75,3782.5,,3782.5
1655136000,3782.5,3796.25,3778,3790,,3790
1655137800,3790.25,3813.75,3780.5,3781.5,,3781.5
1655139600,3781.75,3782,3770.25,3774.75,,3774.75
1655141400,3774.75,3800,3768.75,3793.5,,3793.5
1655143200,3793.25,3793.75,3771.25,3776.5,,3776.5
1655145000,3776.5,3790,3766.75,3769,,3769
1655146800,3769.25,3780.75,3749.5,3750.25,,3750.25
1655148600,3750,3758.25,3732.5,3750.25,,3750.25
1655150400,3750.25,3759.75,3741.25,3752.75,,3752.75
1655213400,3771,3778.75,3747,3777,,3777
1655215200,3777,3782,3742.75,3743.75,,3743.75
1655217000,3743.75,3764,3733.5,3754,,3754
1655218800,3754,3762.25,3734,3743.75,,3743.75
1655220600,3743.75,3756.25,3737.25,3752.25,,3752.25
1655222400,3752.5,3753,3732.75,3738.5,,3738.5
1655224200,3738.5,3743.5,3728.25,3742.75,,3742.75
1655226000,3742.75,3767.5,3738.25,3751.25,,3751.25
1655227800,3751.25,3753.25,3729.25,3734.5,,3734.5
1655229600,3734.75,3747.5,3733.5,3738.75,,3738.75
1655231400,3738.75,3742.5,3723,3724.75,,3724.75
1655233200,3725,3729,3708.5,3727,,3727
1655235000,3727,3753.5,3726,3741.75,,3741.75
1655236800,3741.75,3744,3733.5,3735,,3735
1655299800,3776.25,3794,3769.5,3788.75,,3788.75
1655301600,3788.75,3797.75,3783.75,3788.25,,3788.25
1655303400,3788.5,3789,3766.75,3775.5,,3775.5
1655305200,3775.5,3777.75,3763.5,3769.75,,3769.75
1655307000,3770,3778,3767,3777,,3777
1655308800,3777.25,3785.25,3773.5,3783.25,,3783.25
1655310600,3783.25,3786.25,3762.5,3764,,3764
1655312400,3764.25,3778.75,3763.5,3777.25,,3777.25
1655314200,3777.25,3789.75,3764.25,3783.75,,3783.75
1655316000,3784.5,3803.5,3740,3750.5,,3750.5
1655317800,3750.75,3829.75,3723.5,3784.75,,3784.75
1655319600,3784.75,3827.25,3781.5,3826.25,,3826.25
1655321400,3826.5,3843,3786.5,3795.5,,3795.5
1655323200,3795.5,3798.5,3788.75,3790.25,,3790.25
1655386200,3707.5,3711.75,3682.75,3690,,3690
1655388000,3690,3693.25,3676,3691,,3691
1655389800,3691.25,3693,3658.75,3661.5,,3661.5
1655391600,3661.5,3689.5,3660.5,3683.25,,3683.25
1655393400,3683.25,3684.25,3667.5,3680.25,,3680.25
1655395200,3680,3681.75,3664,3677.75,,3677.75
1655397000,3678,3682.75,3667.5,3678.25,,3678.25
1655398800,3678.25,3691,3671.75,3686,,3686
1655400600,3686,3689,3659.5,3659.5,,3659.5
1655402400,3659.5,3665.25,3653,3653.5,,3653.5
1655404200,3653.25,3665.25,3642,3649.5,,3649.5
1655406000,3649.25,3676,3647.5,3670.5,,3670.5
1655407800,3670.5,3675.75,3649.25,3673.5,,3673.5
1655409600,3673.75,3679,3665.25,3678.75,,3678.75
1655472600,3672.5,3711.75,3671.25,3702,,3702
1655474400,3702,3704,3659,3663.5,,3663.5
1655476200,3663.5,3667.75,3639,3653,,3653
1655478000,3653.25,3687,3645.75,3682.75,,3682.75
1655479800,3682.75,3691,3662.25,3666,,3666
1655481600,3666,3678.75,3658.25,3676,,3676
1655483400,3675.75,3680.5,3667.75,3675,,3675
1655485200,3675.25,3706.25,3672.25,3690.75,,3690.75
1655487000,3690.75,3696.75,3680.5,3690.75,,3690.75
1655488800,3691,3705,3689.25,3696.25,,3696.25
1655490600,3696,3708.75,3688,3693,,3693
1655492400,3692.75,3700.75,3674.75,3697.75,,3697.75
1655494200,3697.75,3699,3673.25,3675.25,,3675.25
1655496000,3675.5,3687.5,3674.75,3679.5,,3679.5
1655818200,3736.25,3767.75,3735.5,3766.5,,3766.5
1655820000,3766.5,3773.75,3762,3769.5,,3769.5
1655821800,3769.5,3781.25,3768,3779.5,,3779.5
1655823600,3779.5,3781.25,3769.25,3770.5,,3770.5
1655825400,3770.5,3775,3760.25,3760.25,,3760.25
1655827200,3760.5,3768,3757.25,3765.75,,3765.75
1655829000,3765.75,3774.75,3763.75,3774,,3774
1655830800,3774.25,3778,3769,3770.25,,3770.25
1655832600,3770.5,3775.5,3765.75,3766.75,,3766.75
1655834400,3767,3772.25,3763.5,3771,,3771
1655836200,3771,3780,3765,3779,,3779
1655838000,3779.25,3783.75,3775.25,3778,,3778
1655839800,3778,3780,3764.5,3768.5,,3768.5
1655841600,3768.5,3768.75,3763.75,3767.25,,3767.25
1655904600,3724,3762.5,3719.25,3753,,3753
1655906400,3752.75,3788,3745.25,3786.25,,3786.25
1655908200,3786,3797.75,3781,3785.75,,3785.75
1655910000,3785.75,3788.25,3772,3785,,3785
1655911800,3785,3795,3763.5,3764.5,,3764.5
1655913600,3764.5,3776.75,3758.75,3773,,3773
1655915400,3772.75,3783,3771.75,3782.5,,3782.5
1655917200,3782.25,3791.75,3772.75,3788.75,,3788.75
1655919000,3788.75,3792.25,3780.5,3789,,3789
1655920800,3789,3805.5,3787.75,3791.5,,3791.5
1655922600,3791.5,3794,3782.75,3790.5,,3790.5
1655924400,3790.5,3794,3773,3775.5,,3775.5
1655926200,3775.5,3778.75,3759.25,3760.75,,3760.75
1655928000,3760.75,3768,3760.25,3766.25,,3766.25
1655991000,3783.75,3791.5,3765,3787.25,,3787.25
1655992800,3787.25,3793.25,3770.5,3781.25,,3781.25
1655994600,3781.5,3798.75,3775,3795.75,,3795.75
1655996400,3796,3799.75,3785,3786.75,,3786.75
1655998200,3786.75,3790,3767.75,3769.25,,3769.25
1656000000,3769.25,3771.25,3755.75,3763.25,,3763.25
1656001800,3763.25,3766,3747.75,3752.75,,3752.75
1656003600,3752.75,3763.5,3745.75,3755.5,,3755.5
1656005400,3755.75,3766.75,3750.25,3765.25,,3765.25
1656007200,3765.5,3773.25,3762.25,3772,,3772
1656009000,3772,3782.25,3771.5,3778.75,,3778.75
1656010800,3778.75,3789,3774.25,3786.5,,3786.5
1656012600,3786.5,3805.75,3786.25,3798.75,,3798.75
1656014400,3798.5,3799,3788.25,3788.75,,3788.75
1656077400,3831.75,3859,3831,3855.75,,3855.75
1656079200,3855.75,3889.75,3855.75,3883.25,,3883.25
1656081000,3883.5,3886.75,3875,3883,,3883
1656082800,3883,3890,3877.75,3887.25,,3887.25
1656084600,3887.25,3890.75,3883,3888.25,,3888.25
1656086400,3888.25,3893.25,3886,3887.25,,3887.25
1656088200,3887.25,3891.75,3883.75,3890.75,,3890.75
1656090000,3890.75,3894.75,3889.25,3891,,3891
1656091800,3891,3893.25,3886.5,3888.25,,3888.25
1656093600,3888.5,3893.25,3886.25,3891.75,,3891.75
1656095400,3892,3897.75,3891,3897.25,,3897.25
1656097200,3897.25,3900,3895,3899.5,,3899.5
1656099000,3899.5,3919.5,3895.75,3919,,3919
1656100800,3919.25,3919.75,3907.5,3908.75,,3908.75
1656336600,3928.75,3931.75,3893.5,3899.5,,3899.5
1656338400,3899.5,3916.75,3898,3900,,3900
1656340200,3900,3927,3899,3922,,3922
1656342000,3922.25,3929.75,3912.25,3927.5,,3927.5
1656343800,3927.5,3929.75,3918.5,3924.25,,3924.25
1656345600,3924.25,3925.75,3908,3909.75,,3909.75
1656347400,3909.75,3918,3903.25,3916.5,,3916.5
1656349200,3916.5,3917.75,3904.5,3910.5,,3910.5
1656351000,3910.5,3911,3899,3902.25,,3902.25
1656352800,3902.25,3910,3897.75,3904,,3904
1656354600,3904,3911.75,3901.5,3904,,3904
1656356400,3904,3910.5,3892.5,3906.5,,3906.5
1656358200,3906.5,3910.5,3892.5,3905.5,,3905.5
1656360000,3905.75,3910.5,3904.5,3908,,3908
1656423000,3920.25,3950,3919,3937.5,,3937.5
1656424800,3937.5,3941.5,3912.25,3913.75,,3913.75
1656426600,3914,3914.75,3895,3906,,3906
1656428400,3905.75,3908.25,3875.5,3875.75,,3875.75
1656430200,3875.75,3880.5,3856.5,3858.75,,3858.75
1656432000,3858.75,3866.75,3851.25,3866.75,,3866.75
1656433800,3866.75,3871.5,3857.25,3863.25,,3863.25
1656435600,3863,3863.5,3843,3853.25,,3853.25
1656437400,3853.5,3854.75,3844,3848.5,,3848.5
1656439200,3848.75,3855.75,3833,3836.25,,3836.25
1656441000,3836.25,3837.75,3825,3832.5,,3832.5
1656442800,3832.5,3836.75,3825,3832.25,,3832.25
1656444600,3832.5,3835.5,3823,3825.25,,3825.25
1656446400,3825.25,3828.25,3821.75,3825.25,,3825.25
1656509400,3830,3836.75,3801.25,3828,,3828
1656511200,3827.75,3840,3813.5,3828.75,,3828.75
1656513000,3828.5,3839.25,3818.25,3825.75,,3825.75
1656514800,3825.5,3828,3809.25,3816.75,,3816.75
1656516600,3816.75,3828.75,3813.75,3822.5,,3822.5
1656518400,3822.5,3824.5,3801.5,3802.75,,3802.75
1656520200,3803,3816.25,3802.25,3813,,3813
1656522000,3813,3821.5,3804.5,3812.75,,3812.75
1656523800,3813,3826.5,3808.5,3825.5,,3825.5
1656525600,3825.5,3834.5,3824,3830.5,,3830.5
1656527400,3830.5,3831,3814,3818,,3818
1656529200,3818,3832.75,3812.5,3832,,3832
1656531000,3832.25,3832.5,3812.25,3820.5,,3820.5
1656532800,3820.75,3824.25,3817.5,3817.75,,3817.75
1656595800,3778,3786.25,3746.25,3749.25,,3749.25
1656597600,3749.25,3756.5,3741.25,3750.75,,3750.75
1656599400,3751,3775,3748.25,3773.75,,3773.75
1656601200,3773.5,3794.5,3764.25,3788.5,,3788.5
1656603000,3788.75,3800,3780,3799.5,,3799.5
1656604800,3799.5,3815,3785.25,3814.5,,3814.5
1656606600,3814.75,3822.75,3806.75,3811.75,,3811.75
1656608400,3812,3817.5,3793,3806,,3806
1656610200,3806.25,3821,3802,3814.5,,3814.5
1656612000,3814.25,3817.25,3794.5,3803.75,,3803.75
1656613800,3803.75,3806.25,3783.25,3788.25,,3788.25
1656615600,3788.5,3791.75,3766.75,3790.5,,3790.5
1656617400,3790.75,3803,3770.5,3789.5,,3789.5
1656619200,3789.5,3794.5,3777.75,3779.5,,3779.5
1656682200,3781,3813.25,3773.5,3802.75,,3802.75
1656684000,3803.5,3816.75,3764,3765.75,,3765.75
1656685800,3766,3777.25,3753.5,3769.5,,3769.5
1656687600,3769.5,3791,3761.75,3778.5,,3778.5
1656689400,3778.5,3788.75,3766,3769.75,,3769.75
1656691200,3769.75,3786.25,3764.5,3784,,3784
1656693000,3784.25,3787.5,3772.25,3772.5,,3772.5
1656694800,3772.25,3784.25,3770.25,3783.5,,3783.5
1656696600,3783.75,3799.25,3782.75,3798.25,,3798.25
1656698400,3798.5,3811.25,3789,3806,,3806
1656700200,3806.25,3818.25,3806,3815.25,,3815.25
1656702000,3815.25,3823,3805.25,3818.25,,3818.25
1656703800,3818.25,3833.5,3818,3828,,3828
1656705600,3828,3830.25,3825,3825.5,,3825.5
1657027800,3774.5,3778.75,3747.5,3753.5,,3753.5
1657029600,3753.25,3766.25,3744,3759.75,,3759.75
1657031400,3759.75,3777.75,3752.25,3756.25,,3756.25
1657033200,3756.25,3757.25,3745.5,3752.25,,3752.25
1657035000,3752.25,3773,3749.25,3767.5,,3767.5
1657036800,3767.75,3786.5,3763.75,3781.75,,3781.75
1657038600,3782,3784.75,3767.25,3769.5,,3769.5
1657040400,3769.5,3789.75,3768.5,3785.5,,3785.5
1657042200,3785.5,3796,3782.25,3790,,3790
1657044000,3790.25,3807,3787.75,3805,,3805
1657045800,3805,3820.75,3805,3814.5,,3814.5
1657047600,3814.5,3830,3808.25,3826.75,,3826.75
1657049400,3826.75,3835.75,3821.75,3835.5,,3835.5
1657051200,3835.5,3835.75,3828.5,3830.5,,3830.5
1657114200,3836.75,3852.25,3823.5,3836.5,,3836.5
1657116000,3837,3850.5,3822,3837.5,,3837.5
1657117800,3837.5,3841,3824.25,3831.5,,3831.5
1657119600,3831.75,3832.75,3817.25,3821,,3821
1657121400,3821.25,3824.25,3811.5,3822.75,,3822.75
1657123200,3822.75,3824.75,3814.25,3821.75,,3821.75
1657125000,3822,3826.5,3819,3825.25,,3825.25
1657126800,3825.25,3835.75,3824.75,3829.5,,3829.5
1657128600,3829.25,3836.75,3828,3834.75,,3834.75
1657130400,3834.75,3848.5,3822.25,3847,,3847
1657132200,3847.25,3867,3843.5,3861.5,,3861.5
1657134000,3861.75,3870,3851,3868.75,,3868.75
1657135800,3869,3875,3841,3849.5,,3849.5
1657137600,3849.5,3853.75,3848,3852.25,,3852.25
1657200600,3867,3891.75,3866.5,3889.75,,3889.75
1657202400,3889.75,3890,3876.25,3884.5,,3884.5
1657204200,3884.5,3894,3881.25,3889.5,,3889.5
1657206000,3889.5,3896.25,3886,3887.25,,3887.25
1657207800,3887.25,3895.5,3885.5,3894.5,,3894.5
1657209600,3894.75,3897.25,3892.25,3895.75,,3895.75
1657211400,3896,3900,3892.5,3896.25,,3896.25
1657213200,3896.25,3897.75,3890,3890.5,,3890.5
1657215000,3890.75,3900.75,3889.25,3900,,3900
1657216800,3900,3905.75,3899.25,3905.5,,3905.5
1657218600,3905.5,3905.5,3899,3904.25,,3904.25
1657220400,3904.5,3914.25,3903.5,3906.25,,3906.25
1657222200,3906.25,3911.25,3901.25,3904.75,,3904.75
1657224000,3904.75,3904.75,3900,3900.25,,3900.25
1657287000,3887.5,3900.75,3873.5,3878.25,,3878.25
1657288800,3878.25,3908.75,3871.5,3906.25,,3906.25
1657290600,3906.5,3913.75,3902.25,3910.5,,3910.5
1657292400,3910.5,3922,3908.25,3918.75,,3918.75
1657294200,3919,3921.5,3905.75,3915,,3915
1657296000,3915,3915.5,3895,3895.25,,3895.25
1657297800,3895.25,3897.25,3885.25,3886.75,,3886.75
1657299600,3887,3898.75,3881.5,3898.25,,3898.25
1657301400,3898.25,3906,3894.5,3900.25,,3900.25
1657303200,3900,3911.75,3896.25,3911.25,,3911.25
1657305000,3911.25,3918,3908.5,3915.75,,3915.75
1657306800,3915.75,3919.25,3909,3911,,3911
1657308600,3911.25,3912.5,3899.5,3902,,3902
1657310400,3902,3906,3899.25,3905.75,,3905.75
1657546200,3873.25,3884,3851.5,3861.25,,3861.25
1657548000,3861,3865,3851.25,3857.75,,3857.75
1657549800,3857.75,3870,3855.25,3855.5,,3855.5
1657551600,3855.75,3867.5,3854.5,3865.25,,3865.25
1657553400,3865.25,3868.5,3854.75,3860.5,,3860.5
1657555200,3860.25,3864.5,3857,3861.75,,3861.75
1657557000,3861.75,3867.5,3859.25,3865,,3865
1657558800,3865,3877.25,3863.75,3876.25,,3876.25
1657560600,3876.25,3883.25,3875.5,3879.25,,3879.25
1657562400,3879.25,3879.75,3867,3867.5,,3867.5
1657564200,3867.75,3872,3860.5,3860.75,,3860.75
1657566000,3860.5,3862.5,3853.25,3857,,3857
1657567800,3857.25,3860,3850,3857.75,,3857.75
1657569600,3858,3864,3857.25,3862.75,,3862.75
1657632600,3851,3876.5,3850.25,3852.25,,3852.25
1657634400,3852,3854,3840,3844.5,,3844.5
1657636200,3844.5,3857.5,3844,3855.5,,3855.5
1657638000,3855.5,3866.5,3849.75,3865.5,,3865.5
1657639800,3865.75,3868.5,3853.5,3858.25,,3858.25
1657641600,3858,3862.5,3854.25,3861.75,,3861.75
1657643400,3861.75,3867.5,3858.5,3863.25,,3863.25
1657645200,3863.5,3869,3851.75,3856,,3856
1657647000,3856,3861.25,3854,3859.25,,3859.25
1657648800,3859.25,3860.25,3852,3853.5,,3853.5
1657650600,3853.25,3854.75,3840,3840,,3840
1657652400,3840.25,3840.25,3816,3817.5,,3817.5
1657654200,3817.5,3825.5,3804.75,3824,,3824
1657656000,3824.25,3824.75,3818.25,3821.75,,3821.75
1657719000,3765.5,3796,3760.5,3790.25,,3790.25
1657720800,3790.25,3793,3764.75,3779.75,,3779.75
1657722600,3779.75,3816.75,3776,3810.5,,3810.5
1657724400,3810.5,3823.75,3802.25,3802.75,,3802.75
1657726200,3802.75,3809.75,3794.5,3802.25,,3802.25
1657728000,3802.5,3813.75,3800.75,3812.75,,3812.75
1657729800,3813,3823.25,3810.25,3823,,3823
1657731600,3823.25,3834.75,3816.5,3822,,3822
1657733400,3822.25,3826.25,3814,3823.5,,3823.5
1657735200,3823.5,3823.75,3800.25,3819,,3819
1657737000,3819,3829.5,3815.25,3829.5,,3829.5
1657738800,3829.5,3830,3815.25,3817.25,,3817.25
1657740600,3817.25,3819.5,3803,3803,,3803
1657742400,3803,3805,3798.25,3798.75,,3798.75
1657805400,3749.5,3757.75,3730.75,3736.75,,3736.75
1657807200,3737,3737,3723.75,3733,,3733
1657809000,3733,3744,3727,3737,,3737
1657810800,3737.25,3759,3735.75,3755.75,,3755.75
1657812600,3755.75,3774.5,3748,3771.25,,3771.25
1657814400,3771,3773.75,3755.25,3756.25,,3756.25
1657816200,3756.25,3761.75,3745.25,3753.25,,3753.25
1657818000,3753.5,3766.25,3746,3765,,3765
1657819800,3765,3772.25,3757.75,3770.25,,3770.25
1657821600,3770.25,3792.25,3769,3791.25,,3791.25
1657823400,3791.5,3797.75,3785.5,3792,,3792
1657825200,3792.25,3799.5,3785.25,3799.25,,3799.25
1657827000,3799.25,3800,3785.75,3794.25,,3794.25
1657828800,3794.25,3798.5,3793.5,3797.75,,3797.75
1657891800,3840,3848,3819.75,3828.5,,3828.5
1657893600,3828.5,3857.75,3828.5,3856.75,,3856.75
1657895400,3856.75,3858.25,3843.5,3851.75,,3851.75
1657897200,3851.5,3863.5,3850.25,3859.25,,3859.25
1657899000,3859.25,3863.5,3854.5,3854.75,,3854.75
1657900800,3854.75,3858,3848.5,3853,,3853
1657902600,3853,3854.75,3847,3852.5,,3852.5
1657904400,3852.5,3861,3852.25,3860.75,,3860.75
1657906200,3860.75,3862.5,3854,3856.75,,3856.75
1657908000,3856.75,3859,3852,3857.5,,3857.5
1657909800,3857.75,3862.5,3855.75,3858.25,,3858.25
1657911600,3858.25,3861,3854.75,3856.25,,3856.25
1657913400,3856.25,3867,3850.25,3865.5,,3865.5
1657915200,3865.5,3866.5,3862.25,3864.25,,3864.25
1658151000,3898,3905.25,3891,3897.5,,3897.5
1658152800,3897.5,3901.5,3886.5,3891.75,,3891.75
1658154600,3892,3897.25,3887,3893.75,,3893.75
1658156400,3893.75,3895,3887.5,3890.75,,3890.75
1658158200,3890.5,3899,3888.5,3898,,3898
1658160000,3898,3898.5,3892.5,3893,,3893
1658161800,3893,3895.75,3884.5,3885.75,,3885.75
1658163600,3885.75,3887.75,3879.25,3885.25,,3885.25
1658165400,3885,3885.75,3857.5,3859.25,,3859.25
1658167200,3859.25,3865.5,3853.25,3854,,3854
1658169000,3854,3862,3843.75,3845.25,,3845.25
1658170800,3845.25,3853.75,3840.5,3841,,3841
1658172600,3841.25,3841.5,3820.25,3834,,3834
1658174400,3834,3839,3832,3837.5,,3837.5
1658237400,3874.5,3883.5,3868,3883,,3883
1658239200,3883.25,3896.5,3876.5,3895.25,,3895.25
1658241000,3895.25,3904.5,3891.75,3903,,3903
1658242800,3903,3910.25,3902,3908,,3908
1658244600,3907.75,3914,3904.25,3911.75,,3911.75
1658246400,3911.75,3913.25,3902.75,3912.75,,3912.75
1658248200,3912.75,3920,3912.25,3920,,3920
1658250000,3920,3920.25,3912.75,3916,,3916
1658251800,3916.25,3931.5,3916,3931.25,,3931.25
1658253600,3931,3938.75,3928.5,3929.25,,3929.25
1658255400,3929.25,3933.5,3925.5,3932.5,,3932.5
1658257200,3932.5,3936.75,3928.25,3934.25,,3934.25
1658259000,3934.25,3943.25,3929.5,3936.5,,3936.5
1658260800,3936.25,3943,3935,3942.75,,3942.75
1658323800,3938.5,3943.5,3927.25,3929,,3929
1658325600,3929,3950,3924.75,3949.5,,3949.5
1658327400,3949.5,3974.5,3948.25,3974,,3974
1658329200,3974.25,3974.5,3961,3966.25,,3966.25
1658331000,3966.25,3974.5,3962,3972.5,,3972.5
1658332800,3972.5,3977.25,3968.75,3969,,3969
1658334600,3969,3974.5,3947.75,3961,,3961
1658336400,3961.25,3962,3938.75,3953,,3953
1658338200,3953.25,3959.25,3938.5,3939.75,,3939.75
1658340000,3939.75,3961.5,3939,3959.75,,3959.75
1658341800,3960,3963.25,3951,3959.75,,3959.75
1658343600,3959.75,3972,3957.75,3971.75,,3971.75
1658345400,3971.5,3972.5,3960,3962.5,,3962.5
1658347200,3962.5,3967.75,3958.5,3959,,3959
1658410200,3954.75,3969.25,3941.5,3963,,3963
1658412000,3963.25,3971.75,3930.25,3934.5,,3934.5
1658413800,3934.75,3959.25,3932.25,3958,,3958
1658415600,3958,3963.5,3953.25,3962.25,,3962.25
1658417400,3962.25,3974,3959,3969,,3969
1658419200,3969,3988.5,3967.75,3987.75,,3987.75
1658421000,3987.75,3991,3983.25,3987.75,,3987.75
1658422800,3987.75,3990.5,3976.75,3980.25,,3980.25
1658424600,3980.25,3983.5,3971,3979.25,,3979.25
1658426400,3979.25,3988.5,3976.75,3986.75,,3986.75
1658428200,3986.75,3987,3977.75,3983.75,,3983.75
1658430000,3984,3994,3983.25,3989.75,,3989.75
1658431800,3989.75,4003,3987.5,4002.75,,4002.75
1658433600,4002.5,4004.75,3990,3990.25,,3990.25
1658496600,4003.25,4016.25,3993.5,3994,,3994
1658498400,3994,4004.25,3986.5,3999.75,,3999.75
1658500200,3999.75,4006.75,3994,4001.5,,4001.5
1658502000,4001.5,4002.75,3981,3981.5,,3981.5
1658503800,3981.5,3983.5,3967.25,3976.75,,3976.75
1658505600,3977,3980.5,3963.25,3969.5,,3969.5
1658507400,3969.75,3977.25,3965,3966.5,,3966.5
1658509200,3966.75,3966.75,3953.25,3956.25,,3956.25
1658511000,3956.25,3956.25,3946.5,3954,,3954
1658512800,3954.25,3955.5,3941.5,3947,,3947
1658514600,3947.25,3954.25,3941.75,3950.75,,3950.75
1658516400,3951,3963.25,3947.5,3962.75,,3962.75
1658518200,3962.75,3966.25,3950.5,3965.5,,3965.5
1658520000,3965.25,3965.5,3958.25,3962.5,,3962.5
1658755800,3971.25,3974.5,3954.25,3969,,3969
1658757600,3969.25,3972.75,3951,3960.5,,3960.5
1658759400,3960.5,3971,3952.5,3966.25,,3966.25
1658761200,3966.25,3971.5,3956.75,3970.5,,3970.5
1658763000,3970.5,3977,3969.25,3973,,3973
1658764800,3973.25,3975.5,3961,3967,,3967
1658766600,3967,3979,3966.5,3972,,3972
1658768400,3972.25,3977.5,3968.25,3968.5,,3968.5
1658770200,3968.25,3970,3958.5,3958.75,,3958.75
1658772000,3959,3961.5,3954.5,3956.5,,3956.5
1658773800,3956.75,3961.25,3950.5,3952,,3952
1658775600,3952,3956.25,3946,3950,,3950
1658777400,3950.25,3972.25,3948.75,3970,,3970
1658779200,3970,3975.75,3969.5,3973.5,,3973.5
1658842200,3952.75,3955,3939.5,3946.25,,3946.25
1658844000,3946.75,3951.75,3936.75,3939.25,,3939.25
1658845800,3939.25,3943.25,3935,3942.5,,3942.5
1658847600,3942.75,3944.75,3926.5,3927.5,,3927.5
1658849400,3927.25,3929,3918.75,3919.5,,3919.5
1658851200,3919.75,3927,3917.5,3926,,3926
1658853000,3926,3931.75,3922.5,3930,,3930
1658854800,3930,3937.75,3928.5,3935.5,,3935.5
1658856600,3935.75,3936.75,3926.5,3926.75,,3926.75
1658858400,3926.75,3937.5,3919,3919.5,,3919.5
1658860200,3919.5,3921.75,3916,3921,,3921
1658862000,3921,3923.5,3913.25,3921.5,,3921.5
1658863800,3921.75,3929,3916.75,3923,,3923
1658865600,3923,3938,3915,3932,,3932
1658928600,3957.5,3971,3954.5,3967.25,,3967.25
1658930400,3967.25,3974,3963.5,3971.25,,3971.25
1658932200,3971.25,3975.75,3966.75,3975.25,,3975.25
1658934000,3975,3982,3971.75,3975,,3975
1658935800,3975,3982.75,3975,3980.5,,3980.5
1658937600,3980.5,3984.5,3979.5,3982,,3982
1658939400,3982,3983,3973.75,3974.25,,3974.25
1658941200,3974.25,3976.25,3971,3976,,3976
1658943000,3976,3979.5,3973.5,3977,,3977
1658944800,3977,3989.25,3968.5,3979.75,,3979.75
1658946600,3980,4023.5,3968.5,4012.75,,4012.75
1658948400,4013,4042,4008.75,4042,,4042
1658950200,4042,4042.75,4022.5,4024,,4024
1658952000,4024,4024.25,4014,4016,,4016
1659015000,4031.75,4041,3996.25,4007,,4007
1659016800,4007.25,4013.5,3994.5,4000.5,,4000.5
1659018600,4000.5,4029,3996.25,4028.5,,4028.5
1659020400,4028.5,4051.75,4027,4051.5,,4051.5
1659022200,4051.5,4058,4044.25,4049.75,,4049.75
1659024000,4049.75,4056.75,4046.25,4055.5,,4055.5
1659025800,4055.75,4057.75,4049.5,4053.75,,4053.75
1659027600,4054,4064.25,4049.25,4064,,4064
1659029400,4064,4077.5,4063,4074.75,,4074.75
1659031200,4075,4075.25,4067.25,4071.5,,4071.5
1659033000,4071.75,4076.75,4069,4075.25,,4075.25
1659034800,4075.25,4081.25,4071.5,4078,,4078
1659036600,4077.75,4078.25,4068.25,4073.25,,4073.25
1659038400,4073,4088.25,4072,4081,,4081
1659101400,4089,4108.25,4081,4105.5,,4105.5
1659103200,4105.5,4123.25,4100.5,4119.25,,4119.25
1659105000,4119.25,4123,4107.25,4107.5,,4107.5
1659106800,4107.5,4110,4094.25,4096.25,,4096.25
1659108600,4096.5,4111.5,4093.5,4109,,4109
1659110400,4109.25,4112.25,4101.5,4109.5,,4109.5
1659112200,4109.5,4121,4107,4118.25,,4118.25
1659114000,4118.5,4119,4113.5,4114.25,,4114.25
1659115800,4114.25,4125.75,4114,4122.25,,4122.25
1659117600,4122.25,4129.75,4119.75,4129.25,,4129.25
1659119400,4129.25,4133.75,4127,4132,,4132
1659121200,4132.25,4140.25,4131.25,4139.75,,4139.75
1659123000,4139.75,4144,4131,4133.75,,4133.75
1659124800,4133.75,4136,4131,4131.75,,4131.75
1659360600,4105,4130.75,4097,4124.75,,4124.75
1659362400,4124.75,4141.5,4113.25,4116.75,,4116.75
1659364200,4116.75,4147.25,4116.5,4143.5,,4143.5
1659366000,4143.5,4147.25,4128.25,4142.25,,4142.25
1659367800,4142.25,4146.75,4133,4140.25,,4140.25
1659369600,4140.25,4141.5,4125.75,4134.25,,4134.25
1659371400,4134.5,4137.25,4126.5,4131.5,,4131.5
1659373200,4131.75,4131.75,4114,4114.25,,4114.25
1659375000,4114.25,4117,4103.5,4113,,4113
1659376800,4113,4120,4105,4116,,4116
1659378600,4116,4130,4112.25,4126.75,,4126.75
1659380400,4126.75,4131.5,4118.5,4120.25,,4120.25
1659382200,4120.25,4128.75,4117.25,4119.75,,4119.75
1659384000,4119.75,4123.75,4118,4122.5,,4122.5
1659447000,4103.75,4110,4089.25,4098.5,,4098.5
1659448800,4098.5,4104,4080.5,4104,,4104
1659450600,4104,4126.5,4100.25,4117.5,,4117.5
1659452400,4117.5,4120,4108,4117.25,,4117.25
1659454200,4117.25,4123.5,4107.25,4119.5,,4119.5
1659456000,4119.75,4138.25,4117.75,4137.75,,4137.75
1659457800,4138,4143,4134.75,4139,,4139
1659459600,4139,4139.5,4118.5,4120,,4120
1659461400,4120.25,4120.25,4101,4107.25,,4107.25
1659463200,4107.5,4117.25,4103.5,4115.5,,4115.5
1659465000,4115.75,4121,4104.75,4107.5,,4107.5
1659466800,4107.5,4111.25,4096.5,4106.5,,4106.5
1659468600,4106.25,4112.5,4092,4094,,4094
1659470400,4094.25,4095.75,4089.25,4092.75,,4092.75
1659533400,4115.75,4129.75,4112.5,4128,,4128
1659535200,4127.75,4137.25,4120,4129.25,,4129.25
1659537000,4129.25,4131.75,4114.25,4128.5,,4128.5
1659538800,4128.5,4140.75,4126.75,4137.5,,4137.5
1659540600,4137.5,4147.75,4135.25,4146.75,,4146.75
1659542400,4146.75,4148.25,4139.75,4144.75,,4144.75
1659544200,4145,4159.75,4144.5,4156.5,,4156.5
1659546000,4156.5,4161,4152.75,4159.25,,4159.25
1659547800,4159.25,4161.25,4154.25,4158.5,,4158.5
1659549600,4158.75,4165.5,4155.5,4162.25,,4162.25
1659551400,4162.25,4164.5,4156.75,4161.5,,4161.5
1659553200,4161.25,4166.75,4158.75,4161.25,,4161.25
1659555000,4161.25,4170,4154.25,4157,,4157
1659556800,4156.75,4157.25,4152,4153.25,,4153.25
1659619800,4155.75,4162.25,4146,4156.25,,4156.25
1659621600,4156.5,4163,4144.5,4146.75,,4146.75
1659623400,4146.75,4154.5,4136,4151.75,,4151.75
1659625200,4151.75,4155,4141.5,4145.5,,4145.5
1659627000,4145.5,4156.5,4139.25,4154.75,,4154.75
1659628800,4155,4158.25,4150.25,4157.75,,4157.75
1659630600,4157.75,4157.75,4142.25,4143.25,,4143.25
1659632400,4143.5,4156.75,4143,4154.75,,4154.75
1659634200,4154.75,4158.5,4150.75,4153.5,,4153.5
1659636000,4153.5,4155.75,4147.5,4153.75,,4153.75
1659637800,4153.75,4157,4147.5,4154,,4154
1659639600,4154,4162,4152,4158,,4158
1659641400,4158,4158.25,4147.5,4153.25,,4153.25
1659643200,4153,4157.5,4152,4152.75,,4152.75
1659706200,4108,4133.75,4107.25,4132,,4132
1659708000,4132,4153.25,4129.5,4146.25,,4146.25
1659709800,4146.25,4147.25,4136.75,4142,,4142
1659711600,4142,4142.5,4113.25,4113.5,,4113.5
1659713400,4113.5,4123.5,4112,4118,,4118
1659715200,4117.75,4130.5,4117.5,4128.25,,4128.25
1659717000,4128,4137.25,4121.25,4136.5,,4136.5
1659718800,4136.25,4145.5,4133.75,4138.75,,4138.75
1659720600,4138.75,4146.25,4134.5,4136.75,,4136.75
1659722400,4136.75,4138.25,4127.75,4127.75,,4127.75
1659724200,4127.75,4134,4125.75,4131.75,,4131.75
1659726000,4131.5,4137.75,4129.5,4136.75,,4136.75
1659727800,4136.5,4149,4135.5,4146,,4146
1659729600,4146,4146.25,4140,4140.75,,4140.75
1659965400,4164.25,4187.75,4160.5,4183.5,,4183.5
1659967200,4183.5,4188,4173.75,4179,,4179
1659969000,4179.25,4185,4174.5,4176.75,,4176.75
1659970800,4177,4182.75,4167,4168.25,,4168.25
1659972600,4168.5,4171.25,4146.75,4160,,4160
1659974400,4160,4161.75,4135.75,4139,,4139
1659976200,4139,4149,4135,4144.75,,4144.75
1659978000,4144.75,4153.5,4141,4142.75,,4142.75
1659979800,4142.75,4151.25,4140.5,4150.5,,4150.5
1659981600,4150.5,4150.75,4136.25,4139.5,,4139.5
1659983400,4139.5,4141.25,4129.25,4136,,4136
1659985200,4136.25,4142.5,4132,4139.25,,4139.25
1659987000,4139.25,4145.25,4135.75,4141.5,,4141.5
1659988800,4141.5,4145.5,4140.5,4145,,4145
1660051800,4133.5,4138.75,4120.25,4122.25,,4122.25
1660053600,4122.5,4128.75,4118.25,4128.25,,4128.25
1660055400,4128.25,4132.5,4122.5,4124.25,,4124.25
1660057200,4124.25,4134.5,4114.25,4130.25,,4130.25
1660059000,4130.5,4131.5,4123,4124.25,,4124.25
1660060800,4124.25,4126.75,4115.75,4116.75,,4116.75
1660062600,4116.75,4120.25,4115.5,4119.75,,4119.75
1660064400,4120,4124.25,4116.5,4123,,4123
1660066200,4123,4126,4114,4124,,4124
1660068000,4124,4126.75,4113.25,4114,,4114
1660069800,4114,4125.25,4113,4121.25,,4121.25
1660071600,4121.25,4128.75,4118.75,4126.25,,4126.25
1660073400,4126,4127.75,4119,4125,,4125
1660075200,4124.75,4129,4124.5,4127.75,,4127.75
1660138200,4199,4200,4183.25,4193.5,,4193.5
1660140000,4193.5,4198,4178.5,4188.25,,4188.25
1660141800,4188.25,4200,4186.75,4199.25,,4199.25
1660143600,4199.5,4212,4199.25,4204.75,,4204.75
1660145400,4204.75,4208.25,4200.5,4207.5,,4207.5
1660147200,4207.75,4209.75,4194.75,4199.75,,4199.75
1660149000,4199.75,4202.5,4198.25,4202.25,,4202.25
1660150800,4202.25,4206.5,4198.25,4201.75,,4201.75
1660152600,4201.75,4209.75,4198.75,4205.75,,4205.75
1660154400,4206,4208,4202,4203,,4203
1660156200,4203,4205,4196,4196.5,,4196.5
1660158000,4196.5,4205.75,4195,4204.75,,4204.75
1660159800,4204.75,4213,4203,4210.5,,4210.5
1660161600,4210.5,4211,4207.5,4207.75,,4207.75
1660224600,4240.5,4246,4233,4244.25,,4244.25
1660226400,4244.25,4260.5,4244.25,4250.25,,4250.25
1660228200,4250.25,4258.5,4243,4247,,4247
1660230000,4247,4247.75,4224,4232.75,,4232.75
1660231800,4232.75,4235.25,4221.75,4227,,4227
1660233600,4227.25,4231.25,4222,4231.25,,4231.25
1660235400,4231,4236,4229.5,4234.5,,4234.5
1660237200,4234.5,4241,4230.5,4235.25,,4235.25
1660239000,4235.25,4237.25,4228,4230,,4230
1660240800,4230.25,4230.25,4218.5,4222.75,,4222.75
1660242600,4223,4223.5,4206.25,4212,,4212
1660244400,4212,4213,4202.75,4209.75,,4209.75
1660246200,4209.75,4214.25,4203.5,4211.5,,4211.5
1660248000,4211.5,4216.75,4211.25,4215.25,,4215.25
1660311000,4231,4239.75,4225.25,4236.75,,4236.75
1660312800,4236.75,4239.75,4221,4236,,4236
1660314600,4236,4238.5,4227.5,4235,,4235
1660316400,4235.25,4248.25,4233.75,4245,,4245
1660318200,4245,4249,4243.5,4245,,4245
1660320000,4245.25,4254,4244.5,4253,,4253
1660321800,4253.25,4254.5,4251,4252.75,,4252.75
1660323600,4252.75,4257.75,4251.5,4256.5,,4256.5
1660325400,4256.75,4261.25,4255.5,4259,,4259
1660327200,4259,4263.25,4258,4263,,4263
1660329000,4262.75,4269.5,4262.75,4268.25,,4268.25
1660330800,4268.25,4276.5,4267,4274.25,,4274.25
1660332600,4274.25,4282.75,4272,4281,,4281
1660334400,4281.25,4281.5,4277.75,4278.5,,4278.5
1660570200,4258.25,4284,4257.75,4280,,4280
1660572000,4280,4280.25,4266.25,4271,,4271
1660573800,4271,4277,4267.25,4268.25,,4268.25
1660575600,4268.25,4274.5,4264.75,4274,,4274
1660577400,4274,4293,4273.5,4290.5,,4290.5
1660579200,4290.75,4295,4287.75,4294.25,,4294.25
1660581000,4294.5,4300,4293.75,4298.75,,4298.75
1660582800,4299,4301.5,4293.25,4297,,4297
1660584600,4297,4298,4291.75,4296.25,,4296.25
1660586400,4296.25,4297.75,4291.5,4296.75,,4296.75
1660588200,4297,4301,4295.25,4300,,4300
1660590000,4300.25,4303.25,4296.75,4302.5,,4302.5
1660591800,4302.75,4304.75,4296.25,4299,,4299
1660593600,4298.75,4299.75,4293.75,4295.5,,4295.5
1660656600,4287.75,4297.75,4286.5,4294.25,,4294.25
1660658400,4294,4295.25,4284.25,4287.75,,4287.75
1660660200,4287.75,4290.5,4278.75,4285,,4285
1660662000,4285.25,4302.5,4284.25,4301.25,,4301.25
1660663800,4301.25,4314,4300,4312,,4312
1660665600,4312,4315.5,4309.25,4310.25,,4310.25
1660667400,4310.25,4313,4306.5,4308.25,,4308.25
1660669200,4308.5,4315.25,4306.75,4313.5,,4313.5
1660671000,4313.5,4321,4312.5,4320,,4320
1660672800,4320.25,4327.5,4318.75,4322.75,,4322.75
1660674600,4322.75,4322.75,4291.5,4301.25,,4301.25
1660676400,4301.25,4306.5,4293.75,4305,,4305
1660678200,4305.25,4314.5,4304.75,4307,,4307
1660680000,4307,4307,4302.75,4303,,4303
1660743000,4269.25,4284,4268.75,4279.75,,4279.75
1660744800,4279.5,4285.25,4269,4275.5,,4275.5
1660746600,4275.5,4277.75,4263,4265,,4265
1660748400,4265,4272.75,4262.75,4271.25,,4271.25
1660750200,4271.25,4274.75,4255,4258.75,,4258.75
1660752000,4258.75,4272.25,4258.25,4272,,4272
1660753800,4272,4278.5,4270,4275,,4275
1660755600,4275,4279.5,4270.25,4278.75,,4278.75
1660757400,4278.75,4281.25,4275,4276.75,,4276.75
1660759200,4276.5,4302,4273.25,4296.25,,4296.25
1660761000,4296.25,4305.25,4287.25,4287.25,,4287.25
1660762800,4287.5,4295.5,4273.5,4281.5,,4281.5
1660764600,4281.5,4282.75,4271.5,4276.5,,4276.5
1660766400,4276.75,4281.5,4276,4280.75,,4280.75
1660829400,4277.5,4279.75,4267.25,4269.5,,4269.5
1660831200,4269.25,4275.5,4264,4270.25,,4270.25
1660833000,4270.5,4282.75,4266.75,4276.5,,4276.5
1660834800,4276.5,4285.75,4270.5,4284.5,,4284.5
1660836600,4284.25,4290.75,4282.25,4285.5,,4285.5
1660838400,4285.5,4288.25,4273.25,4275,,4275
1660840200,4275,4276.5,4267.5,4272.75,,4272.75
1660842000,4272.75,4280.5,4270.75,4279,,4279
1660843800,4279.25,4283,4276.5,4278.75,,4278.75
1660845600,4278.75,4284.5,4276.5,4283.25,,4283.25
1660847400,4283.25,4287.75,4278.5,4285.5,,4285.5
1660849200,4285.75,4294.25,4284.25,4293,,4293
1660851000,4292.75,4295.5,4282.25,4288.5,,4288.5
1660852800,4288.25,4290,4284.5,4284.75,,4284.75
1660915800,4259,4261.75,4236.5,4240.25,,4240.25
1660917600,4240.25,4244,4235,4240.75,,4240.75
1660919400,4240.75,4243.75,4232.75,4233.25,,4233.25
1660921200,4233.5,4235.75,4225.5,4231.25,,4231.25
1660923000,4231.25,4239.5,4227.25,4233.5,,4233.5
1660924800,4233.75,4239.25,4230,4234.5,,4234.5
1660926600,4234.5,4245.75,4233,4241.5,,4241.5
1660928400,4241.75,4245.25,4236,4236.5,,4236.5
1660930200,4236.5,4238.75,4228.75,4237.25,,4237.25
1660932000,4237.25,4238.25,4228.5,4232.5,,4232.5
1660933800,4232.5,4234,4224,4226.75,,4226.75
1660935600,4226.75,4232.75,4220.75,4231.75,,4231.75
1660937400,4231.75,4236.75,4227.75,4230,,4230
1660939200,4230,4231.5,4229,4230.75,,4230.75
1661175000,4178.75,4180.5,4164,4170,,4170
1661176800,4170,4170.5,4154.75,4156.5,,4156.5
1661178600,4156.75,4162.5,4151.25,4151.25,,4151.25
1661180400,4151.25,4161.5,4151,4157.75,,4157.75
1661182200,4157.75,4165.25,4155.75,4162.5,,4162.5
1661184000,4162.5,4165.5,4157,4159,,4159
1661185800,4159.25,4163.5,4154.5,4159.5,,4159.5
1661187600,4159.25,4160,4148.25,4148.75,,4148.75
1661189400,4149,4149.25,4140.25,4141.5,,4141.5
1661191200,4141.25,4143.5,4138.5,4140.5,,4140.5
1661193000,4140.5,4141.75,4133,4136.25,,4136.25
1661194800,4136.25,4145.5,4136,4139.25,,4139.25
1661196600,4139.5,4144.25,4131.5,4142.75,,4142.75
1661198400,4142.75,4145.75,4141.75,4145,,4145
1661261400,4137,4153,4131.25,4146.5,,4146.5
1661263200,4146.25,4161.75,4141.5,4147.75,,4147.75
1661265000,4148,4157.25,4135,4136.5,,4136.5
1661266800,4136.5,4143,4127.5,4135.5,,4135.5
1661268600,4135.25,4143,4134,4137,,4137
1661270400,4137,4137.5,4125,4125.75,,4125.75
1661272200,4125.5,4139.75,4125.25,4138.25,,4138.25
1661274000,4138.5,4142.25,4132,4140.75,,4140.75
1661275800,4141,4143.5,4127.75,4132,,4132
1661277600,4132.25,4140,4129.25,4138.75,,4138.75
1661279400,4138.5,4140.5,4132,4135.75,,4135.75
1661281200,4135.75,4142.75,4135.25,4138.5,,4138.5
1661283000,4138.5,4139.75,4129,4131,,4131
1661284800,4131.25,4133.25,4127.75,4129,,4129
1661347800,4128.5,4134,4121.25,4130,,4130
1661349600,4130,4143.5,4125.75,4139.5,,4139.5
1661351400,4139.75,4142.5,4131.25,4137.75,,4137.75
1661353200,4137.75,4153.75,4137,4151.5,,4151.5
1661355000,4151.75,4158.5,4149.5,4154.25,,4154.25
1661356800,4154.25,4157.25,4150.5,4151,,4151
1661358600,4151,4151.25,4135,4137.75,,4137.75
1661360400,4137.75,4142.5,4132.25,4133,,4133
1661362200,4133,4138.5,4132,4138,,4138
1661364000,4137.75,4141.5,4136.25,4140,,4140
1661365800,4140,4141.75,4134.25,4140.75,,4140.75
1661367600,4140.75,4149.5,4139.5,4145.5,,4145.5
1661369400,4145.5,4152.25,4141,4143.75,,4143.75
1661371200,4143.75,4147,4142,4146.75,,4146.75
1661434200,4158.75,4171.75,4147.5,4170.75,,4170.75
1661436000,4170.75,4182.75,4167.5,4180.5,,4180.5
1661437800,4180.5,4185,4176.5,4177.5,,4177.5
1661439600,4177.75,4178,4156.5,4163.25,,4163.25
1661441400,4163.25,4168.5,4161.5,4167.5,,4167.5
1661443200,4167.75,4168.25,4157.25,4163.25,,4163.25
1661445000,4163.5,4164.5,4153.25,4161.25,,4161.25
1661446800,4161.5,4169,4159,4168,,4168
1661448600,4168,4176.5,4167,4174,,4174
1661450400,4174.25,4176.5,4168.5,4175.75,,4175.75
1661452200,4176,4176.75,4167.25,4173,,4173
1661454000,4173,4181.75,4171.25,4181,,4181
1661455800,4181.25,4202.75,4176.75,4202.25,,4202.25
1661457600,4202.25,4202.75,4194,4194,,4194
1661520600,4200.75,4202.5,4187,4198.25,,4198.25
1661522400,4198.25,4206.25,4150.25,4155,,4155
1661524200,4155.25,4155.25,4125.75,4133.5,,4133.5
1661526000,4133.5,4134.75,4106.25,4117.75,,4117.75
1661527800,4117.75,4124.75,4111.25,4116.75,,4116.75
1661529600,4116.75,4116.75,4100.75,4105.5,,4105.5
1661531400,4105.5,4110.25,4099.25,4109.25,,4109.25
1661533200,4109,4112.5,4103.25,4106.5,,4106.5
1661535000,4106.5,4106.75,4094.5,4096.5,,4096.5
1661536800,4096.5,4099,4086,4090.5,,4090.5
1661538600,4090.5,4092.5,4079,4080,,4080
1661540400,4080,4085,4073,4076.75,,4076.75
1661542200,4076.75,4078,4058.25,4059,,4059
1661544000,4059,4059.5,4053,4057.75,,4057.75
1661779800,4028,4047.25,4020.75,4033.75,,4033.75
1661781600,4033.75,4050.5,4030.5,4039.5,,4039.5
1661783400,4039.75,4045.25,4017,4019.25,,4019.25
1661785200,4019.25,4033,4018.25,4027,,4027
1661787000,4027.25,4040.75,4024,4039.5,,4039.5
1661788800,4039.5,4050,4038.75,4044,,4044
1661790600,4044,4058.5,4036.25,4052,,4052
1661792400,4051.75,4057.5,4044,4050.25,,4050.25
1661794200,4050.25,4064,4048.75,4056.5,,4056.5
1661796000,4056.25,4057,4042.75,4046.25,,4046.25
1661797800,4046.25,4055.75,4042.25,4051.75,,4051.75
1661799600,4051.75,4061.75,4046.25,4047,,4047
1661801400,4047,4053.25,4029.25,4032,,4032
1661803200,4032,4034.75,4030,4031.5,,4031.5
1661866200,4043.5,4046.5,4020.25,4023.75,,4023.75
1661868000,4023.5,4029,4000.75,4005.25,,4005.25
1661869800,4005.5,4008,3968.5,3988.5,,3988.5
1661871600,3988.5,3998.5,3982.25,3992,,3992
1661873400,3992,4001,3985.25,3992,,3992
1661875200,3992,4004.5,3988,3992.25,,3992.25
1661877000,3992.25,3992.75,3978.75,3984.5,,3984.5
1661878800,3984.75,3988.75,3970.5,3976.5,,3976.5
1661880600,3976.5,3982.75,3964.5,3978.5,,3978.5
1661882400,3978.75,3985.25,3973.75,3974.25,,3974.25
1661884200,3974.25,3983.25,3972.75,3978,,3978
1661886000,3978,3998.5,3976.75,3989.5,,3989.5
1661887800,3989.5,3993,3975.25,3986.25,,3986.25
1661889600,3986.5,3992.5,3985.5,3989.75,,3989.75
1661952600,4004,4017,3986.25,4000.75,,4000.75
1661954400,4000.75,4002,3982.75,3985.75,,3985.75
1661956200,3985.5,4000.75,3980,3987.25,,3987.25
1661958000,3987.25,3987.75,3971.75,3979.75,,3979.75
1661959800,3980,3997.5,3975.5,3994.5,,3994.5
1661961600,3994.5,3996.75,3982.25,3985,,3985
1661963400,3985.25,3988.5,3977,3981.25,,3981.25
1661965200,3981,3988.25,3970.5,3975.25,,3975.25
1661967000,3975.25,3977.5,3965.75,3971.75,,3971.75
1661968800,3971.75,3977.25,3966.5,3970,,3970
1661970600,3970.25,3971.25,3956.5,3963.25,,3963.25
1661972400,3963.25,3984,3960,3971.25,,3971.25
1661974200,3971.25,3983.5,3954.75,3955.75,,3955.75
1661976000,3955.75,3960,3953,3959.5,,3959.5
1662039000,3932,3938,3922.75,3931.5,,3931.5
1662040800,3931.5,3936,3908.75,3929.5,,3929.5
1662042600,3929.75,3929.75,3904.25,3906.5,,3906.5
1662044400,3906.25,3923.5,3903.5,3911.75,,3911.75
1662046200,3912,3929.5,3909.75,3915,,3915
1662048000,3914.75,3926.5,3914.25,3920.5,,3920.5
1662049800,3920.5,3922,3906,3910.75,,3910.75
1662051600,3910.75,3934.25,3908.25,3933.25,,3933.25
1662053400,3933,3935,3921.75,3924.5,,3924.5
1662055200,3924.75,3947.75,3921.5,3945,,3945
1662057000,3944.75,3953.5,3938.5,3945.75,,3945.75
1662058800,3945.75,3958.5,3943,3943.25,,3943.25
1662060600,3943.25,3971.25,3939.25,3967.5,,3967.5
1662062400,3967.5,3968,3959.75,3960.5,,3960.5
1662125400,4006.25,4007.75,3979.5,3983.5,,3983.5
1662127200,3983.75,4007,3973.25,4006.75,,4006.75
1662129000,4007,4019.25,4001.75,4007.25,,4007.25
1662130800,4007,4016,4005.25,4012,,4012
1662132600,4012.25,4017.25,4004,4015,,4015
1662134400,4015.25,4017.5,3988.25,3989,,3989
1662136200,3988.75,3990.5,3961.25,3968.5,,3968.5
1662138000,3968.75,3968.75,3935.5,3937.75,,3937.75
1662139800,3937.75,3947.25,3925,3926.5,,3926.5
1662141600,3926.5,3941.25,3925.5,3940.25,,3940.25
1662143400,3940.25,3943,3927.25,3928.75,,3928.75
1662145200,3928.75,3943.25,3923.25,3929.25,,3929.25
1662147000,3929.25,3929.5,3906,3925.5,,3925.5
1662148800,3925.75,3931.25,3924.25,3929.25,,3929.25
1662471000,3934,3944.5,3908,3919.25,,3919.25
1662472800,3919,3919,3886.75,3907,,3907
1662474600,3906.75,3940.25,3899.25,3934.25,,3934.25
1662476400,3934.25,3943.25,3921.25,3923,,3923
1662478200,3923,3942.25,3921,3936.5,,3936.5
1662480000,3936.75,3940,3906.75,3913.75,,3913.75
1662481800,3914,3923.25,3909.25,3919.25,,3919.25
1662483600,3919,3919.5,3893.75,3897.75,,3897.75
1662485400,3898,3907.25,3893.75,3906.25,,3906.25
1662487200,3906.25,3920.25,3904.5,3913,,3913
1662489000,3913.25,3916,3902,3906.75,,3906.75
1662490800,3907,3920.75,3901.5,3912,,3912
1662492600,3912,3915.25,3899.75,3911,,3911
1662494400,3911,3912.25,3905,3906,,3906
1662557400,3906.75,3930,3904.5,3920,,3920
1662559200,3920,3927,3910.25,3926.5,,3926.5
1662561000,3926.5,3936.5,3924,3930.75,,3930.75
1662562800,3930.75,3947.75,3926.25,3941.5,,3941.5
1662564600,3941.75,3947.25,3936.75,3942.25,,3942.25
1662566400,3942.5,3945.5,3931,3937.5,,3937.5
1662568200,3937.5,3954,3933.25,3949.75,,3949.75
1662570000,3949.75,3956.75,3948.25,3949.5,,3949.5
1662571800,3949.75,3968.75,3949,3967.5,,3967.5
1662573600,3967.5,3978.75,3964.5,3974.5,,3974.5
1662575400,3974.5,3982,3971.5,3980.75,,3980.75
1662577200,3980.75,3988.75,3978,3988.25,,3988.25
1662579000,3988.25,3988.5,3976.75,3980.5,,3980.5
1662580800,3980.5,3980.75,3975.75,3976.75,,3976.75
1662643800,3955.25,3978.75,3942.75,3975.25,,3975.25
1662645600,3975.25,3987,3959.25,3980.25,,3980.25
1662647400,3980.25,4001.75,3976.75,4001,,4001
1662649200,4001,4010.75,3999.75,4004.75,,4004.75
1662651000,4004.75,4009,3993.75,3996.75,,3996.75
1662652800,3997,3998.75,3952.75,3963.75,,3963.75
1662654600,3963.5,3985.75,3961.5,3980.75,,3980.75
1662656400,3980.75,3998,3973,3993.5,,3993.5
1662658200,3993.5,4001,3983.5,3991.5,,3991.5
1662660000,3991.5,3998.25,3988.5,3995,,3995
1662661800,3995,4003,3985,3987.5,,3987.5
1662663600,3987.5,3997.25,3980.25,3993.5,,3993.5
1662665400,3993.5,4007,3985,4005.75,,4005.75
1662667200,4006,4010.75,4005.5,4009.75,,4009.75
1662730200,4029.25,4044.75,4026.25,4044.25,,4044.25
1662732000,4044.5,4058,4043,4053.5,,4053.5
1662733800,4053.75,4064.25,4051,4061.75,,4061.75
1662735600,4061.75,4064,4050.25,4057.25,,4057.25
1662737400,4057.25,4063,4052.75,4058.5,,4058.5
1662739200,4058.5,4060,4045.25,4050,,4050
1662741000,4050,4062.25,4047.25,4061.75,,4061.75
1662742800,4061.75,4068,4056.5,4064.75,,4064.75
1662744600,4065,4070,4063,4067.75,,4067.75
1662746400,4067.5,4071.5,4061.75,4071.25,,4071.25
1662748200,4071,4071.5,4063.5,4069.5,,4069.5
1662750000,4069.5,4075.5,4067.75,4073.5,,4073.5
1662751800,4073.5,4077.25,4066,4066.75,,4066.75
1662753600,4066.75,4067.25,4062.5,4064.5,,4064.5
1662989400,4089.5,4112.5,4086,4112,,4112
1662991200,4112.25,4119.75,4108,4115.75,,4115.75
1662993000,4115.75,4117.25,4105,4107.25,,4107.25
1662994800,4107.25,4112.75,4100.25,4112.5,,4112.5
1662996600,4112.75,4114,4088,4094,,4094
1662998400,4093.75,4099,4086.25,4097.75,,4097.75
1663000200,4097.75,4104.5,4094.25,4104.25,,4104.25
1663002000,4104.25,4112.25,4096.5,4111.5,,4111.5
1663003800,4111.5,4112.5,4104.25,4111,,4111
1663005600,4111,4111.75,4099.25,4100.5,,4100.5
1663007400,4100.25,4107.75,4096,4104.75,,4104.75
1663009200,4104.75,4110,4101.75,4102.75,,4102.75
1663011000,4102.75,4113,4099.5,4111.25,,4111.25
1663012800,4111.25,4114.75,4110.5,4113.5,,4113.5
1663075800,4038,4051.25,4028.25,4029.25,,4029.25
1663077600,4029.5,4030.75,4017,4021.25,,4021.25
1663079400,4021,4024.5,4000.25,4004.25,,4004.25
1663081200,4004.25,4008.5,3997.5,4000.5,,4000.5
1663083000,4000.5,4004.5,3996,3998.5,,3998.5
1663084800,3998.5,4011.25,3995.75,4000.25,,4000.25
1663086600,4000.5,4008,3997,4003.75,,4003.75
1663088400,4003.75,4014.5,3999.25,4014.25,,4014.25
1663090200,4014.25,4016.5,4003.75,4004,,4004
1663092000,4004.25,4005.5,3991.25,3992.25,,3992.25
1663093800,3992.25,3993.75,3975.5,3978.5,,3978.5
1663095600,3978.25,3980.5,3961.25,3961.5,,3961.5
1663097400,3961.5,3962.5,3938.5,3951.25,,3951.25
1663099200,3951,3958.25,3951,3955,,3955
1663162200,3963.75,3975.5,3949.25,3970.25,,3970.25
1663164000,3970.25,3971,3938.25,3939,,3939
1663165800,3939,3976.25,3936.5,3974,,3974
1663167600,3973.75,3981.25,3964,3964.25,,3964.25
1663169400,3964.25,3974,3961.75,3965.5,,3965.5
1663171200,3965.75,3968.5,3959.25,3962.75,,3962.75
1663173000,3962.75,3976,3959.75,3971.5,,3971.5
1663174800,3971.5,3976,3965.5,3968.5,,3968.5
1663176600,3968.5,3970.25,3946,3949.75,,3949.75
1663178400,3949.75,3952.5,3941.5,3949.5,,3949.5
1663180200,3949.5,3957,3942.25,3944.5,,3944.5
1663182000,3944.75,3952,3931.25,3938.5,,3938.5
1663183800,3938.5,3968,3929,3964.25,,3964.25
1663185600,3964.5,3968,3962,3964.75,,3964.75
1663248600,3947,3971.25,3940.5,3969.25,,3969.25
1663250400,3969.5,3977.5,3945.75,3946.75,,3946.75
1663252200,3946.75,3954.25,3928.5,3930.75,,3930.75
1663254000,3930.75,3943,3922.75,3940,,3940
1663255800,3940,3943.5,3921,3927,,3927
1663257600,3927,3931.25,3919.5,3923.5,,3923.5
1663259400,3923.5,3939,3923,3938.75,,3938.75
1663261200,3938.75,3963.5,3938.75,3958.5,,3958.5
1663263000,3958.25,3959,3942.5,3946.5,,3946.5
1663264800,3946.5,3947,3930,3940,,3940
1663266600,3940,3944.5,3924.75,3927.75,,3927.75
1663268400,3927.75,3929,3905,3908.25,,3908.25
1663270200,3908.25,3927.25,3906,3918.75,,3918.75
1663272000,3918.75,3928.25,3918.5,3923.25,,3923.25
1663335000,3873.75,3879.25,3853.5,3857.75,,3857.75
1663336800,3858,3886.25,3857.25,3875.75,,3875.75
1663338600,3875.5,3891.75,3867.25,3868,,3868
1663340400,3868,3879.25,3866,3867,,3867
1663342200,3867,3876.5,3860.75,3875.25,,3875.25
1663344000,3875,3876.25,3853,3855.75,,3855.75
1663345800,3855.75,3868.5,3854.25,3867.25,,3867.25
1663347600,3867,3869.25,3858.75,3861.75,,3861.75
1663349400,3861.5,3870.75,3856.5,3859.75,,3859.75
1663351200,3860,3878.5,3858.75,3875.5,,3875.5
1663353000,3875.75,3884.75,3869,3880.75,,3880.75
1663354800,3881,3894.25,3878.25,3881.5,,3881.5
1663356600,3881.5,3895,3873.75,3888.75,,3888.75
1663358400,3888.5,3895.75,3886.75,3894.5,,3894.5
1663594200,3854,3886.75,3853.25,3880.25,,3880.25
1663596000,3880.5,3891.25,3872,3889.25,,3889.25
1663597800,3889,3903.75,3884,3894,,3894
1663599600,3894.25,3902.75,3883.5,3884,,3884
1663601400,3883.75,3884.75,3873.5,3877,,3877
1663603200,3877,3883.75,3870.5,3877.25,,3877.25
1663605000,3877.5,3895.5,3876.5,3893.25,,3893.25
1663606800,3893.5,3894.75,3883.75,3892.75,,3892.75
1663608600,3892.75,3893,3882,3886.5,,3886.5
1663610400,3886.5,3888.75,3878.75,3884,,3884
1663612200,3884,3891.5,3882.75,3890.75,,3890.75
1663614000,3891,3916,3890.75,3912.25,,3912.25
1663615800,3912.25,3918.75,3907.25,3918.75,,3918.75
1663617600,3918.5,3927,3917,3919.25,,3919.25
1663680600,3882.75,3885,3865.5,3870.5,,3870.5
1663682400,3870.5,3876,3862.5,3871.75,,3871.75
1663684200,3871.75,3879.5,3859,3878.25,,3878.25
1663686000,3878.5,3884,3873,3878,,3878
1663687800,3877.75,3890.5,3874,3889,,3889
1663689600,3889,3893.25,3877.5,3877.75,,3877.75
1663691400,3877.75,3878.5,3870,3873.75,,3873.75
1663693200,3874,3875,3856.75,3858,,3858
1663695000,3858,3859,3843.25,3845.5,,3845.5
1663696800,3845.5,3862.5,3845,3858.75,,3858.75
1663698600,3858.75,3868.5,3846.5,3865.25,,3865.25
1663700400,3865.25,3877,3860.25,3873.5,,3873.5
1663702200,3873.75,3887.5,3866.75,3874,,3874
1663704000,3873.75,3882.25,3873.75,3879.5,,3879.5
1663767000,3893,3901.25,3886,3894.5,,3894.5
1663768800,3894.5,3904.5,3890.75,3903.75,,3903.75
1663770600,3904,3905,3887.75,3891.75,,3891.75
1663772400,3892,3894.5,3886,3890.5,,3890.5
1663774200,3890.75,3896,3889.5,3892.5,,3892.5
1663776000,3892.25,3897.25,3890,3897,,3897
1663777800,3897,3900.75,3890.75,3891,,3891
1663779600,3891,3893.5,3887.75,3892,,3892
1663781400,3892,3905,3891.5,3901.75,,3901.75
1663783200,3902,3904,3832.75,3849,,3849
1663785000,3848.75,3925.25,3839,3906.5,,3906.5
1663786800,3906.5,3912.5,3846,3846.5,,3846.5
1663788600,3846.25,3851.25,3804,3804,,3804
1663790400,3804,3807.5,3799.5,3804.25,,3804.25
1663853400,3795.75,3806.75,3773.5,3778.5,,3778.5
1663855200,3778.75,3795,3772,3785.75,,3785.75
1663857000,3785.75,3791.25,3768.75,3770,,3770
1663858800,3770,3777,3763.5,3772.25,,3772.25
1663860600,3772.25,3783.25,3769.75,3773.75,,3773.75
1663862400,3773.75,3789.75,3770.75,3779.75,,3779.75
1663864200,3780,3788.75,3775.25,3781,,3781
1663866000,3781,3783.5,3768.75,3778.75,,3778.75
1663867800,3778.75,3787.25,3776,3783.75,,3783.75
1663869600,3783.5,3786,3766.25,3771.75,,3771.75
1663871400,3771.75,3786,3769,3783.75,,3783.75
1663873200,3783.5,3800,3781.5,3790.25,,3790.25
1663875000,3790.25,3805,3770.5,3771.25,,3771.25
1663876800,3771.5,3778.25,3767.75,3774.75,,3774.75
1663939800,3734.75,3735.25,3705.5,3706.5,,3706.5
1663941600,3706.5,3716.75,3702.5,3715.75,,3715.75
1663943400,3715.75,3716,3701.75,3702.75,,3702.75
1663945200,3702.75,3716.75,3700,3706,,3706
1663947000,3706,3710.25,3689.25,3696.25,,3696.25
1663948800,3696.25,3697.25,3678.75,3679.25,,3679.25
1663950600,3679,3695.25,3676,3694.75,,3694.75
1663952400,3694.5,3699.75,3685,3685.5,,3685.5
1663954200,3685.75,3691.5,3682.75,3689.25,,3689.25
1663956000,3689.5,3694.5,3668.5,3675.75,,3675.75
1663957800,3675.75,3676,3660.25,3662.5,,3662.5
1663959600,3662.25,3692.75,3661.5,3689.75,,3689.75
1663961400,3690,3711.25,3687.75,3707.5,,3707.5
1663963200,3707.5,3713.75,3703.25,3708,,3708
1664199000,3692,3714.5,3688.5,3712.5,,3712.5
1664200800,3712.5,3730.5,3701.75,3726.5,,3726.5
1664202600,3726.5,3727.5,3706,3712.75,,3712.75
1664204400,3712.75,3716.5,3687,3687.25,,3687.25
1664206200,3687.25,3699.5,3681,3696.25,,3696.25
1664208000,3696.25,3696.75,3671.75,3674.25,,3674.25
1664209800,3674.25,3687,3666.5,3683.5,,3683.5
1664211600,3683.5,3683.75,3657.5,3664.25,,3664.25
1664213400,3664,3675,3659.25,3660.75,,3660.75
1664215200,3660.75,3679.75,3659.25,3665.5,,3665.5
1664217000,3665.75,3687.5,3662.25,3683,,3683
1664218800,3683,3690,3675.75,3682.5,,3682.5
1664220600,3682.5,3697,3667.25,3671,,3671
1664222400,3671,3675.75,3662,3666.75,,3666.75
1664285400,3708.5,3733,3703.75,3712.25,,3712.25
1664287200,3712.25,3713.75,3686.25,3695.75,,3695.75
1664289000,3695.75,3717.75,3695.75,3710.5,,3710.5
1664290800,3710.75,3713.25,3675.25,3678.5,,3678.5
1664292600,3678.75,3686.5,3667.25,3668,,3668
1664294400,3668,3669,3638.75,3649.25,,3649.25
1664296200,3649.25,3658.25,3643.5,3654.25,,3654.25
1664298000,3654.25,3654.25,3640.75,3645.75,,3645.75
1664299800,3645.75,3650.75,3635.25,3644.25,,3644.25
1664301600,3644.5,3654,3640,3648.5,,3648.5
1664303400,3648.5,3673.25,3643.75,3667.25,,3667.25
1664305200,3667.25,3667.75,3654.5,3658,,3658
1664307000,3658,3667.75,3647.75,3661,,3661
1664308800,3661,3665.75,3652.25,3663.25,,3663.25
1664371800,3670.25,3676.75,3652.25,3670,,3670
1664373600,3670.25,3692.25,3658.25,3691.5,,3691.5
1664375400,3691.5,3702.5,3686.25,3692.5,,3692.5
1664377200,3692.75,3709.75,3688.5,3700,,3700
1664379000,3700.25,3712,3693,3711,,3711
1664380800,3711,3723.25,3709,3711.25,,3711.25
1664382600,3711.25,3721.25,3708.75,3716.75,,3716.75
1664384400,3717,3728,3711.75,3720.25,,3720.25
1664386200,3720.25,3722.75,3709.75,3714.75,,3714.75
1664388000,3714.75,3720.25,3711.5,3716.5,,3716.5
1664389800,3716.5,3726,3715.25,3722.75,,3722.75
1664391600,3722.75,3739.25,3721.5,3736.5,,3736.5
1664393400,3736.5,3751.25,3730.25,3732.5,,3732.5
1664395200,3732.5,3736.5,3730,3735,,3735
1664458200,3694.25,3697.5,3654,3657.5,,3657.5
1664460000,3657.75,3659,3631.25,3643.5,,3643.5
1664461800,3643.5,3656.25,3632.75,3651,,3651
1664463600,3651,3664.75,3646.75,3653.25,,3653.25
1664465400,3653.5,3672.5,3648.5,3666,,3666
1664467200,3666,3670,3650,3653.75,,3653.75
1664469000,3653.75,3660,3647,3648,,3648
1664470800,3648.25,3648.75,3639.5,3642.5,,3642.5
1664472600,3642.75,3650,3629.5,3630.25,,3630.25
1664474400,3630.5,3635,3622,3632.75,,3632.75
1664476200,3632.75,3641.25,3624.25,3624.5,,3624.5
1664478000,3624.5,3645.5,3624,3638.25,,3638.25
1664479800,3638.25,3658.75,3636.75,3654.5,,3654.5
1664481600,3654.75,3662.5,3653.5,3656.25,,3656.25
1664544600,3644,3662,3626.5,3655.75,,3655.75
1664546400,3656,3660,3641,3655.5,,3655.5
1664548200,3655.5,3671.5,3654,3666.75,,3666.75
1664550000,3666.75,3684.5,3660.75,3678.25,,3678.25
1664551800,3678.25,3681.75,3652.25,3654.5,,3654.5
1664553600,3654.75,3655,3643,3649.5,,3649.5
1664555400,3649.5,3659,3648.75,3651.75,,3651.75
1664557200,3651.5,3655,3645.5,3652,,3652
1664559000,3652,3654.25,3631.5,3634.5,,3634.5
1664560800,3634.75,3642.75,3628.25,3632.25,,3632.25
1664562600,3632.25,3637.25,3616,3618,,3618
1664564400,3618.25,3632.5,3613.5,3625.75,,3625.75
1664566200,3625.5,3632,3596.5,3597.25,,3597.25
1664568000,3597.25,3612.75,3595.25,3612.25,,3612.25
1664803800,3635.75,3641.5,3617,3632,,3632
1664805600,3632,3673.75,3631.75,3669,,3669
1664807400,3669,3675,3664.25,3668.75,,3668.75
1664809200,3668.75,3680,3666.25,3675,,3675
1664811000,3675,3677.75,3659.75,3663,,3663
1664812800,3663.25,3675.5,3662,3662.75,,3662.75
1664814600,3662.75,3668.75,3659.5,3668.25,,3668.25
1664816400,3668.5,3682,3667.25,3679,,3679
1664818200,3679,3687.75,3678.5,3682.25,,3682.25
1664820000,3682.5,3702.25,3682.5,3701,,3701
1664821800,3700.75,3711.75,3699.25,3707.25,,3707.25
1664823600,3707.25,3709.5,3698.25,3706,,3706
1664825400,3706,3708.5,3686,3691.25,,3691.25
1664827200,3691.5,3698,3690.5,3695,,3695
1664890200,3749.25,3787,3748.5,3786,,3786
1664892000,3786,3798.25,3785.75,3786.5,,3786.5
1664893800,3786.5,3800,3784.5,3798.25,,3798.25
1664895600,3798.25,3800.75,3790,3799.5,,3799.5
1664897400,3799.5,3802.5,3790,3796.25,,3796.25
1664899200,3796.25,3802,3792.5,3799,,3799
1664901000,3799,3802,3784.5,3787.75,,3787.75
1664902800,3787.75,3789,3766.5,3779.5,,3779.5
1664904600,3779.75,3793.75,3777,3789,,3789
1664906400,3789,3792.5,3781.25,3781.75,,3781.75
1664908200,3781.5,3800.25,3780.5,3797.25,,3797.25
1664910000,3797,3798.5,3780.5,3791.75,,3791.75
1664911800,3791.75,3805.75,3786.5,3804.75,,3804.75
1664913600,3805,3808.75,3801.75,3801.75,,3801.75
1664976600,3759,3777.25,3758.25,3766,,3766
1664978400,3766.25,3768.5,3739.5,3740.25,,3740.25
1664980200,3740,3747.75,3734,3738.5,,3738.5
1664982000,3738.5,3753.25,3737,3750.75,,3750.75
1664983800,3750.5,3759.5,3747.5,3755.25,,3755.25
1664985600,3755.5,3777.25,3747.25,3770,,3770
1664987400,3770,3785.5,3767,3778,,3778
1664989200,3778,3801,3776.5,3792,,3792
1664991000,3791.75,3795.5,3783.25,3783.5,,3783.5
1664992800,3783.5,3797.75,3782.25,3795.25,,3795.25
1664994600,3795.5,3803,3790,3802,,3802
1664996400,3802.25,3820,3802.25,3810.75,,3810.75
1664998200,3810.75,3814.25,3790,3797,,3797
1665000000,3797,3803.5,3796,3802.5,,3802.5
1665063000,3780.5,3811.5,3777.5,3786.25,,3786.25
1665064800,3786.5,3786.75,3760,3760.5,,3760.5
1665066600,3760.5,3789.25,3758,3788.5,,3788.5
1665068400,3788.5,3792.75,3773.25,3789.25,,3789.25
1665070200,3789.25,3794,3769.75,3771,,3771
1665072000,3770.75,3778,3763.25,3777.25,,3777.25
1665073800,3777.25,3787.5,3771.25,3779,,3779
1665075600,3779,3784,3771.25,3782,,3782
1665077400,3782,3782.25,3771.25,3778.5,,3778.5
1665079200,3778.25,3778.75,3764.5,3768.25,,3768.25
1665081000,3768.25,3773.75,3750.75,3758.5,,3758.5
1665082800,3758.75,3769.25,3751,3769,,3769
1665084600,3768.75,3770.25,3753.25,3756,,3756
1665086400,3756.25,3761,3753.75,3755,,3755
1665149400,3713.75,3717.5,3676.5,3678.25,,3678.25
1665151200,3678.25,3692.5,3670.75,3685.25,,3685.25
1665153000,3685.5,3694.75,3678.5,3687.75,,3687.75
1665154800,3687.75,3694.25,3674,3681.5,,3681.5
1665156600,3681.5,3684.5,3671.5,3675.75,,3675.75
1665158400,3675.75,3681.25,3665,3666,,3666
1665160200,3666.25,3666.25,3657.25,3661,,3661
1665162000,3661.25,3665.25,3654,3661.25,,3661.25
1665163800,3661.25,3666.75,3655.25,3657.25,,3657.25
1665165600,3657.25,3661.5,3649,3649.75,,3649.75
1665167400,3649.75,3654.25,3645.75,3650.75,,3650.75
1665169200,3650.75,3658.25,3635.75,3639.25,,3639.25
1665171000,3639.25,3655.75,3632.5,3651.25,,3651.25
1665172800,3651,3652.75,3646.5,3649.5,,3649.5
1665408600,3663,3665.5,3638.5,3639.75,,3639.75
1665410400,3639.75,3653.5,3632.5,3648,,3648
1665412200,3648,3653,3619.25,3625,,3625
1665414000,3625,3634.25,3616,3626.5,,3626.5
1665415800,3626.5,3637.75,3620.5,3631,,3631
1665417600,3631,3633.25,3611.75,3613.25,,3613.25
1665419400,3613.5,3616.5,3606.25,3606.5,,3606.5
1665421200,3606.5,3614.25,3600,3612.5,,3612.5
1665423000,3612.75,3647,3612,3638.25,,3638.25
1665424800,3638.25,3639.75,3622.25,3629.25,,3629.25
1665426600,3629.5,3640,3625.25,3628.5,,3628.5
1665428400,3628.5,3643,3623.5,3631,,3631
1665430200,3631.25,3640.5,3623.25,3623.5,,3623.5
1665432000,3623.5,3628.5,3623.25,3626,,3626
1665495000,3604.75,3611.5,3587.25,3588.25,,3588.25
1665496800,3588.5,3597,3580.25,3590.25,,3590.25
1665498600,3590,3609.5,3585,3597.75,,3597.75
1665500400,3598,3618.25,3597,3616,,3616
1665502200,3616.25,3638,3614.5,3630.25,,3630.25
1665504000,3630.5,3640.5,3617.25,3635.5,,3635.5
1665505800,3635.75,3653.25,3634.75,3644.5,,3644.5
1665507600,3644.5,3646.75,3633.75,3636.75,,3636.75
1665509400,3637,3644.5,3631.25,3641.5,,3641.5
1665511200,3641.5,3644,3627.25,3635.75,,3635.75
1665513000,3636,3641.25,3593.75,3595.5,,3595.5
1665514800,3595.75,3598.5,3579,3593.5,,3593.5
1665516600,3593.25,3605,3586.5,3599.75,,3599.75
1665518400,3600,3604.25,3598.25,3602.25,,3602.25
1665581400,3604,3620.75,3585.5,3610.5,,3610.5
1665583200,3610.75,3617.25,3592.5,3606.5,,3606.5
1665585000,3606.5,3614.25,3592.75,3601,,3601
1665586800,3601,3614.5,3599.75,3610,,3610
1665588600,3610.25,3617,3603.5,3614.5,,3614.5
1665590400,3614.5,3620.5,3602.5,3604.25,,3604.25
1665592200,3604.25,3609.5,3598.5,3608,,3608
1665594000,3608,3610.5,3601.5,3605.5,,3605.5
1665595800,3605.5,3605.75,3595.5,3598,,3598
1665597600,3598,3615,3592.75,3613,,3613
1665599400,3613.25,3616.25,3596.5,3598.75,,3598.75
1665601200,3599,3603.75,3593.5,3598,,3598
1665603000,3598.25,3605,3587.25,3587.5,,3587.5
1665604800,3587.5,3593.25,3587.25,3591.75,,3591.75
1665667800,3513.25,3546,3502,3540.25,,3540.25
1665669600,3540.5,3562.5,3535,3540.75,,3540.75
1665671400,3540.75,3568.25,3538.5,3556.5,,3556.5
1665673200,3557,3648.5,3554.5,3624.25,,3624.25
1665675000,3624.25,3675.5,3619.25,3650.5,,3650.5
1665676800,3650.5,3662,3631.5,3635.25,,3635.25
1665678600,3635.5,3659.5,3633,3651.75,,3651.75
1665680400,3652,3680,3651.5,3675.5,,3675.5
1665682200,3675.75,3687.75,3671,3678,,3678
1665684000,3678,3679.5,3662.25,3663.75,,3663.75
1665685800,3663.75,3694,3663.5,3690.75,,3690.75
1665687600,3690.75,3697.75,3682.5,3683.5,,3683.5
1665689400,3683.25,3695,3673,3682,,3682
1665691200,3682.25,3688.25,3678.25,3678.75,,3678.75
1665754200,3707.5,3725.25,3681.75,3688,,3688
1665756000,3688.5,3689,3628,3641.5,,3641.5
1665757800,3641.5,3650.5,3625,3642,,3642
1665759600,3642.25,3656.75,3627.75,3643,,3643
1665761400,3643.25,3643.25,3614,3618.25,,3618.25
1665763200,3618.5,3632,3605.5,3618,,3618
1665765000,3618,3629.25,3612,3614.5,,3614.5
1665766800,3614.75,3623.5,3606,3615,,3615
1665768600,3615.25,3623,3612.5,3622.5,,3622.5
1665770400,3622.75,3622.75,3598.75,3604.75,,3604.75
1665772200,3604.75,3606.25,3596.5,3605.75,,3605.75
1665774000,3605.75,3615,3595,3608,,3608
1665775800,3608.25,3615.75,3591.25,3599.25,,3599.25
1665777600,3599.25,3601.5,3596.75,3600.5,,3600.5
1666013400,3662.25,3696.25,3661.5,3680.75,,3680.75
1666015200,3681,3702.5,3678,3689.75,,3689.75
1666017000,3689.75,3693.75,3671,3676.5,,3676.5
1666018800,3676.75,3687,3668.25,3686,,3686
1666020600,3686,3697.5,3683,3691.25,,3691.25
1666022400,3691.5,3698.5,3684,3690.75,,3690.75
1666024200,3691,3696.75,3681.5,3687.25,,3687.25
1666026000,3687.5,3695.75,3681.5,3692.75,,3692.75
1666027800,3693,3699.5,3691.25,3696.75,,3696.75
1666029600,3696.75,3702.25,3685,3690,,3690
1666031400,3689.75,3696.25,3686.25,3690.5,,3690.5
1666033200,3690.5,3693,3684.25,3692.25,,3692.25
1666035000,3692.25,3698.25,3685.25,3690,,3690
1666036800,3690.25,3696.25,3688.5,3695.75,,3695.75
1666099800,3773.5,3777.25,3747,3753.5,,3753.5
1666101600,3753.5,3766.25,3741.5,3742,,3742
1666103400,3742,3747.75,3732,3737.5,,3737.5
1666105200,3737.5,3742.25,3703.25,3709.25,,3709.25
1666107000,3709.25,3715,3697.25,3714,,3714
1666108800,3714.25,3730,3707.5,3721.5,,3721.5
1666110600,3721.5,3736.75,3717.75,3726.5,,3726.5
1666112400,3726.5,3735.25,3713.75,3734.5,,3734.5
1666114200,3734.5,3746.5,3732,3742.5,,3742.5
1666116000,3742.75,3745.25,3732.25,3741.75,,3741.75
1666117800,3741.75,3742.25,3703.25,3716.25,,3716.25
1666119600,3716.25,3720.25,3706,3718.75,,3718.75
1666121400,3719,3735.5,3716.75,3733.75,,3733.75
1666123200,3733.75,3748.75,3723.5,3746.25,,3746.25
1666186200,3712,3731.75,3700.5,3708,,3708
1666188000,3707.75,3740.5,3704.25,3738.25,,3738.25
1666189800,3738.25,3740.75,3715.25,3718.75,,3718.75
1666191600,3718.75,3729.5,3713.75,3717.5,,3717.5
1666193400,3717.5,3725.5,3708.5,3719.25,,3719.25
1666195200,3719.5,3720.25,3702,3704,,3704
1666197000,3704,3711.25,3690.25,3694.25,,3694.25
1666198800,3694.25,3696.5,3676.75,3687.5,,3687.5
1666200600,3687.25,3691.5,3682.25,3690.75,,3690.75
1666202400,3690.75,3706.5,3687.25,3702.75,,3702.75
1666204200,3702.75,3704.75,3692.25,3693.25,,3693.25
1666206000,3693.5,3708.75,3690.5,3698.5,,3698.5
1666207800,3698.75,3708.5,3694.5,3707,,3707
1666209600,3707.25,3721.25,3700.5,3707.75,,3707.75
1666272600,3700.25,3719,3690.25,3711.75,,3711.75
1666274400,3711.5,3748,3710.25,3742.5,,3742.5
1666276200,3742.75,3746,3727.5,3740.75,,3740.75
1666278000,3740.5,3742.5,3719.5,3724,,3724
1666279800,3724,3735.5,3722.5,3723.25,,3723.25
1666281600,3723.25,3724.75,3699,3702.25,,3702.25
1666283400,3702.5,3705.75,3692.5,3699.75,,3699.75
1666285200,3699.75,3701.25,3684,3691.75,,3691.75
1666287000,3691.75,3692.75,3673.75,3681.25,,3681.25
1666288800,3681.5,3683,3667.25,3668,,3668
1666290600,3667.75,3682.5,3667,3676.5,,3676.5
1666292400,3676.5,3686.5,3669.5,3673,,3673
1666294200,3673.25,3686,3666.25,3674.5,,3674.5
1666296000,3674.75,3683.25,3673.75,3682,,3682
1666359000,3671.5,3711.5,3655.5,3711.5,,3711.5
1666360800,3711.5,3727.25,3693.25,3693.75,,3693.75
1666362600,3694,3705.25,3683,3688.25,,3688.25
1666364400,3688.25,3701.25,3677.75,3697.75,,3697.75
1666366200,3698,3721.25,3696.5,3721,,3721
1666368000,3721.25,3732.75,3713,3714.5,,3714.5
1666369800,3714.75,3740,3713,3734,,3734
1666371600,3734,3741,3727.75,3734.5,,3734.5
1666373400,3734.5,3748,3733,3747.25,,3747.25
1666375200,3747.5,3754.75,3741.25,3747,,3747
1666377000,3747,3751.5,3742,3750,,3750
1666378800,3750.25,3768,3748.5,3767.5,,3767.5
1666380600,3767.5,3769.5,3759.75,3763.75,,3763.75
1666382400,3763.75,3768.5,3762.25,3765.25,,3765.25
1666618200,3779.5,3808.75,3771.75,3798,,3798
1666620000,3797.75,3798.5,3751.75,3766.75,,3766.75
1666621800,3767,3789.25,3762.25,3787.25,,3787.25
1666623600,3787,3791.25,3775.25,3788.5,,3788.5
1666625400,3788.5,3803.25,3782.75,3802,,3802
1666627200,3802.25,3808,3795.5,3802.25,,3802.25
1666629000,3802.25,3805.25,3795.5,3798,,3798
1666630800,3798.25,3799.25,3787.75,3791.25,,3791.25
1666632600,3791.25,3797,3787.25,3792.75,,3792.75
1666634400,3792.75,3803.5,3791.5,3801.5,,3801.5
1666636200,3801.5,3816.25,3801,3814.75,,3814.75
1666638000,3815,3822,3813.5,3817.75,,3817.75
1666639800,3817.75,3819,3802.5,3809.5,,3809.5
1666641600,3809.5,3810.25,3806.25,3807.5,,3807.5
1666704600,3808.75,3847.5,3807,3844.75,,3844.75
1666706400,3844.75,3849,3834,3849,,3849
1666708200,3849,3851.25,3839,3843.5,,3843.5
1666710000,3843.5,3855.25,3841.5,3853.75,,3853.75
1666711800,3853.75,3860.25,3851.75,3856.25,,3856.25
1666713600,3856.25,3863.5,3853.5,3858.25,,3858.25
1666715400,3858.25,3859.75,3850.75,3852,,3852
1666717200,3852,3856.25,3844.25,3851.25,,3851.25
1666719000,3851,3857.25,3846,3851,,3851
1666720800,3851.25,3861.75,3850.25,3861.5,,3861.5
1666722600,3861.5,3866.25,3856.25,3857,,3857
1666724400,3857,3869.5,3856.5,3869.25,,3869.25
1666726200,3869,3874.25,3866,3870,,3870
1666728000,3870.25,3872,3849.25,3850.25,,3850.25
1666791000,3837.25,3852.75,3834.25,3838,,3838
1666792800,3838.5,3870.25,3838.5,3867.75,,3867.75
1666794600,3867.5,3881,3862,3872,,3872
1666796400,3871.75,3893,3871.75,3890,,3890
1666798200,3890,3897.5,3886.25,3889.75,,3889.75
1666800000,3889.5,3894,3881.75,3883.75,,3883.75
1666801800,3883.75,3889.25,3862,3865,,3865
1666803600,3865,3866,3853,3853.75,,3853.75
1666805400,3853.5,3860.75,3848.5,3859,,3859
1666807200,3859.25,3865,3848,3849,,3849
1666809000,3848.75,3853.5,3841,3845.25,,3845.25
1666810800,3845.25,3847.75,3836.25,3844.25,,3844.25
1666812600,3844.25,3851.75,3838.5,3842,,3842
1666814400,3842,3856.25,3840.5,3848.25,,3848.25
1666877400,3850.75,3863.75,3825.5,3832,,3832
1666879200,3832.25,3867.5,3828.5,3866,,3866
1666881000,3866,3870.75,3842,3842.25,,3842.25
1666882800,3842.25,3855,3839.25,3844.75,,3844.75
1666884600,3844.75,3850,3829,3834,,3834
1666886400,3834,3844.5,3821.75,3822.25,,3822.25
1666888200,3822.25,3837,3821.5,3835.75,,3835.75
1666890000,3835.75,3848.25,3831,3836.75,,3836.75
1666891800,3836.75,3838.5,3827.5,3828.25,,3828.25
1666893600,3828.25,3830.75,3820.75,3826.25,,3826.25
1666895400,3826.25,3827.75,3818.25,3821.25,,3821.25
1666897200,3821.25,3828.5,3815.5,3827.5,,3827.5
1666899000,3827.75,3833.5,3813.5,3820,,3820
1666900800,3820,3823.5,3776,3783.25,,3783.25
1666963800,3818.5,3854,3816.5,3846,,3846
1666965600,3846,3864.25,3829.5,3860,,3860
1666967400,3860,3879,3858.5,3877.75,,3877.75
1666969200,3877.75,3883.5,3871.25,3873,,3873
1666971000,3873,3883.25,3869.25,3878.25,,3878.25
1666972800,3878.25,3891.5,3870.75,3891,,3891
1666974600,3891,3895,3885.25,3892.25,,3892.25
1666976400,3892.5,3898.75,3891.25,3895,,3895
1666978200,3895,3902,3894.75,3896.25,,3896.25
1666980000,3896.25,3901.5,3892.75,3898.75,,3898.75
1666981800,3899,3911.75,3898,3909.5,,3909.5
1666983600,3909.75,3913.75,3904,3911,,3911
1666985400,3911,3916.5,3907.25,3910.75,,3910.75
1666987200,3910.75,3916.5,3909.75,3916.5,,3916.5
1667223000,3884.25,3894.75,3874.5,3874.5,,3874.5
1667224800,3874.75,3889,3872.25,3878,,3878
1667226600,3878,3887.5,3873.5,3881.25,,3881.25
1667228400,3881.25,3896,3880.25,3893.5,,3893.5
1667230200,3893.5,3904.5,3883,3890.75,,3890.75
1667232000,3890.75,3900,3884,3889.5,,3889.5
1667233800,3889.5,3889.5,3877.5,3882.5,,3882.5
1667235600,3882.75,3894.5,3877.75,3893.25,,3893.25
1667237400,3893.5,3896,3885.25,3890.75,,3890.75
1667239200,3890.5,3894.5,3886.5,3890,,3890
1667241000,3889.75,3897.5,3885.25,3889.25,,3889.25
1667242800,3889.25,3889.5,3875.25,3887,,3887
1667244600,3887,3895.25,3880.5,3882.75,,3882.75
1667246400,3882.75,3885.25,3879.75,3882.5,,3882.5
1667309400,3921.75,3924.25,3897.5,3901,,3901
1667311200,3900.5,3904,3869.25,3883.75,,3883.75
1667313000,3884,3886.5,3855.5,3859.75,,3859.75
1667314800,3859.75,3867.5,3856,3864.75,,3864.75
1667316600,3864.75,3868.25,3852.5,3865.25,,3865.25
1667318400,3865.25,3880.25,3862.25,3864.5,,3864.5
1667320200,3864.5,3869.25,3859.5,3867.5,,3867.5
1667322000,3867.5,3874.5,3862.75,3868.75,,3868.75
1667323800,3868.75,3871,3862.5,3870.75,,3870.75
1667325600,3870.75,3872.5,3866,3870.25,,3870.25
1667327400,3870.25,3875.5,3862.5,3873.5,,3873.5
1667329200,3873.75,3878.25,3866.75,3867.75,,3867.75
1667331000,3868,3875.25,3864.5,3865,,3865
1667332800,3865.25,3869,3856,3857.5,,3857.5
1667395800,3858.5,3860.25,3843.25,3843.75,,3843.75
1667397600,3843.75,3850,3840.25,3842,,3842
1667399400,3842,3850.5,3840.5,3846.75,,3846.75
1667401200,3846.75,3850,3841.75,3845.5,,3845.5
1667403000,3845.75,3850.5,3843.5,3846.25,,3846.25
1667404800,3846.25,3848.25,3836.5,3836.5,,3836.5
1667406600,3836.75,3846.25,3833,3844,,3844
1667408400,3844,3844.25,3839,3840.75,,3840.75
1667410200,3840.5,3858.5,3839.5,3852.75,,3852.75
1667412000,3852.75,3899.5,3839.5,3898.5,,3898.5
1667413800,3898.5,3907,3808.5,3824.25,,3824.25
1667415600,3824.25,3851.25,3781.25,3789.25,,3789.25
1667417400,3789.25,3794.25,3766.75,3767,,3767
1667419200,3767,3768,3760.25,3764.5,,3764.5
1667482200,3732,3739.5,3707,3708.5,,3708.5
1667484000,3708.5,3745,3704.25,3742.75,,3742.75
1667485800,3742.75,3752.75,3728.25,3751.5,,3751.5
1667487600,3751.5,3753.75,3733.75,3733.75,,3733.75
1667489400,3733.75,3744.25,3726.75,3733.75,,3733.75
1667491200,3734,3752.25,3730.25,3747.5,,3747.5
1667493000,3747.5,3758.5,3739.75,3755,,3755
1667494800,3755,3757,3742.75,3745.75,,3745.75
1667496600,3745.5,3748,3738.75,3739,,3739
1667498400,3739.25,3751.25,3735,3749.5,,3749.5
1667500200,3749.75,3753.25,3742.5,3752,,3752
1667502000,3752,3752.75,3744.5,3749,,3749
1667503800,3749,3752,3725.75,3726.25,,3726.25
1667505600,3726.25,3731.5,3725.5,3731.25,,3731.25
1667568600,3786.25,3790,3738.25,3767.25,,3767.25
1667570400,3767.25,3797.5,3763.25,3793.25,,3793.25
1667572200,3793.25,3805.5,3780.5,3784.75,,3784.75
1667574000,3784.75,3790.75,3757,3758.75,,3758.75
1667575800,3758.75,3765,3723.75,3725.75,,3725.75
1667577600,3725.75,3746,3716.5,3743.25,,3743.25
1667579400,3743.25,3745.5,3722.5,3728.5,,3728.5
1667581200,3728.75,3736.75,3717,3727,,3727
1667583000,3727.25,3732,3720.75,3723.5,,3723.5
1667584800,3723.25,3741.5,3715.25,3738.25,,3738.25
1667586600,3738.25,3758,3734.5,3755.5,,3755.5
1667588400,3755.5,3768.75,3751.75,3761.5,,3761.5
1667590200,3761.5,3781.5,3756.25,3780.25,,3780.25
1667592000,3780.25,3785.25,3774,3774.75,,3774.75
1667831400,3793,3799.5,3771.25,3777.25,,3777.25
1667833200,3777.25,3800,3776.25,3784.75,,3784.75
1667835000,3784.75,3793.5,3778.25,3792.25,,3792.25
1667836800,3792.5,3797,3784.75,3794,,3794
1667838600,3794.25,3797.75,3778,3778.25,,3778.25
1667840400,3778.25,3788.75,3773.75,3787.5,,3787.5
1667842200,3787.75,3789.75,3781.5,3786.25,,3786.25
1667844000,3786.25,3796.25,3785.75,3792.75,,3792.75
1667845800,3792.75,3795.5,3787.5,3795.25,,3795.25
1667847600,3795.25,3812.25,3795.25,3810.75,,3810.75
1667849400,3811,3816.25,3808.25,3809.75,,3809.75
1667851200,3809.75,3819.5,3809.5,3818,,3818
1667853000,3818,3821.75,3809.5,3816,,3816
1667854800,3816,3816.5,3812.25,3814.75,,3814.75
1667917800,3826.75,3828.25,3810.75,3819.5,,3819.5
1667919600,3819.5,3838.75,3818.75,3835.5,,3835.5
1667921400,3835.5,3849,3834.5,3846.5,,3846.5
1667923200,3846.5,3857.5,3840.75,3856,,3856
1667925000,3856,3867,3856,3861.5,,3861.5
1667926800,3861.5,3863.75,3855.25,3859.25,,3859.25
1667928600,3859.25,3863.75,3855.5,3860.5,,3860.5
1667930400,3860.75,3866,3831.5,3833.5,,3833.5
1667932200,3833.5,3841.25,3820.25,3823.25,,3823.25
1667934000,3823.25,3829,3796.25,3797,,3797
1667935800,3797,3829,3792.75,3821.75,,3821.75
1667937600,3822,3845.25,3821,3844.5,,3844.5
1667939400,3844.75,3856.75,3833,3835.25,,3835.25
1667941200,3835.5,3835.5,3825.25,3827.5,,3827.5
1668004200,3813.25,3815.25,3795,3801.25,,3801.25
1668006000,3801.25,3825.75,3798.75,3810.25,,3810.25
1668007800,3810.25,3814.25,3788.25,3796.5,,3796.5
1668009600,3796.5,3811,3795.75,3805.75,,3805.75
1668011400,3805.5,3817,3799.5,3805,,3805
1668013200,3804.75,3807.25,3794.75,3796.75,,3796.75
1668015000,3797,3803.75,3792.75,3799.25,,3799.25
1668016800,3799.5,3802,3785,3786.75,,3786.75
1668018600,3786.5,3786.5,3768.5,3775.25,,3775.25
1668020400,3775.25,3782.5,3771.5,3777.5,,3777.5
1668022200,3777.75,3777.75,3759.5,3762.25,,3762.25
1668024000,3762.25,3775.75,3760.5,3767,,3767
1668025800,3767.25,3768,3750,3755.5,,3755.5
1668027600,3755.75,3759.5,3753.75,3757.75,,3757.75
1668090600,3894.25,3913.25,3870.75,3912.75,,3912.75
1668092400,3912.75,3919.5,3903,3912.75,,3912.75
1668094200,3912.5,3922,3894.25,3919.75,,3919.75
1668096000,3919.5,3923.75,3909.25,3923,,3923
1668097800,3923,3935.75,3923,3934,,3934
1668099600,3934,3934,3920.25,3921.75,,3921.75
1668101400,3921.5,3921.5,3904.5,3905.75,,3905.75
1668103200,3905.75,3924,3905.75,3921,,3921
1668105000,3921,3930.5,3915.75,3927.75,,3927.75
1668106800,3927.75,3933.75,3924.5,3931.25,,3931.25
1668108600,3931.25,3938.75,3927.5,3937.75,,3937.75
1668110400,3937.5,3950.5,3935,3949.75,,3949.75
1668112200,3950,3965.5,3947.5,3961,,3961
1668114000,3961.25,3967,3958.75,3960.5,,3960.5
1668177000,3971.25,3977,3951,3967.25,,3967.25
1668178800,3966.75,3991.25,3951.5,3985,,3985
1668180600,3985,3989.25,3974,3978.75,,3978.75
1668182400,3978.75,3986.75,3959,3959.5,,3959.5
1668184200,3959.5,3972.25,3955.75,3967.5,,3967.5
1668186000,3967.5,3978,3962,3975.25,,3975.25
1668187800,3975.25,3982,3968.25,3977.25,,3977.25
1668189600,3977.25,3993.75,3977,3993.25,,3993.25
1668191400,3993.5,3999,3988.25,3997.5,,3997.5
1668193200,3997.5,4004.5,3992.5,4003.75,,4003.75
1668195000,4003.5,4009.5,4002.25,4008.25,,4008.25
1668196800,4008.25,4008.75,3989,4001.25,,4001.25
1668198600,4001.25,4009.75,3995,4000.75,,4000.75
1668200400,4001,4003,3995.75,4000.5,,4000.5
1668436200,3981.75,3993.75,3974.5,3986.5,,3986.5
1668438000,3986.75,4005.5,3986.5,3994.75,,3994.75
1668439800,3994.75,4003.5,3991.5,4000,,4000
1668441600,4000,4001.75,3979,3983.75,,3983.75
1668443400,3983.75,4000.75,3981.25,3994,,3994
1668445200,3994.25,4002.25,3989.5,3999.25,,3999.25
1668447000,3999.5,4008,3998.75,4001.75,,4001.75
1668448800,4002,4016.5,3999.25,4015.25,,4015.25
1668450600,4015.5,4017.5,4012,4016.75,,4016.75
1668452400,4016.75,4017.5,4007.75,4013,,4013
1668454200,4013,4014.25,4000.75,4003,,4003
1668456000,4003.25,4010.5,3990,3993.75,,3993.75
1668457800,3994,3994.75,3964,3967.5,,3967.5
1668459600,3967.75,3976,3966.75,3975.75,,3975.75
1668522600,4026.75,4038.75,4015,4031.75,,4031.75
1668524400,4031.75,4037.5,4017.75,4031.5,,4031.5
1668526200,4031.5,4034.75,4013.5,4018,,4018
1668528000,4018,4023.75,4009,4017.25,,4017.25
1668529800,4017.5,4031.25,4017.25,4027.5,,4027.5
1668531600,4027.5,4028.75,4014.75,4015.25,,4015.25
1668533400,4015.25,4020.75,4009.5,4015.25,,4015.25
1668535200,4015.25,4018.5,3974.25,3978.25,,3978.25
1668537000,3978.5,3989.5,3960,3979.5,,3979.5
1668538800,3979.5,4005,3964,3998.5,,3998.5
1668540600,3998.75,4006.75,3987.5,4002,,4002
1668542400,4002.25,4010.75,3996.25,4004.25,,4004.25
1668544200,4004.5,4008,3989.25,4001,,4001
1668546000,4000.75,4006,3993,3997,,3997
1668609000,3983,3992.75,3972,3978,,3978
1668610800,3978,3985.25,3972.5,3978,,3978
1668612600,3978,3986.75,3966.25,3969.75,,3969.75
1668614400,3969.75,3981.25,3968.5,3978.75,,3978.75
1668616200,3978.75,3984.25,3974.5,3979.75,,3979.75
1668618000,3979.75,3981.25,3971.5,3977.5,,3977.5
1668619800,3977.5,3991.25,3975,3981.5,,3981.5
1668621600,3981.5,3983.5,3976.5,3978.25,,3978.25
1668623400,3978.25,3980,3965.5,3967,,3967
1668625200,3967,3974.5,3965.5,3972.25,,3972.25
1668627000,3972.25,3976.5,3963.5,3976,,3976
1668628800,3976,3977,3962,3967,,3967
1668630600,3967.25,3976.5,3963.5,3969.5,,3969.5
1668632400,3969.75,3979,3968,3978.75,,3978.75
1668695400,3917,3929.75,3915.25,3916.25,,3916.25
1668697200,3916,3934.75,3913.75,3932.25,,3932.25
1668699000,3932.25,3932.75,3917.25,3918,,3918
1668700800,3918,3925.75,3915.5,3924.75,,3924.75
1668702600,3924.75,3944.75,3922.75,3944,,3944
1668704400,3944.25,3949.5,3942,3942.5,,3942.5
1668706200,3942.75,3958.25,3940,3955.5,,3955.5
1668708000,3955.25,3962.5,3953.25,3957,,3957
1668709800,3957,3961.75,3949.75,3955,,3955
1668711600,3955,3959.5,3941.5,3945.5,,3945.5
1668713400,3945.25,3947.25,3937.75,3944,,3944
1668715200,3944.25,3946.5,3928.75,3933,,3933
1668717000,3933.25,3957,3932.5,3956,,3956
1668718800,3955.75,3958.75,3952.75,3953,,3953
1668781800,3990.5,3991.75,3968,3970.5,,3970.5
1668783600,3970.5,3972.25,3955.75,3966.5,,3966.5
1668785400,3966.5,3969.75,3955,3958,,3958
1668787200,3958.25,3971.25,3953,3967.75,,3967.75
1668789000,3967.75,3972.5,3957.25,3963.75,,3963.75
1668790800,3963.75,3965.5,3942.5,3951,,3951
1668792600,3951,3954.25,3943.5,3950.75,,3950.75
1668794400,3950.75,3960,3949,3959.5,,3959.5
1668796200,3959.5,3961,3946,3951,,3951
1668798000,3951,3959.5,3950.5,3956.75,,3956.75
1668799800,3956.75,3961,3952,3959.5,,3959.5
1668801600,3959.5,3971.5,3958.75,3971.25,,3971.25
1668803400,3971.5,3982.75,3963.75,3973.25,,3973.25
1668805200,3973,3974.75,3966.5,3969.75,,3969.75
1669041000,3958.5,3970.5,3954.75,3964.25,,3964.25
1669042800,3964.25,3967.5,3947.25,3951,,3951
1669044600,3951.25,3953.75,3944.25,3950.75,,3950.75
1669046400,3951,3955.75,3948,3949.75,,3949.75
1669048200,3949.75,3954,3937.5,3944,,3944
1669050000,3944,3953.75,3943.25,3949,,3949
1669051800,3949,3959.25,3948.25,3951.25,,3951.25
1669053600,3951.25,3964.25,3950.75,3962,,3962
1669055400,3962,3968.25,3959.5,3959.75,,3959.75
1669057200,3959.5,3965.75,3957.25,3958.75,,3958.75
1669059000,3958.75,3961.5,3955.5,3957,,3957
1669060800,3957,3962,3952,3955.25,,3955.25
1669062600,3955.25,3963.25,3953.25,3958,,3958
1669064400,3958,3960.75,3957.25,3960,,3960
1669127400,3977.5,3980,3962.75,3970.25,,3970.25
1669129200,3970.5,3985.75,3968.25,3982.5,,3982.5
1669131000,3982.75,3989.5,3977,3988,,3988
1669132800,3988,3988.75,3978.25,3985,,3985
1669134600,3985,3987,3979.5,3985.75,,3985.75
1669136400,3986,3990.5,3984,3986,,3986
1669138200,3986,3989.25,3984.75,3986.25,,3986.25
1669140000,3986.25,3997,3984.5,3996,,3996
1669141800,3996,3998.75,3993,3996.75,,3996.75
1669143600,3997,3998.75,3993,3996.5,,3996.5
1669145400,3996.75,4001.75,3994.25,4000.75,,4000.75
1669147200,4000.5,4007,3999.75,4005.75,,4005.75
1669149000,4006,4012.5,4004.75,4010,,4010
1669150800,4010.25,4010.75,4007.25,4009.25,,4009.25
1669213800,4005.75,4029,4005,4024.25,,4024.25
1669215600,4024.5,4031.25,4017,4029.75,,4029.75
1669217400,4029.75,4038,4028.25,4031.75,,4031.75
1669219200,4031.5,4035.75,4029,4032,,4032
1669221000,4032,4032,4008.25,4013.75,,4013.75
1669222800,4013.75,4020.75,4012.75,4018.25,,4018.25
1669224600,4018.25,4020,4003.25,4008.5,,4008.5
1669226400,4008.25,4017,4005.5,4016.75,,4016.75
1669228200,4017,4022.25,4016.75,4020,,4020
1669230000,4020,4039.25,4012.25,4033.75,,4033.75
1669231800,4033.75,4037.5,4022.5,4032.5,,4032.5
1669233600,4032.5,4039.5,4028,4034.25,,4034.25
1669235400,4034.25,4034.75,4027,4034.5,,4034.5
1669237200,4034.5,4036.75,4032.5,4035.75,,4035.75
1669386600,4028,4035.75,4025.25,4034.75,,4034.75
1669388400,4034.75,4038.25,4033,4035.25,,4035.25
1669390200,4035.25,4037.5,4033.25,4036.5,,4036.5
1669392000,4036.5,4039.25,4032,4033,,4033
1669393800,4033.25,4036.5,4030,4035.25,,4035.25
1669395600,4035.25,4036.25,4032.25,4035.5,,4035.5
1669397400,4035.75,4035.75,4028.5,4033,,4033
1669399200,4033,4034.5,4031.5,4034.25,,4034.25
1669645800,4000.5,4017.75,3999.5,4008,,4008
1669647600,4008,4012,3997.5,4002.75,,4002.75
1669649400,4002.75,4005,3993.25,3994.5,,3994.5
1669651200,3994.5,3998,3991.25,3994.75,,3994.75
1669653000,3994.75,4000.25,3992.75,3998.25,,3998.25
1669654800,3998.25,4004,3985,3994.5,,3994.5
1669656600,3994.75,3999,3985,3985.5,,3985.5
1669658400,3985.75,3989.5,3983.5,3987,,3987
1669660200,3987.25,3987.75,3973.5,3974.75,,3974.75
1669662000,3974.75,3976.75,3967.75,3969.25,,3969.25
1669663800,3969,3973.5,3967.25,3969,,3969
1669665600,3969.25,3970,3960.5,3961.5,,3961.5
1669667400,3961.5,3972,3960.25,3968.5,,3968.5
1669669200,3968.5,3973.25,3968.25,3972.5,,3972.5
1669732200,3969,3974.75,3961,3965.25,,3965.25
1669734000,3965.5,3979,3962.5,3979,,3979
1669735800,3979,3981.75,3971,3971.75,,3971.75
1669737600,3972,3974,3941.25,3946,,3946
1669739400,3945.75,3955.5,3943.25,3955.25,,3955.25
1669741200,3955,3956,3949.25,3951.25,,3951.25
1669743000,3951.25,3961.25,3951,3958.25,,3958.25
1669744800,3958.25,3959.5,3948.25,3948.5,,3948.5
1669746600,3948.75,3959.5,3947.75,3959,,3959
1669748400,3958.75,3969.5,3955.5,3956.25,,3956.25
1669750200,3956.25,3957.25,3950.25,3956,,3956
1669752000,3956,3962,3953.25,3958,,3958
1669753800,3958,3964,3956.5,3961.25,,3961.25
1669755600,3961.5,3962.75,3958,3958,,3958
1669818600,3962.75,3970.5,3956.75,3959.75,,3959.75
1669820400,3960.25,3962.25,3947,3950,,3950
1669822200,3950,3956,3946.5,3950,,3950
1669824000,3950.25,3960.75,3945.5,3959.25,,3959.25
1669825800,3959,3964,3958.5,3959.75,,3959.75
1669827600,3959.75,3961.75,3942.75,3947,,3947
1669829400,3947.25,3951.5,3942.75,3950.25,,3950.25
1669831200,3950,3958.25,3949.25,3956.25,,3956.25
1669833000,3956.25,4008.5,3948.5,4005.25,,4005.25
1669834800,4005.5,4043,4005,4039.25,,4039.25
1669836600,4039.5,4044,4028.25,4041.25,,4041.25
1669838400,4041.25,4063.25,4039.25,4063.25,,4063.25
1669840200,4063,4083.5,4062,4082.25,,4082.25
1669842000,4082.5,4087.75,4076,4087.5,,4087.5
1669905000,4095.25,4104.75,4088.75,4099,,4099
1669906800,4099,4110,4057.75,4060,,4060
1669908600,4060.25,4084,4054.5,4083.25,,4083.25
1669910400,4083.5,4084,4066.5,4071.5,,4071.5
1669912200,4071.5,4082.25,4070,4075.5,,4075.5
1669914000,4075.75,4078.25,4062.25,4077.25,,4077.25
1669915800,4077.25,4084,4073.75,4080.5,,4080.5
1669917600,4080.5,4088,4071.5,4074,,4074
1669919400,4074.25,4082.5,4070.25,4078.25,,4078.25
1669921200,4078.5,4083.5,4071,4080.75,,4080.75
1669923000,4080.75,4089.25,4078,4087,,4087
1669924800,4087,4090.75,4078,4081.25,,4081.25
1669926600,4081.25,4092.5,4080.25,4081,,4081
1669928400,4080.75,4081.5,4075.5,4079.75,,4079.75
1669991400,4028.5,4047.75,4027.5,4037.5,,4037.5
1669993200,4037.5,4054,4032.75,4043.25,,4043.25
1669995000,4043.5,4058.5,4039.25,4047,,4047
1669996800,4047.25,4054.75,4042.5,4054.25,,4054.25
1669998600,4054.5,4068.75,4051.5,4060.75,,4060.75
1670000400,4061,4070,4059.5,4061.75,,4061.75
1670002200,4061.75,4063.5,4053.25,4054.5,,4054.5
1670004000,4054.5,4057.25,4050,4056.5,,4056.5
1670005800,4056.5,4061.25,4054.25,4059.25,,4059.25
1670007600,4059,4060.25,4051.5,4058.5,,4058.5
1670009400,4058.5,4073.75,4056,4072.25,,4072.25
1670011200,4072.25,4085.5,4070.75,4075.25,,4075.25
1670013000,4075.25,4077.75,4064.75,4075.25,,4075.25
1670014800,4075.5,4075.75,4070,4070.5,,4070.5
1670250600,4045.75,4055.5,4039,4039,,4039
1670252400,4039,4040.5,4022,4033.5,,4033.5
1670254200,4033.5,4042.75,4029,4039.5,,4039.5
1670256000,4039.5,4045.75,4028.25,4031,,4031
1670257800,4031,4031.5,4014.5,4015.25,,4015.25
1670259600,4015.25,4024,4012.75,4019.5,,4019.5
1670261400,4019.5,4020.75,4008.25,4009.25,,4009.25
1670263200,4009.25,4015.25,4006.25,4010,,4010
1670265000,4010,4015,3996.75,3997.75,,3997.75
1670266800,3997.5,4002.75,3992.5,3994,,3994
1670268600,3994,3996.25,3987.25,3995,,3995
1670270400,3994.75,4000.75,3991.75,3992.5,,3992.5
1670272200,3992.75,4005.5,3992.5,4002,,4002
1670274000,4002.25,4006,4001.25,4001.75,,4001.75
1670337000,4000,4005.5,3976.75,3977.25,,3977.25
1670338800,3977,3980.25,3963,3964,,3964
1670340600,3964.25,3966.75,3953,3959.5,,3959.5
1670342400,3959.5,3963.75,3951,3959.75,,3959.75
1670344200,3960,3964,3952.25,3956,,3956
1670346000,3955.75,3961.5,3945.25,3951,,3951
1670347800,3951.25,3953,3943.25,3945.75,,3945.75
1670349600,3945.75,3948.75,3933,3934.25,,3934.25
1670351400,3934.25,3943.25,3931.25,3938.25,,3938.25
1670353200,3938.25,3939.5,3926.5,3926.5,,3926.5
1670355000,3926.75,3933.5,3921.5,3930,,3930
1670356800,3930,3938,3925,3926.25,,3926.25
1670358600,3926.5,3947.75,3926,3943.75,,3943.75
1670360400,3944,3947.5,3941.25,3943.75,,3943.75
1670423400,3933.75,3957.75,3927.75,3932.75,,3932.75
1670425200,3932.75,3953,3924.25,3952.25,,3952.25
1670427000,3952.5,3959.25,3936.75,3955.5,,3955.5
1670428800,3955.25,3961.5,3929.25,3931,,3931
1670430600,3931,3941,3927,3938.5,,3938.5
1670432400,3938.5,3941.75,3931.5,3934,,3934
1670434200,3934,3945.5,3931.25,3942,,3942
1670436000,3942,3951,3937.25,3946.25,,3946.25
1670437800,3946.5,3946.75,3933,3935,,3935
1670439600,3935,3938.5,3927.75,3935.75,,3935.75
1670441400,3935.75,3942,3931.25,3933.75,,3933.75
1670443200,3933.75,3938.75,3925.5,3932.5,,3932.5
1670445000,3932.5,3939.5,3931.5,3936.25,,3936.25
1670446800,3936.25,3938.5,3933.75,3933.75,,3933.75
1670509800,3955,3965.75,3937.75,3965.25,,3965.25
1670511600,3965.25,3975.75,3964,3973.5,,3973.5
1670513400,3973.5,3977.25,3966.5,3969.75,,3969.75
1670515200,3969.75,3972.75,3953.5,3962,,3962
1670517000,3962.25,3968.25,3958.75,3964.75,,3964.75
1670518800,3965,3967.25,3957.25,3959.25,,3959.25
1670520600,3959.25,3962.75,3954.25,3962,,3962
1670522400,3962.25,3968.75,3960,3968.5,,3968.5
1670524200,3968.75,3976.5,3967,3968.25,,3968.25
1670526000,3968.25,3968.25,3948.5,3955.25,,3955.25
1670527800,3955,3963.75,3951,3958.75,,3958.75
1670529600,3959,3967.5,3952,3965,,3965
1670531400,3965.25,3969.25,3953.5,3965.75,,3965.75
1670533200,3965.5,3967.75,3964,3965.5,,3965.5
1670596200,3952.25,3972,3944,3961,,3961
1670598000,3959.5,3969.75,3950,3961.25,,3961.25
1670599800,3961.25,3975,3958,3974.5,,3974.5
1670601600,3974.75,3978,3965,3972.25,,3972.25
1670603400,3972.25,3979.5,3966.25,3977,,3977
1670605200,3977,3978.25,3967.75,3969.25,,3969.25
1670607000,3969.25,3975.75,3966.75,3968.75,,3968.75
1670608800,3968.75,3968.75,3956.75,3961.5,,3961.5
1670610600,3961.25,3966.75,3960,3962.75,,3962.75
1670612400,3962.75,3963.75,3953.5,3962,,3962
1670614200,3962,3964.25,3958.5,3961.25,,3961.25
1670616000,3961.25,3966,3957.25,3957.5,,3957.5
1670617800,3957.5,3959,3934.75,3936.25,,3936.25
1670619600,3936.25,3937.5,3933.5,3937,,3937
1670855400,3944.5,3950.5,3937,3949.25,,3949.25
1670857200,3949.5,3951.75,3941,3947.5,,3947.5
1670859000,3947.5,3950,3942.75,3948.25,,3948.25
1670860800,3948.25,3959.75,3946.25,3956.25,,3956.25
1670862600,3956.5,3957.75,3952,3957.5,,3957.5
1670864400,3957.25,3961.5,3954,3956.5,,3956.5
1670866200,3956.75,3962.5,3955.25,3960.5,,3960.5
1670868000,3960.25,3965.5,3954,3958,,3958
1670869800,3957.75,3964.75,3957.25,3962,,3962
1670871600,3962,3963.25,3957,3960.75,,3960.75
1670873400,3961,3972.25,3958,3970.75,,3970.75
1670875200,3970.75,3986,3970.75,3984.5,,3984.5
1670877000,3984.5,3992.75,3982,3992.5,,3992.5
1670878800,3992.5,3992.75,3986,3987,,3987
1670941800,4140,4141,4111.25,4130.75,,4130.75
1670943600,4131,4133,4085.75,4092,,4092
1670945400,4092,4098.5,4073,4081,,4081
1670947200,4081.25,4092.5,4075.5,4083,,4083
1670949000,4083,4095.5,4053.75,4063,,4063
1670950800,4063,4068.75,4034.75,4038.25,,4038.25
1670952600,4038.25,4044.5,4026.25,4035.5,,4035.5
1670954400,4035.75,4056.5,4033,4054.25,,4054.25
1670956200,4054.25,4060,4041.5,4052.25,,4052.25
1670958000,4052,4057,4044.5,4053,,4053
1670959800,4053,4068.25,4047.25,4051.75,,4051.75
1670961600,4051.75,4054.5,4034.5,4053,,4053
1670963400,4053.25,4066.5,4049.25,4056.25,,4056.25
1670965200,4056.25,4059,4051.5,4055.5,,4055.5
1671028200,4051.75,4076,4051.25,4074.5,,4074.5
1671030000,4074.5,4080,4070.75,4077.25,,4077.25
1671031800,4077.25,4081.25,4071.5,4078.75,,4078.75
1671033600,4078.5,4085.5,4076.25,4084.75,,4084.75
1671035400,4084.75,4086.5,4076.5,4077.25,,4077.25
1671037200,4077.25,4079,4071.5,4073.75,,4073.75
1671039000,4073.5,4077,4071,4071.5,,4071.5
1671040800,4071.75,4079.75,4071,4077,,4077
1671042600,4076.75,4090.75,4076.25,4083.5,,4083.5
1671044400,4085,4086.25,4022.25,4037.25,,4037.25
1671046200,4037.25,4040.5,3997,4023.5,,4023.5
1671048000,4023.5,4071.5,4018.5,4022.75,,4022.75
1671049800,4022.5,4044.5,4012,4029.25,,4029.25
1671051600,4029.25,4040.75,4027,4038.25,,4038.25
1671114600,3976,3985.25,3942.5,3946.75,,3946.75
1671116400,3946.75,3948.75,3933.5,3942.25,,3942.25
1671118200,3942.25,3950.5,3932.75,3937.75,,3937.75
1671120000,3937.5,3942,3921.5,3927.75,,3927.75
1671121800,3927.75,3931.5,3917,3922.75,,3922.75
1671123600,3922.5,3931.25,3921.75,3928,,3928
1671125400,3927.75,3934.25,3915.5,3918.25,,3918.25
1671127200,3918.5,3919.5,3908,3913,,3913
1671129000,3913,3918.25,3909,3916.75,,3916.75
1671130800,3916.75,3919.25,3910.5,3913.25,,3913.25
1671132600,3913.5,3932.5,3913,3931.75,,3931.75
1671134400,3932,3938.5,3923.75,3936.25,,3936.25
1671136200,3936.25,3938.75,3919,3927,,3927
1671138000,3927,3930,3921.75,3922,,3922
1671201000,3898.5,3912.5,3891.25,3905.5,,3905.5
1671202800,3905.5,3905.5,3872.25,3872.5,,3872.5
1671204600,3872.5,3878.25,3864.5,3876.75,,3876.75
1671206400,3876.75,3881.5,3865.25,3870.5,,3870.5
1671208200,3870.5,3877,3859.25,3861,,3861
1671210000,3861,3867.75,3859.75,3867,,3867
1671211800,3867,3874.5,3855.25,3857,,3857
1671213600,3856.75,3863.75,3855.75,3856.75,,3856.75
1671215400,3857,3866,3856,3862.5,,3862.5
1671217200,3862.5,3873,3861,3862.5,,3862.5
1671219000,3862.75,3878,3857.25,3875,,3875
1671220800,3875,3887.75,3869,3886.5,,3886.5
1671222600,3886.5,3895.5,3877.25,3877.75,,3877.75
1671224400,3877.75,3879.25,3868.75,3873,,3873
1671460200,3880,3883.5,3863.5,3868.75,,3868.75
1671462000,3869,3881.75,3862,3880.25,,3880.25
1671463800,3880,3880.5,3861.25,3862,,3862
1671465600,3862,3864.25,3856.25,3861,,3861
1671467400,3860.75,3861.25,3848.75,3854.25,,3854.25
1671469200,3854.25,3862.75,3854.25,3855,,3855
1671471000,3855,3862,3852.25,3858.75,,3858.75
1671472800,3859,3862.5,3854.25,3855.75,,3855.75
1671474600,3855.5,3856.75,3842.75,3843.5,,3843.5
1671476400,3843.5,3844.25,3831,3831,,3831
1671478200,3831,3840,3827.5,3831.75,,3831.75
1671480000,3831.75,3835.5,3827.25,3832.5,,3832.5
1671481800,3832.5,3848.5,3829.75,3844.25,,3844.25
1671483600,3844.25,3845.75,3840,3840.25,,3840.25
1671546600,3836.75,3847,3822.25,3844.25,,3844.25
1671548400,3844.5,3860.75,3843.75,3859,,3859
1671550200,3859,3865.75,3856.25,3857,,3857
1671552000,3857,3859.5,3832.25,3835.5,,3835.5
1671553800,3835.25,3851,3834.5,3850,,3850
1671555600,3850.25,3857.25,3849,3850.25,,3850.25
1671557400,3850.25,3856,3844,3855.5,,3855.5
1671559200,3855.5,3861,3849.25,3859,,3859
1671561000,3859,3866.5,3855.5,3856.75,,3856.75
1671562800,3856.75,3864.25,3854.5,3858,,3858
1671564600,3858,3858.75,3848.5,3851,,3851
1671566400,3851.25,3856,3844.75,3854.5,,3854.5
1671568200,3854.5,3859.75,3848,3849.25,,3849.25
1671570000,3849.25,3852,3847,3847.75,,3847.75
1671633000,3876.75,3883.75,3870.5,3875.5,,3875.5
1671634800,3875.5,3895.75,3873.5,3895.5,,3895.5
1671636600,3895.25,3911,3893.75,3910.25,,3910.25
1671638400,3910,3917.5,3905,3909,,3909
1671640200,3909,3912.75,3900.25,3903.75,,3903.75
1671642000,3904,3904.75,3898.5,3900.75,,3900.75
1671643800,3900.5,3908.75,3900.5,3908.25,,3908.25
1671645600,3908.25,3912.75,3900.75,3901.75,,3901.75
1671647400,3902,3910,3901.5,3908.25,,3908.25
1671649200,3908.5,3918.75,3908.25,3909,,3909
1671651000,3909.25,3913.5,3901.75,3905.5,,3905.5
1671652800,3905.5,3909.25,3900,3900.25,,3900.25
1671654600,3900.25,3907.25,3896.5,3906.5,,3906.5
1671656400,3906.5,3912.25,3905,3911.5,,3911.5
1671719400,3872.5,3875.5,3851,3857.5,,3857.5
1671721200,3857.25,3857.5,3834.75,3836.25,,3836.25
1671723000,3836.25,3839.5,3830.5,3832.25,,3832.25
1671724800,3832.25,3837.5,3827.5,3832.75,,3832.75
1671726600,3832.75,3834.5,3823.25,3828,,3828
1671728400,3828,3828.5,3806,3808,,3808
1671730200,3808.25,3810.25,3802,3806.25,,3806.25
1671732000,3806.5,3806.5,3793,3795.75,,3795.75
1671733800,3795.75,3799.75,3788.5,3796,,3796
1671735600,3795.75,3814.25,3795.5,3813.25,,3813.25
1671737400,3813,3827.25,3808.5,3826,,3826
1671739200,3826,3845.5,3823,3844.5,,3844.5
1671741000,3844.5,3850.75,3831,3850,,3850
1671742800,3850,3856.75,3843.5,3844.5,,3844.5
1671805800,3838,3854.75,3821.25,3825.75,,3825.75
1671807600,3826.25,3859.75,3823,3855.5,,3855.5
1671809400,3855.75,3868.5,3847.25,3849.25,,3849.25
1671811200,3849.5,3856,3841.25,3850.5,,3850.5
1671813000,3850.75,3862.75,3849.25,3857.5,,3857.5
1671814800,3857.5,3868.5,3855,3862.75,,3862.75
1671816600,3862.75,3870,3857,3860,,3860
1671818400,3860,3865.5,3857,3862.25,,3862.25
1671820200,3862.25,3866,3851.75,3856.5,,3856.5
1671822000,3856.5,3862,3852,3858.75,,3858.75
1671823800,3858.75,3868,3858.75,3867.25,,3867.25
1671825600,3867.25,3872.5,3861,3862.75,,3862.75
1671827400,3862.75,3871.75,3857.75,3871.25,,3871.25
1671829200,3871,3872,3868.25,3869.25,,3869.25
1672151400,3869.75,3872,3841.25,3846.25,,3846.25
1672153200,3846.25,3871.25,3837.25,3865.5,,3865.5
1672155000,3865.5,3873,3859.25,3860.5,,3860.5
1672156800,3860.75,3865.75,3857.25,3864.75,,3864.75
1672158600,3864.75,3870.5,3860.5,3864.5,,3864.5
1672160400,3864.5,3872.75,3861.75,3862.5,,3862.5
1672162200,3862.5,3865.5,3855.75,3862,,3862
1672164000,3862.25,3867.75,3860.25,3861,,3861
1672165800,3861,3861.75,3851,3852.75,,3852.75
1672167600,3853,3858,3847.25,3848.5,,3848.5
1672169400,3848.25,3856,3845.75,3854.25,,3854.25
1672171200,3854.5,3862.25,3852.25,3860.75,,3860.75
1672173000,3861,3864.75,3852,3855.75,,3855.75
1672174800,3855.75,3859.5,3855,3857.5,,3857.5
1672237800,3854,3875,3846.75,3862,,3862
1672239600,3862,3870.5,3842.75,3847.25,,3847.25
1672241400,3847.25,3852,3833.75,3834.5,,3834.5
1672243200,3834.75,3837.25,3826,3832,,3832
1672245000,3832,3833.5,3821.5,3822.5,,3822.5
1672246800,3822.5,3824.5,3813.25,3818.75,,3818.75
1672248600,3819,3835.75,3818.25,3833.5,,3833.5
1672250400,3833.75,3843,3831.5,3833.75,,3833.75
1672252200,3833.5,3834,3825,3827.25,,3827.25
1672254000,3827.5,3830.5,3821.75,3824,,3824
1672255800,3824.25,3834.5,3822,3824.75,,3824.75
1672257600,3824.75,3825.25,3808.25,3811,,3811
1672259400,3811,3815.5,3804.5,3806.75,,3806.75
1672261200,3806.75,3812.5,3804.75,3810,,3810
1672324200,3834.75,3857,3829,3854.75,,3854.75
1672326000,3854.75,3868,3852,3861.75,,3861.75
1672327800,3861.75,3871.5,3861.75,3869.75,,3869.75
1672329600,3870,3871.5,3861.5,3867.25,,3867.25
1672331400,3867.5,3881.5,3867.5,3878,,3878
1672333200,3878,3880.5,3875,3877,,3877
1672335000,3877.25,3879,3871.75,3877,,3877
1672336800,3877,3879,3871,3875.25,,3875.25
1672338600,3875.25,3878.75,3872.5,3877.75,,3877.75
1672340400,3877.75,3882.75,3875,3875,,3875
1672342200,3875.25,3880,3873.5,3874.25,,3874.25
1672344000,3874.25,3878.25,3870.5,3873.5,,3873.5
1672345800,3873.25,3879.75,3870,3872.25,,3872.25
1672347600,3872.25,3873.75,3870,3872,,3872
1672410600,3844,3854,3827.75,3842.25,,3842.25
1672412400,3842.25,3851.25,3833.5,3845.75,,3845.75
1672414200,3846,3853.5,3839.5,3841.5,,3841.5
1672416000,3841.5,3845,3834,3836,,3836
1672417800,3836,3846.5,3833.75,3845.25,,3845.25
1672419600,3845.25,3847.75,3841.5,3845.5,,3845.5
1672421400,3845.5,3848.5,3841.25,3847.5,,3847.5
1672423200,3847.5,3847.75,3821.5,3831,,3831
1672425000,3831,3838.25,3829.75,3830.25,,3830.25
1672426800,3830.5,3832.5,3823,3828.5,,3828.5
1672428600,3828.5,3831.75,3824,3828,,3828
1672430400,3828,3847.75,3827.25,3840.5,,3840.5
1672432200,3840.5,3862.25,3839.25,3861.25,,3861.25
1672434000,3861.5,3868.5,3859.75,3867.25,,3867.25
1672756200,3881,3901.5,3853.25,3854,,3854
1672758000,3854,3862.5,3838,3846.5,,3846.5
1672759800,3846.25,3857.75,3837.25,3857.25,,3857.25
1672761600,3857.25,3860,3831,3837,,3837
1672763400,3836.75,3837,3823,3827.25,,3827.25
1672765200,3827.5,3833.75,3820.5,3826,,3826
1672767000,3826.25,3836.75,3814.5,3822.5,,3822.5
1672768800,3822.75,3833.5,3820,3831.75,,3831.75
1672770600,3831.75,3836.5,3826.25,3835,,3835
1672772400,3835,3838.5,3824.5,3826.5,,3826.5
1672774200,3826.5,3844.25,3817.25,3837,,3837
1672776000,3837.25,3848.25,3834.75,3840.25,,3840.25
1672777800,3840.25,3849.25,3839.75,3844.75,,3844.75
1672779600,3844.75,3845.5,3838,3839.5,,3839.5
1672842600,3869,3878.75,3855.75,3869.75,,3869.75
1672844400,3869.25,3880,3836.5,3853.5,,3853.5
1672846200,3853.25,3866.75,3845.5,3866.75,,3866.75
1672848000,3866.75,3874,3860,3872.75,,3872.75
1672849800,3872.75,3896.25,3872.75,3892.25,,3892.25
1672851600,3892.5,3894,3888,3889.25,,3889.25
1672853400,3889.5,3895,3880.5,3880.5,,3880.5
1672855200,3880.75,3888.5,3873.75,3885.75,,3885.75
1672857000,3885.5,3890.75,3876.75,3879.75,,3879.75
1672858800,3879.5,3893.25,3848.75,3851.75,,3851.75
1672860600,3851.75,3870.5,3848,3869.25,,3869.25
1672862400,3869.5,3878,3862.75,3864.25,,3864.25
1672864200,3864.25,3876.5,3848.25,3873.75,,3873.75
1672866000,3873.75,3876,3870,3872.5,,3872.5
1672929000,3852.75,3853.25,3823.5,3836.25,,3836.25
1672930800,3836.25,3853.5,3831.25,3837.25,,3837.25
1672932600,3837.25,3842,3827.5,3828.5,,3828.5
1672934400,3828.75,3838.5,3822.5,3827.75,,3827.75
1672936200,3827.5,3836,3826,3827.75,,3827.75
1672938000,3827.75,3837,3825.5,3832.5,,3832.5
1672939800,3832.5,3840,3827.75,3828.75,,3828.75
1672941600,3829,3849.5,3825,3842.75,,3842.75
1672943400,3842.75,3850,3838.5,3840.75,,3840.75
1672945200,3841,3845.75,3835.5,3836.75,,3836.75
1672947000,3836.5,3852.5,3836.25,3843.25,,3843.25
1672948800,3843.25,3843.5,3828.75,3831,,3831
1672950600,3831,3834.5,3823.75,3829,,3829
1672952400,3828.75,3832.25,3827.5,3830,,3830
1673015400,3861.25,3875,3829,3842.5,,3842.5
1673017200,3842.5,3874.75,3842.5,3864.25,,3864.25
1673019000,3864.5,3891.5,3864,3888.25,,3888.25
1673020800,3888.25,3897,3886.25,3889.25,,3889.25
1673022600,3889.25,3903.25,3885.5,3898.25,,3898.25
1673024400,3898.5,3901,3889.5,3891.5,,3891.5
1673026200,3891.5,3894.5,3886.25,3890,,3890
1673028000,3890,3898,3887.75,3897,,3897
1673029800,3897,3904.5,3896.5,3903,,3903
1673031600,3903.25,3917.5,3903.25,3913.5,,3913.5
1673033400,3913.5,3924,3913,3921.25,,3921.25
1673035200,3921.25,3928.75,3918.5,3919.75,,3919.75
1673037000,3919.75,3926.75,3913,3916.25,,3916.25
1673038800,3916,3917.5,3911.25,3913.5,,3913.5
1673274600,3939.5,3952.5,3928.5,3952,,3952
1673276400,3951.75,3957.5,3947.75,3949.5,,3949.5
1673278200,3949.75,3968.5,3949.75,3962.25,,3962.25
1673280000,3962.25,3973.25,3962.25,3971.25,,3971.25
1673281800,3971.5,3972.75,3964.25,3970,,3970
1673283600,3970,3970,3960.25,3965.25,,3965.25
1673285400,3965,3965.75,3954.5,3959.25,,3959.25
1673287200,3959.25,3960.75,3951,3955.75,,3955.75
1673289000,3956,3956.25,3934.25,3940.25,,3940.25
1673290800,3940.5,3946.75,3934.25,3941.25,,3941.25
1673292600,3941.25,3943,3923,3924.75,,3924.75
1673294400,3925,3927.75,3917.25,3919,,3919
1673296200,3919,3920.75,3911.75,3913.75,,3913.75
1673298000,3913.5,3914.75,3909.75,3911.75,,3911.75
1673361000,3907.5,3927.25,3904.75,3919,,3919
1673362800,3918.75,3935,3913.25,3917.5,,3917.5
1673364600,3917.5,3920.75,3897.25,3918.75,,3918.75
1673366400,3918.5,3923.25,3912.75,3914.75,,3914.75
1673368200,3914.75,3918.75,3907.75,3916,,3916
1673370000,3915.75,3921.75,3906.5,3915.5,,3915.5
1673371800,3915.5,3926.75,3914.5,3922.5,,3922.5
1673373600,3922.5,3928.75,3920,3924,,3924
1673375400,3924.25,3931.25,3922.75,3930.5,,3930.5
1673377200,3930.5,3936.75,3928.75,3934.25,,3934.25
1673379000,3934.25,3937.5,3927.25,3930,,3930
1673380800,3930,3933.25,3922.75,3930.25,,3930.25
1673382600,3930.25,3942,3928,3941.75,,3941.75
1673384400,3941.75,3943.75,3939,3940.75,,3940.75
1673447400,3957.5,3966.75,3953,3958,,3958
1673449200,3958.25,3965.75,3955.25,3965.5,,3965.5
1673451000,3965.5,3965.5,3948.75,3950.5,,3950.5
1673452800,3950.75,3962.25,3949.75,3961.25,,3961.25
1673454600,3961.25,3965.5,3958,3962.75,,3962.75
1673456400,3962.75,3971.5,3962.5,3969.5,,3969.5
1673458200,3969.75,3970.5,3964.5,3967,,3967
1673460000,3967,3978,3964.25,3973.75,,3973.75
1673461800,3973.75,3976.25,3969,3971.75,,3971.75
1673463600,3971.75,3975,3966.75,3973.25,,3973.25
1673465400,3973.5,3980.75,3972.75,3978,,3978
1673467200,3978.25,3984.5,3977.5,3981.25,,3981.25
1673469000,3981,3990.75,3975.5,3989.75,,3989.75
1673470800,3989.5,3990.5,3988.5,3989.75,,3989.75
1673533800,3999.75,4003,3957.25,3970.25,,3970.25
1673535600,3970.25,4002.5,3969.5,3992.75,,3992.75
1673537400,3992.5,4003.5,3979.5,3988.25,,3988.25
1673539200,3988.25,3995.25,3976.5,3990.5,,3990.5
1673541000,3990.5,3999,3980.5,3996.75,,3996.75
1673542800,3996.75,4012.75,3994.75,4012,,4012
1673544600,4012,4014.75,4008,4011,,4011
1673546400,4011,4017.5,3992.5,3995.25,,3995.25
1673548200,3995.25,4018,3988.75,4016.25,,4016.25
1673550000,4016.25,4018.5,4006.25,4008,,4008
1673551800,4008.25,4013.25,4000.75,4007.5,,4007.5
1673553600,4007.25,4009,3996,4000.25,,4000.25
1673555400,4000.25,4004.75,3991.75,4002.75,,4002.75
1673557200,4002.75,4005,4000.75,4004.5,,4004.5
1673620200,3968.25,3985,3965.75,3980.25,,3980.25
1673622000,3980.25,3998.75,3975.5,3998,,3998
1673623800,3998,4000.75,3991.25,3996.5,,3996.5
1673625600,3996.75,3998.75,3986.25,3992.75,,3992.75
1673627400,3992.75,3993.5,3985,3990.75,,3990.75
1673629200,3990.75,3998.75,3989.75,3997.75,,3997.75
1673631000,3997.5,4001.25,3993,3999.75,,3999.75
1673632800,4000,4002.25,3993.75,3997.5,,3997.5
1673634600,3997.5,4009.75,3996.25,4008,,4008
1673636400,4008,4010.75,4004.5,4008.75,,4008.75
1673638200,4008.75,4011.5,4006.25,4009.5,,4009.5
1673640000,4009.75,4016,4009,4016,,4016
1673641800,4016,4024.25,4014.75,4017.75,,4017.75
1673643600,4017.75,4019.25,4014.25,4015.75,,4015.75
1673965800,4018.25,4024,4009,4018.25,,4018.25
1673967600,4018.5,4035.25,4018.5,4030,,4030
1673969400,4030.25,4031.25,4010.5,4014.75,,4014.75
1673971200,4014.75,4017.25,4002.75,4009.5,,4009.5
1673973000,4009.5,4016.25,4008.25,4014.75,,4014.75
1673974800,4014.75,4019,4007.25,4008.5,,4008.5
1673976600,4008.5,4016,4007.75,4013.75,,4013.75
1673978400,4013.75,4016.5,4011.5,4014.25,,4014.25
1673980200,4014.25,4020.5,4012.75,4019.25,,4019.25
1673982000,4019.25,4021.25,4008.25,4010.75,,4010.75
1673983800,4011,4019.5,4011,4013.5,,4013.5
1673985600,4013.75,4018.25,4010.25,4012,,4012
1673987400,4011.75,4014.25,4004,4010.25,,4010.25
1673989200,4010.25,4013,4008.75,4009,,4009
1674052200,4022,4029,4015.75,4027.25,,4027.25
1674054000,4027.25,4033.5,4017.5,4026.25,,4026.25
1674055800,4026.25,4027,3996.5,4004,,4004
1674057600,4004,4006,3981,3985.25,,3985.25
1674059400,3985.25,3985.25,3973.5,3980,,3980
1674061200,3980,3982.25,3967,3968.75,,3968.75
1674063000,3968.75,3972.5,3963.5,3965,,3965
1674064800,3965,3967.5,3956.5,3964.25,,3964.25
1674066600,3964.25,3971.75,3961.5,3967,,3967
1674068400,3967.25,3969.25,3962,3968.5,,3968.5
1674070200,3968.25,3970.25,3961.5,3962.5,,3962.5
1674072000,3962.5,3967,3958.25,3959,,3959
1674073800,3959,3959.5,3943.75,3946.75,,3946.75
1674075600,3946.75,3947.25,3944.75,3945.5,,3945.5
1674138600,3923,3933.75,3915.5,3922,,3922
1674140400,3922,3928.5,3913,3920,,3920
1674142200,3920,3920,3904.5,3908.5,,3908.5
1674144000,3908.5,3920,3906,3907.25,,3907.25
1674145800,3907,3909.5,3901.75,3907.25,,3907.25
1674147600,3907.25,3919.75,3907,3912.5,,3912.5
1674149400,3912.5,3915.5,3908.25,3915.25,,3915.25
1674151200,3915,3926.5,3914.5,3920.5,,3920.5
1674153000,3920.25,3935.75,3920.25,3927.5,,3927.5
1674154800,3927.25,3938.5,3921.75,3936,,3936
1674156600,3936.25,3940.25,3932,3934.25,,3934.25
1674158400,3934.25,3938.5,3928.25,3932,,3932
1674160200,3932.25,3933,3914.5,3916.75,,3916.75
1674162000,3916.75,3927.5,3915.75,3917.75,,3917.75
1674225000,3929.75,3930.5,3912.25,3925.75,,3925.75
1674226800,3926,3939.5,3921.75,3938.5,,3938.5
1674228600,3938.5,3940.75,3932.5,3935.5,,3935.5
1674230400,3935.5,3953.5,3935,3952.75,,3952.75
1674232200,3952.75,3954.25,3945.25,3947,,3947
1674234000,3947,3952.5,3946.5,3950,,3950
1674235800,3950,3952.75,3947,3947.75,,3947.75
1674237600,3948,3953.75,3940.25,3945.5,,3945.5
1674239400,3945.75,3965.75,3945.5,3963.75,,3963.75
1674241200,3964,3969.25,3961.75,3968,,3968
1674243000,3968.25,3973.25,3967.5,3972.75,,3972.75
1674244800,3972.75,3987.75,3972.75,3981.25,,3981.25
1674246600,3981.25,3990.5,3977.75,3987.75,,3987.75
1674248400,3987.75,3988,3983.75,3986,,3986
1674484200,3996.5,4012.5,3986.25,4008.25,,4008.25
1674486000,4008.25,4024.5,4005.5,4022,,4022
1674487800,4022.25,4032.75,4020.5,4028.5,,4028.5
1674489600,4028.75,4051,4028.5,4038.5,,4038.5
1674491400,4038.75,4046,4036.5,4045.25,,4045.25
1674493200,4045.5,4045.5,4033.5,4040.5,,4040.5
1674495000,4040.5,4046.5,4038.25,4045,,4045
1674496800,4045,4050.5,4044,4049,,4049
1674498600,4049,4056.75,4048,4050.25,,4050.25
1674500400,4050.25,4050.25,4034.75,4036.5,,4036.5
1674502200,4036.75,4040.75,4016.75,4025,,4025
1674504000,4025.25,4032.5,4020.25,4028.25,,4028.25
1674505800,4028.25,4039.75,4024.25,4035.5,,4035.5
1674507600,4035.75,4035.75,4030.75,4034,,4034
1674570600,4018,4030.75,4009,4013,,4013
1674572400,4013,4029.25,4005.25,4022.5,,4022.5
1674574200,4022.25,4037,4013.25,4034.5,,4034.5
1674576000,4034.5,4036.5,4026.25,4036,,4036
1674577800,4036,4036.5,4027.5,4029.5,,4029.5
1674579600,4029.5,4034.75,4021.5,4032.5,,4032.5
1674581400,4032.5,4032.75,4026.5,4029.5,,4029.5
1674583200,4029.75,4035.25,4023.5,4034.25,,4034.25
1674585000,4034,4041,4032.25,4037,,4037
1674586800,4037.25,4037.75,4028.75,4033.25,,4033.25
1674588600,4033.25,4039.5,4032.75,4038,,4038
1674590400,4038,4040,4032.25,4034.75,,4034.75
1674592200,4034.75,4035.75,4022,4030.5,,4030.5
1674594000,4030.5,4047.5,4028.75,4039.5,,4039.5
1674657000,3987.5,3994.5,3970.75,3971.75,,3971.75
1674658800,3971.5,3986.5,3969.5,3976.25,,3976.25
1674660600,3976.25,3982,3963.25,3977.25,,3977.25
1674662400,3977.5,3992.5,3974.75,3989.25,,3989.25
1674664200,3989.25,4005.75,3987.75,4000.25,,4000.25
1674666000,4000.25,4003,3993.5,3995.25,,3995.25
1674667800,3995.25,4003,3995,4000.5,,4000.5
1674669600,4000.5,4017.5,3999.25,4016,,4016
1674671400,4016,4022.25,4012.5,4018.75,,4018.75
1674673200,4018.75,4030.75,4015.25,4022,,4022
1674675000,4022,4029.5,4016.5,4026.25,,4026.25
1674676800,4026.5,4035.75,4024.25,4028.5,,4028.5
1674678600,4028.5,4033,4021,4032.5,,4032.5
1674680400,4032.5,4039.5,4026,4029,,4029
1674743400,4059,4068.25,4035.25,4042.5,,4042.5
1674745200,4042.75,4060,4036.25,4054.25,,4054.25
1674747000,4054,4058.5,4027.25,4030.5,,4030.5
1674748800,4030.5,4043.25,4027.75,4037.75,,4037.75
1674750600,4037.75,4045.25,4035.5,4044.25,,4044.25
1674752400,4044.5,4055.75,4044,4050.25,,4050.25
1674754200,4050.25,4055,4043.75,4049,,4049
1674756000,4049.25,4052.75,4043.25,4050.25,,4050.25
1674757800,4050.5,4062.75,4050.5,4056.5,,4056.5
1674759600,4056.5,4063,4052.5,4058.25,,4058.25
1674761400,4058.25,4064.5,4057.5,4062.25,,4062.25
1674763200,4062.25,4069.5,4058.75,4066.25,,4066.25
1674765000,4066.25,4077,4062.75,4074.75,,4074.75
1674766800,4074.75,4076.5,4070.5,4071,,4071
1674829800,4063.75,4082.5,4061.75,4077.5,,4077.5
1674831600,4077.5,4093.75,4071.75,4084.5,,4084.5
1674833400,4084.5,4085,4063,4068.5,,4068.5
1674835200,4068.5,4078.75,4064.5,4077,,4077
1674837000,4077.25,4088.75,4076.25,4085.75,,4085.75
1674838800,4086,4093,4082.5,4086.75,,4086.75
1674840600,4086.75,4095,4085.75,4091.75,,4091.75
1674842400,4091.75,4093.75,4083.75,4088,,4088
1674844200,4088,4093,4087.5,4091.75,,4091.75
1674846000,4091.75,4099.5,4089.75,4097.75,,4097.75
1674847800,4098,4103.25,4096.5,4102.25,,4102.25
1674849600,4102.25,4109.25,4097.5,4103.5,,4103.5
1674851400,4103.5,4106.25,4082.5,4084,,4084
1674853200,4084,4086,4081.25,4084,,4084
1675089000,4054.5,4072.5,4053,4070,,4070
1675090800,4070,4078,4058.5,4065.5,,4065.5
1675092600,4065.75,4065.75,4045.5,4056.25,,4056.25
1675094400,4056.5,4065.25,4052.25,4059,,4059
1675096200,4059,4062.5,4046.25,4058.25,,4058.25
1675098000,4058.25,4060.75,4048.75,4055.25,,4055.25
1675099800,4055,4056.25,4045.5,4047,,4047
1675101600,4047.25,4057.5,4043.25,4052.75,,4052.75
1675103400,4052.75,4052.75,4043.25,4048.75,,4048.75
1675105200,4048.75,4050.5,4040.5,4041,,4041
1675107000,4041,4045,4035.5,4039.5,,4039.5
1675108800,4039.5,4044.5,4032,4033,,4033
1675110600,4033,4042,4029.5,4033.25,,4033.25
1675112400,4033.25,4040.75,4033.25,4038.25,,4038.25
1675175400,4036.75,4049.5,4034.75,4038,,4038
1675177200,4038,4053.75,4033.25,4053,,4053
1675179000,4053.25,4059.5,4050.25,4055.5,,4055.5
1675180800,4055.5,4061,4053.25,4057.5,,4057.5
1675182600,4057.75,4061.5,4053.5,4056.75,,4056.75
1675184400,4056.75,4062.75,4051,4060.5,,4060.5
1675186200,4060.5,4065,4058.5,4063,,4063
1675188000,4063.25,4065,4059,4063.25,,4063.25
1675189800,4063,4069.25,4060.75,4068.5,,4068.5
1675191600,4068.5,4071.75,4067.25,4069.5,,4069.5
1675193400,4069.75,4073.75,4067.75,4071.25,,4071.25
1675195200,4071.5,4074.75,4062.5,4063.75,,4063.75
1675197000,4063.5,4091.25,4063.25,4090.25,,4090.25
1675198800,4090.5,4090.75,4083.75,4084,,4084
1675261800,4077.75,4089.75,4073.5,4088,,4088
1675263600,4088,4089.75,4073.25,4081.25,,4081.25
1675265400,4081.5,4084,4065,4067,,4067
1675267200,4067,4079.5,4064.75,4078.25,,4078.25
1675269000,4078.25,4081,4071,4071.25,,4071.25
1675270800,4071.25,4072.25,4063,4068,,4068
1675272600,4068.25,4070,4065.5,4067,,4067
1675274400,4066.75,4071.75,4065,4071.25,,4071.25
1675276200,4071.5,4080,4067.25,4073,,4073
1675278000,4072.75,4086.75,4052.75,4072.25,,4072.25
1675279800,4072.25,4129,4048.5,4117.5,,4117.5
1675281600,4117.5,4144.25,4117.25,4138.75,,4138.75
1675283400,4138.75,4163.25,4126,4134.5,,4134.5
1675285200,4134.25,4144.75,4127.5,4141.75,,4141.75
1675348200,4173.75,4176,4158,4160.5,,4160.5
1675350000,4160.25,4173.5,4153.25,4171.75,,4171.75
1675351800,4171.75,4196.75,4171.5,4191.75,,4191.75
1675353600,4191.75,4195.75,4185,4190.75,,4190.75
1675355400,4190.75,4195.75,4183.5,4183.75,,4183.75
1675357200,4184,4192.75,4181.25,4189.75,,4189.75
1675359000,4190,4195,4185,4192,,4192
1675360800,4192,4198.5,4189.25,4192,,4192
1675362600,4192.25,4206.25,4192,4205.75,,4205.75
1675364400,4206,4208.5,4179.75,4181.25,,4181.25
1675366200,4181.25,4182.75,4162,4163.25,,4163.25
1675368000,4163.25,4180.25,4157.25,4177.25,,4177.25
1675369800,4177.25,4193.5,4171.5,4192.75,,4192.75
1675371600,4193,4207,4167,4168.5,,4168.5
1675434600,4140.5,4169,4139.25,4159.75,,4159.75
1675436400,4159.5,4184,4148.5,4174.25,,4174.25
1675438200,4174.25,4191.75,4172.5,4180.75,,4180.75
1675440000,4181,4190.5,4180.5,4188,,4188
1675441800,4188,4194,4170.5,4172.25,,4172.25
1675443600,4172,4188.5,4170,4186.25,,4186.25
1675445400,4186,4189.75,4163.25,4165.5,,4165.5
1675447200,4165.25,4166.75,4150.5,4154.25,,4154.25
1675449000,4154,4159,4140.75,4153.75,,4153.75
1675450800,4154,4156.5,4142.5,4149,,4149
1675452600,4149,4156.5,4139.5,4142.5,,4142.5
1675454400,4142.5,4154.5,4135,4148,,4148
1675456200,4148,4153.25,4140,4147.75,,4147.75
1675458000,4147.5,4148,4143,4145.25,,4145.25
1675693800,4121.25,4132.25,4116.75,4126.25,,4126.25
1675695600,4126.25,4130.25,4109,4110.25,,4110.25
1675697400,4110.5,4127.5,4104,4126,,4126
1675699200,4126,4135.25,4122.5,4133.5,,4133.5
1675701000,4133.5,4136.5,4119,4120.5,,4120.5
1675702800,4120.25,4124.25,4116.25,4119.75,,4119.75
1675704600,4119.5,4128,4119.25,4122.75,,4122.75
1675706400,4122.5,4126.75,4114.75,4120.25,,4120.25
1675708200,4120.25,4124.25,4117,4123,,4123
1675710000,4122.75,4134,4122.5,4127.75,,4127.75
1675711800,4127.75,4128.5,4120.25,4126,,4126
1675713600,4125.75,4126.75,4113.5,4115.25,,4115.25
1675715400,4115.25,4126.25,4110.75,4122.75,,4122.75
1675717200,4122.5,4125.25,4121.5,4122.5,,4122.5
1675780200,4111,4118.5,4107.5,4112.5,,4112.5
1675782000,4112.5,4115.75,4106,4108.75,,4108.75
1675783800,4108.75,4116.75,4107.5,4110,,4110
1675785600,4110,4122.5,4109.75,4121,,4121
1675787400,4121,4129.75,4120.5,4125,,4125
1675789200,4125,4129,4120,4121.5,,4121.5
1675791000,4121.5,4175,4120,4166.5,,4166.5
1675792800,4166.75,4173,4120.25,4120.5,,4120.5
1675794600,4120.75,4120.75,4098.25,4112,,4112
1675796400,4112,4149.75,4111,4144,,4144
1675798200,4144.25,4160,4141.75,4158.75,,4158.75
1675800000,4158.75,4171,4149.75,4169.75,,4169.75
1675801800,4169.75,4188.25,4164.25,4175,,4175
1675803600,4175,4175.25,4164.25,4167,,4167
1675866600,4153.75,4166.5,4149.75,4163.25,,4163.25
1675868400,4163,4168,4152,4156,,4156
1675870200,4155.75,4155.75,4142.5,4146.75,,4146.75
1675872000,4146.75,4147.75,4126.25,4130,,4130
1675873800,4130.25,4137.25,4123.5,4136.25,,4136.25
1675875600,4136.25,4139.75,4127.5,4139,,4139
1675877400,4139.25,4142,4128.75,4141,,4141
1675879200,4141,4148.25,4138.5,4138.5,,4138.5
1675881000,4138.75,4139.5,4131.25,4136,,4136
1675882800,4136,4143.75,4130.5,4134,,4134
1675884600,4134,4137.75,4126.75,4135.5,,4135.5
1675886400,4135.5,4136.5,4121.25,4127.75,,4127.75
1675888200,4127.75,4134,4125.25,4129.25,,4129.25
1675890000,4129.25,4131,4126.5,4126.75,,4126.75
1675953000,4165.5,4166.75,4150.25,4154.25,,4154.25
1675954800,4154.5,4161.25,4141.75,4143.5,,4143.5
1675956600,4143.5,4153.25,4141.25,4151,,4151
1675958400,4151,4151.25,4131.5,4135.75,,4135.75
1675960200,4135.75,4138,4130,4134.75,,4134.75
1675962000,4134.75,4142,4133.75,4133.75,,4133.75
1675963800,4134,4134.5,4113.5,4122,,4122
1675965600,4121.75,4123,4114.5,4118.5,,4118.5
1675967400,4118.75,4125.75,4110.75,4113.75,,4113.75
1675969200,4113.75,4116.75,4103,4103.75,,4103.75
1675971000,4103.75,4109.5,4102,4105.25,,4105.25
1675972800,4105.25,4105.25,4086.25,4088.5,,4088.5
1675974600,4088.5,4102.5,4078.25,4092,,4092
1675976400,4092.25,4097.5,4090.5,4091.75,,4091.75
1676039400,4078.5,4089.75,4074.5,4084,,4084
1676041200,4084,4100.75,4069.75,4095.75,,4095.75
1676043000,4095.75,4099.5,4078,4086.25,,4086.25
1676044800,4086,4094.75,4084.75,4088.25,,4088.25
1676046600,4088.5,4090.75,4080.75,4082.5,,4082.5
1676048400,4082.25,4084,4072.25,4078.75,,4078.75
1676050200,4078.5,4089,4077.5,4089,,4089
1676052000,4089,4101.5,4086.75,4095.5,,4095.5
1676053800,4095.75,4096.75,4087,4087.25,,4087.25
1676055600,4087.5,4090.75,4083.5,4084.25,,4084.25
1676057400,4084.5,4095,4082,4094.25,,4094.25
1676059200,4094.25,4098.5,4087.25,4091.25,,4091.25
1676061000,4091.25,4104.25,4091.25,4100,,4100
1676062800,4100,4100.5,4097.5,4098.5,,4098.5
1676298600,4107,4123.25,4101.5,4123,,4123
1676300400,4123,4129,4119,4128.5,,4128.5
1676302200,4128.75,4138.25,4126.25,4134,,4134
1676304000,4134.25,4139.5,4133.75,4136.5,,4136.5
1676305800,4136.5,4143.75,4130.75,4138.75,,4138.75
1676307600,4138.75,4144.25,4137.5,4141.75,,4141.75
1676309400,4141.75,4145.5,4139,4141.5,,4141.5
1676311200,4141.5,4145,4136,4143.75,,4143.75
1676313000,4143.75,4147.75,4142.25,4147.75,,4147.75
1676314800,4147.75,4149.5,4137.25,4138,,4138
1676316600,4138.25,4139.25,4131,4137.25,,4137.25
1676318400,4137.25,4140,4130.5,4139.5,,4139.5
1676320200,4139.5,4148.5,4139,4148.25,,4148.25
1676322000,4148.25,4150.75,4147.5,4150.25,,4150.25
1676385000,4131.5,4156.5,4114,4152,,4152
1676386800,4152.25,4170,4152,4153.25,,4153.25
1676388600,4153.25,4156.75,4111.75,4124.25,,4124.25
1676390400,4124,4138.5,4116.25,4117.75,,4117.75
1676392200,4117.75,4118,4103.75,4114.5,,4114.5
1676394000,4114.25,4129,4112.25,4123.75,,4123.75
1676395800,4124,4131.5,4122.25,4129.5,,4129.5
1676397600,4129.5,4155,4128.5,4144.25,,4144.25
1676399400,4144.25,4148.75,4137,4143.75,,4143.75
1676401200,4143.75,4149.25,4131.25,4144.5,,4144.5
1676403000,4144.5,4155.75,4144,4151,,4151
1676404800,4151,4154.25,4143.25,4150,,4150
1676406600,4150.25,4156.25,4144,4146.25,,4146.25
1676408400,4146,4147,4139.25,4143.25,,4143.25
1676471400,4122,4134.75,4115.5,4121.25,,4121.25
1676473200,4121.25,4132.75,4113,4127.5,,4127.5
1676475000,4127.5,4135.25,4123,4125,,4125
1676476800,4125.25,4140,4124.25,4139.5,,4139.5
1676478600,4139.75,4146.5,4132.75,4140.25,,4140.25
1676480400,4140.25,4141.75,4127.25,4128.25,,4128.25
1676482200,4128.5,4137.25,4126.5,4133.5,,4133.5
1676484000,4133.75,4142.75,4130.25,4141.75,,4141.75
1676485800,4142,4148.5,4139.5,4148.5,,4148.5
1676487600,4148.5,4154,4146.75,4150.5,,4150.5
1676489400,4150.75,4153.75,4141.5,4142.75,,4142.75
1676491200,4143,4149.25,4142.75,4146.75,,4146.75
1676493000,4146.75,4159.25,4145.75,4158.75,,4158.75
1676494800,4158.75,4161.75,4157,4160,,4160
1676557800,4103.75,4113.75,4098.25,4104.5,,4104.5
1676559600,4104.25,4122.75,4100,4121.5,,4121.5
1676561400,4121.5,4133,4120.25,4129.75,,4129.75
1676563200,4130,4135,4124,4130.25,,4130.25
1676565000,4130.25,4136.75,4126,4130.5,,4130.5
1676566800,4130.75,4138,4125,4135.5,,4135.5
1676568600,4135.5,4145.5,4134.75,4137.75,,4137.75
1676570400,4138,4143.25,4130.25,4131,,4131
1676572200,4131.25,4140.75,4129.5,4138,,4138
1676574000,4138,4143.75,4135,4141.5,,4141.5
1676575800,4141.5,4145.5,4138,4138.5,,4138.5
1676577600,4138.75,4139.75,4108.75,4109.25,,4109.25
1676579400,4109.5,4111.5,4097.25,4099.75,,4099.75
1676581200,4099.75,4101,4095.75,4097.5,,4097.5
1676644200,4076.25,4083.5,4057,4062.5,,4062.5
1676646000,4062.5,4085.75,4061.5,4074.5,,4074.5
1676647800,4074.25,4087.75,4063,4064.5,,4064.5
1676649600,4064.5,4069,4057.5,4060,,4060
1676651400,4060,4070.75,4056.5,4063.25,,4063.25
1676653200,4063,4075.25,4063,4070.25,,4070.25
1676655000,4070,4070.75,4055.75,4059.75,,4059.75
1676656800,4060,4070,4057.75,4062,,4062
1676658600,4062,4068.5,4059.5,4066.75,,4066.75
1676660400,4067,4078.75,4066.25,4076.25,,4076.25
1676662200,4076.25,4088,4076,4086.5,,4086.5
1676664000,4086.5,4090.5,4079.25,4081,,4081
1676665800,4081,4090.5,4079.5,4088.25,,4088.25
1676667600,4088,4089,4085.5,4086,,4086
1676989800,4045.25,4056.25,4037.25,4039.5,,4039.5
1676991600,4039.5,4043.5,4029.5,4031.75,,4031.75
1676993400,4031.5,4040.25,4027,4027.75,,4027.75
1676995200,4027.75,4031.5,4021,4022,,4022
1676997000,4022,4025.25,4017,4019,,4019
1676998800,4019,4022,4015.5,4017,,4017
1677000600,4017,4024,4015.5,4023.25,,4023.25
1677002400,4023.25,4024,4012.75,4014.75,,4014.75
1677004200,4014.75,4015,4009,4010.75,,4010.75
1677006000,4010.75,4011,4002,4007,,4007
1677007800,4007.25,4015,4006,4011,,4011
1677009600,4011.25,4015,4006.75,4010,,4010
1677011400,4010.25,4016,4004,4006.25,,4006.25
1677013200,4006.25,4010.75,4006,4009,,4009
1677076200,4009,4018.5,4006.75,4011,,4011
1677078000,4011,4012,3992.75,3998,,3998
1677079800,3998,4008,3990,4005,,4005
1677081600,4005,4008.25,3999.5,4004,,4004
1677083400,4004,4010,4002,4008.25,,4008.25
1677085200,4008.25,4016,4004.5,4012.25,,4012.25
1677087000,4012.5,4019.25,4012.5,4015,,4015
1677088800,4015,4022.75,4011.75,4022,,4022
1677090600,4022,4022.5,4013.75,4017.25,,4017.25
1677092400,4016.75,4025,4000,4005.75,,4005.75
1677094200,4005.75,4006.75,3988.5,3989.25,,3989.25
1677096000,3989.25,3997.5,3986.25,3989.25,,3989.25
1677097800,3989.25,4001.25,3983.75,4000.25,,4000.25
1677099600,4000.25,4002.25,3998,3999.25,,3999.25
1677162600,4028.5,4034.25,4020,4030.5,,4030.5
1677164400,4030.5,4034.25,4017.25,4022.75,,4022.75
1677166200,4022.75,4025,4000.5,4003.75,,4003.75
1677168000,4003.75,4008.75,3989.5,3991.75,,3991.75
1677169800,3991.75,3994.25,3976,3976.75,,3976.75
1677171600,3976.75,3983.75,3974.25,3980,,3980
1677173400,3980.25,3988.25,3977.75,3987.5,,3987.5
1677175200,3987.75,3991.75,3982,3988.5,,3988.5
1677177000,3988.5,3996.25,3984.75,3994,,3994
1677178800,3994,4012.5,3990.75,4010.75,,4010.75
1677180600,4010.75,4018.25,4010.5,4013.25,,4013.25
1677182400,4013.5,4027,4013.5,4026.25,,4026.25
1677184200,4026.25,4028.5,4016.25,4018.75,,4018.75
1677186000,4018.75,4020,4015,4015.5,,4015.5
1677249000,3965.25,3976,3952.75,3956.25,,3956.25
1677250800,3955.75,3965.5,3949.5,3954.25,,3954.25
1677252600,3954,3959,3947.5,3952.25,,3952.25
1677254400,3952.25,3967.5,3951,3964.75,,3964.75
1677256200,3965,3978.5,3961,3970,,3970
1677258000,3970.25,3972.5,3963.75,3966.75,,3966.75
1677259800,3967,3971,3956.75,3957.5,,3957.5
1677261600,3957.75,3964.75,3954,3962.5,,3962.5
1677263400,3962.5,3970.25,3956.25,3967,,3967
1677265200,3967.25,3973.25,3965,3969,,3969
1677267000,3969.25,3982.25,3962.5,3979.5,,3979.5
1677268800,3979.5,3984,3974.25,3975.75,,3975.75
1677270600,3975.75,3977.75,3962,3975.75,,3975.75
1677272400,3975.5,3976,3972.5,3974.5,,3974.5
1677508200,4010.25,4015,4002,4014.25,,4014.25
1677510000,4014.25,4024.75,4012.25,4018.25,,4018.25
1677511800,4018.25,4020.5,3997,4003.25,,4003.25
1677513600,4003.5,4007,3993.25,3995.25,,3995.25
1677515400,3995.5,3997.25,3987.25,3993.75,,3993.75
1677517200,3993.75,3994.5,3986.5,3992.5,,3992.5
1677519000,3992.5,3999.5,3992.5,3998.25,,3998.25
1677520800,3998.5,4003.25,3996.75,3999,,3999
1677522600,3999.25,4001.25,3992.25,4001.25,,4001.25
1677524400,4001.25,4006.5,3995.25,3997.75,,3997.75
1677526200,3998,3999,3988.5,3990.25,,3990.25
1677528000,3990.25,3993,3983,3987.5,,3987.5
1677529800,3987.5,3988.5,3978.5,3988.25,,3988.25
1677531600,3988.25,3991,3987.5,3990,,3990
1677594600,3982.75,3990.75,3975,3983.75,,3983.75
1677596400,3983.75,3993.5,3979.25,3982.5,,3982.5
1677598200,3982.5,3987.5,3976,3983.75,,3983.75
1677600000,3983.5,3994.75,3983.5,3989.5,,3989.5
1677601800,3989.25,3991,3981.75,3984.5,,3984.5
1677603600,3984.5,3996,3984.25,3994,,3994
1677605400,3994,4001,3989.5,3999,,3999
1677607200,3998.75,4002.5,3997,4000.75,,4000.75
1677609000,4000.75,4003.5,3997,4000,,4000
1677610800,4000.25,4003,3993.5,3994,,3994
1677612600,3994,3996.75,3987.5,3988.75,,3988.75
1677614400,3988.75,3989,3980.5,3981.5,,3981.5
1677616200,3981.25,3984.75,3971.75,3972,,3972
1677618000,3972.25,3974,3965,3967.25,,3967.25
1677681000,3963.75,3976.5,3961,3971,,3971
1677682800,3971,3975.25,3950,3955.75,,3955.75
1677684600,3955.5,3972.5,3951.75,3968.25,,3968.25
1677686400,3968.25,3968.25,3943,3953.25,,3953.25
1677688200,3953.5,3970.75,3952.25,3966.75,,3966.75
1677690000,3967,3974,3963.75,3967.25,,3967.25
1677691800,3967.25,3972.5,3964.5,3965.5,,3965.5
1677693600,3965.75,3966,3957.75,3958.75,,3958.75
1677695400,3959,3959.25,3952.25,3957.5,,3957.5
1677697200,3957.5,3959,3949.25,3950,,3950
1677699000,3950,3952.25,3945.75,3950,,3950
1677700800,3950,3957.5,3949,3951.25,,3951.25
1677702600,3951.25,3961.25,3950.25,3957.75,,3957.75
1677704400,3957.75,3958.5,3954.5,3957.5,,3957.5
1677767400,3935,3943.75,3931,3940,,3940
1677769200,3940,3949.25,3935.75,3948,,3948
1677771000,3948,3952.75,3943,3950.5,,3950.5
1677772800,3950.75,3954.5,3943.75,3944.75,,3944.75
1677774600,3945,3948.5,3942.25,3947,,3947
1677776400,3947,3949.5,3942.25,3947,,3947
1677778200,3946.75,3953.75,3946.5,3952,,3952
1677780000,3952,3953.5,3948,3948.25,,3948.25
1677781800,3948.5,3969.75,3948.25,3969,,3969
1677783600,3969.25,3979,3968.25,3977.25,,3977.25
1677785400,3977.5,3979.75,3971.25,3976.25,,3976.25
1677787200,3976.25,3984.5,3972.25,3982.75,,3982.75
1677789000,3982.5,3995.25,3981.25,3986.25,,3986.25
1677790800,3986,3987.75,3983.75,3985.25,,3985.25
1677853800,4005,4017.25,3999.25,4013.25,,4013.25
1677855600,4013.5,4022,3998,4021.75,,4021.75
1677857400,4021.75,4023,4013.5,4015,,4015
1677859200,4015,4022,4013,4020.25,,4020.25
1677861000,4020.25,4029.75,4017.25,4027.25,,4027.25
1677862800,4027.5,4031.5,4026.5,4030,,4030
1677864600,4030,4038.25,4027.25,4037.5,,4037.5
1677866400,4037.75,4040.5,4034.75,4038,,4038
1677868200,4038,4038.75,4034.75,4036.75,,4036.75
1677870000,4037,4046,4034,4045.5,,4045.5
1677871800,4045.5,4047,4043.25,4046.5,,4046.5
1677873600,4046.75,4053,4045,4048.25,,4048.25
1677875400,4048.25,4050.5,4043,4049.25,,4049.25
1677877200,4049.25,4052,4046.75,4051,,4051
1678113000,4057.75,4066.5,4055.25,4065.25,,4065.25
1678114800,4065.25,4078.25,4059.75,4074,,4074
1678116600,4074,4081.5,4073.25,4074,,4074
1678118400,4074,4082.5,4071.75,4072.75,,4072.75
1678120200,4072.75,4076.75,4070,4075.75,,4075.75
1678122000,4075.5,4081.75,4074,4076,,4076
1678123800,4075.75,4076,4063.5,4066,,4066
1678125600,4066,4066.75,4060.5,4063.5,,4063.5
1678127400,4063.5,4064.5,4053.5,4056.25,,4056.25
1678129200,4056.25,4061.25,4053.75,4057.25,,4057.25
1678131000,4057,4059.75,4053.25,4054.75,,4054.75
1678132800,4054.75,4057.75,4048.5,4048.75,,4048.75
1678134600,4048.75,4055.75,4048,4052.25,,4052.25
1678136400,4052.25,4053.75,4051.75,4053.25,,4053.25
1678199400,4051.25,4054,4048,4050.75,,4050.75
1678201200,4050.5,4050.5,4012.25,4023.75,,4023.75
1678203000,4023.75,4039.5,4010.25,4011,,4011
1678204800,4011,4020,4006.75,4007.5,,4007.5
1678206600,4007.5,4017.5,4004.5,4005.5,,4005.5
1678208400,4005.5,4027,4004.25,4017.25,,4017.25
1678210200,4017,4020.25,4009.25,4010,,4010
1678212000,4010,4010.75,3999.5,4001.75,,4001.75
1678213800,4001.75,4005,3988,3990.25,,3990.25
1678215600,3990.25,3995.75,3988.25,3989,,3989
1678217400,3989,3991.25,3982.5,3983.75,,3983.75
1678219200,3983.75,3994.25,3983.25,3988.75,,3988.75
1678221000,3989,3998,3987.5,3989.5,,3989.5
1678222800,3989.5,3992.5,3988,3988.5,,3988.5
1678285800,3990.25,3997.25,3985.5,3993.75,,3993.75
1678287600,3993.5,3999,3974.25,3992.5,,3992.5
1678289400,3992.5,4003.25,3987,3989.75,,3989.75
1678291200,3989.5,3998,3988.75,3992.25,,3992.25
1678293000,3992.25,4003.25,3983.25,3999.25,,3999.25
1678294800,3999.5,4001.25,3984.75,3986,,3986
1678296600,3986,3989.75,3978.25,3985.5,,3985.5
1678298400,3985.5,3987.75,3973.25,3974.25,,3974.25
1678300200,3974.25,3978.75,3971.5,3975.75,,3975.75
1678302000,3976,3984.5,3975,3984,,3984
1678303800,3984,3986,3978.25,3979.25,,3979.25
1678305600,3979.25,3981.75,3975.25,3978,,3978
1678307400,3978,3997.75,3977.75,3995.5,,3995.5
1678309200,3995.5,3996.25,3994,3995.5,,3995.5
1678372200,4002.5,4019.75,3998.5,4012.5,,4012.5
1678374000,4012.5,4017.75,3998.75,4005.75,,4005.75
1678375800,4005.75,4015.75,4003.5,4004.25,,4004.25
1678377600,4004.25,4005.25,3996.75,3997.25,,3997.25
1678379400,3997.25,4001.75,3995,3995.25,,3995.25
1678381200,3995.5,3997.25,3986,3996.25,,3996.25
1678383000,3996.5,3997.75,3981.5,3983.75,,3983.75
1678384800,3983.75,3987,3966,3969.25,,3969.25
1678386600,3969,3970,3952,3956.25,,3956.25
1678388400,3956.25,3958.75,3947.25,3951.75,,3951.75
1678390200,3951.75,3953.5,3937.75,3938.5,,3938.5
1678392000,3938.5,3941.25,3909.5,3919,,3919
1678393800,3919,3934.5,3916.25,3920.25,,3920.25
1678395600,3920.25,3924.25,3913.75,3914.75,,3914.75
1678458600,3913.5,3915.75,3878.5,3895.25,,3895.25
1678460400,3895.25,3909.75,3887.25,3891.75,,3891.75
1678462200,3891.75,3917,3887.5,3916,,3916
1678464000,3915.75,3928.75,3904.75,3927,,3927
1678465800,3927,3934.75,3900.25,3902,,3902
1678467600,3902,3906.5,3886,3893,,3893
1678469400,3892.75,3905.75,3880,3881.5,,3881.5
1678471200,3881.5,3887.5,3858,3862.5,,3862.5
1678473000,3862.25,3864.25,3846.25,3852,,3852
1678474800,3852.25,3878,3851.5,3856.5,,3856.5
1678476600,3856.5,3887.5,3856,3877.5,,3877.5
1678478400,3877.75,3882.75,3861.5,3870,,3870
1678480200,3870,3872,3850,3862.5,,3862.5
1678482000,3862.25,3867.25,3860.5,3860.75,,3860.75
1678714200,3821.25,3866,3810,3858.5,,3858.5
1678716000,3858.75,3877,3839.75,3842.5,,3842.5
1678717800,3842.75,3882.5,3842,3881,,3881
1678719600,3881,3902.25,3874,3900,,3900
1678721400,3900,3902,3876,3892,,3892
1678723200,3892,3908,3875,3882.5,,3882.5
1678725000,3882.75,3892.25,3864.5,3869.75,,3869.75
1678726800,3869.75,3878,3857.25,3867.75,,3867.75
1678728600,3867.75,3885,3859,3882.25,,3882.25
1678730400,3882.5,3895.75,3880.75,3888.25,,3888.25
1678732200,3888,3899.5,3880.75,3888.75,,3888.75
1678734000,3888.75,3893.25,3858.75,3863.25,,3863.25
1678735800,3863.5,3881.25,3854.5,3857,,3857
1678737600,3857,3866.25,3856,3863.75,,3863.75
1678800600,3943.25,3957.25,3936.25,3948.75,,3948.75
1678802400,3949,3960.5,3943,3959.75,,3959.75
1678804200,3959.75,3968,3957,3957.75,,3957.75
1678806000,3957.75,3972.5,3956.5,3968.5,,3968.5
1678807800,3968.5,3971.75,3962.25,3962.5,,3962.5
1678809600,3962.5,3965.75,3952.75,3954.25,,3954.25
1678811400,3954.5,3962,3947.75,3950.75,,3950.75
1678813200,3951,3953.75,3921.5,3934.5,,3934.5
1678815000,3934.5,3942,3924.25,3927.75,,3927.75
1678816800,3928,3932.5,3913.25,3930.25,,3930.25
1678818600,3930.25,3936.25,3923.25,3924.75,,3924.75
1678820400,3924.75,3930,3905.5,3917.5,,3917.5
1678822200,3917.75,3957.5,3914.5,3952.75,,3952.75
1678824000,3952.75,3954.25,3946.5,3946.75,,3946.75
1678887000,3890.75,3909.75,3883.5,3887.75,,3887.75
1678888800,3887.75,3906.25,3882.25,3888.75,,3888.75
1678890600,3888.75,3897,3875,3893.75,,3893.75
1678892400,3894,3906,3888.25,3895,,3895
1678894200,3895,3906.75,3888.25,3889.75,,3889.75
1678896000,3889.75,3895.25,3875,3881.5,,3881.5
1678897800,3881.25,3888.5,3869.5,3874,,3874
1678899600,3874,3898.5,3870.5,3896.75,,3896.75
1678901400,3897,3902.5,3883.5,3897.75,,3897.75
1678903200,3897.75,3928.5,3887,3917.75,,3917.75
1678905000,3917.75,3925.75,3906.75,3920,,3920
1678906800,3920.25,3927.5,3906.75,3921,,3921
1678908600,3920.75,3928.75,3901.25,3928.75,,3928.75
1678910400,3928.75,3931.25,3921.5,3921.75,,3921.75
1678973400,3901,3919,3895,3918.5,,3918.5
1678975200,3918.5,3922.25,3898,3910.75,,3910.75
1678977000,3910.75,3954,3908.25,3949.25,,3949.25
1678978800,3949.25,3969,3941.25,3964.25,,3964.25
1678980600,3964.25,3978.75,3959,3973,,3973
1678982400,3972.75,3975.25,3958,3971.5,,3971.5
1678984200,3971.5,3989.5,3963.75,3987,,3987
1678986000,3987.25,3996.25,3980,3985.5,,3985.5
1678987800,3985.75,3987.75,3977.75,3985,,3985
1678989600,3985,3985.5,3975,3982.25,,3982.25
1678991400,3982.25,3987.5,3971,3987,,3987
1678993200,3987.25,3996.5,3985.25,3994.25,,3994.25
1678995000,3994.25,3999,3987.25,3994.75,,3994.75
1678996800,3995,3995.75,3992,3995,,3995
1679059800,3981.5,3990.25,3970.5,3976.25,,3976.25
1679061600,3976.5,3992.5,3953.25,3960,,3960
1679063400,3960,3962,3941.75,3949.75,,3949.75
1679065200,3949.75,3957.75,3937.5,3943.25,,3943.25
1679067000,3943.25,3950.25,3933,3943.25,,3943.25
1679068800,3943.25,3956,3942.25,3954.75,,3954.75
1679070600,3954.75,3965.75,3946.5,3951.25,,3951.25
1679072400,3951.25,3964,3949.25,3956.75,,3956.75
1679074200,3956.75,3962.5,3949.75,3957.75,,3957.75
1679076000,3957.5,3962.5,3936.25,3937.75,,3937.75
1679077800,3937.75,3947.75,3932.5,3943.25,,3943.25
1679079600,3943.25,3955.75,3938.75,3954.25,,3954.25
1679081400,3954.25,3954.75,3940.75,3948,,3948
1679083200,3948,3955.25,3947,3949.25,,3949.25
1679319000,3954.5,3968,3946.75,3963.75,,3963.75
1679320800,3963.5,3974,3955.75,3971,,3971
1679322600,3971,3979,3965,3977.75,,3977.75
1679324400,3977.75,3989.5,3974.5,3987.75,,3987.75
1679326200,3988,3989,3970.75,3971.75,,3971.75
1679328000,3972,3974,3954,3965.25,,3965.25
1679329800,3965.25,3979.75,3963.75,3976.25,,3976.25
1679331600,3976.5,3986,3975.75,3980.25,,3980.25
1679333400,3980.25,3984.5,3975,3977.75,,3977.75
1679335200,3977.75,3980.75,3971,3977.25,,3977.25
1679337000,3977.5,3981.5,3966.75,3974.75,,3974.75
1679338800,3974.5,3978.75,3969.75,3977,,3977
1679340600,3976.75,3989,3975.5,3984.5,,3984.5
1679342400,3984.25,3986.25,3982.75,3984.5,,3984.5
1679405400,4020,4027.75,4018.25,4026.75,,4026.75
1679407200,4026.75,4031.5,4008.25,4012.25,,4012.25
1679409000,4012.25,4018.75,4006.25,4010.25,,4010.25
1679410800,4010.25,4021.25,4008.75,4017,,4017
1679412600,4017,4021,4003.5,4006.75,,4006.75
1679414400,4007,4014.75,4004.25,4013.25,,4013.25
1679416200,4013.25,4017.25,4008.5,4012.25,,4012.25
1679418000,4012.5,4018.75,4009.5,4018,,4018
1679419800,4018,4022.5,4011,4011,,4011
1679421600,4011,4020,4010.75,4018.75,,4018.75
1679423400,4019,4028,4017.5,4025.25,,4025.25
1679425200,4025.25,4033.75,4024.75,4031.25,,4031.25
1679427000,4031,4043.25,4029,4038.5,,4038.5
1679428800,4038.25,4039.75,4037.25,4037.25,,4037.25
1679491800,4035.75,4037,4029,4034.25,,4034.25
1679493600,4034.25,4047.25,4031.25,4046.25,,4046.25
1679495400,4046,4047.5,4039.75,4041,,4041
1679497200,4041,4042.75,4032.25,4037.5,,4037.5
1679499000,4037.5,4040.25,4035.5,4037.5,,4037.5
1679500800,4037.5,4038.25,4028.5,4031,,4031
1679502600,4031,4032.5,4026.5,4027.5,,4027.5
1679504400,4027.75,4031,4021.75,4030.25,,4030.25
1679506200,4030.5,4036.25,4029.5,4034.25,,4034.25
1679508000,4033.75,4066,4032.75,4047.75,,4047.75
1679509800,4047.75,4073.75,4022.25,4034,,4034
1679511600,4034,4047.5,4004.75,4037.5,,4037.5
1679513400,4037.5,4040.25,3967.75,3969,,3969
1679515200,3969,3975.5,3966.25,3972.75,,3972.75
1679578200,3996.5,4007.75,3995,4005.5,,4005.5
1679580000,4005.25,4018.75,4004.5,4013,,4013
1679581800,4013,4032,4009.75,4030.75,,4030.75
1679583600,4030.75,4039.5,4025,4026,,4026
1679585400,4026,4033.25,4024.25,4027,,4027
1679587200,4026.75,4030,4017.75,4023.25,,4023.25
1679589000,4023,4027,4011.75,4014,,4014
1679590800,4014.25,4017.5,3993.5,3999.25,,3999.25
1679592600,3999.5,4008.25,3992.5,3994,,3994
1679594400,3994.25,3999.5,3973.5,3973.5,,3973.5
1679596200,3973.75,3979,3950.25,3968,,3968
1679598000,3968.25,3993.25,3948.5,3963.25,,3963.25
1679599800,3963.25,3995.25,3957.25,3975.75,,3975.75
1679601600,3975.75,3978,3974,3975.5,,3975.5
1679664600,3962.5,3964.25,3937.5,3960.25,,3960.25
1679666400,3960.25,3970.5,3946,3968.5,,3968.5
1679668200,3968.5,3973.75,3951.75,3959.25,,3959.25
1679670000,3959.25,3963.5,3943,3951.75,,3951.75
1679671800,3951.75,3977.75,3948,3975.75,,3975.75
1679673600,3975.75,3984.75,3961,3967.75,,3967.75
1679675400,3967.5,3982.75,3965.5,3977.25,,3977.25
1679677200,3977.5,3986.25,3971,3980.5,,3980.5
1679679000,3980.75,3988.5,3974.75,3980,,3980
1679680800,3980,3990.5,3978.5,3986.25,,3986.25
1679682600,3986.5,3996,3985.25,3991.25,,3991.25
1679684400,3991.25,4002.25,3985,3999.25,,3999.25
1679686200,3999.25,4003.5,3989,4002.5,,4002.5
1679688000,4002.25,4005.25,4000,4004.25,,4004.25
1679923800,4026,4034.25,4018.5,4025,,4025
1679925600,4025.25,4027,4015.5,4016.5,,4016.5
1679927400,4016.5,4017.5,4006.75,4008.25,,4008.25
1679929200,4008.75,4011.75,4002.75,4010.75,,4010.75
1679931000,4011,4013.5,4000.25,4004.25,,4004.25
1679932800,4004.25,4013.5,4000.5,4012.5,,4012.5
1679934600,4012.75,4014.5,4005.75,4009,,4009
1679936400,4009.25,4016.5,4005,4015.25,,4015.25
1679938200,4015,4020.5,4013,4013,,4013
1679940000,4013,4021.5,4008.5,4018.75,,4018.75
1679941800,4018.75,4026.5,4018.75,4025.5,,4025.5
1679943600,4025.5,4027.75,4017.25,4022.25,,4022.25
1679945400,4022,4023.75,4003.5,4010.25,,4010.25
1679947200,4010.25,4013,4009,4012.25,,4012.25
1680010200,4002.25,4004.75,3994,3999.25,,3999.25
1680012000,3999,4009.5,3995,4003.25,,4003.25
1680013800,4003.25,4004,3989.75,3992,,3992
1680015600,3992,4003.75,3991.5,4001.75,,4001.75
1680017400,4001.75,4006.5,4000.5,4004.75,,4004.75
1680019200,4005,4006,3996.5,3998.25,,3998.25
1680021000,3998.5,4001.25,3995.25,3998,,3998
1680022800,3998.25,3999.5,3992,3993.25,,3993.25
1680024600,3993.25,3995,3980.75,3982.25,,3982.25
1680026400,3982.25,3989,3981,3987,,3987
1680028200,3987.25,3994,3984,3992.25,,3992.25
1680030000,3992.5,3997.25,3989.5,3991,,3991
1680031800,3991,4002,3988,4001.25,,4001.25
1680033600,4001.25,4007.5,4000.75,4004.5,,4004.5
1680096600,4044.5,4046.5,4039.5,4043.5,,4043.5
1680098400,4043.25,4047.75,4037.5,4039.75,,4039.75
1680100200,4039.75,4041.25,4032,4033,,4033
1680102000,4033,4039.5,4032.25,4038.5,,4038.5
1680103800,4038.5,4044.25,4037.5,4044,,4044
1680105600,4044,4046,4040,4044,,4044
1680107400,4044.25,4046.5,4039.75,4041.5,,4041.5
1680109200,4041.75,4049.5,4039.75,4049,,4049
1680111000,4049,4049,4038.75,4040.75,,4040.75
1680112800,4040.75,4044.5,4037.25,4043.5,,4043.5
1680114600,4043.75,4052.25,4042.75,4051.5,,4051.5
1680116400,4051.5,4058.5,4046.25,4057.25,,4057.25
1680118200,4057.25,4061.25,4052.75,4058.75,,4058.75
1680120000,4058.5,4059,4056.25,4058.25,,4058.25
1680183000,4085,4085.5,4079,4085,,4085
1680184800,4085,4087.75,4072,4082.25,,4082.25
1680186600,4082.25,4086,4078,4080,,4080
1680188400,4080.25,4084.5,4076,4078.75,,4078.75
1680190200,4078.75,4079.25,4071.25,4074.5,,4074.5
1680192000,4074.5,4076.5,4070.5,4071.75,,4071.75
1680193800,4071.75,4072,4064.5,4067.5,,4067.5
1680195600,4067.75,4072.25,4066.25,4068.25,,4068.25
1680197400,4068.25,4068.5,4061.25,4067,,4067
1680199200,4067,4075.75,4066.25,4075,,4075
1680201000,4075,4078.75,4072.25,4075.25,,4075.25
1680202800,4075.25,4079.75,4072.5,4078.25,,4078.25
1680204600,4078.5,4081.5,4076.75,4080.75,,4080.75
1680206400,4080.5,4082.25,4080.25,4081.5,,4081.5
1680269400,4090.25,4101.75,4088.5,4098.75,,4098.75
1680271200,4098.5,4104,4097.5,4100.75,,4100.75
1680273000,4100.75,4107.5,4099.5,4106.25,,4106.25
1680274800,4106,4114.75,4104.5,4111.5,,4111.5
1680276600,4111.25,4116,4110.75,4115.75,,4115.75
1680278400,4115.75,4121.75,4115,4120.25,,4120.25
1680280200,4120.25,4121,4115.25,4116.75,,4116.75
1680282000,4117,4118.25,4113.5,4114.75,,4114.75
1680283800,4114.75,4117,4111.5,4115.75,,4115.75
1680285600,4116,4121.75,4114,4116.75,,4116.75
1680287400,4116.5,4120.25,4114.75,4119.75,,4119.75
1680289200,4119.75,4135.5,4119.5,4134.25,,4134.25
1680291000,4134.25,4141.25,4124.75,4138,,4138
1680292800,4137.75,4140.25,4136,4139.5,,4139.5
1680528600,4132.5,4150.75,4131.75,4145,,4145
1680530400,4145,4157.25,4144.5,4156,,4156
1680532200,4156,4157.75,4133.25,4133.75,,4133.75
1680534000,4133.75,4136.25,4127.75,4134.25,,4134.25
1680535800,4134.25,4138.75,4133.25,4138.5,,4138.5
1680537600,4138.75,4142.5,4137.5,4140,,4140
1680539400,4140.25,4141.75,4136,4136.75,,4136.75
1680541200,4136.75,4141.5,4133.5,4136.25,,4136.25
1680543000,4136.25,4140,4133,4136.25,,4136.25
1680544800,4136.25,4140.75,4134.75,4140,,4140
1680546600,4140,4148.75,4139.5,4148,,4148
1680548400,4148,4154.25,4147,4152.5,,4152.5
1680550200,4152.5,4156.25,4149.25,4153.5,,4153.5
1680552000,4153.25,4155.25,4151.75,4154.5,,4154.5
1680615000,4160.25,4161,4148.5,4154,,4154
1680616800,4154.5,4163.25,4143.5,4148.25,,4148.25
1680618600,4148.5,4154.25,4138.75,4140.5,,4140.5
1680620400,4140.5,4140.5,4125.25,4132,,4132
1680622200,4132,4134.5,4125.5,4125.75,,4125.75
1680624000,4126,4128,4115.25,4126,,4126
1680625800,4126,4128.5,4121.5,4126.25,,4126.25
1680627600,4126.5,4134.25,4124,4133,,4133
1680629400,4132.75,4136,4128,4130,,4130
1680631200,4129.75,4132.75,4122,4122.75,,4122.75
1680633000,4122.75,4127.5,4120,4121.5,,4121.5
1680634800,4121.5,4128.25,4119.5,4120.5,,4120.5
1680636600,4120.75,4130.25,4117.5,4130.25,,4130.25
1680638400,4130,4132,4129,4130.75,,4130.75
1680701400,4120,4127.25,4118.5,4124.25,,4124.25
1680703200,4124.5,4127.75,4112.5,4113.5,,4113.5
1680705000,4113.5,4118.75,4102.5,4103.75,,4103.75
1680706800,4103.75,4110.75,4101.75,4106.25,,4106.25
1680708600,4106,4114.75,4105.25,4111.25,,4111.25
1680710400,4111.25,4111.75,4099.5,4101.75,,4101.75
1680712200,4102,4105.75,4099,4101.75,,4101.75
1680714000,4102,4111.25,4100,4109,,4109
1680715800,4109,4112.75,4105.75,4112,,4112
1680717600,4112,4117.25,4111,4111.5,,4111.5
1680719400,4111.25,4118.25,4110.75,4115.75,,4115.75
1680721200,4115.75,4115.75,4109,4112.75,,4112.75
1680723000,4112.75,4119.5,4112.5,4117.25,,4117.25
1680724800,4117,4118,4116.25,4117.75,,4117.75
1680787800,4107.75,4109.25,4096.5,4101.25,,4101.25
1680789600,4101.25,4113,4100.5,4108.5,,4108.5
1680791400,4108.25,4111.5,4101,4104.25,,4104.25
1680793200,4104.5,4113.5,4101.75,4111.5,,4111.5
1680795000,4111.75,4121.5,4110.25,4121.25,,4121.25
1680796800,4121.25,4126.5,4121.25,4124.75,,4124.75
1680798600,4125,4131.75,4124.75,4126.5,,4126.5
1680800400,4126.25,4132.25,4124.5,4130.25,,4130.25
1680802200,4130.25,4132.75,4127.75,4129,,4129
1680804000,4129.25,4134.25,4127.75,4133.25,,4133.25
1680805800,4133.5,4135.25,4129,4129.75,,4129.75
1680807600,4129.75,4132.5,4125.25,4129.25,,4129.25
1680809400,4129.5,4133,4128,4132.5,,4132.5
1680811200,4132.25,4132.75,4130.5,4131.5,,4131.5
1681133400,4105.75,4108,4098.75,4101.5,,4101.5
1681135200,4101.25,4111,4099.5,4104.5,,4104.5
1681137000,4104.5,4113.5,4104.25,4106.5,,4106.5
1681138800,4106.75,4115.75,4106.5,4113.5,,4113.5
1681140600,4113.5,4117.5,4109.25,4109.75,,4109.75
1681142400,4109.75,4110,4102.25,4108.5,,4108.5
1681144200,4108.75,4123.5,4108.5,4123.25,,4123.25
1681146000,4123.25,4128.5,4122.5,4127.25,,4127.25
1681147800,4127.25,4129.25,4122,4126.5,,4126.5
1681149600,4126.5,4131,4124,4128,,4128
1681151400,4128,4131.5,4124.25,4131,,4131
1681153200,4131,4133,4127.5,4127.75,,4127.75
1681155000,4127.75,4137.75,4126.75,4137.5,,4137.5
1681156800,4137.5,4141.25,4135,4140.5,,4140.5
1681219800,4142.25,4142.75,4133.5,4135,,4135
1681221600,4134.75,4140.25,4133,4140,,4140
1681223400,4140,4140.25,4128.75,4133.5,,4133.5
1681225200,4133.5,4141,4133,4138,,4138
1681227000,4138,4140.75,4134.25,4140,,4140
1681228800,4140,4145.25,4139.5,4142.75,,4142.75
1681230600,4142.75,4144.75,4138,4144,,4144
1681232400,4144,4147,4141.25,4144.75,,4144.75
1681234200,4144.75,4148.75,4143,4148,,4148
1681236000,4148,4149.5,4145.25,4149.5,,4149.5
1681237800,4149.5,4151.25,4148,4149.25,,4149.25
1681239600,4149.5,4151.75,4146,4150,,4150
1681241400,4149.75,4150.75,4132.5,4137.75,,4137.75
1681243200,4137.5,4140.25,4137,4139.25,,4139.25
1681306200,4158.25,4161,4140.75,4146.75,,4146.75
1681308000,4146.75,4158,4142.5,4155,,4155
1681309800,4155,4157,4130,4130.75,,4130.75
1681311600,4131,4135.25,4121,4134.75,,4134.75
1681313400,4134.75,4144,4131.5,4142.75,,4142.75
1681315200,4142.75,4147,4141.75,4144.75,,4144.75
1681317000,4144.75,4149.25,4141.75,4148.25,,4148.25
1681318800,4148.25,4154.5,4144,4151.25,,4151.25
1681320600,4151.5,4154.5,4146,4148,,4148
1681322400,4148,4154.5,4133.5,4135.75,,4135.75
1681324200,4135.5,4135.5,4124.25,4129.25,,4129.25
1681326000,4129.5,4133.5,4113.5,4114.75,,4114.75
1681327800,4114.75,4124,4113.75,4120.75,,4120.75
1681329600,4120.75,4122,4118,4118.75,,4118.75
1681392600,4130.25,4133,4124.5,4129,,4129
1681394400,4129,4146.5,4127,4145.5,,4145.5
1681396200,4145.25,4147,4138.75,4140.25,,4140.25
1681398000,4140.5,4146.25,4140.5,4146,,4146
1681399800,4145.75,4148.75,4141.25,4147.5,,4147.5
1681401600,4147.5,4153.25,4147.5,4152.25,,4152.25
1681403400,4152.25,4154,4149.75,4153,,4153
1681405200,4153.25,4159.5,4149.25,4157.25,,4157.25
1681407000,4157.5,4166.25,4156,4165,,4165
1681408800,4165.25,4173,4164,4170,,4170
1681410600,4170,4175.25,4167.75,4174.25,,4174.25
1681412400,4174.5,4176.75,4171,4174.75,,4174.75
1681414200,4174.5,4177,4170,4173.25,,4173.25
1681416000,4173.25,4173.25,4170.75,4172.5,,4172.5
1681479000,4166.25,4189,4166,4186,,4186
1681480800,4186,4187.75,4159.25,4161,,4161
1681482600,4161.25,4165.5,4154.75,4160,,4160
1681484400,4160.25,4162.5,4152.5,4153.5,,4153.5
1681486200,4153.75,4156.75,4150.25,4155.5,,4155.5
1681488000,4155.5,4156.25,4147.5,4149,,4149
1681489800,4149,4149.25,4138.75,4141,,4141
1681491600,4141,4153,4140.25,4143.5,,4143.5
1681493400,4143.75,4149,4138,4147.5,,4147.5
1681495200,4147.75,4157,4144.25,4156.5,,4156.5
1681497000,4156.75,4159.75,4154.25,4158.75,,4158.75
1681498800,4159,4159,4144.25,4155.75,,4155.75
1681500600,4155.75,4165.75,4154.5,4163.25,,4163.25
1681502400,4163,4166.75,4163,4166.5,,4166.5
1681738200,4161,4169.5,4159.5,4164.25,,4164.25
1681740000,4164.25,4169.25,4160.5,4164.75,,4164.75
1681741800,4165,4168.5,4156.5,4161,,4161
1681743600,4161,4164.5,4157.5,4159,,4159
1681745400,4158.75,4158.75,4149.25,4154,,4154
1681747200,4154,4156.25,4150,4154.25,,4154.25
1681749000,4154.25,4157.25,4152,4154.75,,4154.75
1681750800,4155,4158.5,4151.5,4157,,4157
1681752600,4157,4158.25,4149.5,4150.5,,4150.5
1681754400,4150.5,4154,4148,4153.5,,4153.5
1681756200,4153.5,4165.5,4152.75,4164.5,,4164.5
1681758000,4164.5,4173,4164.5,4172.5,,4172.5
1681759800,4172.5,4177.75,4168,4177.25,,4177.25
1681761600,4177.25,4180.5,4176.75,4178.25,,4178.25
1681824600,4193.5,4194.75,4182.25,4184,,4184
1681826400,4184.25,4184.5,4170.5,4171.75,,4171.75
1681828200,4172,4175.25,4166,4170,,4170
1681830000,4169.75,4173.25,4166.75,4172,,4172
1681831800,4172,4175.25,4164.5,4169.25,,4169.25
1681833600,4169,4178.75,4168,4178.75,,4178.75
1681835400,4178.75,4179.5,4172.5,4174.75,,4174.75
1681837200,4175,4179.25,4173.25,4173.75,,4173.75
1681839000,4173.75,4181.75,4172.5,4176.5,,4176.5
1681840800,4176.75,4181.75,4173.75,4179.75,,4179.75
1681842600,4179.75,4182,4168.75,4175,,4175
1681844400,4175.25,4181.25,4175,4177.5,,4177.5
1681846200,4177.75,4183,4176,4179.25,,4179.25
1681848000,4179.5,4180.5,4174.5,4177.75,,4177.75
1681911000,4158.5,4163.25,4157.75,4159,,4159
1681912800,4159.25,4167,4158.25,4166,,4166
1681914600,4166,4172.25,4164.75,4169.25,,4169.25
1681916400,4169.5,4172.25,4166.75,4169.25,,4169.25
1681918200,4169,4174.25,4165.75,4173.5,,4173.5
1681920000,4173.5,4176,4171.5,4175.5,,4175.5
1681921800,4175.5,4178.5,4175,4176.75,,4176.75
1681923600,4177,4181,4174.5,4179.25,,4179.25
1681925400,4179.25,4182.5,4176.5,4181.75,,4181.75
1681927200,4182,4187.5,4178.75,4182,,4182
1681929000,4182.25,4183,4178,4182,,4182
1681930800,4182,4184.5,4179.25,4181.5,,4181.5
1681932600,4181.5,4183,4172.5,4178.5,,4178.5
1681934400,4178.25,4178.75,4172.5,4173.25,,4173.25
1681997400,4146.25,4157.25,4145,4150.5,,4150.5
1681999200,4150.5,4159.5,4147.5,4156.5,,4156.5
1682001000,4156.5,4163,4156,4161.5,,4161.5
1682002800,4161.5,4162.75,4153,4156.25,,4156.25
1682004600,4156.25,4160.5,4152.25,4157.75,,4157.75
1682006400,4157.75,4161.5,4152.5,4160.75,,4160.75
1682008200,4160.75,4167.75,4159.75,4166.75,,4166.75
1682010000,4167,4170.5,4165.5,4170,,4170
1682011800,4170,4171.75,4166,4166.75,,4166.75
1682013600,4166.75,4167,4158.25,4158.75,,4158.75
1682015400,4158.75,4159.25,4145.5,4150.5,,4150.5
1682017200,4150.5,4152.75,4137,4138,,4138
1682019000,4138,4154.25,4138,4153.5,,4153.5
1682020800,4153.5,4158.25,4152.25,4153.75,,4153.75
1682083800,4155.75,4156.5,4142.5,4143,,4143
1682085600,4143,4158.25,4137.75,4154.5,,4154.5
1682087400,4154.5,4156.75,4135.25,4141.5,,4141.5
1682089200,4141.5,4150.25,4140.75,4146.5,,4146.5
1682091000,4146.75,4153.25,4141.75,4151.25,,4151.25
1682092800,4151.5,4154,4147.5,4148.25,,4148.25
1682094600,4148.5,4151.5,4146.25,4149.75,,4149.75
1682096400,4150,4154,4147.25,4149,,4149
1682098200,4149.25,4157.75,4148.75,4156,,4156
1682100000,4156.25,4161,4156,4157.25,,4157.25
1682101800,4157.25,4158.75,4151,4154.25,,4154.25
1682103600,4154,4156,4147.5,4152,,4152
1682105400,4151.75,4158.25,4149,4156,,4156
1682107200,4155.75,4157.25,4154.25,4155,,4155
1682343000,4153.5,4163.25,4152.75,4160.75,,4160.75
1682344800,4160.75,4164,4157.5,4163.25,,4163.25
1682346600,4163.25,4164.25,4147,4149.25,,4149.25
1682348400,4149.25,4150.5,4144.25,4145.5,,4145.5
1682350200,4145.5,4148.5,4141,4142,,4142
1682352000,4142,4147.5,4139,4147.25,,4147.25
1682353800,4147.25,4150.75,4146.5,4150.25,,4150.25
1682355600,4150.25,4151.5,4147,4150.75,,4150.75
1682357400,4151,4156.25,4150.25,4155.25,,4155.25
1682359200,4155.25,4157.5,4152,4153.5,,4153.5
1682361000,4153.75,4154.75,4150.25,4154.25,,4154.25
1682362800,4154.25,4159,4154.25,4156.25,,4156.25
1682364600,4156.5,4160.5,4155,4160.5,,4160.5
1682366400,4160.25,4161.5,4157.5,4159,,4159
1682429400,4138.5,4144.25,4132.75,4135.25,,4135.25
1682431200,4135.25,4140.5,4126.5,4129,,4129
1682433000,4128.75,4132,4123.5,4130.5,,4130.5
1682434800,4130.75,4136.5,4127.5,4127.75,,4127.75
1682436600,4127.75,4128,4121.75,4122.5,,4122.5
1682438400,4122.5,4125.25,4120.5,4121.5,,4121.5
1682440200,4121.25,4122.5,4116.5,4118.75,,4118.75
1682442000,4118.75,4121.25,4101.75,4107,,4107
1682443800,4107,4107.5,4100,4101.5,,4101.5
1682445600,4101.5,4104.5,4097.5,4104,,4104
1682447400,4103.75,4106,4097.75,4098.25,,4098.25
1682449200,4098.25,4106.5,4097,4101,,4101
1682451000,4101,4103.5,4092.25,4093.5,,4093.5
1682452800,4093.5,4109,4091.5,4108.75,,4108.75
1682515800,4098.75,4104.25,4094.5,4100.25,,4100.25
1682517600,4100.5,4101.25,4081.25,4084.75,,4084.75
1682519400,4084.75,4094.5,4084.5,4093.5,,4093.5
1682521200,4093.75,4107,4093.5,4103,,4103
1682523000,4103,4106.75,4099.25,4104.75,,4104.75
1682524800,4104.75,4109.75,4102,4102.75,,4102.75
1682526600,4102.75,4103,4096.25,4098.25,,4098.25
1682528400,4098.25,4101.25,4092,4093.75,,4093.75
1682530200,4093.75,4095.5,4081,4084,,4084
1682532000,4084,4084.5,4076.75,4084,,4084
1682533800,4084,4084.5,4072,4074.75,,4074.75
1682535600,4074.5,4078.5,4070.5,4074,,4074
1682537400,4074,4080.75,4068.75,4074.75,,4074.75
1682539200,4074.75,4085.5,4073.75,4080.75,,4080.75
1682602200,4099.75,4108.5,4097.25,4105.5,,4105.5
1682604000,4105.25,4115,4103.75,4111.75,,4111.75
1682605800,4111.75,4115.5,4105.75,4107,,4107
1682607600,4107,4119.5,4104.25,4118,,4118
1682609400,4117.75,4122.25,4115,4121.75,,4121.75
1682611200,4121.75,4127,4121.75,4125.5,,4125.5
1682613000,4125.25,4128.75,4124,4127.75,,4127.75
1682614800,4127.75,4131.5,4126.75,4131,,4131
1682616600,4131,4142,4131,4138,,4138
1682618400,4138.25,4148.75,4137.75,4147.25,,4147.25
1682620200,4147.25,4155.75,4146,4155.25,,4155.25
1682622000,4155.5,4157.5,4151.25,4154,,4154
1682623800,4153.75,4157.25,4151.25,4154.25,,4154.25
1682625600,4154,4166.5,4148.5,4156,,4156
1682688600,4144.5,4157.5,4143.75,4155.25,,4155.25
1682690400,4155.25,4178.25,4153,4177,,4177
1682692200,4177,4178,4158.5,4162.25,,4162.25
1682694000,4162.25,4168.75,4152.75,4167.5,,4167.5
1682695800,4167.5,4179,4167.25,4177.75,,4177.75
1682697600,4177.75,4181.25,4173.75,4179.75,,4179.75
1682699400,4179.75,4185.75,4175.75,4185,,4185
1682701200,4185,4185.5,4179.5,4184.75,,4184.75
1682703000,4185,4185.75,4175.75,4179.5,,4179.5
1682704800,4179.75,4185.25,4176.25,4178.25,,4178.25
1682706600,4178.25,4179.25,4171.25,4178.25,,4178.25
1682708400,4178.25,4186.25,4177.25,4179.25,,4179.25
1682710200,4179.25,4190,4176.5,4189.5,,4189.5
1682712000,4189.5,4193.75,4188.25,4191.5,,4191.5
1682947800,4184.25,4197.25,4184,4194,,4194
1682949600,4193.5,4197.75,4187.5,4189.75,,4189.75
1682951400,4189.75,4200.75,4188,4199.5,,4199.5
1682953200,4199.75,4201.5,4185.5,4188.25,,4188.25
1682955000,4188.25,4194,4186.75,4193.25,,4193.25
1682956800,4193.25,4199,4192.75,4197.75,,4197.75
1682958600,4198,4206.25,4198,4201.75,,4201.75
1682960400,4201.75,4203.25,4197.75,4198.25,,4198.25
1682962200,4198.25,4202,4196.25,4200.25,,4200.25
1682964000,4200.5,4201.25,4194,4195.5,,4195.5
1682965800,4195.5,4195.75,4184,4190.5,,4190.5
1682967600,4190.5,4192,4186,4187.5,,4187.5
1682969400,4187.75,4190.75,4182.25,4184.75,,4184.75
1682971200,4184.75,4188.75,4184,4185.5,,4185.5
1683034200,4177,4177.25,4165,4167.25,,4167.25
1683036000,4167.25,4169.5,4134,4138,,4138
1683037800,4137.75,4138,4117.5,4118.5,,4118.5
1683039600,4118.5,4120,4109,4111.75,,4111.75
1683041400,4111.75,4122,4105.5,4114.75,,4114.75
1683043200,4114.75,4121.75,4111.75,4121,,4121
1683045000,4120.75,4126.25,4119,4124.5,,4124.5
1683046800,4124.5,4131.75,4122.5,4130.25,,4130.25
1683048600,4130.25,4140.75,4128.75,4136.25,,4136.25
1683050400,4136.25,4137,4125.75,4130,,4130
1683052200,4130,4139.75,4128.25,4139,,4139
1683054000,4139,4144,4134.25,4141.75,,4141.75
1683055800,4141.75,4141.75,4133,4137.25,,4137.25
1683057600,4137,4139.25,4136.25,4136.75,,4136.75
1683120600,4141.5,4154.5,4140,4149.75,,4149.75
1683122400,4149.75,4152.75,4141.5,4142.25,,4142.25
1683124200,4142,4144.25,4132.75,4136.5,,4136.5
1683126000,4136.25,4137.75,4130.75,4134.25,,4134.25
1683127800,4134.25,4143.25,4132.25,4142.75,,4142.75
1683129600,4142.75,4145.75,4138.25,4145.5,,4145.5
1683131400,4145.5,4149.25,4142.25,4149.25,,4149.25
1683133200,4149.5,4153,4147.25,4152.5,,4152.5
1683135000,4152.5,4153.75,4147,4149.5,,4149.5
1683136800,4150,4164.25,4139,4154,,4154
1683138600,4154,4167,4131,4150,,4150
1683140400,4150.25,4159,4115,4116,,4116
1683142200,4116,4118,4105,4107.5,,4107.5
1683144000,4107.5,4117,4105,4115,,4115
1683207000,4095.25,4098.25,4073.75,4081,,4081
1683208800,4081,4085,4065,4065,,4065
1683210600,4065.25,4082.75,4063.5,4073.5,,4073.5
1683212400,4073.75,4090.5,4070.75,4077.5,,4077.5
1683214200,4077.5,4080,4067,4068.75,,4068.75
1683216000,4068.5,4079.5,4062.25,4079.5,,4079.5
1683217800,4079.5,4083.75,4071.75,4083.5,,4083.5
1683219600,4083.25,4097,4080.75,4090.5,,4090.5
1683221400,4090.75,4095.5,4081.25,4087,,4087
1683223200,4087,4088,4076.75,4076.75,,4076.75
1683225000,4076.75,4081.25,4071.25,4077.75,,4077.75
1683226800,4077.5,4088,4071,4078.25,,4078.25
1683228600,4078.25,4088.25,4073.25,4077.25,,4077.25
1683230400,4077,4078.5,4072.25,4072.75,,4072.75
1683293400,4114.5,4128.75,4111.5,4126.5,,4126.5
1683295200,4126.5,4136.75,4125.75,4133.25,,4133.25
1683297000,4133.5,4141.75,4133.5,4136.25,,4136.25
1683298800,4136,4140.25,4132,4138.75,,4138.75
1683300600,4138.5,4139,4132.5,4135.5,,4135.5
1683302400,4135.75,4136.75,4131,4133.5,,4133.5
1683304200,4133.5,4136.75,4127.25,4136.5,,4136.5
1683306000,4136.5,4141.25,4136.25,4140.5,,4140.5
1683307800,4140.5,4145.75,4140.25,4144.25,,4144.25
1683309600,4144.5,4152.5,4143.75,4150.75,,4150.75
1683311400,4150.75,4163.25,4150.75,4158.75,,4158.75
1683313200,4158.75,4161,4153,4156.75,,4156.75
1683315000,4157,4158,4147.5,4151.75,,4151.75
1683316800,4151.5,4153,4147,4150.25,,4150.25
1683552600,4154.75,4156.25,4143.75,4146.75,,4146.75
1683554400,4146.75,4150,4142.25,4143.25,,4143.25
1683556200,4143.25,4150.5,4141.5,4148.75,,4148.75
1683558000,4148.75,4153.25,4145.25,4146,,4146
1683559800,4146,4152.25,4143.25,4151.25,,4151.25
1683561600,4151.25,4152.5,4145.5,4148.75,,4148.75
1683563400,4148.75,4150,4144.75,4147.5,,4147.5
1683565200,4147.75,4151.5,4145.75,4149.25,,4149.25
1683567000,4149.5,4154.25,4149.5,4152.5,,4152.5
1683568800,4152.5,4154.75,4137.5,4152.75,,4152.75
1683570600,4153,4157.5,4152.5,4156.25,,4156.25
1683572400,4156.25,4157,4149.25,4150.75,,4150.75
1683574200,4150.5,4156.25,4149.5,4153.25,,4153.25
1683576000,4153,4153.5,4150.5,4153.25,,4153.25
1683639000,4135.5,4141,4131,4140.75,,4140.75
1683640800,4140.5,4142.75,4132.75,4137.25,,4137.25
1683642600,4137.25,4141,4133.5,4138,,4138
1683644400,4138,4141.75,4134,4137,,4137
1683646200,4137.25,4141.25,4134,4134.5,,4134.5
1683648000,4134.5,4136.25,4132.5,4133,,4133
1683649800,4132.75,4138.5,4132.5,4137.75,,4137.75
1683651600,4138,4139,4136.25,4138.25,,4138.25
1683653400,4138.25,4143.75,4136.5,4143,,4143
1683655200,4143,4145.25,4141,4142.25,,4142.25
1683657000,4142.5,4143.5,4135.25,4139,,4139
1683658800,4139,4142.5,4137.5,4139.5,,4139.5
1683660600,4139.25,4141.25,4132.5,4134.5,,4134.5
1683662400,4134.5,4138.5,4133.25,4136.75,,4136.75
1683725400,4162.75,4169.5,4138.5,4148.5,,4148.5
1683727200,4148.5,4161.5,4141,4145,,4145
1683729000,4145,4149.25,4125.5,4132.75,,4132.75
1683730800,4132.75,4144.5,4132,4143,,4143
1683732600,4143,4148,4139,4140.5,,4140.5
1683734400,4140.5,4141,4132.5,4137.5,,4137.5
1683736200,4137.5,4138.75,4127.75,4130.25,,4130.25
1683738000,4130.25,4131,4113.25,4115.75,,4115.75
1683739800,4116,4126.75,4112.25,4124.75,,4124.75
1683741600,4124.5,4136.25,4124.5,4134,,4134
1683743400,4134,4146,4134,4144,,4144
1683745200,4144,4160.25,4142,4155.75,,4155.75
1683747000,4156,4162.5,4150,4152.5,,4152.5
1683748800,4152.5,4156.75,4151.75,4154.5,,4154.5
1683811800,4141.5,4143,4123.25,4124.75,,4124.75
1683813600,4125,4132.5,4121.5,4130.75,,4130.75
1683815400,4130.75,4136,4122.75,4135.25,,4135.25
1683817200,4135.5,4139,4131.25,4136.5,,4136.5
1683819000,4136.25,4142,4134.75,4140.5,,4140.5
1683820800,4140.75,4144.5,4134.25,4140,,4140
1683822600,4140.25,4144,4139.25,4142,,4142
1683824400,4142.25,4143,4134.5,4136.25,,4136.25
1683826200,4136.25,4140.75,4124.5,4135.25,,4135.25
1683828000,4135.25,4138.25,4131.25,4137.25,,4137.25
1683829800,4137.25,4146.75,4136,4144.75,,4144.75
1683831600,4144.5,4145.5,4139,4141.75,,4141.75
1683833400,4141.75,4145.5,4136.5,4144,,4144
1683835200,4144,4145,4142.75,4143.25,,4143.25
1683898200,4155.75,4158.25,4146.75,4148.5,,4148.5
1683900000,4148.5,4151.25,4139.5,4141,,4141
1683901800,4141,4141,4133.25,4136.5,,4136.5
1683903600,4136.5,4141.75,4128.5,4129.75,,4129.75
1683905400,4129.75,4136.75,4127.75,4136.25,,4136.25
1683907200,4136,4137.25,4121.25,4121.75,,4121.75
1683909000,4122,4126,4115.5,4116.75,,4116.75
1683910800,4116.5,4128.5,4114.25,4124,,4124
1683912600,4124,4127.25,4112.75,4114.25,,4114.25
1683914400,4114.25,4119.5,4111.75,4116.25,,4116.25
1683916200,4116.25,4121.25,4112,4120.25,,4120.25
1683918000,4120.25,4126,4117.5,4125,,4125
1683919800,4125,4138.5,4125,4138,,4138
1683921600,4137.75,4138.25,4132.75,4134,,4134
1684157400,4143,4144,4128.25,4129.25,,4129.25
1684159200,4129.25,4133,4123,4130.75,,4130.75
1684161000,4131,4140.75,4130.25,4135,,4135
1684162800,4135,4142.75,4134.25,4140.75,,4140.75
1684164600,4140.75,4143,4136.5,4140.75,,4140.75
1684166400,4140.75,4142,4137.75,4140.25,,4140.25
1684168200,4140.5,4149,4139,4148.5,,4148.5
1684170000,4148.5,4155.25,4143,4144,,4144
1684171800,4144,4145.25,4136.5,4144,,4144
1684173600,4144,4147.75,4141.25,4143.5,,4143.5
1684175400,4143.5,4149,4142.25,4145.25,,4145.25
1684177200,4145,4149.25,4144.5,4148.5,,4148.5
1684179000,4148.5,4152,4145.75,4151.5,,4151.5
1684180800,4151.25,4151.5,4149,4150.75,,4150.75
1684243800,4139,4148.75,4133.25,4136.25,,4136.25
1684245600,4136.5,4141.5,4127,4138.5,,4138.5
1684247400,4138.5,4141.5,4129.75,4135,,4135
1684249200,4134.75,4139.5,4132.25,4139.5,,4139.5
1684251000,4139.25,4141,4130.25,4139.25,,4139.25
1684252800,4139.5,4140.75,4135.75,4139,,4139
1684254600,4139,4143.75,4136,4141,,4141
1684256400,4141,4141.75,4134.75,4135.75,,4135.75
1684258200,4136,4139.75,4133.75,4139,,4139
1684260000,4139,4140,4132,4133,,4133
1684261800,4133,4138.75,4130.25,4137.25,,4137.25
1684263600,4137.25,4139,4134,4137.25,,4137.25
1684265400,4137.25,4138.25,4122.5,4123,,4123
1684267200,4123,4128,4120,4127.25,,4127.25
1684330200,4143.75,4144.25,4126,4127.5,,4127.5
1684332000,4127.5,4137.5,4125.75,4137,,4137
1684333800,4137,4139,4135,4138.75,,4138.75
1684335600,4138.75,4148.25,4131.75,4140.75,,4140.75
1684337400,4141,4147.75,4139,4145.75,,4145.75
1684339200,4145.75,4149,4144,4148.5,,4148.5
1684341000,4148.75,4166.5,4148.75,4164.25,,4164.25
1684342800,4164.5,4173,4164.5,4172.25,,4172.25
1684344600,4172.25,4179,4171.5,4177.75,,4177.75
1684346400,4177.75,4178.5,4170.5,4172.25,,4172.25
1684348200,4172.5,4173.75,4165.25,4165.75,,4165.75
1684350000,4165.75,4174.5,4164.75,4167,,4167
1684351800,4166.75,4175.25,4164.75,4172.25,,4172.25
1684353600,4172,4172.25,4169.5,4170.75,,4170.75
1684416600,4167.25,4173,4164.75,4169.75,,4169.75
1684418400,4169.75,4187.5,4167.75,4187.5,,4187.5
1684420200,4187.5,4194,4184.25,4191.25,,4191.25
1684422000,4191.5,4198,4187.75,4191.5,,4191.5
1684423800,4191.75,4199.25,4186.25,4189.25,,4189.25
1684425600,4189.5,4189.75,4175.5,4180,,4180
1684427400,4180.25,4183.25,4175.75,4180.25,,4180.25
1684429200,4180.5,4190.75,4179.5,4179.75,,4179.75
1684431000,4180,4185,4172.5,4174.5,,4174.5
1684432800,4174.5,4186.25,4173,4183.75,,4183.75
1684434600,4184,4190,4183.75,4189,,4189
1684436400,4189.25,4198.75,4186.75,4196.75,,4196.75
1684438200,4196.75,4215.5,4196,4211.25,,4211.25
1684440000,4211,4212.5,4209.75,4211.5,,4211.5
1684503000,4219.75,4225.75,4216.25,4224,,4224
1684504800,4224,4225.25,4217,4224,,4224
1684506600,4224,4225.75,4217.25,4221.75,,4221.75
1684508400,4221.75,4224,4203.25,4203.5,,4203.5
1684510200,4203.25,4210,4191.5,4203.25,,4203.25
1684512000,4203.25,4207,4197.25,4200.5,,4200.5
1684513800,4200.25,4207.5,4193.25,4205.25,,4205.25
1684515600,4205.25,4209,4203.75,4205.75,,4205.75
1684517400,4206,4207.25,4197.75,4198.25,,4198.25
1684519200,4198.5,4203,4193,4197,,4197
1684521000,4197,4205.5,4195,4205,,4205
1684522800,4205,4205.75,4199.75,4200.5,,4200.5
1684524600,4200.5,4208.5,4198.25,4204.5,,4204.5
1684526400,4204.75,4205.75,4200.75,4200.75,,4200.75
1684762200,4204.5,4221.75,4204.25,4208.5,,4208.5
1684764000,4208.5,4211.75,4191,4209.25,,4209.25
1684765800,4209.25,4211.5,4198,4206,,4206
1684767600,4206,4211.75,4205.25,4210.75,,4210.75
1684769400,4211,4212.75,4204.5,4210.5,,4210.5
1684771200,4210.5,4212.5,4205.25,4207,,4207
1684773000,4207,4209,4205.5,4208.75,,4208.75
1684774800,4208.75,4212.25,4200.25,4208.5,,4208.5
1684776600,4208.75,4212.75,4208.5,4209.5,,4209.5
1684778400,4209.5,4215,4208.75,4215,,4215
1684780200,4215,4220.25,4212,4215.5,,4215.5
1684782000,4215.5,4217.5,4205.5,4208,,4208
1684783800,4208,4208.75,4201.75,4205.75,,4205.75
1684785600,4205.5,4207.75,4204.5,4206.75,,4206.75
1684848600,4187.75,4197.5,4185.25,4193.25,,4193.25
1684850400,4193.25,4198.5,4186.5,4194,,4194
1684852200,4194,4197,4188,4190.5,,4190.5
1684854000,4190.5,4196.25,4190,4195.5,,4195.5
1684855800,4195.75,4197.25,4192.75,4193.5,,4193.5
1684857600,4193.75,4196.25,4188.25,4189,,4189
1684859400,4189.25,4190.25,4175.5,4180,,4180
1684861200,4180,4186.25,4173.75,4174.75,,4174.75
1684863000,4174.5,4178.25,4168.5,4173.25,,4173.25
1684864800,4173.5,4179.25,4153,4159.75,,4159.75
1684866600,4159.75,4165,4156,4163.5,,4163.5
1684868400,4163.75,4165.5,4155.25,4164,,4164
1684870200,4164,4167.5,4157,4158,,4158
1684872000,4158,4161.75,4156.5,4158.5,,4158.5
1684935000,4140,4140.5,4125.5,4127,,4127
1684936800,4127,4129.5,4118.75,4122,,4122
1684938600,4122,4127.5,4118.25,4120.25,,4120.25
1684940400,4120,4134.75,4117,4127.75,,4127.75
1684942200,4127.75,4129.5,4117.5,4119.75,,4119.75
1684944000,4119.75,4125.25,4114,4115.5,,4115.5
1684945800,4115.75,4122.5,4114.25,4121.5,,4121.5
1684947600,4121.5,4125.25,4115.25,4120.25,,4120.25
1684949400,4120,4131,4119.75,4127,,4127
1684951200,4127.25,4131,4117,4118.5,,4118.5
1684953000,4118.25,4125.75,4116.5,4120,,4120
1684954800,4120,4139,4117,4135.5,,4135.5
1684956600,4135.5,4143.75,4123.25,4126.75,,4126.75
1684958400,4127,4131,4123.75,4130,,4130
1685021400,4160.75,4161.75,4139.25,4144.75,,4144.75
1685023200,4144.75,4151.75,4137.5,4144.75,,4144.75
1685025000,4144.75,4153.5,4140.25,4151,,4151
1685026800,4151,4160,4148.75,4149.75,,4149.75
1685028600,4149.75,4150.75,4139.5,4144.5,,4144.5
1685030400,4144.75,4159.25,4144.5,4155.5,,4155.5
1685032200,4155.5,4156.75,4149.25,4150.5,,4150.5
1685034000,4150.5,4163,4147.75,4160.5,,4160.5
1685035800,4160.5,4164.75,4158.5,4163.5,,4163.5
1685037600,4163.25,4175.5,4161.5,4164.5,,4164.5
1685039400,4164.75,4165.25,4152,4154.75,,4154.75
1685041200,4154.75,4169.25,4154.25,4166.5,,4166.5
1685043000,4166.75,4170.5,4159,4160,,4160
1685044800,4159.75,4161.5,4159,4159,,4159
1685107800,4166.25,4187.5,4165.5,4183.25,,4183.25
1685109600,4183.5,4205.5,4182.25,4205.5,,4205.5
1685111400,4205.5,4211.75,4202.25,4207,,4207
1685113200,4207.25,4210.75,4196,4199,,4199
1685115000,4199,4208.25,4198.5,4204,,4204
1685116800,4204,4211.75,4203,4211.75,,4211.75
1685118600,4211.75,4213.25,4209.5,4210.75,,4210.75
1685120400,4211,4213.75,4206.25,4209.75,,4209.75
1685122200,4210,4212,4205,4209.25,,4209.25
1685124000,4209.25,4213,4204,4211.5,,4211.5
1685125800,4211.75,4218.25,4211.25,4215,,4215
1685127600,4215,4221.25,4213.75,4215.25,,4215.25
1685129400,4215.25,4218.75,4211.5,4213.5,,4213.5
1685131200,4213.5,4220.5,4212.75,4219.5,,4219.5
1685453400,4233,4238.5,4223.25,4226.25,,4226.25
1685455200,4226.25,4232.75,4214.25,4219.5,,4219.5
1685457000,4219.75,4225.5,4215.25,4219.25,,4219.25
1685458800,4219.25,4223.5,4209.5,4217.25,,4217.25
1685460600,4217,4222.75,4216,4219.75,,4219.75
1685462400,4219.75,4220.5,4212.25,4213.75,,4213.75
1685464200,4213.75,4218.25,4207.5,4217.75,,4217.75
1685466000,4218,4218,4205.5,4207,,4207
1685467800,4206.75,4210.5,4201.75,4202.5,,4202.5
1685469600,4202.75,4214.5,4200,4213.25,,4213.25
1685471400,4213.25,4222.5,4213.25,4214.75,,4214.75
1685473200,4214.75,4217.25,4210.5,4215.5,,4215.5
1685475000,4215.5,4218.5,4208.75,4215,,4215
1685476800,4215,4217.25,4213.75,4216.25,,4216.25
1685539800,4194.75,4204.5,4192.5,4193.5,,4193.5
1685541600,4193.5,4195.25,4176.25,4180.75,,4180.75
1685543400,4180.5,4184,4175,4180.25,,4180.25
1685545200,4180.25,4182.5,4174.5,4174.5,,4174.5
1685547000,4174.5,4182.75,4174,4179.5,,4179.5
1685548800,4179.25,4183.75,4177.25,4179.5,,4179.5
1685550600,4179.25,4186,4176.25,4182.25,,4182.25
1685552400,4182.25,4188,4180.75,4188,,4188
1685554200,4188,4196.75,4185.25,4195,,4195
1685556000,4194.75,4199.25,4191.75,4197.75,,4197.75
1685557800,4197.5,4198.75,4187.5,4193.25,,4193.25
1685559600,4193.25,4194.5,4189,4194,,4194
1685561400,4194.25,4203.5,4188.25,4191.25,,4191.25
1685563200,4191.25,4194,4187.25,4189,,4189
1685626200,4191.25,4193,4178,4182,,4182
1685628000,4182.25,4197.5,4181.75,4190,,4190
1685629800,4190,4207.75,4188.5,4204,,4204
1685631600,4204,4213.5,4201.75,4211.75,,4211.75
1685633400,4212,4221.25,4211,4220.75,,4220.75
1685635200,4221,4228.75,4220.75,4227.75,,4227.75
1685637000,4227.75,4228.5,4223,4227.25,,4227.25
1685638800,4227.25,4229.75,4223,4225.25,,4225.25
1685640600,4225.5,4231.25,4223.25,4231.25,,4231.25
1685642400,4231.25,4232.75,4227.75,4230.75,,4230.75
1685644200,4231,4235.5,4228.25,4234.75,,4234.75
1685646000,4235,4239.75,4228.25,4229.25,,4229.25
1685647800,4229.25,4230.25,4219,4228.75,,4228.75
1685649600,4228.5,4232.5,4226.75,4231.5,,4231.5
1685712600,4254.75,4273.75,4253,4253.5,,4253.5
1685714400,4253.75,4268.25,4249,4265,,4265
1685716200,4265,4278.5,4261,4278.5,,4278.5
1685718000,4278.5,4287.25,4278.25,4285.5,,4285.5
1685719800,4285.75,4287,4277.75,4284.25,,4284.25
1685721600,4284.5,4285.75,4279.25,4284.5,,4284.5
1685723400,4284.75,4291.5,4283,4290.5,,4290.5
1685725200,4290.5,4294,4286.75,4293,,4293
1685727000,4293,4293.75,4287.25,4291.5,,4291.5
1685728800,4291.75,4293.25,4284.75,4289.25,,4289.25
1685730600,4289.5,4294.75,4288.75,4293.5,,4293.5
1685732400,4293.5,4297.75,4290.75,4291.25,,4291.25
1685734200,4291,4294.25,4286.75,4289.25,,4289.25
1685736000,4289,4290,4288,4288.75,,4288.75
1685971800,4292,4301.25,4288.5,4292.25,,4292.25
1685973600,4292,4304.25,4285.75,4288.25,,4288.25
1685975400,4288.25,4298.75,4287.25,4295.25,,4295.25
1685977200,4295.25,4299.5,4293.25,4298.25,,4298.25
1685979000,4298.25,4301.25,4295.75,4299,,4299
1685980800,4299,4304.25,4294.5,4302.25,,4302.25
1685982600,4302.25,4305.25,4300.5,4305,,4305
1685984400,4305.25,4305.75,4292.5,4294.75,,4294.75
1685986200,4294.75,4295.25,4290,4294.5,,4294.5
1685988000,4294.5,4295,4286,4289.25,,4289.25
1685989800,4289.5,4290.25,4273,4286,,4286
1685991600,4286,4287.25,4273,4281.25,,4281.25
1685993400,4281.25,4286.75,4279.25,4280.5,,4280.5
1685995200,4280.5,4282.5,4280,4281.5,,4281.5
1686058200,4275.5,4277,4268.5,4274.5,,4274.5
1686060000,4274.75,4285,4273.75,4283,,4283
1686061800,4283,4293.25,4281.5,4289.75,,4289.75
1686063600,4289.75,4291.25,4277.25,4283.5,,4283.5
1686065400,4283.5,4291.75,4283,4290.25,,4290.25
1686067200,4290.25,4293.75,4284.25,4285.25,,4285.25
1686069000,4285.25,4286.75,4276,4278,,4278
1686070800,4278.25,4287.5,4276.25,4281.25,,4281.25
1686072600,4281.25,4282.5,4274.5,4277.25,,4277.25
1686074400,4277.5,4283.5,4274.5,4283,,4283
1686076200,4282.75,4286.75,4281.5,4286,,4286
1686078000,4286,4291,4286,4290,,4290
1686079800,4290.25,4294.75,4283.5,4289.75,,4289.75
1686081600,4289.5,4293,4289,4292,,4292
1686144600,4292.75,4304.75,4291.75,4301.5,,4301.5
1686146400,4301.25,4302.5,4288,4292,,4292
1686148200,4292,4295,4278.5,4284.75,,4284.75
1686150000,4285,4287.75,4280.75,4286,,4286
1686151800,4286,4290.5,4276.25,4277.25,,4277.25
1686153600,4277.5,4282.5,4274.75,4276.75,,4276.75
1686155400,4277,4283.75,4274.75,4276.75,,4276.75
1686157200,4277,4280.25,4269.5,4274,,4274
1686159000,4273.75,4276.75,4269.25,4275.25,,4275.25
1686160800,4275.5,4282.25,4274,4278.5,,4278.5
1686162600,4278.25,4279,4271,4278,,4278
1686164400,4277.75,4281,4272.25,4277.5,,4277.5
1686166200,4277.25,4279.75,4269.5,4274.5,,4274.5
1686168000,4274.5,4275.5,4272.75,4274.25,,4274.25
1686231000,4272.5,4277.5,4264.5,4271.5,,4271.5
1686232800,4271.25,4281,4269.25,4280.25,,4280.25
1686234600,4280.5,4286.75,4275.75,4286.25,,4286.25
1686236400,4286.25,4289.25,4284.25,4289,,4289
1686238200,4288.75,4290,4285.25,4286.25,,4286.25
1686240000,4286.5,4298.5,4283.5,4297.5,,4297.5
1686241800,4297.5,4297.75,4289.75,4292.75,,4292.75
1686243600,4292.75,4294.75,4289.75,4290.25,,4290.25
1686245400,4290.5,4291.25,4283.5,4288.5,,4288.5
1686247200,4288.75,4293.5,4286.5,4293.25,,4293.25
1686249000,4293.25,4297.5,4293.25,4296.25,,4296.25
1686250800,4296.25,4298.75,4294.25,4296,,4296
1686252600,4296.25,4302.5,4294.5,4297.75,,4297.75
1686254400,4297.75,4297.75,4294.75,4296,,4296
1686317400,4305.25,4319,4305,4315.25,,4315.25
1686319200,4315.25,4325,4315.25,4323.75,,4323.75
1686321000,4323.75,4325.5,4310.5,4316.5,,4316.5
1686322800,4316.75,4322.25,4302.75,4304.25,,4304.25
1686324600,4304.25,4308.25,4298.5,4300,,4300
1686326400,4300.25,4305,4294,4297.75,,4297.75
1686328200,4297.5,4303.75,4294.25,4303.75,,4303.75
1686330000,4303.5,4307.25,4302,4307.25,,4307.25
1686331800,4307.25,4311.75,4306.5,4311.5,,4311.5
1686333600,4311.5,4313.5,4307.75,4309.75,,4309.75
1686335400,4309.75,4310,4304.25,4308.25,,4308.25
1686337200,4308.5,4310.75,4303,4307,,4307
1686339000,4306.75,4308.75,4302,4305,,4305
1686340800,4305.25,4308,4304.75,4307.5,,4307.5
1686576600,4314.5,4317.25,4308,4315,,4315
1686578400,4315,4315.25,4308,4312.75,,4312.75
1686580200,4312.5,4313.25,4307,4310.25,,4310.25
1686582000,4310,4313.25,4308.5,4311.5,,4311.5
1686583800,4311.75,4317.5,4311.75,4316.25,,4316.25
1686585600,4316.25,4317.75,4315,4317,,4317
1686587400,4317,4320.5,4316.75,4319.75,,4319.75
1686589200,4319.5,4321.75,4317.75,4318.25,,4318.25
1686591000,4318.25,4323.5,4316.75,4323,,4323
1686592800,4323,4323.75,4321,4321.75,,4321.75
1686594600,4321.75,4330.75,4321.75,4330.25,,4330.25
1686596400,4330.25,4342,4329.25,4337.75,,4337.75
1686598200,4337.75,4344.75,4335.5,4343.5,,4343.5
1686600000,4343.5,4343.75,4339.25,4342,,4342
1686663000,4402.75,4421.75,4400,4407,,4407
1686664800,4407,4411.75,4396,4406.75,,4406.75
1686666600,4406.75,4414.25,4400.5,4410,,4410
1686668400,4410.25,4423,4407,4417.25,,4417.25
1686670200,4417.5,4418.75,4410,4410.25,,4410.25
1686672000,4410.5,4416.75,4407,4415.75,,4415.75
1686673800,4416,4419.75,4414.25,4419.5,,4419.5
1686675600,4419.75,4423.25,4414,4419.75,,4419.75
1686677400,4420,4421.75,4415.25,4418,,4418
1686679200,4418,4419.25,4405.25,4407.75,,4407.75
1686681000,4408,4411.5,4402.5,4409.75,,4409.75
1686682800,4409.75,4416.75,4409.5,4412.5,,4412.5
1686684600,4412.5,4417.75,4410.25,4416.25,,4416.25
1686686400,4416.5,4416.75,4413.75,4415.75,,4415.75
1686749400,4418.5,4426,4413.75,4424,,4424
1686751200,4424.25,4431.25,4422.5,4425.75,,4425.75
1686753000,4426,4432.25,4425.5,4427.5,,4427.5
1686754800,4427.25,4439.5,4426.25,4435.25,,4435.25
1686756600,4435.25,4436.25,4429.5,4431.25,,4431.25
1686758400,4431.25,4432.75,4424.25,4430.25,,4430.25
1686760200,4430,4430.5,4426.75,4429.25,,4429.25
1686762000,4429,4429.25,4418.75,4421.25,,4421.25
1686763800,4421.25,4423.25,4417.5,4421,,4421
1686765600,4421,4421.25,4383.5,4392.5,,4392.5
1686767400,4392.5,4418.5,4387.25,4411.5,,4411.5
1686769200,4411.5,4429.5,4404.75,4414,,4414
1686771000,4414.25,4420,4398.75,4419.5,,4419.5
1686772800,4419.5,4423.25,4417.75,4421.75,,4421.75
1686835800,4408.25,4434.25,4407.25,4432.75,,4432.75
1686837600,4432.75,4442.25,4429.75,4440.25,,4440.25
1686839400,4440.5,4444.25,4429.25,4439.75,,4439.75
1686841200,4440,4453.75,4437.75,4453.25,,4453.25
1686843000,4453.25,4457.5,4446.25,4453.25,,4453.25
1686844800,4453.25,4456.25,4449.75,4455.25,,4455.25
1686846600,4455.25,4458,4451.75,4454.5,,4454.5
1686848400,4454.75,4455,4447,4454.75,,4454.75
1686850200,4455,4465.5,4453.75,4463.5,,4463.5
1686852000,4463.75,4466.5,4458.75,4465,,4465
1686853800,4465,4485.5,4464.75,4482.75,,4482.75
1686855600,4483,4485.25,4473.75,4478,,4478
1686857400,4478,4481.25,4466.75,4472.75,,4472.75
1686859200,4472.75,4472.75,4465.25,4466.5,,4466.5
1686922200,4492.25,4493.5,4469,4474.25,,4474.25
1686924000,4474,4486.25,4473.5,4486,,4486
1686925800,4485.75,4485.75,4470.5,4477,,4477
1686927600,4477,4482,4465,4469.75,,4469.75
1686929400,4469.75,4474.5,4466,4474.5,,4474.5
1686931200,4474.5,4480,4471.75,4479.5,,4479.5
1686933000,4479.5,4486.25,4478.5,4483.75,,4483.75
1686934800,4483.75,4484.75,4475.5,4476.5,,4476.5
1686936600,4476.75,4477.75,4471.25,4475.5,,4475.5
1686938400,4475.25,4476.5,4469.5,4472.25,,4472.25
1686940200,4472.25,4472.25,4462.25,4462.75,,4462.75
1686942000,4462.75,4463.75,4455,4457.25,,4457.25
1686943800,4457.5,4465.5,4451,4455.75,,4455.75
1686945600,4455.75,4463,4455.25,4459,,4459
1687267800,4435,4442.5,4431.25,4433.25,,4433.25
1687269600,4433.25,4434.75,4410.75,4413,,4413
1687271400,4413,4420.5,4410.5,4418,,4418
1687273200,4418.25,4424.5,4417.25,4419.25,,4419.25
1687275000,4419.5,4424.75,4419,4421,,4421
1687276800,4421.25,4434.5,4419,4433,,4433
1687278600,4432.75,4440.75,4431.25,4439,,4439
1687280400,4439.25,4444.75,4434.75,4441.5,,4441.5
1687282200,4441.5,4443.5,4434,4435.25,,4435.25
1687284000,4435.5,4441.25,4434.25,4440.75,,4440.75
1687285800,4441,4441.25,4433.25,4437.25,,4437.25
1687287600,4437.25,4438.75,4433,4436,,4436
1687289400,4436,4441.5,4432.25,4434,,4434
1687291200,4434,4434.75,4428,4429.75,,4429.75
1687354200,4422,4422.75,4408.75,4412.5,,4412.5
1687356000,4412.5,4418.5,4404,4413.75,,4413.75
1687357800,4414,4417.25,4403.5,4413,,4413
1687359600,4412.75,4415.75,4404.25,4413.5,,4413.5
1687361400,4413.5,4421,4411,4411.5,,4411.5
1687363200,4411.5,4422.75,4410.75,4419.25,,4419.25
1687365000,4419.25,4422,4412,4413.5,,4413.5
1687366800,4413.75,4417,4408.5,4411.5,,4411.5
1687368600,4411.5,4419.5,4410.25,4419.25,,4419.25
1687370400,4419.25,4427.5,4418,4427.25,,4427.25
1687372200,4427.25,4430.75,4423.75,4425.75,,4425.75
1687374000,4425.75,4425.75,4417.5,4417.5,,4417.5
1687375800,4417.75,4418.75,4406.25,4409.5,,4409.5
1687377600,4409.5,4412.75,4408.25,4410.5,,4410.5
1687440600,4398,4409.5,4393.75,4406.25,,4406.25
1687442400,4405.75,4418.5,4403.5,4414.5,,4414.5
1687444200,4414.5,4417.25,4398.5,4403.25,,4403.25
1687446000,4403.25,4412.5,4403,4406.75,,4406.75
1687447800,4406.75,4417,4405.75,4414,,4414
1687449600,4414.25,4414.5,4407.25,4411,,4411
1687451400,4411,4415.25,4408.5,4410.75,,4410.75
1687453200,4410.5,4411,4402.25,4408.5,,4408.5
1687455000,4408.75,4415.5,4406.25,4415,,4415
1687456800,4415.25,4418.5,4413.25,4418,,4418
1687458600,4418,4423,4415.25,4422.5,,4422.5
1687460400,4422.5,4423.25,4413.75,4414.25,,4414.25
1687462200,4414,4424.5,4411.5,4423.75,,4423.75
1687464000,4423.75,4425.5,4420.25,4421.75,,4421.75
1687527000,4386,4393,4384,4391.25,,4391.25
1687528800,4391,4397.25,4388.5,4394,,4394
1687530600,4394.25,4399.75,4388,4392.75,,4392.75
1687532400,4392.75,4395.25,4385.5,4388.75,,4388.75
1687534200,4388.5,4397,4387,4395.75,,4395.75
1687536000,4395.75,4403,4394,4402.5,,4402.5
1687537800,4402.75,4406,4400,4402.75,,4402.75
1687539600,4402.75,4406.5,4399,4405.5,,4405.5
1687541400,4405.75,4408,4403.25,4403.25,,4403.25
1687543200,4403.25,4404,4396,4397.25,,4397.25
1687545000,4397,4397.75,4386,4386.75,,4386.75
1687546800,4387,4393,4381.5,4389,,4389
1687548600,4389,4397.75,4387.25,4390.25,,4390.25
1687550400,4390.25,4392,4383.25,4388,,4388
1687786200,4383,4401.25,4382.5,4399.25,,4399.25
1687788000,4399.5,4403,4393.75,4396.5,,4396.5
1687789800,4396.25,4396.5,4380,4391.25,,4391.25
1687791600,4391.5,4391.75,4379,4381.25,,4381.25
1687793400,4381,4388.5,4379.5,4388,,4388
1687795200,4388,4389.25,4374.25,4379.5,,4379.5
1687797000,4379.75,4380.75,4372.75,4380.5,,4380.5
1687798800,4380.5,4383.5,4376,4382.25,,4382.25
1687800600,4382.5,4383.5,4377.25,4378.25,,4378.25
1687802400,4378,4379.75,4373.75,4377.5,,4377.5
1687804200,4377.25,4385.5,4376.75,4383,,4383
1687806000,4383.25,4385.75,4380.75,4383,,4383
1687807800,4382.75,4385,4368.5,4371.25,,4371.25
1687809600,4371.25,4376.5,4371,4374.5,,4374.5
1687872600,4379.5,4389,4377.75,4383.25,,4383.25
1687874400,4383,4387,4374.5,4383.75,,4383.75
1687876200,4384,4390.25,4381.5,4389.5,,4389.5
1687878000,4389.25,4395.5,4381,4394.25,,4394.25
1687879800,4394.5,4399.5,4393.75,4398.25,,4398.25
1687881600,4398.25,4403.5,4397,4402.5,,4402.5
1687883400,4402.75,4409.75,4401.25,4407.25,,4407.25
1687885200,4407.25,4413.5,4404,4412,,4412
1687887000,4412,4419.5,4411.75,4419,,4419
1687888800,4419,4422.5,4417.5,4421.5,,4421.5
1687890600,4421.75,4423,4417.5,4418,,4418
1687892400,4418.25,4424.5,4418.25,4424.25,,4424.25
1687894200,4424.25,4424.75,4417.5,4418,,4418
1687896000,4418,4418.5,4414,4415.5,,4415.5
1687959000,4406.25,4408.5,4399.25,4407.5,,4407.5
1687960800,4407.5,4412.5,4399.75,4410.75,,4410.75
1687962600,4411,4420.5,4410.25,4414.25,,4414.25
1687964400,4414.25,4418.75,4409.25,4416,,4416
1687966200,4416.25,4423,4415.25,4422,,4422
1687968000,4421.75,4430.25,4418.25,4421,,4421
1687969800,4421,4421.25,4400.75,4406.75,,4406.75
1687971600,4406.75,4413.25,4402,4413.25,,4413.25
1687973400,4413.25,4415,4405.75,4409.25,,4409.25
1687975200,4409.25,4416,4408.25,4413.75,,4413.75
1687977000,4414,4415.25,4409,4411,,4411
1687978800,4411,4414,4401.5,4409.25,,4409.25
1687980600,4409.25,4421,4407.5,4420.75,,4420.75
1687982400,4420.75,4425.75,4418.5,4423.5,,4423.5
1688045400,4414,4424,4409.75,4421.25,,4421.25
1688047200,4421,4428,4414.5,4420.75,,4420.75
1688049000,4421,4423.75,4413,4418,,4418
1688050800,4418,4431.5,4417.25,4430.75,,4430.75
1688052600,4430.75,4433.25,4426.5,4431.75,,4431.75
1688054400,4431.75,4436.5,4427,4435.5,,4435.5
1688056200,4435.5,4437.75,4428.5,4431.25,,4431.25
1688058000,4431.25,4432.25,4423.5,4431.75,,4431.75
1688059800,4431.75,4432.25,4423.75,4425.25,,4425.25
1688061600,4425.25,4427.5,4418,4426.75,,4426.75
1688063400,4426.75,4428.5,4422.75,4428.5,,4428.5
1688065200,4428.5,4432.5,4427.75,4431.25,,4431.25
1688067000,4431,4436.75,4425.75,4436.5,,4436.5
1688068800,4436.25,4437.5,4434.75,4436.25,,4436.25
1688131800,4468.25,4480.75,4465,4477.75,,4477.75
1688133600,4477.75,4487.5,4477.25,4484.25,,4484.25
1688135400,4484.25,4487.5,4474.5,4481,,4481
1688137200,4481,4485.5,4479.25,4481.25,,4481.25
1688139000,4481,4481.25,4474,4478.5,,4478.5
1688140800,4478.75,4485,4476.75,4485,,4485
1688142600,4485,4490.5,4484.25,4489.5,,4489.5
1688144400,4489.5,4490.5,4487,4489.75,,4489.75
1688146200,4489.75,4494,4489,4492.75,,4492.75
1688148000,4492.75,4496,4490.75,4495.5,,4495.5
1688149800,4495.5,4495.75,4490.75,4493.5,,4493.5
1688151600,4493.75,4496.5,4490.75,4495,,4495
1688153400,4495,4498,4485.5,4486.25,,4486.25
1688155200,4486.5,4488,4480.75,4483.25,,4483.25
1688391000,4482.75,4488.5,4479.5,4487.5,,4487.5
1688392800,4487.75,4490,4483.75,4488,,4488
1688394600,4488,4488.75,4482.75,4484.75,,4484.75
1688396400,4485,4489,4484.5,4488.25,,4488.25
1688398200,4488.5,4490,4487.25,4489,,4489
1688400000,4489,4492.5,4488.25,4492,,4492
1688401800,4491.75,4494,4490.25,4492.25,,4492.25
1688403600,4492.5,4492.75,4489,4492,,4492
1688563800,4471.25,4485.75,4471,4484.25,,4484.25
1688565600,4484.5,4488.75,4481.25,4487.25,,4487.25
1688567400,4487.25,4490.75,4483.5,4490.25,,4490.25
1688569200,4490.25,4491.25,4486,4488,,4488
1688571000,4488,4490.25,4483.75,4485.25,,4485.25
1688572800,4485,4486,4482.25,4484.5,,4484.5
1688574600,4484.5,4485.75,4479.25,4483.5,,4483.5
1688576400,4483.75,4486,4482.25,4483.75,,4483.75
1688578200,4483.75,4485.75,4482,4485.25,,4485.25
1688580000,4485,4488.25,4475,4479,,4479
1688581800,4479,4487.5,4479,4487,,4487
1688583600,4487,4490,4486.5,4489.5,,4489.5
1688585400,4489.5,4489.75,4483,4483.75,,4483.75
1688587200,4483.5,4484.25,4482.75,4483.75,,4483.75
1688650200,4443.75,4446,4429.5,4434,,4434
1688652000,4434.25,4434.25,4423.75,4426.5,,4426.5
1688653800,4426.5,4428,4420.5,4421.25,,4421.25
1688655600,4421.25,4425.75,4419.5,4422.5,,4422.5
1688657400,4422.75,4431.5,4422.5,4430.75,,4430.75
1688659200,4430.75,4438,4430.5,4437.75,,4437.75
1688661000,4437.5,4442,4436.25,4441.25,,4441.25
1688662800,4441.5,4445,4440.5,4442.25,,4442.25
1688664600,4442.25,4447,4439.5,4446.75,,4446.75
1688666400,4446.75,4447.25,4442,4442.5,,4442.5
1688668200,4442.5,4451,4442.25,4450,,4450
1688670000,4450.25,4450.5,4445.5,4447.25,,4447.25
1688671800,4447.25,4449.75,4444.25,4446.5,,4446.5
1688673600,4446.25,4448.75,4445.5,4448.5,,4448.5
1688736600,4434.75,4450.75,4433.5,4450.5,,4450.5
1688738400,4450.25,4451.25,4441.5,4443.5,,4443.5
1688740200,4443.5,4448.25,4436.75,4447.5,,4447.5
1688742000,4447.5,4450.25,4445.5,4448.25,,4448.25
1688743800,4448.5,4453,4447.75,4452.75,,4452.75
1688745600,4452.75,4460,4452.5,4459.75,,4459.75
1688747400,4459.75,4472.5,4459.75,4472,,4472
1688749200,4472.25,4476,4471.75,4475.5,,4475.5
1688751000,4475.75,4476,4464.25,4467.25,,4467.25
1688752800,4467.25,4468.25,4464.5,4467,,4467
1688754600,4467.25,4468,4460,4461,,4461
1688756400,4461.25,4462,4451.25,4452,,4452
1688758200,4452,4454.75,4431.75,4434.75,,4434.75
1688760000,4434.75,4440.25,4433.75,4438.5,,4438.5
1688995800,4430,4442,4428.75,4439.25,,4439.25
1688997600,4439,4446.75,4438.5,4440.75,,4440.75
1688999400,4441,4442,4431.75,4434.5,,4434.5
1689001200,4434.5,4436.25,4428.25,4435.5,,4435.5
1689003000,4435.5,4439.25,4429,4432.5,,4432.5
1689004800,4432.75,4433.25,4424,4432.5,,4432.5
1689006600,4432.25,4438.25,4431,4437.25,,4437.25
1689008400,4437.25,4439.75,4436,4439.75,,4439.75
1689010200,4439.75,4442.5,4436.5,4438.25,,4438.25
1689012000,4438,4442.75,4433.5,4442.5,,4442.5
1689013800,4442.5,4442.75,4435.75,4441,,4441
1689015600,4441.25,4441.75,4436.5,4438.75,,4438.75
1689017400,4438.5,4446,4434.75,4445.5,,4445.5
1689019200,4445.5,4448.25,4444.25,4446.5,,4446.5
1689082200,4453,4458.75,4444.25,4451.75,,4451.75
1689084000,4451.75,4452,4442,4450.75,,4450.75
1689085800,4450.5,4456,4448,4454.25,,4454.25
1689087600,4454.25,4457.75,4452,4453.75,,4453.75
1689089400,4453.75,4463,4451.75,4462.5,,4462.5
1689091200,4462.75,4465.25,4452.5,4456.5,,4456.5
1689093000,4456.5,4461,4455,4459.5,,4459.5
1689094800,4459.5,4461.5,4454,4456.75,,4456.75
1689096600,4456.75,4458.75,4453.25,4458.25,,4458.25
1689098400,4458.25,4459.5,4450.5,4455,,4455
1689100200,4455.25,4462.5,4451.5,4462,,4462
1689102000,4462,4464.5,4459,4463.5,,4463.5
1689103800,4463.5,4478.5,4460,4473,,4473
1689105600,4473,4473.25,4470.25,4471.5,,4471.5
1689168600,4512.5,4519.25,4506.75,4518,,4518
1689170400,4518,4522,4513.5,4520.75,,4520.75
1689172200,4520.5,4523.75,4516.25,4518.25,,4518.25
1689174000,4518.5,4520,4514,4514.75,,4514.75
1689175800,4514.75,4515.75,4498.25,4500,,4500
1689177600,4499.75,4506,4497,4501.5,,4501.5
1689179400,4501.5,4510.25,4500.5,4506.75,,4506.75
1689181200,4506.75,4510.75,4504.75,4509.75,,4509.75
1689183000,4509.75,4513.25,4509,4512,,4512
1689184800,4512,4516,4508.5,4515.25,,4515.25
1689186600,4515.25,4516,4508.75,4511.25,,4511.25
1689188400,4511,4512.25,4500,4504.75,,4504.75
1689190200,4505,4510.75,4504.25,4509.25,,4509.25
1689192000,4509.25,4511.75,4507.75,4510.5,,4510.5
1689255000,4526,4532.25,4521.25,4531.25,,4531.25
1689256800,4531.25,4531.75,4525.25,4525.75,,4525.75
1689258600,4525.75,4531.5,4525.5,4530.75,,4530.75
1689260400,4531,4532.5,4526.25,4528,,4528
1689262200,4528,4532,4525.75,4531.75,,4531.75
1689264000,4531.75,4534.75,4530.75,4533.25,,4533.25
1689265800,4533,4536.5,4531.25,4533.5,,4533.5
1689267600,4533.5,4534.75,4528.75,4533.75,,4533.75
1689269400,4534,4535.75,4533.5,4534.25,,4534.25
1689271200,4534,4540.25,4533.5,4536,,4536
1689273000,4536.25,4540.25,4534.75,4540.25,,4540.25
1689274800,4540.25,4546.5,4539.25,4545.25,,4545.25
1689276600,4545.25,4551.5,4542.5,4542.75,,4542.75
1689278400,4542.75,4543.75,4540.25,4540.25,,4540.25
1689341400,4551.5,4557.75,4550,4557,,4557
1689343200,4557.25,4560.5,4548,4550.75,,4550.75
1689345000,4550.75,4553.75,4541.75,4548.25,,4548.25
1689346800,4548,4552,4547,4550.75,,4550.75
1689348600,4550.75,4555,4547.25,4551.75,,4551.75
1689350400,4551.75,4552,4543.5,4544,,4544
1689352200,4544,4547.75,4542,4544.5,,4544.5
1689354000,4544.75,4545,4538.25,4544,,4544
1689355800,4544,4548,4543,4545,,4545
1689357600,4545,4549.25,4541.75,4542.5,,4542.5
1689359400,4542.5,4544.5,4538.25,4539,,4539
1689361200,4539.25,4542,4532.5,4537.5,,4537.5
1689363000,4537.75,4540,4531,4539.25,,4539.25
1689364800,4539,4539.25,4535.25,4536.25,,4536.25
1689600600,4536.75,4543.75,4536.25,4542,,4542
1689602400,4542,4546.75,4541.75,4544.5,,4544.5
1689604200,4544.5,4547.5,4542.5,4545.5,,4545.5
1689606000,4545.75,4550.75,4543.5,4550,,4550
1689607800,4549.75,4553.5,4549,4552.75,,4552.75
1689609600,4553,4553.5,4548,4548.5,,4548.5
1689611400,4548.25,4552.25,4546.25,4552,,4552
1689613200,4551.75,4553,4548.75,4550.75,,4550.75
1689615000,4550.75,4554.75,4550,4553.75,,4553.75
1689616800,4554,4557.25,4552.5,4556.25,,4556.25
1689618600,4556.25,4557,4552.5,4554.75,,4554.75
1689620400,4555,4565.75,4555,4561.75,,4561.75
1689622200,4561.5,4561.5,4551.5,4554.5,,4554.5
1689624000,4554.5,4554.5,4549.25,4549.5,,4549.5
1689687000,4550,4561.75,4545.25,4560.25,,4560.25
1689688800,4560.5,4563.5,4559.75,4561.5,,4561.5
1689690600,4561.75,4568.5,4558.75,4568,,4568
1689692400,4568,4572.5,4568,4568.5,,4568.5
1689694200,4568.75,4579.5,4566,4577.5,,4577.5
1689696000,4577.75,4578.5,4569.75,4575.25,,4575.25
1689697800,4575,4576.75,4573.25,4573.75,,4573.75
1689699600,4574,4579.5,4573.5,4577.5,,4577.5
1689701400,4577.25,4580.75,4576.75,4580.25,,4580.25
1689703200,4580.25,4589.25,4579.5,4588.75,,4588.75
1689705000,4588.75,4590,4583.25,4587.25,,4587.25
1689706800,4587.25,4594.25,4584,4590.5,,4590.5
1689708600,4590.5,4594.5,4586.5,4587.75,,4587.75
1689710400,4587.5,4587.75,4583.25,4584.25,,4584.25
1689773400,4595.25,4606.5,4595,4605,,4605
1689775200,4605.25,4608.5,4602.75,4603,,4603
1689777000,4603,4606.75,4590.75,4597.75,,4597.75
1689778800,4597.5,4604.75,4596,4602.75,,4602.75
1689780600,4602.75,4606.5,4602.25,4605,,4605
1689782400,4605,4609.25,4595.75,4598.5,,4598.5
1689784200,4598.5,4598.5,4592.25,4598.5,,4598.5
1689786000,4598.5,4599,4591.25,4596.25,,4596.25
1689787800,4596,4598.5,4592.5,4595.75,,4595.75
1689789600,4595.5,4596.75,4588.5,4592,,4592
1689791400,4592,4599.75,4591.75,4598.75,,4598.75
1689793200,4598.75,4605.75,4598.75,4603.25,,4603.25
1689795000,4603,4603.25,4595,4596,,4596
1689796800,4595.75,4598,4591.25,4594.25,,4594.25
1689859800,4584.25,4594.25,4583.25,4591.25,,4591.25
1689861600,4591.25,4592.5,4575,4577.5,,4577.5
1689863400,4577.75,4581.5,4570.75,4579.25,,4579.25
1689865200,4579.25,4584.5,4577,4580.25,,4580.25
1689867000,4580.25,4586.5,4579.75,4583.25,,4583.25
1689868800,4583.5,4590.75,4581.25,4581.75,,4581.75
1689870600,4581.5,4582.5,4576,4577.5,,4577.5
1689872400,4577.75,4580,4574.75,4579.5,,4579.5
1689874200,4579.5,4581,4575.25,4576.5,,4576.5
1689876000,4576.5,4577.75,4563.5,4563.5,,4563.5
1689877800,4563.75,4570.5,4563.5,4567.5,,4567.5
1689879600,4567.75,4570.25,4557.25,4557.75,,4557.75
1689881400,4558,4567.25,4558,4565,,4565
1689883200,4565,4568,4564.25,4565.75,,4565.75
1689946200,4581.75,4582.75,4567.75,4570.25,,4570.25
1689948000,4570.5,4578,4564,4565,,4565
1689949800,4565,4576.75,4564.75,4573,,4573
1689951600,4573,4581,4572.5,4580.5,,4580.5
1689953400,4580.75,4582.75,4573,4579.25,,4579.25
1689955200,4579.25,4579.25,4573,4573.25,,4573.25
1689957000,4573.5,4575,4568.25,4572,,4572
1689958800,4572,4580.25,4571.25,4580.25,,4580.25
1689960600,4580,4584,4579.25,4583,,4583
1689962400,4583,4583.5,4573,4575.25,,4575.25
1689964200,4575.5,4580,4573.25,4574,,4574
1689966000,4574.25,4574.75,4565.25,4569,,4569
1689967800,4569,4569.75,4563.75,4563.75,,4563.75
1689969600,4564,4565.5,4563,4564,,4564
1690205400,4575.25,4586.5,4568.75,4573.5,,4573.5
1690207200,4573.25,4584.25,4570.5,4582.75,,4582.75
1690209000,4582.75,4585.25,4578.75,4584,,4584
1690210800,4583.75,4587.5,4579,4584.5,,4584.5
1690212600,4584.5,4586.75,4579.25,4586.5,,4586.5
1690214400,4586.5,4588.75,4583,4586.75,,4586.75
1690216200,4586.75,4588,4581.5,4584.75,,4584.75
1690218000,4584.5,4586.5,4581.75,4586.25,,4586.25
1690219800,4586.5,4590,4584,4589.25,,4589.25
1690221600,4589.5,4592.5,4587.5,4587.75,,4587.75
1690223400,4588,4588,4580,4584.75,,4584.75
1690225200,4584.5,4586.25,4576,4576.5,,4576.5
1690227000,4576.5,4584.5,4576.25,4584.25,,4584.25
1690228800,4584,4586,4582.5,4584.25,,4584.25
1690291800,4580,4592.5,4579.5,4589.25,,4589.25
1690293600,4589.25,4591.75,4585.5,4588.5,,4588.5
1690295400,4588.5,4589.5,4585,4587,,4587
1690297200,4587,4592.25,4586.25,4591.25,,4591.25
1690299000,4591.25,4597.25,4590.75,4595.25,,4595.25
1690300800,4595.25,4597,4593.25,4595,,4595
1690302600,4594.75,4600.25,4593.75,4600,,4600
1690304400,4600.25,4602.5,4596.25,4601,,4601
1690306200,4601.25,4602.5,4598.5,4599.25,,4599.25
1690308000,4599.25,4606,4598,4605.25,,4605.25
1690309800,4605.25,4608.75,4599,4599.75,,4599.75
1690311600,4599.5,4604.25,4599,4601.25,,4601.25
1690313400,4601,4602.5,4594.5,4595.25,,4595.25
1690315200,4595.25,4605.25,4590,4602,,4602
1690378200,4585.25,4592,4584.75,4588.75,,4588.75
1690380000,4588.5,4590.5,4585,4588,,4588
1690381800,4587.75,4589.25,4581,4581.75,,4581.75
1690383600,4581.75,4585.5,4580.5,4584,,4584
1690385400,4584,4590.25,4583.75,4589.75,,4589.75
1690387200,4589.75,4591.75,4586.5,4586.75,,4586.75
1690389000,4586.75,4587.5,4580.5,4583,,4583
1690390800,4583,4585.25,4581.25,4583.5,,4583.5
1690392600,4583.5,4584.25,4581,4582.5,,4582.5
1690394400,4583,4590.5,4577.75,4583.75,,4583.75
1690396200,4584,4610.75,4583.25,4600.5,,4600.5
1690398000,4600.75,4602.75,4573.75,4585.5,,4585.5
1690399800,4585.5,4596.5,4580.75,4596.25,,4596.25
1690401600,4596,4607.25,4594,4598.5,,4598.5
1690464600,4629.25,4633.5,4625.5,4628.75,,4628.75
1690466400,4628.5,4629.5,4615,4616,,4616
1690468200,4615.75,4623.5,4611.5,4613.5,,4613.5
1690470000,4613.75,4617,4609.25,4615.75,,4615.75
1690471800,4615.75,4619,4610.75,4613,,4613
1690473600,4613.25,4623,4612.5,4622.5,,4622.5
1690475400,4622.75,4625,4620.25,4622.75,,4622.75
1690477200,4622.75,4625,4601.25,4601.5,,4601.5
1690479000,4601.75,4603.25,4595.75,4599,,4599
1690480800,4599.25,4600.75,4576.75,4578,,4578
1690482600,4578,4581.75,4565.75,4565.75,,4565.75
1690484400,4565.75,4577.25,4562.5,4565.5,,4565.5
1690486200,4565.75,4569.75,4553.75,4563.5,,4563.5
1690488000,4563.5,4568.75,4562.25,4567.5,,4567.5
1690551000,4596.75,4604.5,4589.75,4599.75,,4599.75
1690552800,4599.75,4607.25,4598.25,4602.25,,4602.25
1690554600,4602.5,4606.75,4597.75,4606.5,,4606.5
1690556400,4606.5,4614.75,4604.25,4613,,4613
1690558200,4613.25,4616.5,4611,4615.5,,4615.5
1690560000,4615.5,4615.5,4607.25,4614.75,,4614.75
1690561800,4614.5,4615,4607.75,4608.75,,4608.75
1690563600,4608.75,4608.75,4600,4600,,4600
1690565400,4599.75,4603,4588.75,4601,,4601
1690567200,4601,4608,4600.25,4607.5,,4607.5
1690569000,4607.5,4612,4600,4608.5,,4608.5
1690570800,4608.75,4611.5,4604.75,4605,,4605
1690572600,4605,4610,4601,4606.75,,4606.75
1690574400,4607,4607.75,4605,4606.25,,4606.25
1690810200,4611.5,4619.25,4601.75,4607.25,,4607.25
1690812000,4607,4614.75,4603.75,4614.5,,4614.5
1690813800,4614.5,4615.75,4609,4612.5,,4612.5
1690815600,4612.75,4616,4608.5,4610.25,,4610.25
1690817400,4610.5,4611,4604,4606.5,,4606.5
1690819200,4606.75,4609.75,4605.25,4609.25,,4609.25
1690821000,4609.25,4609.75,4602.25,4603.5,,4603.5
1690822800,4603.5,4607.5,4599.5,4603.5,,4603.5
1690824600,4603.25,4609.25,4603,4606.25,,4606.25
1690826400,4606.25,4607.75,4602.25,4604.25,,4604.25
1690828200,4604.25,4609.25,4603,4608,,4608
1690830000,4608,4608.5,4601.75,4604.25,,4604.25
1690831800,4604.25,4616.5,4597.75,4616,,4616
1690833600,4616,4617.5,4614.25,4616.75,,4616.75
1690896600,4599.5,4606.25,4597.25,4604.5,,4604.5
1690898400,4604.75,4609.25,4591.5,4595.5,,4595.5
1690900200,4595.75,4603,4594,4600,,4600
1690902000,4600,4601.25,4594.25,4598.75,,4598.75
1690903800,4599,4599.75,4594.25,4597.75,,4597.75
1690905600,4598,4599,4593,4594.25,,4594.25
1690907400,4594.25,4600,4591,4599.5,,4599.5
1690909200,4599.75,4601.5,4598,4599.5,,4599.5
1690911000,4599.75,4601.25,4596,4600.75,,4600.75
1690912800,4600.75,4606.25,4600.5,4602.25,,4602.25
1690914600,4602.25,4605.25,4601.5,4603.75,,4603.75
1690916400,4603.5,4606.5,4601.5,4603.25,,4603.25
1690918200,4603,4605.5,4598.25,4601,,4601
1690920000,4601,4601.5,4597.5,4598.75,,4598.75
1690983000,4567.75,4570.25,4558.5,4564.75,,4564.75
1690984800,4565,4566,4550.75,4554.75,,4554.75
1690986600,4554.75,4557.75,4538.75,4541.25,,4541.25
1690988400,4541,4548,4540,4546,,4546
1690990200,4546,4551.5,4537.5,4537.75,,4537.75
1690992000,4537.5,4541.5,4534.25,4537,,4537
1690993800,4537,4545.75,4535.5,4543.25,,4543.25
1690995600,4543,4547,4541.75,4545.75,,4545.75
1690997400,4545.75,4549,4539.25,4540.25,,4540.25
1690999200,4540.5,4545.5,4539.75,4542.5,,4542.5
1691001000,4542.5,4544,4537.25,4540.75,,4540.75
1691002800,4541,4543.75,4528.25,4528.75,,4528.75
1691004600,4528.75,4541.5,4527.75,4536.25,,4536.25
1691006400,4536.5,4539.5,4534,4538.75,,4538.75
1691069400,4513.25,4522.5,4508.5,4518,,4518
1691071200,4518,4526,4506.25,4506.5,,4506.5
1691073000,4506.5,4517.75,4505.75,4517.25,,4517.25
1691074800,4517.25,4528,4516,4526.25,,4526.25
1691076600,4526.5,4531.25,4523.25,4525.25,,4525.25
1691078400,4525.25,4530.5,4523.5,4529,,4529
1691080200,4529.25,4540,4529.25,4538.25,,4538.25
1691082000,4538.25,4540.5,4534.25,4537.25,,4537.25
1691083800,4537,4538.5,4526.75,4527.5,,4527.5
1691085600,4527.5,4533,4524.75,4530.5,,4530.5
1691087400,4530.25,4533.5,4525,4532,,4532
1691089200,4532.25,4532.75,4520,4524.75,,4524.75
1691091000,4524.5,4528.75,4519.75,4520.25,,4520.25
1691092800,4520.25,4538.5,4517.5,4535.5,,4535.5
1691155800,4538.5,4550.75,4532.75,4534.25,,4534.25
1691157600,4534.5,4536.5,4518.75,4536,,4536
1691159400,4535.75,4546,4535.5,4544.5,,4544.5
1691161200,4544.75,4547.5,4542.75,4547,,4547
1691163000,4547.25,4551,4542.75,4550,,4550
1691164800,4549.75,4556.75,4546.75,4556.75,,4556.75
1691166600,4556.75,4560.75,4554.25,4559,,4559
1691168400,4559.25,4559.75,4545.75,4548.25,,4548.25
1691170200,4548.25,4550.25,4537.75,4539.25,,4539.25
1691172000,4539,4539.25,4510,4513.25,,4513.25
1691173800,4513,4516.25,4498.75,4502,,4502
1691175600,4502,4508.5,4497.75,4502,,4502
1691177400,4502,4504.75,4493.75,4499.25,,4499.25
1691179200,4499.25,4502,4498,4501.75,,4501.75
1691415000,4518.25,4527.75,4513.5,4515.75,,4515.75
1691416800,4516,4529,4510.5,4527.25,,4527.25
1691418600,4527,4530,4519.5,4521.75,,4521.75
1691420400,4521.5,4524,4514.25,4517.5,,4517.5
1691422200,4517.5,4527.25,4513.25,4526.25,,4526.25
1691424000,4526.25,4527.75,4521.75,4526.75,,4526.75
1691425800,4526.75,4529,4520.5,4527.5,,4527.5
1691427600,4527.5,4530.5,4526.25,4527.5,,4527.5
1691429400,4527.5,4533.25,4525.75,4533,,4533
1691431200,4533.25,4536.25,4525.75,4527,,4527
1691433000,4527.25,4534,4527,4532,,4532
1691434800,4532,4535.25,4527.75,4528.25,,4528.25
1691436600,4528.25,4539.75,4527,4538.25,,4538.25
1691438400,4538,4540.25,4536.75,4539.75,,4539.75
1691501400,4510.75,4511.5,4490.25,4495.25,,4495.25
1691503200,4495.25,4498.5,4483.25,4491.25,,4491.25
1691505000,4491.25,4493.5,4484.25,4484.75,,4484.75
1691506800,4484.75,4492.5,4482,4491.5,,4491.5
1691508600,4491.5,4492.25,4484.5,4486.25,,4486.25
1691510400,4486.25,4495.75,4485.5,4494,,4494
1691512200,4494.25,4499.25,4491.75,4495.25,,4495.25
1691514000,4495.5,4503.75,4495,4499,,4499
1691515800,4498.75,4503.25,4495,4502.25,,4502.25
1691517600,4502.25,4509.5,4499,4506.25,,4506.25
1691519400,4506.5,4515.5,4504,4513.25,,4513.25
1691521200,4513.25,4518,4511.25,4515.5,,4515.5
1691523000,4515.75,4522.25,4511.75,4517.25,,4517.25
1691524800,4517.5,4518.75,4515.5,4517.5,,4517.5
1691587800,4519.75,4521.5,4509.25,4512.5,,4512.5
1691589600,4512.5,4517,4509.25,4513.75,,4513.75
1691591400,4513.5,4515.75,4501.5,4503,,4503
1691593200,4502.75,4506,4487,4488.75,,4488.75
1691595000,4488.75,4492.75,4478.25,4482.75,,4482.75
1691596800,4482.5,4490.75,4481,4488.25,,4488.25
1691598600,4488.5,4495.25,4488,4491.25,,4491.25
1691600400,4491.25,4504.5,4489.25,4503.25,,4503.25
1691602200,4503,4507.75,4502.5,4504,,4504
1691604000,4504.25,4514.75,4502.5,4514.25,,4514.25
1691605800,4514.5,4518,4510.5,4511.25,,4511.25
1691607600,4511.25,4512,4503.25,4507,,4507
1691609400,4507.25,4507.75,4483,4486.25,,4486.25
1691611200,4486.5,4493.75,4486.25,4492.5,,4492.5
1691674200,4509,4539.75,4506.75,4539.5,,4539.5
1691676000,4539.75,4544.75,4532.5,4536.75,,4536.75
1691677800,4536.75,4540.5,4514,4522.25,,4522.25
1691679600,4522.5,4523.25,4506.5,4515.25,,4515.25
1691681400,4515.5,4521.5,4495.25,4502.75,,4502.75
1691683200,4502.75,4504.5,4488,4495.25,,4495.25
1691685000,4495.25,4506.25,4485.75,4489.5,,4489.5
1691686800,4489.5,4494.75,4483.75,4487,,4487
1691688600,4486.75,4489.25,4473.5,4475.25,,4475.25
1691690400,4475.25,4497.25,4474.75,4491,,4491
1691692200,4491.25,4501.5,4485.5,4501,,4501
1691694000,4501.25,4501.5,4486.75,4488.75,,4488.75
1691695800,4488.75,4488.75,4476.75,4486.25,,4486.25
1691697600,4486.25,4487.5,4482,4485.5,,4485.5
1691760600,4465.5,4472.25,4459,4467.5,,4467.5
1691762400,4467.5,4493,4467.25,4486.5,,4486.5
1691764200,4486.75,4493,4477.75,4478.75,,4478.75
1691766000,4478.75,4482.5,4470.25,4471.75,,4471.75
1691767800,4471.5,4479.75,4469,4479,,4479
1691769600,4479,4485.25,4473,4476.5,,4476.5
1691771400,4476.75,4480.25,4470.75,4472.75,,4472.75
1691773200,4473,4481.25,4470.5,4480.25,,4480.25
1691775000,4480.5,4482,4470.25,4475.25,,4475.25
1691776800,4475.5,4485.5,4474.25,4482.5,,4482.5
1691778600,4482.75,4488.5,4480,4486.75,,4486.75
1691780400,4486.5,4487.5,4477.5,4484.75,,4484.75
1691782200,4484.75,4487.75,4475.75,4482,,4482
1691784000,4482.25,4486.5,4481.75,4486,,4486
1692019800,4472.5,4478.5,4469,4477,,4477
1692021600,4477.25,4489.25,4474.5,4484.25,,4484.25
1692023400,4484.5,4501.5,4483.75,4497.75,,4497.75
1692025200,4497.5,4498.5,4491,4497,,4497
1692027000,4497,4503.25,4493.25,4496.75,,4496.75
1692028800,4496.75,4500.25,4489,4492,,4492
1692030600,4492.25,4498.5,4489.5,4497.75,,4497.75
1692032400,4497.75,4502.25,4497,4498.75,,4498.75
1692034200,4499,4500.75,4492.75,4496.75,,4496.75
1692036000,4496.75,4497.5,4490.25,4493.5,,4493.5
1692037800,4493.5,4495.25,4488.25,4493,,4493
1692039600,4493.25,4497.25,4490.25,4493.75,,4493.75
1692041400,4494,4507,4492.5,4506.75,,4506.75
1692043200,4506.75,4507.75,4505.5,4506.25,,4506.25
1692106200,4487.25,4491,4474.25,4476.75,,4476.75
1692108000,4476.75,4477,4461.25,4464.25,,4464.25
1692109800,4464.25,4470,4458.5,4463.5,,4463.5
1692111600,4463.5,4474.75,4463.25,4472.75,,4472.75
1692113400,4472.5,4476.5,4470.5,4475.5,,4475.5
1692115200,4475.75,4478,4466.25,4471,,4471
1692117000,4471,4472.25,4462.25,4465.5,,4465.5
1692118800,4465.5,4471.25,4462.75,4469.25,,4469.25
1692120600,4469.5,4470,4460.75,4464.5,,4464.5
1692122400,4464.75,4466.25,4461.25,4463,,4463
1692124200,4463.25,4470.5,4462.75,4466.75,,4466.75
1692126000,4466.75,4468,4450.25,4450.5,,4450.5
1692127800,4450.5,4458.25,4447,4454,,4454
1692129600,4454,4455.75,4451.5,4453.75,,4453.75
1692192600,4448.25,4465.5,4447.25,4458.5,,4458.5
1692194400,4458.75,4465.25,4453,4457.5,,4457.5
1692196200,4457.75,4463.75,4454,4463,,4463
1692198000,4463.25,4465.25,4456.75,4458.75,,4458.75
1692199800,4458.75,4459.75,4446.25,4448.75,,4448.75
1692201600,4448.5,4452,4440.5,4441.75,,4441.75
1692203400,4441.75,4447.75,4440.5,4441,,4441
1692205200,4441,4443.75,4433.25,4436.5,,4436.5
1692207000,4436.5,4449.75,4434.25,4446,,4446
1692208800,4446.5,4452.25,4432,4449.75,,4449.75
1692210600,4449.75,4454.5,4437.5,4441.75,,4441.75
1692212400,4441.5,4441.5,4421,4424.5,,4424.5
1692214200,4424.75,4430,4418.5,4419.75,,4419.75
1692216000,4419.5,4423,4417,4421.75,,4421.75
1692279000,4433,4435.75,4419.75,4425.5,,4425.5
1692280800,4425.25,4429,4421,4422.75,,4422.75
1692282600,4422.75,4427.25,4415.25,4420.75,,4420.75
1692284400,4421,4422.25,4414.25,4414.5,,4414.5
1692286200,4414.75,4417.75,4411,4417,,4417
1692288000,4417.25,4427.5,4411.25,4425,,4425
1692289800,4425.25,4426.5,4418.25,4426.25,,4426.25
1692291600,4426.5,4427.5,4413,4414.25,,4414.25
1692293400,4414.25,4414.25,4406.25,4409.5,,4409.5
1692295200,4409.25,4410.25,4401.75,4406.5,,4406.5
1692297000,4406.5,4406.75,4390.75,4393,,4393
1692298800,4393,4395.5,4378.5,4389,,4389
1692300600,4389,4393.25,4380.75,4383.5,,4383.5
1692302400,4383.5,4385,4380.75,4383.5,,4383.5
1692365400,4353.5,4372.75,4350,4362.5,,4362.5
1692367200,4362.25,4366.75,4354.5,4358.5,,4358.5
1692369000,4358.5,4371,4357.5,4370.5,,4370.5
1692370800,4370.5,4381,4370.5,4372.75,,4372.75
1692372600,4372.75,4385.75,4367.25,4384.5,,4384.5
1692374400,4384.5,4385.75,4376.75,4377.25,,4377.25
1692376200,4377.5,4385.5,4376.25,4378.75,,4378.75
1692378000,4378.75,4381.75,4367.25,4375.75,,4375.75
1692379800,4375.75,4381,4371.75,4379.25,,4379.25
1692381600,4379.25,4383,4375,4379.5,,4379.5
1692383400,4379.5,4387.75,4378.75,4379.5,,4379.5
1692385200,4379.75,4382.5,4373.5,4381.5,,4381.5
1692387000,4381.5,4396,4378.5,4384.75,,4384.75
1692388800,4384.75,4390,4383,4384.5,,4384.5
1692624600,4395,4406.75,4392.75,4406.75,,4406.75
1692626400,4406.75,4408.5,4384.5,4385.5,,4385.5
1692628200,4385.75,4390,4383.25,4386.5,,4386.5
1692630000,4386.5,4389.75,4377.25,4379,,4379
1692631800,4379,4384,4372.25,4375.5,,4375.5
1692633600,4375.25,4388.75,4374.25,4388.25,,4388.25
1692635400,4388.5,4393.5,4385,4392.5,,4392.5
1692637200,4392.5,4400.75,4388.75,4398.25,,4398.25
1692639000,4398.5,4404,4397.25,4400,,4400
1692640800,4400,4406.25,4398.25,4402.75,,4402.75
1692642600,4403,4412,4401.75,4409.5,,4409.5
1692644400,4409.5,4416.75,4409.5,4413.75,,4413.75
1692646200,4413.75,4421,4410.5,4412.75,,4412.75
1692648000,4412.75,4413,4408,4408.5,,4408.5
1692711000,4431,4431.25,4414.5,4415.25,,4415.25
1692712800,4415.25,4423,4412.5,4414.5,,4414.5
1692714600,4414.5,4417.5,4405,4416.5,,4416.5
1692716400,4416.5,4417.5,4407.5,4412.5,,4412.5
1692718200,4412.75,4415.5,4404.25,4405.5,,4405.5
1692720000,4405.75,4407.25,4396,4404.25,,4404.25
1692721800,4404.25,4412.5,4401.25,4405.75,,4405.75
1692723600,4405.75,4406.5,4394.75,4401,,4401
1692725400,4401,4402.5,4395.5,4400.25,,4400.25
1692727200,4400,4405.25,4396,4404.5,,4404.5
1692729000,4404.5,4407.75,4398.5,4403.5,,4403.5
1692730800,4403.75,4413.5,4401.25,4403.75,,4403.75
1692732600,4403.5,4403.5,4394.25,4399.75,,4399.75
1692734400,4399.75,4401,4398.25,4399,,4399
1692797400,4410.5,4424.25,4409,4422,,4422
1692799200,4421.5,4430,4420,4427,,4427
1692801000,4427.25,4438.5,4424.5,4437.5,,4437.5
1692802800,4437.75,4441.5,4433.5,4439.75,,4439.75
1692804600,4439.75,4442.25,4435.25,4441.25,,4441.25
1692806400,4441.25,4441.75,4437.25,4439,,4439
1692808200,4439,4445,4437.75,4440.5,,4440.5
1692810000,4440.25,4451.25,4439.5,4450.5,,4450.5
1692811800,4450.75,4455.25,4450.25,4454,,4454
1692813600,4454,4454.5,4445,4447.75,,4447.75
1692815400,4448,4448.75,4442.75,4445.5,,4445.5
1692817200,4445.25,4450.5,4442.25,4450.5,,4450.5
1692819000,4450.25,4452.75,4442.5,4448,,4448
1692820800,4448,4451,4445,4448.5,,4448.5
1692883800,4463.5,4467,4451,4466,,4466
1692885600,4466,4468.75,4437.75,4437.75,,4437.75
1692887400,4437.75,4439,4426.75,4427.5,,4427.5
1692889200,4427.5,4427.5,4417.25,4422.75,,4422.75
1692891000,4422.75,4422.75,4407.75,4408,,4408
1692892800,4408,4420.5,4407,4415.75,,4415.75
1692894600,4416,4424.25,4414.5,4414.75,,4414.75
1692896400,4415,4417,4406,4407.25,,4407.25
1692898200,4407.25,4413,4406.5,4409.5,,4409.5
1692900000,4409.5,4415,4406,4407.5,,4407.5
1692901800,4407.75,4410,4401.25,4406.75,,4406.75
1692903600,4406.5,4409.5,4401.5,4402.75,,4402.75
1692905400,4403,4405.25,4384.25,4385,,4385
1692907200,4385,4388.25,4380.25,4383.25,,4383.25
1692970200,4402.25,4410.5,4400.75,4406.5,,4406.5
1692972000,4406,4427.75,4387,4391.25,,4391.25
1692973800,4391.25,4394.25,4366.25,4367.5,,4367.5
1692975600,4367.75,4396.75,4365.25,4396,,4396
1692977400,4395.75,4403.25,4382.25,4385.25,,4385.25
1692979200,4385.25,4403.75,4384.75,4403.5,,4403.5
1692981000,4403.75,4406.25,4394.5,4402,,4402
1692982800,4402,4406.5,4391.75,4396.75,,4396.75
1692984600,4396.75,4401.5,4389,4401,,4401
1692986400,4401.25,4419.75,4399.75,4419.25,,4419.25
1692988200,4419.25,4424.5,4413,4423.25,,4423.25
1692990000,4423.5,4429,4418.75,4424.75,,4424.75
1692991800,4424.75,4427,4410.75,4415,,4415
1692993600,4415,4418.25,4414,4416,,4416
1693229400,4437.75,4447.25,4432.75,4441,,4441
1693231200,4441,4446.75,4436.75,4446.75,,4446.75
1693233000,4446.5,4447.25,4428.5,4435.25,,4435.25
1693234800,4435.5,4435.75,4426.75,4429.25,,4429.25
1693236600,4429.5,4434.5,4423.75,4429.75,,4429.75
1693238400,4429.5,4431.75,4424.25,4426.75,,4426.75
1693240200,4426.75,4441.25,4424.75,4440.75,,4440.75
1693242000,4440.75,4447.75,4439.5,4442.5,,4442.5
1693243800,4442.5,4444.75,4423.25,4426.25,,4426.25
1693245600,4426.25,4429,4423.5,4427.25,,4427.25
1693247400,4427.5,4434.25,4424.75,4433.25,,4433.25
1693249200,4433.5,4438.75,4428.5,4432.75,,4432.75
1693251000,4432.75,4449.5,4431.25,4441.75,,4441.75
1693252800,4441.75,4444.25,4440.5,4443.25,,4443.25
1693315800,4441,4456.75,4438.5,4452.25,,4452.25
1693317600,4452.75,4475,4452.25,4473.75,,4473.75
1693319400,4474,4482.25,4469.25,4472.5,,4472.5
1693321200,4472.5,4484.25,4471.75,4483.25,,4483.25
1693323000,4483.25,4494.25,4483,4491,,4491
1693324800,4491,4499.25,4489.5,4498,,4498
1693326600,4498,4498.75,4490.25,4495.25,,4495.25
1693328400,4495.25,4499,4493.75,4497.5,,4497.5
1693330200,4497.5,4502.5,4491.25,4495.5,,4495.5
1693332000,4495.25,4500.5,4494,4498.5,,4498.5
1693333800,4498.5,4503.25,4496.5,4499.75,,4499.75
1693335600,4500,4507.25,4495.5,4506.25,,4506.25
1693337400,4506.25,4509,4502,4506,,4506
1693339200,4505.75,4508,4505.25,4507.5,,4507.5
1693402200,4509.25,4527.25,4508.25,4526.25,,4526.25
1693404000,4526.25,4530,4501,4506.5,,4506.5
1693405800,4506.5,4520.5,4506,4519.75,,4519.75
1693407600,4519.75,4520.25,4511.25,4518.75,,4518.75
1693409400,4518.75,4525.5,4517.5,4524.75,,4524.75
1693411200,4524.5,4528.5,4521.5,4527.25,,4527.25
1693413000,4527.25,4530.75,4523.5,4528.25,,4528.25
1693414800,4528.25,4528.5,4523,4523.25,,4523.25
1693416600,4523.25,4528,4517.25,4521.5,,4521.5
1693418400,4521.5,4522.5,4513.75,4515.25,,4515.25
1693420200,4515,4526.5,4514.75,4525.5,,4525.5
1693422000,4525.5,4528,4521.5,4523,,4523
1693423800,4523,4525.75,4519.5,4524,,4524
1693425600,4524.25,4526.25,4523,4526,,4526
1693488600,4527.75,4537,4525,4535.75,,4535.75
1693490400,4535.75,4538.25,4529.5,4538,,4538
1693492200,4538.25,4539.75,4529.5,4535,,4535
1693494000,4534.75,4535,4527,4532,,4532
1693495800,4532,4532.75,4525.75,4530.5,,4530.5
1693497600,4530.5,4534,4522.25,4524.75,,4524.75
1693499400,4524.75,4526.25,4515,4521,,4521
1693501200,4521,4529.5,4519,4528.75,,4528.75
1693503000,4529,4530.25,4522.75,4526.25,,4526.25
1693504800,4526.25,4533.5,4525.75,4531,,4531
1693506600,4531.25,4532,4519.25,4520,,4520
1693508400,4520,4526.5,4519.5,4523,,4523
1693510200,4523,4528.25,4512.75,4514.25,,4514.25
1693512000,4514.25,4519.25,4513.5,4518,,4518
1693575000,4542.75,4547.5,4521.75,4533.75,,4533.75
1693576800,4533.75,4541.25,4522,4538,,4538
1693578600,4537.75,4538,4517,4520.25,,4520.25
1693580400,4520.25,4523.25,4517,4519,,4519
1693582200,4519.25,4520.5,4507.25,4509.5,,4509.5
1693584000,4509.25,4518.5,4507.5,4516.25,,4516.25
1693585800,4516.25,4520.75,4511.5,4518,,4518
1693587600,4518,4519.75,4513.75,4514.25,,4514.25
1693589400,4514,4517.75,4512.25,4517,,4517
1693591200,4517,4518.5,4509.5,4512,,4512
1693593000,4511.75,4516.25,4509.25,4516,,4516
1693594800,4516,4520.75,4514.25,4520.75,,4520.75
1693596600,4520.75,4523.75,4516.25,4522.75,,4522.75
1693598400,4523,4523.25,4520.5,4521.25,,4521.25
1693920600,4517.5,4519.5,4503.75,4506,,4506
1693922400,4506,4514.5,4501.75,4509,,4509
1693924200,4509,4514,4502.5,4511.25,,4511.25
1693926000,4511.25,4520.75,4511.25,4512.75,,4512.75
1693927800,4513,4514.25,4508.75,4512.25,,4512.25
1693929600,4512.25,4517.25,4511.75,4514,,4514
1693931400,4513.75,4517,4512.25,4513.25,,4513.25
1693933200,4513,4513.5,4506,4506,,4506
1693935000,4506,4510.75,4504.75,4510.25,,4510.25
1693936800,4510.25,4514.75,4506.75,4513.75,,4513.75
1693938600,4513.75,4516.5,4510.75,4516.25,,4516.25
1693940400,4516,4516.5,4506.25,4508.25,,4508.25
1693942200,4508.5,4514,4501.5,4502.25,,4502.25
1693944000,4502.25,4504.5,4500,4502,,4502
1694007000,4493,4494.25,4483,4488.25,,4488.25
1694008800,4488,4488,4469.25,4470,,4470
1694010600,4469.75,4474.75,4465,4465.75,,4465.75
1694012400,4466,4469,4460.5,4467,,4467
1694014200,4467,4469,4463.25,4464.25,,4464.25
1694016000,4464.25,4466.5,4457.25,4458,,4458
1694017800,4458.25,4459,4448.75,4451.25,,4451.25
1694019600,4451.25,4461,4447,4457.25,,4457.25
1694021400,4457.25,4464.5,4457,4461.75,,4461.75
1694023200,4462,4467.25,4460.5,4466,,4466
1694025000,4466,4470.75,4466,4468.5,,4468.5
1694026800,4468.5,4471,4462.25,4467.5,,4467.5
1694028600,4467.5,4473.25,4466.25,4471,,4471
1694030400,4471,4471.5,4467.75,4469.5,,4469.5
1694093400,4438,4451,4434.75,4441.25,,4441.25
1694095200,4441,4445.5,4435.25,4438.75,,4438.75
1694097000,4438.5,4453.5,4434.25,4447.25,,4447.25
1694098800,4447.25,4454,4447,4449,,4449
1694100600,4449.25,4457,4445.5,4446.75,,4446.75
1694102400,4447,4458.75,4446,4457.5,,4457.5
1694104200,4457.25,4459.25,4451,4451.75,,4451.75
1694106000,4452,4458.25,4450,4458,,4458
1694107800,4458,4459.25,4453.75,4457.75,,4457.75
1694109600,4457.75,4460.5,4451.25,4451.5,,4451.5
1694111400,4451.25,4458.25,4447.75,4456.75,,4456.75
1694113200,4457,4458.25,4449.75,4456.25,,4456.25
1694115000,4456.5,4463,4452.5,4455.25,,4455.25
1694116800,4455.5,4457,4452,4456.75,,4456.75
1694179800,4455.25,4467.5,4454.25,4464.5,,4464.5
1694181600,4464.75,4475.5,4463.75,4474.75,,4474.75
1694183400,4475,4477.5,4465.25,4465.25,,4465.25
1694185200,4465.25,4473.75,4464,4472,,4472
1694187000,4472.25,4475.5,4467,4468,,4468
1694188800,4468,4474.25,4465.25,4468.5,,4468.5
1694190600,4468.75,4470.25,4461.75,4467.25,,4467.25
1694192400,4467.25,4468.25,4461.5,4464,,4464
1694194200,4464,4466.75,4462,4465,,4465
1694196000,4465.25,4468.75,4457,4459.75,,4459.75
1694197800,4459.75,4461.25,4454.75,4455.5,,4455.5
1694199600,4455.25,4456.75,4451.5,4453,,4453
1694201400,4453,4462.75,4451.5,4461.5,,4461.5
1694203200,4461.5,4466.5,4460.25,4465,,4465
1694439000,4488.25,4493.5,4475,4475.25,,4475.25
1694440800,4475.5,4484.25,4472.75,4483.5,,4483.5
1694442600,4483.75,4484,4473,4474.5,,4474.5
1694444400,4474.5,4480.5,4470,4478.25,,4478.25
1694446200,4478.25,4478.5,4473,4474.5,,4474.5
1694448000,4474.75,4483.75,4474.25,4483,,4483
1694449800,4482.75,4483.75,4479.25,4483,,4483
1694451600,4482.75,4487.75,4480.75,4487.25,,4487.25
1694453400,4487.5,4490.75,4486.75,4489.5,,4489.5
1694455200,4489.5,4490.5,4486.25,4490,,4490
1694457000,4490,4491.25,4488.25,4490,,4490
1694458800,4490.25,4493,4487.5,4491.75,,4491.75
1694460600,4491.75,4492,4485.75,4490.5,,4490.5
1694462400,4490.5,4491.75,4488.5,4490,,4490
1694525400,4523.75,4532.5,4521.75,4531,,4531
1694527200,4530.75,4531,4518.25,4520,,4520
1694529000,4520,4523.25,4515.75,4516,,4516
1694530800,4516,4521.5,4514.5,4520.75,,4520.75
1694532600,4521,4526,4521,4524.25,,4524.25
1694534400,4524.5,4529.25,4524.5,4526.5,,4526.5
1694536200,4526.5,4529.25,4523.5,4526.5,,4526.5
1694538000,4526.75,4539,4525,4536.25,,4536.25
1694539800,4536.25,4538.75,4522.5,4524,,4524
1694541600,4524,4525,4519,4522.25,,4522.25
1694543400,4522.5,4523.75,4512.75,4514,,4514
1694545200,4514.25,4514.25,4507.25,4509.5,,4509.5
1694547000,4509.75,4515.75,4509.5,4513.5,,4513.5
1694548800,4513.25,4516.25,4512.75,4515,,4515
1694611800,4515.25,4525.75,4512.75,4522.5,,4522.5
1694613600,4522.25,4522.75,4503,4513.75,,4513.75
1694615400,4514,4525.5,4513.25,4523.5,,4523.5
1694617200,4523.75,4528.75,4521.75,4528,,4528
1694619000,4528,4529,4518,4525.25,,4525.25
1694620800,4525.5,4528,4520,4526.75,,4526.75
1694622600,4526.75,4528.75,4520.75,4526,,4526
1694624400,4526,4529,4524.25,4526,,4526
1694626200,4526,4530.25,4524.25,4527,,4527
1694628000,4527,4528.25,4520.75,4524.25,,4524.25
1694629800,4524.25,4524.5,4507.75,4515,,4515
1694631600,4515,4515.75,4505.75,4512.5,,4512.5
1694633400,4512.75,4520.75,4512.5,4518,,4518
1694635200,4518,4521.25,4516.25,4519.75,,4519.75
1694698200,4542,4544.75,4531.5,4540.25,,4540.25
1694700000,4540.5,4542.25,4528,4536.25,,4536.25
1694701800,4536.25,4547.5,4535.75,4546,,4546
1694703600,4546.25,4551,4545.75,4546.25,,4546.25
1694705400,4546.25,4550.5,4541.5,4550.25,,4550.25
1694707200,4550.25,4556.5,4548.75,4552.25,,4552.25
1694709000,4552,4558.25,4550.75,4557.75,,4557.75
1694710800,4558,4558,4553.75,4555.25,,4555.25
1694712600,4555.25,4558,4552.75,4553,,4553
1694714400,4553,4554.75,4551.25,4551.75,,4551.75
1694716200,4551.5,4557.5,4550.5,4557.25,,4557.25
1694718000,4557.25,4562,4554,4554.5,,4554.5
1694719800,4554.25,4557.75,4552.25,4555,,4555
1694721600,4555,4559.75,4553.5,4559.25,,4559.25
1694784600,4537,4540.5,4525,4529,,4529
1694786400,4529.25,4534.75,4521,4525.25,,4525.25
1694788200,4525.5,4528,4510.5,4510.75,,4510.75
1694790000,4510.75,4515.5,4507.75,4515.25,,4515.25
1694791800,4515.25,4518.75,4511,4516.25,,4516.25
1694793600,4516.5,4518.25,4513.75,4514.5,,4514.5
1694795400,4514.5,4519.25,4513.5,4517.25,,4517.25
1694797200,4517,4517.25,4498.25,4499.5,,4499.5
1694799000,4499.25,4507,4495,4504.75,,4504.75
1694800800,4505,4505.25,4496.75,4497.75,,4497.75
1694802600,4497.75,4504.25,4497,4503.75,,4503.75
1694804400,4504,4504.25,4497.75,4502.25,,4502.25
1694806200,4502.5,4505,4494,4497.75,,4497.75
1694808000,4497.75,4502.75,4497,4502,,4502
1695043800,4494.5,4502.25,4490,4494.75,,4494.75
1695045600,4494.75,4502,4491.5,4498,,4498
1695047400,4498.25,4503.25,4494.75,4501.25,,4501.25
1695049200,4501,4505.5,4497,4505.5,,4505.5
1695051000,4505.25,4512.75,4505,4511,,4511
1695052800,4511.25,4512.5,4507.25,4511.25,,4511.25
1695054600,4511.25,4514.5,4509.25,4509.5,,4509.5
1695056400,4509.5,4512.25,4506.25,4509.25,,4509.25
1695058200,4509.5,4513,4507.5,4508,,4508
1695060000,4508,4510,4504.75,4505.75,,4505.75
1695061800,4505.75,4508.25,4496.5,4500,,4500
1695063600,4500,4502,4496.75,4500,,4500
1695065400,4500,4502.25,4496.25,4501,,4501
1695067200,4501,4504,4500.75,4503.25,,4503.25
1695130200,4490.5,4496.25,4485,4485.5,,4485.5
1695132000,4485.5,4486,4474,4479.75,,4479.75
1695133800,4479.5,4479.5,4468.25,4468.75,,4468.75
1695135600,4468.75,4472.25,4468,4472,,4472
1695137400,4471.75,4473.5,4467.25,4471.5,,4471.5
1695139200,4471.5,4471.75,4465.25,4468.5,,4468.5
1695141000,4468.75,4469.75,4462.25,4469,,4469
1695142800,4469,4476.25,4468,4474,,4474
1695144600,4474,4486,4474,4485,,4485
1695146400,4485,4488,4483,4483.75,,4483.75
1695148200,4483.75,4496.75,4483.5,4484.5,,4484.5
1695150000,4484.25,4489.5,4482.25,4488.25,,4488.25
1695151800,4488.5,4495.25,4485.75,4491,,4491
1695153600,4491,4494,4491,4492.5,,4492.5
1695216600,4503.25,4507.25,4497.25,4504.25,,4504.25
1695218400,4504.25,4507.5,4496.75,4501,,4501
1695220200,4501,4503,4497.75,4499,,4499
1695222000,4499.25,4502.5,4495.25,4495.75,,4495.75
1695223800,4496,4500.5,4494.25,4500.25,,4500.25
1695225600,4500.25,4501.5,4497.5,4501.5,,4501.5
1695227400,4501.5,4503,4500.5,4502.5,,4502.5
1695229200,4502.75,4503,4498.75,4499,,4499
1695231000,4499.25,4500,4493.5,4498.5,,4498.5
1695232800,4498.75,4498.75,4478,4488.25,,4488.25
1695234600,4488.25,4500,4477,4480.5,,4480.5
1695236400,4480.5,4485,4464.5,4471,,4471
1695238200,4471,4471.75,4446,4448,,4448
1695240000,4448,4449.5,4443.5,4444.25,,4444.25
1695303000,4415.75,4418.5,4400,4400.25,,4400.25
1695304800,4400.25,4414.75,4398.75,4405.5,,4405.5
1695306600,4405.75,4413.5,4398.75,4400,,4400
1695308400,4399.75,4404.5,4395,4396.75,,4396.75
1695310200,4396.5,4404,4395.75,4397.75,,4397.75
1695312000,4397.75,4398.25,4392.5,4396.25,,4396.25
1695313800,4396.25,4400.5,4393.75,4394,,4394
1695315600,4394.25,4407,4393.25,4404.75,,4404.75
1695317400,4404.75,4407.75,4401.5,4403,,4403
1695319200,4403.25,4403.75,4391.75,4391.75,,4391.75
1695321000,4391.75,4396.75,4389.25,4389.5,,4389.5
1695322800,4389.5,4392.75,4378.75,4379.75,,4379.75
1695324600,4379.75,4382.75,4370.75,4373,,4373
1695326400,4373,4375.25,4369,4370,,4370
1695389400,4382.25,4384.5,4374.25,4382.25,,4382.25
1695391200,4382.25,4389,4377.25,4385.25,,4385.25
1695393000,4385.25,4396,4385.25,4394.5,,4394.5
1695394800,4394.25,4397,4387.25,4396.75,,4396.75
1695396600,4396.75,4399,4386.5,4386.75,,4386.75
1695398400,4387,4393,4384.25,4390.25,,4390.25
1695400200,4390.5,4395.75,4389,4391.75,,4391.75
1695402000,4391.75,4392.5,4377,4379,,4379
1695403800,4379,4379.5,4369.5,4373.5,,4373.5
1695405600,4373.25,4375.5,4362.75,4367.25,,4367.25
1695407400,4367.25,4370.25,4362.75,4368.25,,4368.25
1695409200,4368,4390,4366.75,4383.5,,4383.5
1695411000,4383.75,4385.75,4357.25,4361.5,,4361.5
1695412800,4361.5,4366.5,4360.75,4365,,4365
1695648600,4348.25,4364.25,4343.5,4362.25,,4362.25
1695650400,4362.5,4364,4348.75,4351.75,,4351.75
1695652200,4351.75,4358.75,4348.5,4348.5,,4348.5
1695654000,4348.5,4371.75,4347.75,4366.5,,4366.5
1695655800,4366.5,4373.75,4365.5,4369.5,,4369.5
1695657600,4369.5,4377.5,4367,4375.75,,4375.75
1695659400,4376,4376.75,4362.75,4367.75,,4367.75
1695661200,4367.5,4375.25,4363.25,4366.5,,4366.5
1695663000,4366.75,4371.75,4362.75,4371.75,,4371.75
1695664800,4371.75,4374.25,4365.25,4366.5,,4366.5
1695666600,4366.5,4374,4364.5,4365.25,,4365.25
1695668400,4365.25,4371.75,4356.5,4367.5,,4367.5
1695670200,4367.5,4380.25,4365.25,4379.5,,4379.5
1695672000,4379.5,4381.5,4378.5,4380,,4380
1695735000,4346.25,4354,4341,4342.5,,4342.5
1695736800,4342.5,4345.25,4325.25,4334.75,,4334.75
1695738600,4334.75,4343,4331,4335.75,,4335.75
1695740400,4335.75,4338.25,4323,4323.5,,4323.5
1695742200,4323.25,4330,4321.75,4326.5,,4326.5
1695744000,4326.5,4333.25,4324,4332.25,,4332.25
1695745800,4332.25,4335.5,4329.75,4331.5,,4331.5
1695747600,4331.5,4335.5,4325.25,4325.25,,4325.25
1695749400,4325.25,4327.5,4315.25,4322.5,,4322.5
1695751200,4322.75,4323,4313.5,4314.25,,4314.25
1695753000,4314.25,4317.25,4310,4313.75,,4313.75
1695754800,4313.5,4315.75,4305.5,4307.75,,4307.75
1695756600,4307.75,4316.25,4306,4314,,4314
1695758400,4314,4322.75,4313.5,4320,,4320
1695821400,4325.5,4331.75,4321.25,4324,,4324
1695823200,4324,4326.25,4313.25,4323.25,,4323.25
1695825000,4323.25,4324.5,4304.75,4306.25,,4306.25
1695826800,4306.25,4315.5,4305,4314.5,,4314.5
1695828600,4314.75,4316,4300.5,4303.75,,4303.75
1695830400,4303.5,4303.75,4292.25,4296.5,,4296.5
1695832200,4296.5,4303.5,4294.25,4295.5,,4295.5
1695834000,4295.25,4301.5,4282,4282.5,,4282.5
1695835800,4282.5,4287.75,4277,4287.5,,4287.5
1695837600,4287.25,4299,4280.5,4298.5,,4298.5
1695839400,4298.5,4318.25,4298.5,4313.75,,4313.75
1695841200,4313.5,4330.25,4311.5,4319.75,,4319.75
1695843000,4320,4320.75,4303,4315,,4315
1695844800,4315.25,4320.75,4313.75,4320.25,,4320.25
1695907800,4307.25,4320.25,4301,4319.5,,4319.5
1695909600,4319.75,4325.25,4312,4316.5,,4316.5
1695911400,4316.5,4328.5,4305.5,4326.25,,4326.25
1695913200,4326.25,4336,4322.25,4335.75,,4335.75
1695915000,4335.75,4349.25,4335.5,4347.25,,4347.25
1695916800,4347.5,4355.5,4343,4354.5,,4354.5
1695918600,4354.5,4355.75,4338.75,4342.25,,4342.25
1695920400,4342.25,4345.75,4335.75,4337.75,,4337.75
1695922200,4337.75,4338,4329.5,4334.25,,4334.25
1695924000,4334.5,4344,4331.25,4341.5,,4341.5
1695925800,4341.75,4342.25,4327.5,4336.75,,4336.75
1695927600,4336.75,4351,4335.25,4350,,4350
1695929400,4350,4350.75,4332.5,4338.25,,4338.25
1695931200,4338.5,4338.75,4334.5,4338,,4338
1695994200,4369.75,4371.25,4358,4366,,4366
1695996000,4366.25,4370,4352.75,4355.75,,4355.75
1695997800,4356,4365.5,4355.25,4357.75,,4357.75
1695999600,4357.75,4366.25,4351.5,4352.25,,4352.25
1696001400,4352.5,4354.5,4338.25,4344.5,,4344.5
1696003200,4344.5,4349.75,4338.5,4346.5,,4346.5
1696005000,4346.5,4348.25,4330.75,4334.25,,4334.25
1696006800,4334.25,4334.25,4316.5,4326.75,,4326.75
1696008600,4326.75,4328.75,4313.5,4313.5,,4313.5
1696010400,4313.25,4323.25,4311.75,4314.25,,4314.25
1696012200,4314.5,4334.5,4311,4334.25,,4334.25
1696014000,4334.5,4337,4322.75,4328,,4328
1696015800,4328,4341.25,4319.5,4326.25,,4326.25
1696017600,4326.25,4329.5,4321.75,4329.25,,4329.25
1696253400,4317.25,4328.75,4312.75,4318.75,,4318.75
1696255200,4318.75,4332.25,4315,4319,,4319
1696257000,4319,4324,4310,4314.75,,4314.75
1696258800,4314.75,4336,4314.25,4334.75,,4334.75
1696260600,4334.75,4337.75,4306,4309.25,,4309.25
1696262400,4309.25,4311.75,4300.5,4306.5,,4306.5
1696264200,4306.5,4309.25,4295.5,4299,,4299
1696266000,4298.75,4309,4296.5,4307.25,,4307.25
1696267800,4307.5,4311,4303.25,4305.75,,4305.75
1696269600,4306,4319,4299.5,4300,,4300
1696271400,4300.25,4306,4296.25,4302.25,,4302.25
1696273200,4302,4312.5,4296,4308.75,,4308.75
1696275000,4309,4325.25,4307,4324.75,,4324.75
1696276800,4324.75,4329.25,4324.5,4326,,4326
1696339800,4301,4317,4298.75,4313.25,,4313.25
1696341600,4313.5,4314.25,4273.75,4275,,4275
1696343400,4275.25,4281.5,4264.25,4267.25,,4267.25
1696345200,4267.25,4271.5,4262,4265,,4265
1696347000,4264.75,4268,4257,4261.25,,4261.25
1696348800,4261.25,4275.25,4260.75,4274,,4274
1696350600,4274.25,4275.75,4267.75,4272,,4272
1696352400,4272,4278.25,4265.75,4268.25,,4268.25
1696354200,4268.25,4269,4256.75,4258.5,,4258.5
1696356000,4258.5,4261.5,4251.25,4254.75,,4254.75
1696357800,4254.5,4265.25,4253.5,4261,,4261
1696359600,4261.25,4264.75,4254.5,4255.75,,4255.75
1696361400,4255.75,4267.75,4252.25,4266.5,,4266.5
1696363200,4266.75,4269.5,4266.25,4267.75,,4267.75
1696426200,4269.5,4283,4268,4274.75,,4274.75
1696428000,4274.25,4278.5,4254.25,4255,,4255
1696429800,4255.25,4275.25,4254.75,4259.25,,4259.25
1696431600,4259.25,4279,4255.75,4277,,4277
1696433400,4277,4289,4270.5,4288.75,,4288.75
1696435200,4288.5,4291,4281.75,4289,,4289
1696437000,4289.25,4293,4283.25,4285.5,,4285.5
1696438800,4285.75,4286.5,4274.75,4275.25,,4275.25
1696440600,4275.5,4278,4269.5,4271,,4271
1696442400,4271,4276.5,4265.25,4273.75,,4273.75
1696444200,4273.5,4282.5,4270,4281,,4281
1696446000,4281.25,4297,4279.5,4293.5,,4293.5
1696447800,4293.75,4304,4291.25,4296.25,,4296.25
1696449600,4296,4296.75,4292.5,4293.75,,4293.75
1696512600,4290.75,4299.5,4279.75,4287.75,,4287.75
1696514400,4288,4288,4273,4280.75,,4280.75
1696516200,4280.75,4281.75,4262.5,4266,,4266
1696518000,4266,4270.5,4258,4266.5,,4266.5
1696519800,4266.25,4272.5,4261.75,4266.5,,4266.5
1696521600,4266.5,4279,4264.75,4278.25,,4278.25
1696523400,4278.25,4281,4269.25,4272.75,,4272.75
1696525200,4272.75,4276,4264.75,4275.75,,4275.75
1696527000,4275.75,4288.75,4271.25,4287.5,,4287.5
1696528800,4287.75,4292.75,4285.5,4289.5,,4289.5
1696530600,4289.5,4300.75,4289.25,4297.25,,4297.25
1696532400,4297.25,4298.75,4288.5,4295.75,,4295.75
1696534200,4295.5,4296.5,4288.5,4291.5,,4291.5
1696536000,4291.5,4292.5,4287.75,4288.5,,4288.5
1696599000,4265.25,4276,4255.5,4264.75,,4264.75
1696600800,4265,4276.5,4251.5,4275.75,,4275.75
1696602600,4275.75,4289.5,4275.75,4284,,4284
1696604400,4284.25,4308.5,4283.75,4304.5,,4304.5
1696606200,4304.5,4335.75,4304.5,4335.75,,4335.75
1696608000,4335.5,4339.5,4324.5,4329.25,,4329.25
1696609800,4329.25,4333.75,4323,4329.5,,4329.5
1696611600,4329.5,4344,4327.75,4341.25,,4341.25
1696613400,4341.5,4345.5,4337.25,4344.25,,4344.25
1696615200,4344.5,4351.75,4340,4351.5,,4351.5
1696617000,4351.5,4358.5,4349.5,4354,,4354
1696618800,4354,4355.25,4348.25,4354.75,,4354.75
1696620600,4354.75,4356.5,4340.5,4342,,4342
1696622400,4342,4346.5,4339.75,4345.75,,4345.75
1696858200,4321.75,4337,4319.5,4334.75,,4334.75
1696860000,4334.75,4338,4323,4329.5,,4329.5
1696861800,4329.5,4331.5,4316,4319.75,,4319.75
1696863600,4319.75,4333.75,4319,4333,,4333
1696865400,4333,4337.25,4329,4336.5,,4336.5
1696867200,4336.75,4346.25,4334,4337.75,,4337.75
1696869000,4337.75,4341.25,4331.75,4335.75,,4335.75
1696870800,4336,4345.75,4334.75,4345.75,,4345.75
1696872600,4345.75,4368,4345.75,4367.75,,4367.75
1696874400,4368,4372.5,4364.5,4371.25,,4371.25
1696876200,4371.25,4375.75,4363.5,4372.25,,4372.25
1696878000,4372.5,4373.5,4366.25,4369.5,,4369.5
1696879800,4369.25,4370,4362.25,4370,,4370
1696881600,4369.75,4372,4368.5,4370.5,,4370.5
1696944600,4376,4382.5,4371.25,4382.5,,4382.5
1696946400,4382.5,4399,4382.25,4396.75,,4396.75
1696948200,4396.75,4403.5,4395.25,4399.5,,4399.5
1696950000,4399.75,4413.25,4398,4410.5,,4410.5
1696951800,4410.75,4418,4409,4416.5,,4416.5
1696953600,4416.75,4419,4413.5,4417.25,,4417.25
1696955400,4417.25,4418.25,4412.5,4415,,4415
1696957200,4415.25,4415.25,4393,4400.5,,4400.5
1696959000,4400.75,4403.5,4394.75,4400.75,,4400.75
1696960800,4401,4403,4391.25,4394.25,,4394.25
1696962600,4394.25,4404,4389.25,4392.5,,4392.5
1696964400,4392.5,4398.25,4391,4393.75,,4393.75
1696966200,4393.75,4398,4389.5,4391.5,,4391.5
1696968000,4391.25,4393.75,4390,4392,,4392
1697031000,4402.5,4410.5,4398.5,4401,,4401
1697032800,4401,4402,4392.5,4396,,4396
1697034600,4395.75,4401.5,4390.5,4400.75,,4400.75
1697036400,4401,4404.25,4388,4390,,4390
1697038200,4390.25,4396.25,4387.75,4390.25,,4390.25
1697040000,4390.25,4391.25,4382.25,4384.25,,4384.25
1697041800,4384.5,4388.75,4381,4387,,4387
1697043600,4387,4389.5,4379.25,4382.5,,4382.5
1697045400,4382.5,4385.5,4377.25,4383.75,,4383.75
1697047200,4384,4398.75,4383.25,4392,,4392
1697049000,4392.25,4399,4391.25,4396.25,,4396.25
1697050800,4396.25,4401.5,4394.75,4400,,4400
1697052600,4400,4411.5,4398.75,4408.75,,4408.75
1697054400,4408.75,4418,4408.5,4417.5,,4417.5
1697117400,4413.75,4414.25,4394.25,4398,,4398
1697119200,4398,4411,4393.25,4403,,4403
1697121000,4403,4406.5,4395.5,4405,,4405
1697122800,4405,4412.75,4400,4405.25,,4405.25
1697124600,4405.5,4409.5,4402,4409.25,,4409.25
1697126400,4409.25,4417.5,4406.25,4416,,4416
1697128200,4416,4416.75,4407.25,4409,,4409
1697130000,4409.25,4409.25,4376.75,4377.5,,4377.5
1697131800,4377.5,4380.5,4366.75,4367.75,,4367.75
1697133600,4367.75,4370.75,4355.5,4369.25,,4369.25
1697135400,4369.25,4377.25,4366.5,4373,,4373
1697137200,4373.25,4382.5,4372.5,4377.25,,4377.25
1697139000,4377.25,4386.5,4377.25,4380.75,,4380.75
1697140800,4380.5,4384,4379.25,4382.25,,4382.25
1697203800,4395,4407.75,4394,4402,,4402
1697205600,4401.75,4402,4384.25,4387.25,,4387.25
1697207400,4387.25,4394,4368.5,4370.5,,4370.5
1697209200,4370.25,4371.5,4358.5,4364,,4364
1697211000,4364,4369.5,4352.75,4355.75,,4355.75
1697212800,4355.75,4372.75,4354,4371.5,,4371.5
1697214600,4371.75,4376.5,4358.25,4363.25,,4363.25
1697216400,4363.5,4365.75,4343.75,4344,,4344
1697218200,4344.25,4360.75,4340.75,4356.25,,4356.25
1697220000,4356.25,4362.25,4352.25,4356.5,,4356.5
1697221800,4356.75,4363.75,4349.75,4358.25,,4358.25
1697223600,4358.25,4367.25,4351,4353,,4353
1697225400,4353.25,4359.25,4345.75,4358,,4358
1697227200,4357.75,4358,4351,4352,,4352
1697463000,4380.25,4390,4377.75,4385.25,,4385.25
1697464800,4385.25,4402.25,4380.25,4401.75,,4401.75
1697466600,4402,4411.75,4401.5,4410.75,,4410.75
1697468400,4411,4414.25,4405.25,4408.5,,4408.5
1697470200,4408.5,4410,4397.5,4402.25,,4402.25
1697472000,4402.25,4405,4399.25,4403.5,,4403.5
1697473800,4403.5,4405,4397.25,4402.5,,4402.5
1697475600,4402.5,4411.25,4385.5,4399,,4399
1697477400,4399,4408.75,4397,4407.25,,4407.25
1697479200,4407.5,4410,4401.5,4402.25,,4402.25
1697481000,4402.25,4408.25,4398.5,4407.75,,4407.75
1697482800,4407.75,4412.25,4403.5,4411.5,,4411.5
1697484600,4411.5,4412.25,4399.5,4402.5,,4402.5
1697486400,4402.5,4406,4399.25,4405.25,,4405.25
1697549400,4369.25,4378.5,4365.75,4368.5,,4368.5
1697551200,4368.5,4394.25,4367,4388.25,,4388.25
1697553000,4388.5,4398.75,4386.25,4393,,4393
1697554800,4392.75,4404.75,4390.75,4401,,4401
1697556600,4401.25,4417,4401,4414.5,,4414.5
1697558400,4414.5,4422.75,4413.5,4422.75,,4422.75
1697560200,4422.75,4423.25,4407.75,4410,,4410
1697562000,4410,4412,4404.25,4405.25,,4405.25
1697563800,4405.25,4405.5,4387.5,4390.25,,4390.25
1697565600,4390.25,4396,4388,4393,,4393
1697567400,4393,4398.75,4383.5,4387.25,,4387.25
1697569200,4387,4397.25,4384.5,4396.25,,4396.25
1697571000,4396.5,4402.75,4390,4402.5,,4402.5
1697572800,4402.5,4403.25,4396.5,4397.75,,4397.75
1697635800,4382.75,4388.5,4375.75,4380.5,,4380.5
1697637600,4380.5,4392.5,4372.5,4376,,4376
1697639400,4376,4378.25,4362.25,4366,,4366
1697641200,4366,4376.5,4362.75,4369.25,,4369.25
1697643000,4369.25,4373.5,4364.75,4365.5,,4365.5
1697644800,4365.25,4375.5,4358.25,4360.5,,4360.5
1697646600,4360.5,4363.5,4354.25,4355.5,,4355.5
1697648400,4355.25,4378.75,4351,4370.5,,4370.5
1697650200,4370.5,4370.5,4353.25,4365.25,,4365.25
1697652000,4365.25,4373.25,4358.75,4360.75,,4360.75
1697653800,4360.75,4366.25,4348.25,4352,,4352
1697655600,4352,4352.25,4343,4344.75,,4344.75
1697657400,4344.75,4348,4330.75,4343,,4343
1697659200,4342.75,4351,4342.75,4349.5,,4349.5
1697722200,4347.75,4352.25,4339.75,4345.75,,4345.75
1697724000,4345.5,4349.25,4326.75,4328,,4328
1697725800,4328,4334.25,4324.5,4327.25,,4327.25
1697727600,4327.25,4333.75,4322.25,4332.5,,4332.5
1697729400,4332.75,4345.25,4331,4338,,4338
1697731200,4338,4366.5,4329.25,4339,,4339
1697733000,4339.25,4353,4315,4348.5,,4348.5
1697734800,4348.5,4362.25,4344,4350,,4350
1697736600,4350.25,4355.75,4327.75,4332.5,,4332.5
1697738400,4332.25,4338,4325,4328,,4328
1697740200,4328,4328.25,4303.5,4306.75,,4306.75
1697742000,4306.75,4313.25,4300.75,4305.25,,4305.25
1697743800,4305.25,4311.5,4294.75,4301.5,,4301.5
1697745600,4301.5,4302.5,4292.75,4294.5,,4294.5
1697808600,4296.5,4302.25,4287.25,4287.5,,4287.5
1697810400,4287.25,4291,4268.75,4270,,4270
1697812200,4270,4275.25,4259.5,4260.5,,4260.5
1697814000,4260.5,4268.5,4257,4259,,4259
1697815800,4259,4274,4255.25,4270,,4270
1697817600,4270,4272.75,4259.25,4266.25,,4266.25
1697819400,4266.5,4281,4266.25,4279,,4279
1697821200,4279.25,4284.75,4267,4278.5,,4278.5
1697823000,4278.5,4283,4270,4278.5,,4278.5
1697824800,4278.75,4279.25,4261,4262.25,,4262.25
1697826600,4262.5,4269.75,4258.5,4262.75,,4262.75
1697828400,4262.75,4267.5,4253.75,4260,,4260
1697830200,4259.75,4262.5,4247.25,4248.5,,4248.5
1697832000,4248.5,4250,4245,4245,,4245
1698067800,4231.25,4242.75,4213.25,4242,,4242
1698069600,4242,4252.5,4238,4243.75,,4243.75
1698071400,4243.75,4250.5,4236.25,4249.75,,4249.75
1698073200,4249.75,4263,4247.5,4259.5,,4259.5
1698075000,4259.75,4266,4255.25,4264,,4264
1698076800,4264.25,4265.5,4254.5,4264,,4264
1698078600,4264.25,4280.25,4261.75,4280,,4280
1698080400,4280,4280.75,4262.25,4264.75,,4264.75
1698082200,4264.75,4274.5,4262.5,4265.75,,4265.75
1698084000,4265.5,4269,4255.5,4260.25,,4260.25
1698085800,4260.25,4268,4256.75,4263.25,,4263.25
1698087600,4263.5,4267.25,4245,4246.5,,4246.5
1698089400,4246.25,4249.5,4238.25,4240.5,,4240.5
1698091200,4240.25,4250.5,4240.25,4248.75,,4248.75
1698154200,4261.75,4274.5,4259.5,4273.5,,4273.5
1698156000,4273.5,4280,4260.5,4279.75,,4279.75
1698157800,4279.5,4283.5,4273.75,4277,,4277
1698159600,4277.25,4277.75,4263.75,4264.75,,4264.75
1698161400,4264.75,4268.25,4260.5,4267.75,,4267.75
1698163200,4268,4271,4248.5,4250.5,,4250.5
1698165000,4250.5,4252.75,4242,4247.5,,4247.5
1698166800,4247.25,4256.5,4245,4256.25,,4256.25
1698168600,4256.5,4261,4253,4256.75,,4256.75
1698170400,4256.5,4264.75,4254.75,4264.75,,4264.75
1698172200,4264.5,4272.75,4264.5,4270.5,,4270.5
1698174000,4270.5,4276.75,4267.25,4275.5,,4275.5
1698175800,4275.75,4276.75,4270,4271,,4271
1698177600,4271,4290.5,4267.75,4273.75,,4273.75
1698240600,4253.5,4253.5,4229,4235.75,,4235.75
1698242400,4236,4236,4224.25,4227.25,,4227.25
1698244200,4227,4245.5,4225.5,4235.5,,4235.5
1698246000,4235.5,4248.75,4234.5,4243.25,,4243.25
1698247800,4243.25,4245,4229,4229.25,,4229.25
1698249600,4229.25,4230,4222.25,4226,,4226
1698251400,4226.25,4231.75,4217.25,4219.75,,4219.75
1698253200,4219.75,4222.5,4211,4213,,4213
1698255000,4213,4213,4203.75,4210.75,,4210.75
1698256800,4210.75,4217,4207.5,4211.25,,4211.25
1698258600,4211.25,4214.5,4204.75,4210.5,,4210.5
1698260400,4210.5,4215.25,4205.75,4213.25,,4213.25
1698262200,4213.25,4218.5,4208,4210.25,,4210.25
1698264000,4210,4217.75,4209.5,4215.25,,4215.25
1698327000,4196.25,4205,4184.25,4185.75,,4185.75
1698328800,4185.5,4189.75,4176.25,4185.75,,4185.75
1698330600,4185.5,4200.5,4174.75,4195.25,,4195.25
1698332400,4195.25,4197.75,4173.5,4175.25,,4175.25
1698334200,4175.25,4180.75,4170.25,4176.5,,4176.5
1698336000,4176.5,4176.5,4154.25,4161.5,,4161.5
1698337800,4161.25,4163.25,4152.75,4153,,4153
1698339600,4153,4163.5,4150.75,4153.75,,4153.75
1698341400,4153.75,4168.5,4146.25,4167.5,,4167.5
1698343200,4167.5,4174.5,4164.75,4173.5,,4173.5
1698345000,4173.5,4187.25,4170.25,4187,,4187
1698346800,4187,4191.25,4173.25,4173.75,,4173.75
1698348600,4173.5,4174.25,4154.25,4156.75,,4156.75
1698350400,4156.75,4168,4149.75,4166.25,,4166.25
1698413400,4172.75,4175.75,4156.5,4163.5,,4163.5
1698415200,4163.5,4172.5,4154.25,4160.5,,4160.5
1698417000,4160.5,4166.5,4149,4165.75,,4165.75
1698418800,4165.75,4176.75,4162.25,4170,,4170
1698420600,4170.25,4170.75,4158.25,4165,,4165
1698422400,4165.25,4166.5,4150.5,4156,,4156
1698424200,4156,4160.25,4147,4148.25,,4148.25
1698426000,4148.5,4150.75,4133.25,4138,,4138
1698427800,4138,4141.75,4131.25,4134,,4134
1698429600,4134,4140.25,4126.25,4128.25,,4128.25
1698431400,4128.5,4142.5,4122.75,4125.75,,4125.75
1698433200,4125.75,4135.25,4124,4134.5,,4134.5
1698435000,4134.5,4140,4122.25,4138,,4138
1698436800,4138,4141.5,4136.75,4137,,4137
1698672600,4165.75,4184,4165.5,4179.5,,4179.5
1698674400,4179.5,4180.75,4156,4160,,4160
1698676200,4160,4165,4152,4160.25,,4160.25
1698678000,4160.5,4170.75,4154.25,4159.25,,4159.25
1698679800,4159.5,4170.75,4159,4170,,4170
1698681600,4170,4173,4163,4163.75,,4163.75
1698683400,4163.75,4170.25,4156.25,4162.25,,4162.25
1698685200,4162.5,4182.75,4159.75,4180.75,,4180.75
1698687000,4180.75,4187.75,4176.75,4187.25,,4187.25
1698688800,4187.25,4187.75,4180.5,4183.25,,4183.25
1698690600,4183,4193.75,4182.75,4189,,4189
1698692400,4189,4197.5,4186.25,4193,,4193
1698694200,4193,4194.75,4184.75,4186,,4186
1698696000,4186.25,4187.5,4183.25,4186.5,,4186.5
1698759000,4191.5,4193.25,4172.25,4177.25,,4177.25
1698760800,4177.25,4192.5,4171.75,4187.25,,4187.25
1698762600,4187.25,4195.75,4177.75,4193,,4193
1698764400,4193,4195.5,4186,4187,,4187
1698766200,4187,4194.5,4183.75,4194.5,,4194.5
1698768000,4194.25,4194.75,4182,4189,,4189
1698769800,4189.25,4198.5,4182.75,4197.5,,4197.5
1698771600,4197.5,4201.75,4193.25,4199.75,,4199.75
1698773400,4199.75,4209.5,4199.5,4208.75,,4208.75
1698775200,4208.75,4211,4201,4201,,4201
1698777000,4201,4212.5,4200.5,4211.25,,4211.25
1698778800,4211.25,4215,4209.5,4212.5,,4212.5
1698780600,4212.5,4215,4205.5,4212.25,,4212.25
1698782400,4212.25,4213,4205.5,4205.75,,4205.75
1698845400,4221.5,4228.25,4215.5,4224,,4224
1698847200,4224.5,4244.5,4221,4241,,4241
1698849000,4241.25,4248.5,4240,4242.25,,4242.25
1698850800,4242.25,4245.75,4231.5,4233.5,,4233.5
1698852600,4233.5,4238.25,4231.75,4236.75,,4236.75
1698854400,4236.75,4237,4227.75,4229.75,,4229.75
1698856200,4229.5,4233,4222.25,4227,,4227
1698858000,4226.75,4233.75,4223.75,4227.5,,4227.5
1698859800,4227.5,4232,4223,4230,,4230
1698861600,4230,4239.5,4222.5,4233.5,,4233.5
1698863400,4233.75,4247.5,4220.25,4243,,4243
1698865200,4243.25,4263.25,4243,4258,,4258
1698867000,4258,4264.75,4254.5,4256.5,,4256.5
1698868800,4256.5,4257.75,4253.5,4255.25,,4255.25
1698931800,4294,4308.75,4293.75,4303,,4303
1698933600,4303,4312.5,4295.75,4310.25,,4310.25
1698935400,4310.5,4321.75,4310,4321.5,,4321.5
1698937200,4321.75,4322,4309.5,4315,,4315
1698939000,4315.25,4321.25,4313.75,4316,,4316
1698940800,4316.25,4318,4312.5,4315.75,,4315.75
1698942600,4315.75,4324,4314.5,4319.5,,4319.5
1698944400,4319.5,4326.5,4317.5,4324.75,,4324.75
1698946200,4324.75,4334.75,4324.75,4331.25,,4331.25
1698948000,4331.5,4331.75,4325.5,4330,,4330
1698949800,4330,4333.25,4328.25,4331.25,,4331.25
1698951600,4331,4333.5,4329.25,4331,,4331
1698953400,4331,4337.75,4330.75,4336.25,,4336.25
1698955200,4336,4336.25,4332.75,4333.5,,4333.5
1699018200,4359.5,4378.25,4358.25,4375,,4375
1699020000,4375.25,4383.25,4362.5,4367,,4367
1699021800,4367,4370.25,4360.25,4370,,4370
1699023600,4370,4372,4363.5,4368,,4368
1699025400,4368,4380.75,4368,4378.25,,4378.25
1699027200,4378.25,4386,4377,4384,,4384
1699029000,4384.25,4387.25,4382.5,4386.25,,4386.25
1699030800,4386.25,4387.75,4376.75,4379.25,,4379.25
1699032600,4379.5,4387.25,4377.75,4385,,4385
1699034400,4385,4386.25,4378.5,4386,,4386
1699036200,4386.25,4390.5,4383.5,4389.75,,4389.75
1699038000,4389.75,4391.75,4381.75,4383.25,,4383.25
1699039800,4383,4383.75,4374.5,4375,,4375
1699041600,4374.75,4379.75,4374.5,4379.5,,4379.5
1699281000,4382.5,4389.5,4378,4382.25,,4382.25
1699282800,4382.25,4384,4375,4380.5,,4380.5
1699284600,4380.5,4386.75,4378.5,4382,,4382
1699286400,4382,4385.75,4381,4382.25,,4382.25
1699288200,4382.25,4384.25,4378.25,4383.25,,4383.25
1699290000,4383.5,4384.25,4376.75,4378,,4378
1699291800,4378,4379.25,4372.5,4377.5,,4377.5
1699293600,4377.25,4377.75,4364.25,4370,,4370
1699295400,4369.75,4373.25,4367.25,4370.75,,4370.75
1699297200,4370.5,4372.25,4364.5,4370.5,,4370.5
1699299000,4370.75,4379.5,4369.5,4378.5,,4378.5
1699300800,4378.75,4380.5,4375.75,4378,,4378
1699302600,4378,4385.5,4374.5,4384.5,,4384.5
1699304400,4384.25,4385.25,4381,4382,,4382
1699367400,4384,4384.75,4372.25,4382.75,,4382.75
1699369200,4382.5,4392.25,4381,4391.75,,4391.75
1699371000,4391.75,4401.75,4390.5,4399.25,,4399.25
1699372800,4399.25,4399.5,4395.5,4397.75,,4397.75
1699374600,4397.5,4402.5,4393.5,4396,,4396
1699376400,4396.25,4396.25,4387.75,4390.25,,4390.25
1699378200,4390.25,4395.25,4385.75,4394.5,,4394.5
1699380000,4394.25,4399.75,4392.75,4397.5,,4397.5
1699381800,4397.75,4402,4396.5,4399.75,,4399.75
1699383600,4399.75,4402,4398,4400.75,,4400.75
1699385400,4400.75,4402,4395.25,4396.25,,4396.25
1699387200,4396.5,4400,4393.5,4399.5,,4399.5
1699389000,4399.5,4403.25,4389.5,4396.5,,4396.5
1699390800,4396.25,4397.25,4395,4395.5,,4395.5
1699453800,4402.25,4407.75,4400.5,4403.75,,4403.75
1699455600,4404,4405,4393.5,4396.25,,4396.25
1699457400,4396.25,4398,4391.5,4392.25,,4392.25
1699459200,4392.5,4398.25,4388,4391.5,,4391.5
1699461000,4391.5,4395.5,4386.75,4387.25,,4387.25
1699462800,4387.25,4388,4375,4381.25,,4381.25
1699464600,4381.5,4385.25,4378.5,4384.5,,4384.5
1699466400,4384.75,4391.5,4382.5,4389.75,,4389.75
1699468200,4390,4393.5,4389.5,4392,,4392
1699470000,4392.25,4397.5,4390.75,4396.75,,4396.75
1699471800,4396.75,4398.25,4390.75,4391.75,,4391.75
1699473600,4391.75,4397,4391.5,4396,,4396
1699475400,4396,4404.75,4393.5,4398.5,,4398.5
1699477200,4398.5,4398.75,4395,4395.75,,4395.75
1699540200,4409,4409.5,4394.25,4403.5,,4403.5
1699542000,4403.25,4406.25,4388,4389.5,,4389.5
1699543800,4389.5,4394.75,4385.25,4394,,4394
1699545600,4394,4403.5,4393.75,4399,,4399
1699547400,4399,4405.5,4398,4402.75,,4402.75
1699549200,4402.75,4403.5,4396,4396.75,,4396.75
1699551000,4396.75,4402.25,4395.5,4400.75,,4400.75
1699552800,4400.5,4401.5,4375.75,4388.25,,4388.25
1699554600,4388.5,4390.75,4376,4379,,4379
1699556400,4378.75,4378.75,4363.25,4372.5,,4372.5
1699558200,4372.5,4374.75,4360.5,4362.75,,4362.75
1699560000,4362.75,4367.5,4358.5,4362,,4362
1699561800,4362,4364.75,4357.75,4363,,4363
1699563600,4362.75,4365.5,4362.25,4365.25,,4365.25
1699626600,4383.75,4386.5,4372.25,4381.5,,4381.5
1699628400,4382,4382.5,4369.75,4371.75,,4371.75
1699630200,4371.75,4378,4367.75,4377.75,,4377.75
1699632000,4377.5,4393,4377.25,4390.5,,4390.5
1699633800,4390.25,4392,4385.25,4391.5,,4391.5
1699635600,4391.75,4399,4391,4397.5,,4397.5
1699637400,4397.5,4414.5,4397.5,4412.25,,4412.25
1699639200,4412.25,4416.5,4406.25,4414.25,,4414.25
1699641000,4414,4422,4414,4419.25,,4419.25
1699642800,4419.5,4423.5,4418.25,4422.5,,4422.5
1699644600,4422.5,4424,4419.25,4420.75,,4420.75
1699646400,4420.75,4428.5,4420.25,4428,,4428
1699648200,4428,4433.5,4426.5,4430.25,,4430.25
1699650000,4430.25,4435.5,4430,4431.5,,4431.5
1699885800,4415.5,4419.25,4407.25,4412,,4412
1699887600,4411.75,4415.75,4408.5,4415,,4415
1699889400,4414.75,4422.75,4413.25,4420.5,,4420.5
1699891200,4420.25,4428.5,4418.5,4428.25,,4428.25
1699893000,4428.25,4436.75,4426.5,4433.25,,4433.25
1699894800,4433.5,4434.75,4426.5,4430.75,,4430.75
1699896600,4430.5,4431.25,4425,4428.75,,4428.75
1699898400,4428.75,4430.25,4424.25,4424.75,,4424.75
1699900200,4424.75,4433.5,4422.25,4428.75,,4428.75
1699902000,4428.5,4432.75,4426.75,4432.5,,4432.5
1699903800,4432.5,4434.5,4427.75,4429,,4429
1699905600,4429.25,4432.75,4426,4430.75,,4430.75
1699907400,4431,4431.25,4424,4425.5,,4425.5
1699909200,4425.25,4427.25,4424.75,4427,,4427
1699972200,4486.5,4503.75,4483.75,4502.25,,4502.25
1699974000,4502.5,4512.5,4499.5,4511.75,,4511.75
1699975800,4512,4517.25,4510.25,4513.25,,4513.25
1699977600,4513.25,4520.75,4513,4518,,4518
1699979400,4518,4519.25,4507.25,4507.75,,4507.75
1699981200,4508,4510.75,4502,4504.5,,4504.5
1699983000,4504.25,4511.5,4503.75,4510.75,,4510.75
1699984800,4511,4512.75,4508,4512,,4512
1699986600,4512,4514.75,4505.5,4505.75,,4505.75
1699988400,4505.75,4509.25,4500.25,4509,,4509
1699990200,4509,4518.5,4508.75,4517.75,,4517.75
1699992000,4517.5,4524.25,4516.75,4522,,4522
1699993800,4522,4522.75,4506.25,4510.75,,4510.75
1699995600,4510.5,4517,4510,4513.5,,4513.5
1700058600,4523.75,4530.5,4516.75,4521.75,,4521.75
1700060400,4522,4535.25,4520.25,4529.75,,4529.75
1700062200,4530,4536.75,4527.25,4533.75,,4533.75
1700064000,4534,4536.75,4528.5,4531,,4531
1700065800,4531,4531,4519.25,4521.25,,4521.25
1700067600,4521.25,4524.5,4518.25,4524.5,,4524.5
1700069400,4524.5,4526.5,4519.5,4520.25,,4520.25
1700071200,4520.25,4521.25,4510.75,4520,,4520
1700073000,4520.25,4525.75,4518.5,4525.25,,4525.25
1700074800,4525.25,4527.5,4518.75,4527.25,,4527.25
1700076600,4527.25,4529.5,4521.75,4525.25,,4525.25
1700078400,4525,4526.75,4520,4523.25,,4523.25
1700080200,4523.5,4526.5,4514.75,4519.5,,4519.5
1700082000,4519.5,4519.5,4512,4512.25,,4512.25
1700145000,4513,4525.5,4512,4524.25,,4524.25
1700146800,4524.5,4526.25,4513.5,4520.25,,4520.25
1700148600,4520.25,4523.75,4508.25,4510.75,,4510.75
1700150400,4510.75,4513.5,4503.25,4503.75,,4503.75
1700152200,4504,4509.75,4501.75,4508,,4508
1700154000,4508.25,4514.5,4507,4513,,4513
1700155800,4513,4519.75,4511.5,4515.5,,4515.5
1700157600,4515.5,4516.75,4509.25,4514.75,,4514.75
1700159400,4514.75,4516,4506.5,4509.75,,4509.75
1700161200,4509.75,4513.25,4508.5,4509.75,,4509.75
1700163000,4509.75,4519,4509.75,4516.5,,4516.5
1700164800,4516.25,4517.75,4514,4516.5,,4516.5
1700166600,4516.75,4524.25,4515.25,4523,,4523
1700168400,4522.75,4524.25,4522.5,4523.25,,4523.25
1700231400,4522.25,4526,4514.25,4521.25,,4521.25
1700233200,4521,4523.75,4514.75,4522.5,,4522.5
1700235000,4522.25,4522.75,4516.75,4520.5,,4520.5
1700236800,4520.75,4521.75,4512.75,4517.75,,4517.75
1700238600,4518,4522.25,4515.25,4522,,4522
1700240400,4522,4526.75,4520,4521,,4521
1700242200,4521,4524.75,4520.5,4524.5,,4524.5
1700244000,4524.5,4528.5,4522.25,4527,,4527
1700245800,4527,4531,4527,4530.25,,4530.25
1700247600,4530.5,4534,4528.75,4529.25,,4529.25
1700249400,4529.5,4531.25,4526.25,4529.5,,4529.5
1700251200,4529.5,4534.5,4527,4531,,4531
1700253000,4531,4531.5,4522,4528.25,,4528.25
1700254800,4528,4529,4525,4525.25,,4525.25
1700490600,4524.5,4541.25,4524.5,4541,,4541
1700492400,4541,4543,4534,4539,,4539
1700494200,4539,4545.5,4537,4545.5,,4545.5
1700496000,4545.75,4547.5,4544.75,4546.25,,4546.25
1700497800,4546.25,4548.75,4545.25,4547.25,,4547.25
1700499600,4547,4550.5,4545.5,4548.25,,4548.25
1700501400,4548.5,4548.75,4544.5,4546,,4546
1700503200,4546,4557.75,4545.75,4556.5,,4556.5
1700505000,4556.75,4560.75,4556.5,4559.5,,4559.5
1700506800,4559.5,4560.75,4557.25,4559.75,,4559.75
1700508600,4559.75,4566.75,4559.5,4565,,4565
1700510400,4565,4571,4564.5,4570,,4570
1700512200,4570,4570.25,4559,4562.25,,4562.25
1700514000,4562.25,4563.25,4558.25,4559,,4559
1700577000,4550,4551.75,4545.25,4546.5,,4546.5
1700578800,4546.25,4550,4538.75,4539.75,,4539.75
1700580600,4540,4546,4537.75,4545.25,,4545.25
1700582400,4545,4546.25,4541.25,4543.25,,4543.25
1700584200,4543,4547.5,4540.25,4547.25,,4547.25
1700586000,4547.25,4550.25,4545.75,4549.75,,4549.75
1700587800,4549.5,4554.25,4549.25,4553.5,,4553.5
1700589600,4553.75,4553.75,4544.5,4546.75,,4546.75
1700591400,4546.75,4554,4546,4551.25,,4551.25
1700593200,4551,4553.75,4547,4550.75,,4550.75
1700595000,4550.75,4551.5,4546.5,4551.25,,4551.25
1700596800,4551.5,4554.75,4549,4550.75,,4550.75
1700598600,4551,4553.25,4547,4551,,4551
1700600400,4551,4551.25,4545.5,4545.75,,4545.75
1700663400,4566.5,4580.5,4559.5,4565.5,,4565.5
1700665200,4565.5,4566.5,4555,4566,,4566
1700667000,4566,4571.5,4559,4561.5,,4561.5
1700668800,4561.25,4568.75,4560.75,4566.25,,4566.25
1700670600,4566.5,4572,4565.25,4571.25,,4571.25
1700672400,4571.5,4575.5,4567.75,4570.25,,4570.25
1700674200,4570.25,4570.5,4562.25,4567.25,,4567.25
1700676000,4567.25,4572,4566.25,4571.5,,4571.5
1700677800,4571.75,4572.5,4568.25,4569.25,,4569.25
1700679600,4569.5,4572.5,4568.5,4570.75,,4570.75
1700681400,4571,4571.25,4555.25,4564.75,,4564.75
1700683200,4564.5,4569.25,4562.5,4569,,4569
1700685000,4569.25,4570,4565.75,4566.75,,4566.75
1700686800,4566.5,4567.75,4565,4565.25,,4565.25
1700836200,4566.25,4569.5,4563,4568,,4568
1700838000,4568.25,4571,4563.5,4565.5,,4565.5
1700839800,4565.5,4568,4562.75,4567,,4567
1700841600,4566.75,4568,4564.5,4566,,4566
1700843400,4566,4566.75,4564,4564.75,,4564.75
1700845200,4564.75,4566.75,4563.75,4564,,4564
1700847000,4564,4569,4563.5,4568.25,,4568.25
1700848800,4568.25,4570,4567.5,4568.25,,4568.25
1701095400,4561.25,4567.25,4555.5,4560,,4560
1701097200,4560,4567.25,4557.25,4561.25,,4561.25
1701099000,4561,4565.75,4561,4562.75,,4562.75
1701100800,4563,4563.75,4557,4563.75,,4563.75
1701102600,4563.5,4569.25,4560.5,4565.25,,4565.25
1701104400,4565.5,4567.25,4562.75,4564.5,,4564.5
1701106200,4564.5,4567.5,4563.75,4566.75,,4566.75
1701108000,4567,4570,4564.75,4567.5,,4567.5
1701109800,4567.5,4568.75,4564.5,4566.25,,4566.25
1701111600,4566.5,4568,4563.75,4564.75,,4564.75
1701113400,4564.75,4565.25,4556,4561.25,,4561.25
1701115200,4561.25,4564.75,4559.75,4564.75,,4564.75
1701117000,4564.75,4568,4558.75,4560.25,,4560.25
1701118800,4560.25,4561.25,4558.5,4560.5,,4560.5
1701181800,4555.25,4556.75,4549.25,4550.5,,4550.5
1701183600,4550.25,4557.25,4550,4554.75,,4554.75
1701185400,4555,4568.75,4553.5,4566.25,,4566.25
1701187200,4566.25,4571.25,4563.5,4570.25,,4570.25
1701189000,4570,4577.25,4569.75,4574.75,,4574.75
1701190800,4574.75,4575,4567.75,4568.25,,4568.25
1701192600,4568.5,4568.5,4560.25,4563.5,,4563.5
1701194400,4563.25,4563.5,4551.75,4559.5,,4559.5
1701196200,4559.5,4562.25,4557.25,4558,,4558
1701198000,4558,4560,4555.75,4556.5,,4556.5
1701199800,4556.75,4563.75,4553.75,4561.75,,4561.75
1701201600,4562,4562.25,4554,4558,,4558
1701203400,4558,4565.5,4556.75,4563.25,,4563.25
1701205200,4563,4564.5,4562.75,4564.25,,4564.25
1701268200,4585.25,4597,4583.5,4595.25,,4595.25
1701270000,4595.25,4596.5,4574.5,4578,,4578
1701271800,4578.25,4582.75,4574.5,4579.75,,4579.75
1701273600,4579.75,4581.25,4564.5,4565,,4565
1701275400,4565,4571.5,4562.75,4571,,4571
1701277200,4571.25,4575.5,4569,4575.25,,4575.25
1701279000,4575.5,4577.25,4574.5,4576.25,,4576.25
1701280800,4576.5,4578,4571.75,4576.5,,4576.5
1701282600,4576.5,4576.5,4570.5,4574.75,,4574.75
1701284400,4574.75,4577,4571.75,4572.25,,4572.25
1701286200,4572.25,4572.25,4564.25,4568.75,,4568.75
1701288000,4568.5,4569.25,4557,4558,,4558
1701289800,4558,4560.25,4555.5,4560,,4560
1701291600,4560,4565.25,4559.25,4564.75,,4564.75
1701354600,4566.25,4568.5,4552.5,4563.5,,4563.5
1701356400,4563.5,4567.25,4554,4559.25,,4559.25
1701358200,4559.5,4564.75,4551.25,4560.75,,4560.75
1701360000,4560.5,4563.25,4554,4555.5,,4555.5
1701361800,4555.5,4556.5,4549,4549.5,,4549.5
1701363600,4549.75,4555.5,4546.5,4547.25,,4547.25
1701365400,4547.25,4554.75,4546,4552.5,,4552.5
1701367200,4552.5,4553,4547.5,4547.75,,4547.75
1701369000,4548,4552,4544.75,4550.75,,4550.75
1701370800,4550.5,4557,4550.25,4555,,4555
1701372600,4555.25,4563.25,4553,4562.5,,4562.5
1701374400,4562.75,4563,4550,4552.75,,4552.75
1701376200,4552.75,4579.5,4552,4574.75,,4574.75
1701378000,4574.75,4576.75,4573,4573.75,,4573.75
1701441000,4568.75,4573.25,4562.5,4571.75,,4571.75
1701442800,4572.25,4582.25,4566.75,4567.75,,4567.75
1701444600,4567.5,4575.75,4564,4574.25,,4574.25
1701446400,4574.25,4586.75,4564.75,4585.5,,4585.5
1701448200,4585.5,4598.5,4579.25,4594.5,,4594.5
1701450000,4594.5,4600.75,4592.5,4600,,4600
1701451800,4600,4607.75,4598,4605.5,,4605.5
1701453600,4605.25,4606.25,4596.5,4596.5,,4596.5
1701455400,4596.75,4598.75,4593,4594.25,,4594.25
1701457200,4594.5,4599.75,4593,4598.5,,4598.5
1701459000,4598.5,4602.25,4596,4602,,4602
1701460800,4601.75,4602.5,4595,4601.75,,4601.75
1701462600,4601.75,4604.5,4597,4601.25,,4601.25
1701464400,4601.25,4603.75,4599.75,4602.75,,4602.75
1701700200,4566,4578.5,4565,4569.75,,4569.75
1701702000,4569.75,4573.5,4556.25,4558,,4558
1701703800,4558.25,4560.5,4553.5,4555.5,,4555.5
1701705600,4555.25,4561.75,4554,4560.5,,4560.5
1701707400,4560.5,4570.5,4558.5,4569.5,,4569.5
1701709200,4569.5,4574.5,4567.75,4572.75,,4572.75
1701711000,4572.5,4577.75,4571.75,4577,,4577
1701712800,4577,4577.25,4568.25,4568.75,,4568.75
1701714600,4568.75,4573,4567.75,4569.25,,4569.25
1701716400,4569,4571.25,4565,4568.5,,4568.5
1701718200,4568.5,4572,4566.75,4570,,4570
1701720000,4570,4571.75,4566.75,4570.5,,4570.5
1701721800,4570.5,4579.75,4568.25,4576.75,,4576.75
1701723600,4576.75,4577.75,4572.75,4573.25,,4573.25
1701786600,4562,4567.5,4558.25,4564,,4564
1701788400,4564,4579.75,4563,4573.5,,4573.5
1701790200,4573.5,4583.75,4571.25,4583.25,,4583.25
1701792000,4583.5,4585.5,4565.25,4572.25,,4572.25
1701793800,4572.5,4576.5,4563,4570,,4570
1701795600,4570,4574,4568.25,4572.25,,4572.25
1701797400,4572.5,4573.25,4561.75,4572,,4572
1701799200,4571.75,4575.5,4568.25,4572.75,,4572.75
1701801000,4573,4575,4569.25,4571.5,,4571.5
1701802800,4571.75,4576.5,4568.5,4574.25,,4574.25
1701804600,4574.25,4576.5,4569.5,4576,,4576
1701806400,4575.75,4577.5,4573.75,4574.75,,4574.75
1701808200,4575,4576.25,4570.5,4575.75,,4575.75
1701810000,4575.75,4578.5,4574.75,4576,,4576
1701873000,4597.25,4597.5,4587,4589,,4589
1701874800,4589,4593,4576.5,4580.25,,4580.25
1701876600,4580.25,4584.5,4578.25,4580.75,,4580.75
1701878400,4580.75,4583.5,4574.75,4577.25,,4577.25
1701880200,4577.25,4577.5,4568.75,4576.5,,4576.5
1701882000,4576.5,4577.25,4570,4571.25,,4571.25
1701883800,4571.25,4576.25,4566.5,4567.25,,4567.25
1701885600,4567.25,4573.5,4564.5,4572.75,,4572.75
1701887400,4572.75,4574.75,4569.25,4573.25,,4573.25
1701889200,4573.5,4574.25,4567.5,4567.75,,4567.75
1701891000,4567.75,4572.75,4566.75,4567,,4567
1701892800,4567,4567.75,4557,4558.75,,4558.75
1701894600,4558.75,4561,4552,4556,,4556
1701896400,4556.25,4558,4555.5,4555.75,,4555.75
1701959400,4576.5,4579.25,4569.75,4571.25,,4571.25
1701961200,4571.5,4587.25,4570.75,4586.75,,4586.75
1701963000,4586.75,4588.5,4582.75,4585.75,,4585.75
1701964800,4585.75,4587.5,4571.75,4577.5,,4577.5
1701966600,4577.5,4588.25,4576.75,4588,,4588
1701968400,4588,4591.5,4583.25,4589.25,,4589.25
1701970200,4589.25,4590.5,4587,4588.5,,4588.5
1701972000,4588.5,4592.5,4586.25,4588,,4588
1701973800,4588,4591.25,4586.5,4590,,4590
1701975600,4589.75,4596,4589,4594,,4594
1701977400,4594.25,4594.5,4586.75,4587.25,,4587.25
1701979200,4587,4591.75,4586,4589.75,,4589.75
1701981000,4590,4591.5,4586.25,4588.5,,4588.5
1701982800,4588.5,4589,4586.25,4587.25,,4587.25
1702045800,4581,4593.5,4578.25,4588.5,,4588.5
1702047600,4587.75,4610.5,4587.75,4604.5,,4604.5
1702049400,4604.75,4606.75,4591.75,4606.5,,4606.5
1702051200,4606.5,4607.25,4588,4593,,4593
1702053000,4593,4595.5,4584.5,4588.5,,4588.5
1702054800,4588.5,4595.25,4581.25,4594,,4594
1702056600,4594,4597.5,4591.75,4596.5,,4596.5
1702058400,4596.5,4602.25,4595,4600.5,,4600.5
1702060200,4600.75,4602,4596.75,4601,,4601
1702062000,4601.25,4606.25,4600.5,4605.75,,4605.75
1702063800,4605.75,4611.5,4604.25,4610.25,,4610.25
1702065600,4610.25,4610.75,4605.25,4610,,4610
1702067400,4610,4613.75,4606.5,4607.75,,4607.75
1702069200,4607.5,4608.5,4605,4606.25,,4606.25
1702305000,4602.25,4609.5,4599.75,4609.25,,4609.25
1702306800,4609,4611,4604.5,4607.25,,4607.25
1702308600,4607.25,4617,4606,4613.25,,4613.25
1702310400,4613.25,4616,4605.75,4610.25,,4610.25
1702312200,4610,4611,4604,4610.5,,4610.5
1702314000,4610.5,4613.5,4608.25,4612,,4612
1702315800,4612.25,4615.25,4611.25,4614.75,,4614.75
1702317600,4614.75,4621.25,4611.75,4620,,4620
1702319400,4620,4622.75,4619.5,4621.75,,4621.75
1702321200,4621.75,4623.75,4619.75,4622.75,,4622.75
1702323000,4622.5,4623.75,4619.75,4620.75,,4620.75
1702324800,4620.75,4623.75,4618.5,4620,,4620
1702326600,4620,4627.25,4619.25,4625,,4625
1702328400,4625,4626.25,4623.25,4624.25,,4624.25
1702391400,4672.75,4673.5,4662.25,4671.25,,4671.25
1702393200,4671.25,4679.5,4669.25,4676,,4676
1702395000,4676.25,4683,4675.25,4682.75,,4682.75
1702396800,4682.75,4684.5,4679.75,4681,,4681
1702398600,4681.25,4684.25,4680.5,4682,,4682
1702400400,4682,4685,4678.25,4684.5,,4684.5
1702402200,4684.5,4687.5,4681,4682.25,,4682.25
1702404000,4682.25,4687,4681,4685,,4685
1702405800,4685,4689,4684.25,4688.25,,4688.25
1702407600,4688.25,4689,4686.25,4688.5,,4688.5
1702409400,4688.75,4692.5,4688.5,4692,,4692
1702411200,4692,4697.75,4691.25,4697.25,,4697.25
1702413000,4697,4698.5,4692.75,4698,,4698
1702414800,4698,4700.75,4696.5,4700,,4700
1702477800,4700.25,4704,4698.25,4700.25,,4700.25
1702479600,4700,4704.5,4697.5,4703.75,,4703.75
1702481400,4703.75,4708.5,4702.5,4707,,4707
1702483200,4707,4708.75,4704,4704.5,,4704.5
1702485000,4704.5,4706,4701.5,4701.75,,4701.75
1702486800,4702,4702.5,4700,4700.75,,4700.75
1702488600,4701,4701.75,4699,4700.5,,4700.5
1702490400,4700.5,4700.75,4696.75,4697.5,,4697.5
1702492200,4697.5,4703,4696.75,4699.5,,4699.5
1702494000,4699.25,4734.75,4699,4730.75,,4730.75
1702495800,4731,4757.5,4727,4754.5,,4754.5
1702497600,4754.5,4764.25,4737.25,4745,,4745
1702499400,4745,4762.25,4740.75,4761,,4761
1702501200,4760.75,4763.75,4759.5,4763,,4763
1702564200,4779,4791.75,4776.5,4786,,4786
1702566000,4785.75,4786.5,4772.25,4777,,4777
1702567800,4777.25,4783,4771,4780.25,,4780.25
1702569600,4780.25,4781.25,4769,4773.25,,4773.25
1702571400,4773.5,4780.75,4769.5,4779.5,,4779.5
1702573200,4779.5,4787.25,4778.75,4787,,4787
1702575000,4786.75,4788,4773.5,4774,,4774
1702576800,4774.25,4774.25,4762.25,4762.5,,4762.5
1702578600,4762.5,4764.75,4746.25,4755.75,,4755.75
1702580400,4755.75,4766.5,4755.25,4765.75,,4765.75
1702582200,4765.75,4770,4763.25,4769.25,,4769.25
1702584000,4769.25,4771,4767,4768.5,,4768.5
1702585800,4768.75,4775.75,4764.75,4775.25,,4775.25
1702587600,4775,4776,4770,4770,,4770
1702650600,4768.25,4771.25,4761.5,4764.25,,4764.25
1702652400,4764.25,4775.25,4764,4773.75,,4773.75
1702654200,4773.5,4778.5,4771.25,4776.5,,4776.5
1702656000,4776.5,4778,4770.5,4776.5,,4776.5
1702657800,4776.5,4778.25,4771.5,4774,,4774
1702659600,4774,4777.25,4771,4776.5,,4776.5
1702661400,4776.25,4776.75,4766,4767,,4767
1702663200,4766.75,4771.25,4766,4771.25,,4771.25
1702665000,4771,4772.75,4757.25,4759.75,,4759.75
1702666800,4760,4765,4757.75,4758,,4758
1702668600,4758,4766.5,4758,4763.25,,4763.25
1702670400,4763.25,4769,4761.75,4767.5,,4767.5
1702672200,4767.5,4779.5,4762.75,4766.75,,4766.75
1702674000,4766.75,4773,4766,4771.25,,4771.25
1702909800,4782,4786.75,4780.25,4786,,4786
1702911600,4786,4791.5,4785.5,4790.25,,4790.25
1702913400,4790.5,4791.25,4783,4785,,4785
1702915200,4785,4793.5,4783.25,4792.25,,4792.25
1702917000,4792.25,4794.25,4791.5,4792.25,,4792.25
1702918800,4792.5,4799.25,4792.25,4797.5,,4797.5
1702920600,4797.5,4798,4794.5,4796.75,,4796.75
1702922400,4796.5,4798.25,4793.5,4797.75,,4797.75
1702924200,4797.75,4799,4795.25,4797.5,,4797.5
1702926000,4797.5,4802.25,4796,4797.25,,4797.25
1702927800,4797.5,4800,4794.5,4798.25,,4798.25
1702929600,4798,4800.75,4796.25,4799.75,,4799.75
1702931400,4800,4800,4792.25,4792.75,,4792.75
1702933200,4792.75,4793.25,4788.25,4789.25,,4789.25
1702996200,4797.5,4808.75,4796.5,4807,,4807
1702998000,4807,4812.5,4802.25,4810.75,,4810.75
1702999800,4810.75,4813,4808.25,4813,,4813
1703001600,4812.75,4816.5,4810.5,4814.5,,4814.5
1703003400,4814.75,4817,4810.75,4811,,4811
1703005200,4811.25,4812.75,4808.25,4810.25,,4810.25
1703007000,4810.25,4814,4810,4812.5,,4812.5
1703008800,4812.5,4813.5,4808.25,4811.5,,4811.5
1703010600,4811.75,4815.5,4809.5,4813.75,,4813.75
1703012400,4813.75,4815.5,4812.75,4815.25,,4815.25
1703014200,4815.25,4816.25,4811.75,4813.5,,4813.5
1703016000,4813.75,4815.25,4810.25,4814,,4814
1703017800,4814,4821.5,4812.25,4820.25,,4820.25
1703019600,4820.25,4821.5,4815.75,4817.25,,4817.25
1703082600,4810.5,4817.75,4808.5,4817.25,,4817.25
1703084400,4817.25,4823.75,4817,4822.75,,4822.75
1703086200,4822.5,4827.5,4822.5,4825,,4825
1703088000,4825,4826,4822,4824.25,,4824.25
1703089800,4824.5,4824.75,4821.75,4823.25,,4823.25
1703091600,4823.25,4827,4823,4826,,4826
1703093400,4826.25,4830.75,4822.25,4829.5,,4829.5
1703095200,4829.75,4829.75,4826.5,4827.25,,4827.25
1703097000,4827.25,4829.25,4821.25,4822,,4822
1703098800,4822,4822.25,4816.75,4817.25,,4817.25
1703100600,4817.25,4817.5,4773.75,4775.75,,4775.75
1703102400,4776,4782.75,4761,4763.5,,4763.5
1703104200,4763.5,4772.25,4748,4749.75,,4749.75
1703106000,4750,4752.75,4743.25,4746.5,,4746.5
1703169000,4781.25,4790.25,4780,4781.75,,4781.75
1703170800,4781.75,4792.5,4773,4779.75,,4779.75
1703172600,4779.75,4786,4776,4779.5,,4779.5
1703174400,4779.25,4784,4774.25,4783,,4783
1703176200,4783,4784.75,4771.75,4773.25,,4773.25
1703178000,4773,4773,4761.5,4762.75,,4762.75
1703179800,4763,4769.5,4760,4762.25,,4762.25
1703181600,4762,4769.25,4755.5,4768.25,,4768.25
1703183400,4768.5,4773.5,4765.25,4773.25,,4773.25
1703185200,4773.25,4776.5,4769,4773.75,,4773.75
1703187000,4773.75,4778.5,4769.25,4773.5,,4773.5
1703188800,4773.5,4787,4770.25,4786.75,,4786.75
1703190600,4787,4798.25,4784,4795.25,,4795.25
1703192400,4795.25,4796.5,4793.5,4795.75,,4795.75
1703255400,4806.25,4821.75,4806,4817.25,,4817.25
1703257200,4817.25,4820.75,4813.75,4819.5,,4819.5
1703259000,4819.5,4821,4809.25,4809.5,,4809.5
1703260800,4809.25,4814.5,4803.5,4811.75,,4811.75
1703262600,4811.75,4815,4807,4808.5,,4808.5
1703264400,4808.75,4812.5,4804.5,4809,,4809
1703266200,4809,4813.75,4807,4813.75,,4813.75
1703268000,4813.75,4815.5,4811.75,4813.75,,4813.75
1703269800,4814,4815.25,4810,4810.5,,4810.5
1703271600,4810.25,4810.75,4787.5,4788.75,,4788.75
1703273400,4788.75,4807,4784.75,4807,,4807
1703275200,4807,4808.75,4802.75,4807.75,,4807.75
1703277000,4807.75,4808.25,4798,4805.25,,4805.25
1703278800,4805.5,4808.25,4799.5,4800.25,,4800.25
1703601000,4808.75,4816.25,4808,4814.75,,4814.75
1703602800,4815,4819.5,4814,4816.75,,4816.75
1703604600,4816.75,4820.25,4813.5,4817.5,,4817.5
1703606400,4817.5,4819.75,4814,4815.75,,4815.75
1703608200,4815.75,4819.75,4815.5,4819,,4819
1703610000,4819.25,4820.75,4817.25,4819,,4819
1703611800,4819,4822.75,4816.75,4819,,4819
1703613600,4819,4823.25,4818.5,4821.5,,4821.5
1703615400,4821.5,4822.75,4819.75,4820.25,,4820.25
1703617200,4820.25,4824.25,4820,4823.5,,4823.5
1703619000,4823.75,4826.25,4823.25,4826,,4826
1703620800,4826,4834.5,4824.75,4830.5,,4830.5
1703622600,4830.75,4833.25,4822,4825,,4825
1703624400,4825,4827.25,4824.25,4826,,4826
1703687400,4822.25,4829,4820.25,4827.5,,4827.5
1703689200,4827.5,4829,4819,4825,,4825
1703691000,4825,4825.5,4818,4821.25,,4821.25
1703692800,4821.5,4822.25,4819.25,4822.25,,4822.25
1703694600,4822.25,4827,4821.5,4825.25,,4825.25
1703696400,4825.5,4828,4823.25,4826,,4826
1703698200,4825.75,4827.5,4820.5,4822.75,,4822.75
1703700000,4822.75,4835,4822.75,4830,,4830
1703701800,4830.25,4832.75,4827.75,4827.75,,4827.75
1703703600,4828,4828,4816.5,4825.75,,4825.75
1703705400,4825.75,4826,4819.5,4822.5,,4822.5
1703707200,4822.5,4827,4821,4823.75,,4823.75
1703709000,4824,4835.5,4819.75,4834.75,,4834.75
1703710800,4834.75,4836.5,4832.5,4834.75,,4834.75
1703773800,4832,4837.5,4831.5,4835.75,,4835.75
1703775600,4835.5,4837,4831.75,4836.75,,4836.75
1703777400,4836.75,4839.25,4833.5,4834.75,,4834.75
1703779200,4834.75,4835.5,4830,4832.5,,4832.5
1703781000,4832.5,4835,4831.25,4832.75,,4832.75
1703782800,4832.75,4836.25,4832,4833.25,,4833.25
1703784600,4833.25,4838.5,4833,4837.25,,4837.25
1703786400,4837.25,4837.75,4828.5,4834.5,,4834.5
1703788200,4834.5,4839.75,4833.5,4834.5,,4834.5
1703790000,4834.5,4838.75,4834.25,4838,,4838
1703791800,4838.25,4839.75,4835.25,4836.5,,4836.5
1703793600,4836.75,4836.75,4830.5,4833.5,,4833.5
1703795400,4833.5,4838.25,4828,4833,,4833
1703797200,4833.25,4834.75,4832,4833.5,,4833.5
1703860200,4828.5,4833.5,4827,4831.75,,4831.75
1703862000,4832,4835,4829.25,4831.5,,4831.5
1703863800,4831.75,4832.25,4814.5,4818.75,,4818.75
1703865600,4819,4821.25,4803.25,4803.5,,4803.5
1703867400,4803.75,4809,4801.75,4806,,4806
1703869200,4806,4809.75,4796.75,4799.75,,4799.75
1703871000,4799.5,4809.5,4798.75,4808.5,,4808.5
1703872800,4808.5,4815,4807,4808.75,,4808.75
1703874600,4808.75,4817.25,4808.5,4814.5,,4814.5
1703876400,4814.5,4818.5,4812.75,4814.25,,4814.25
1703878200,4814.25,4821,4814.25,4819.5,,4819.5
1703880000,4819.5,4823,4815.25,4822,,4822
1703881800,4822,4822.75,4809,4818.75,,4818.75
1703883600,4819,4820,4813,4813.5,,4813.5
1704205800,4783.5,4789.75,4774,4783.25,,4783.25
1704207600,4783,4787.75,4776.5,4778,,4778
1704209400,4778.25,4781,4773.25,4777.25,,4777.25
1704211200,4777.25,4785,4776.5,4784,,4784
1704213000,4784,4794,4783,4792.5,,4792.5
1704214800,4792.75,4794.5,4788.25,4790.75,,4790.75
1704216600,4790.75,4797.5,4786.5,4787,,4787
1704218400,4787.25,4790.5,4783.5,4787.25,,4787.25
1704220200,4787.25,4790.5,4780.75,4782,,4782
1704222000,4782,4783.25,4776,4779.5,,4779.5
1704223800,4779.25,4781.25,4769.75,4769.75,,4769.75
1704225600,4769.75,4771.5,4765.5,4769.75,,4769.75
1704227400,4770,4788.5,4767.75,4788,,4788
1704229200,4788,4789.5,4785.25,4788,,4788
1704292200,4764.25,4765.25,4756,4759.5,,4759.5
1704294000,4759.25,4769.5,4751.75,4754.5,,4754.5
1704295800,4754.25,4756.25,4746.5,4753.25,,4753.25
1704297600,4753.25,4759,4753,4756.5,,4756.5
1704299400,4756.5,4758,4750.5,4751.75,,4751.75
1704301200,4752,4755.25,4749,4755.25,,4755.25
1704303000,4755,4763.25,4753.5,4762.25,,4762.25
1704304800,4762.25,4767.5,4762,4763,,4763
1704306600,4763,4763.75,4758,4760.5,,4760.5
1704308400,4760.5,4771.75,4748.75,4768.75,,4768.75
1704310200,4768.75,4771.5,4761.25,4761.5,,4761.5
1704312000,4761.75,4762.5,4749,4751.75,,4751.75
1704313800,4751.75,4757.25,4741,4747,,4747
1704315600,4747,4748,4744.25,4746.5,,4746.5
1704378600,4739.5,4749.5,4737.75,4745.75,,4745.75
1704380400,4745.75,4758.5,4743.5,4754.5,,4754.5
1704382200,4754.25,4759.25,4753,4755.5,,4755.5
1704384000,4755.25,4766.5,4755.25,4763.5,,4763.5
1704385800,4763.25,4765,4751,4753.75,,4753.75
1704387600,4753.75,4755,4749,4752.75,,4752.75
1704389400,4752.75,4752.75,4743,4747.75,,4747.75
1704391200,4747.5,4750.5,4746.25,4749.75,,4749.75
1704393000,4749.75,4751,4746,4747.25,,4747.25
1704394800,4747.25,4749.75,4741.25,4742.25,,4742.25
1704396600,4742,4746.5,4738,4743.25,,4743.25
1704398400,4743.25,4747,4737,4739,,4739
1704400200,4739.25,4743.5,4727,4729.75,,4729.75
1704402000,4730,4733.5,4727.5,4728.75,,4728.75
1704465000,4730.25,4741.5,4726.75,4736.75,,4736.75
1704466800,4737,4760,4736.75,4750.25,,4750.25
1704468600,4750.25,4759.25,4747.75,4757,,4757
1704470400,4757.25,4760.25,4746,4746.75,,4746.75
1704472200,4747,4749.5,4741.5,4743.25,,4743.25
1704474000,4743,4743.75,4727.5,4729,,4729
1704475800,4729.25,4734.5,4726.25,4730.75,,4730.75
1704477600,4730.5,4734,4721.75,4734,,4734
1704479400,4734,4742.5,4733.75,4739,,4739
1704481200,4739.25,4745.5,4736,4737.5,,4737.5
1704483000,4737.5,4740.5,4721.75,4723.5,,4723.5
1704484800,4723.5,4728.5,4720.25,4724.75,,4724.75
1704486600,4724.75,4739,4719.75,4735.5,,4735.5
1704488400,4735.5,4738.5,4734.25,4737,,4737
1704724200,4739.25,4752.75,4738,4752.25,,4752.25
1704726000,4752,4755,4748.25,4754.5,,4754.5
1704727800,4754.25,4762.5,4754.25,4758.75,,4758.75
1704729600,4758.75,4761.25,4754.5,4759,,4759
1704731400,4759.25,4764,4758.5,4763.75,,4763.75
1704733200,4763.75,4767.75,4760.5,4762.5,,4762.5
1704735000,4762.25,4771.5,4761.5,4770,,4770
1704736800,4770,4772.5,4767.5,4768.75,,4768.75
1704738600,4768.75,4776.25,4768.75,4775.5,,4775.5
1704740400,4775.5,4785.75,4774.5,4785.5,,4785.5
1704742200,4785.5,4796,4785.5,4793.5,,4793.5
1704744000,4793.25,4795.25,4789.5,4792.5,,4792.5
1704745800,4792.5,4803.25,4791.5,4801.5,,4801.5
1704747600,4801.5,4801.5,4799.5,4800,,4800
1704810600,4773,4776.25,4767.5,4775.75,,4775.75
1704812400,4775.5,4783.75,4769.5,4779,,4779
1704814200,4779,4782.25,4775.75,4776.5,,4776.5
1704816000,4776.5,4788,4776,4787.25,,4787.25
1704817800,4787.25,4796.75,4785.25,4796.75,,4796.75
1704819600,4796.75,4798.25,4792.75,4796.75,,4796.75
1704821400,4796.5,4799.25,4795,4798.25,,4798.25
1704823200,4798,4804,4791.75,4792.5,,4792.5
1704825000,4792.5,4801.25,4785.75,4797.5,,4797.5
1704826800,4797.5,4800.25,4789,4790.25,,4790.25
1704828600,4790.5,4794,4788,4792.5,,4792.5
1704830400,4792.5,4797.25,4786.25,4792.25,,4792.25
1704832200,4792.25,4796.75,4783.75,4793,,4793
1704834000,4793,4794.75,4791,4792,,4792
1704897000,4795.25,4807.25,4795,4801,,4801
1704898800,4800.75,4801.75,4792.25,4800.5,,4800.5
1704900600,4800.75,4806.25,4800.5,4806,,4806
1704902400,4805.75,4806.5,4797.75,4801.5,,4801.5
1704904200,4801.5,4804.5,4798.25,4803,,4803
1704906000,4803,4805.5,4799.5,4804.75,,4804.75
1704907800,4805,4808.5,4804.25,4807.5,,4807.5
1704909600,4807.75,4813.25,4801.75,4806.75,,4806.75
1704911400,4806.75,4812.5,4806,4811.5,,4811.5
1704913200,4811.5,4822.5,4810.5,4820.25,,4820.25
1704915000,4820.25,4827,4818.75,4826.75,,4826.75
1704916800,4826.75,4828.5,4812.75,4816.25,,4816.25
1704918600,4816.25,4822.5,4805.75,4819.25,,4819.25
1704920400,4819.25,4821.5,4818.25,4819.5,,4819.5
1704983400,4827,4832.25,4808,4813.75,,4813.75
1704985200,4814,4814.75,4786.25,4800.5,,4800.5
1704987000,4800.5,4806.5,4789.25,4790.5,,4790.5
1704988800,4790.25,4793.25,4775.5,4780.75,,4780.75
1704990600,4781,4785.5,4772.75,4776.25,,4776.25
1704992400,4776.25,4786.5,4775.75,4779.75,,4779.75
1704994200,4779.75,4794,4779.75,4790,,4790
1704996000,4790,4801,4789.25,4798,,4798
1704997800,4798.25,4809,4796.75,4808.25,,4808.25
1704999600,4808.5,4813.25,4804,4812,,4812
1705001400,4812,4820.75,4810,4819,,4819
1705003200,4819.25,4820,4805.5,4810,,4810
1705005000,4810,4818.5,4806.25,4814.75,,4814.75
1705006800,4814.5,4815.25,4812.75,4814,,4814
1705069800,4829,4836.5,4821,4821.75,,4821.75
1705071600,4821.75,4825.25,4809,4815.5,,4815.5
1705073400,4815.5,4819.5,4802.25,4808,,4808
1705075200,4808,4818,4806,4815.75,,4815.75
1705077000,4816,4818.5,4804,4806.75,,4806.75
1705078800,4807,4813.25,4803.5,4809.25,,4809.25
1705080600,4809.5,4815,4806,4811.5,,4811.5
1705082400,4811.5,4817.75,4811.5,4816.25,,4816.25
1705084200,4816.5,4820.5,4815,4819.5,,4819.5
1705086000,4819.75,4823.75,4816,4819.5,,4819.5
1705087800,4819.25,4819.5,4811.5,4812.75,,4812.75
1705089600,4812.75,4815,4807.75,4812,,4812
1705091400,4812,4819.5,4811,4816.75,,4816.75
1705093200,4816.75,4817.75,4812.75,4813.5,,4813.5
1705415400,4802,4805.5,4783.5,4794,,4794
1705417200,4793.75,4812,4790.5,4808.25,,4808.25
1705419000,4808.5,4815,4805.25,4811,,4811
1705420800,4811.25,4815.75,4795.25,4808.25,,4808.25
1705422600,4808.5,4814,4799.5,4801.75,,4801.75
1705424400,4801.75,4803.25,4792.75,4793.5,,4793.5
1705426200,4793.5,4796,4788,4788.5,,4788.5
1705428000,4788.5,4801.25,4787,4799.25,,4799.25
1705429800,4799.25,4801.25,4786.75,4789.5,,4789.5
1705431600,4789.75,4791,4779.5,4785,,4785
1705433400,4784.75,4792.75,4782.5,4792,,4792
1705435200,4791.75,4794.25,4788.5,4789.5,,4789.5
1705437000,4789.5,4799.75,4786.75,4798.5,,4798.5
1705438800,4798.5,4800.5,4797.5,4798.75,,4798.75
1705501800,4766,4767.25,4758,4761.25,,4761.25
1705503600,4761,4770.75,4758.25,4766.25,,4766.25
1705505400,4766,4771.5,4762.75,4768,,4768
1705507200,4768.25,4775.75,4767.75,4773,,4773
1705509000,4773.25,4775.75,4769.25,4769.75,,4769.75
1705510800,4769.75,4771,4762,4763.25,,4763.25
1705512600,4763.25,4767.5,4759,4764.5,,4764.5
1705514400,4764.5,4768.5,4752.25,4754.5,,4754.5
1705516200,4754.75,4755.75,4746.25,4754.25,,4754.25
1705518000,4754.25,4762,4753,4760,,4760
1705519800,4760.25,4765.5,4759.75,4762.5,,4762.5
1705521600,4762.75,4763.5,4754.5,4756.75,,4756.75
1705523400,4756.75,4774.25,4756.25,4771,,4771
1705525200,4770.75,4772,4768.5,4768.75,,4768.75
1705588200,4786,4790.75,4779.75,4784.5,,4784.5
1705590000,4784.5,4789.5,4779.75,4787.75,,4787.75
1705591800,4787.75,4795,4783.5,4788.5,,4788.5
1705593600,4788.5,4793.75,4782.5,4792.75,,4792.75
1705595400,4792.75,4796.25,4787.75,4790.5,,4790.5
1705597200,4790.75,4791.5,4775.75,4781.75,,4781.75
1705599000,4781.75,4782.5,4775.75,4777.75,,4777.75
1705600800,4777.5,4778,4770,4773,,4773
1705602600,4773,4787.25,4772.5,4785.75,,4785.75
1705604400,4785.75,4803.5,4785.5,4802.25,,4802.25
1705606200,4802.5,4805.75,4795.5,4803.75,,4803.75
1705608000,4803.75,4810.5,4802,4810.5,,4810.5
1705609800,4810.5,4817,4805.25,4811,,4811
1705611600,4811,4811,4806.5,4809.25,,4809.25
1705674600,4822,4825.5,4815,4824.5,,4824.5
1705676400,4824.75,4829.75,4815.5,4825.25,,4825.25
1705678200,4825,4832,4819,4828.5,,4828.5
1705680000,4828.75,4839.25,4826,4834.5,,4834.5
1705681800,4834.75,4835.5,4828,4835,,4835
1705683600,4835,4841,4828.75,4840,,4840
1705685400,4840,4848.5,4839,4848.25,,4848.25
1705687200,4848.5,4856.75,4843.5,4856.25,,4856.25
1705689000,4856.25,4863.75,4856,4863.5,,4863.5
1705690800,4863.75,4874.25,4862,4866.25,,4866.25
1705692600,4866.5,4869.25,4859.75,4868.75,,4868.75
1705694400,4869,4872.25,4864.5,4868,,4868
1705696200,4868,4871.75,4865,4870.75,,4870.75
1705698000,4870.75,4874,4867.5,4871.75,,4871.75
1705933800,4885.75,4898,4885,4896.25,,4896.25
1705935600,4896.25,4898.25,4888.5,4889.75,,4889.75
1705937400,4890,4890,4879.25,4881.25,,4881.25
1705939200,4881.5,4887.25,4875.25,4886.5,,4886.5
1705941000,4886.75,4888,4880.75,4886.25,,4886.25
1705942800,4886.5,4887.5,4878.25,4885,,4885
1705944600,4885.25,4886.25,4881,4883.25,,4883.25
1705946400,4883.5,4883.75,4873.5,4874.5,,4874.5
1705948200,4874.75,4885.75,4874.25,4884.25,,4884.25
1705950000,4884.25,4886,4876,4882,,4882
1705951800,4881.75,4883.5,4878.25,4882.25,,4882.25
1705953600,4882.25,4888,4879,4887,,4887
1705955400,4887,4888,4879.75,4881.75,,4881.75
1705957200,4881.75,4882.5,4879.25,4879.75,,4879.75
1706020200,4885.75,4889.25,4880.5,4885,,4885
1706022000,4884.75,4887.5,4879.25,4884,,4884
1706023800,4884,4884,4876,4878,,4878
1706025600,4877.75,4882.25,4874.5,4876,,4876
1706027400,4876,4880.75,4874.25,4880.25,,4880.25
1706029200,4880.25,4881,4876,4877.75,,4877.75
1706031000,4877.5,4885.25,4876.25,4884.25,,4884.25
1706032800,4884.5,4885.25,4881.75,4882.75,,4882.75
1706034600,4883,4886,4881,4885,,4885
1706036400,4885.25,4886.25,4881.75,4883.5,,4883.5
1706038200,4883.5,4890.5,4882,4888.75,,4888.75
1706040000,4889,4896,4887.5,4892.25,,4892.25
1706041800,4892.25,4897,4889,4894.75,,4894.75
1706043600,4894.75,4898.5,4893.25,4898.5,,4898.5
1706106600,4923.5,4923.75,4914.75,4916.25,,4916.25
1706108400,4916.25,4921,4909,4920.5,,4920.5
1706110200,4920.5,4931.75,4919,4925,,4925
1706112000,4924.75,4927.75,4920,4924.75,,4924.75
1706113800,4925,4929.25,4922,4928.25,,4928.25
1706115600,4928.25,4930.5,4923.5,4928.75,,4928.75
1706117400,4928.75,4933.25,4928.75,4932.75,,4932.75
1706119200,4932.75,4932.75,4919.75,4925.75,,4925.75
1706121000,4925.75,4925.75,4914.25,4918.25,,4918.25
1706122800,4918.25,4919,4904.75,4907.25,,4907.25
1706124600,4907.25,4916,4905,4910.5,,4910.5
1706126400,4910.75,4914.25,4899,4900,,4900
1706128200,4900.25,4909,4895.25,4898.75,,4898.75
1706130000,4898.75,4901.25,4889,4893.25,,4893.25
1706193000,4919,4920.25,4910.75,4916.5,,4916.5
1706194800,4916.5,4926.5,4912,4924.25,,4924.25
1706196600,4924.25,4925,4911.75,4914.75,,4914.75
1706198400,4914.75,4921.75,4911.25,4921,,4921
1706200200,4921,4924.25,4915.5,4919.25,,4919.25
1706202000,4919.25,4920.5,4906.75,4909.25,,4909.25
1706203800,4909.25,4910.75,4904.5,4908.75,,4908.75
1706205600,4908.5,4916.25,4903.75,4905.75,,4905.75
1706207400,4905.75,4911.25,4900.75,4902.75,,4902.75
1706209200,4902.5,4906,4896.75,4904.5,,4904.5
1706211000,4904.75,4909.75,4901,4909.75,,4909.75
1706212800,4909.5,4912.25,4906,4908.5,,4908.5
1706214600,4908.75,4924.5,4907.25,4924,,4924
1706216400,4924,4925.25,4920.5,4922,,4922
1706279400,4918.25,4925.25,4914.75,4919.75,,4919.75
1706281200,4919.25,4924.75,4912.75,4924,,4924
1706283000,4924,4933.25,4923,4933.25,,4933.25
1706284800,4933.25,4934.25,4926.25,4929.5,,4929.5
1706286600,4929.5,4931.25,4923.75,4930.25,,4930.25
1706288400,4930,4931.5,4925,4925.75,,4925.75
1706290200,4925.75,4926,4909.25,4912.25,,4912.25
1706292000,4912.25,4917.5,4909.75,4916.5,,4916.5
1706293800,4916.25,4917.5,4907.5,4912,,4912
1706295600,4912,4917.25,4911.75,4914.25,,4914.25
1706297400,4914.5,4923.75,4911.5,4922.25,,4922.25
1706299200,4922.25,4923,4915.75,4917.25,,4917.25
1706301000,4917,4919.25,4912.75,4917,,4917
1706302800,4917,4917.25,4914,4914.5,,4914.5
1706538600,4919,4923,4916,4921.75,,4921.75
1706540400,4921.5,4924.25,4915.25,4918.25,,4918.25
1706542200,4918,4920.5,4912.75,4914.25,,4914.25
1706544000,4914.25,4919.5,4912.75,4918.75,,4918.75
1706545800,4918.75,4923.25,4918.5,4922.5,,4922.5
1706547600,4922.75,4926.5,4920.25,4923.75,,4923.75
1706549400,4924,4927.5,4919.75,4923,,4923
1706551200,4923.25,4926,4919.75,4925.75,,4925.75
1706553000,4925.75,4926.75,4923.25,4923.75,,4923.75
1706554800,4923.5,4930.5,4922.25,4929.5,,4929.5
1706556600,4929.25,4932.5,4928.5,4930.25,,4930.25
1706558400,4930.5,4956,4930.5,4951,,4951
1706560200,4951.25,4955.75,4945.25,4954.75,,4954.75
1706562000,4954.75,4955.25,4948.5,4951,,4951
1706625000,4946.25,4953.75,4946,4953.25,,4953.25
1706626800,4953.75,4954,4944,4948.25,,4948.25
1706628600,4948.25,4950.25,4944,4947.25,,4947.25
1706630400,4947.25,4952,4945.25,4951.5,,4951.5
1706632200,4951.25,4955.75,4950.25,4954,,4954
1706634000,4954.25,4955.75,4946,4946.25,,4946.25
1706635800,4946.25,4947.5,4941.5,4944.5,,4944.5
1706637600,4944.5,4950.25,4942,4950,,4950
1706639400,4950,4951.25,4946.25,4948.25,,4948.25
1706641200,4948.25,4953.25,4945.25,4953,,4953
1706643000,4953,4955.75,4952,4954.5,,4954.5
1706644800,4954.75,4957.25,4950.25,4954.75,,4954.75
1706646600,4954.75,4955.5,4948,4949.25,,4949.25
1706648400,4949.5,4952,4938.75,4945,,4945
1706711400,4926,4930.5,4914.5,4917,,4917
1706713200,4916.75,4917.75,4911.25,4912.5,,4912.5
1706715000,4912.5,4914.5,4903.25,4906.75,,4906.75
1706716800,4907,4914.25,4906.5,4909.75,,4909.75
1706718600,4909.75,4910.5,4902.75,4907.75,,4907.75
1706720400,4907.75,4913.5,4907.5,4913,,4913
1706722200,4912.75,4913,4904.5,4912.75,,4912.75
1706724000,4913,4916.5,4909.75,4911.5,,4911.5
1706725800,4911.5,4916.25,4909.5,4913.5,,4913.5
1706727600,4913.5,4918,4895.5,4901,,4901
1706729400,4901,4929.75,4897.5,4904.25,,4904.25
1706731200,4904.25,4905.5,4875.75,4886.25,,4886.25
1706733000,4886.25,4887.5,4868.25,4868.75,,4868.75
1706734800,4868.75,4876,4866,4872,,4872
1706797800,4883.25,4894.75,4882.25,4887.25,,4887.25
1706799600,4887,4899.25,4879.25,4898.75,,4898.75
1706801400,4899,4899.25,4877.5,4877.75,,4877.75
1706803200,4877.5,4884,4874.5,4882.25,,4882.25
1706805000,4882.25,4895,4882,4893.75,,4893.75
1706806800,4893.75,4909.75,4893.5,4901.75,,4901.75
1706808600,4901.75,4919.5,4900.5,4911,,4911
1706810400,4910.75,4912,4899,4907,,4907
1706812200,4907.25,4913,4900.5,4909.5,,4909.5
1706814000,4909.5,4916.75,4908.75,4911.5,,4911.5
1706815800,4911.5,4922.75,4908,4922.25,,4922.25
1706817600,4922.25,4927,4919,4924,,4924
1706819400,4924,4929.75,4918,4929.75,,4929.75
1706821200,4929.5,4945.5,4925.75,4944.25,,4944.25
1706884200,4933,4945.75,4929,4941.25,,4941.25
1706886000,4941.25,4950,4936.25,4945,,4945
1706887800,4945,4961,4939.75,4958.25,,4958.25
1706889600,4958.5,4968.75,4953,4966,,4966
1706891400,4966,4977.25,4966,4972.25,,4972.25
1706893200,4972.5,4981.5,4968.25,4980.75,,4980.75
1706895000,4980.75,4983.5,4958.75,4973.25,,4973.25
1706896800,4973.25,4982.5,4971.75,4974.25,,4974.25
1706898600,4974.25,4981.25,4969.75,4980,,4980
1706900400,4980,4991,4980,4986.5,,4986.5
1706902200,4986.75,4994.5,4986,4994,,4994
1706904000,4993.75,4997.75,4988.75,4996.25,,4996.25
1706905800,4996,4996.25,4979.25,4979.5,,4979.5
1706907600,4979.5,4979.5,4972,4978.5,,4978.5
1707143400,4973,4973,4964.25,4970.25,,4970.25
1707145200,4969.75,4970.25,4942.75,4949.5,,4949.5
1707147000,4949.5,4950.5,4937.75,4943.75,,4943.75
1707148800,4943.75,4953.75,4942.5,4948.75,,4948.75
1707150600,4948.75,4957.25,4948.75,4956.75,,4956.75
1707152400,4957,4963.25,4955.75,4963.25,,4963.25
1707154200,4963.25,4970,4963.25,4966,,4966
1707156000,4966.25,4971.25,4961.5,4961.75,,4961.75
1707157800,4961.75,4968,4961.5,4967,,4967
1707159600,4967,4971.5,4964.25,4970.5,,4970.5
1707161400,4970.25,4977.5,4969.75,4975.5,,4975.5
1707163200,4975.75,4976,4961.5,4972.5,,4972.5
1707165000,4972.5,4975.25,4960.5,4961,,4961
1707166800,4961,4962,4955.5,4959.25,,4959.25
1707229800,4970,4978.25,4964.5,4965,,4965
1707231600,4964.75,4965.25,4955,4959.75,,4959.75
1707233400,4959.75,4966.75,4958.75,4963,,4963
1707235200,4963,4969.25,4959.75,4967.75,,4967.75
1707237000,4967.75,4969,4957.25,4958.25,,4958.25
1707238800,4958.5,4964.25,4955.75,4963.75,,4963.75
1707240600,4963.75,4964.5,4959,4960.5,,4960.5
1707242400,4960.75,4965.75,4959.25,4964.25,,4964.25
1707244200,4964.25,4970.5,4963.75,4970.25,,4970.25
1707246000,4970.25,4970.75,4955.75,4960,,4960
1707247800,4960,4967.75,4957.25,4966.25,,4966.25
1707249600,4966.5,4970.5,4964.5,4966.25,,4966.25
1707251400,4966.25,4975.75,4961.25,4975,,4975
1707253200,4975,4976.25,4968.75,4969,,4969
1707316200,4997.5,4999.25,4988,4993.25,,4993.25
1707318000,4993.25,5014.5,4989.5,5014.5,,5014.5
1707319800,5014.5,5015.25,5005,5007.25,,5007.25
1707321600,5007.25,5011,5003,5006,,5006
1707323400,5006,5013.25,5003.25,5010.5,,5010.5
1707325200,5010.5,5013.25,5006.75,5007.75,,5007.75
1707327000,5008,5010.75,5002.5,5010.25,,5010.25
1707328800,5010.25,5017,5005.25,5016.5,,5016.5
1707330600,5016.75,5019.25,5010.75,5015.5,,5015.5
1707332400,5015.25,5017.5,5013,5014.25,,5014.25
1707334200,5014.25,5018.25,5012.5,5018,,5018
1707336000,5018,5020,5013.5,5016.25,,5016.25
1707337800,5016.5,5017.5,5010.75,5015.5,,5015.5
1707339600,5015.5,5015.75,5012.5,5014.5,,5014.5
1707402600,5013.25,5016,5008.75,5012.25,,5012.25
1707404400,5012.25,5014.75,5008.5,5010.5,,5010.5
1707406200,5010.75,5014.5,5005.5,5014.25,,5014.25
1707408000,5014.25,5014.5,5005.5,5006.25,,5006.25
1707409800,5006,5011.5,5005,5010.5,,5010.5
1707411600,5010.5,5013.75,5007.5,5012.5,,5012.5
1707413400,5012.5,5013.5,5006.25,5008.25,,5008.25
1707415200,5008.25,5015.25,5007.5,5013,,5013
1707417000,5012.75,5015.75,5011.25,5013.5,,5013.5
1707418800,5013.75,5015.25,5010,5010.5,,5010.5
1707420600,5010.5,5015.5,5008,5014.75,,5014.75
1707422400,5014.75,5018.25,5014.25,5016.5,,5016.5
1707424200,5016.5,5020,5011,5017,,5017
1707426000,5016.75,5017,5013.75,5015.5,,5015.5
1707489000,5020,5028,5016.25,5026.75,,5026.75
1707490800,5026.5,5029.75,5023,5028.25,,5028.25
1707492600,5028.25,5032,5026.75,5031.25,,5031.25
1707494400,5031.25,5034,5027.75,5029.5,,5029.5
1707496200,5029.5,5030.75,5024.75,5027.5,,5027.5
1707498000,5027.5,5033.25,5025.25,5033,,5033
1707499800,5033,5036.75,5030,5036.5,,5036.5
1707501600,5036.25,5040.25,5034.75,5039.5,,5039.5
1707503400,5039.5,5041.25,5036.5,5039,,5039
1707505200,5039,5043.25,5038.25,5042.25,,5042.25
1707507000,5042.5,5048.5,5042.5,5044.75,,5044.75
1707508800,5045,5045.25,5039.75,5043,,5043
1707510600,5042.75,5045.75,5039,5044,,5044
1707512400,5044,5044.75,5042,5042.75,,5042.75
1707748200,5043,5045.75,5042.75,5045.25,,5045.25
1707750000,5045.5,5045.75,5041.25,5044.5,,5044.5
1707751800,5044.5,5052.5,5044.25,5052,,5052
1707753600,5052.25,5061,5049.75,5060.25,,5060.25
1707755400,5060.5,5066.5,5060,5064.25,,5064.25
1707757200,5064.5,5066,5058.25,5060.75,,5060.75
1707759000,5060.75,5063.75,5057.75,5063.5,,5063.5
1707760800,5063.5,5065.75,5056.25,5056.75,,5056.75
1707762600,5057,5057.5,5048,5052,,5052
1707764400,5052,5053,5033.25,5042,,5042
1707766200,5042,5044.25,5035.5,5037,,5037
1707768000,5037,5042.5,5036.25,5040.25,,5040.25
1707769800,5040.5,5043.75,5036.75,5041.5,,5041.5
1707771600,5041.25,5042.5,5032.5,5034,,5034
1707834600,4975,4982,4966,4968,,4968
1707836400,4967.75,4978.5,4961.75,4978.5,,4978.5
1707838200,4978.75,4982.75,4974.75,4975.25,,4975.25
1707840000,4975.5,4987,4975.5,4985.25,,4985.25
1707841800,4985.25,4988.25,4979.5,4980.5,,4980.5
1707843600,4980.5,4981.25,4973.75,4975,,4975
1707845400,4975,4983,4971.25,4972.75,,4972.75
1707847200,4972.75,4974.5,4970,4972,,4972
1707849000,4972,4972.5,4963.25,4965.5,,4965.5
1707850800,4965.25,4965.5,4947.25,4950.5,,4950.5
1707852600,4950.5,4959,4940.25,4943,,4943
1707854400,4943,4944.75,4936.5,4942.5,,4942.5
1707856200,4942.5,4972.5,4941.25,4971.75,,4971.75
1707858000,4971.75,4973,4968.25,4970.75,,4970.75
1707921000,4997.25,5002.25,4986.75,4998,,4998
1707922800,4998,5009,4994.75,5006.25,,5006.25
1707924600,5006.5,5008.25,4988.5,4988.5,,4988.5
1707926400,4988.75,4992.25,4980.5,4991.5,,4991.5
1707928200,4991.5,4992.25,4982.25,4982.25,,4982.25
1707930000,4982.5,4989.5,4972.75,4989.25,,4989.25
1707931800,4989.25,4992.25,4987.25,4991,,4991
1707933600,4991.25,4994.75,4983,4988.25,,4988.25
1707935400,4988.25,5000.5,4987.5,4995,,4995
1707937200,4995,4997,4981.25,4995.75,,4995.75
1707939000,4995.75,5000,4993.25,4998.25,,4998.25
1707940800,4998.25,5011.25,4995,5009,,5009
1707942600,5009.25,5020.25,5003.75,5015.25,,5015.25
1707944400,5015,5019.5,5013,5018.25,,5018.25
1708007400,5019,5030,5018.5,5022.75,,5022.75
1708009200,5022.75,5032,5021.25,5023.25,,5023.25
1708011000,5023.25,5026,5019.25,5024.25,,5024.25
1708012800,5024.5,5025.75,5013.75,5020.75,,5020.75
1708014600,5021,5027.75,5019.5,5024.25,,5024.25
1708016400,5024.25,5030.75,5022.75,5030.5,,5030.5
1708018200,5030.75,5032,5026.25,5026.5,,5026.5
1708020000,5026.5,5041.25,5025.5,5040.75,,5040.75
1708021800,5041,5043.25,5035.25,5040.25,,5040.25
1708023600,5040.25,5044.25,5036.25,5041.25,,5041.25
1708025400,5041.5,5048.5,5040.5,5044.75,,5044.75
1708027200,5045,5045.75,5038,5042.75,,5042.75
1708029000,5042.75,5047.5,5038,5046.75,,5046.75
1708030800,5046.5,5050.5,5045.5,5047.5,,5047.5
1708093800,5043,5045.25,5018.5,5022.25,,5022.25
1708095600,5022.25,5030.75,5012.75,5028,,5028
1708097400,5028.25,5037.25,5023.75,5035,,5035
1708099200,5035,5046.25,5034.75,5044.5,,5044.5
1708101000,5044.5,5050.25,5042,5048,,5048
1708102800,5048,5049.25,5043.25,5048,,5048
1708104600,5048,5048.75,5042.25,5044,,5044
1708106400,5044,5044.5,5033,5042.25,,5042.25
1708108200,5042.25,5049.5,5041.75,5049.5,,5049.5
1708110000,5049.5,5054.5,5049.5,5051.75,,5051.75
1708111800,5052,5052.75,5024.75,5031.25,,5031.25
1708113600,5031.25,5033.25,5025.5,5031.25,,5031.25
1708115400,5031.25,5032.25,5015,5020.5,,5020.5
1708117200,5020.5,5021.25,5014,5015.5,,5015.5
1708439400,5001.75,5009.25,4986,4991.25,,4991.25
1708441200,4991.25,4992,4983,4986.75,,4986.75
1708443000,4986.5,4994.75,4982,4994.75,,4994.75
1708444800,4994.5,4997.5,4990,4993.75,,4993.75
1708446600,4993.75,4994.25,4981,4981.75,,4981.75
1708448400,4982,4982.25,4972,4975,,4975
1708450200,4975,4980.5,4968.25,4979.25,,4979.25
1708452000,4979,4984,4973.25,4976.25,,4976.25
1708453800,4976.25,4983.75,4971.75,4983.5,,4983.5
1708455600,4983.5,4985.25,4976.5,4984.75,,4984.75
1708457400,4984.5,4992.75,4981.25,4991.75,,4991.75
1708459200,4992,4993.5,4987,4991.75,,4991.75
1708461000,4991.75,4993.5,4975.5,4992.5,,4992.5
1708462800,4992.5,4993,4986.5,4987,,4987
1708525800,4978,4980.75,4973,4976.75,,4976.75
1708527600,4976.5,4984.75,4975.75,4977.75,,4977.75
1708529400,4977.75,4979.25,4974.25,4976.75,,4976.75
1708531200,4976.5,4987,4976.5,4982,,4982
1708533000,4981.75,4985.25,4978.75,4983.75,,4983.75
1708534800,4983.75,4984.5,4972.75,4974.5,,4974.5
1708536600,4974.75,4980.25,4970,4979.25,,4979.25
1708538400,4979.25,4981.5,4967.75,4976.75,,4976.75
1708540200,4977,4979.5,4974.75,4977,,4977
1708542000,4977,4984.75,4966.25,4971,,4971
1708543800,4970.75,4971.75,4962.75,4969.75,,4969.75
1708545600,4969.5,4970.5,4959,4968.25,,4968.25
1708547400,4968.25,4998.25,4967.75,4995.75,,4995.75
1708549200,4995.75,4997.75,4990.5,4993,,4993
1708612200,5062.25,5076.75,5052.25,5072.5,,5072.5
1708614000,5072.5,5076.25,5068.25,5076,,5076
1708615800,5076,5079.5,5067.5,5069.75,,5069.75
1708617600,5069.75,5079.25,5067.5,5076.25,,5076.25
1708619400,5076.5,5081.5,5072,5075,,5075
1708621200,5074.75,5082.75,5071.25,5082,,5082
1708623000,5082,5087.5,5078.5,5087,,5087
1708624800,5087,5091.25,5083.25,5090.75,,5090.75
1708626600,5090.75,5095.25,5090,5095.25,,5095.25
1708628400,5095,5107.75,5094.25,5107,,5107
1708630200,5107.25,5107.75,5091.5,5094.75,,5094.75
1708632000,5094.75,5102.75,5093.25,5100,,5100
1708633800,5100,5105.75,5095.75,5097.5,,5097.5
1708635600,5097.5,5097.5,5093.5,5094.5,,5094.5
1708698600,5114.25,5123.5,5112.75,5119,,5119
1708700400,5119,5121.25,5113.75,5114.25,,5114.25
1708702200,5114.25,5118.5,5105.75,5108.5,,5108.5
1708704000,5108.5,5109.75,5092.5,5103.25,,5103.25
1708705800,5103.25,5107,5098.75,5106.5,,5106.5
1708707600,5106.5,5111.5,5101.5,5104,,5104
1708709400,5104.25,5108.25,5099.25,5108,,5108
1708711200,5107.75,5111.25,5104.75,5110.75,,5110.75
1708713000,5110.75,5112.25,5105,5106.75,,5106.75
1708714800,5107,5107.5,5097.75,5099.5,,5099.5
1708716600,5099.5,5105.25,5098.75,5105,,5105
1708718400,5104.75,5107,5099.5,5100.5,,5100.5
1708720200,5100.75,5109.25,5098.5,5099.75,,5099.75
1708722000,5099.75,5100.25,5096.5,5097.5,,5097.5
1708957800,5103.75,5108,5097.75,5102.75,,5102.75
1708959600,5102.75,5106,5098.25,5100,,5100
1708961400,5100,5103.75,5094.5,5095.5,,5095.5
1708963200,5095.5,5097.75,5090.5,5094.5,,5094.5
1708965000,5094.5,5099.75,5092.75,5098,,5098
1708966800,5097.75,5099.5,5093.25,5098.5,,5098.5
1708968600,5098.5,5099.5,5092,5093.5,,5093.5
1708970400,5093.5,5096.5,5085,5086.5,,5086.5
1708972200,5086.5,5089.5,5080.75,5089.25,,5089.25
1708974000,5089,5093.5,5085.5,5092,,5092
1708975800,5092,5094.75,5087.5,5088,,5088
1708977600,5088,5093.75,5087.25,5089.5,,5089.5
1708979400,5089.5,5090.25,5078.75,5080,,5080
1708981200,5080,5080.5,5077.75,5078.75,,5078.75
1709044200,5086.5,5087,5074.75,5080.75,,5080.75
1709046000,5080.75,5085.5,5075.75,5082,,5082
1709047800,5082,5083,5075.5,5081,,5081
1709049600,5080.75,5081.5,5075.5,5076.25,,5076.25
1709051400,5076.25,5079.25,5073.75,5078.5,,5078.5
1709053200,5078.75,5079.75,5072.75,5074.75,,5074.75
1709055000,5075,5077.25,5069.25,5070,,5070
1709056800,5070,5076.75,5067,5071.75,,5071.75
1709058600,5072,5078.5,5070.5,5077.5,,5077.5
1709060400,5077.5,5084.25,5077,5082.75,,5082.75
1709062200,5082.75,5086.75,5080.25,5086.25,,5086.25
1709064000,5086,5088.5,5081.75,5087.25,,5087.25
1709065800,5087.25,5091.75,5083.75,5088.5,,5088.5
1709067600,5088.75,5092.5,5088,5091.75,,5091.75
1709130600,5072.25,5077.25,5068.5,5072,,5072
1709132400,5072,5079,5071,5075.5,,5075.5
1709134200,5075.75,5084.5,5075,5084,,5084
1709136000,5084,5087.75,5083,5084.25,,5084.25
1709137800,5084.5,5087.25,5080.75,5084.75,,5084.75
1709139600,5085,5086,5077.75,5079.25,,5079.25
1709141400,5079.25,5079.75,5073.5,5077.75,,5077.75
1709143200,5077.75,5084.5,5074,5084,,5084
1709145000,5084.25,5087.25,5082.75,5085.75,,5085.75
1709146800,5085.5,5086.25,5074.5,5076.75,,5076.75
1709148600,5076.5,5078,5071,5077.5,,5077.5
1709150400,5077.75,5082,5074.25,5080.25,,5080.25
1709152200,5080.25,5082,5072.75,5081.5,,5081.5
1709154000,5081.75,5082,5070.75,5071.5,,5071.5
1709217000,5098,5105.5,5097.5,5102,,5102
1709218800,5102,5104.5,5084.5,5093.75,,5093.75
1709220600,5093.75,5095.25,5086.75,5091.25,,5091.25
1709222400,5091.5,5094.25,5086.25,5088.75,,5088.75
1709224200,5088.75,5089,5070,5083.5,,5083.5
1709226000,5083.25,5088.25,5081.75,5082.5,,5082.5
1709227800,5082.5,5091.25,5082.25,5090.5,,5090.5
1709229600,5090.5,5095.75,5090.5,5094.75,,5094.75
1709231400,5094.75,5096,5092,5095,,5095
1709233200,5095.25,5100,5091.25,5094,,5094
1709235000,5094.25,5095.75,5088.5,5094.5,,5094.5
1709236800,5094.5,5099,5093.5,5098.5,,5098.5
1709238600,5098.5,5114.5,5095.75,5096.75,,5096.75
1709240400,5096.5,5103.25,5093,5100,,5100
1709303400,5105.75,5111.75,5101.25,5107,,5107
1709305200,5107,5120.25,5102.5,5120,,5120
1709307000,5120,5124.5,5112.5,5122.75,,5122.75
1709308800,5122.75,5130.25,5122.25,5124.5,,5124.5
1709310600,5124.75,5129.25,5117.75,5127.5,,5127.5
1709312400,5127.5,5134,5123.25,5131.75,,5131.75
1709314200,5131.75,5137,5130.25,5134.5,,5134.5
1709316000,5134.5,5138.75,5133,5137.75,,5137.75
1709317800,5137.75,5143.5,5136.25,5142.75,,5142.75
1709319600,5142.75,5148.5,5142,5148.25,,5148.25
1709321400,5148.25,5149.25,5142.25,5147.25,,5147.25
1709323200,5147.25,5147.5,5139.5,5145.25,,5145.25
1709325000,5145.25,5148,5142,5145,,5145
1709326800,5145,5145.25,5140.5,5141,,5141
1709562600,5135.75,5141.5,5135.25,5140.25,,5140.25
1709564400,5140.5,5141.75,5136,5140.25,,5140.25
1709566200,5140.25,5144.25,5139.5,5142.25,,5142.25
1709568000,5142,5143.75,5137.75,5139.75,,5139.75
1709569800,5139.75,5143.75,5137,5142.75,,5142.75
1709571600,5142.75,5146.75,5140.25,5146.75,,5146.75
1709573400,5146.5,5147.25,5143.5,5145,,5145
1709575200,5145,5146.25,5138.75,5141.5,,5141.5
1709577000,5141.5,5144.5,5140.75,5143,,5143
1709578800,5143.25,5145.75,5141.5,5144.5,,5144.5
1709580600,5144.5,5157,5144,5153.75,,5153.75
1709582400,5153.75,5157.75,5149.5,5150.5,,5150.5
1709584200,5150.75,5152.25,5137,5137.75,,5137.75
1709586000,5137.75,5138.5,5134.25,5134.75,,5134.75
1709649000,5116.5,5117.5,5107.25,5110.5,,5110.5
1709650800,5111,5121.5,5095,5098.25,,5098.25
1709652600,5098,5098,5089,5095.25,,5095.25
1709654400,5095.25,5096.5,5089.75,5095.75,,5095.75
1709656200,5095.75,5098.25,5083.5,5090.75,,5090.75
1709658000,5090.75,5099.25,5089.25,5098.5,,5098.5
1709659800,5098.75,5099,5091,5094,,5094
1709661600,5094.25,5095.75,5087.75,5091.25,,5091.25
1709663400,5091.25,5095.25,5080.5,5081.75,,5081.75
1709665200,5081.5,5087.75,5080.5,5084.25,,5084.25
1709667000,5084.5,5084.5,5069.75,5071.25,,5071.25
1709668800,5071.25,5074.75,5063,5064.25,,5064.25
1709670600,5064,5088.25,5063,5085.75,,5085.75
1709672400,5085.75,5092,5085.25,5090.5,,5090.5
1709735400,5119.25,5122.25,5110,5112.75,,5112.75
1709737200,5112.75,5113.25,5097.75,5107,,5107
1709739000,5107.25,5119.5,5103.75,5118.25,,5118.25
1709740800,5118.25,5127.5,5118.25,5127.25,,5127.25
1709742600,5127.25,5130.25,5118.75,5126,,5126
1709744400,5126,5133,5124.75,5131.5,,5131.5
1709746200,5131.5,5134.5,5124.25,5127.25,,5127.25
1709748000,5127.25,5133.5,5124.5,5132.5,,5132.5
1709749800,5132.75,5133,5105,5115.25,,5115.25
1709751600,5115,5118,5098.5,5115.25,,5115.25
1709753400,5115.5,5117.75,5101.25,5105.75,,5105.75
1709755200,5106,5111.5,5099.25,5105.25,,5105.25
1709757000,5105.5,5116.5,5099.25,5112,,5112
1709758800,5112,5114.25,5110.75,5112.5,,5112.5
1709821800,5143,5148,5133.25,5145.75,,5145.75
1709823600,5145.5,5153.5,5141.25,5153.5,,5153.5
1709825400,5153.5,5160.25,5149.75,5155.25,,5155.25
1709827200,5155,5157.25,5151,5156,,5156
1709829000,5156,5159,5148.75,5158,,5158
1709830800,5158,5161.25,5155,5156.25,,5156.25
1709832600,5156,5158.25,5151.75,5157.25,,5157.25
1709834400,5157,5161.5,5153.75,5161.5,,5161.5
1709836200,5161.5,5170.5,5159.75,5168.75,,5168.75
1709838000,5168.75,5170.25,5162.5,5163.75,,5163.75
1709839800,5163.75,5166,5159,5160.5,,5160.5
1709841600,5160.5,5160.5,5152,5157.5,,5157.5
1709843400,5157.75,5167.75,5157,5159.75,,5159.75
1709845200,5159.5,5160,5155,5155.5,,5155.5
1709908200,5165,5188.75,5163.25,5188.25,,5188.25
1709910000,5188.25,5193,5185.75,5190.25,,5190.25
1709911800,5190.25,5191.5,5180,5186,,5186
1709913600,5186.25,5187.25,5157,5158.25,,5158.25
1709915400,5158.25,5163.25,5149.75,5150.5,,5150.5
1709917200,5150.5,5159.75,5146,5156.75,,5156.75
1709919000,5157,5159,5133.5,5136,,5136
1709920800,5136,5143.5,5131,5133.75,,5133.75
1709922600,5133.5,5136,5121.75,5127.25,,5127.25
1709924400,5127.5,5147.5,5126.75,5145,,5145
1709926200,5145.25,5155.25,5145.25,5149,,5149
1709928000,5149,5154.75,5128.5,5130,,5130
1709929800,5130,5139,5127.5,5128.25,,5128.25
1709931600,5128.5,5137.25,5127.5,5133.5,,5133.5
1710163800,5114.25,5119,5103.75,5104,,5104
1710165600,5104,5106,5094.75,5099.5,,5099.5
1710167400,5099.5,5117,5099,5115.25,,5115.25
1710169200,5115.5,5118.5,5103.5,5104.5,,5104.5
1710171000,5104.5,5118.75,5101.75,5118.25,,5118.25
1710172800,5118.25,5118.5,5109.5,5115.25,,5115.25
1710174600,5115.25,5121.5,5115,5120,,5120
1710176400,5120,5123.25,5111.75,5122.5,,5122.5
1710178200,5122.5,5126.25,5113,5120.25,,5120.25
1710180000,5120.5,5122.5,5116.75,5122,,5122
1710181800,5122,5129,5118.25,5126.25,,5126.25
1710183600,5126,5126.25,5118.25,5118.75,,5118.75
1710185400,5118.75,5125.75,5115.25,5122.75,,5122.75
1710187200,5122.75,5126,5121.5,5125,,5125
1710250200,5206.5,5210,5180,5206,,5206
1710252000,5206,5223.5,5201.75,5222.75,,5222.75
1710253800,5222.75,5237.75,5222.75,5232.25,,5232.25
1710255600,5232.25,5238.5,5226.75,5234.5,,5234.5
1710257400,5234.75,5236,5224.25,5231.75,,5231.75
1710259200,5231.75,5232.5,5222.25,5223.5,,5223.5
1710261000,5223.75,5224.5,5207.5,5216.25,,5216.25
1710262800,5216.5,5227,5208.5,5221.75,,5221.75
1710264600,5221.75,5231,5221.5,5229,,5229
1710266400,5229,5237.5,5228,5237.25,,5237.25
1710268200,5237.25,5243,5228.5,5240.5,,5240.5
1710270000,5240.5,5245.25,5237,5244.5,,5244.5
1710271800,5244.25,5246.75,5238.25,5241.5,,5241.5
1710273600,5241.5,5244.25,5240,5241.5,,5241.5
1710336600,5243.25,5243.25,5231.5,5232.75,,5232.75
1710338400,5232.75,5238,5228.75,5236.5,,5236.5
1710340200,5236.25,5240,5230.25,5234,,5234
1710342000,5233.75,5239.25,5231.5,5232.5,,5232.5
1710343800,5232.75,5237,5230.5,5236.5,,5236.5
1710345600,5236.5,5238.25,5233.75,5235.25,,5235.25
1710347400,5235.25,5239.5,5233,5237.25,,5237.25
1710349200,5237.25,5245.25,5235.75,5244.5,,5244.5
1710351000,5244.5,5246,5239.5,5243.75,,5243.75
1710352800,5244,5245,5240.25,5241.5,,5241.5
1710354600,5241.25,5243.5,5236.75,5237.75,,5237.75
1710356400,5237.75,5240,5217.5,5224.5,,5224.5
1710358200,5224.5,5236.25,5223,5233,,5233
1710360000,5233.25,5236.25,5231.75,5235.75,,5235.75
1710423000,5240,5241.5,5208.75,5209.5,,5209.5
1710424800,5209.25,5222.75,5203,5220,,5220
1710426600,5220,5226,5210.75,5216,,5216
1710428400,5216.25,5224,5210.25,5213.5,,5213.5
1710430200,5213.75,5220.5,5210.25,5220,,5220
1710432000,5220,5221.75,5208.25,5217,,5217
1710433800,5217.25,5219.75,5208.25,5208.75,,5208.75
1710435600,5208.75,5210.5,5199.75,5201.25,,5201.25
1710437400,5201.25,5215.75,5196.75,5215.25,,5215.25
1710439200,5215.25,5222,5215,5217,,5217
1710441000,5217,5219,5208.25,5208.75,,5208.75
1710442800,5208.75,5209,5191.5,5196,,5196
1710444600,5196.25,5220.5,5188,5220.25,,5220.25
1710446400,5220.25,5222,5217,5217.75,,5217.75
1710509400,5186,5198.25,5180.25,5182.75,,5182.75
1710511200,5182.25,5191.75,5172.75,5188.5,,5188.5
1710513000,5188.75,5201.75,5186.25,5195.5,,5195.5
1710514800,5195.75,5196.75,5185.75,5191.5,,5191.5
1710516600,5191.75,5193,5179.75,5181.25,,5181.25
1710518400,5181.5,5183.25,5173.5,5175.75,,5175.75
1710520200,5175.75,5181.25,5167.75,5168.75,,5168.75
1710522000,5168.75,5182.5,5168.5,5177.75,,5177.75
1710523800,5178,5184.25,5175,5184,,5184
1710525600,5184,5186,5176.5,5180.25,,5180.25
1710527400,5180.25,5190.5,5179.25,5186.75,,5186.75
1710529200,5186.5,5190.5,5181,5186.5,,5186.5
1710531000,5186.25,5187.25,5177.5,5182.75,,5182.75
1710532800,5183,5187,5181,5184,,5184
1710768600,5225.5,5233.75,5222.5,5223.5,,5223.5
1710770400,5223.75,5240.25,5223,5237.25,,5237.25
1710772200,5237.25,5238,5232.75,5236.75,,5236.75
1710774000,5236.75,5237.5,5227.75,5232.25,,5232.25
1710775800,5232.25,5232.25,5224,5227.5,,5227.5
1710777600,5227.25,5230.25,5223,5226.5,,5226.5
1710779400,5226.75,5228,5219.5,5220.25,,5220.25
1710781200,5220.25,5227,5219,5226.75,,5226.75
1710783000,5227,5227.5,5217.75,5222.75,,5222.75
1710784800,5223,5228.75,5221.25,5228.5,,5228.5
1710786600,5228.5,5229,5216.75,5222.75,,5222.75
1710788400,5222.75,5226.5,5221,5223.25,,5223.25
1710790200,5223.5,5226,5210.25,5215.25,,5215.25
1710792000,5215.25,5216.75,5211.5,5215.5,,5215.5
1710855000,5205.75,5206,5195.25,5200.5,,5200.5
1710856800,5200.5,5204.75,5195.75,5198,,5198
1710858600,5198,5210,5197,5206,,5206
1710860400,5206,5211.5,5205.25,5210.5,,5210.5
1710862200,5210.75,5218.5,5210.75,5215.5,,5215.5
1710864000,5215.5,5225.25,5213.75,5224.25,,5224.25
1710865800,5224,5235.75,5224,5231,,5231
1710867600,5231.25,5239,5227.75,5232.75,,5232.75
1710869400,5233,5237,5231.25,5234,,5234
1710871200,5234,5236,5229,5234.25,,5234.25
1710873000,5234.25,5237.75,5229.75,5233,,5233
1710874800,5232.75,5234.75,5226.25,5229.5,,5229.5
1710876600,5229.25,5244.75,5228.25,5242.5,,5242.5
1710878400,5242.5,5244,5239.75,5240.75,,5240.75
1710941400,5241,5243.5,5235.25,5237.5,,5237.5
1710943200,5237.5,5247.5,5236.5,5246.75,,5246.75
1710945000,5246.75,5247.75,5238.75,5242,,5242
1710946800,5242,5246.25,5241.25,5245,,5245
1710948600,5245,5246.25,5238.5,5242,,5242
1710950400,5241.75,5242.25,5237.75,5240.25,,5240.25
1710952200,5240,5244.5,5236.5,5244,,5244
1710954000,5244,5244,5235.5,5236.5,,5236.5
1710955800,5236.75,5239.5,5233,5236.75,,5236.75
1710957600,5236.75,5267,5236.5,5259.25,,5259.25
1710959400,5259.25,5278.5,5241,5272.25,,5272.25
1710961200,5272.5,5288.5,5271.25,5287.25,,5287.25
1710963000,5287.25,5289.5,5274.25,5287.75,,5287.75
1710964800,5287.5,5295.75,5285,5294.75,,5294.75
1711027800,5315,5321.5,5308.5,5315.5,,5315.5
1711029600,5315.25,5321.25,5312.75,5319,,5319
1711031400,5319,5321.25,5312.75,5317.25,,5317.25
1711033200,5317.25,5319.75,5311.5,5315.5,,5315.5
1711035000,5315.25,5320.75,5314,5318.75,,5318.75
1711036800,5318.75,5322.25,5317.5,5321.75,,5321.75
1711038600,5321.5,5322.75,5315.5,5319,,5319
1711040400,5319,5319,5313.25,5315,,5315
1711042200,5315.25,5316.75,5308.5,5309.25,,5309.25
1711044000,5309.25,5312.5,5306.25,5311.75,,5311.75
1711045800,5311.75,5311.75,5301.5,5304.25,,5304.25
1711047600,5304.25,5309.75,5302,5308.75,,5308.75
1711049400,5309,5313,5300,5302.75,,5302.75
1711051200,5302.5,5308,5301.25,5306.75,,5306.75
1711114200,5301.25,5304.75,5294,5297.75,,5297.75
1711116000,5297.5,5303.25,5294,5298,,5298
1711117800,5298,5298.25,5289.75,5290.25,,5290.25
1711119600,5290.25,5297.25,5289.75,5297,,5297
1711121400,5297,5298.25,5293.75,5296.5,,5296.5
1711123200,5296.5,5297.75,5291.75,5294.5,,5294.5
1711125000,5294.25,5299,5289,5298.25,,5298.25
1711126800,5298.25,5302.25,5297.25,5300.5,,5300.5
1711128600,5300.25,5306,5298.75,5305.25,,5305.25
1711130400,5305.5,5306,5299.5,5305,,5305
1711132200,5305.25,5305.25,5299.5,5301.75,,5301.75
1711134000,5301.5,5302,5291.25,5296.75,,5296.75
1711135800,5296.75,5303,5291.25,5292,,5292
1711137600,5291.75,5293.75,5289,5289.75,,5289.75
1711373400,5276.75,5282.5,5274.25,5281.5,,5281.5
1711375200,5281.25,5287.5,5278.75,5282.75,,5282.75
1711377000,5283,5285,5279.75,5284.75,,5284.75
1711378800,5285,5286.5,5282.25,5284.75,,5284.75
1711380600,5284.75,5287.25,5282.75,5284.5,,5284.5
1711382400,5284.75,5286,5281.5,5283.75,,5283.75
1711384200,5284,5285,5281,5283,,5283
1711386000,5283.25,5285,5279.75,5284.25,,5284.25
1711387800,5284.25,5286,5283.25,5285.75,,5285.75
1711389600,5285.75,5288.25,5284.75,5287.5,,5287.5
1711391400,5287.75,5288.75,5285.5,5287.25,,5287.25
1711393200,5287.25,5287.25,5280.25,5281.5,,5281.5
1711395000,5281.75,5285.75,5275.75,5277,,5277
1711396800,5277.25,5280,5276.75,5278,,5278
1711459800,5290,5292.5,5286.25,5290.25,,5290.25
1711461600,5290.25,5294.5,5287.25,5288.75,,5288.75
1711463400,5289,5292,5284.5,5291,,5291
1711465200,5291,5292.25,5289.25,5290.75,,5290.75
1711467000,5291,5292.75,5288.75,5292.25,,5292.25
1711468800,5292.25,5293,5287.25,5289.75,,5289.75
1711470600,5289.5,5289.75,5285.5,5287,,5287
1711472400,5287,5288.5,5285.5,5287,,5287
1711474200,5287,5288.5,5283,5285,,5285
1711476000,5284.75,5288.5,5284.5,5288,,5288
1711477800,5288.25,5289,5285,5286.75,,5286.75
1711479600,5287,5287.75,5278,5280.75,,5280.75
1711481400,5280.5,5281,5263,5266,,5266
1711483200,5266,5271.75,5264.75,5271.25,,5271.25
1711546200,5293,5294,5283,5284.75,,5284.75
1711548000,5284.5,5285.25,5272.75,5275,,5275
1711549800,5275,5279.75,5271.75,5274,,5274
1711551600,5274,5277.25,5272.5,5272.75,,5272.75
1711553400,5272.75,5276.75,5270.75,5271.25,,5271.25
1711555200,5271.25,5277.25,5270.75,5277,,5277
1711557000,5277,5281,5277,5279.25,,5279.25
1711558800,5279.5,5281.5,5273.5,5279.75,,5279.75
1711560600,5279.75,5281,5277.25,5278.25,,5278.25
1711562400,5278.5,5286.25,5276.75,5285.5,,5285.5
1711564200,5285.5,5287,5278.5,5280,,5280
1711566000,5280,5288,5275.75,5286.25,,5286.25
1711567800,5286.5,5310.5,5284.75,5310.25,,5310.25
1711569600,5310.25,5313.75,5307.75,5311.25,,5311.25
1711632600,5309.5,5314.5,5305,5310,,5310
1711634400,5310,5315,5307.25,5309.75,,5309.75
1711636200,5309.75,5313.75,5308.25,5312.5,,5312.5
1711638000,5312.5,5315,5310,5314.5,,5314.5
1711639800,5314.5,5316.25,5311.25,5314.75,,5314.75
1711641600,5314.75,5314.75,5309.5,5312.75,,5312.75
1711643400,5312.75,5312.75,5307.75,5310,,5310
1711645200,5310,5311,5305.5,5307,,5307
1711647000,5307,5310.75,5305,5309.25,,5309.25
1711648800,5309.25,5311.75,5306.5,5310.5,,5310.5
1711650600,5310.5,5318,5305.25,5316.5,,5316.5
1711652400,5316.5,5320.75,5311,5319.25,,5319.25
1711654200,5319.25,5321,5303.25,5305.25,,5305.25
1711656000,5305.5,5308.25,5302,5306.5,,5306.5
1711978200,5311.75,5317.25,5307.75,5314.5,,5314.5
1711980000,5314,5315.25,5301.5,5303,,5303
1711981800,5303,5304.25,5293.75,5296,,5296
1711983600,5296,5297,5286,5293.5,,5293.5
1711985400,5293.5,5293.5,5283.5,5283.5,,5283.5
1711987200,5283.75,5293.25,5282.25,5292.5,,5292.5
1711989000,5292.75,5295,5291.5,5291.75,,5291.75
1711990800,5291.75,5292,5283,5288.5,,5288.5
1711992600,5288.75,5291.5,5286.25,5290,,5290
1711994400,5289.75,5293.25,5287.25,5291.5,,5291.5
1711996200,5291.25,5294.25,5290,5291.25,,5291.25
1711998000,5291.5,5296.25,5289.25,5291.5,,5291.5
1711999800,5291.5,5300.75,5288.5,5294,,5294
1712001600,5294.25,5296.25,5293.25,5294.5,,5294.5
1712064600,5253.25,5255.25,5238.5,5246.75,,5246.75
1712066400,5247,5251,5235,5242.25,,5242.25
1712068200,5242.5,5247,5238,5240,,5240
1712070000,5240,5248.75,5239,5247,,5247
1712071800,5247,5249.25,5240.5,5241.75,,5241.75
1712073600,5241.75,5245.5,5239.5,5245.25,,5245.25
1712075400,5245.25,5251,5243.5,5250.5,,5250.5
1712077200,5250.5,5252.5,5245.75,5247.5,,5247.5
1712079000,5247.75,5250.5,5244.5,5248.75,,5248.75
1712080800,5248.5,5252.25,5247.5,5250,,5250
1712082600,5250,5252.5,5247.5,5249,,5249
1712084400,5249,5257.25,5248.5,5255.5,,5255.5
1712086200,5255.25,5261.75,5253.75,5261,,5261
1712088000,5261,5262.5,5260,5262.25,,5262.25
1712151000,5247.75,5257,5247,5255,,5255
1712152800,5255,5277.25,5255,5274.75,,5274.75
1712154600,5275,5279.5,5272.5,5277.75,,5277.75
1712156400,5277.75,5280.75,5277,5279.25,,5279.25
1712158200,5279.25,5280.5,5272,5272.75,,5272.75
1712160000,5273,5277.5,5268,5277.5,,5277.5
1712161800,5277.5,5279.5,5264.5,5273.75,,5273.75
1712163600,5274,5277.75,5273.5,5277,,5277
1712165400,5277.25,5279,5274.75,5276.5,,5276.5
1712167200,5276.75,5279,5272.5,5272.75,,5272.75
1712169000,5273,5275.25,5269.25,5270.5,,5270.5
1712170800,5270.25,5271.25,5248.25,5256.25,,5256.25
1712172600,5256.25,5269.25,5253.5,5265.25,,5265.25
1712174400,5265.25,5271,5265.25,5269.75,,5269.75
1712237400,5305.25,5307,5295.25,5298,,5298
1712239200,5297.75,5300.25,5294.25,5298.5,,5298.5
1712241000,5298.75,5299,5295.25,5296.75,,5296.75
1712242800,5296.5,5298,5292.75,5297,,5297
1712244600,5297,5302.5,5296,5302,,5302
1712246400,5302.25,5308.5,5301.25,5305,,5305
1712248200,5305,5306,5302.5,5304,,5304
1712250000,5304.25,5304.5,5301.25,5301.25,,5301.25
1712251800,5301.25,5301.5,5286,5287.5,,5287.5
1712253600,5287.5,5287.75,5246.25,5248,,5248
1712255400,5248,5248,5222.25,5226.5,,5226.5
1712257200,5226.25,5228.5,5203.75,5204.25,,5204.25
1712259000,5204.5,5211,5194.25,5197.5,,5197.5
1712260800,5197.5,5204.25,5197,5201.75,,5201.75
1712323800,5211,5231.25,5206.75,5226.25,,5226.25
1712325600,5226,5231.25,5215.5,5221.25,,5221.25
1712327400,5221.5,5248.5,5218.75,5248.25,,5248.25
1712329200,5248,5248.25,5231.25,5245.75,,5245.75
1712331000,5246,5265.25,5243,5262.25,,5262.25
1712332800,5262.5,5268.25,5259.75,5264,,5264
1712334600,5264.25,5272.5,5258.75,5271.5,,5271.5
1712336400,5271.25,5272.25,5255,5260.5,,5260.5
1712338200,5260.5,5263.75,5241.75,5245.75,,5245.75
1712340000,5245.75,5261,5237,5245.75,,5245.75
1712341800,5246,5255.25,5240,5246.5,,5246.5
1712343600,5246.75,5252,5244.5,5249.5,,5249.5
1712345400,5249.5,5260.75,5248,5251.25,,5251.25
1712347200,5251.25,5252.25,5249,5250.5,,5250.5
1712583000,5258.5,5260.5,5246.5,5254.75,,5254.75
1712584800,5254.75,5262.75,5248.5,5262,,5262
1712586600,5262,5268.75,5261.5,5267,,5267
1712588400,5267,5268.5,5260,5262.25,,5262.25
1712590200,5262.25,5262.25,5249.25,5253.75,,5253.75
1712592000,5254,5254.5,5245.25,5252.25,,5252.25
1712593800,5252,5261.25,5251,5261.25,,5261.25
1712595600,5261.25,5261.5,5254.75,5259.75,,5259.75
1712597400,5259.75,5261,5253.25,5260,,5260
1712599200,5260,5261.75,5256.25,5259,,5259
1712601000,5258.75,5259.75,5253.5,5259.5,,5259.5
1712602800,5259.75,5261,5254.25,5259.75,,5259.75
1712604600,5259.75,5264.25,5249.5,5254.25,,5254.25
1712606400,5254.5,5258.25,5253.75,5257.5,,5257.5
1712669400,5271.75,5274.25,5254,5255,,5255
1712671200,5255.25,5259,5240,5241.75,,5241.75
1712673000,5241.75,5242.25,5208.25,5220.5,,5220.5
1712674800,5220.5,5231,5217,5225,,5225
1712676600,5225.25,5237.25,5222.25,5234,,5234
1712678400,5234.25,5243,5233.5,5238.75,,5238.75
1712680200,5239,5244.25,5231.75,5233.75,,5233.75
1712682000,5234,5242.75,5232,5237.75,,5237.75
1712683800,5237.75,5242.75,5232.5,5232.75,,5232.75
1712685600,5233,5239.25,5228.25,5232.75,,5232.75
1712687400,5232.5,5235.25,5228.75,5231.5,,5231.5
1712689200,5231.25,5253,5223,5251.75,,5251.75
1712691000,5251.75,5261.75,5241,5260,,5260
1712692800,5260,5272,5259.25,5267,,5267
1712755800,5199.75,5209.5,5191,5204.5,,5204.5
1712757600,5204.5,5216.25,5198.5,5211.25,,5211.25
1712759400,5211.5,5226.5,5204,5209.25,,5209.25
1712761200,5209.25,5209.75,5199,5209.25,,5209.25
1712763000,5209.5,5209.75,5194,5197.5,,5197.5
1712764800,5197.5,5202.25,5193.75,5198,,5198
1712766600,5198,5208.25,5196.25,5206,,5206
1712768400,5206,5216,5185,5203,,5203
1712770200,5203,5213.5,5186.5,5202,,5202
1712772000,5202.25,5211,5194.5,5196,,5196
1712773800,5196,5206.25,5189.5,5190,,5190
1712775600,5190.25,5215,5188.25,5206.75,,5206.75
1712777400,5207,5214.75,5198,5205.25,,5205.25
1712779200,5205.5,5207.25,5195.5,5198,,5198
1712842200,5218.75,5220.5,5202.25,5207.5,,5207.5
1712844000,5207.75,5208.25,5181.75,5186.5,,5186.5
1712845800,5186.75,5199.5,5185.5,5193.75,,5193.75
1712847600,5193.75,5203.75,5192.75,5197,,5197
1712849400,5197,5216.5,5195.5,5215.25,,5215.25
1712851200,5215.25,5217.25,5210,5210.25,,5210.25
1712853000,5210.5,5218.5,5209.25,5215,,5215
1712854800,5214.75,5241.75,5210.5,5237.5,,5237.5
1712856600,5237.5,5244,5232,5242.75,,5242.75
1712858400,5242.75,5255.5,5241.75,5253.5,,5253.5
1712860200,5253.5,5257.5,5248,5249.25,,5249.25
1712862000,5249.25,5254.75,5247.5,5251.25,,5251.25
1712863800,5251.5,5256,5241.75,5242.5,,5242.5
1712865600,5242.25,5245,5240,5243.5,,5243.5
1712928600,5204.25,5218.75,5200.75,5213.75,,5213.75
1712930400,5214,5214,5195.5,5198,,5198
1712932200,5198,5201,5179.75,5182.75,,5182.75
1712934000,5182.75,5195.5,5181.5,5195.5,,5195.5
1712935800,5195.5,5200.75,5191.25,5194,,5194
1712937600,5194.25,5195.5,5177.5,5178,,5178
1712939400,5178,5180,5164.5,5165.25,,5165.25
1712941200,5165,5170.75,5154,5156.25,,5156.25
1712943000,5156.25,5172,5152.25,5164.25,,5164.25
1712944800,5164.25,5174,5158.75,5166,,5166
1712946600,5166.25,5166.75,5154.75,5155.5,,5155.5
1712948400,5155.5,5160.25,5150,5154.25,,5154.25
1712950200,5154.25,5169.25,5151.75,5167.75,,5167.75
1712952000,5167.75,5171,5167.5,5170.25,,5170.25
1713187800,5211.25,5213,5201.75,5209,,5209
1713189600,5209,5210.75,5179,5185.5,,5185.5
1713191400,5185.5,5189.75,5169.75,5170.5,,5170.5
1713193200,5170.5,5175.5,5167.25,5175.25,,5175.25
1713195000,5175.25,5185.5,5174.5,5182.75,,5182.75
1713196800,5182.5,5185.5,5162.75,5165,,5165
1713198600,5165.25,5165.5,5153.75,5159.5,,5159.5
1713200400,5159.5,5164.75,5123.75,5124.25,,5124.25
1713202200,5124.25,5127,5108,5122.25,,5122.25
1713204000,5122.5,5123,5105.5,5109.25,,5109.25
1713205800,5109.25,5123.75,5102.5,5109.75,,5109.75
1713207600,5109.5,5111.25,5094,5101,,5101
1713209400,5100.75,5111.5,5100.75,5103.25,,5103.25
1713211200,5103.25,5104.25,5098.75,5099.75,,5099.75
1713274200,5107,5110,5087,5102.25,,5102.25
1713276000,5102.25,5110.5,5089,5089,,5089
1713277800,5089,5095.25,5081.5,5088.25,,5088.25
1713279600,5088.5,5101,5086,5099.5,,5099.5
1713281400,5099.5,5111.25,5093.5,5100,,5100
1713283200,5100,5107.75,5092,5102.5,,5102.5
1713285000,5102.25,5108.5,5099,5103,,5103
1713286800,5103,5108,5094.75,5100.75,,5100.75
1713288600,5101,5106.25,5078.75,5096.5,,5096.5
1713290400,5096.75,5123.25,5083.25,5087.25,,5087.25
1713292200,5087.5,5116,5087,5115.75,,5115.75
1713294000,5116,5116.5,5104.5,5114.25,,5114.25
1713295800,5114.25,5114.5,5089.75,5092,,5092
1713297600,5092.25,5093,5088,5092,,5092
1713360600,5117.5,5119,5106.75,5109.75,,5109.75
1713362400,5109.75,5110.25,5090.75,5100.25,,5100.25
1713364200,5100.25,5101.5,5078,5085,,5085
1713366000,5085.25,5096.5,5077,5077.25,,5077.25
1713367800,5077,5078.25,5066,5073.25,,5073.25
1713369600,5073,5074,5057.5,5061,,5061
1713371400,5060.75,5061.75,5047,5055,,5055
1713373200,5055.25,5074.25,5053,5074,,5074
1713375000,5074,5082.25,5066.5,5080.25,,5080.25
1713376800,5080.25,5081.75,5069.75,5074.75,,5074.75
1713378600,5075,5097,5069,5072.25,,5072.25
1713380400,5072.25,5072.25,5059.5,5063.5,,5063.5
1713382200,5063.5,5074.25,5060,5060.75,,5060.75
1713384000,5061,5062.25,5056,5060.75,,5060.75
1713447000,5073.75,5074.75,5050.75,5065.5,,5065.5
1713448800,5065.5,5076.25,5056.75,5074,,5074
1713450600,5074,5092.25,5073.5,5087.75,,5087.75
1713452400,5087.75,5095.25,5084.5,5086,,5086
1713454200,5086,5087.75,5080,5082.75,,5082.75
1713456000,5082.75,5087.5,5075.75,5080,,5080
1713457800,5080,5080.25,5059.25,5061.25,,5061.25
1713459600,5061,5065,5041.75,5055.75,,5055.75
1713461400,5056,5056.5,5042.25,5049.25,,5049.25
1713463200,5049.5,5058,5039.25,5049,,5049
1713465000,5049,5050,5038.5,5042.75,,5042.75
1713466800,5042.75,5056.75,5042.75,5051.75,,5051.75
1713468600,5051.75,5062.25,5045.75,5048.25,,5048.25
1713470400,5048.5,5055,5043.25,5049.25,,5049.25
1713533400,5047.25,5058,5039.25,5049.25,,5049.25
1713535200,5049.25,5054.5,5028.5,5037,,5037
1713537000,5037.25,5045.5,5028.25,5038,,5038
1713538800,5038,5042.5,5027.5,5031,,5031
1713540600,5031.25,5036,5022,5023.5,,5023.5
1713542400,5023.25,5030.25,5004,5004,,5004
1713544200,5004.25,5024.75,5002.75,5023.5,,5023.5
1713546000,5023.25,5030,5017,5018,,5018
1713547800,5018,5037.5,5017.5,5025.75,,5025.75
1713549600,5025.75,5026.25,5007,5007,,5007
1713551400,5007,5012.5,4992.5,5001.75,,5001.75
1713553200,5001.75,5009.75,4993,5003.25,,5003.25
1713555000,5003.5,5008,4991.25,5003.25,,5003.25
1713556800,5003.25,5004.75,4999.5,5003.75,,5003.75
1713792600,5030.25,5032.75,5019.25,5027.75,,5027.75
1713794400,5027.75,5034.25,5014,5016.25,,5016.25
1713796200,5016.25,5025.25,5011.25,5013.75,,5013.75
1713798000,5013.75,5016,5006,5016,,5016
1713799800,5016,5025.75,5015.25,5025.75,,5025.75
1713801600,5025.75,5037.25,5024.5,5029.5,,5029.5
1713803400,5029.75,5036.5,5024.75,5036,,5036
1713805200,5036.25,5053,5034.5,5052.75,,5052.75
1713807000,5053,5072,5051.25,5067.25,,5067.25
1713808800,5067.25,5076.25,5064.5,5073.25,,5073.25
1713810600,5073.5,5076.75,5058.75,5065.75,,5065.75
1713812400,5065.75,5066.25,5054.75,5058.25,,5058.25
1713814200,5058.25,5059,5040.75,5048.5,,5048.5
1713816000,5048.75,5049.5,5041.5,5044.75,,5044.75
1713879000,5069.5,5088.75,5063.75,5082.5,,5082.5
1713880800,5082.5,5096,5078.5,5095,,5095
1713882600,5095.25,5105.5,5094.5,5104.25,,5104.25
1713884400,5104.25,5105.25,5092.25,5100,,5100
1713886200,5100.25,5102.25,5094.25,5095.25,,5095.25
1713888000,5095.25,5106.5,5094,5105.25,,5105.25
1713889800,5105.25,5108,5101.25,5103.75,,5103.75
1713891600,5103.75,5107.5,5097.5,5105.75,,5105.75
1713893400,5105.75,5112.75,5103.25,5111.75,,5111.75
1713895200,5111.75,5112.75,5106.75,5111,,5111
1713897000,5111.25,5112.75,5104.5,5109.25,,5109.25
1713898800,5109,5109.75,5101.5,5105.25,,5105.25
1713900600,5105.25,5109.25,5101.25,5107.75,,5107.75
1713902400,5107.75,5110.75,5103.5,5110.25,,5110.25
1713965400,5116.75,5124.75,5110,5113.5,,5113.5
1713967200,5113.75,5122.5,5110.25,5113.25,,5113.25
1713969000,5113.5,5115.5,5100.75,5103.25,,5103.25
1713970800,5103,5105,5091.25,5097,,5097
1713972600,5097.25,5102.25,5086.75,5088,,5088
1713974400,5088,5095.25,5085,5091.75,,5091.75
1713976200,5091.5,5094.75,5082,5094,,5094
1713978000,5093.75,5103.25,5091.25,5102.75,,5102.75
1713979800,5103,5116.5,5102.75,5115.5,,5115.5
1713981600,5115.5,5116,5099.5,5101.25,,5101.25
1713983400,5101.25,5103.5,5095,5095,,5095
1713985200,5095,5112.75,5093,5109.25,,5109.25
1713987000,5109.5,5113,5105.25,5105.25,,5105.25
1713988800,5105.5,5109,5082.5,5086.25,,5086.25
1714051800,5039.5,5041.25,5026,5029.5,,5029.5
1714053600,5029.5,5045,5022.25,5043.5,,5043.5
1714055400,5043.5,5046,5028.5,5031.5,,5031.5
1714057200,5031.5,5045.25,5030.75,5044.5,,5044.5
1714059000,5044.5,5051.75,5036.75,5050,,5050
1714060800,5050.25,5062.75,5046.5,5061.25,,5061.25
1714062600,5061.5,5068.25,5056.5,5065.5,,5065.5
1714064400,5065.5,5071.5,5057.25,5064.75,,5064.75
1714066200,5064.5,5086.5,5063.25,5083,,5083
1714068000,5083.25,5085.25,5067.5,5067.5,,5067.5
1714069800,5067.5,5075.75,5064.5,5072.75,,5072.75
1714071600,5072.5,5090.75,5072,5089.5,,5089.5
1714073400,5089.5,5089.75,5074.5,5082.75,,5082.75
1714075200,5082.75,5131.75,5079,5125.5,,5125.5
1714138200,5111,5130.25,5104.5,5126,,5126
1714140000,5126.25,5138.25,5124,5128.75,,5128.75
1714141800,5128.75,5137,5125,5135.75,,5135.75
1714143600,5135.75,5143.5,5124.75,5129.75,,5129.75
1714145400,5130,5137.75,5127.5,5134,,5134
1714147200,5134,5137,5129.25,5136,,5136
1714149000,5136.25,5143.25,5133.75,5143.25,,5143.25
1714150800,5143.25,5145.75,5140.5,5143.75,,5143.75
1714152600,5143.75,5146.5,5138.5,5141.75,,5141.75
1714154400,5141.75,5142.5,5135.25,5137.25,,5137.25
1714156200,5137,5141.75,5133.25,5141.25,,5141.25
1714158000,5141.25,5144,5138,5143.5,,5143.5
1714159800,5143.5,5143.75,5128.75,5129.5,,5129.5
1714161600,5129.5,5132.25,5128.75,5129.75,,5129.75
1714397400,5147.25,5154.25,5136.75,5142.5,,5142.5
1714399200,5142.25,5152,5142,5149,,5149
1714401000,5148.75,5153.25,5142,5145.5,,5145.5
1714402800,5145.5,5146.25,5141,5142.5,,5142.5
1714404600,5142.5,5144,5136.5,5143.75,,5143.75
1714406400,5143.75,5148.25,5142.25,5148.25,,5148.25
1714408200,5148.25,5150,5143.75,5146.25,,5146.25
1714410000,5146.25,5150.75,5142.5,5150.5,,5150.5
1714411800,5150.25,5152,5147.75,5148.75,,5148.75
1714413600,5148.5,5148.5,5142.75,5143.25,,5143.25
1714415400,5143.25,5143.5,5132.25,5142,,5142
1714417200,5142,5142,5118.75,5132.5,,5132.5
1714419000,5132.5,5148.75,5131.25,5147.25,,5147.25
1714420800,5147.25,5151.5,5146.75,5147.75,,5147.75
1714483800,5131,5141.25,5127.25,5137.25,,5137.25
1714485600,5137,5141.25,5128.5,5128.5,,5128.5
1714487400,5128.5,5139,5126.25,5131.75,,5131.75
1714489200,5131.75,5131.75,5109,5114,,5114
1714491000,5114,5114.5,5105.25,5110.75,,5110.75
1714492800,5111,5115.25,5106,5111.75,,5111.75
1714494600,5112,5112,5092.5,5097.5,,5097.5
1714496400,5097.75,5102,5091.5,5097.25,,5097.25
1714498200,5097,5107.5,5095.75,5105.75,,5105.75
1714500000,5106,5110.25,5095.5,5096.5,,5096.5
1714501800,5096.75,5102.75,5088.5,5092.5,,5092.5
1714503600,5092.75,5097.75,5086.75,5092.5,,5092.5
1714505400,5092.5,5096.75,5065,5065,,5065
1714507200,5065.25,5077.25,5054.25,5064.5,,5064.5
1714570200,5058,5062.25,5048,5052,,5052
1714572000,5051.75,5056.75,5044.5,5051.75,,5051.75
1714573800,5052,5060,5049.5,5057.25,,5057.25
1714575600,5057.5,5058.75,5044.25,5052,,5052
1714577400,5052,5058,5045.75,5046.25,,5046.25
1714579200,5046.5,5055.25,5042.25,5054.25,,5054.25
1714581000,5054.25,5054.5,5046.5,5048,,5048
1714582800,5047.75,5051.5,5042.75,5050.75,,5050.75
1714584600,5051,5057.75,5050,5053.25,,5053.25
1714586400,5053.75,5075.5,5051.5,5074.5,,5074.5
1714588200,5074.25,5118.75,5053.25,5117.75,,5117.75
1714590000,5118,5126.75,5099,5109,,5109
1714591800,5109.25,5109.25,5043.75,5046,,5046
1714593600,5046.25,5054.5,5045,5050.5,,5050.5
1714656600,5083.25,5088.75,5057.75,5061,,5061
1714658400,5061.5,5063.5,5036.25,5061.5,,5061.5
1714660200,5061.75,5068,5047,5065.75,,5065.75
1714662000,5065.75,5073,5061.25,5062.75,,5062.75
1714663800,5062.75,5071.25,5055,5069,,5069
1714665600,5069.25,5070,5058,5064.25,,5064.25
1714667400,5064.25,5066,5054.5,5064.25,,5064.25
1714669200,5064.25,5083,5064,5082.75,,5082.75
1714671000,5082.75,5085.25,5075.25,5080,,5080
1714672800,5080.25,5088.75,5078.25,5086.75,,5086.75
1714674600,5086.75,5098.25,5085.5,5096.25,,5096.25
1714676400,5096.25,5100.75,5089.75,5094.75,,5094.75
1714678200,5094.75,5095.75,5080,5091.75,,5091.75
1714680000,5091.5,5098.75,5089.5,5091.75,,5091.75
1714743000,5153.25,5161.5,5137.25,5157.25,,5157.25
1714744800,5157.5,5166.75,5127.75,5138,,5138
1714746600,5138,5145.5,5128,5132.75,,5132.75
1714748400,5133,5140,5126.75,5138.75,,5138.75
1714750200,5138.75,5150.75,5138.5,5146.25,,5146.25
1714752000,5146.25,5152.75,5145.5,5150.75,,5150.75
1714753800,5150.75,5155.5,5145.5,5148.75,,5148.75
1714755600,5148.75,5156.5,5147.5,5152.75,,5152.75
1714757400,5152.75,5157.75,5148.25,5154.75,,5154.75
1714759200,5154.5,5161.75,5154.25,5159.25,,5159.25
1714761000,5159.25,5161.75,5154,5157,,5157
1714762800,5157.25,5160.25,5154,5158,,5158
1714764600,5158,5159.25,5152.75,5154.25,,5154.25
1714766400,5154.25,5162,5153.75,5161.25,,5161.25
1715002200,5178.5,5184.75,5174,5183.5,,5183.5
1715004000,5183.25,5187,5181.75,5184.25,,5184.25
1715005800,5184.25,5187.75,5183,5184,,5184
1715007600,5184.25,5185.25,5179.75,5182.25,,5182.25
1715009400,5182.25,5186.75,5181,5185,,5185
1715011200,5185,5185,5178.25,5183,,5183
1715013000,5182.75,5188.75,5182.25,5188,,5188
1715014800,5187.75,5191,5183.5,5187.25,,5187.25
1715016600,5187.5,5191.75,5186.75,5190.25,,5190.25
1715018400,5190.25,5199.5,5189.5,5197.5,,5197.5
1715020200,5197.5,5197.75,5193.5,5195.5,,5195.5
1715022000,5195.25,5196,5190,5192.5,,5192.5
1715023800,5192.25,5207.5,5190.25,5207,,5207
1715025600,5207.25,5207.75,5203,5204,,5204
1715088600,5216.25,5220.25,5212.75,5213,,5213
1715090400,5213,5218.75,5210.5,5214,,5214
1715092200,5214,5223.5,5213.5,5222.25,,5222.25
1715094000,5222.5,5224,5219.5,5221,,5221
1715095800,5221,5223,5218,5221.75,,5221.75
1715097600,5222,5224,5221,5222.75,,5222.75
1715099400,5222.75,5223,5216.5,5220,,5220
1715101200,5219.75,5226.25,5219.5,5225,,5225
1715103000,5225,5226.75,5208.75,5211,,5211
1715104800,5211,5215.25,5208,5209.25,,5209.25
1715106600,5209,5212,5205.5,5211.25,,5211.25
1715108400,5211,5213.75,5207.5,5212.75,,5212.75
1715110200,5212.75,5219.5,5210.5,5212.25,,5212.25
1715112000,5212.5,5215.75,5210.75,5215.5,,5215.5
1715175000,5192.25,5205.25,5191.25,5204.75,,5204.75
1715176800,5204.75,5211.25,5200.25,5208.75,,5208.75
1715178600,5209,5217.25,5206.75,5213.75,,5213.75
1715180400,5214,5216.75,5206.25,5210.25,,5210.25
1715182200,5210,5212.5,5206.25,5208,,5208
1715184000,5207.75,5211.25,5206.5,5208,,5208
1715185800,5208,5209.5,5202.25,5206,,5206
1715187600,5206.25,5208.75,5200.75,5202.75,,5202.75
1715189400,5202.5,5211,5202,5210.75,,5210.75
1715191200,5210.75,5214,5209,5212.75,,5212.75
1715193000,5212.75,5214.25,5208.75,5210,,5210
1715194800,5210.25,5214.75,5205.5,5213,,5213
1715196600,5213,5217,5211.5,5211.75,,5211.75
1715198400,5211.5,5212.25,5208.5,5208.5,,5208.5
1715261400,5211.25,5215.25,5204.25,5213.25,,5213.25
1715263200,5213.25,5221.5,5212.25,5218.25,,5218.25
1715265000,5218.25,5230.5,5218,5229.25,,5229.25
1715266800,5229.25,5232.75,5227.75,5231,,5231
1715268600,5231,5232.25,5220.75,5222.5,,5222.5
1715270400,5222.25,5227.25,5221,5225.5,,5225.5
1715272200,5225.5,5231.25,5222.5,5230,,5230
1715274000,5229.75,5234,5225.5,5232.75,,5232.75
1715275800,5232.75,5233.5,5229,5229.5,,5229.5
1715277600,5229.5,5232.75,5226.75,5232.5,,5232.5
1715279400,5232.5,5238.25,5231,5236.75,,5236.75
1715281200,5236.75,5238.25,5233.5,5234.5,,5234.5
1715283000,5234.5,5240,5233.5,5239.25,,5239.25
1715284800,5239.25,5244.75,5238.75,5242.5,,5242.5
1715347800,5255.5,5264,5250.75,5262,,5262
1715349600,5262,5262,5243.25,5245.25,,5245.25
1715351400,5245,5251,5237.25,5241.75,,5241.75
1715353200,5242,5243.75,5238,5242.5,,5242.5
1715355000,5242.5,5243.5,5232.75,5240.75,,5240.75
1715356800,5240.75,5242.5,5235.5,5240.25,,5240.25
1715358600,5240.25,5244.75,5238,5242.5,,5242.5
1715360400,5242.5,5243.25,5237,5238,,5238
1715362200,5238.25,5245.5,5236,5245,,5245
1715364000,5245,5246.5,5241.25,5243.75,,5243.75
1715365800,5243.75,5246.5,5238,5246.25,,5246.25
1715367600,5246.25,5248.5,5243,5247.5,,5247.5
1715369400,5247.5,5250.75,5244.5,5245.25,,5245.25
1715371200,5245.5,5246,5243,5244.25,,5244.25
1715607000,5262,5263.25,5247.25,5252.75,,5252.75
1715608800,5253,5254.75,5250,5253,,5253
1715610600,5252.75,5252.75,5247.5,5249,,5249
1715612400,5249,5251,5244.25,5245.25,,5245.25
1715614200,5245.5,5247.75,5240,5246.75,,5246.75
1715616000,5246.75,5250,5246.25,5249,,5249
1715617800,5249,5249.75,5246,5246.25,,5246.25
1715619600,5246.25,5246.5,5233.25,5245,,5245
1715621400,5244.75,5245.25,5240,5243,,5243
1715623200,5243.25,5244.75,5239.25,5244,,5244
1715625000,5244,5246.25,5242.75,5245.5,,5245.5
1715626800,5245.25,5247.75,5241,5244.25,,5244.25
1715628600,5244,5247.5,5242.75,5245.75,,5245.75
1715630400,5245.5,5247.75,5242,5242.5,,5242.5
1715693400,5246.75,5252.75,5244.5,5248.5,,5248.5
1715695200,5248.5,5260,5245.25,5258.25,,5258.25
1715697000,5258.25,5258.75,5242.25,5253.5,,5253.5
1715698800,5253.25,5257.25,5251,5255.25,,5255.25
1715700600,5255.25,5255.25,5245.25,5246.5,,5246.5
1715702400,5246.5,5248.75,5243.75,5245.25,,5245.25
1715704200,5245,5246.25,5242.5,5245.5,,5245.5
1715706000,5245.5,5246.5,5241.25,5246,,5246
1715707800,5246.25,5250.5,5245.25,5248.5,,5248.5
1715709600,5248.75,5259.5,5248,5259.25,,5259.25
1715711400,5259.25,5271.5,5257.75,5268.5,,5268.5
1715713200,5268.75,5274,5265.75,5270.75,,5270.75
1715715000,5270.5,5274.25,5268,5268.5,,5268.5
1715716800,5268.75,5270,5266.75,5268.5,,5268.5
1715779800,5293.5,5303.25,5286.75,5292,,5292
1715781600,5292,5301.75,5291.25,5299.5,,5299.5
1715783400,5299.5,5308,5298.5,5307,,5307
1715785200,5307,5316.75,5306.75,5316.5,,5316.5
1715787000,5316.25,5317.25,5312.75,5314.5,,5314.5
1715788800,5314.5,5316.25,5309.75,5316,,5316
1715790600,5315.75,5321.5,5315,5321,,5321
1715792400,5321,5324.25,5320,5323.5,,5323.5
1715794200,5323.5,5325.75,5319,5325.5,,5325.5
1715796000,5325.5,5330.25,5323.75,5325.75,,5325.75
1715797800,5325.5,5326,5321.75,5325.75,,5325.75
1715799600,5325.75,5328.75,5322.75,5326.25,,5326.25
1715801400,5326.25,5337.25,5325.25,5333.5,,5333.5
1715803200,5333.5,5334,5325.25,5326.75,,5326.75
1715866200,5332.25,5336.75,5332,5335.75,,5335.75
1715868000,5335.75,5341.5,5328.25,5339.75,,5339.75
1715869800,5340,5348.5,5338.5,5347.5,,5347.5
1715871600,5347.25,5349,5338.5,5345,,5345
1715873400,5344.75,5347,5341,5342.75,,5342.75
1715875200,5342.75,5342.75,5336.25,5338.5,,5338.5
1715877000,5338.25,5341.25,5335.25,5340.5,,5340.5
1715878800,5340.75,5342,5327.5,5331,,5331
1715880600,5331,5334.75,5326.5,5334,,5334
1715882400,5334,5334.25,5323.5,5328,,5328
1715884200,5328,5334.75,5328,5334.5,,5334.5
1715886000,5334.5,5335.75,5331.75,5332.5,,5332.5
1715887800,5332.5,5333.25,5318.75,5320,,5320
1715889600,5319.75,5322,5317,5317.75,,5317.75
1715952600,5320.75,5324.5,5315.75,5320,,5320
1715954400,5320,5324.25,5316,5324.25,,5324.25
1715956200,5324.25,5325.5,5322.25,5323.75,,5323.75
1715958000,5323.5,5323.75,5316.25,5320,,5320
1715959800,5320.25,5321.25,5315,5320.75,,5320.75
1715961600,5320.75,5323,5317,5318,,5318
1715963400,5318,5321,5312.75,5320.5,,5320.5
1715965200,5320.5,5321.75,5317.5,5319.75,,5319.75
1715967000,5319.75,5321.5,5317.5,5319.75,,5319.75
1715968800,5320,5320,5305.75,5311.5,,5311.5
1715970600,5311.5,5322.25,5311.25,5320.75,,5320.75
1715972400,5321,5326,5318.75,5325.25,,5325.25
1715974200,5325.25,5328.75,5320.5,5327.75,,5327.75
1715976000,5327.5,5327.75,5324,5325.75,,5325.75
1716211800,5328,5345,5326.75,5344,,5344
1716213600,5344,5346.25,5339.5,5345.5,,5345.5
1716215400,5345.5,5347.5,5343,5345.25,,5345.25
1716217200,5345,5347.25,5342,5346.5,,5346.5
1716219000,5346.75,5348.25,5340.75,5342.5,,5342.5
1716220800,5342.75,5345,5339,5340.25,,5340.25
1716222600,5340.25,5344.75,5339.75,5344.5,,5344.5
1716224400,5344.75,5345.5,5334.25,5336,,5336
1716226200,5336,5337.75,5333,5334.75,,5334.75
1716228000,5334.75,5335.5,5323.75,5334,,5334
1716229800,5334,5336.75,5331,5331,,5331
1716231600,5331.25,5336.25,5329.75,5334.75,,5334.75
1716233400,5335,5335.75,5327.5,5333.25,,5333.25
1716235200,5333,5335.75,5329.5,5330,,5330
1716298200,5324.5,5328.75,5322.5,5327,,5327
1716300000,5327,5332,5327,5332,,5332
1716301800,5332,5337.75,5331,5335.25,,5335.25
1716303600,5335.25,5339.25,5333.5,5336.75,,5336.75
1716305400,5336.75,5337,5330,5331.25,,5331.25
1716307200,5331.5,5335,5330,5333.75,,5333.75
1716309000,5333.5,5334.5,5329.5,5331.25,,5331.25
1716310800,5331,5333.25,5328,5333.25,,5333.25
1716312600,5333.25,5339.75,5332.5,5339.25,,5339.25
1716314400,5339.5,5339.75,5335.5,5335.75,,5335.75
1716316200,5335.75,5338.75,5333.25,5336.25,,5336.25
1716318000,5336,5341.75,5334.25,5340.25,,5340.25
1716319800,5340,5347.5,5340,5346,,5346
1716321600,5346.25,5346.75,5342.75,5344.25,,5344.25
1716384600,5338,5343,5337.25,5342.5,,5342.5
1716386400,5342.25,5344,5340,5342.5,,5342.5
1716388200,5342.25,5343,5339,5342.25,,5342.25
1716390000,5342.25,5345,5341,5341.5,,5341.5
1716391800,5341.25,5341.75,5332.5,5338,,5338
1716393600,5338,5342.25,5337.25,5341.5,,5341.5
1716395400,5341.25,5342.75,5337.75,5339.75,,5339.75
1716397200,5339.5,5343.5,5339.5,5340.25,,5340.25
1716399000,5340.5,5340.5,5325.25,5331,,5331
1716400800,5330.75,5330.75,5308.5,5309,,5309
1716402600,5308.75,5317,5306.75,5316.5,,5316.5
1716404400,5316.5,5319.5,5308.75,5318.25,,5318.25
1716406200,5318.25,5329.75,5310.75,5329.25,,5329.25
1716408000,5329.25,5336.75,5327.5,5328.5,,5328.5
1716471000,5357.5,5358.25,5322.25,5326.5,,5326.5
1716472800,5326.75,5337.25,5322.5,5332,,5332
1716474600,5331.75,5336.25,5317,5317.75,,5317.75
1716476400,5317.75,5334.25,5316.75,5332.75,,5332.75
1716478200,5332.75,5342.25,5332.5,5338,,5338
1716480000,5338,5341.5,5330.75,5339.75,,5339.75
1716481800,5339.75,5340.75,5322.5,5322.5,,5322.5
1716483600,5322.75,5325.5,5315,5322,,5322
1716485400,5321.75,5321.75,5292.5,5294,,5294
1716487200,5294,5295.25,5281.25,5283.75,,5283.75
1716489000,5283.75,5290,5275,5275.75,,5275.75
1716490800,5275.75,5283.5,5273.5,5278.5,,5278.5
1716492600,5278.5,5289.25,5278.5,5286.25,,5286.25
1716494400,5286.25,5288.25,5281.75,5286.25,,5286.25
1716557400,5304.5,5307,5294.75,5298.5,,5298.5
1716559200,5298,5313.5,5298,5312.5,,5312.5
1716561000,5312.5,5317.5,5304.5,5316.75,,5316.75
1716562800,5316.75,5329.25,5315,5323.5,,5323.5
1716564600,5323.75,5327.25,5316.25,5320.75,,5320.75
1716566400,5320.75,5326.75,5320,5324.25,,5324.25
1716568200,5324.25,5325.25,5318.75,5318.75,,5318.75
1716570000,5319,5325.5,5317,5322.75,,5322.75
1716571800,5322.75,5324.25,5318.75,5322.25,,5322.25
1716573600,5322,5327.75,5320,5320.75,,5320.75
1716575400,5321,5322.75,5317,5317.75,,5317.75
1716577200,5317.5,5317.75,5309.25,5315.75,,5315.75
1716579000,5316,5322.5,5314.25,5321.75,,5321.75
1716580800,5321.5,5323.75,5320,5320.75,,5320.75
1716903000,5328.5,5331.25,5317.25,5319.75,,5319.75
1716904800,5319.75,5324.75,5316,5321.75,,5321.75
1716906600,5321.75,5328,5317.75,5325.25,,5325.25
1716908400,5325.25,5326,5319.75,5325,,5325
1716910200,5325,5327.25,5322.5,5326.5,,5326.5
1716912000,5326.25,5329.25,5322.5,5324.25,,5324.25
1716913800,5324,5328.75,5322.25,5323.75,,5323.75
1716915600,5323.75,5325.5,5317.75,5320.75,,5320.75
1716917400,5320.75,5324.75,5311,5313.75,,5313.75
1716919200,5314,5319.75,5308,5308.75,,5308.75
1716921000,5308.75,5309.5,5296.75,5309,,5309
1716922800,5309,5316.25,5306.75,5309.5,,5309.5
1716924600,5309.75,5326,5309.25,5325.5,,5325.5
1716926400,5325.5,5330.75,5322.25,5322.25,,5322.25
1716989400,5282,5289.25,5278.75,5287,,5287
1716991200,5286.75,5294.75,5283.75,5292.5,,5292.5
1716993000,5292.25,5298.25,5291.75,5295.5,,5295.5
1716994800,5295.5,5296,5285.5,5290,,5290
1716996600,5290,5292.5,5286.75,5291,,5291
1716998400,5291.25,5294.75,5285,5293.5,,5293.5
1717000200,5293.5,5298.25,5291.5,5296.5,,5296.5
1717002000,5296.25,5297.25,5288.75,5294.75,,5294.75
1717003800,5294.75,5297.5,5286.75,5295.25,,5295.25
1717005600,5295.25,5297,5291.25,5291.25,,5291.25
1717007400,5291.25,5293.75,5285.75,5287,,5287
1717009200,5287.25,5297.75,5285.5,5294.5,,5294.5
1717011000,5294.25,5297.5,5281.5,5287.5,,5287.5
1717012800,5287.5,5289.25,5278.5,5280,,5280
1717075800,5269.75,5274.25,5263.25,5270.25,,5270.25
1717077600,5270.25,5272.75,5258,5264,,5264
1717079400,5264,5265,5254.75,5258.25,,5258.25
1717081200,5258.25,5264.25,5253,5263.5,,5263.5
1717083000,5263.75,5268.25,5261.25,5261.5,,5261.5
1717084800,5261.5,5269.75,5261.25,5265,,5265
1717086600,5265,5272,5263.75,5271.5,,5271.5
1717088400,5271.5,5276,5269.5,5274.25,,5274.25
1717090200,5274.5,5277,5270,5272.5,,5272.5
1717092000,5272.5,5273.25,5260.75,5266.5,,5266.5
1717093800,5266.5,5269.5,5262.25,5265.5,,5265.5
1717095600,5265.5,5267.25,5253.25,5258.75,,5258.75
1717097400,5258.75,5260.75,5238.25,5251.5,,5251.5
1717099200,5251.5,5251.75,5243,5243.25,,5243.25
1717162200,5257.75,5270.25,5251.25,5253.5,,5253.5
1717164000,5253.25,5254,5230.25,5232.75,,5232.75
1717165800,5233,5233.5,5224,5230.5,,5230.5
1717167600,5230.75,5231.5,5222,5223.25,,5223.25
1717169400,5223.25,5224.5,5218,5218.75,,5218.75
1717171200,5218.75,5220,5205.5,5210,,5210
1717173000,5209.75,5217.5,5209.25,5217.25,,5217.25
1717174800,5217,5231.5,5217,5230.25,,5230.25
1717176600,5230.25,5232.75,5226.5,5231,,5231
1717178400,5231,5235.25,5227.75,5230.25,,5230.25
1717180200,5230.25,5240.5,5228,5237,,5237
1717182000,5237,5250,5232.75,5245,,5245
1717183800,5244.75,5299.5,5242.25,5296.75,,5296.75
1717185600,5296.75,5307,5291,5297.5,,5297.5
1717421400,5312.25,5313.25,5295,5300.5,,5300.5
1717423200,5301.25,5312.5,5295.5,5303.5,,5303.5
1717425000,5303.5,5303.75,5278.25,5281.25,,5281.25
1717426800,5281.5,5287.25,5275,5285,,5285
1717428600,5285,5288,5278.25,5282,,5282
1717430400,5281.75,5285.5,5257.25,5260.25,,5260.25
1717432200,5260.5,5264,5253,5258.75,,5258.75
1717434000,5258.75,5267.75,5246.75,5267.5,,5267.5
1717435800,5267.5,5276.75,5266.5,5273.25,,5273.25
1717437600,5273,5279,5267.5,5272,,5272
1717439400,5272,5282.5,5272,5278.75,,5278.75
1717441200,5278.75,5286.25,5277.25,5283.75,,5283.75
1717443000,5284,5300,5278.5,5299.5,,5299.5
1717444800,5299.25,5300.75,5297.25,5300.5,,5300.5
1717507800,5285.25,5288.5,5277.75,5285,,5285
1717509600,5285.25,5298,5277.75,5290.25,,5290.25
1717511400,5290.25,5294.5,5278.25,5279.75,,5279.75
1717513200,5279.75,5286.5,5276.25,5278.75,,5278.75
1717515000,5278.75,5279,5271.5,5272.5,,5272.5
1717516800,5272.5,5281.25,5269.5,5280.25,,5280.25
1717518600,5280.25,5289.75,5276.5,5285,,5285
1717520400,5285,5290.5,5277,5290.25,,5290.25
1717522200,5290.25,5291.75,5283.5,5288.75,,5288.75
1717524000,5288.5,5310.25,5287.25,5310,,5310
1717525800,5310,5312.25,5302.75,5304.25,,5304.25
1717527600,5304.25,5304.75,5286.5,5296.75,,5296.75
1717529400,5296.75,5306.5,5290.5,5304,,5304
1717531200,5304,5305.75,5300.5,5304.5,,5304.5
1717594200,5327.5,5328,5314.75,5320.5,,5320.5
1717596000,5320.25,5323.75,5306.5,5322.25,,5322.25
1717597800,5322,5331,5322,5329,,5329
1717599600,5329.25,5341.75,5329,5339,,5339
1717601400,5339,5344.5,5338.25,5340.25,,5340.25
1717603200,5340,5342.25,5337.25,5341.25,,5341.25
1717605000,5341,5348,5340.5,5346.5,,5346.5
1717606800,5346.25,5350,5341.5,5347.25,,5347.25
1717608600,5347.25,5352.75,5346,5352.75,,5352.75
1717610400,5352.75,5355,5350,5355,,5355
1717612200,5355,5360,5354,5358.75,,5358.75
1717614000,5358.5,5361.75,5356.25,5356.75,,5356.75
1717615800,5356.75,5367,5352,5366.5,,5366.5
1717617600,5366.5,5366.75,5361.5,5362.5,,5362.5
1717680600,5369.25,5373.25,5362.25,5362.5,,5362.5
1717682400,5362.75,5371,5362.5,5369.5,,5369.5
1717684200,5369.5,5369.75,5362.5,5363.5,,5363.5
1717686000,5363.75,5366.75,5361,5363.75,,5363.75
1717687800,5363.75,5364.25,5359.5,5360.25,,5360.25
1717689600,5360.25,5361.75,5354.25,5356.25,,5356.25
1717691400,5356.5,5356.75,5351.25,5353.25,,5353.25
1717693200,5353.25,5361.5,5351.75,5360.25,,5360.25
1717695000,5360,5363.5,5358.5,5360.5,,5360.5
1717696800,5360.75,5361.5,5345.25,5355,,5355
1717698600,5355,5364.5,5352.5,5362.75,,5362.75
1717700400,5362.75,5365.25,5358.75,5363.75,,5363.75
1717702200,5363.75,5366,5358.75,5365.25,,5365.25
1717704000,5365.5,5365.5,5359.5,5362.5,,5362.5
1717767000,5352.5,5359.5,5341,5356.5,,5356.5
1717768800,5356.5,5364,5354.75,5362.75,,5362.75
1717770600,5362.5,5380.75,5360,5369.75,,5369.75
1717772400,5369.75,5370,5356,5366,,5366
1717774200,5366.25,5371,5363.25,5368.5,,5368.5
1717776000,5368.5,5376,5364.5,5375.5,,5375.5
1717777800,5375.5,5380.5,5365.5,5380,,5380
1717779600,5380,5385.5,5373.75,5378.5,,5378.5
1717781400,5378.25,5380.75,5374.75,5375.25,,5375.25
1717783200,5375.25,5375.5,5351.25,5363.5,,5363.5
1717785000,5363.25,5371,5361.25,5367.25,,5367.25
1717786800,5367.25,5370.75,5354.25,5363.75,,5363.75
1717788600,5363.75,5365.25,5353.75,5356,,5356
1717790400,5356,5356.5,5351,5352,,5352
1718026200,5347.25,5348.25,5341,5346.5,,5346.5
1718028000,5346.25,5351.75,5345.5,5351,,5351
1718029800,5351,5354.5,5349.75,5352.75,,5352.75
1718031600,5352.75,5359.5,5352.5,5359.5,,5359.5
1718033400,5359.5,5366.25,5358.5,5361.75,,5361.75
1718035200,5361.75,5367,5361,5364.5,,5364.5
1718037000,5364.5,5366.25,5361.75,5364,,5364
1718038800,5364,5364.25,5358,5358.5,,5358.5
1718040600,5358.5,5372.75,5357.5,5368.25,,5368.25
1718042400,5368.25,5371.25,5359.5,5360.5,,5360.5
1718044200,5360.5,5368,5358.25,5365.5,,5365.5
1718046000,5365.5,5375.75,5364.5,5371.5,,5371.5
1718047800,5371.5,5373.5,5362.25,5372.75,,5372.75
1718049600,5372.75,5373.5,5365,5366.25,,5366.25
1718112600,5355.5,5355.75,5334.5,5341.75,,5341.75
1718114400,5341.75,5352.5,5339.75,5351.5,,5351.5
1718116200,5351.5,5361.5,5350,5361.5,,5361.5
1718118000,5361.25,5362,5354.25,5359,,5359
1718119800,5359,5362.5,5351,5352.75,,5352.75
1718121600,5353,5355.25,5350,5353,,5353
1718123400,5353,5357.25,5352,5355.5,,5355.5
1718125200,5355.5,5362.75,5351.5,5357,,5357
1718127000,5357,5367,5356.5,5366.5,,5366.5
1718128800,5366.5,5377,5363.75,5376.75,,5376.75
1718130600,5376.75,5381,5373.25,5376.5,,5376.5
1718132400,5376.5,5380.5,5372.5,5373.5,,5373.5
1718134200,5373.5,5385.25,5370.5,5384,,5384
1718136000,5384,5386.25,5380.5,5385.25,,5385.25
1718199000,5430,5443.5,5426,5440.75,,5440.75
1718200800,5440.5,5453.25,5439.25,5453.25,,5453.25
1718202600,5453,5453.5,5441.75,5444.75,,5444.75
1718204400,5444.75,5448,5439.5,5446.25,,5446.25
1718206200,5446.25,5446.5,5439,5444,,5444
1718208000,5444,5445,5438.5,5438.75,,5438.75
1718209800,5438.75,5443.75,5438,5442,,5442
1718211600,5442,5447.5,5441,5443,,5443
1718213400,5442.75,5443.25,5435.5,5439.25,,5439.25
1718215200,5439.5,5442.5,5422,5440.25,,5440.25
1718217000,5440.5,5444.5,5425.5,5438.5,,5438.5
1718218800,5438.5,5454.5,5421,5423.25,,5423.25
1718220600,5423.5,5438,5416.25,5426.75,,5426.75
1718222400,5426.5,5428.5,5423.75,5425.5,,5425.5
1718285400,5444.25,5444.75,5430,5432.5,,5432.5
1718287200,5432.5,5435.5,5417,5423,,5423
1718289000,5423.25,5426.5,5417.75,5418.25,,5418.25
1718290800,5418.25,5424.75,5415,5424.25,,5424.25
1718292600,5424.5,5429.25,5423.5,5424.5,,5424.5
1718294400,5424.5,5424.75,5409,5409.75,,5409.75
1718296200,5410,5422,5408.5,5419.75,,5419.75
1718298000,5419.75,5432.25,5418.25,5430,,5430
1718299800,5430,5432.25,5424.25,5429.25,,5429.25
1718301600,5429.5,5435,5424.75,5433.5,,5433.5
1718303400,5433.25,5438.5,5432.25,5437.5,,5437.5
1718305200,5437.5,5443.5,5435,5437.5,,5437.5
1718307000,5437.75,5445.75,5434.25,5436.5,,5436.5
1718308800,5436.5,5443,5435.5,5436.5,,5436.5
1718371800,5419,5426.25,5416.5,5425,,5425
1718373600,5424.75,5424.75,5409.25,5418.75,,5418.75
1718375400,5419,5422.75,5408.5,5422.25,,5422.25
1718377200,5422,5426.75,5417,5424.75,,5424.75
1718379000,5424.5,5428.25,5413,5424.25,,5424.25
1718380800,5424,5428.75,5420.5,5421.5,,5421.5
1718382600,5421.25,5429.25,5419.5,5428.25,,5428.25
1718384400,5428.25,5434.5,5427,5431.25,,5431.25
1718386200,5431.25,5433.75,5425.75,5428,,5428
1718388000,5427.75,5432.25,5421.75,5429,,5429
1718389800,5429,5433.5,5423.25,5430.75,,5430.75
1718391600,5430.75,5434.25,5428.75,5433.5,,5433.5
1718393400,5433.5,5438.5,5428.5,5437.25,,5437.25
1718395200,5437.5,5438,5433.5,5434.5,,5434.5
1718631000,5495,5498.75,5489.75,5495,,5495
1718632800,5495,5503,5492.75,5497,,5497
1718634600,5497.25,5504.5,5496.25,5503.75,,5503.75
1718636400,5503.75,5515.25,5503.75,5513.25,,5513.25
1718638200,5513,5514,5509.5,5511.5,,5511.5
1718640000,5511.75,5529.5,5511.5,5529.25,,5529.25
1718641800,5529.25,5534.75,5526.75,5529.5,,5529.5
1718643600,5529.5,5541,5529.5,5539.5,,5539.5
1718645400,5539.25,5552,5538.75,5550.5,,5550.5
1718647200,5550.5,5561,5549.5,5556.75,,5556.75
1718649000,5556.5,5558.25,5551,5554.25,,5554.25
1718650800,5554.25,5560.5,5551.25,5559.5,,5559.5
1718652600,5559.75,5559.75,5544.25,5547.25,,5547.25
1718654400,5547.5,5547.75,5542.75,5545.25,,5545.25
1718717400,5547.5,5558.75,5547,5551.75,,5551.75
1718719200,5551.75,5555.5,5548,5550.5,,5550.5
1718721000,5550.5,5556.25,5545.75,5547.25,,5547.25
1718722800,5547.5,5550,5543.5,5546.75,,5546.75
1718724600,5546.75,5554.5,5545.75,5554.25,,5554.25
1718726400,5554,5557,5549.5,5550,,5550
1718728200,5550,5555.5,5548.25,5554.5,,5554.5
1718730000,5554.5,5558,5550.5,5556.75,,5556.75
1718731800,5556.75,5562.25,5554.75,5557,,5557
1718733600,5557.25,5557.5,5546.5,5553.5,,5553.5
1718735400,5553.25,5556.5,5551.25,5556.25,,5556.25
1718737200,5556.5,5557,5550,5555,,5555
1718739000,5555.25,5561.75,5553.25,5561.5,,5561.5
1718740800,5561.5,5562.75,5557.5,5562.25,,5562.25
1718890200,5570.25,5576.75,5563.75,5571,,5571
1718892000,5571.25,5573.5,5559,5565.5,,5565.5
1718893800,5565.5,5568.75,5561.5,5567.5,,5567.5
1718895600,5567.5,5570.75,5562,5563,,5563
1718897400,5563.25,5566.25,5558,5558.25,,5558.25
1718899200,5558.25,5561,5543.25,5543.75,,5543.75
1718901000,5543.75,5551,5533.5,5546.75,,5546.75
1718902800,5546.5,5546.75,5531,5534,,5534
1718904600,5534,5544.5,5525.5,5544.25,,5544.25
1718906400,5544.5,5555.5,5543.5,5554.5,,5554.5
1718908200,5554.5,5555.75,5545,5545.25,,5545.25
1718910000,5545.25,5546.75,5531.5,5545.5,,5545.5
1718911800,5545.75,5552.5,5539.5,5545.25,,5545.25
1718913600,5545,5546,5539.25,5541,,5541
1718976600,5534.25,5538,5519,5527.5,,5527.5
1718978400,5527.75,5537.25,5527,5532.5,,5532.5
1718980200,5532.5,5538.25,5527.75,5537.5,,5537.5
1718982000,5537.5,5542,5532.5,5533,,5533
1718983800,5533,5544.5,5528.75,5544.25,,5544.25
1718985600,5544.25,5545.75,5539,5541.75,,5541.75
1718987400,5541.75,5542.5,5533.5,5534.5,,5534.5
1718989200,5534.5,5537.5,5527.5,5529.75,,5529.75
1718991000,5529.5,5534.25,5524.25,5528.25,,5528.25
1718992800,5528.5,5536.5,5526.25,5536,,5536
1718994600,5535.75,5536,5528.5,5532.25,,5532.25
1718996400,5532.25,5537.75,5531.5,5533.25,,5533.25
1718998200,5533,5541.75,5530,5530.25,,5530.25
1719000000,5530,5539,5529.5,5538.25,,5538.25
1719235800,5531,5547,5525.75,5545.5,,5545.5
1719237600,5545.25,5558.5,5541.5,5543.25,,5543.25
1719239400,5543.5,5552.5,5535.5,5548.75,,5548.75
1719241200,5548.5,5552.5,5544.25,5550.75,,5550.75
1719243000,5550.5,5552,5546,5551,,5551
1719244800,5550.75,5551.5,5544.5,5548.5,,5548.5
1719246600,5548.75,5551,5537.25,5539.75,,5539.75
1719248400,5539.75,5541.75,5528,5531,,5531
1719250200,5530.75,5533.75,5524.25,5528,,5528
1719252000,5528.25,5529,5522.5,5526,,5526
1719253800,5526,5534.5,5523.25,5530.75,,5530.75
1719255600,5530.5,5535,5528,5530.5,,5530.5
1719257400,5530.5,5532.25,5514.5,5514.5,,5514.5
1719259200,5514.75,5517.5,5510.25,5516.25,,5516.25
1719322200,5527.25,5528.25,5517.5,5519,,5519
1719324000,5518.5,5529,5517.75,5527.5,,5527.5
1719325800,5527.5,5530.25,5521.5,5524,,5524
1719327600,5524,5532.25,5522.5,5528,,5528
1719329400,5528,5531.75,5526.5,5530.75,,5530.75
1719331200,5530.75,5531,5521.5,5523.5,,5523.5
1719333000,5523.25,5523.5,5512.25,5516.5,,5516.5
1719334800,5516.5,5524.25,5511.75,5524,,5524
1719336600,5524.25,5529,5521.5,5527,,5527
1719338400,5527,5536.25,5525.5,5536,,5536
1719340200,5536,5536.25,5525.25,5531.5,,5531.5
1719342000,5531.5,5538.5,5529.75,5538.5,,5538.5
1719343800,5538.25,5539.75,5528.75,5535.25,,5535.25
1719345600,5535.25,5536.25,5531.75,5533.75,,5533.75
1719408600,5523,5530.25,5518,5527.25,,5527.25
1719410400,5527.25,5534.5,5522.25,5524.5,,5524.5
1719412200,5524.25,5532.25,5523.75,5528.5,,5528.5
1719414000,5528.25,5530.5,5516.25,5526,,5526
1719415800,5526,5541.5,5522.75,5539.75,,5539.75
1719417600,5539.75,5541,5535.25,5538.25,,5538.25
1719419400,5538.5,5540,5529,5534,,5534
1719421200,5534,5536.5,5526.25,5531.5,,5531.5
1719423000,5531.5,5535.75,5528.75,5534.75,,5534.75
1719424800,5534.75,5535.5,5531,5533.5,,5533.5
1719426600,5533.5,5537.5,5529.25,5532,,5532
1719428400,5532,5533.25,5527.5,5532.75,,5532.75
1719430200,5532.5,5549,5530.75,5541.5,,5541.5
1719432000,5541.75,5542,5528.75,5533.5,,5533.5
1719495000,5538.75,5554.25,5536.5,5546.5,,5546.5
1719496800,5546.25,5555,5542.75,5550.75,,5550.75
1719498600,5550.75,5553.75,5541.5,5545.25,,5545.25
1719500400,5545.25,5545.75,5533.5,5537.5,,5537.5
1719502200,5537.5,5538,5531,5537,,5537
1719504000,5536.75,5544.5,5535.25,5542.75,,5542.75
1719505800,5542.75,5545.25,5540.25,5540.5,,5540.5
1719507600,5540.5,5547.75,5540.5,5547.5,,5547.5
1719509400,5547.5,5548.5,5541.75,5542,,5542
1719511200,5542.25,5542.25,5530,5531.25,,5531.25
1719513000,5531.5,5538.5,5530,5537.5,,5537.5
1719514800,5537.25,5542,5536,5541.5,,5541.5
1719516600,5541.5,5549,5535.75,5548,,5548
1719518400,5548,5551.75,5546.75,5549.25,,5549.25
1719581400,5552.75,5563.75,5547.75,5562,,5562
1719583200,5562,5585,5562,5577.75,,5577.75
1719585000,5577.5,5583,5563.25,5568.25,,5568.25
1719586800,5568,5568.25,5553.5,5558.75,,5558.75
1719588600,5558.5,5564.5,5556.5,5558.25,,5558.25
1719590400,5558,5559.5,5543,5550.5,,5550.5
1719592200,5550.5,5552.25,5535.5,5544,,5544
1719594000,5544,5551,5540.75,5543.75,,5543.75
1719595800,5544,5545.75,5539.5,5541.5,,5541.5
1719597600,5541.25,5547.25,5533.25,5535,,5535
1719599400,5535.25,5537.75,5530.75,5532.5,,5532.5
1719601200,5532.5,5533,5527.5,5529.5,,5529.5
1719603000,5529.5,5536.5,5510.75,5523.25,,5523.25
1719604800,5523.5,5534,5523,5531.75,,5531.75
1719840600,5537,5539.25,5521,5528.25,,5528.25
1719842400,5528.25,5534.75,5505.5,5523.25,,5523.25
1719844200,5523,5524,5504.5,5513,,5513
1719846000,5513.25,5522.25,5508,5522,,5522
1719847800,5522.25,5525,5516.25,5524.75,,5524.75
1719849600,5524.75,5533,5519.5,5532.75,,5532.75
1719851400,5532.75,5534.25,5528.75,5531,,5531
1719853200,5531,5533,5526.75,5531.25,,5531.25
1719855000,5531.25,5533.25,5528.5,5529.75,,5529.75
1719856800,5530,5537.5,5525.75,5528.75,,5528.75
1719858600,5528.75,5530.5,5525.25,5528,,5528
1719860400,5528,5532,5518.5,5524,,5524
1719862200,5523.75,5539.5,5523,5533.75,,5533.75
1719864000,5534,5535,5531.75,5532,,5532
1719927000,5516,5535.75,5515,5530.5,,5530.5
1719928800,5530.5,5536.25,5523.75,5532.5,,5532.5
1719930600,5532.5,5539,5530,5536.75,,5536.75
1719932400,5536.5,5540.5,5533.5,5540,,5540
1719934200,5540,5544.25,5534.5,5535.75,,5535.75
1719936000,5535.5,5538.25,5530.25,5537.5,,5537.5
1719937800,5537.25,5539.25,5535,5538.75,,5538.75
1719939600,5538.75,5548.5,5538,5545.5,,5545.5
1719941400,5545.75,5554,5543.5,5551.75,,5551.75
1719943200,5552,5558.25,5551.5,5556.5,,5556.5
1719945000,5556.5,5559.25,5554.75,5555.5,,5555.5
1719946800,5555.5,5560,5554,5558.75,,5558.75
1719948600,5558.5,5569.75,5557,5569.5,,5569.5
1719950400,5569.5,5569.75,5562.25,5565.25,,5565.25
1720013400,5564.25,5574.5,5563.75,5574,,5574
1720015200,5574,5580,5566.75,5569.75,,5569.75
1720017000,5569.5,5577,5568.75,5575.75,,5575.75
1720018800,5576,5582.5,5572.25,5577.5,,5577.5
1720020600,5577.75,5581.5,5576.25,5581,,5581
1720022400,5581,5589.5,5580.5,5589,,5589
1720024200,5589,5595.75,5583,5591,,5591
1720026000,5591.25,5592.5,5589.25,5591,,5591
1720186200,5592.25,5600.25,5588.25,5600.25,,5600.25
1720188000,5600.25,5602.75,5585.5,5595.75,,5595.75
1720189800,5595.75,5603.25,5592.5,5598.5,,5598.5
1720191600,5598.5,5606.5,5595.5,5603.75,,5603.75
1720193400,5603.75,5612.5,5603.5,5610.75,,5610.75
1720195200,5610.75,5612.75,5607,5611.25,,5611.25
1720197000,5611.25,5611.25,5606.25,5610.5,,5610.5
1720198800,5610.5,5615.25,5608.25,5614,,5614
1720200600,5614,5621,5613.75,5618,,5618
1720202400,5618.25,5619.25,5614.25,5615.5,,5615.5
1720204200,5615.5,5619.5,5613.5,5618.75,,5618.75
1720206000,5618.5,5621.25,5617.5,5619,,5619
1720207800,5618.75,5626,5617.75,5622,,5622
1720209600,5622,5622.25,5617.5,5619.25,,5619.25
1720445400,5629,5637.5,5627.75,5635.25,,5635.25
1720447200,5635.25,5635.5,5626.5,5629.75,,5629.75
1720449000,5629.5,5630.75,5623.75,5626.75,,5626.75
1720450800,5626.75,5630,5625,5628.25,,5628.25
1720452600,5628,5629,5621.5,5625.25,,5625.25
1720454400,5625.5,5625.5,5617.25,5620,,5620
1720456200,5620,5623.25,5619,5622.25,,5622.25
1720458000,5622.25,5623.25,5618.75,5623,,5623
1720459800,5623.25,5628,5623,5626.5,,5626.5
1720461600,5626.75,5627,5623.5,5626.5,,5626.5
1720463400,5626.5,5626.5,5615.25,5623.5,,5623.5
1720465200,5623.75,5624,5619.25,5620,,5620
1720467000,5620.25,5629.25,5619.25,5627.5,,5627.5
1720468800,5627.25,5629.75,5625.25,5627.75,,5627.75
1720531800,5636,5642,5634.25,5640,,5640
1720533600,5640.25,5642.75,5630,5634,,5634
1720535400,5633.75,5642.75,5631.25,5637,,5637
1720537200,5636.75,5639,5630.75,5634,,5634
1720539000,5634.25,5639,5631.75,5638.5,,5638.5
1720540800,5638.75,5641.75,5637,5640.25,,5640.25
1720542600,5640.5,5641,5634.75,5641,,5641
1720544400,5641,5645.75,5631,5633.75,,5633.75
1720546200,5633.5,5637,5633,5634.75,,5634.75
1720548000,5634.75,5634.75,5630.75,5630.75,,5630.75
1720549800,5631,5635.25,5629.5,5632.25,,5632.25
1720551600,5632.25,5632.5,5628.25,5631,,5631
1720553400,5631,5634,5628.75,5631.75,,5631.75
1720555200,5632,5633.5,5630.5,5631.5,,5631.5
1720618200,5643.25,5646.5,5640.5,5645.75,,5645.75
1720620000,5645.75,5650.25,5644,5646.25,,5646.25
1720621800,5646.25,5646.5,5641.5,5643,,5643
1720623600,5642.75,5649.5,5640.25,5649.5,,5649.5
1720625400,5649.5,5652.75,5649,5651.5,,5651.5
1720627200,5651.5,5663.25,5651,5662,,5662
1720629000,5662.25,5666.5,5659.5,5666.25,,5666.25
1720630800,5666.25,5670.5,5664,5666.75,,5666.75
1720632600,5666.75,5671.75,5665,5671,,5671
1720634400,5671.25,5671.75,5667.25,5669,,5669
1720636200,5669,5675.75,5668.5,5674.25,,5674.25
1720638000,5674,5674.75,5670.75,5673.75,,5673.75
1720639800,5674,5690.5,5673,5686.25,,5686.25
1720641600,5686,5687,5683,5684,,5684
1720704600,5686.5,5692.25,5684.5,5692.25,,5692.25
1720706400,5692.25,5695.75,5665,5670,,5670
1720708200,5669.75,5676.25,5656,5657,,5657
1720710000,5657,5664.75,5643.25,5645.25,,5645.25
1720711800,5645.25,5648,5636,5639.5,,5639.5
1720713600,5639.5,5646.25,5633.5,5643.75,,5643.75
1720715400,5643.75,5649.75,5631.75,5635.25,,5635.25
1720717200,5635.25,5643.25,5630.25,5642.5,,5642.5
1720719000,5642.5,5642.5,5630,5631,,5631
1720720800,5631,5640.75,5630,5634,,5634
1720722600,5634,5645,5633.5,5643.5,,5643.5
1720724400,5643.5,5647,5636.5,5637.5,,5637.5
1720726200,5637.25,5647.75,5635.75,5636,,5636
1720728000,5636.25,5641.5,5632.75,5639,,5639
1720791000,5646,5660.75,5642.5,5658.75,,5658.75
1720792800,5659,5669,5656,5668.25,,5668.25
1720794600,5668.25,5684.5,5667,5682.5,,5682.5
1720796400,5682.5,5688.25,5680.75,5688,,5688
1720798200,5688,5688.5,5677.75,5678.75,,5678.75
1720800000,5678.5,5681.5,5671.75,5676.75,,5676.75
1720801800,5677,5687.25,5675,5687.25,,5687.25
1720803600,5687.25,5695.5,5685.75,5695.25,,5695.25
1720805400,5695.25,5708.25,5693.25,5701.75,,5701.75
1720807200,5701.75,5705.75,5697.25,5701.5,,5701.5
1720809000,5701.5,5704,5698.75,5703.5,,5703.5
1720810800,5703.5,5704.25,5696.5,5699.25,,5699.25
1720812600,5699.25,5699.25,5660,5670.25,,5670.25
1720814400,5670.25,5674.25,5666,5668.75,,5668.75
1721050200,5690.5,5698,5683.25,5688.75,,5688.75
1721052000,5688.75,5697.5,5688.75,5697,,5697
1721053800,5697,5708,5696.25,5706.75,,5706.75
1721055600,5706.75,5718.75,5706,5707.5,,5707.5
1721057400,5707.25,5711.75,5701.5,5708,,5708
1721059200,5707.75,5708,5691.25,5699,,5699
1721061000,5698.75,5702,5692.25,5695.75,,5695.75
1721062800,5695.75,5695.75,5683.25,5686.25,,5686.25
1721064600,5686.25,5686.75,5676.75,5680.5,,5680.5
1721066400,5680.5,5688.5,5676.5,5687.75,,5687.75
1721068200,5688,5695.25,5686.25,5692.75,,5692.75
1721070000,5692.75,5695.75,5689.25,5690.75,,5690.75
1721071800,5690.75,5693.25,5666,5685.5,,5685.5
1721073600,5685.25,5688,5682.25,5685.25,,5685.25
1721136600,5698.25,5705.75,5696.75,5700.25,,5700.25
1721138400,5700.25,5702.25,5690.25,5696,,5696
1721140200,5696,5706.75,5693.25,5701.75,,5701.75
1721142000,5701.75,5714.25,5698,5704.5,,5704.5
1721143800,5704.5,5705.5,5697.25,5700.25,,5700.25
1721145600,5700.5,5703.75,5691.5,5695.5,,5695.5
1721147400,5695.75,5705.5,5692,5704.75,,5704.75
1721149200,5705,5705,5695.75,5696.75,,5696.75
1721151000,5696.75,5702.5,5694,5701.5,,5701.5
1721152800,5701.5,5705.25,5695.25,5703,,5703
1721154600,5703,5715.5,5702,5715,,5715
1721156400,5715.25,5715.75,5709.75,5714,,5714
1721158200,5713.75,5721.25,5709.25,5717.75,,5717.75
1721160000,5718,5718,5712.25,5715,,5715
1721223000,5655.25,5672.75,5655.25,5665.75,,5665.75
1721224800,5665.75,5666.25,5646.25,5654.25,,5654.25
1721226600,5654.25,5658.5,5649,5650,,5650
1721228400,5650,5655,5645.25,5653.5,,5653.5
1721230200,5653.25,5654.25,5645,5651.25,,5651.25
1721232000,5651.5,5652.75,5640,5640.5,,5640.5
1721233800,5640.75,5648.25,5637.75,5647,,5647
1721235600,5647.25,5647.25,5633.25,5641,,5641
1721237400,5641,5646.5,5638.5,5640.5,,5640.5
1721239200,5640.75,5649,5635.75,5648,,5648
1721241000,5647.75,5651.75,5640,5642,,5642
1721242800,5642,5650,5637.75,5648.5,,5648.5
1721244600,5648.25,5650.75,5637.25,5637.25,,5637.25
1721246400,5637.25,5639.25,5631.75,5638.75,,5638.75
1721309400,5651.75,5655.25,5643.25,5654.75,,5654.75
1721311200,5654.75,5661.75,5650.5,5654.75,,5654.75
1721313000,5654.75,5654.75,5622.5,5635.25,,5635.25
1721314800,5635.5,5638,5604,5604.25,,5604.25
1721316600,5604,5610.25,5593.5,5595.75,,5595.75
1721318400,5595.75,5602,5590,5595.25,,5595.25
1721320200,5595.5,5609.25,5593,5609,,5609
1721322000,5609.25,5615.5,5600.5,5609.75,,5609.75
1721323800,5610,5614.25,5601,5602.75,,5602.75
1721325600,5603,5603.5,5591.75,5592,,5592
1721327400,5592,5595,5580,5589.75,,5589.75
1721329200,5589.75,5594.75,5570.25,5580.5,,5580.5
1721331000,5580.25,5605,5577.25,5593.25,,5593.25
1721332800,5593.25,5598.5,5591.25,5595,,5595
1721395800,5587.25,5604.75,5581.5,5593.25,,5593.25
1721397600,5593.25,5596.75,5573.25,5574.5,,5574.5
1721399400,5574.5,5581.25,5570,5575,,5575
1721401200,5575.25,5583.75,5559.25,5559.75,,5559.75
1721403000,5560,5574.25,5555.25,5574.25,,5574.25
1721404800,5574,5578.5,5563.25,5564,,5564
1721406600,5564.25,5565.5,5552.5,5556.75,,5556.75
1721408400,5557,5557.25,5542,5549.25,,5549.25
1721410200,5549,5558,5544,5557.25,,5557.25
1721412000,5557.25,5560.5,5549.5,5550.25,,5550.25
1721413800,5550.25,5555.75,5543.5,5554.75,,5554.75
1721415600,5554.75,5568.5,5554,5564,,5564
1721417400,5563.75,5564.75,5545.5,5553.75,,5553.75
1721419200,5553.75,5560.25,5547.25,5548.25,,5548.25
1721655000,5593.5,5607.75,5586,5590,,5590
1721656800,5589.75,5595.25,5576.5,5595.25,,5595.25
1721658600,5595.25,5607.75,5590.75,5601,,5601
1721660400,5601,5608.25,5579.75,5580.25,,5580.25
1721662200,5580.5,5582,5572.75,5580.25,,5580.25
1721664000,5580.25,5586.75,5575.25,5583.5,,5583.5
1721665800,5583.25,5600.75,5580.5,5598.25,,5598.25
1721667600,5598.5,5607.25,5598.5,5604.5,,5604.5
1721669400,5604.5,5612,5604.25,5608.5,,5608.5
1721671200,5608.75,5614.25,5604.75,5609.25,,5609.25
1721673000,5609,5616,5609,5611.5,,5611.5
1721674800,5611.75,5613.75,5604.75,5608.5,,5608.5
1721676600,5608.75,5614.75,5606.5,5609.5,,5609.5
1721678400,5609.75,5613,5609,5610.25,,5610.25
1721741400,5607.5,5620.75,5603.5,5617.5,,5617.5
1721743200,5617.5,5626.5,5614.5,5622.25,,5622.25
1721745000,5622.5,5624,5604.5,5611.25,,5611.25
1721746800,5611.25,5629.75,5610.5,5626.5,,5626.5
1721748600,5626.5,5628.75,5622.25,5624.25,,5624.25
1721750400,5624.5,5626,5607.25,5612.75,,5612.75
1721752200,5612.75,5613.5,5603.5,5608,,5608
1721754000,5608.25,5612,5603.75,5609.25,,5609.25
1721755800,5609.25,5615.75,5604.5,5614.5,,5614.5
1721757600,5614.25,5617.75,5607,5610.75,,5610.75
1721759400,5611,5616.25,5610,5613,,5613
1721761200,5613.25,5615.75,5609.5,5614,,5614
1721763000,5613.75,5614,5594.5,5598.75,,5598.75
1721764800,5599,5611.5,5593.75,5595.75,,5595.75
1721827800,5548.5,5551.75,5522.75,5527.25,,5527.25
1721829600,5527,5528.75,5513.25,5519.25,,5519.25
1721831400,5519.5,5521.5,5511.5,5515,,5515
1721833200,5515.25,5516,5500.5,5506.25,,5506.25
1721835000,5506.25,5511.75,5502,5502.5,,5502.5
1721836800,5502.75,5508.25,5497.5,5500.75,,5500.75
1721838600,5501,5504,5495.25,5497.75,,5497.75
1721840400,5497.75,5509.25,5496.25,5501.75,,5501.75
1721842200,5501.75,5508.5,5496.25,5497.75,,5497.75
1721844000,5497.75,5500.75,5490.5,5492.5,,5492.5
1721845800,5492.25,5495,5476.75,5483.75,,5483.75
1721847600,5483.5,5485,5474.25,5475.75,,5475.75
1721849400,5475.75,5488.5,5462,5471.75,,5471.75
1721851200,5472,5483.25,5470.5,5481.25,,5481.25
1721914200,5471.75,5474.25,5454,5456.75,,5456.75
1721916000,5457,5465.75,5432.5,5464,,5464
1721917800,5464.25,5486.5,5458.25,5486,,5486
1721919600,5486,5504.5,5478.5,5489.75,,5489.75
1721921400,5490,5498.5,5481.75,5497.75,,5497.75
1721923200,5497.75,5522.25,5491,5519.5,,5519.5
1721925000,5519.75,5524.75,5512.75,5519.5,,5519.5
1721926800,5519.5,5533.25,5502.75,5505.25,,5505.25
1721928600,5505.5,5509.25,5499.25,5504.5,,5504.5
1721930400,5504.5,5505,5483,5487.75,,5487.75
1721932200,5487.75,5493,5463.25,5466.25,,5466.25
1721934000,5466,5495.25,5465.75,5489.5,,5489.5
1721935800,5489.75,5491.25,5439,5441.25,,5441.25
1721937600,5441.25,5445,5433.25,5444.5,,5444.5
1722000600,5478.5,5487,5470,5484,,5484
1722002400,5484.5,5501.75,5475,5491.75,,5491.75
1722004200,5491.75,5493.5,5471.75,5489.75,,5489.75
1722006000,5489.75,5495.75,5483,5487.5,,5487.5
1722007800,5487.5,5505.25,5484,5504,,5504
1722009600,5504.25,5516,5503,5511.5,,5511.5
1722011400,5511.5,5525,5508.75,5523.75,,5523.75
1722013200,5523.75,5528.25,5518.5,5526.75,,5526.75
1722015000,5526.75,5527.5,5495.75,5505,,5505
1722016800,5505.25,5510.25,5499.25,5500.5,,5500.5
1722018600,5500.75,5505,5489.25,5491.5,,5491.5
1722020400,5491.5,5506.5,5486,5503.25,,5503.25
1722022200,5503.25,5504,5482.5,5499.25,,5499.25
1722024000,5499,5502.5,5495.75,5500.25,,5500.25
1722259800,5514.25,5521,5501.5,5520.75,,5520.75
1722261600,5520.75,5525,5503.25,5508.25,,5508.25
1722263400,5508.25,5511.25,5497,5497.5,,5497.5
1722265200,5497.75,5498.5,5487.75,5495.5,,5495.5
1722267000,5495.75,5512.5,5481,5510.75,,5510.75
1722268800,5510.75,5522.5,5510.5,5514.5,,5514.5
1722270600,5514.75,5521.5,5513.25,5517.25,,5517.25
1722272400,5517.25,5525.25,5507.75,5508,,5508
1722274200,5508,5514.75,5504.25,5509.5,,5509.5
1722276000,5509.5,5509.75,5500.5,5504.25,,5504.25
1722277800,5504.25,5507.5,5499.5,5506.25,,5506.25
1722279600,5506.5,5511.5,5502.75,5509.25,,5509.25
1722281400,5509.25,5515.75,5500.25,5503,,5503
1722283200,5503,5505.25,5500.25,5501.25,,5501.25
1722346200,5516.25,5527.5,5511.5,5517,,5517
1722348000,5517,5519,5501.75,5503.5,,5503.5
1722349800,5503.5,5505,5490.5,5492,,5492
1722351600,5492.25,5493.75,5465.5,5474.75,,5474.75
1722353400,5474.5,5477.25,5457.5,5458.25,,5458.25
1722355200,5458.5,5466,5454,5461.25,,5461.25
1722357000,5461.5,5465,5441,5441.5,,5441.5
1722358800,5441.5,5459.75,5438,5458.25,,5458.25
1722360600,5458.25,5468.25,5455,5466.25,,5466.25
1722362400,5466.25,5480,5463.5,5472.5,,5472.5
1722364200,5472.25,5475.5,5463,5467.75,,5467.75
1722366000,5467.75,5473,5460.75,5470.5,,5470.5
1722367800,5470.5,5491,5466,5472.75,,5472.75
1722369600,5472.75,5477.5,5433,5444,,5444
1722432600,5543.25,5546.5,5528.75,5540.75,,5540.75
1722434400,5540.5,5559.25,5538,5556.75,,5556.75
1722436200,5556.75,5566.75,5549.75,5559.25,,5559.25
1722438000,5559.25,5566.25,5557.25,5565,,5565
1722439800,5564.75,5571,5556.25,5560.25,,5560.25
1722441600,5560.5,5564.75,5556.5,5558.5,,5558.5
1722443400,5558.5,5562.75,5554.25,5555,,5555
1722445200,5555.25,5563.5,5552.5,5556.5,,5556.5
1722447000,5556.5,5561.25,5539.5,5555.75,,5555.75
1722448800,5555.5,5566.5,5547,5563,,5563
1722450600,5563.25,5588.5,5557.75,5584,,5584
1722452400,5584,5587.5,5545.5,5549.5,,5549.5
1722454200,5549.75,5576.25,5546,5556.5,,5556.5
1722456000,5556.5,5582.75,5555.75,5567,,5567
1722519000,5578,5600.75,5576.25,5592.5,,5592.5
1722520800,5592.25,5595.75,5549.75,5550.25,,5550.25
1722522600,5550.5,5554.5,5524,5526.25,,5526.25
1722524400,5526.25,5528.5,5511.25,5513,,5513
1722526200,5512.75,5517.5,5493,5498.5,,5498.5
1722528000,5498.75,5515.5,5495.25,5502,,5502
1722529800,5502,5502,5482.5,5488.25,,5488.25
1722531600,5488.5,5490.75,5469.5,5473.75,,5473.75
1722533400,5474,5477,5455.25,5476.75,,5476.75
1722535200,5476.75,5479.5,5448.75,5453.25,,5453.25
1722537000,5453.25,5459,5444.75,5450.25,,5450.25
1722538800,5450.25,5467.5,5447,5465.25,,5465.25
1722540600,5465.5,5485.75,5462,5480.75,,5480.75
1722542400,5480.75,5485.5,5457.25,5465,,5465
1722605400,5404.5,5417.25,5386,5388.5,,5388.5
1722607200,5388.5,5396.75,5342,5351.25,,5351.25
1722609000,5351.25,5361.5,5336.25,5338.75,,5338.75
1722610800,5338.75,5347.25,5331.75,5340,,5340
1722612600,5340.25,5374.25,5338,5367.75,,5367.75
1722614400,5367.75,5378.5,5356.25,5373,,5373
1722616200,5373.25,5381.75,5351.75,5358.25,,5358.25
1722618000,5358.25,5366.5,5351,5352,,5352
1722619800,5351.75,5353.5,5342.25,5348.25,,5348.25
1722621600,5348,5363.75,5341.25,5363.25,,5363.25
1722623400,5363.5,5370.5,5354.5,5355,,5355
1722625200,5355,5372.25,5352.25,5370,,5370
1722627000,5369.75,5378.5,5351,5376.25,,5376.25
1722628800,5376.5,5376.75,5368.5,5372,,5372
1722864600,5159.5,5225,5146,5195.25,,5195.25
1722866400,5196.5,5254.5,5189,5189.75,,5189.75
1722868200,5189.75,5235.5,5189.25,5207.5,,5207.5
1722870000,5207.5,5253,5196.75,5240,,5240
1722871800,5240,5264,5234.25,5247.5,,5247.5
1722873600,5247.5,5279.5,5240,5279,,5279
1722875400,5279.25,5279.25,5227.75,5232.75,,5232.75
1722877200,5232.75,5251.75,5226,5240.25,,5240.25
1722879000,5240,5252.25,5230.5,5234,,5234
1722880800,5234.25,5235.5,5220.75,5233,,5233
1722882600,5233,5237.5,5199.75,5201,,5201
1722884400,5201,5215.5,5196.75,5207.75,,5207.75
1722886200,5208,5223,5192.25,5218.75,,5218.75
1722888000,5219,5250.75,5213.5,5228.5,,5228.5
1722951000,5235.25,5268.25,5221.75,5262.25,,5262.25
1722952800,5262,5286.75,5255,5273,,5273
1722954600,5273,5309,5265,5297.25,,5297.25
1722956400,5297.25,5302.25,5267,5267.5,,5267.5
1722958200,5267.75,5303.75,5267.25,5302.5,,5302.5
1722960000,5302.75,5313.5,5299,5303.75,,5303.75
1722961800,5303.75,5324.5,5298.5,5320,,5320
1722963600,5320.25,5325.5,5314.25,5322.25,,5322.25
1722965400,5322.5,5328.25,5315,5322.75,,5322.75
1722967200,5323,5333.25,5312.5,5332.75,,5332.75
1722969000,5333,5342,5318,5318.5,,5318.5
1722970800,5318.25,5320.5,5293.5,5311,,5311
1722972600,5311,5314.25,5262.5,5264.75,,5264.75
1722974400,5264.75,5269.5,5254.75,5261,,5261
1723037400,5327.75,5354.75,5323.25,5353.5,,5353.5
1723039200,5353.25,5359.25,5325.25,5330,,5330
1723041000,5330.25,5353.5,5327.5,5347.5,,5347.5
1723042800,5347.5,5354.5,5331.5,5338,,5338
1723044600,5338.25,5343,5313,5323,,5323
1723046400,5323.25,5323.75,5300.5,5319.25,,5319.25
1723048200,5319.25,5321.25,5288.75,5293,,5293
1723050000,5292.75,5296.25,5265,5278.75,,5278.75
1723051800,5278.75,5292.25,5256.75,5262.5,,5262.5
1723053600,5262.25,5264.25,5236.25,5248.75,,5248.75
1723055400,5248.5,5249.75,5230.5,5236.75,,5236.75
1723057200,5236.75,5263,5235.25,5252.75,,5252.75
1723059000,5252.5,5260,5222.25,5228.75,,5228.75
1723060800,5228.75,5233.75,5223.75,5229.25,,5229.25
1723123800,5280.75,5292.5,5259.75,5292.25,,5292.25
1723125600,5292.5,5322.75,5288.25,5320.75,,5320.75
1723127400,5320.75,5326.75,5314,5324.25,,5324.25
1723129200,5324.25,5327.25,5306,5320.5,,5320.5
1723131000,5320.25,5326.75,5310.5,5318.75,,5318.75
1723132800,5318.75,5332.5,5317.75,5326,,5326
1723134600,5326,5326.5,5308.25,5320.25,,5320.25
1723136400,5320.5,5342.25,5309,5341.5,,5341.5
1723138200,5341.75,5347.25,5339,5344.5,,5344.5
1723140000,5344.5,5355.5,5341.5,5345.75,,5345.75
1723141800,5345.5,5351.5,5337.25,5343.5,,5343.5
1723143600,5343.5,5349.75,5332.25,5335.25,,5335.25
1723145400,5335.25,5352.5,5323.75,5348.25,,5348.25
1723147200,5348.5,5360.25,5347.5,5349.75,,5349.75
1723210200,5337.5,5351,5324.75,5332,,5332
1723212000,5331.75,5357.75,5327.5,5345.5,,5345.5
1723213800,5345.75,5361.5,5333,5355,,5355
1723215600,5354.75,5366.5,5348,5348.25,,5348.25
1723217400,5348.5,5358.5,5340.75,5342.75,,5342.75
1723219200,5343,5346.5,5337.75,5342.75,,5342.75
1723221000,5342.5,5354.5,5342,5354.25,,5354.25
1723222800,5354.25,5381.5,5352.75,5381.5,,5381.5
1723224600,5381.5,5385.25,5363.25,5366,,5366
1723226400,5366.25,5370,5356.75,5360,,5360
1723228200,5360,5367.75,5354.25,5364,,5364
1723230000,5363.75,5371.5,5358.25,5367,,5367
1723231800,5367,5374,5360.25,5368.5,,5368.5
1723233600,5368.75,5370.25,5365.25,5367.75,,5367.75
1723469400,5381,5383.75,5347.75,5352.5,,5352.5
1723471200,5352.5,5386.5,5350.25,5380.75,,5380.75
1723473000,5380.75,5392.25,5379.25,5391.25,,5391.25
1723474800,5391.5,5396.75,5357.25,5367.5,,5367.5
1723476600,5367.25,5388.75,5360.25,5387.25,,5387.25
1723478400,5387.25,5390.25,5376.25,5379.5,,5379.5
1723480200,5379.25,5384.5,5366,5366.5,,5366.5
1723482000,5366.5,5381.25,5359.5,5373.25,,5373.25
1723483800,5373.25,5377.5,5356.25,5362.5,,5362.5
1723485600,5362.75,5370.75,5360.75,5364.75,,5364.75
1723487400,5365,5371.25,5362.75,5370.75,,5370.75
1723489200,5371,5371.25,5362.5,5365.25,,5365.25
1723491000,5365.25,5372.75,5356.25,5371.75,,5371.75
1723492800,5371.75,5374,5365.75,5369,,5369
1723555800,5403.5,5423,5401.5,5416.25,,5416.25
1723557600,5416.25,5417.5,5403.75,5413,,5413
1723559400,5412.75,5423.75,5401.5,5422,,5422
1723561200,5421.75,5428.5,5419.75,5425.25,,5425.25
1723563000,5425,5431.5,5423.25,5428.5,,5428.5
1723564800,5428.75,5440.5,5425.75,5435.25,,5435.25
1723566600,5435.25,5450.25,5431.25,5449.25,,5449.25
1723568400,5449,5449.25,5444,5446.25,,5446.25
1723570200,5446.25,5448.75,5433.25,5446,,5446
1723572000,5446,5449.25,5441.25,5448,,5448
1723573800,5448,5453.5,5446.75,5452.75,,5452.75
1723575600,5453,5455.75,5445,5450.75,,5450.75
1723577400,5450.75,5461.25,5448,5458.75,,5458.75
1723579200,5458.5,5459.25,5454,5458,,5458
1723642200,5466.25,5470.25,5450.5,5452.5,,5452.5
1723644000,5452.75,5457.75,5446,5456.5,,5456.5
1723645800,5456.5,5462,5438.75,5461,,5461
1723647600,5461.25,5469.25,5459.75,5469.25,,5469.25
1723649400,5469.25,5486,5469.25,5485,,5485
1723651200,5485,5487.75,5459,5464.5,,5464.5
1723653000,5464.5,5470.75,5455.75,5469,,5469
1723654800,5468.75,5473.75,5462.75,5470,,5470
1723656600,5470,5474.5,5467,5471,,5471
1723658400,5471,5472.25,5464,5471.75,,5471.75
1723660200,5471.75,5481.5,5470.5,5481,,5481
1723662000,5480.75,5481.25,5466,5469,,5469
1723663800,5469,5484.75,5465.5,5475.25,,5475.25
1723665600,5475.25,5485,5474.5,5484.5,,5484.5
1723728600,5532.5,5540.75,5526.75,5539.75,,5539.75
1723730400,5539.75,5544.75,5526.25,5541.75,,5541.75
1723732200,5542,5551,5541.25,5547,,5547
1723734000,5547.25,5557,5545.75,5552,,5552
1723735800,5552.25,5559.5,5550.75,5554.25,,5554.25
1723737600,5554,5565.25,5553.75,5564,,5564
1723739400,5564,5564.25,5550.75,5557.5,,5557.5
1723741200,5557.75,5561.25,5552.75,5558.75,,5558.75
1723743000,5558.5,5565,5558.5,5564.75,,5564.75
1723744800,5564.75,5567.25,5562.25,5566,,5566
1723746600,5566.25,5569,5564.25,5567.25,,5567.25
1723748400,5567,5569.75,5562.5,5568.75,,5568.75
1723750200,5568.75,5571.75,5557.25,5568.5,,5568.5
1723752000,5568.75,5570.75,5563,5563,,5563
1723815000,5549.5,5561.75,5547.5,5557.25,,5557.25
1723816800,5558,5571.75,5555.5,5564.75,,5564.75
1723818600,5565,5567,5551.75,5557,,5557
1723820400,5557,5563.5,5555,5562.5,,5562.5
1723822200,5562.25,5571,5560.25,5569.25,,5569.25
1723824000,5569.25,5577.5,5567.25,5574.75,,5574.75
1723825800,5575,5586.25,5573.5,5584,,5584
1723827600,5584.25,5585,5578.75,5581.75,,5581.75
1723829400,5582,5584.75,5575.75,5581.75,,5581.75
1723831200,5581.75,5581.75,5574,5579,,5579
1723833000,5579,5583.25,5575,5581.75,,5581.75
1723834800,5581.75,5583.25,5576.75,5576.75,,5576.75
1723836600,5576.75,5580.5,5571.25,5578.25,,5578.25
1723838400,5578.25,5581.75,5576.5,5581,,5581
1724074200,5582.25,5590.5,5580.25,5584.75,,5584.75
1724076000,5584.75,5592,5573.5,5588.75,,5588.75
1724077800,5589,5602.25,5587.75,5600.5,,5600.5
1724079600,5600.5,5603,5596.75,5600.75,,5600.75
1724081400,5600.5,5605.5,5593.25,5597.5,,5597.5
1724083200,5597.75,5603.75,5594.5,5603.25,,5603.25
1724085000,5603,5610.25,5600.25,5608.5,,5608.5
1724086800,5608.5,5609.75,5604.75,5606.5,,5606.5
1724088600,5606.5,5611,5604.5,5610.75,,5610.75
1724090400,5610.75,5612.75,5608.75,5612.25,,5612.25
1724092200,5612.5,5620.25,5612,5617,,5617
1724094000,5617,5618.5,5613.25,5617.25,,5617.25
1724095800,5617,5631.25,5614.75,5631,,5631
1724097600,5631,5631.75,5624,5625.25,,5625.25
1724160600,5626,5643.75,5625.75,5642.5,,5642.5
1724162400,5642.5,5643.25,5622.75,5626,,5626
1724164200,5625.75,5627,5614.25,5618.5,,5618.5
1724166000,5618.75,5621.5,5613.5,5614.25,,5614.25
1724167800,5614.5,5628,5613,5627.5,,5627.5
1724169600,5627.5,5629,5616.75,5620.5,,5620.5
1724171400,5620.5,5622.5,5614.75,5615,,5615
1724173200,5615.25,5617.75,5607.75,5616.25,,5616.25
1724175000,5616.5,5619.5,5611.5,5617.75,,5617.75
1724176800,5617.75,5632.25,5616.5,5628.5,,5628.5
1724178600,5628.75,5629.75,5622.5,5625.25,,5625.25
1724180400,5625.5,5627,5621,5621.25,,5621.25
1724182200,5621.5,5626.5,5618.5,5621,,5621
1724184000,5621,5625.75,5620,5625.25,,5625.25
1724247000,5631.25,5638.25,5627.5,5637.25,,5637.25
1724248800,5637.25,5642.75,5623.5,5635.5,,5635.5
1724250600,5635.5,5655.25,5619.5,5626.25,,5626.25
1724252400,5626,5637.25,5619.25,5634,,5634
1724254200,5633.75,5635.75,5620,5622.75,,5622.75
1724256000,5622.5,5629,5613.5,5628,,5628
1724257800,5628,5637,5627,5635,,5635
1724259600,5635.25,5637.75,5633.25,5633.75,,5633.75
1724261400,5633.75,5639.5,5632.5,5637.5,,5637.5
1724263200,5637.75,5646.75,5635.25,5646.5,,5646.5
1724265000,5646.25,5651,5637,5641.5,,5641.5
1724266800,5641.25,5643,5626,5635,,5635
1724268600,5634.75,5644,5631.25,5640.25,,5640.25
1724270400,5640,5644.5,5635.5,5640.25,,5640.25
1724333400,5658.75,5665.25,5648.75,5656,,5656
1724335200,5656.5,5657.75,5637.75,5643.75,,5643.75
1724337000,5643.75,5644,5634.25,5638,,5638
1724338800,5638,5645.25,5623,5624.25,,5624.25
1724340600,5624.25,5626.25,5603.25,5610,,5610
1724342400,5610,5632.25,5609.75,5629.5,,5629.5
1724344200,5629.75,5633.5,5605.25,5608.75,,5608.75
1724346000,5608.75,5617,5601,5607.5,,5607.5
1724347800,5607.25,5609,5584.75,5588,,5588
1724349600,5587.75,5604,5585,5603,,5603
1724351400,5603.25,5605.75,5591.25,5592.5,,5592.5
1724353200,5592.75,5604.75,5588,5590.75,,5590.75
1724355000,5590.75,5597.75,5582.75,5595.25,,5595.25
1724356800,5595.25,5599.25,5590.25,5598,,5598
1724419800,5626,5629,5618.75,5628.25,,5628.25
1724421600,5628.5,5662.25,5628.5,5657.75,,5657.75
1724423400,5657.75,5659.5,5614.25,5636,,5636
1724425200,5635.75,5655.25,5625.75,5647.25,,5647.25
1724427000,5647.5,5656,5630,5630.5,,5630.5
1724428800,5630.5,5632.25,5610.25,5616,,5616
1724430600,5616.25,5627.5,5603,5623.25,,5623.25
1724432400,5623.25,5635,5620,5633.25,,5633.25
1724434200,5633.25,5640.75,5632,5634.5,,5634.5
1724436000,5634.75,5640.75,5632.5,5639.25,,5639.25
1724437800,5639.25,5642.75,5634,5638.5,,5638.5
1724439600,5638.5,5653.5,5632.25,5652.25,,5652.25
1724441400,5652.5,5657.75,5637.25,5651.25,,5651.25
1724443200,5651.5,5653.25,5648.5,5650.5,,5650.5
1724679000,5661,5669,5656.5,5660,,5660
1724680800,5660,5661.75,5644.75,5648.75,,5648.75
1724682600,5648.5,5649,5631,5640.75,,5640.75
1724684400,5640.5,5642.75,5634.25,5635.75,,5635.75
1724686200,5636,5639.5,5627,5629,,5629
1724688000,5629,5642,5626.5,5641,,5641
1724689800,5641.25,5646.25,5640.5,5644.5,,5644.5
1724691600,5644.5,5646.5,5637.75,5639.25,,5639.25
1724693400,5639.25,5640.5,5621.25,5624.5,,5624.5
1724695200,5624.5,5633.25,5619.75,5631.75,,5631.75
1724697000,5632,5638.75,5629.5,5638,,5638
1724698800,5637.75,5638.5,5632.75,5634.25,,5634.25
1724700600,5634,5638.5,5628.25,5637.25,,5637.25
1724702400,5637.5,5638,5630.75,5631,,5631
1724765400,5623.25,5631.25,5611.5,5627,,5627
1724767200,5626.75,5640,5624.25,5639.25,,5639.25
1724769000,5639.5,5646,5637.5,5645,,5645
1724770800,5644.75,5649.5,5636.25,5636.5,,5636.5
1724772600,5636.5,5637.75,5626.75,5635.5,,5635.5
1724774400,5635.25,5640.5,5632.25,5636.5,,5636.5
1724776200,5636.5,5639.75,5627,5636.75,,5636.75
1724778000,5636.5,5647.5,5636.5,5646.5,,5646.5
1724779800,5646.75,5649,5642.5,5648,,5648
1724781600,5648,5649.25,5643.5,5646.5,,5646.5
1724783400,5646.25,5647.25,5642,5644.5,,5644.5
1724785200,5644.5,5645.75,5640,5643.5,,5643.5
1724787000,5643.5,5647.25,5640,5643.75,,5643.75
1724788800,5643.75,5647,5642.5,5644.5,,5644.5
1724851800,5640,5644.5,5633.75,5638.5,,5638.5
1724853600,5638.25,5640.5,5631.75,5638.5,,5638.5
1724855400,5638.5,5640.75,5622,5624,,5624
1724857200,5624,5624.25,5604,5610.75,,5610.75
1724859000,5611,5613.5,5604.5,5612,,5612
1724860800,5612,5614,5596,5602.25,,5602.25
1724862600,5602.5,5614.25,5600.5,5613,,5613
1724864400,5613,5616.25,5603.75,5607,,5607
1724866200,5607.25,5610.5,5579.25,5580.75,,5580.75
1724868000,5580.75,5589.75,5577.5,5584.5,,5584.5
1724869800,5584.5,5609.25,5582.5,5608,,5608
1724871600,5607.75,5615.5,5599,5613.25,,5613.25
1724873400,5613.25,5621.5,5608.25,5611.5,,5611.5
1724875200,5611.5,5612.75,5599.5,5606.25,,5606.25
1724938200,5630.5,5639.75,5620.5,5638.25,,5638.25
1724940000,5638,5646.75,5628,5644.25,,5644.25
1724941800,5644,5655,5643,5648,,5648
1724943600,5647.75,5659.25,5641.75,5648.25,,5648.25
1724945400,5648.25,5652.25,5646,5651.75,,5651.75
1724947200,5652,5662.5,5651.25,5660,,5660
1724949000,5659.75,5663.75,5653.75,5658.25,,5658.25
1724950800,5658.25,5658.25,5648.5,5651.5,,5651.5
1724952600,5651.5,5655.75,5646.5,5655.5,,5655.5
1724954400,5655.25,5655.25,5630.5,5632.5,,5632.5
1724956200,5632.5,5632.5,5598,5611.5,,5611.5
1724958000,5611.5,5623.5,5601.75,5617.75,,5617.75
1724959800,5618,5626.5,5602.75,5610.25,,5610.25
1724961600,5610.5,5620.5,5609.75,5617.75,,5617.75
1725024600,5631.25,5642.75,5627.25,5640.75,,5640.75
1725026400,5640.5,5646,5629.25,5636,,5636
1725028200,5636.25,5645.25,5622.25,5623,,5623
1725030000,5623,5628.25,5613.75,5615.25,,5615.25
1725031800,5615.25,5617.25,5604.25,5614.5,,5614.5
1725033600,5614.5,5619.75,5602.75,5604.25,,5604.25
1725035400,5604.25,5616,5594.25,5614.25,,5614.25
1725037200,5614,5621.75,5608.75,5612,,5612
1725039000,5612,5616.5,5610,5611.5,,5611.5
1725040800,5611.75,5623.75,5608.75,5619.75,,5619.75
1725042600,5619.75,5632.5,5619.25,5630,,5630
1725044400,5630,5642.75,5624.5,5641.5,,5641.5
1725046200,5641.25,5665,5634.75,5658.25,,5658.25
1725048000,5658.25,5661.5,5653.25,5654.25,,5654.25
1725370200,5626.25,5630,5603,5612.25,,5612.25
1725372000,5612.25,5612.25,5584.75,5593.5,,5593.5
1725373800,5593.75,5593.75,5572.5,5575.25,,5575.25
1725375600,5575.5,5589.5,5573.25,5585.5,,5585.5
1725377400,5585.75,5591.75,5576.5,5577.75,,5577.75
1725379200,5577.75,5587.25,5573.75,5578.25,,5578.25
1725381000,5578.5,5579,5569,5570.5,,5570.5
1725382800,5570.5,5580.5,5568.5,5578.25,,5578.25
1725384600,5578.25,5579.25,5564,5564.75,,5564.75
1725386400,5564.75,5565.75,5551,5552.25,,5552.25
1725388200,5552.25,5560.25,5546.5,5548.25,,5548.25
1725390000,5548,5553.25,5544.75,5546.75,,5546.75
1725391800,5547,5549.5,5516.75,5543.25,,5543.25
1725393600,5543.25,5547,5541.5,5544.5,,5544.5
1725456600,5522.75,5546.5,5520.75,5545.5,,5545.5
1725458400,5545.5,5549,5521,5546,,5546
1725460200,5546,5560.75,5542.75,5560.25,,5560.25
1725462000,5560.25,5565,5541.5,5542.25,,5542.25
1725463800,5542,5544.5,5533.75,5538.75,,5538.75
1725465600,5538.75,5545.25,5531.25,5541.75,,5541.75
1725467400,5541.75,5551.5,5535.25,5543.75,,5543.75
1725469200,5543.5,5543.75,5531,5532.75,,5532.75
1725471000,5532.5,5537.5,5527.25,5530,,5530
1725472800,5530.25,5535.75,5526.25,5533.75,,5533.75
1725474600,5533.75,5538,5520.5,5521,,5521
1725476400,5521,5529,5515,5527.5,,5527.5
1725478200,5527.5,5540,5521,5528,,5528
1725480000,5528,5528.75,5521.75,5522,,5522
1725543000,5528.25,5542.25,5525.5,5539.25,,5539.25
1725544800,5538.5,5557.25,5534.75,5549.25,,5549.25
1725546600,5549.25,5555,5522.75,5523,,5523
1725548400,5523.25,5525,5497.25,5498.5,,5498.5
1725550200,5498.5,5504.75,5492.5,5494,,5494
1725552000,5494,5505.25,5490,5504.75,,5504.75
1725553800,5505,5512.25,5501.75,5506.5,,5506.5
1725555600,5506.5,5509,5496.75,5497.5,,5497.5
1725557400,5497.25,5526.75,5496.5,5526.25,,5526.25
1725559200,5526.25,5528.75,5518,5519.75,,5519.75
1725561000,5519.75,5531.25,5519,5521,,5521
1725562800,5521,5521.5,5500.75,5512.5,,5512.5
1725564600,5512.5,5522.25,5500,5515,,5515
1725566400,5514.75,5521,5513,5517,,5517
1725629400,5515.5,5532.5,5494.75,5495.5,,5495.5
1725631200,5495.75,5499.25,5462.5,5462.75,,5462.75
1725633000,5462.75,5468,5431.75,5438.5,,5438.5
1725634800,5438.75,5471.5,5425.5,5430.75,,5430.75
1725636600,5430.75,5442.75,5418.5,5421.75,,5421.75
1725638400,5421.75,5426.75,5414,5415,,5415
1725640200,5415,5428,5412.5,5417,,5417
1725642000,5417.25,5436,5414.75,5424.25,,5424.25
1725643800,5424,5426.5,5414.5,5422,,5422
1725645600,5422.25,5424.5,5410.25,5416,,5416
1725647400,5415.75,5422.75,5411.5,5420.5,,5420.5
1725649200,5420.25,5434.75,5419.75,5429.25,,5429.25
1725651000,5429.25,5432.5,5412.5,5420.5,,5420.5
1725652800,5420.75,5421,5411.25,5415.5,,5415.5
1725888600,5462,5470.75,5456.75,5468.75,,5468.75
1725890400,5468.75,5479.75,5462.5,5463,,5463
1725892200,5463.25,5463.75,5449,5449,,5449
1725894000,5448.75,5458.5,5442.5,5458,,5458
1725895800,5458,5475.75,5457,5475.75,,5475.75
1725897600,5475.75,5486.25,5473.5,5484.75,,5484.75
1725899400,5485,5492.5,5483.75,5490.75,,5490.75
1725901200,5490.75,5493,5487.25,5489.25,,5489.25
1725903000,5489.25,5489.25,5471.5,5473.25,,5473.25
1725904800,5473.5,5474.25,5464.5,5465.25,,5465.25
1725906600,5465.25,5470.75,5457.25,5466.75,,5466.75
1725908400,5466.5,5472,5460,5471.25,,5471.25
1725910200,5471.25,5480.75,5465,5479.5,,5479.5
1725912000,5479.5,5483.25,5477.5,5482.5,,5482.5
1725975000,5498.25,5501.25,5491.25,5493.5,,5493.5
1725976800,5493.75,5496,5470.25,5485.5,,5485.5
1725978600,5485.5,5487.25,5471.25,5479.75,,5479.75
1725980400,5480,5492,5475.75,5489.25,,5489.25
1725982200,5489.25,5492,5455.5,5456.25,,5456.25
1725984000,5456.25,5460.75,5448.25,5457.25,,5457.25
1725985800,5457,5473,5455.5,5466.25,,5466.25
1725987600,5466,5484.75,5464.75,5478,,5478
1725989400,5478.25,5486.5,5477.5,5484.5,,5484.5
1725991200,5484.5,5494,5484.5,5493.5,,5493.5
1725993000,5493.5,5498,5492.5,5496.5,,5496.5
1725994800,5496.75,5502.25,5494.25,5502,,5502
1725996600,5501.75,5506,5495.75,5502,,5502
1725998400,5502,5504.25,5499,5502,,5502
1726061400,5500.5,5501.5,5458.25,5460,,5460
1726063200,5460.25,5461,5424.5,5425.25,,5425.25
1726065000,5425.5,5427,5412,5424.25,,5424.25
1726066800,5424.25,5442.25,5418.5,5437.5,,5437.5
1726068600,5437.5,5464.75,5436,5458,,5458
1726070400,5458.25,5481.5,5456,5481.25,,5481.25
1726072200,5481.25,5489,5478.25,5486.75,,5486.75
1726074000,5486.5,5505.5,5486.5,5502.5,,5502.5
1726075800,5502.5,5521.75,5501.75,5513.5,,5513.5
1726077600,5513.25,5524.75,5510.25,5523.5,,5523.5
1726079400,5523.25,5541,5523,5530.25,,5530.25
1726081200,5530.25,5547.75,5525.75,5547,,5547
1726083000,5547,5567.5,5534,5556.75,,5556.75
1726084800,5556.75,5562.75,5553.75,5557.25,,5557.25
1726147800,5562.75,5566.5,5540.25,5550.5,,5550.5
1726149600,5550.75,5572.75,5545.75,5571,,5571
1726151400,5570.75,5575.5,5555.75,5557,,5557
1726153200,5557,5579.25,5553,5562.25,,5562.25
1726155000,5562.25,5567.75,5554.5,5558,,5558
1726156800,5558,5568.25,5556.25,5566.25,,5566.25
1726158600,5566.5,5586,5562.5,5584,,5584
1726160400,5584.25,5594,5583,5591.5,,5591.5
1726162200,5591.5,5606.5,5589.75,5604.5,,5604.5
1726164000,5604.25,5606.25,5596.25,5604,,5604
1726165800,5603.75,5607,5578,5599.75,,5599.75
1726167600,5600,5602.5,5594.5,5600.5,,5600.5
1726169400,5600.5,5605,5594,5603.5,,5603.5
1726171200,5603.5,5603.75,5594.25,5596,,5596
1726234200,5607.75,5623.5,5605,5620.25,,5620.25
1726236000,5620.25,5634.75,5610,5621.75,,5621.75
1726237800,5622,5636.75,5613.25,5629.5,,5629.5
1726239600,5629.25,5632.25,5626,5629.5,,5629.5
1726241400,5629.75,5639,5627.75,5637.75,,5637.75
1726243200,5637.5,5640.5,5626,5626.75,,5626.75
1726245000,5626.5,5633.25,5624.25,5633,,5633
1726246800,5633,5639.25,5632.25,5638.25,,5638.25
1726248600,5638.5,5641.5,5634.75,5636.5,,5636.5
1726250400,5636.75,5641,5623.25,5625,,5625
1726252200,5624.75,5629.75,5621.75,5625.25,,5625.25
1726254000,5625,5630.75,5621,5628.75,,5628.75
1726255800,5629,5634.25,5623.25,5630,,5630
1726257600,5630,5630.5,5625.25,5628.5,,5628.5
1726493400,5627.75,5639.25,5618.25,5635,,5635
1726495200,5635,5638.25,5621,5624.75,,5624.75
1726497000,5624.75,5625.25,5609.25,5617,,5617
1726498800,5617.25,5625.75,5611.75,5618.25,,5618.25
1726500600,5618.5,5624.5,5615,5622.75,,5622.75
1726502400,5622.75,5624.25,5613.25,5623.75,,5623.75
1726504200,5624,5626,5618,5625.5,,5625.5
1726506000,5625.75,5629,5622,5627.5,,5627.5
1726507800,5627.25,5635.75,5626,5635,,5635
1726509600,5635.25,5636,5630.5,5635.5,,5635.5
1726511400,5635.25,5637.5,5628.25,5637.25,,5637.25
1726513200,5637,5637.25,5629.75,5632.75,,5632.75
1726515000,5633,5641.5,5631.5,5639,,5639
1726516800,5639.25,5639.75,5634.25,5634.75,,5634.75
1726579800,5722,5727,5711.25,5715.5,,5715.5
1726581600,5715.5,5733.5,5713.25,5730.75,,5730.75
1726583400,5730.75,5737,5717.25,5722.5,,5722.5
1726585200,5722.5,5730.75,5720.75,5722.5,,5722.5
1726587000,5722.5,5724.25,5718.5,5720.75,,5720.75
1726588800,5720.75,5722.75,5699.25,5707.5,,5707.5
1726590600,5707.5,5707.75,5679.25,5688,,5688
1726592400,5688,5700.75,5684.5,5697,,5697
1726594200,5697.25,5700.75,5677.75,5697,,5697
1726596000,5697,5702,5692.5,5696.5,,5696.5
1726597800,5696.75,5699.25,5683.25,5690.75,,5690.75
1726599600,5690.5,5695,5683.75,5692.5,,5692.5
1726601400,5692.25,5702.75,5687.5,5702,,5702
1726603200,5702.25,5703.5,5700.25,5702.75,,5702.75
1726666200,5707.25,5709.25,5694.75,5699.5,,5699.5
1726668000,5699.25,5702.25,5690.75,5700.5,,5700.5
1726669800,5700.5,5702.75,5693.5,5697.25,,5697.25
1726671600,5697.25,5701,5691.5,5696.5,,5696.5
1726673400,5696.75,5696.75,5684.25,5685.25,,5685.25
1726675200,5685.25,5700,5682.25,5699,,5699
1726677000,5699.25,5706,5697,5705,,5705
1726678800,5705.25,5706.5,5698.75,5706.25,,5706.25
1726680600,5706,5712,5697,5700.5,,5700.5
1726682400,5700.25,5755.75,5685,5727.5,,5727.5
1726684200,5727.5,5738.5,5701.5,5705.75,,5705.75
1726686000,5705.75,5726.75,5683.75,5717,,5717
1726687800,5717.25,5723.25,5675.25,5680.75,,5680.75
1726689600,5680.75,5694.25,5677.75,5690.75,,5690.75
1726752600,5778.25,5779.25,5748.25,5763.5,,5763.5
1726754400,5763.5,5782,5761.25,5781.75,,5781.75
1726756200,5781.5,5787.5,5765.25,5767,,5767
1726758000,5767,5779.75,5762,5777,,5777
1726759800,5777,5779.75,5768.25,5772,,5772
1726761600,5772,5786.5,5771,5784.75,,5784.75
1726763400,5785,5788.75,5780,5783.25,,5783.25
1726765200,5783.5,5789.25,5781.25,5787,,5787
1726767000,5787,5797.5,5786.75,5793.25,,5793.25
1726768800,5793.5,5795.75,5777,5788.25,,5788.25
1726770600,5788.25,5790.5,5778.5,5787.25,,5787.25
1726772400,5787.5,5789.5,5774.75,5779.75,,5779.75
1726774200,5779.75,5785.75,5771.5,5778,,5778
1726776000,5777.75,5778.5,5772.5,5772.75,,5772.75
1726839000,5760.5,5767.25,5751.25,5753.25,,5753.25
1726840800,5753.5,5758.5,5745.5,5754.25,,5754.25
1726842600,5754.5,5759.75,5744.5,5746,,5746
1726844400,5746,5746,5733.5,5741.75,,5741.75
1726846200,5741.75,5756,5738.75,5751.5,,5751.5
1726848000,5751.5,5762.25,5749.25,5761.25,,5761.25
1726849800,5761.25,5767.25,5758.5,5763.75,,5763.75
1726851600,5763.5,5767.5,5760.75,5764.5,,5764.5
1726853400,5764.25,5769,5761.25,5763,,5763
1726855200,5763.25,5763.5,5746,5747.75,,5747.75
1726857000,5747.75,5759.25,5742.5,5756.75,,5756.75
1726858800,5756.75,5768.75,5752.75,5764,,5764
1726860600,5764,5775,5760,5763,,5763
1726862400,5762.75,5763.5,5755,5755.75,,5755.75
1727098200,5774.5,5775.25,5763.5,5768.75,,5768.75
1727100000,5768.75,5784.5,5765,5779.25,,5779.25
1727101800,5779,5782,5769.25,5779.5,,5779.5
1727103600,5779.5,5780,5768,5778.25,,5778.25
1727105400,5778.5,5782.5,5774.5,5776.75,,5776.75
1727107200,5776.75,5777.5,5764,5769.75,,5769.75
1727109000,5769.75,5772.25,5763,5766.25,,5766.25
1727110800,5766.25,5769.5,5761,5767.5,,5767.5
1727112600,5767.5,5773.75,5766,5773,,5773
1727114400,5772.75,5775.25,5768,5772.75,,5772.75
1727116200,5772.75,5775.25,5771.25,5774.5,,5774.5
1727118000,5774.5,5775.5,5770.25,5775,,5775
1727119800,5775,5779.5,5770.75,5776.25,,5776.25
1727121600,5776.25,5778.25,5774,5775.75,,5775.75
1727184600,5784.25,5785.25,5771.25,5772.5,,5772.5
1727186400,5772.75,5772.75,5756.25,5761.5,,5761.5
1727188200,5761.5,5776.25,5754.75,5774,,5774
1727190000,5773.75,5780,5772.5,5777.75,,5777.75
1727191800,5778,5790.5,5776.75,5785.5,,5785.5
1727193600,5785.5,5788.5,5781.75,5784.5,,5784.5
1727195400,5784.25,5791.25,5783,5783.75,,5783.75
1727197200,5783.75,5789.25,5782,5785.75,,5785.75
1727199000,5785.5,5789.5,5783.75,5784,,5784
1727200800,5784,5786.5,5780,5781.75,,5781.75
1727202600,5782,5786,5773.5,5784,,5784
1727204400,5784,5787,5783,5785.75,,5785.75
1727206200,5786,5794.25,5783.25,5793,,5793
1727208000,5793,5793.5,5788.5,5790.5,,5790.5
1727271000,5790.5,5798,5788,5794.5,,5794.5
1727272800,5794.5,5798.75,5788.5,5790.5,,5790.5
1727274600,5790.25,5793.5,5785,5791.5,,5791.5
1727276400,5791.5,5793.5,5786.25,5786.75,,5786.75
1727278200,5786.75,5791.75,5782.5,5787,,5787
1727280000,5786.75,5787.5,5781.75,5785.5,,5785.5
1727281800,5785.75,5785.75,5778.25,5779,,5779
1727283600,5779,5781.25,5770,5776.25,,5776.25
1727285400,5776.25,5782.5,5768,5782,,5782
1727287200,5782,5783,5769,5781.25,,5781.25
1727289000,5781.25,5782,5776.75,5779.5,,5779.5
1727290800,5779.75,5782,5776.25,5777.5,,5777.5
1727292600,5777.75,5781.25,5772.5,5779.5,,5779.5
1727294400,5779.5,5784.5,5778,5784.25,,5784.25
1727357400,5823.75,5827.25,5811.25,5815.75,,5815.75
1727359200,5815.75,5821.75,5804,5806,,5806
1727361000,5806,5814.25,5790,5792,,5792
1727362800,5792.25,5801.25,5788.5,5792.75,,5792.75
1727364600,5792.75,5805.5,5789.5,5803.75,,5803.75
1727366400,5803.75,5804,5790.75,5791.75,,5791.75
1727368200,5791.75,5793.75,5787.75,5790.25,,5790.25
1727370000,5790,5793.75,5778.25,5790.25,,5790.25
1727371800,5790.25,5797.25,5790,5795,,5795
1727373600,5795.25,5807,5795.25,5803.75,,5803.75
1727375400,5804,5804.25,5799,5802,,5802
1727377200,5802.25,5804.5,5799,5801,,5801
1727379000,5801,5808.25,5798,5803,,5803
1727380800,5803.25,5806.25,5802,5803.75,,5803.75
1727443800,5811.5,5814,5805.5,5809,,5809
1727445600,5808.5,5821.5,5805,5817.75,,5817.75
1727447400,5817.75,5818.75,5811.25,5816.25,,5816.25
1727449200,5816,5816.5,5808,5811.5,,5811.5
1727451000,5811.5,5811.75,5802,5802.5,,5802.5
1727452800,5802.25,5804.5,5796.5,5800,,5800
1727454600,5800.25,5802.75,5797.75,5799.5,,5799.5
1727456400,5799.75,5804.75,5795.25,5795.75,,5795.75
1727458200,5795.75,5802.5,5793,5802.25,,5802.25
1727460000,5802,5804.5,5789.75,5790,,5790
1727461800,5790.25,5802.25,5782,5800.5,,5800.5
1727463600,5800.25,5801.25,5793.75,5797.5,,5797.5
1727465400,5797.5,5799,5790,5791,,5791
1727467200,5791,5792.25,5788,5789.75,,5789.75
1727703000,5780.25,5791,5780,5782.5,,5782.5
1727704800,5782.5,5787,5778.5,5785.25,,5785.25
1727706600,5785.25,5792.5,5784.75,5788.75,,5788.75
1727708400,5788.75,5794,5787,5792.25,,5792.25
1727710200,5792.5,5794.5,5783.25,5792,,5792
1727712000,5792,5798.75,5791.25,5795.5,,5795.5
1727713800,5795.25,5796.25,5791.75,5792,,5792
1727715600,5792,5792.25,5785.25,5786.75,,5786.75
1727717400,5786.75,5793.5,5786.25,5792.25,,5792.25
1727719200,5792.25,5792.5,5756.25,5768.25,,5768.25
1727721000,5768.25,5788,5762.25,5781.75,,5781.75
1727722800,5781.75,5786.5,5775.25,5785.25,,5785.25
1727724600,5785,5820.25,5784,5816,,5816
1727726400,5816,5816.25,5807.5,5808,,5808
1727789400,5808.5,5809.5,5758.5,5770,,5770
1727791200,5768.5,5777,5741,5748,,5748
1727793000,5748.25,5761.5,5739.5,5753.75,,5753.75
1727794800,5754,5754.75,5733,5752.5,,5752.5
1727796600,5752.5,5768.25,5749.5,5757,,5757
1727798400,5757,5769.75,5754,5761.5,,5761.5
1727800200,5761.25,5762.75,5739,5757.75,,5757.75
1727802000,5757.75,5757.75,5735.75,5737.75,,5737.75
1727803800,5737.75,5767.75,5736,5767.25,,5767.25
1727805600,5767.25,5781.25,5766.75,5779,,5779
1727807400,5779.25,5783.75,5772.75,5778.25,,5778.25
1727809200,5778,5779.25,5769.75,5777,,5777
1727811000,5776.75,5776.75,5757.5,5760.5,,5760.5
1727812800,5760.5,5767.25,5760,5761,,5761
1727875800,5749.75,5750.5,5724,5743.25,,5743.25
1727877600,5743.25,5761.5,5741.5,5756.25,,5756.25
1727879400,5756,5770,5752.25,5755.75,,5755.75
1727881200,5755.75,5771.5,5753.75,5768.25,,5768.25
1727883000,5768.25,5772.25,5764.5,5768.25,,5768.25
1727884800,5768.25,5771,5761,5768,,5768
1727886600,5768,5768,5750.75,5751.25,,5751.25
1727888400,5751.25,5759.75,5749.25,5756.5,,5756.5
1727890200,5756.5,5764,5748,5763.25,,5763.25
1727892000,5763.25,5766.25,5749.75,5757,,5757
1727893800,5757,5763.25,5754.25,5761.25,,5761.25
1727895600,5761.25,5766,5760.25,5764.75,,5764.75
1727897400,5765,5767.25,5759.25,5760.75,,5760.75
1727899200,5760.5,5766.25,5758.5,5765.75,,5765.75
1727962200,5744.5,5754.25,5739.25,5749.5,,5749.5
1727964000,5750,5770,5739,5742.5,,5742.5
1727965800,5742.5,5756.75,5733.5,5738,,5738
1727967600,5738,5751.5,5733.5,5746,,5746
1727969400,5746,5761.5,5745.5,5756.5,,5756.5
1727971200,5756.5,5763.5,5755,5759.25,,5759.25
1727973000,5759.25,5759.5,5729.25,5735,,5735
1727974800,5735,5745.5,5725.75,5735.75,,5735.75
1727976600,5735.5,5744.25,5731.5,5742,,5742
1727978400,5742,5745.5,5735.5,5741,,5741
1727980200,5741,5744,5738,5739,,5739
1727982000,5739,5739.5,5731.25,5736.25,,5736.25
1727983800,5736.25,5754.25,5735,5749,,5749
1727985600,5749,5754.25,5748,5751,,5751
1728048600,5793.5,5797.5,5768.75,5771.5,,5771.5
1728050400,5771.5,5781.75,5752.75,5757.75,,5757.75
1728052200,5757.75,5770.5,5749.5,5769.75,,5769.75
1728054000,5769.5,5777,5752.5,5757,,5757
1728055800,5757,5774.25,5752,5774,,5774
1728057600,5774.25,5777.75,5763.75,5767.5,,5767.5
1728059400,5767.75,5785.25,5765,5780.5,,5780.5
1728061200,5780.75,5786.25,5777,5781,,5781
1728063000,5780.75,5785.75,5765.75,5772.25,,5772.25
1728064800,5772.5,5778.75,5767,5778,,5778
1728066600,5778.25,5786,5775.75,5785.5,,5785.5
1728068400,5785.25,5792.75,5781.75,5791.25,,5791.25
1728070200,5791,5804.75,5789.5,5799.75,,5799.75
1728072000,5799.75,5801,5797.5,5800,,5800
1728307800,5781.75,5785.5,5774,5776.25,,5776.25
1728309600,5776,5788.75,5775.5,5783.75,,5783.75
1728311400,5784,5785,5778.25,5782,,5782
1728313200,5782,5786.75,5775,5785.5,,5785.5
1728315000,5785.75,5786.75,5779.5,5780.25,,5780.25
1728316800,5780.25,5780.75,5769.75,5778.5,,5778.5
1728318600,5778.5,5779,5771.25,5775,,5775
1728320400,5775.25,5778.75,5772.25,5772.5,,5772.5
1728322200,5772.75,5774.25,5766.75,5773,,5773
1728324000,5773,5773.25,5763.5,5763.75,,5763.75
1728325800,5763.75,5764,5734.25,5736.5,,5736.5
1728327600,5736.5,5751.5,5735,5747.25,,5747.25
1728329400,5747.25,5755.75,5736.25,5747,,5747
1728331200,5747,5750.75,5746.5,5748.5,,5748.5
1728394200,5772.5,5778.25,5763.75,5776.5,,5776.5
1728396000,5776.5,5782.75,5773,5777.75,,5777.75
1728397800,5777.5,5795,5776.25,5787.5,,5787.5
1728399600,5787.5,5790.5,5782,5788,,5788
1728401400,5788,5793,5786.25,5792.5,,5792.5
1728403200,5792.25,5793,5783.5,5790,,5790
1728405000,5789.75,5792,5785.25,5788.5,,5788.5
1728406800,5788.5,5789.25,5774.5,5781,,5781
1728408600,5781,5787,5780,5786.75,,5786.75
1728410400,5786.75,5789.5,5786.25,5789,,5789
1728412200,5789,5798.25,5786.75,5796.5,,5796.5
1728414000,5796.75,5799.5,5793,5797.75,,5797.75
1728415800,5797.75,5806.75,5796.5,5800.75,,5800.75
1728417600,5800.75,5801,5796.25,5800,,5800
1728480600,5799.5,5806.25,5793.75,5804.25,,5804.25
1728482400,5804.25,5813.25,5803,5810,,5810
1728484200,5810,5818.75,5808,5818,,5818
1728486000,5818,5828.75,5818,5826.5,,5826.5
1728487800,5826.5,5840,5826,5838.5,,5838.5
1728489600,5838.5,5838.75,5827.25,5832,,5832
1728491400,5831.75,5834.5,5824.5,5828,,5828
1728493200,5828,5835.25,5825.25,5833.75,,5833.75
1728495000,5833.75,5835.5,5818.75,5826.5,,5826.5
1728496800,5826.5,5834.5,5823.5,5832.75,,5832.75
1728498600,5832.75,5833.75,5828.75,5831.5,,5831.5
1728500400,5831.25,5837,5826.25,5836,,5836
1728502200,5836,5846.5,5835.5,5839.75,,5839.75
1728504000,5840,5840.75,5834,5834.5,,5834.5
1728567000,5825.5,5830.5,5812.75,5821.25,,5821.25
1728568800,5821.25,5834,5820.5,5827,,5827
1728570600,5827,5830,5818.5,5821.75,,5821.75
1728572400,5821.75,5833,5818.25,5830.5,,5830.5
1728574200,5830.5,5837.25,5826,5837,,5837
1728576000,5837,5843.25,5835.75,5839.25,,5839.25
1728577800,5839.25,5839.5,5825,5829.25,,5829.25
1728579600,5829.25,5833.5,5819.75,5831,,5831
1728581400,5831,5834.25,5814.75,5829.5,,5829.5
1728583200,5829.5,5829.5,5820.25,5820.75,,5820.75
1728585000,5820.75,5822,5811.5,5820,,5820
1728586800,5820.25,5822.25,5815.25,5821,,5821
1728588600,5821,5833,5820,5828.75,,5828.75
1728590400,5828.75,5829.75,5826.75,5828,,5828
1728653400,5824.25,5839.75,5823.25,5839,,5839
1728655200,5838.25,5866.25,5834.25,5862.75,,5862.75
1728657000,5863,5865.5,5851.75,5855.75,,5855.75
1728658800,5855.75,5863,5854.75,5857,,5857
1728660600,5857,5861.5,5856.25,5861.5,,5861.5
1728662400,5861.25,5861.25,5849,5852,,5852
1728664200,5852.25,5854.25,5845,5853.5,,5853.5
1728666000,5853.5,5855.5,5848.5,5853.25,,5853.25
1728667800,5853.25,5858.5,5851,5856,,5856
1728669600,5856,5864,5854.75,5859.25,,5859.25
1728671400,5859.5,5862.25,5852.75,5861.75,,5861.75
1728673200,5862,5868.25,5860.75,5865.75,,5865.75
1728675000,5865.5,5868,5859,5859.5,,5859.5
1728676800,5859.5,5861.25,5855.75,5855.75,,5855.75
1728912600,5876.5,5898.75,5873,5898.5,,5898.5
1728914400,5898.75,5901.75,5891.75,5899.75,,5899.75
1728916200,5899.75,5903.75,5892.5,5894.25,,5894.25
1728918000,5894,5899.5,5888.75,5893.5,,5893.5
1728919800,5893.5,5900.25,5891,5900,,5900
1728921600,5900.25,5904.75,5899.5,5902.75,,5902.75
1728923400,5902.75,5905.5,5902.75,5904,,5904
1728925200,5904,5907.25,5901.75,5903.5,,5903.5
1728927000,5903.5,5903.5,5901,5901.5,,5901.5
1728928800,5901.5,5907.75,5898.5,5905.75,,5905.75
1728930600,5905.75,5912.25,5905.75,5908,,5908
1728932400,5908.25,5911,5905.5,5910.75,,5910.75
1728934200,5910.75,5918.5,5906.75,5909.25,,5909.25
1728936000,5909.25,5910.75,5906.5,5908,,5908
1728999000,5911,5914,5906,5907.25,,5907.25
1729000800,5907.25,5911.5,5897,5897.5,,5897.5
1729002600,5897.5,5898.25,5877.75,5884.75,,5884.75
1729004400,5884.75,5893.25,5883.25,5888.25,,5888.25
1729006200,5888.5,5891.75,5877.5,5879,,5879
1729008000,5879.25,5888,5878.25,5886.25,,5886.25
1729009800,5886.5,5890.75,5881.5,5883,,5883
1729011600,5883.25,5884.75,5873,5876,,5876
1729013400,5876,5882.5,5873.25,5874.75,,5874.75
1729015200,5874.75,5879,5868.5,5870,,5870
1729017000,5870.25,5872.5,5864.5,5866,,5866
1729018800,5866,5866.75,5853.25,5857.75,,5857.75
1729020600,5857.75,5867,5850,5863,,5863
1729022400,5863,5864.75,5859,5859.25,,5859.25
1729085400,5861.75,5863.75,5853.25,5855.25,,5855.25
1729087200,5855.25,5875.5,5854.25,5872,,5872
1729089000,5872.25,5874.25,5858.5,5865,,5865
1729090800,5865,5871.5,5861.5,5870,,5870
1729092600,5869.75,5873,5864.25,5866.5,,5866.5
1729094400,5866.25,5873.75,5866,5872.25,,5872.25
1729096200,5872.25,5878.25,5870.75,5878,,5878
1729098000,5878.25,5880.5,5873.25,5875.75,,5875.75
1729099800,5875.75,5881.25,5875.5,5880.5,,5880.5
1729101600,5880.75,5892,5879,5890.75,,5890.75
1729103400,5890.5,5892.75,5886.75,5888.5,,5888.5
1729105200,5888.5,5890.75,5885.25,5887.75,,5887.75
1729107000,5887.75,5889.5,5884.75,5886,,5886
1729108800,5886,5886.75,5884.5,5886,,5886
1729171800,5923,5925,5895.5,5903.75,,5903.75
1729173600,5903.75,5907.25,5891.25,5901.75,,5901.75
1729175400,5902,5903.5,5892.5,5894,,5894
1729177200,5894.25,5904,5886.5,5903.25,,5903.25
1729179000,5903.5,5910.75,5901.75,5910.25,,5910.25
1729180800,5910.25,5913.5,5905,5906.25,,5906.25
1729182600,5906.25,5909.75,5900.5,5907.25,,5907.25
1729184400,5907.25,5910.5,5904,5905.25,,5905.25
1729186200,5905.5,5910,5904.25,5907,,5907
1729188000,5907,5907.5,5887.75,5889.5,,5889.5
1729189800,5889.5,5896.75,5887.25,5896.5,,5896.5
1729191600,5896.5,5897,5888.75,5888.75,,5888.75
1729193400,5889,5890.5,5884.75,5886.25,,5886.25
1729195200,5886.5,5892.25,5884.75,5888,,5888
1729258200,5901.5,5903.25,5886.5,5893.5,,5893.5
1729260000,5893.5,5901,5891.75,5895.5,,5895.5
1729261800,5895.25,5899.75,5891.25,5895.25,,5895.25
1729263600,5895,5904.5,5894.75,5903.5,,5903.5
1729265400,5903.75,5905.75,5898,5900,,5900
1729267200,5900,5904.25,5897.75,5902.5,,5902.5
1729269000,5902.75,5914,5902,5908,,5908
1729270800,5908,5912.5,5906.5,5907.5,,5907.5
1729272600,5907.75,5911,5906,5907,,5907
1729274400,5907,5915.5,5899.25,5912.75,,5912.75
1729276200,5912.75,5914,5908.5,5909.5,,5909.5
1729278000,5909.5,5909.5,5903.25,5905.75,,5905.75
1729279800,5905.5,5908.75,5901.25,5906.25,,5906.25
1729281600,5906,5909.75,5904.25,5907.75,,5907.75
1729517400,5898.5,5904.75,5897.5,5900.25,,5900.25
1729519200,5900.5,5908.5,5898,5899.25,,5899.25
1729521000,5899,5899.75,5880,5885.25,,5885.25
1729522800,5885.25,5886.25,5865.75,5867.25,,5867.25
1729524600,5867.5,5885.5,5865,5882.75,,5882.75
1729526400,5882.75,5884,5877.25,5881.25,,5881.25
1729528200,5881.5,5888.5,5878.25,5887.75,,5887.75
1729530000,5888,5891.75,5885.5,5888.75,,5888.75
1729531800,5889,5893.5,5888.25,5892.25,,5892.25
1729533600,5892.5,5892.75,5883.25,5886.5,,5886.5
1729535400,5886.25,5888.25,5881.75,5883.5,,5883.5
1729537200,5883.5,5892,5881.25,5889.25,,5889.25
1729539000,5889,5897.75,5882.75,5897,,5897
1729540800,5897,5898.5,5894.75,5897.75,,5897.75
1729603800,5869.25,5873.5,5862.25,5871.5,,5871.5
1729605600,5871.5,5881,5868.5,5872.5,,5872.5
1729607400,5872.5,5880.25,5868.5,5878.25,,5878.25
1729609200,5878.5,5884,5874,5879.5,,5879.5
1729611000,5879.5,5882.5,5878.75,5879,,5879
1729612800,5879,5880.75,5874.5,5876.5,,5876.5
1729614600,5876.5,5885.5,5875.75,5884.75,,5884.75
1729616400,5884.75,5886.25,5881.75,5885.75,,5885.75
1729618200,5885.75,5899.25,5885.5,5899,,5899
1729620000,5899,5904.25,5894,5896,,5896
1729621800,5896,5896.5,5887.5,5889.25,,5889.25
1729623600,5889.25,5896,5888,5895.25,,5895.25
1729625400,5895.25,5901.75,5891.5,5892.5,,5892.5
1729627200,5892.5,5892.75,5888,5890,,5890
1729690200,5870.25,5874.75,5867.25,5870.25,,5870.25
1729692000,5870,5871.5,5858,5867.25,,5867.25
1729693800,5867.5,5874.25,5861.5,5862.25,,5862.25
1729695600,5862.5,5865,5845.5,5846,,5846
1729697400,5846,5856.5,5845,5856,,5856
1729699200,5856,5856,5837.75,5839.25,,5839.25
1729701000,5839,5845.75,5833.5,5838.5,,5838.5
1729702800,5838.75,5838.75,5821.5,5826.75,,5826.75
1729704600,5826.75,5826.75,5815.5,5816.5,,5816.5
1729706400,5816.75,5816.75,5801,5811.75,,5811.75
1729708200,5811.75,5829.75,5810.75,5829,,5829
1729710000,5829,5833,5824.25,5830.5,,5830.5
1729711800,5830.5,5839.25,5828.25,5837.25,,5837.25
1729713600,5837.25,5843.5,5834.5,5842,,5842
1729776600,5857,5857.75,5842.75,5851,,5851
1729778400,5850.75,5856.5,5845.25,5846.25,,5846.25
1729780200,5846.25,5855.5,5842.25,5845,,5845
1729782000,5845,5851,5839.5,5843.5,,5843.5
1729783800,5843.5,5844.5,5827.25,5837.25,,5837.25
1729785600,5837.25,5838.5,5822.5,5836.75,,5836.75
1729787400,5837,5847.25,5836.75,5846,,5846
1729789200,5846,5852.5,5844,5848,,5848
1729791000,5848,5853,5841.25,5842,,5842
1729792800,5842.25,5850.75,5837.75,5845.75,,5845.75
1729794600,5846,5846.5,5840,5845.25,,5845.25
1729796400,5845,5852.5,5839.75,5851.5,,5851.5
1729798200,5851.75,5856.25,5847,5849,,5849
1729800000,5849.25,5856.75,5847.75,5855.25,,5855.25
1729863000,5870,5890.75,5870,5888.25,,5888.25
1729864800,5888.75,5900.75,5888.75,5898,,5898
1729866600,5898.25,5899,5885.75,5890.25,,5890.25
1729868400,5890.25,5894.25,5878.25,5880.5,,5880.5
1729870200,5880.5,5883,5872,5876.5,,5876.5
1729872000,5876.5,5882,5872.5,5881.75,,5881.75
1729873800,5882,5883.25,5874.5,5875.25,,5875.25
1729875600,5875.25,5875.25,5854.5,5859,,5859
1729877400,5859,5860.25,5839.75,5846.25,,5846.25
1729879200,5846.5,5855.25,5835,5852.75,,5852.75
1729881000,5853,5859.75,5847.75,5856.75,,5856.75
1729882800,5857,5857.25,5844.5,5849.75,,5849.75
1729884600,5849.5,5851.75,5840,5845.5,,5845.5
1729886400,5845.25,5847.25,5841.25,5842,,5842
1730122200,5879.75,5880.75,5867.75,5869.5,,5869.5
1730124000,5869.5,5879.75,5866.5,5878.5,,5878.5
1730125800,5878.5,5879.75,5872.25,5874,,5874
1730127600,5874,5875.25,5866.75,5870.5,,5870.5
1730129400,5870.75,5871,5861.5,5863.5,,5863.5
1730131200,5863.25,5871.5,5860,5869.75,,5869.75
1730133000,5870,5870.75,5861.5,5864.5,,5864.5
1730134800,5864.75,5870.5,5860,5867.5,,5867.5
1730136600,5867.75,5872.25,5867,5871.25,,5871.25
1730138400,5871.5,5872.75,5866.5,5867.5,,5867.5
1730140200,5867.5,5872.25,5862.75,5865.75,,5865.75
1730142000,5865.5,5870,5862,5869,,5869
1730143800,5868.75,5871.5,5859.5,5862.75,,5862.75
1730145600,5862.75,5864.5,5860.75,5862.5,,5862.5
1730208600,5852,5854.25,5837.5,5852.5,,5852.5
1730210400,5852.75,5872.25,5848.25,5858.5,,5858.5
1730212200,5858.5,5869.25,5857.75,5868,,5868
1730214000,5868,5870,5859,5864.25,,5864.25
1730215800,5864.25,5869.5,5861,5867.5,,5867.5
1730217600,5867.5,5873.75,5866.75,5867.75,,5867.75
1730219400,5867.75,5874.75,5862,5873.75,,5873.75
1730221200,5873.75,5881.75,5872.5,5874.25,,5874.25
1730223000,5874.25,5875.75,5868.75,5873.5,,5873.5
1730224800,5873.5,5877.75,5870.75,5877.75,,5877.75
1730226600,5877.75,5883,5877,5878.5,,5878.5
1730228400,5878.25,5883.25,5877.25,5882.5,,5882.5
1730230200,5882.25,5883,5867.5,5871.75,,5871.75
1730232000,5871.75,5883.75,5871,5882.25,,5882.25
1730295000,5866.25,5872,5845.5,5871,,5871
1730296800,5871,5882.5,5870.25,5880.25,,5880.25
1730298600,5880.25,5883,5872.25,5877,,5877
1730300400,5877,5882.25,5869,5881.75,,5881.75
1730302200,5882,5886.75,5877.25,5884.5,,5884.5
1730304000,5884.5,5885.5,5876.75,5878,,5878
1730305800,5878,5879.25,5872.75,5873.25,,5873.25
1730307600,5873,5876.25,5867.25,5868,,5868
1730309400,5868.25,5868.75,5855.25,5858.75,,5858.75
1730311200,5858.75,5870.75,5858.75,5863.75,,5863.75
1730313000,5863.75,5867,5863.25,5864.5,,5864.5
1730314800,5864.75,5864.75,5854,5858.5,,5858.5
1730316600,5858.25,5860,5846.25,5853,,5853
1730318400,5853,5859.75,5840.25,5845,,5845
1730381400,5807.25,5807.25,5781.75,5788.25,,5788.25
1730383200,5788,5788.75,5768,5770,,5770
1730385000,5770,5775.75,5760,5761.25,,5761.25
1730386800,5761.25,5767.25,5752.75,5761,,5761
1730388600,5761.25,5764.25,5750.5,5759.25,,5759.25
1730390400,5759,5769,5755.25,5764.75,,5764.75
1730392200,5764.75,5767.25,5760.25,5763.25,,5763.25
1730394000,5763.25,5770,5761.5,5762,,5762
1730395800,5762,5762.5,5751,5754,,5754
1730397600,5753.75,5755.75,5748.5,5755.25,,5755.25
1730399400,5755.25,5758.75,5747,5756.5,,5756.5
1730401200,5756.75,5767.75,5756.5,5762.25,,5762.25
1730403000,5762.5,5770.5,5734.5,5735.5,,5735.5
1730404800,5735.5,5755.5,5734.5,5743.5,,5743.5
1730467800,5760.75,5781.25,5755.5,5779.5,,5779.5
1730469600,5779.5,5803.25,5773.75,5803.25,,5803.25
1730471400,5803,5803.75,5776.25,5792,,5792
1730473200,5792,5801,5787.25,5799.75,,5799.75
1730475000,5799.75,5800.75,5781,5784,,5784
1730476800,5784,5790.5,5780.25,5780.75,,5780.75
1730478600,5781,5790,5773.75,5777,,5777
1730480400,5777,5786,5768.5,5784,,5784
1730482200,5784.25,5784.75,5762.75,5763.25,,5763.25
1730484000,5763,5769.25,5757.75,5766.25,,5766.25
1730485800,5766.25,5771.75,5763,5768.5,,5768.5
1730487600,5768.5,5776.5,5763.5,5764,,5764
1730489400,5763.75,5769,5752.5,5756.75,,5756.75
1730491200,5756.75,5765.25,5756,5763,,5763
1730730600,5757.75,5761.5,5738.5,5760.75,,5760.75
1730732400,5760.75,5771.5,5758,5767,,5767
1730734200,5767,5768.25,5759.25,5762.5,,5762.5
1730736000,5762.5,5768.25,5756.25,5757.25,,5757.25
1730737800,5757,5757.75,5728.25,5734,,5734
1730739600,5734.25,5746.75,5724.25,5745.5,,5745.5
1730741400,5745.75,5754.75,5743.75,5750.75,,5750.75
1730743200,5750.75,5757,5737.75,5751.5,,5751.5
1730745000,5751.5,5758.75,5749,5753,,5753
1730746800,5753,5758.25,5748.75,5749.5,,5749.5
1730748600,5749.5,5757,5747,5751,,5751
1730750400,5751.25,5753,5744.75,5748.5,,5748.5
1730752200,5748.25,5748.5,5737.5,5744.25,,5744.25
1730754000,5744,5748.75,5741,5747,,5747
1730817000,5753,5787,5750.5,5786,,5786
1730818800,5786.25,5794.5,5781,5786.5,,5786.5
1730820600,5786.25,5798.75,5783.5,5786.25,,5786.25
1730822400,5786.25,5797.25,5781.25,5793.5,,5793.5
1730824200,5793.75,5802.75,5793.75,5801,,5801
1730826000,5801,5809,5797.75,5803.5,,5803.5
1730827800,5803.5,5811,5803,5807,,5807
1730829600,5807.25,5810.75,5799.75,5800.5,,5800.5
1730831400,5800.5,5803.25,5792.5,5799,,5799
1730833200,5798.75,5805.5,5797.75,5800.75,,5800.75
1730835000,5801,5805,5793,5796.25,,5796.25
1730836800,5796.25,5804,5793.75,5803.25,,5803.25
1730838600,5803.25,5813.5,5798.5,5813,,5813
1730840400,5813,5822,5811.75,5820.25,,5820.25
1730903400,5939,5941.25,5900.75,5908.5,,5908.5
1730905200,5908.25,5938.75,5908.25,5935.75,,5935.75
1730907000,5935.5,5938,5911,5917.25,,5917.25
1730908800,5917.5,5931.25,5910.5,5929.25,,5929.25
1730910600,5929.25,5936.75,5929.25,5936.25,,5936.25
1730912400,5936,5939.5,5931.25,5935.5,,5935.5
1730914200,5935.75,5943,5933.5,5940.75,,5940.75
1730916000,5940.5,5950.75,5939.5,5950,,5950
1730917800,5950.25,5955,5948.25,5950.5,,5950.5
1730919600,5950.5,5954.25,5945.5,5953.5,,5953.5
1730921400,5953.25,5956.75,5949,5953,,5953
1730923200,5953,5964.5,5952,5958.75,,5958.75
1730925000,5958.75,5967,5954,5957.5,,5957.5
1730926800,5957.5,5963,5956.25,5956.75,,5956.75
1730989800,5977,5986.75,5976,5985.75,,5985.75
1730991600,5986,5990.5,5984,5988.75,,5988.75
1730993400,5988.75,5996.25,5987,5994.5,,5994.5
1730995200,5994.5,5996.75,5987.25,5992.5,,5992.5
1730997000,5992.5,5999.25,5992,5997.75,,5997.75
1730998800,5998,5999.5,5994,5998.75,,5998.75
1731000600,5998.5,6002,5996.25,6000.5,,6000.5
1731002400,6000.5,6001,5991.75,5995,,5995
1731004200,5995,5998,5988,5994,,5994
1731006000,5994,6000.5,5988.25,5993.25,,5993.25
1731007800,5993.25,6006.75,5985.5,6006.75,,6006.75
1731009600,6006.75,6013,6001,6007.5,,6007.5
1731011400,6007.5,6010.5,5998.5,6002.5,,6002.5
1731013200,6002.25,6008.25,6001.25,6006.5,,6006.5
1731076200,6004.75,6015.5,6004.75,6015,,6015
1731078000,6014.5,6018.75,6008.5,6016,,6016
1731079800,6016,6023,6015,6021.25,,6021.25
1731081600,6021,6024.5,6016.75,6023.25,,6023.25
1731083400,6023.5,6025.5,6020,6022.75,,6022.75
1731085200,6023,6023.75,6017.75,6020.25,,6020.25
1731087000,6020,6027,6019.75,6024.75,,6024.75
1731088800,6024.75,6026.75,6023.25,6025.5,,6025.5
1731090600,6025.25,6036,6025.25,6034,,6034
1731092400,6034,6036.75,6030.75,6036.5,,6036.5
1731094200,6036.25,6040.5,6033,6033,,6033
1731096000,6033,6033.75,6026,6026.5,,6026.5
1731097800,6026.5,6027.25,6020,6027,,6027
1731099600,6027.25,6028.5,6023.5,6026.5,,6026.5
1731335400,6042,6045.25,6032.5,6035.5,,6035.5
1731337200,6035.5,6036.5,6029,6032.75,,6032.75
1731339000,6032.5,6043.5,6032.5,6040.5,,6040.5
1731340800,6040.5,6043.5,6033.75,6034.75,,6034.75
1731342600,6035,6039.5,6033.25,6038.5,,6038.5
1731344400,6038.25,6039.5,6030.75,6031.75,,6031.75
1731346200,6031.75,6034.25,6026,6026,,6026
1731348000,6026,6026,6013.5,6022.25,,6022.25
1731349800,6022,6030.25,6019.25,6026.25,,6026.25
1731351600,6026.25,6027.5,6024,6025.5,,6025.5
1731353400,6025.5,6028.5,6024.25,6027.25,,6027.25
1731355200,6027.25,6030.25,6024.5,6026.75,,6026.75
1731357000,6027,6033.5,6023.5,6032.25,,6032.25
1731358800,6032,6033,6026,6029.75,,6029.75
1731421800,6030.5,6036.5,6026.5,6032.75,,6032.75
1731423600,6032.75,6033.5,6021.25,6023.25,,6023.25
1731425400,6023,6027.25,6015.5,6015.75,,6015.75
1731427200,6015.5,6019.5,6013.5,6015.25,,6015.25
1731429000,6015.25,6017.25,6006.5,6008,,6008
1731430800,6007.75,6010.75,6003.75,6008.25,,6008.25
1731432600,6008.25,6010,5988.75,5990,,5990
1731434400,5990.25,6002.25,5986.75,6001.25,,6001.25
1731436200,6001.25,6021.25,6001,6017.5,,6017.5
1731438000,6017.75,6026.5,6016.75,6023.75,,6023.75
1731439800,6023.5,6027.75,6022.25,6024,,6024
1731441600,6023.75,6025.75,6015.25,6017.5,,6017.5
1731443400,6017.25,6019,6008.75,6012.5,,6012.5
1731445200,6012.75,6017,6011.25,6016.5,,6016.5
1731508200,6016,6019.75,6005.5,6013.5,,6013.5
1731510000,6013.25,6013.5,5991.75,6005.25,,6005.25
1731511800,6005.25,6016.5,6003,6014.25,,6014.25
1731513600,6014.25,6024.25,6009.25,6022.25,,6022.25
1731515400,6022.25,6026,6014.75,6023.25,,6023.25
1731517200,6023.5,6033.5,6022,6027.5,,6027.5
1731519000,6027.5,6034.75,6025.5,6034,,6034
1731520800,6034.25,6035.25,6026.25,6030.5,,6030.5
1731522600,6030.25,6034.75,6028.25,6032,,6032
1731524400,6032.25,6032.5,6021,6022.25,,6022.25
1731526200,6022.5,6023.25,6013.25,6015,,6015
1731528000,6015,6024.5,6009.75,6018.75,,6018.75
1731529800,6018.75,6028.25,6008,6015.75,,6015.75
1731531600,6015.75,6020.75,6013,6019.75,,6019.75
1731594600,6015.25,6020.5,5999.5,6005.5,,6005.5
1731596400,6005.5,6007.25,5992.75,6005.75,,6005.75
1731598200,6005.5,6011.25,6001.5,6003.25,,6003.25
1731600000,6003,6009,6000,6006.5,,6006.5
1731601800,6006.75,6011.5,5996.75,5998.5,,5998.5
1731603600,5998.5,6000.5,5988.75,5990,,5990
1731605400,5990,5995.25,5978.75,5992,,5992
1731607200,5992,5999.25,5989.25,5993.25,,5993.25
1731609000,5993.25,5994,5979.25,5980.75,,5980.75
1731610800,5980.5,5995,5980.25,5993.25,,5993.25
1731612600,5993.25,6000.5,5991,5995.25,,5995.25
1731614400,5995.25,5995.25,5972,5983.5,,5983.5
1731616200,5983.5,5985.75,5968.75,5976.75,,5976.75
1731618000,5976.75,5977.75,5964.5,5964.75,,5964.75
1731681000,5936.75,5941.75,5924.5,5926.25,,5926.25
1731682800,5926.5,5927,5906,5907.5,,5907.5
1731684600,5907.25,5915.5,5899,5903.25,,5903.25
1731686400,5903.25,5912.25,5900.75,5911.5,,5911.5
1731688200,5911.75,5913.25,5893.75,5896.5,,5896.5
1731690000,5896.5,5898.5,5891,5893.25,,5893.25
1731691800,5893.25,5896.75,5885,5893,,5893
1731693600,5893,5895.25,5888.5,5892.25,,5892.25
1731695400,5892.25,5892.25,5876.75,5883.25,,5883.25
1731697200,5883.5,5889,5878.5,5879.25,,5879.25
1731699000,5879.5,5896.5,5878.5,5888.25,,5888.25
1731700800,5888.25,5901.25,5887.5,5892,,5892
1731702600,5892.25,5902,5886.5,5897,,5897
1731704400,5897,5905.25,5896.5,5900.25,,5900.25
1731940200,5900.25,5901.75,5891.25,5895.5,,5895.5
1731942000,5895.5,5912,5893.5,5911.75,,5911.75
1731943800,5911.5,5921.25,5910.75,5920.25,,5920.25
1731945600,5920.25,5929.25,5918.5,5924.5,,5924.5
1731947400,5924.5,5933,5917,5920.75,,5920.75
1731949200,5920.75,5923,5916,5921.25,,5921.25
1731951000,5921.25,5924.5,5914.75,5924.25,,5924.25
1731952800,5924.25,5924.5,5918.75,5918.75,,5918.75
1731954600,5919,5922,5907.5,5921,,5921
1731956400,5921,5921.75,5908.25,5910.25,,5910.25
1731958200,5910.5,5921.25,5908.25,5918.75,,5918.75
1731960000,5918.5,5921.75,5917.25,5921.5,,5921.5
1731961800,5921.75,5921.75,5913,5920.25,,5920.25
1731963600,5920.25,5921.75,5916,5918.25,,5918.25
1732026600,5883.75,5894.5,5876.25,5888.75,,5888.75
1732028400,5888.5,5901,5882.25,5900.5,,5900.5
1732030200,5900.5,5917.5,5897,5913.5,,5913.5
1732032000,5913.5,5926.5,5912.5,5925.5,,5925.5
1732033800,5925.5,5929,5921.25,5925,,5925
1732035600,5925,5927.5,5917,5926.5,,5926.5
1732037400,5926.25,5932.25,5924.75,5928.75,,5928.75
1732039200,5928.75,5933.25,5924.5,5932.25,,5932.25
1732041000,5932.25,5947.5,5930.5,5945.75,,5945.75
1732042800,5945.75,5946.5,5937.25,5937.75,,5937.75
1732044600,5937.75,5940,5927,5932.25,,5932.25
1732046400,5932.25,5935.5,5929.75,5934.5,,5934.5
1732048200,5934.5,5942.25,5932.75,5939,,5939
1732050000,5939,5944.5,5938.25,5943,,5943
1732113000,5938.75,5940.25,5908.5,5908.75,,5908.75
1732114800,5908.5,5916.25,5880,5891.25,,5891.25
1732116600,5891,5910,5890,5908.25,,5908.25
1732118400,5908.25,5911,5892.75,5893,,5893
1732120200,5893,5922.25,5889.5,5917.75,,5917.75
1732122000,5917.75,5921.25,5895.5,5906.5,,5906.5
1732123800,5906.25,5917.5,5902.75,5905.25,,5905.25
1732125600,5905.25,5911.75,5899.5,5910.5,,5910.5
1732127400,5910.25,5910.25,5895.75,5902,,5902
1732129200,5902,5903,5896.5,5900,,5900
1732131000,5900,5913.75,5899.25,5909.25,,5909.25
1732132800,5909.25,5919.5,5906.25,5918.75,,5918.75
1732134600,5919,5942.75,5919,5939.25,,5939.25
1732136400,5939.25,5944.25,5938.5,5941.75,,5941.75
1732199400,5967.75,5969.5,5918.75,5930.75,,5930.75
1732201200,5930.75,5945.25,5908.25,5910,,5910
1732203000,5910,5952.25,5907.25,5950.25,,5950.25
1732204800,5950.25,5961.5,5943.75,5961.25,,5961.25
1732206600,5961.25,5965.5,5945.25,5953,,5953
1732208400,5953,5967,5944.75,5964,,5964
1732210200,5963.75,5975.75,5962.5,5971.5,,5971.5
1732212000,5971.25,5981,5970.5,5978.75,,5978.75
1732213800,5978.75,5982.5,5973,5978.5,,5978.5
1732215600,5978.5,5981,5969.25,5978.5,,5978.5
1732217400,5978.5,5981.25,5972.5,5979.75,,5979.75
1732219200,5979.75,5985,5978.5,5982.75,,5982.75
1732221000,5982.75,5983.75,5969.75,5970,,5970
1732222800,5970,5972.5,5969.25,5969.75,,5969.75
1732285800,5968.25,5993.25,5967,5991.25,,5991.25
1732287600,5990.75,5992,5962.75,5968.25,,5968.25
1732289400,5968.25,5990.25,5967.25,5989.5,,5989.5
1732291200,5989.75,5990.75,5968.75,5977.5,,5977.5
1732293000,5977.5,5983.25,5970.5,5981.75,,5981.75
1732294800,5982,5990.75,5978.5,5987.5,,5987.5
1732296600,5987.75,5990.25,5978.25,5989,,5989
1732298400,5989,5993.5,5985.75,5987.25,,5987.25
1732300200,5987.25,5991.75,5980.75,5986,,5986
1732302000,5986,5986,5973.25,5981.5,,5981.5
1732303800,5981.75,5988,5980.75,5985.75,,5985.75
1732305600,5985.75,5985.75,5972.75,5979.25,,5979.25
1732307400,5979,5992.75,5978,5986,,5986
1732309200,5986,5991,5984.5,5987.5,,5987.5
1732545000,6026.75,6040,6018,6023.75,,6023.75
1732546800,6023.5,6024,6006,6022,,6022
1732548600,6021.75,6023.5,6008.75,6010.5,,6010.5
1732550400,6010.5,6015.25,6006.5,6010,,6010
1732552200,6010.25,6014.5,6002,6003,,6003
1732554000,6003,6006.75,5988,5991.25,,5991.25
1732555800,5991.25,5996.75,5982.5,5995.25,,5995.25
1732557600,5995.25,6005.25,5994.75,6002.25,,6002.25
1732559400,6002,6007,6000.25,6003.75,,6003.75
1732561200,6003.75,6005,5995.5,6000.75,,6000.75
1732563000,6000.5,6005,5997.25,6001.5,,6001.5
1732564800,6001.75,6002.75,5997.5,6002.25,,6002.25
1732566600,6002.25,6009,5999.5,6005.5,,6005.5
1732568400,6005.75,6012.75,6001.75,6011,,6011
1732631400,6018.5,6027,6015.5,6021,,6021
1732633200,6020.25,6025.75,6011.25,6019,,6019
1732635000,6019,6024.75,6012.75,6021.25,,6021.25
1732636800,6021,6026.75,6019.25,6026,,6026
1732638600,6026,6029.5,6024,6028.25,,6028.25
1732640400,6028.25,6028.5,6021.25,6024.25,,6024.25
1732642200,6024.25,6032,6023.75,6031.5,,6031.5
1732644000,6031.5,6032.25,6026.75,6029.25,,6029.25
1732645800,6029.5,6032.75,6027.25,6032.25,,6032.25
1732647600,6032.25,6034.75,6023,6027.75,,6027.75
1732649400,6028,6033.25,6025.75,6030.75,,6030.75
1732651200,6030.75,6035.25,6030,6034.5,,6034.5
1732653000,6034.25,6044,6033,6037,,6037
1732654800,6037,6042.75,6036.75,6042,,6042
1732717800,6033,6037,6027.75,6032.5,,6032.5
1732719600,6032,6032.5,6020.5,6022,,6022
1732721400,6022,6024.5,6013.75,6016.75,,6016.75
1732723200,6017.25,6017.5,6010.5,6012.5,,6012.5
1732725000,6012.5,6019.75,6008.25,6009.75,,6009.75
1732726800,6009.75,6011,6000.25,6010,,6010
1732728600,6010.25,6012.25,6005.5,6011.75,,6011.75
1732730400,6011.5,6016.5,6009.5,6012.5,,6012.5
1732732200,6012.5,6019,6011.5,6017,,6017
1732734000,6017.25,6019,6014.25,6015.25,,6015.25
1732735800,6015,6019,6012,6015,,6015
1732737600,6015,6018,6011,6013.5,,6013.5
1732739400,6013.75,6017.75,6007.25,6015.75,,6015.75
1732741200,6016,6017.25,6013.75,6015.25,,6015.25
1732890600,6021.5,6033,6019,6033,,6033
1732892400,6032.75,6043.5,6032.75,6040.5,,6040.5
1732894200,6040.5,6045,6040.25,6044.5,,6044.5
1732896000,6044.25,6050.25,6044.25,6049.75,,6049.75
1732897800,6049.75,6055.25,6046.75,6053.5,,6053.5
1732899600,6053.5,6059,6052.25,6054.75,,6054.75
1732901400,6054.5,6060,6049.75,6051.5,,6051.5
1732903200,6051.75,6054.25,6048.75,6051.5,,6051.5
1733149800,6055.25,6062,6049.75,6054,,6054
1733151600,6054,6058,6052.25,6057.5,,6057.5
1733153400,6057.5,6061.25,6050,6052.5,,6052.5
1733155200,6052.25,6059,6050.25,6058,,6058
1733157000,6058.25,6064,6057.25,6061.75,,6061.75
1733158800,6062,6065,6059.75,6060.25,,6060.25
1733160600,6060.25,6063.5,6059,6061,,6061
1733162400,6061,6064,6059,6062,,6062
1733164200,6061.75,6063.75,6059,6063,,6063
1733166000,6063,6063.25,6056,6059.25,,6059.25
1733167800,6059.25,6065,6059,6064.5,,6064.5
1733169600,6064.5,6068.5,6062,6067.75,,6067.75
1733171400,6067.75,6068.25,6059.75,6062,,6062
1733173200,6062,6067.75,6061.25,6066.5,,6066.5
1733236200,6058.5,6062,6052,6057.5,,6057.5
1733238000,6057.5,6060.5,6048.75,6049,,6049
1733239800,6049,6054.25,6047.5,6052.75,,6052.75
1733241600,6053,6059,6052.25,6058.25,,6058.25
1733243400,6058.25,6059.5,6047.75,6049.75,,6049.75
1733245200,6049.75,6054.75,6049.5,6053.75,,6053.75
1733247000,6053.75,6061.5,6053.5,6061.5,,6061.5
1733248800,6061.5,6063,6059.25,6059.75,,6059.75
1733250600,6060,6061.75,6057,6058.5,,6058.5
1733252400,6058.5,6060.5,6055.75,6060.5,,6060.5
1733254200,6060.5,6066,6060,6064.75,,6064.75
1733256000,6064.5,6065.5,6062.25,6064,,6064
1733257800,6063.75,6066,6059.5,6062.75,,6062.75
1733259600,6062.75,6068.25,6061.25,6067.5,,6067.5
1733322600,6080,6085.5,6078.75,6082.75,,6082.75
1733324400,6082,6083.5,6072.5,6079.75,,6079.75
1733326200,6079.5,6086.75,6078.5,6085.5,,6085.5
1733328000,6085.5,6088.25,6085.25,6086.75,,6086.75
1733329800,6086.75,6088.25,6084,6087,,6087
1733331600,6087,6088.25,6083.5,6087,,6087
1733333400,6087,6088.75,6082.5,6087.5,,6087.5
1733335200,6087.5,6088,6081.25,6082,,6082
1733337000,6082.25,6089,6075.25,6083,,6083
1733338800,6083,6092.25,6080.75,6091.25,,6091.25
1733340600,6091.5,6094.75,6090,6092.75,,6092.75
1733342400,6092.5,6098.75,6091.75,6096.5,,6096.5
1733344200,6096.25,6102.25,6095,6099,,6099
1733346000,6099,6099.5,6096.25,6096.25,,6096.25
1733409000,6098.75,6100.75,6096,6100.25,,6100.25
1733410800,6100.25,6104.75,6093.25,6093.5,,6093.5
1733412600,6093.25,6095,6090.25,6092,,6092
1733414400,6091.75,6099.5,6090.75,6098.75,,6098.75
1733416200,6098.75,6100,6095.5,6100,,6100
1733418000,6100,6104.25,6098.5,6102.75,,6102.75
1733419800,6102.75,6107.25,6101.75,6106.5,,6106.5
1733421600,6106.5,6106.75,6091,6095.75,,6095.75
1733423400,6095.5,6101.25,6092.5,6096,,6096
1733425200,6096,6099.25,6091.5,6093.25,,6093.25
1733427000,6093.5,6097.5,6092.75,6094.25,,6094.25
1733428800,6094.25,6096.5,6088.5,6089.75,,6089.75
1733430600,6090,6096.25,6085.5,6088.75,,6088.75
1733432400,6088.75,6089.5,6083,6084,,6084
1733495400,6094.5,6111,6093.5,6110.25,,6110.25
1733497200,6109.75,6111,6104,6109,,6109
1733499000,6108.75,6110,6102.25,6106.75,,6106.75
1733500800,6106.75,6107.5,6095.5,6100.25,,6100.25
1733502600,6100.25,6103,6097.5,6098.25,,6098.25
1733504400,6098.25,6098.75,6093,6096.75,,6096.75
1733506200,6097,6097.5,6090.5,6093.5,,6093.5
1733508000,6093.5,6103.75,6092.75,6100.75,,6100.75
1733509800,6100.5,6100.75,6095.5,6100.5,,6100.5
1733511600,6100.5,6100.75,6090.25,6091.5,,6091.5
1733513400,6091.5,6096.5,6090,6093.25,,6093.25
1733515200,6093.25,6097.5,6091.25,6096,,6096
1733517000,6096,6101.25,6094.25,6098.5,,6098.5
1733518800,6098.5,6099.5,6097,6098.25,,6098.25
1733754600,6096,6097.75,6090.75,6093.5,,6093.5
1733756400,6093.5,6094.5,6080.5,6082.75,,6082.75
1733758200,6082.5,6085.5,6071.25,6072.75,,6072.75
1733760000,6072.75,6078,6065,6076.75,,6076.75
1733761800,6076.75,6080,6073.5,6078.75,,6078.75
1733763600,6078.75,6079.25,6071.5,6074.75,,6074.75
1733765400,6074.5,6079.5,6072,6072,,6072
1733767200,6072,6076.75,6069,6075.75,,6075.75
1733769000,6075.75,6083.25,6075,6078.75,,6078.75
1733770800,6079,6079,6071.25,6072.75,,6072.75
1733772600,6072.5,6073.25,6064,6069,,6069
1733774400,6069,6069.5,6062.25,6063.5,,6063.5
1733776200,6063.75,6067.5,6060,6065.75,,6065.75
1733778000,6065.75,6066,6060,6061.5,,6061.5
1733841000,6071.75,6072,6061,6068.75,,6068.75
1733842800,6068.75,6073.25,6066.75,6069.25,,6069.25
1733844600,6069.25,6075.25,6067.75,6068.25,,6068.25
1733846400,6068,6071,6063.75,6064.75,,6064.75
1733848200,6064.75,6065.5,6061.25,6063.75,,6063.75
1733850000,6063.75,6066.25,6060,6063.25,,6063.25
1733851800,6063.25,6068.5,6061,6061.5,,6061.5
1733853600,6061.75,6062.75,6059.5,6062,,6062
1733855400,6062.25,6064.5,6058.5,6058.75,,6058.75
1733857200,6059,6059.5,6054.25,6058.5,,6058.5
1733859000,6058.5,6058.75,6054,6055,,6055
1733860800,6055,6055.25,6045,6045.5,,6045.5
1733862600,6045.75,6048.25,6039.75,6047.5,,6047.5
1733864400,6047.75,6052,6047.25,6052,,6052
1733927400,6075.5,6084,6072.5,6083.75,,6083.75
1733929200,6083.75,6090.25,6080.75,6083.5,,6083.5
1733931000,6083.25,6088.5,6082.5,6085.25,,6085.25
1733932800,6085.25,6093.25,6082.5,6092.75,,6092.75
1733934600,6092.75,6096.75,6091.75,6095.5,,6095.5
1733936400,6095.75,6100,6094.75,6095.5,,6095.5
1733938200,6095.5,6099.25,6093.75,6099.25,,6099.25
1733940000,6099.25,6102.5,6097.75,6101.25,,6101.25
1733941800,6101.25,6102.25,6095,6096,,6096
1733943600,6096,6098,6093.5,6097.25,,6097.25
1733945400,6097,6100,6094.75,6097.25,,6097.25
1733947200,6097.25,6098.75,6096.25,6098.25,,6098.25
1733949000,6098.5,6098.5,6090.25,6092.25,,6092.25
1733950800,6092.25,6093,6087,6088.25,,6088.25
1734013800,6082.25,6082.5,6073.5,6078,,6078
1734015600,6078,6082.75,6067.5,6081.5,,6081.5
1734017400,6081.5,6085.75,6079,6084,,6084
1734019200,6083.75,6087.75,6082.25,6085,,6085
1734021000,6084.75,6085.5,6073.5,6074,,6074
1734022800,6074,6085,6073.5,6081.25,,6081.25
1734024600,6081,6084.5,6074.75,6083.75,,6083.75
1734026400,6083.75,6085.5,6080.25,6081,,6081
1734028200,6081.25,6081.5,6073,6073.5,,6073.5
1734030000,6073.5,6077.25,6064,6065,,6065
1734031800,6065,6070.5,6065,6067,,6067
1734033600,6066.75,6068.25,6063.25,6064.75,,6064.75
1734035400,6065,6069.5,6059.5,6059.75,,6059.75
1734037200,6060,6060.5,6056,6057,,6057
1734100200,6077.25,6084.75,6073.25,6075.25,,6075.25
1734102000,6075.25,6075.75,6062.75,6063.75,,6063.75
1734103800,6063.75,6066.25,6047.75,6048,,6048
1734105600,6048,6053.75,6043.5,6050,,6050
1734107400,6050.25,6060,6046.5,6051.25,,6051.25
1734109200,6051.25,6053.25,6044.5,6045.5,,6045.5
1734111000,6045.75,6048.75,6041.5,6042.25,,6042.25
1734112800,6042.25,6054.25,6041.25,6052.75,,6052.75
1734114600,6052.75,6057.5,6049.75,6054.5,,6054.5
1734116400,6054.5,6058.5,6052.5,6057.25,,6057.25
1734118200,6057.25,6059.75,6054.75,6056.5,,6056.5
1734120000,6056.5,6058.25,6050.75,6055.75,,6055.75
1734121800,6055.75,6060.25,6054,6055.75,,6055.75
1734123600,6055.75,6056,6050,6050,,6050
1734359400,6072.5,6076.75,6068.25,6075.25,,6075.25
1734361200,6075.25,6079.25,6064.75,6077.25,,6077.25
1734363000,6077,6083.25,6075.75,6079.75,,6079.75
1734364800,6079.75,6082.5,6078,6080,,6080
1734366600,6080,6082.5,6076.75,6082.25,,6082.25
1734368400,6082.25,6083.25,6078.25,6082,,6082
1734370200,6082,6086.25,6081.25,6085.25,,6085.25
1734372000,6085.5,6090,6084.25,6089.75,,6089.75
1734373800,6089.75,6090.5,6086.75,6089,,6089
1734375600,6088.75,6089.5,6085.75,6086.5,,6086.5
1734377400,6086.5,6089.25,6085.5,6087.75,,6087.75
1734379200,6087.75,6090.5,6086.75,6088.5,,6088.5
1734381000,6088.5,6088.75,6073,6080,,6080
1734382800,6080,6081.75,6075.5,6076,,6076
1734445800,6127.5,6134.75,6121.5,6129.5,,6129.5
1734447600,6129.5,6129.75,6117,6117.25,,6117.25
1734449400,6117.25,6126,6117.25,6125.25,,6125.25
1734451200,6125.25,6137.5,6124.25,6130,,6130
1734453000,6130,6138.25,6129,6135.75,,6135.75
1734454800,6135.75,6136,6128.5,6131.75,,6131.75
1734456600,6131.75,6136.25,6129.5,6134.25,,6134.25
1734458400,6134.25,6134.5,6126.25,6128.75,,6128.75
1734460200,6128.75,6130.75,6127,6129,,6129
1734462000,6128.75,6129.5,6122,6122.5,,6122.5
1734463800,6122.5,6123.5,6118.5,6119.75,,6119.75
1734465600,6119.75,6121,6114.25,6116.25,,6116.25
1734467400,6116.5,6133.25,6115,6127.75,,6127.75
1734469200,6127.75,6128,6122,6124.75,,6124.75
1734532200,6124,6130,6118.5,6129.5,,6129.5
1734534000,6129.25,6137.5,6128,6137.25,,6137.25
1734535800,6137.25,6148,6136.75,6143.5,,6143.5
1734537600,6143.5,6146.75,6129.5,6139.75,,6139.75
1734539400,6139.75,6144.75,6137.25,6141,,6141
1734541200,6141,6146,6138,6139.5,,6139.5
1734543000,6139.75,6142,6134.25,6138,,6138
1734544800,6138.25,6138.5,6133.75,6133.75,,6133.75
1734546600,6134,6138.5,6133,6136,,6136
1734548400,6136.25,6136.75,6079.25,6080,,6080
1734550200,6080,6091.75,6039.5,6043.25,,6043.25
1734552000,6043.25,6048,6007.5,6009.75,,6009.75
1734553800,6009.5,6017.25,5934.75,5939.25,,5939.25
1734555600,5939.25,5944,5906.5,5929.75,,5929.75
1734618600,5988.75,6005.25,5972.75,5980.5,,5980.5
1734620400,5980.5,5984.5,5961,5961.25,,5961.25
1734622200,5961,5977.75,5951.75,5971,,5971
1734624000,5971.25,5983.25,5951.5,5981.75,,5981.75
1734625800,5981.75,5987.5,5968.25,5971.75,,5971.75
1734627600,5971.75,5974.5,5951.25,5953.25,,5953.25
1734629400,5953,5964.5,5947.5,5963.5,,5963.5
1734631200,5963.25,5970.75,5945.5,5969.75,,5969.75
1734633000,5969.75,5986.5,5965.5,5986.25,,5986.25
1734634800,5986.25,5986.5,5961.25,5965.75,,5965.75
1734636600,5965.75,5966.75,5953.25,5953.25,,5953.25
1734638400,5953.5,5967.25,5947.25,5959,,5959
1734640200,5959.25,5965.25,5931.75,5934.25,,5934.25
1734642000,5934.5,5940,5931.75,5932.5,,5932.5
1734705000,5907.25,5931.75,5898.25,5910,,5910
1734706800,5910.5,5960.75,5910.5,5959.75,,5959.75
1734708600,5959.5,5982.5,5958.75,5972.25,,5972.25
1734710400,5972.25,6014.5,5970.5,6014.5,,6014.5
1734712200,6014.25,6040.75,6013.25,6035.75,,6035.75
1734714000,6036,6050.75,6030,6049.25,,6049.25
1734715800,6049,6049.25,6031,6038.75,,6038.75
1734717600,6038.75,6039.25,6014.5,6015,,6015
1734719400,6015,6027.25,6011.5,6013.5,,6013.5
1734721200,6013.25,6026.75,6008.75,6025.75,,6025.75
1734723000,6025.75,6032.75,6014.25,6017.25,,6017.25
1734724800,6017.25,6021.5,6007.25,6009.75,,6009.75
1734726600,6010,6016.25,5987.25,6002.25,,6002.25
1734728400,6002.25,6019,5995,6000.5,,6000.5
1734964200,5998.75,6008.25,5981.25,5993.5,,5993.5
1734966000,5993.5,5995.75,5965,5981.25,,5981.25
1734967800,5981.5,5990.25,5975.25,5979.25,,5979.25
1734969600,5979,5996.5,5977.75,5995,,5995
1734971400,5995,6015,5990,6014.25,,6014.25
1734973200,6014.5,6020.5,6002.5,6010.5,,6010.5
1734975000,6010.5,6019.25,6006.25,6015.5,,6015.5
1734976800,6015.5,6024,6013.5,6023,,6023
1734978600,6023,6029.75,6022.5,6027,,6027
1734980400,6027,6033.5,6026.25,6029,,6029
1734982200,6028.75,6030.75,6019,6019.5,,6019.5
1734984000,6019.25,6024,6012,6022.75,,6022.75
1734985800,6022.75,6043,6022,6036.75,,6036.75
1734987600,6037,6041.5,6030,6037.75,,6037.75
1735050600,6048,6060,6042.25,6059,,6059
1735052400,6059.25,6070.75,6059,6069.5,,6069.5
1735054200,6069.5,6081.25,6068.5,6079,,6079
1735056000,6079,6081,6075,6079.5,,6079.5
1735057800,6079.25,6085.5,6075.25,6077,,6077
1735059600,6077,6090,6075.5,6088,,6088
1735061400,6088,6099.5,6078,6098.5,,6098.5
1735063200,6098.5,6099.25,6094.25,6099,,6099
1735223400,6079.25,6086.5,6063.25,6082,,6082
1735225200,6081.75,6087.25,6076.25,6084.75,,6084.75
1735227000,6084.75,6090.75,6079.5,6090.5,,6090.5
1735228800,6090.5,6094.5,6086.75,6090,,6090
1735230600,6090,6101.25,6089.5,6100.5,,6100.5
1735232400,6100.75,6107.5,6097.25,6097.75,,6097.75
1735234200,6097.5,6103.25,6085.75,6092,,6092
1735236000,6092,6100.75,6091,6099.25,,6099.25
1735237800,6099.5,6100.5,6090,6095.75,,6095.75
1735239600,6095.75,6095.75,6088.5,6092,,6092
1735241400,6092.25,6100.5,6090.75,6100,,6100
1735243200,6100,6104,6096.75,6100.25,,6100.25
1735245000,6100.25,6103.25,6093,6094.75,,6094.75
1735246800,6094.75,6098.5,6091.75,6092.5,,6092.5
1735309800,6052.5,6055.5,6041.25,6045,,6045
1735311600,6044.75,6047,6003.75,6007.5,,6007.5
1735313400,6007.5,6021.75,5997.75,6015.75,,6015.75
1735315200,6015.5,6022,6000.25,6021.25,,6021.25
1735317000,6021.25,6023.5,5992,5996,,5996
1735318800,5996,5999.75,5983.5,5991.25,,5991.25
1735320600,5991.25,6000.25,5982.75,5996,,5996
1735322400,5996,6005.25,5993.75,6000.75,,6000.75
1735324200,6000.75,6017.25,5998.5,6015.75,,6015.75
1735326000,6015.5,6023,6012.25,6017,,6017
1735327800,6016.75,6033.75,6014.75,6031,,6031
1735329600,6030.75,6031,6009.5,6014.75,,6014.75
1735331400,6014.25,6031.5,6003,6028.5,,6028.5
1735333200,6028.75,6031.75,6027,6030.25,,6030.25
1735569000,5955.25,5955.75,5926.5,5927.25,,5927.25
1735570800,5927.25,5937.5,5918.25,5922,,5922
1735572600,5922.25,5948.5,5921.5,5945.25,,5945.25
1735574400,5945.25,5959.25,5938.5,5954.25,,5954.25
1735576200,5954.25,5971,5954,5968,,5968
1735578000,5968,5981,5966.5,5979.75,,5979.75
1735579800,5979.75,5990.25,5971.5,5986.75,,5986.75
1735581600,5987,5993.25,5975.25,5981.25,,5981.25
1735583400,5981,5990.75,5979,5987,,5987
1735585200,5987,5988.75,5969,5978.75,,5978.75
1735587000,5978.75,5987,5977,5984.5,,5984.5
1735588800,5984.25,5987.75,5970.5,5971,,5971
1735590600,5971.25,5981.75,5956.25,5958,,5958
1735592400,5958.25,5960,5948,5955,,5955
1735655400,5972.5,5980,5959,5973.75,,5973.75
1735657200,5973.5,5980.25,5954.75,5969.25,,5969.25
1735659000,5969.25,5974.5,5958.75,5960,,5960
1735660800,5960,5961.25,5941,5942.25,,5942.25
1735662600,5942.25,5951.75,5938.25,5943.25,,5943.25
1735664400,5943.25,5947,5930,5931.5,,5931.5
1735666200,5931.5,5946.5,5921.75,5945.5,,5945.5
1735668000,5945.25,5950.25,5920.5,5922.75,,5922.75
1735669800,5922.75,5938.5,5922,5926.5,,5926.5
1735671600,5926.75,5938.75,5918.5,5922.5,,5922.5
1735673400,5922.25,5937.25,5917.25,5937,,5937
1735675200,5937,5946.75,5925.25,5946,,5946
1735677000,5946.25,5949,5923.5,5935,,5935
1735678800,5935.25,5939.5,5930.75,5937.75,,5937.75
1735828200,5967.75,5978.5,5934.5,5974.75,5974.75,5974.75
1735830000,5974.75,5985,5945.5,5951,5951,5951
1735831800,5951,5960.75,5935.5,5948,5948,5948
1735833600,5948.25,5950.75,5924,5947.75,5947.75,5947.75
1735835400,5947.5,5960,5943.25,5951.25,5951.25,5951.25
1735837200,5951.25,5959.25,5913.25,5916,5916,5916
1735839000,5916,5916,5879.75,5899,5899,5899
1735840800,5899.25,5901.25,5881,5893.5,5893.5,5893.5
1735842600,5893.5,5894.25,5874.75,5889,5889,5889
1735844400,5889.25,5905.75,5883.75,5903.25,5903.25,5903.25
1735846200,5903.5,5911,5891.25,5892.5,5892.5,5892.5
1735848000,5892.5,5919.25,5892.25,5915.75,5915.75,5915.75
1735849800,5916,5925.25,5906.75,5917.25,5917.25,5917.25
1735851600,5917.5,5923.25,5917,5921.75,,5921.75
1735914600,5945,5965.75,5938.25,5950.5,5950.5,5950.5
1735916400,5950.5,5965,5934,5952.25,5952.25,5952.25
1735918200,5952.25,5965,5945,5962.25,5962.25,5962.25
1735920000,5962,5969.25,5951.5,5966.75,5966.75,5966.75
1735921800,5966.75,5980.75,5966.25,5974.75,5974.75,5974.75
1735923600,5974.75,5981.25,5970.75,5972.25,5972.25,5972.25
1735925400,5972.25,5978.25,5969.25,5977.5,5977.5,5977.5
1735927200,5977.5,5986.25,5972.25,5986,5986,5986
1735929000,5986,5989.5,5981.25,5984,5984,5984
1735930800,5984,5992.75,5981.75,5991.75,5991.75,5991.75
1735932600,5991.75,5996.75,5989.5,5991.5,5991.5,5991.5
1735934400,5991.5,5991.5,5984.75,5989.75,5989.75,5989.75
1735936200,5989.5,5992,5980.75,5988,5988,5988
1735938000,5988.25,5989.25,5985,5985.75,,5985.75
1736173800,6032.75,6053,6028.75,6049.25,6049.25,6049.25
1736175600,6049.25,6060.75,6047,6059.5,6059.5,6059.5
1736177400,6059.5,6063.25,6051.25,6059.5,6059.5,6059.5
1736179200,6059.75,6066.25,6056.25,6066,6066,6066
1736181000,6065.75,6068.25,6062.5,6065.5,6065.5,6065.5
1736182800,6065.5,6065.5,6054,6056,6056,6056
1736184600,6056,6057.75,6043.5,6047,6047,6047
1736186400,6047.25,6047.75,6035.5,6043.25,6043.25,6043.25
1736188200,6043.5,6044,6025,6026,6026,6026
1736190000,6026,6027.75,6018,6022.5,6022.5,6022.5
1736191800,6022.5,6025,6011.25,6012,6012,6012
1736193600,6011.75,6021.5,6009,6019.25,6019.25,6019.25
1736195400,6019.25,6023.75,6004,6022.5,6022.5,6022.5
1736197200,6022.5,6028.5,6022,6026.75,,6026.75
1736260200,6042,6045.5,6028.5,6032,6032,6032
1736262000,6031.25,6031.25,5987.75,6003.75,6003.75,6003.75
1736263800,6003.5,6005.25,5969.5,6001.5,6001.5,6001.5
1736265600,6001.5,6004.5,5987.5,5998.25,5998.25,5998.25
1736267400,5998.25,6000,5971.5,5973.75,5973.75,5973.75
1736269200,5973.75,5984.25,5968.5,5973,5973,5973
1736271000,5973,5982.75,5962.75,5975.75,5975.75,5975.75
1736272800,5976,5991,5975,5989.5,5989.5,5989.5
1736274600,5989.5,5989.5,5974,5977.25,5977.25,5977.25
1736276400,5977,5983,5972.5,5978,5978,5978
1736278200,5977.75,5978.25,5965.5,5967.25,5967.25,5967.25
1736280000,5967.5,5968.5,5944,5945.25,5945.25,5945.25
1736281800,5945.5,5956,5935,5955,5955,5955
1736283600,5955.25,5958.5,5954,5958,,5958
1736346600,5954,5954,5931.25,5939.75,5939.75,5939.75
1736348400,5939.5,5953.75,5925.5,5930.5,5930.5,5930.5
1736350200,5930.5,5951,5929.25,5949.75,5949.75,5949.75
1736352000,5950,5953,5937.75,5947,5947,5947
1736353800,5947,5965.25,5946.75,5960.25,5960.25,5960.25
1736355600,5960.25,5960.75,5919,5921.5,5921.5,5921.5
1736357400,5921.75,5938,5917,5934.5,5934.5,5934.5
1736359200,5934.5,5961.75,5933.75,5957,5957,5957
1736361000,5957,5960.5,5935.5,5943.75,5943.75,5943.75
1736362800,5944.25,5971.75,5936.75,5969,5969,5969
1736364600,5969,5969,5947.25,5951,5951,5951
1736366400,5951.25,5959,5944.5,5957,5957,5957
1736368200,5956.75,5963.25,5947.75,5959,5959,5959
1736370000,5959.25,5965.25,5957.75,5958.25,,5958.25
1736519400,5920.75,5921.75,5884,5890.75,5890.75,5890.75
1736521200,5890.25,5890.25,5852,5879.25,5879.25,5879.25
1736523000,5879.25,5893,5869.75,5871.25,5871.25,5871.25
1736524800,5871.25,5874,5856,5859,5859,5859
1736526600,5859,5868.5,5848,5851.25,5851.25,5851.25
1736528400,5851.25,5861,5845.25,5860,5860,5860
1736530200,5859.75,5877.5,5859,5875.75,5875.75,5875.75
1736532000,5875.75,5899,5870,5893.75,5893.75,5893.75
1736533800,5893.75,5907.25,5887.75,5906.5,5906.5,5906.5
1736535600,5906.5,5906.75,5877.25,5887.5,5887.5,5887.5
1736537400,5887.5,5887.75,5873.5,5882.75,5882.75,5882.75
1736539200,5882.5,5885.75,5860.75,5864.75,5864.75,5864.75
1736541000,5864.5,5872.75,5858,5866.5,5866.5,5866.5
1736542800,5866.75,5870.25,5858.5,5864.75,,5864.75
1736778600,5817.5,5842.75,5813,5838.5,5838.5,5838.5
1736780400,5838.25,5846.25,5818.75,5819.5,5819.5,5819.5
1736782200,5819.75,5851.75,5819.25,5839,5839,5839
1736784000,5838.75,5841.5,5827.5,5829.5,5829.5,5829.5
1736785800,5829.25,5842.25,5818.75,5820,5820,5820
1736787600,5819.75,5845.75,5816.5,5842.75,5842.75,5842.75
1736789400,5842.5,5856.25,5836.5,5855.5,5855.5,5855.5
1736791200,5855.25,5858,5849.25,5857.75,5857.75,5857.75
1736793000,5857.75,5863.75,5854.25,5860.75,5860.75,5860.75
1736794800,5860.75,5864.5,5850.25,5864,5864,5864
1736796600,5864,5871,5856.75,5865.75,5865.75,5865.75
1736798400,5865.5,5870.5,5859.75,5861.75,5861.75,5861.75
1736800200,5861.5,5878.25,5859.5,5875.25,5875.25,5875.25
1736802000,5875.25,5879.5,5872,5878,,5878
1736865000,5902.75,5909.75,5878.75,5882.25,5882.25,5882.25
1736866800,5882.25,5906,5880.75,5891.25,5891.25,5891.25
1736868600,5891.25,5895.75,5877.25,5877.5,5877.5,5877.5
1736870400,5877.75,5879.25,5861,5867.75,5867.75,5867.75
1736872200,5868,5873.75,5846.75,5846.75,5846.75,5846.75
1736874000,5846.75,5860.25,5844.75,5856,5856,5856
1736875800,5856,5864.75,5842.5,5861.5,5861.5,5861.5
1736877600,5861.25,5882,5860,5879.5,5879.5,5879.5
1736879400,5879.75,5898,5877.5,5895,5895,5895
1736881200,5895.25,5898.75,5889,5891,5891,5891
1736883000,5891,5898,5864,5865.5,5865.5,5865.5
1736884800,5865.75,5868.75,5848.75,5864.75,5864.75,5864.75
1736886600,5864.75,5883.25,5855.5,5882,5882,5882
1736888400,5882,5892.75,5880,5891,,5891
1736951400,5964.75,5983,5952.5,5981,5981,5981
1736953200,5981,5991.75,5977,5985.25,5985.25,5985.25
1736955000,5985.5,5987.5,5972.5,5973,5973,5973
1736956800,5973.25,5981.75,5968.5,5971.5,5971.5,5971.5
1736958600,5971.5,5971.5,5955.75,5961.25,5961.25,5961.25
1736960400,5961,5975,5959.5,5972.25,5972.25,5972.25
1736962200,5972.25,5980.75,5970,5971,5971,5971
1736964000,5971.25,5984.25,5971,5984,5984,5984
1736965800,5984,5988.25,5981.25,5986.75,5986.75,5986.75
1736967600,5987,5993,5986,5992.75,5992.75,5992.75
1736969400,5992.75,5999,5991.75,5995.5,5995.5,5995.5
1736971200,5995.75,6001.25,5994.75,5998.5,5998.5,5998.5
1736973000,5998.25,6000.25,5987.75,5988.5,5988.5,5988.5
1736974800,5988.5,5991.75,5986,5986.25,,5986.25
1737037800,6001.75,6003,5980.5,5982,5982,5982
1737039600,5981.75,5992.25,5973.25,5982.25,5982.25,5982.25
1737041400,5982.5,5995,5977.75,5994.75,5994.75,5994.75
1737043200,5994.75,6004.25,5985.5,5993.5,5993.5,5993.5
1737045000,5993.5,5995.75,5978.25,5995,5995,5995
1737046800,5995,5998.5,5987.75,5997.75,5997.75,5997.75
1737048600,5997.75,5998,5988,5989.5,5989.5,5989.5
1737050400,5989.75,5995.5,5981,5982.25,5982.25,5982.25
1737052200,5982.25,5984,5969,5973.5,5973.5,5973.5
1737054000,5973.5,5986,5970.25,5984.25,5984.25,5984.25
1737055800,5984.5,5991,5981.5,5989.25,5989.25,5989.25
1737057600,5989.5,5993.5,5979.25,5983,5983,5983
1737059400,5982.75,5991.75,5974,5976.25,5976.25,5976.25
1737061200,5976.5,5977,5963.25,5963.75,,5963.75
1737124200,6026.75,6030.25,6012.75,6020.5,6020.5,6020.5
1737126000,6020.25,6033,6017.75,6027.5,6027.5,6027.5
1737127800,6027.5,6039.5,6025.5,6039,6039,6039
1737129600,6039,6049,6035,6045.25,6045.25,6045.25
1737131400,6045.5,6047.5,6038.5,6040.75,6040.75,6040.75
1737133200,6040.5,6048.25,6035.75,6047.5,6047.5,6047.5
1737135000,6047.5,6049,6043,6046.75,6046.75,6046.75
1737136800,6046.75,6051.5,6043.25,6048.25,6048.25,6048.25
1737138600,6048.5,6049.25,6039.75,6043.75,6043.75,6043.75
1737140400,6043.75,6045.5,6038.25,6042.25,6042.25,6042.25
1737142200,6042.25,6044.75,6037.5,6039.75,6039.75,6039.75
1737144000,6039.75,6042.25,6032.5,6038.5,6038.5,6038.5
1737145800,6038.5,6043.5,6031,6033,6033,6033
1737147600,6033.25,6034,6029,6030.25,,6030.25
1737469800,6063.75,6072,6052,6062.75,6062.75,6062.75
1737471600,6062.5,6063,6043.5,6060.5,6060.5,6060.5
1737473400,6060.5,6063.25,6051.25,6061,6061,6061
1737475200,6061,6066.75,6055.5,6065.25,6065.25,6065.25
1737477000,6065.25,6072.25,6059.5,6071,6071,6071
1737478800,6071,6075.25,6066.75,6073.5,6073.5,6073.5
1737480600,6073.25,6082.25,6073,6081.75,6081.75,6081.75
1737482400,6081.75,6086.5,6078,6083.75,6083.75,6083.75
1737484200,6083.5,6085.5,6079.5,6083.5,6083.5,6083.5
1737486000,6083.75,6085.5,6076.5,6081.5,6081.5,6081.5
1737487800,6081.5,6081.75,6074.25,6079.25,6079.25,6079.25
1737489600,6079.25,6085.25,6077.25,6084.5,6084.5,6084.5
1737491400,6084.75,6087.25,6079,6086.5,6086.5,6086.5
1737493200,6086.5,6093.25,6086,6088,,6088
1737556200,6116.25,6122.75,6111.25,6122.25,6122.25,6122.25
1737558000,6122.25,6127.75,6117,6124.5,6124.5,6124.5
1737559800,6124.25,6128,6121.75,6122.25,6122.25,6122.25
1737561600,6122.25,6129.5,6119.5,6129.5,6129.5,6129.5
1737563400,6129.5,6135,6129,6133.5,6133.5,6133.5
1737565200,6133.75,6135.75,6130.25,6132.75,6132.75,6132.75
1737567000,6132.5,6134.25,6130.25,6130.5,6130.5,6130.5
1737568800,6130.5,6131.75,6126.75,6128,6128,6128
1737570600,6128,6133.25,6127,6127.25,6127.25,6127.25
1737572400,6127.25,6130.5,6125.5,6126,6126,6126
1737574200,6126.25,6133.25,6124.75,6133,6133,6133
1737576000,6132.75,6133.25,6128,6128.25,6128.25,6128.25
1737577800,6128.5,6130.75,6119.5,6120.25,6120.25,6120.25
1737579600,6120,6122,6117.5,6118.75,,6118.75
1737642600,6113.5,6119,6111.25,6118.25,6118.25,6118.25
1737644400,6118.5,6118.5,6112,6113,6113,6113
1737646200,6113,6125,6112.5,6124.75,6124.75,6124.75
1737648000,6124.75,6131.75,6119.75,6131.25,6131.25,6131.25
1737649800,6131,6134.75,6126.5,6128.5,6128.5,6128.5
1737651600,6128.5,6130,6125,6128,6128,6128
1737653400,6127.75,6133,6124.75,6132.75,6132.75,6132.75
1737655200,6132.75,6139,6131.75,6136,6136,6136
1737657000,6136.25,6138.5,6133,6133.75,6133.75,6133.75
1737658800,6133.75,6134.75,6129.25,6133,6133,6133
1737660600,6133,6136.5,6132.75,6134.5,6134.5,6134.5
1737662400,6134.25,6139.25,6132.5,6137.25,6137.25,6137.25
1737664200,6137.25,6154,6133.25,6153.5,6153.5,6153.5
1737666000,6153.5,6153.75,6149,6149.25,,6149.25
1737729000,6152,6162.25,6150.5,6157,6157,6157
1737730800,6157.25,6159.5,6146.5,6147.5,6147.5,6147.5
1737732600,6147.5,6150.5,6144.5,6145.75,6145.75,6145.75
1737734400,6145.75,6152.75,6144.75,6152.75,6152.75,6152.75
1737736200,6152.5,6157.5,6148,6149.5,6149.5,6149.5
1737738000,6149.5,6154.5,6146.75,6148.5,6148.5,6148.5
1737739800,6148.25,6150.25,6139.25,6141,6141,6141
1737741600,6140.75,6143.25,6134.75,6138.5,6138.5,6138.5
1737743400,6138.5,6141.75,6125.75,6128.25,6128.25,6128.25
1737745200,6128.25,6132.5,6123.25,6128,6128,6128
1737747000,6128.25,6133.25,6127,6127.75,6127.75,6127.75
1737748800,6127.75,6132.25,6123.5,6124.5,6124.5,6124.5
1737750600,6124.75,6135,6122,6132.75,6132.75,6132.75
1737752400,6132.75,6133.5,6127.25,6129.25,,6129.25
1737988200,5998,6037.75,5996.75,6037,6037,6037
1737990000,6036.75,6043,6017.5,6041,6041,6041
1737991800,6041,6048,6031.25,6031.75,6031.75,6031.75
1737993600,6031.75,6033.5,6013.75,6016,6016,6016
1737995400,6016,6028.75,6013.25,6019.25,6019.25,6019.25
1737997200,6019.5,6031.75,6014.75,6027.75,6027.75,6027.75
1737999000,6027.75,6033.5,6012.75,6013.25,6013.25,6013.25
1738000800,6013.25,6019.25,6011.75,6012.75,6012.75,6012.75
1738002600,6012.75,6026,6012,6017.5,6017.5,6017.5
1738004400,6017.75,6043.25,6017.5,6041.75,6041.75,6041.75
1738006200,6041.75,6041.75,6014.75,6021.75,6021.75,6021.75
1738008000,6021.5,6033.5,6015.5,6026.75,6026.75,6026.75
1738009800,6027,6048.75,6023.5,6046.75,6046.75,6046.75
1738011600,6046.75,6056.5,6044.25,6050.25,,6050.25
1738074600,6057.5,6059.5,6023.5,6039.75,6039.75,6039.75
1738076400,6039.75,6079,6038.75,6075.75,6075.75,6075.75
1738078200,6076,6082.25,6068.5,6081.75,6081.75,6081.75
1738080000,6082,6087.25,6061.25,6065.25,6065.25,6065.25
1738081800,6065.25,6077.25,6060.25,6077,6077,6077
1738083600,6076.75,6090.5,6075,6088.25,6088.25,6088.25
1738085400,6088.5,6092.5,6084.25,6090,6090,6090
1738087200,6090,6099.25,6088.75,6093.5,6093.5,6093.5
1738089000,6093.5,6096.25,6086.5,6089.25,6089.25,6089.25
1738090800,6089.5,6093,6083.75,6091.75,6091.75,6091.75
1738092600,6092,6104.25,6091.75,6103,6103,6103
1738094400,6102.75,6105.5,6098.5,6102.25,6102.25,6102.25
1738096200,6102.25,6104,6095.25,6096,6096,6096
1738098000,6096,6096.25,6089.75,6092,,6092
1738161000,6087.25,6090.5,6074.5,6083,6083,6083
1738162800,6083.25,6091.25,6077.25,6079.5,6079.5,6079.5
1738164600,6079.75,6085.25,6074.75,6078.25,6078.25,6078.25
1738166400,6078.25,6082,6072,6074.5,6074.5,6074.5
1738168200,6074.5,6079.75,6069.25,6072.75,6072.75,6072.75
1738170000,6072.75,6084.5,6072,6080.75,6080.75,6080.75
1738171800,6080.75,6083.25,6069.25,6070.75,6070.75,6070.75
1738173600,6071,6073.75,6046.25,6073.5,6073.5,6073.5
1738175400,6073.5,6076.75,6063.5,6065.25,6065.25,6065.25
1738177200,6065.25,6065.75,6042.25,6044,6044,6044
1738179000,6044,6083.5,6042.75,6073.5,6073.5,6073.5
1738180800,6073.25,6087.5,6055.75,6083.75,6083.75,6083.75
1738182600,6084.25,6087.5,6058,6068.25,6068.25,6068.25
1738184400,6068.25,6076,6043.75,6065,,6065
1738247400,6089.5,6109.75,6083.5,6099.25,6099.25,6099.25
1738249200,6099.25,6100,6073.5,6075.75,6075.75,6075.75
1738251000,6076,6088.5,6063.5,6064.25,6064.25,6064.25
1738252800,6064.25,6079,6056.5,6079,6079,6079
1738254600,6079,6093.25,6072.25,6090.5,6090.5,6090.5
1738256400,6090.25,6090.5,6070.25,6073,6073,6073
1738258200,6073.25,6083.25,6071,6083,6083,6083
1738260000,6083.25,6093.25,6081.5,6089.75,6089.75,6089.75
1738261800,6089.75,6101,6089.25,6100,6100,6100
1738263600,6100,6102.75,6095.75,6099.75,6099.75,6099.75
1738265400,6099.5,6107.25,6096,6107,6107,6107
1738267200,6106.75,6116.25,6106,6113.25,6113.25,6113.25
1738269000,6113,6113.5,6067.75,6099.25,6099.25,6099.25
1738270800,6099.25,6107,6088.5,6096.5,,6096.5
1738333800,6122.5,6129.25,6118.25,6129,6129,6129
1738335600,6128.75,6138.25,6127.75,6137.5,6137.5,6137.5
1738337400,6137.5,6144.25,6136.5,6142.5,6142.5,6142.5
1738339200,6142.5,6147.75,6138.75,6139.25,6139.25,6139.25
1738341000,6139,6142.25,6133.25,6137,6137,6137
1738342800,6137,6143.5,6127.75,6143.25,6143.25,6143.25
1738344600,6143.5,6145.5,6137,6139,6139,6139
1738346400,6139,6141.5,6114.75,6116.25,6116.25,6116.25
1738348200,6116,6118,6095.75,6101.75,6101.75,6101.75
1738350000,6101.5,6106.75,6080.75,6092.5,6092.5,6092.5
1738351800,6092.5,6099,6066.75,6083.5,6083.5,6083.5
1738353600,6083.5,6083.5,6061,6064,6064,6064
1738355400,6064.25,6080.25,6057.75,6064.75,6064.75,6064.75
1738357200,6064.75,6069,6057.75,6063.75,,6063.75
1738593000,5972.25,5989.5,5961.25,5965.25,5965.25,5965.25
1738594800,5965.25,6011.5,5950.25,6009.25,6009.25,6009.25
1738596600,6009.25,6032,6002.25,6025,6025,6025
1738598400,6024.75,6038.5,6003.25,6024.75,6024.75,6024.75
1738600200,6025,6036.25,6014.75,6019,6019,6019
1738602000,6018.75,6033,6012.5,6020.25,6020.25,6020.25
1738603800,6020,6027,6003.75,6019.25,6019.25,6019.25
1738605600,6019.5,6028.5,6006.25,6024,6024,6024
1738607400,6024.25,6036.25,6020,6034.25,6034.25,6034.25
1738609200,6034.25,6046.5,6031.25,6041,6041,6041
1738611000,6041,6049.25,6038.75,6043.25,6043.25,6043.25
1738612800,6043.25,6046.75,6030,6031.5,6031.5,6031.5
1738614600,6031.5,6036.75,6020,6023,6023,6023
1738616400,6023.25,6030.5,6020.5,6023.75,,6023.75
1738679400,6023.5,6037.75,6018,6035,6035,6035
1738681200,6035,6057,6034.25,6051,6051,6051
1738683000,6051,6058.25,6046.5,6049.25,6049.25,6049.25
1738684800,6049.25,6066,6049.25,6065.25,6065.25,6065.25
1738686600,6065.25,6066.75,6053.5,6059.5,6059.5,6059.5
1738688400,6059.5,6062.25,6042,6043.25,6043.25,6043.25
1738690200,6043.25,6055.75,6039.25,6055.25,6055.25,6055.25
1738692000,6055.5,6058,6046.25,6056.75,6056.75,6056.75
1738693800,6056.5,6058,6052.5,6052.75,6052.75,6052.75
1738695600,6052.5,6067,6051,6064.5,6064.5,6064.5
1738697400,6064.5,6068.75,6053.75,6060.25,6060.25,6060.25
1738699200,6060,6064.75,6055.5,6056.25,6056.25,6056.25
1738701000,6056,6067.75,6055,6062.5,6062.5,6062.5
1738702800,6062.75,6066.5,6048.75,6051,,6051
1738765800,6051,6055.5,6038.75,6044.75,6044.75,6044.75
1738767600,6045.25,6055,6029.5,6050.25,6050.25,6050.25
1738769400,6050.5,6054.25,6042,6050,6050,6050
1738771200,6050,6058.5,6045.25,6057,6057,6057
1738773000,6057,6073.5,6055.5,6071.25,6071.25,6071.25
1738774800,6071.5,6076.75,6067.5,6069.75,6069.75,6069.75
1738776600,6069.5,6073.25,6067.75,6071.25,6071.25,6071.25
1738778400,6071.25,6073.75,6066.5,6070.5,6070.5,6070.5
1738780200,6070.25,6078.75,6068.75,6074,6074,6074
1738782000,6074,6081.5,6073.75,6077.75,6077.75,6077.75
1738783800,6077.75,6079.25,6073.5,6075.75,6075.75,6075.75
1738785600,6075.5,6084.5,6075.25,6082.25,6082.25,6082.25
1738787400,6082,6088.5,6073.5,6086,6086,6086
1738789200,6086,6089.25,6083.75,6088.5,,6088.5
1738852200,6103.75,6105,6093.25,6096,6096,6096
1738854000,6096.25,6103.25,6092,6093.25,6093.25,6093.25
1738855800,6093,6101.75,6085.25,6090.25,6090.25,6090.25
1738857600,6090,6101,6089.25,6099.25,6099.25,6099.25
1738859400,6099.25,6099.75,6091.25,6095,6095,6095
1738861200,6095.25,6100.5,6091.25,6095.25,6095.25,6095.25
1738863000,6095.5,6101.75,6092.5,6100.25,6100.25,6100.25
1738864800,6100.25,6104,6096.75,6099.75,6099.75,6099.75
1738866600,6099.75,6102,6094.25,6095.5,6095.5,6095.5
1738868400,6095.25,6098.5,6087.25,6089.25,6089.25,6089.25
1738870200,6089.5,6089.75,6070,6081,6081,6081
1738872000,6080.75,6092,6078.75,6091.25,6091.25,6091.25
1738873800,6091.25,6108.5,6089.5,6107,6107,6107
1738875600,6107.25,6107.75,6075.25,6094,,6094
1738938600,6110.5,6123.25,6107.25,6120,6120,6120
1738940400,6120.5,6120.5,6078.75,6087,6087,6087
1738942200,6087,6096.75,6052.5,6075.5,6075.5,6075.5
1738944000,6075.75,6086.5,6056.25,6061,6061,6061
1738945800,6061.25,6070,6053.75,6056.75,6056.75,6056.75
1738947600,6056.75,6067.75,6046.5,6057.25,6057.25,6057.25
1738949400,6057,6069.5,6053.75,6062.25,6062.25,6062.25
1738951200,6062.25,6078.5,6061.25,6074.5,6074.5,6074.5
1738953000,6074.25,6077.5,6051.75,6053.25,6053.25,6053.25
1738954800,6053.25,6056.75,6044.75,6046.75,6046.75,6046.75
1738956600,6046.75,6056.75,6043.75,6052,6052,6052
1738958400,6051.75,6051.75,6041.25,6044.75,6044.75,6044.75
1738960200,6044.75,6053.75,6044.5,6049.25,6049.25,6049.25
1738962000,6049.5,6054.25,6049,6051.25,,6051.25
1739197800,6080.75,6082,6067.75,6075.75,6075.75,6075.75
1739199600,6075.75,6089,6074,6088.5,6088.5,6088.5
1739201400,6088.5,6094.5,6086.25,6089.75,6089.75,6089.75
1739203200,6089.75,6092.5,6081.25,6084,6084,6084
1739205000,6084,6085.5,6079,6084.75,6084.75,6084.75
1739206800,6084.75,6085.5,6072.25,6076.75,6076.75,6076.75
1739208600,6077,6087.25,6076.5,6086.75,6086.75,6086.75
1739210400,6086.75,6090.75,6086,6087.75,6087.75,6087.75
1739212200,6087.75,6093.5,6086.5,6091.5,6091.5,6091.5
1739214000,6091.5,6096,6087,6092.75,6092.75,6092.75
1739215800,6092.75,6094.5,6088,6090.25,6090.25,6090.25
1739217600,6090.25,6093,6088.25,6090,6090,6090
1739219400,6089.75,6091,6083,6088.25,6088.25,6088.25
1739221200,6088.25,6088.75,6083.25,6084,,6084
1739284200,6065,6075.5,6064,6072.5,6072.5,6072.5
1739286000,6072.5,6082.5,6066.5,6081,6081,6081
1739287800,6081.25,6092,6079.5,6086.75,6086.75,6086.75
1739289600,6086.75,6090,6084.75,6085.5,6085.5,6085.5
1739291400,6085.75,6088.75,6080,6081.75,6081.75,6081.75
1739293200,6081.75,6083.75,6070.5,6083,6083,6083
1739295000,6083,6084,6075.5,6077,6077,6077
1739296800,6077,6081.5,6074.75,6079.25,6079.25,6079.25
1739298600,6079.5,6093,6079,6085.75,6085.75,6085.75
1739300400,6085.75,6088.25,6083.75,6087.25,6087.25,6087.25
1739302200,6087.25,6098.75,6087,6094.25,6094.25,6094.25
1739304000,6094.25,6096.75,6090.5,6093,6093,6093
1739305800,6093,6096,6086.25,6092.5,6092.5,6092.5
1739307600,6092.75,6094.25,6089.75,6092.25,,6092.25
1739370600,6030.75,6056,6023.75,6052.5,6052.5,6052.5
1739372400,6052.5,6062.5,6034.25,6053.25,6053.25,6053.25
1739374200,6053.25,6072.25,6053,6063,6063,6063
1739376000,6063,6063.5,6040,6044.75,6044.75,6044.75
1739377800,6044.75,6074.5,6044.25,6073.25,6073.25,6073.25
1739379600,6073,6079.75,6069.25,6077,6077,6077
1739381400,6076.75,6084.5,6069.75,6083.25,6083.25,6083.25
1739383200,6083.25,6084.75,6070.25,6074.75,6074.75,6074.75
1739385000,6074.75,6076.75,6068.25,6071,6071,6071
1739386800,6071.25,6071.75,6064.25,6069.25,6069.25,6069.25
1739388600,6069.5,6081.5,6069.5,6078.25,6078.25,6078.25
1739390400,6078.25,6079.75,6072,6072.25,6072.25,6072.25
1739392200,6072.25,6075,6064.75,6072.75,6072.75,6072.75
1739394000,6073,6077.5,6069.25,6073.5,,6073.5
1739457000,6083.5,6089,6070.25,6086.25,6086.25,6086.25
1739458800,6086.5,6102.5,6080.5,6099,6099,6099
1739460600,6099,6113.75,6098,6109.25,6109.25,6109.25
1739462400,6109.5,6113.5,6104.5,6105.5,6105.5,6105.5
1739464200,6105.5,6108.25,6095.75,6099.25,6099.25,6099.25
1739466000,6099.25,6105.5,6095.25,6103.5,6103.5,6103.5
1739467800,6103.75,6108.25,6096.25,6100,6100,6100
1739469600,6100.25,6102.75,6088,6100.25,6100.25,6100.25
1739471400,6100.5,6111.25,6091.5,6110.5,6110.5,6110.5
1739473200,6110.5,6122.5,6109,6121.25,6121.25,6121.25
1739475000,6121,6131.5,6119.75,6127.5,6127.5,6127.5
1739476800,6127.5,6135.5,6126.5,6134.25,6134.25,6134.25
1739478600,6134,6138,6129.25,6135.25,6135.25,6135.25
1739480400,6135.25,6136.25,6130.75,6132.75,,6132.75
1739543400,6134.5,6141.75,6132.5,6140,6140,6140
1739545200,6140,6145.25,6135.5,6137.75,6137.75,6137.75
1739547000,6137.5,6141.75,6132.25,6140.25,6140.25,6140.25
1739548800,6140.5,6143.75,6129,6135.25,6135.25,6135.25
1739550600,6135,6138.25,6130.25,6137.75,6137.75,6137.75
1739552400,6137.5,6137.75,6127.75,6128.25,6128.25,6128.25
1739554200,6128.5,6135.5,6125.75,6134.25,6134.25,6134.25
1739556000,6134.25,6136.25,6132,6134.25,6134.25,6134.25
1739557800,6134.5,6143,6134,6140.25,6140.25,6140.25
1739559600,6140.25,6142.5,6135.75,6136.75,6136.75,6136.75
1739561400,6136.75,6138.5,6133.5,6137.75,6137.75,6137.75
1739563200,6137.75,6137.75,6130.75,6131.75,6131.75,6131.75
1739565000,6131.75,6138,6130,6131.75,6131.75,6131.75
1739566800,6131.75,6134,6128.75,6133.25,,6133.25
1739889000,6143.25,6144.5,6133.75,6135.75,6135.75,6135.75
1739890800,6135.75,6137.5,6127.5,6130.75,6130.75,6130.75
1739892600,6130.75,6140.5,6128,6140,6140,6140
1739894400,6140,6141.75,6131.75,6138.5,6138.5,6138.5
1739896200,6138.5,6143.5,6134.75,6137,6137,6137
1739898000,6137.25,6137.75,6132.25,6134.5,6134.5,6134.5
1739899800,6134.75,6140,6134.75,6138,6138,6138
1739901600,6138,6141.25,6129.75,6133.25,6133.25,6133.25
1739903400,6133.5,6134,6129,6131,6131,6131
1739905200,6131.25,6133,6118.25,6126.5,6126.5,6126.5
1739907000,6126.5,6135,6125.5,6133.25,6133.25,6133.25
1739908800,6133.25,6134.5,6131,6132.75,6132.75,6132.75
1739910600,6132.75,6148.5,6131,6148,6148,6148
1739912400,6148.25,6149.5,6146.5,6147.25,,6147.25
1739975400,6134.25,6136.5,6130.5,6132.75,6132.75,6132.75
1739977200,6133,6136.25,6129.25,6134,6134,6134
1739979000,6134.25,6142.5,6131.5,6135,6135,6135
1739980800,6135,6146.75,6134.75,6145.5,6145.5,6145.5
1739982600,6145.5,6151.75,6143.75,6151,6151,6151
1739984400,6150.75,6153.75,6144,6144.5,6144.5,6144.5
1739986200,6144.5,6152.25,6142.25,6149.5,6149.5,6149.5
1739988000,6149.75,6151,6140.25,6150.5,6150.5,6150.5
1739989800,6150.75,6154.25,6148.5,6149,6149,6149
1739991600,6149.25,6165,6147.75,6162.5,6162.5,6162.5
1739993400,6162.25,6166.5,6160.5,6165.25,6165.25,6165.25
1739995200,6165.25,6165.25,6152,6155.25,6155.25,6155.25
1739997000,6155.25,6164.5,6154.75,6163,6163,6163
1739998800,6163,6163.25,6152.5,6154,,6154
1740061800,6148.5,6150,6116,6116.75,6116.75,6116.75
1740063600,6116.75,6126.5,6102.75,6124,6124,6124
1740065400,6123.75,6128,6103.5,6106,6106,6106
1740067200,6106.25,6117.5,6105,6115.25,6115.25,6115.25
1740069000,6115.25,6117,6103.5,6107,6107,6107
1740070800,6107,6122.25,6105.25,6120.5,6120.5,6120.5
1740072600,6120.75,6123.75,6112.75,6113,6113,6113
1740074400,6112.75,6117.75,6109,6112.25,6112.25,6112.25
1740076200,6112,6120.25,6110.5,6118.75,6118.75,6118.75
1740078000,6118.75,6127.5,6117.75,6124.75,6124.75,6124.75
1740079800,6124.5,6134,6119.75,6131.5,6131.5,6131.5
1740081600,6131.5,6134,6125.5,6131.5,6131.5,6131.5
1740083400,6131.25,6139.75,6127.5,6137.25,6137.25,6137.25
1740085200,6137,6137.75,6130.75,6131,,6131
1740148200,6132.5,6133,6113,6115,6115,6115
1740150000,6115.25,6116.75,6095.25,6097.75,6097.75,6097.75
1740151800,6097.5,6101,6087.5,6098.25,6098.25,6098.25
1740153600,6098.25,6105,6091.75,6099.5,6099.5,6099.5
1740155400,6099.5,6105.25,6093.25,6098.25,6098.25,6098.25
1740157200,6098.5,6101.75,6081.75,6087.5,6087.5,6087.5
1740159000,6087.5,6088.25,6066.25,6068.25,6068.25,6068.25
1740160800,6068.25,6068.75,6051,6051.5,6051.5,6051.5
1740162600,6051.5,6062.25,6045.5,6047.5,6047.5,6047.5
1740164400,6047.5,6053.5,6026.25,6029,6029,6029
1740166200,6029,6036.5,6024.5,6030.25,6030.25,6030.25
1740168000,6030,6036.5,6026.5,6035.5,6035.5,6035.5
1740169800,6035.75,6039.25,6025,6030.25,6030.25,6030.25
1740171600,6030.5,6034.75,6027.5,6033,,6033
1740407400,6050,6060,6016,6017.25,6017.25,6017.25
1740409200,6017.25,6024,5994.5,6009.25,6009.25,6009.25
1740411000,6009,6014.25,5997,6006.75,6006.75,6006.75
1740412800,6006.75,6033.75,6004.25,6030.5,6030.5,6030.5
1740414600,6030.5,6037.75,6023.5,6029.25,6029.25,6029.25
1740416400,6029.25,6045.75,6027.75,6040.25,6040.25,6040.25
1740418200,6040.25,6048.5,6035.25,6036,6036,6036
1740420000,6036.25,6047,6035,6043.75,6043.75,6043.75
1740421800,6043.75,6046,6033.25,6036.25,6036.25,6036.25
1740423600,6036.25,6044.25,6028,6030.5,6030.5,6030.5
1740425400,6030.25,6036.5,6023.5,6027.5,6027.5,6027.5
1740427200,6027.5,6030.25,6020,6020.75,6020.75,6020.75
1740429000,6020.75,6027,5996,6002.25,6002.25,6002.25
1740430800,6002.5,6009.5,5999.25,6007.5,,6007.5
1740493800,6000.5,6007.75,5971,5981.25,5981.25,5981.25
1740495600,5981,5981.75,5934.75,5936.75,5936.75,5936.75
1740497400,5937,5963,5933.5,5951.75,5951.75,5951.75
1740499200,5952,5952.5,5935.75,5937,5937,5937
1740501000,5937,5967.5,5924,5960.25,5960.25,5960.25
1740502800,5960.25,5965.5,5949.5,5965.25,5965.25,5965.25
1740504600,5965.25,5976.75,5963,5976.75,5976.75,5976.75
1740506400,5976.5,5990.5,5965,5965.5,5965.5,5965.5
1740508200,5965.5,5987.75,5964.25,5976,5976,5976
1740510000,5976,5977.5,5958.5,5959.5,5959.5,5959.5
1740511800,5959.25,5984.75,5958.75,5981.25,5981.25,5981.25
1740513600,5981.25,5995.5,5976,5987.75,5987.75,5987.75
1740515400,5987.75,5988.75,5964.25,5970.5,5970.5,5970.5
1740517200,5970.5,5981.75,5969.5,5977.5,,5977.5
1740580200,5987.25,6005.75,5978.25,6004.5,6004.5,6004.5
1740582000,6004.75,6020.5,6000,6007.25,6007.25,6007.25
1740583800,6007.25,6020,6007,6016.5,6016.5,6016.5
1740585600,6016.5,6023.75,6014.5,6014.75,6014.75,6014.75
1740587400,6014.75,6022.5,6006,6008,6008,6008
1740589200,6008,6021.75,6004.25,6013.5,6013.5,6013.5
1740591000,6013.75,6018,5978.5,5983.75,5983.75,5983.75
1740592800,5983.75,5986.25,5965.5,5966.5,5966.5,5966.5
1740594600,5966.25,5973.25,5948.5,5953,5953,5953
1740596400,5952.75,5966.25,5945.5,5960.75,5960.75,5960.75
1740598200,5960.75,5973.75,5953.25,5954.75,5954.75,5954.75
1740600000,5955,5967,5951.5,5963,5963,5963
1740601800,5962.75,5980.25,5958.25,5972,5972,5972
1740603600,5972.25,5981,5967.75,5975.5,,5975.5
1740666600,5995.5,6007.25,5947.75,5951,5951,5951
1740668400,5951,5991.75,5931.5,5981.25,5981.25,5981.25
1740670200,5981.25,5984.25,5959.5,5961,5961,5961
1740672000,5961.25,5989,5959.25,5968,5968,5968
1740673800,5967.75,5976.25,5949,5950.75,5950.75,5950.75
1740675600,5951,5966.5,5940,5965.75,5965.75,5965.75
1740677400,5966,5971.25,5950.25,5960.75,5960.75,5960.75
1740679200,5960.5,5978.25,5959.5,5972.5,5972.5,5972.5
1740681000,5972.75,5976,5962.5,5963.5,5963.5,5963.5
1740682800,5963.5,5965,5933,5934,5934,5934
1740684600,5934,5934.5,5909.25,5918.75,5918.75,5918.75
1740686400,5919,5919.75,5888.5,5889.25,5889.25,5889.25
1740688200,5889.5,5902.25,5873,5877.5,5877.5,5877.5
1740690000,5877.75,5880,5873.5,5879.25,,5879.25
1740753000,5879.75,5887.25,5857,5884,5884,5884
1740754800,5884,5907.5,5876,5907.25,5907.25,5907.25
1740756600,5907.25,5913,5894.5,5912.5,5912.5,5912.5
1740758400,5912.5,5914.25,5883.5,5884.25,5884.25,5884.25
1740760200,5884.5,5907.5,5881.75,5897.25,5897.25,5897.25
1740762000,5897.25,5907,5888.5,5894.25,5894.25,5894.25
1740763800,5894,5895.5,5859.5,5860.25,5860.25,5860.25
1740765600,5860.25,5871.5,5848,5870.75,5870.75,5870.75
1740767400,5870.75,5889,5859.25,5859.5,5859.5,5859.5
1740769200,5859.5,5882,5859,5880.25,5880.25,5880.25
1740771000,5880.25,5906.25,5876,5904.5,5904.5,5904.5
1740772800,5904.5,5920.5,5900.25,5920,5920,5920
1740774600,5919.75,5971,5902.5,5964,5964,5964
1740776400,5964.25,5965.75,5953.75,5957.25,,5957.25
1741012200,5984.75,5997,5947.75,5951.5,5951.5,5951.5
1741014000,5951.5,5964.75,5930.5,5964,5964,5964
1741015800,5964.25,5974.75,5945,5947.25,5947.25,5947.25
1741017600,5947.25,5968.75,5945.75,5947.25,5947.25,5947.25
1741019400,5947,5957.5,5934.5,5953.5,5953.5,5953.5
1741021200,5953.5,5964.75,5950,5960.75,5960.75,5960.75
1741023000,5961,5965.5,5937.25,5943.25,5943.25,5943.25
1741024800,5943.25,5944.75,5901.5,5904.25,5904.25,5904.25
1741026600,5904.25,5924.25,5897.75,5914.75,5914.75,5914.75
1741028400,5914.5,5925.5,5905.25,5908.25,5908.25,5908.25
1741030200,5908,5929.5,5882.5,5883.5,5883.5,5883.5
1741032000,5883.75,5884.25,5831,5834.75,5834.75,5834.75
1741033800,5834.5,5864.25,5821.75,5862.75,5862.75,5862.75
1741035600,5862.75,5872,5861,5870,,5870
1741098600,5819,5824.25,5778,5779,5779,5779
1741100400,5779,5783.75,5744,5767,5767,5767
1741102200,5766.75,5782.75,5755.5,5762.5,5762.5,5762.5
1741104000,5762.75,5773,5744.75,5751.5,5751.5,5751.5
1741105800,5751.5,5787.5,5751,5781.5,5781.5,5781.5
1741107600,5781.25,5807.25,5774.75,5800.25,5800.25,5800.25
1741109400,5800,5803.5,5781,5786.75,5786.75,5786.75
1741111200,5786.75,5822.5,5782.25,5797,5797,5797
1741113000,5797,5830.25,5791.25,5824.5,5824.5,5824.5
1741114800,5824.25,5851,5823.5,5836,5836,5836
1741116600,5836,5853.25,5830,5850.5,5850.5,5850.5
1741118400,5850.25,5875.75,5843.5,5860.25,5860.25,5860.25
1741120200,5860.25,5862,5768.25,5790.75,5790.75,5790.75
1741122000,5791,5819,5790.5,5810.75,,5810.75
1741185000,5788,5812.75,5770.25,5778.25,5778.25,5778.25
1741186800,5779.75,5817,5774.5,5779,5779,5779
1741188600,5779.25,5804,5775.5,5789.5,5789.5,5789.5
1741190400,5789.25,5789.25,5758.25,5769,5769,5769
1741192200,5768.75,5788.5,5750.75,5779.5,5779.5,5779.5
1741194000,5779.25,5808.5,5778,5807.25,5807.25,5807.25
1741195800,5807.5,5829.5,5799.25,5828,5828,5828
1741197600,5828,5832,5797.75,5812.75,5812.75,5812.75
1741199400,5812.75,5836.25,5799.5,5835.25,5835.25,5835.25
1741201200,5835,5864.25,5828.75,5848.5,5848.5,5848.5
1741203000,5848.5,5862.5,5840.5,5851.25,5851.25,5851.25
1741204800,5851.25,5869.5,5843,5861.5,5861.5,5861.5
1741206600,5861.5,5861.75,5834,5850.75,5850.75,5850.75
1741208400,5850.75,5852,5841.25,5845.25,,5845.25
1741271400,5773.75,5779,5753.25,5763.25,5763.25,5763.25
1741273200,5763.5,5806.5,5759.75,5803.75,5803.75,5803.75
1741275000,5803.75,5820,5793.75,5806.5,5806.5,5806.5
1741276800,5806.75,5821.25,5790.25,5804,5804,5804
1741278600,5803.75,5820.25,5763,5764.25,5764.25,5764.25
1741280400,5764,5768.75,5738.5,5744.5,5744.5,5744.5
1741282200,5744.25,5756.25,5729,5749.5,5749.5,5749.5
1741284000,5749.25,5760.25,5738.25,5744,5744,5744
1741285800,5744,5750.25,5722.75,5740,5740,5740
1741287600,5740,5742.5,5720,5725.25,5725.25,5725.25
1741289400,5725,5768.5,5720.25,5729,5729,5729
1741291200,5729,5755,5723.5,5749.25,5749.25,5749.25
1741293000,5749.25,5761.75,5734.5,5747.75,5747.75,5747.75
1741294800,5748,5761.5,5744.25,5758.25,,5758.25
1741357800,5726.25,5778,5724.5,5756.25,5756.25,5756.25
1741359600,5756.25,5768,5734.5,5740.75,5740.75,5740.75
1741361400,5740.75,5747.75,5701.25,5726,5726,5726
1741363200,5725.75,5729.75,5690.75,5693.25,5693.25,5693.25
1741365000,5693.5,5697.25,5673,5687.75,5687.75,5687.75
1741366800,5687.75,5703.5,5674.5,5697.5,5697.5,5697.5
1741368600,5697.5,5747.75,5690.75,5718.5,5718.5,5718.5
1741370400,5718.5,5759.75,5718,5742.75,5742.75,5742.75
1741372200,5743,5770,5739.25,5769.75,5769.75,5769.75
1741374000,5769.75,5790.25,5758.25,5783.25,5783.25,5783.25
1741375800,5783.25,5789,5763.75,5769,5769,5769
1741377600,5769,5784.5,5763,5776.75,5776.75,5776.75
1741379400,5776.75,5791,5745.25,5775,5775,5775
1741381200,5775.25,5776.25,5760.25,5773.75,,5773.75
1741613400,5691.25,5711.25,5679.25,5689.25,5689.25,5689.25
1741615200,5689.5,5689.5,5667.25,5670.75,5670.75,5670.75
1741617000,5671,5676.25,5646.5,5655,5655,5655
1741618800,5655,5670,5655,5667,5667,5667
1741620600,5667.25,5682,5651.75,5653.75,5653.75,5653.75
1741622400,5653.75,5661.25,5640,5653.25,5653.25,5653.25
1741624200,5653.25,5667,5642.25,5645.75,5645.75,5645.75
1741626000,5645.75,5647.25,5626.5,5634.75,5634.75,5634.75
1741627800,5634.75,5635.5,5616.75,5619.75,5619.75,5619.75
1741629600,5619.75,5631.25,5610,5614,5614,5614
1741631400,5614,5620.75,5586.25,5588.75,5588.75,5588.75
1741633200,5588.75,5629,5571.5,5612.75,5612.75,5612.75
1741635000,5612.75,5641,5606.5,5623.5,5623.5,5623.5
1741636800,5623.5,5627,5613.5,5625.5,,5625.5
1741699800,5609,5632.5,5597.5,5613.25,5613.25,5613.25
1741701600,5613.25,5635.75,5571,5574.25,5574.25,5574.25
1741703400,5574.25,5587,5554.5,5562.75,5562.75,5562.75
1741705200,5562.5,5603.75,5556.25,5586,5586,5586
1741707000,5585.75,5614.75,5582.75,5586.5,5586.5,5586.5
1741708800,5586.25,5591.25,5561.5,5573.25,5573.25,5573.25
1741710600,5573,5583.75,5550,5557.25,5557.25,5557.25
1741712400,5557.25,5558,5534,5536.25,5536.25,5536.25
1741714200,5536,5568.5,5534.75,5557.25,5557.25,5557.25
1741716000,5557.25,5608.25,5555.75,5599.25,5599.25,5599.25
1741717800,5599.25,5643.75,5587.75,5630.25,5630.25,5630.25
1741719600,5630.25,5641,5600.5,5610.75,5610.75,5610.75
1741721400,5610.75,5618.25,5575,5575.75,5575.75,5575.75
1741723200,5575.75,5589.5,5572.75,5587,,5587
1741786200,5635.5,5645,5597,5608.5,5608.5,5608.5
1741788000,5608.25,5619.25,5592.75,5603.75,5603.75,5603.75
1741789800,5603.75,5606.75,5568.25,5569.5,5569.5,5569.5
1741791600,5569.5,5585.75,5550.25,5582.5,5582.5,5582.5
1741793400,5582.75,5606.25,5579.25,5604.75,5604.75,5604.75
1741795200,5605,5622.75,5595.75,5616,5616,5616
1741797000,5616.5,5626.5,5600.5,5604.5,5604.5,5604.5
1741798800,5604.5,5628.25,5600,5628,5628,5628
1741800600,5627.75,5631.5,5592.75,5593.75,5593.75,5593.75
1741802400,5593.75,5616.25,5591.75,5616,5616,5616
1741804200,5616,5633,5612.5,5626,5626,5626
1741806000,5625.75,5626,5602.5,5610,5610,5610
1741807800,5610,5616.75,5595.25,5602.75,5602.75,5602.75
1741809600,5603,5604,5596.25,5597.25,,5597.25
1741872600,5598,5600,5556.75,5563,5563,5563
1741874400,5563.25,5603.75,5557,5584,5584,5584
1741876200,5584,5596.75,5568,5572.75,5572.75,5572.75
1741878000,5572.75,5582.5,5554,5555.5,5555.5,5555.5
1741879800,5555.5,5564.5,5536.25,5537.75,5537.75,5537.75
1741881600,5537.75,5553.5,5535.25,5538.5,5538.5,5538.5
1741883400,5538.5,5558.75,5525.75,5538.75,5538.75,5538.75
1741885200,5538.5,5546,5516,5523.5,5523.5,5523.5
1741887000,5523.25,5524.5,5509.25,5513.25,5513.25,5513.25
1741888800,5513.25,5545.5,5512,5543.25,5543.25,5543.25
1741890600,5543.5,5555.5,5537.75,5552,5552,5552
1741892400,5551.75,5559,5521.25,5527.5,5527.5,5527.5
1741894200,5527.25,5533.25,5514,5528.25,5528.25,5528.25
1741896000,5528.5,5544.25,5526.75,5543.5,,5543.5
1741959000,5572,5607.75,5568.5,5595.5,5595.5,5595.5
1741960800,5595.25,5599.75,5564,5580.5,5580.5,5580.5
1741962600,5580.5,5613.75,5579.25,5613.75,5613.75,5613.75
1741964400,5613.5,5626,5610.25,5621.25,5621.25,5621.25
1741966200,5621.25,5635.5,5621.25,5632.25,5632.25,5632.25
1741968000,5632,5633.25,5611,5613,5613,5613
1741969800,5613,5635.25,5611,5631.75,5631.75,5631.75
1741971600,5631.5,5639,5622.75,5625,5625,5625
1741973400,5625,5630.5,5615.5,5617.25,5617.25,5617.25
1741975200,5617.25,5628.25,5613,5617.5,5617.5,5617.5
1741977000,5617.75,5635.75,5617.75,5628.5,5628.5,5628.5
1741978800,5628.5,5638.5,5625.5,5628.75,5628.75,5628.75
1741980600,5629,5648.75,5624,5637.5,5637.5,5637.5
1741982400,5637.75,5637.75,5625.25,5626.5,,5626.5
1742218200,5637.25,5674,5632.75,5667,5667,5667
1742220000,5667,5673.25,5653.25,5656.25,5656.25,5656.25
1742221800,5656.25,5667,5646.75,5650,5650,5650
1742223600,5650.25,5662.5,5644.5,5651.25,5651.25,5651.25
1742225400,5651.25,5654.75,5638,5648.5,5648.5,5648.5
1742227200,5648.5,5663,5642.5,5648.25,5648.25,5648.25
1742229000,5648.25,5659.5,5644.5,5656.25,5656.25,5656.25
1742230800,5656,5670,5649.5,5668.25,5668.25,5668.25
1742232600,5668.25,5684,5666.25,5681.25,5681.25,5681.25
1742234400,5681.25,5699.5,5681,5697,5697,5697
1742236200,5697,5707.5,5695.25,5702.25,5702.25,5702.25
1742238000,5702,5703.5,5694,5700.5,5700.5,5700.5
1742239800,5700.5,5703.25,5678.25,5680.5,5680.5,5680.5
1742241600,5680.5,5681.5,5674,5677.25,,5677.25
1742304600,5708.75,5711.25,5666.5,5668.25,5668.25,5668.25
1742306400,5668.5,5677.25,5661.75,5673.25,5673.25,5673.25
1742308200,5673.25,5681.25,5663.5,5668,5668,5668
1742310000,5668.25,5669.75,5653.25,5660,5660,5660
1742311800,5660,5668.75,5650.75,5656,5656,5656
1742313600,5656.25,5677.5,5654.25,5677,5677,5677
1742315400,5677,5678.75,5653,5668.75,5668.75,5668.75
1742317200,5668.75,5672.75,5652,5666,5666,5666
1742319000,5666,5675.75,5660,5668.5,5668.5,5668.5
1742320800,5668.5,5673.75,5657.25,5665,5665,5665
1742322600,5665,5682.5,5664,5674.25,5674.25,5674.25
1742324400,5674,5677.75,5666,5671.75,5671.75,5671.75
1742326200,5671.75,5675.25,5659,5672,5672,5672
1742328000,5671.75,5678.75,5671,5674.25,,5674.25
1742391000,5687.75,5704.5,5675.75,5699.75,5699.75,5699.75
1742392800,5699.5,5713.75,5699,5704.75,5704.75,5704.75
1742394600,5704.75,5708.75,5692.75,5695,5695,5695
1742396400,5694.75,5707.5,5693.25,5705.75,5705.75,5705.75
1742398200,5705.75,5723.25,5703,5718,5718,5718
1742400000,5718,5722.25,5710,5715.5,5715.5,5715.5
1742401800,5715.25,5716.5,5706.25,5709.5,5709.5,5709.5
1742403600,5709.5,5711.75,5692.25,5693,5693,5693
1742405400,5693.25,5702.25,5686.25,5691.25,5691.25,5691.25
1742407200,5691.25,5718.75,5682,5705.5,5705.5,5705.5
1742409000,5705.75,5746,5705.25,5743,5743,5743
1742410800,5742.75,5770.5,5726,5732.25,5732.25,5732.25
1742412600,5732.25,5754.25,5727,5730.75,5730.75,5730.75
1742414400,5731,5736.75,5730,5734.25,,5734.25
1742477400,5692,5726.5,5684.5,5725.25,5725.25,5725.25
1742479200,5725.5,5760,5723.5,5754,5754,5754
1742481000,5754,5765.25,5747.25,5753.25,5753.25,5753.25
1742482800,5753.25,5758.25,5745.75,5748.5,5748.5,5748.5
1742484600,5748.25,5755,5735.5,5740.5,5740.5,5740.5
1742486400,5740.5,5753.25,5717.75,5721,5721,5721
1742488200,5721,5729.25,5714.75,5717.5,5717.5,5717.5
1742490000,5717.25,5731,5705,5705.25,5705.25,5705.25
1742491800,5705.5,5723.5,5704.5,5709.75,5709.75,5709.75
1742493600,5709.75,5720,5698.25,5699,5699,5699
1742495400,5698.75,5717,5695,5702.25,5702.25,5702.25
1742497200,5702.5,5721.5,5701.5,5704.75,5704.75,5704.75
1742499000,5704.75,5724.75,5704.75,5714.5,5714.5,5714.5
1742500800,5714.5,5718.5,5712.75,5716.5,,5716.5
1742563800,5664,5675.75,5653.5,5670.75,5670.75,5670.75
1742565600,5671,5676.75,5652.25,5671.25,5671.25,5671.25
1742567400,5671.5,5687.5,5662.25,5687.25,5687.25,5687.25
1742569200,5687.25,5691,5669,5670.5,5670.5,5670.5
1742571000,5670.5,5678.5,5660.25,5666.25,5666.25,5666.25
1742572800,5666,5700,5658.75,5696.5,5696.5,5696.5
1742574600,5696.75,5710,5690.5,5709.5,5709.5,5709.5
1742576400,5709.75,5709.75,5691.25,5693.5,5693.5,5693.5
1742578200,5693.5,5712.5,5687.75,5702,5702,5702
1742580000,5702,5706,5693.5,5694.25,5694.25,5694.25
1742581800,5694.25,5706.25,5694,5698.5,5698.5,5698.5
1742583600,5698.5,5699.5,5688.25,5693.5,5693.5,5693.5
1742585400,5693.25,5722.25,5690.75,5714.5,5714.5,5714.5
1742587200,5714.5,5720.75,5712,5718.75,,5718.75
1742823000,5782.5,5804.5,5776,5802,5802,5802
1742824800,5802,5808,5794.5,5805.75,5805.75,5805.75
1742826600,5806,5811.5,5801.25,5810.5,5810.5,5810.5
1742828400,5810.5,5815,5805.5,5812.25,5812.25,5812.25
1742830200,5812.25,5814.25,5806.5,5814,5814,5814
1742832000,5813.75,5819.25,5807.25,5807.5,5807.5,5807.5
1742833800,5807.75,5811,5802.5,5805.75,5805.75,5805.75
1742835600,5806,5807,5798.5,5805,5805,5805
1742837400,5805.25,5808.75,5802.5,5805.75,5805.75,5805.75
1742839200,5805.75,5806.25,5795.25,5798.25,5798.25,5798.25
1742841000,5798.25,5811.25,5795,5811,5811,5811
1742842800,5811,5816.75,5809.25,5814,5814,5814
1742844600,5814,5825.5,5813,5813.5,5813.5,5813.5
1742846400,5813.75,5818,5813.25,5817.25,,5817.25
1742909400,5826,5829.75,5812.75,5819.75,5819.75,5819.75
1742911200,5819.75,5831,5812.25,5830.75,5830.75,5830.75
1742913000,5830.75,5837.25,5826.25,5832.75,5832.75,5832.75
1742914800,5832.5,5835,5828.75,5830,5830,5830
1742916600,5830,5830.75,5818,5820.25,5820.25,5820.25
1742918400,5820.25,5822.5,5816.5,5817.75,5817.75,5817.75
1742920200,5818,5823.75,5814.5,5822.25,5822.25,5822.25
1742922000,5822.25,5828.25,5812.75,5814.5,5814.5,5814.5
1742923800,5814.25,5819.75,5813.25,5813.75,5813.75,5813.75
1742925600,5813.75,5822.25,5810.5,5816.75,5816.75,5816.75
1742927400,5817,5818.75,5809.5,5811.75,5811.75,5811.75
1742929200,5811.75,5818.75,5811.25,5813.5,5813.5,5813.5
1742931000,5813.5,5828.5,5811.25,5826,5826,5826
1742932800,5826.25,5830,5826,5828.75,,5828.75
1742995800,5824,5834.5,5805.5,5808.5,5808.5,5808.5
1742997600,5808.5,5817.25,5797,5806,5806,5806
1742999400,5805.75,5810.5,5800.5,5806.25,5806.25,5806.25
1743001200,5806.5,5810.5,5790.75,5794.75,5794.75,5794.75
1743003000,5794.75,5799.75,5772.5,5778,5778,5778
1743004800,5778.25,5782.75,5773.5,5782,5782,5782
1743006600,5782,5785.5,5764,5765.75,5765.75,5765.75
1743008400,5765.75,5773.5,5758.75,5761,5761,5761
1743010200,5760.75,5764.5,5750.5,5751.5,5751.5,5751.5
1743012000,5751.5,5766.25,5751,5763.75,5763.75,5763.75
1743013800,5764,5766.25,5743,5745.25,5745.25,5745.25
1743015600,5745.25,5759.5,5743.25,5748.5,5748.5,5748.5
1743017400,5748.5,5767.25,5747.25,5758.25,5758.25,5758.25
1743019200,5758.25,5760.5,5756,5758.25,,5758.25
1743082200,5742.75,5755.25,5720,5754,5754,5754
1743084000,5753.75,5766.5,5745.75,5765.75,5765.75,5765.75
1743085800,5765.75,5778.75,5763,5778.75,5778.75,5778.75
1743087600,5778.75,5779.75,5768.5,5769.5,5769.5,5769.5
1743089400,5769.5,5769.75,5749,5750.25,5750.25,5750.25
1743091200,5750.25,5770,5748.25,5756.75,5756.75,5756.75
1743093000,5756.75,5763.75,5736.25,5736.75,5736.75,5736.75
1743094800,5736.75,5752.5,5733.75,5738.25,5738.25,5738.25
1743096600,5738.25,5748.5,5734.5,5737,5737,5737
1743098400,5737,5757.5,5736,5750,5750,5750
1743100200,5750,5762.75,5744.25,5746.25,5746.25,5746.25
1743102000,5746.25,5771.25,5744.75,5768.5,5768.5,5768.5
1743103800,5768.5,5769.25,5737.5,5740.5,5740.5,5740.5
1743105600,5740.75,5745.75,5739.5,5743,,5743
1743168600,5723.5,5731.25,5705.5,5707.25,5707.25,5707.25
1743170400,5707.5,5711.25,5662,5663,5663,5663
1743172200,5663,5669.25,5649.5,5655.5,5655.5,5655.5
1743174000,5655.25,5661,5644.5,5656.25,5656.25,5656.25
1743175800,5656.25,5665,5646,5646.25,5646.25,5646.25
1743177600,5646.25,5655,5633,5635.25,5635.25,5635.25
1743179400,5635.25,5642.75,5631,5632,5632,5632
1743181200,5632,5633,5619,5620.75,5620.75,5620.75
1743183000,5620.75,5631.25,5618.75,5630.75,5630.75,5630.75
1743184800,5630.75,5636.5,5622.75,5626.25,5626.25,5626.25
1743186600,5626.25,5630,5619.75,5628.75,5628.75,5628.75
1743188400,5628.75,5634.25,5623.25,5624.5,5624.5,5624.5
1743190200,5624.5,5631.5,5617.25,5624.5,5624.5,5624.5
1743192000,5624.75,5625.25,5611.75,5614,,5614
1743427800,5563.5,5572,5533.75,5562.5,5562.5,5562.5
1743429600,5562.75,5581.25,5559.25,5560.25,5560.25,5560.25
1743431400,5560.25,5585.5,5559.75,5581.5,5581.5,5581.5
1743433200,5581.75,5600.5,5577.75,5591,5591,5591
1743435000,5591,5606.75,5586.5,5598.5,5598.5,5598.5
1743436800,5598.5,5611.75,5584.5,5611.5,5611.5,5611.5
1743438600,5611.25,5611.25,5596.5,5598.5,5598.5,5598.5
1743440400,5598.75,5617.25,5593.25,5602,5602,5602
1743442200,5602,5607.75,5592.25,5596.75,5596.75,5596.75
1743444000,5596.75,5635.25,5595.25,5635,5635,5635
1743445800,5635,5645,5627.75,5629.25,5629.25,5629.25
1743447600,5629.25,5657.25,5628.75,5639.5,5639.5,5639.5
1743449400,5639.25,5672.75,5636,5656.25,5656.25,5656.25
1743451200,5656.25,5657.5,5640.75,5645.5,,5645.5
1743514200,5638.75,5650,5623,5636.5,5636.5,5636.5
1743516000,5636.75,5640.5,5600.25,5615,5615,5615
1743517800,5615,5662.75,5613.5,5661.5,5661.5,5661.5
1743519600,5661.5,5683.5,5658,5672.75,5672.75,5672.75
1743521400,5672.75,5682.75,5666.5,5680.75,5680.75,5680.75
1743523200,5681,5694.75,5671.5,5672.25,5672.25,5672.25
1743525000,5672.5,5678.75,5658,5671.75,5671.75,5671.75
1743526800,5671.75,5676.5,5656.25,5658.75,5658.75,5658.75
1743528600,5658.5,5668.5,5653.5,5654.25,5654.25,5654.25
1743530400,5654.5,5656.25,5628.5,5631,5631,5631
1743532200,5631,5642.25,5625.75,5641,5641,5641
1743534000,5640.75,5654.25,5638.5,5648.5,5648.5,5648.5
1743535800,5648.75,5679.75,5645.75,5674.75,5674.75,5674.75
1743537600,5674.75,5678.5,5672.75,5674.5,,5674.5
1743600600,5613,5661.5,5610.75,5651,5651,5651
1743602400,5650.75,5673.5,5646.5,5672.75,5672.75,5672.75
1743604200,5672.75,5687.25,5667.5,5685.25,5685.25,5685.25
1743606000,5685.25,5702.25,5673,5698,5698,5698
1743607800,5698,5702,5675,5687.25,5687.25,5687.25
1743609600,5687.5,5707.75,5685.25,5707.75,5707.75,5707.75
1743611400,5707.75,5725.5,5700.25,5721.5,5721.5,5721.5
1743613200,5721.75,5739.25,5721.25,5725.25,5725.25,5725.25
1743615000,5725.25,5726,5696.75,5705.5,5705.5,5705.5
1743616800,5705.5,5709.25,5675.25,5675.75,5675.75,5675.75
1743618600,5675.5,5702.5,5673.75,5675.75,5675.75,5675.75
1743620400,5675.75,5698.5,5675.5,5696.75,5696.75,5696.75
1743622200,5696.75,5721.25,5691,5710,5710,5710
1743624000,5710.25,5761.5,5692.5,5753,,5753
1743687000,5512,5540.5,5501.75,5508.75,5508.75,5508.75
1743688800,5509,5512.5,5475.5,5490.75,5490.75,5490.75
1743690600,5490.5,5499,5460.25,5461.25,5461.25,5461.25
1743692400,5461,5487.5,5455,5477,5477,5477
1743694200,5477.25,5504.75,5475.5,5495.25,5495.25,5495.25
1743696000,5495,5519.75,5493.75,5519.75,5519.75,5519.75
1743697800,5519.75,5524.5,5490.25,5494.75,5494.75,5494.75
1743699600,5494.75,5504.25,5479.25,5482.5,5482.5,5482.5
1743701400,5482.25,5498,5477.5,5478.5,5478.5,5478.5
1743703200,5478.5,5485.25,5463.25,5467.75,5467.75,5467.75
1743705000,5467.5,5483.5,5458.75,5478,5478,5478
1743706800,5478,5479.75,5444.25,5449.5,5449.5,5449.5
1743708600,5449.75,5455.75,5428.5,5436,5436,5436
1743710400,5436.25,5438.5,5431.25,5434,,5434
1743773400,5292,5314.5,5246,5287,5287,5287
1743775200,5287,5288,5216,5216.75,5216.75,5216.75
1743777000,5216.75,5229.25,5153.5,5208.5,5208.5,5208.5
1743778800,5208.25,5280.75,5201.5,5217.25,5217.25,5217.25
1743780600,5217.5,5237.75,5192,5203.25,5203.25,5203.25
1743782400,5203.25,5228.5,5172,5177.5,5177.5,5177.5
1743784200,5177.75,5197.5,5161.75,5174,5174,5174
1743786000,5174.25,5189.75,5136,5164.75,5164.75,5164.75
1743787800,5164.75,5200,5150.25,5199.25,5199.25,5199.25
1743789600,5199.75,5212.25,5138.25,5141.25,5141.25,5141.25
1743791400,5141.5,5145.75,5107.5,5130.25,5130.25,5130.25
1743793200,5130.5,5173.5,5116.25,5158.75,5158.75,5158.75
1743795000,5159,5192.75,5103,5108.5,5108.5,5108.5
1743796800,5108.5,5116.5,5088.5,5105.25,,5105.25
1744032600,4941.75,5015.25,4867,5007.5,5007.5,5007.5
1744034400,5007.75,5285.5,4983.75,5033,5033,5033
1744036200,5032.75,5140.75,4987.25,5110.75,5110.75,5110.75
1744038000,5110.75,5150,4975,4987.75,4987.75,4987.75
1744039800,4987.25,5091.25,4987.25,5045.5,5045.5,5045.5
1744041600,5045.25,5056.25,5000.25,5046.75,5046.75,5046.75
1744043400,5046.5,5068.75,4996.75,5007.25,5007.25,5007.25
1744045200,5007,5111,5006.25,5108.75,5108.75,5108.75
1744047000,5108,5145.75,5073,5143,5143,5143
1744048800,5143.25,5158,5098.25,5103.5,5103.5,5103.5
1744050600,5103.5,5136,5075.5,5084.25,5084.25,5084.25
1744052400,5084.25,5115.75,5052.75,5058.25,5058.25,5058.25
1744054200,5058.25,5119.75,5058,5098.75,5098.75,5098.75
1744056000,5098.75,5142.5,5091,5128.75,,5128.75
1744119000,5272,5287,5231,5280,5280,5280
1744120800,5280.25,5305.25,5275,5287.75,5287.75,5287.75
1744122600,5288.25,5296.5,5231.75,5232.25,5232.25,5232.25
1744124400,5232,5246.75,5193,5194.5,5194.5,5194.5
1744126200,5194.5,5238.75,5192.75,5220.75,5220.75,5220.75
1744128000,5220.75,5226.25,5170.25,5192.5,5192.5,5192.5
1744129800,5192.5,5199,5121.5,5123.75,5123.75,5123.75
1744131600,5123.25,5138.25,5073,5074.75,5074.75,5074.75
1744133400,5074.5,5142.75,5071.25,5118.75,5118.75,5118.75
1744135200,5118.75,5122.75,5071.5,5075,5075,5075
1744137000,5075,5129.25,5064.5,5067.5,5067.5,5067.5
1744138800,5067.5,5072.25,4993,5025.5,5025.5,5025.5
1744140600,5025.5,5026.25,4940.5,5017.5,5017.5,5017.5
1744142400,5017.75,5037.5,5005.5,5013,,5013
1744205400,4982.75,5070.5,4982.75,5048.25,5048.25,5048.25
1744207200,5048.25,5087.25,5016,5039.75,5039.75,5039.75
1744209000,5040,5067,4980,4981.5,4981.5,4981.5
1744210800,4981.5,5047.5,4980,5032.75,5032.75,5032.75
1744212600,5032.75,5046,4997.5,5009.25,5009.25,5009.25
1744214400,5009,5056,4997,5043,5043,5043
1744216200,5042.75,5076.75,5036.5,5062.75,5062.75,5062.75
1744218000,5062.75,5388,5025,5292.5,5292.5,5292.5
1744219800,5293.25,5420.5,5283.25,5404.25,5404.25,5404.25
1744221600,5404.5,5452.5,5365.75,5437.25,5437.25,5437.25
1744223400,5437.25,5454.25,5360.5,5364.25,5364.25,5364.25
1744225200,5364.25,5473.75,5352,5460.75,5460.75,5460.75
1744227000,5461,5520,5451,5489.5,5489.5,5489.5
1744228800,5489.5,5510.75,5480,5483.75,,5483.75
1744291800,5375.5,5389,5338,5343.25,5343.25,5343.25
1744293600,5343.5,5360.5,5315.75,5334.5,5334.5,5334.5
1744295400,5334.5,5373.75,5314,5316.5,5316.5,5316.5
1744297200,5316.5,5341,5290.5,5290.5,5290.5,5290.5
1744299000,5290.75,5296,5231.5,5238.5,5238.5,5238.5
1744300800,5238.25,5253.75,5146.75,5170,5170,5170
1744302600,5169.75,5258,5166.5,5249.25,5249.25,5249.25
1744304400,5249,5300,5180.25,5245.25,5245.25,5245.25
1744306200,5245,5308.75,5235.25,5295.5,5295.5,5295.5
1744308000,5295.5,5341.5,5255.75,5337.5,5337.5,5337.5
1744309800,5337.75,5351.75,5289,5314.75,5314.75,5314.75
1744311600,5315.25,5348.75,5276.25,5277.75,5277.75,5277.75
1744313400,5277.75,5319,5234.5,5299.5,5299.5,5299.5
1744315200,5299.25,5322.75,5288.75,5319.25,,5319.25
1744378200,5281.25,5340.5,5262.25,5316.75,5316.75,5316.75
1744380000,5314.75,5336.75,5252.75,5258.5,5258.5,5258.5
1744381800,5258.75,5319.25,5251.5,5282.75,5282.75,5282.75
1744383600,5282.5,5325.75,5259.5,5281.5,5281.5,5281.5
1744385400,5281.75,5323,5274.5,5321.25,5321.25,5321.25
1744387200,5321.25,5338.5,5311.75,5325.75,5325.75,5325.75
1744389000,5325.75,5381.25,5325.75,5369.75,5369.75,5369.75
1744390800,5370,5383.5,5347.25,5350.5,5350.5,5350.5
1744392600,5350.5,5418.25,5340.25,5399.5,5399.5,5399.5
1744394400,5399.5,5403,5368,5384,5384,5384
1744396200,5384.25,5398.25,5372,5374.5,5374.5,5374.5
1744398000,5374.5,5410,5373.25,5399.75,5399.75,5399.75
1744399800,5399.5,5407.5,5387,5390,5390,5390
1744401600,5390.25,5397.5,5386.75,5397.25,,5397.25
1744637400,5493.25,5496.5,5444.25,5457.75,5457.75,5457.75
1744639200,5458,5487.75,5449.25,5474.25,5474.25,5474.25
1744641000,5474.5,5492.25,5468.75,5477.25,5477.25,5477.25
1744642800,5477,5484.5,5437.25,5438.5,5438.5,5438.5
1744644600,5438.5,5452.5,5404.75,5409.75,5409.75,5409.75
1744646400,5410,5432.25,5391,5410.5,5410.5,5410.5
1744648200,5410.5,5432.25,5405.75,5407.75,5407.75,5407.75
1744650000,5408,5443.5,5405.5,5425.5,5425.5,5425.5
1744651800,5425.25,5448,5417,5442.5,5442.5,5442.5
1744653600,5442.5,5458.25,5440.25,5456.5,5456.5,5456.5
1744655400,5456.75,5466.25,5453.5,5460.5,5460.5,5460.5
1744657200,5460.5,5479,5459.5,5466,5466,5466
1744659000,5466.25,5474.25,5436,5442.5,5442.5,5442.5
1744660800,5442.5,5447.75,5431.5,5437.75,,5437.75
1744723800,5449.25,5482,5444.25,5467.25,5467.25,5467.25
1744725600,5467.5,5485,5433,5446,5446,5446
1744727400,5446,5471.25,5442.5,5458,5458,5458
1744729200,5458.25,5472.5,5453.25,5454,5454,5454
1744731000,5454.25,5467.5,5446.5,5462.25,5462.25,5462.25
1744732800,5462.25,5468.75,5455.5,5461.75,5461.75,5461.75
1744734600,5462,5466.5,5436.75,5442,5442,5442
1744736400,5442,5451.25,5425.5,5429.5,5429.5,5429.5
1744738200,5429.25,5444.5,5425.25,5434.75,5434.75,5434.75
1744740000,5435,5439.75,5419.5,5426.25,5426.25,5426.25
1744741800,5426.25,5444,5425.75,5438,5438,5438
1744743600,5438.25,5444.75,5429,5435,5435,5435
1744745400,5435.25,5438.75,5422.75,5427.75,5427.75,5427.75
1744747200,5428,5434.25,5426.5,5428.25,,5428.25
1744810200,5367.25,5388.75,5348.5,5348.5,5348.5,5348.5
1744812000,5348.5,5371.5,5346,5367,5367,5367
1744813800,5367,5379.25,5362.5,5372,5372,5372
1744815600,5372.25,5401,5366.5,5396.5,5396.5,5396.5
1744817400,5396.5,5397.25,5363,5366.75,5366.75,5366.75
1744819200,5366.5,5368.25,5356.5,5364.5,5364.5,5364.5
1744821000,5364.25,5370.25,5354.25,5358.25,5358.25,5358.25
1744822800,5358.25,5366.5,5351,5364.25,5364.25,5364.25
1744824600,5364.5,5365.5,5287.25,5289,5289,5289
1744826400,5289,5317,5288.5,5308.75,5308.75,5308.75
1744828200,5308.5,5310.5,5275,5276.25,5276.25,5276.25
1744830000,5276.25,5281,5251,5254.75,5254.75,5254.75
1744831800,5254.75,5310.75,5254.75,5305.25,5305.25,5305.25
1744833600,5305.25,5316.25,5300.5,5315.5,,5315.5
1744896600,5322.75,5340.25,5309.75,5334,5334,5334
1744898400,5334,5339,5297.75,5299.75,5299.75,5299.75
1744900200,5299.5,5309.5,5285.5,5297.25,5297.25,5297.25
1744902000,5297.5,5335.75,5296.75,5314,5314,5314
1744903800,5313.75,5333.5,5311.5,5314.5,5314.5,5314.5
1744905600,5314.5,5346.25,5309,5342,5342,5342
1744907400,5342,5351.5,5324.5,5346.75,5346.75,5346.75
1744909200,5346.75,5351,5323.25,5323.75,5323.75,5323.75
1744911000,5324,5351,5323.75,5343,5343,5343
1744912800,5343,5359.5,5340.25,5347.25,5347.25,5347.25
1744914600,5347.5,5357,5332.25,5332.5,5332.5,5332.5
1744916400,5332.75,5335.5,5313.5,5320.5,5320.5,5320.5
1744918200,5320.5,5332.75,5304.25,5310.75,5310.75,5310.75
1744920000,5310.75,5329.25,5308.5,5326,,5326
1745242200,5257.25,5262.5,5220.25,5220.5,5220.5,5220.5
1745244000,5220.25,5220.25,5196.5,5201.25,5201.25,5201.25
1745245800,5201.25,5213.75,5188.25,5190.25,5190.25,5190.25
1745247600,5190,5195,5172,5174.75,5174.75,5174.75
1745249400,5175,5177.25,5151.75,5154.25,5154.25,5154.25
1745251200,5154.25,5166.25,5153.75,5160.25,5160.25,5160.25
1745253000,5160.5,5176.5,5155,5156.25,5156.25,5156.25
1745254800,5156.25,5161.25,5138.5,5142.75,5142.75,5142.75
1745256600,5143,5148.5,5130.25,5132.5,5132.5,5132.5
1745258400,5132.5,5143,5127.25,5142.25,5142.25,5142.25
1745260200,5142.25,5149.75,5130,5131.25,5131.25,5131.25
1745262000,5131.25,5155.5,5130.5,5147.5,5147.5,5147.5
1745263800,5147.25,5193,5147,5183.5,5183.5,5183.5
1745265600,5183.5,5186,5174.5,5180.25,,5180.25
1745328600,5245.5,5267.5,5236,5264,5264,5264
1745330400,5264,5280,5262.25,5275.75,5275.75,5275.75
1745332200,5275.75,5294.5,5267.5,5292,5292,5292
1745334000,5292,5303.75,5291,5294.75,5294.75,5294.75
1745335800,5294.75,5311.25,5283,5307.5,5307.5,5307.5
1745337600,5307.5,5339.25,5307.5,5333.75,5333.75,5333.75
1745339400,5334,5337.25,5315,5321,5321,5321
1745341200,5321.25,5332.5,5268.5,5271,5271,5271
1745343000,5271,5284.25,5262.25,5263,5263,5263
1745344800,5263,5302.25,5262.25,5299,5299,5299
1745346600,5299.25,5319.75,5298.75,5313,5313,5313
1745348400,5313,5317,5287.75,5292.25,5292.25,5292.25
1745350200,5292.25,5321,5287.5,5314.25,5314.25,5314.25
1745352000,5314.5,5332.25,5311.5,5314.25,,5314.25
1745415000,5450,5496.75,5440.75,5482,5482,5482
1745416800,5482.25,5499.75,5453.5,5485.75,5485.75,5485.75
1745418600,5485.5,5499,5469.25,5472.75,5472.75,5472.75
1745420400,5472.5,5483,5422.75,5432.5,5432.5,5432.5
1745422200,5432.25,5441.5,5401.5,5420.5,5420.5,5420.5
1745424000,5420.5,5422,5385,5408.75,5408.75,5408.75
1745425800,5408.75,5432.25,5403.25,5428,5428,5428
1745427600,5427.75,5441.75,5407.5,5428.25,5428.25,5428.25
1745429400,5428.5,5436.25,5409,5429.75,5429.75,5429.75
1745431200,5429.75,5435,5408.75,5411.75,5411.75,5411.75
1745433000,5411.75,5423.5,5403.5,5409.25,5409.25,5409.25
1745434800,5409.25,5416,5386.25,5391.75,5391.75,5391.75
1745436600,5392,5417.25,5383.75,5398.25,5398.25,5398.25
1745438400,5398.5,5408.5,5396.5,5400.75,,5400.75
1745501400,5411.75,5441.5,5398.5,5439.5,5439.5,5439.5
1745503200,5439.75,5469,5434.75,5467.75,5467.75,5467.75
1745505000,5467.5,5478.75,5456,5470.25,5470.25,5470.25
1745506800,5470.25,5484.5,5465,5470.5,5470.5,5470.5
1745508600,5470.5,5484.75,5463.75,5473.25,5473.25,5473.25
1745510400,5473.25,5495,5468,5490.5,5490.5,5490.5
1745512200,5490.25,5504.5,5488.25,5500,5500,5500
1745514000,5500.25,5500.5,5485.75,5495.75,5495.75,5495.75
1745515800,5495.75,5502,5489.5,5498.75,5498.75,5498.75
1745517600,5499,5510.25,5496.25,5501,5501,5501
1745519400,5501.25,5514.75,5500.25,5506.75,5506.75,5506.75
1745521200,5506.5,5507,5488.75,5494.75,5494.75,5494.75
1745523000,5494.5,5520,5493.25,5510.5,5510.5,5510.5
1745524800,5510.5,5541.5,5510,5521.75,,5521.75
1745587800,5510.5,5524.75,5490.75,5492.5,5492.5,5492.5
1745589600,5492.25,5523.25,5482.25,5489,5489,5489
1745591400,5489.25,5513.75,5480.25,5508.25,5508.25,5508.25
1745593200,5508,5518.5,5501.75,5507.5,5507.5,5507.5
1745595000,5507.75,5517,5500,5514,5514,5514
1745596800,5514.25,5529,5512.75,5527,5527,5527
1745598600,5527,5535.5,5523.25,5534.75,5534.75,5534.75
1745600400,5534.75,5554.5,5531.5,5553.75,5553.75,5553.75
1745602200,5553.75,5554,5511.25,5523.25,5523.25,5523.25
1745604000,5523,5545.75,5519,5541.75,5541.75,5541.75
1745605800,5541.75,5551.75,5537.25,5542.5,5542.5,5542.5
1745607600,5542.25,5550.75,5539.25,5540.5,5540.5,5540.5
1745609400,5540.5,5552.75,5531.5,5548.25,5548.25,5548.25
1745611200,5548.25,5554.25,5545.5,5553.75,,5553.75
1745847000,5557,5578.75,5544.25,5545.5,5545.5,5545.5
1745848800,5545.5,5564.25,5539.25,5552.25,5552.25,5552.25
1745850600,5552.5,5561.75,5539.75,5548,5548,5548
1745852400,5548.25,5555,5513,5515.25,5515.25,5515.25
1745854200,5515.25,5528.5,5513.75,5517.75,5517.75,5517.75
1745856000,5517.75,5519.5,5499.75,5503,5503,5503
1745857800,5503.25,5517.75,5501.75,5507.5,5507.5,5507.5
1745859600,5507.5,5511.5,5494.25,5496,5496,5496
1745861400,5496.25,5521.5,5492,5519.75,5519.75,5519.75
1745863200,5520,5531.25,5516.5,5528.5,5528.5,5528.5
1745865000,5528.75,5533.25,5522.75,5530,5530,5530
1745866800,5530.25,5551.75,5529,5549,5549,5549
1745868600,5549.25,5565.75,5543.25,5551.5,5551.5,5551.5
1745870400,5551.75,5553.25,5544.5,5544.75,,5544.75
1745933400,5531,5559.25,5527.75,5549,5549,5549
1745935200,5549.25,5570.5,5536.25,5541,5541,5541
1745937000,5541.25,5573,5540,5572.5,5572.5,5572.5
1745938800,5572.5,5575.5,5552.75,5565,5565,5565
1745940600,5565,5570.5,5551,5560,5560,5560
1745942400,5560,5577.25,5559.25,5571.75,5571.75,5571.75
1745944200,5571.75,5574.75,5547.25,5553,5553,5553
1745946000,5553,5572.25,5549.75,5569,5569,5569
1745947800,5568.75,5594.25,5567.75,5590.25,5590.25,5590.25
1745949600,5590.5,5597.25,5583.5,5591.5,5591.5,5591.5
1745951400,5591.75,5595.25,5583.75,5586.25,5586.25,5586.25
1745953200,5586.25,5596,5584.75,5588.75,5588.75,5588.75
1745955000,5588.75,5596.5,5580.5,5583.5,5583.5,5583.5
1745956800,5583.5,5590.5,5580.5,5586,,5586
1746019800,5516.25,5516.75,5455.5,5459.5,5459.5,5459.5
1746021600,5459.5,5505.5,5457,5503.75,5503.75,5503.75
1746023400,5503.75,5515.75,5493.5,5510.5,5510.5,5510.5
1746025200,5510.5,5538.5,5509.25,5531,5531,5531
1746027000,5531,5539.5,5527.25,5536,5536,5536
1746028800,5535.75,5544.25,5519,5522.25,5522.25,5522.25
1746030600,5522,5539.25,5515,5536.75,5536.75,5536.75
1746032400,5537,5542.75,5512.25,5541.75,5541.75,5541.75
1746034200,5541.5,5552.5,5538.75,5546.25,5546.25,5546.25
1746036000,5546.25,5572.5,5538.75,5546.25,5546.25,5546.25
1746037800,5546,5552.5,5532.25,5537.25,5537.25,5537.25
1746039600,5537.25,5551.75,5537,5539.25,5539.25,5539.25
1746041400,5539.25,5606.75,5534.75,5584,5584,5584
1746043200,5584,5616.5,5571.25,5605.75,,5605.75
1746106200,5645,5654.75,5627.25,5628.75,5628.75,5628.75
1746108000,5630.75,5663.5,5629,5661.5,5661.5,5661.5
1746109800,5661.5,5675.5,5652.5,5675,5675,5675
1746111600,5675,5682.5,5668,5674,5674,5674
1746113400,5674,5675.75,5637.75,5645,5645,5645
1746115200,5644.75,5653.75,5631.5,5644,5644,5644
1746117000,5644,5650.75,5632.5,5637.5,5637.5,5637.5
1746118800,5637.5,5660.75,5637,5654.5,5654.5,5654.5
1746120600,5654.5,5658.5,5639.75,5646.75,5646.75,5646.75
1746122400,5646.75,5664.75,5645.5,5660.5,5660.5,5660.5
1746124200,5660.25,5668.25,5657.5,5658.5,5658.5,5658.5
1746126000,5658.5,5662.5,5649.5,5661.75,5661.75,5661.75
1746127800,5661.75,5665.75,5618.75,5625,5625,5625
1746129600,5625,5639.25,5601.75,5609.25,,5609.25
1746192600,5686.5,5694.75,5663,5675.5,5675.5,5675.5
1746194400,5676,5703.75,5672,5703.25,5703.25,5703.25
1746196200,5703.25,5703.5,5687.5,5698.5,5698.5,5698.5
1746198000,5698.5,5702.25,5685.25,5687,5687,5687
1746199800,5687,5704.75,5684.75,5703,5703,5703
1746201600,5702.75,5720.25,5702,5712.75,5712.75,5712.75
1746203400,5713,5721.5,5712.25,5715.75,5715.75,5715.75
1746205200,5715.75,5718.75,5704,5708.5,5708.5,5708.5
1746207000,5708.5,5716.75,5705.5,5713,5713,5713
1746208800,5713,5720.5,5712,5717.5,5717.5,5717.5
1746210600,5717.25,5724.75,5705,5711.75,5711.75,5711.75
1746212400,5711.5,5719.5,5702,5716.25,5716.25,5716.25
1746214200,5716.25,5718.25,5700.25,5706,5706,5706
1746216000,5706,5714.5,5705,5711.5,,5711.5
1746451800,5664.25,5672.5,5655.25,5669.25,5669.25,5669.25
1746453600,5669.25,5681.75,5662.75,5675.75,5675.75,5675.75
1746455400,5675.75,5691,5667.75,5689,5689,5689
1746457200,5688.75,5692.25,5683.25,5687,5687,5687
1746459000,5686.75,5690.5,5677.25,5689,5689,5689
1746460800,5689,5698.25,5687,5696.25,5696.25,5696.25
1746462600,5696,5698.75,5690.75,5695.5,5695.5,5695.5
1746464400,5695.25,5695.75,5687.25,5690.75,5690.75,5690.75
1746466200,5690.75,5700,5689.75,5695.75,5695.75,5695.75
1746468000,5695.75,5703,5694.5,5700.5,5700.5,5700.5
1746469800,5700.5,5706.25,5696.25,5697,5697,5697
1746471600,5697.25,5698,5684.25,5686.25,5686.25,5686.25
1746473400,5686.25,5692.5,5669.25,5674.5,5674.5,5674.5
1746475200,5674.5,5675.25,5666,5668.5,,5668.5
1746538200,5616.5,5634,5607,5611.25,5611.25,5611.25
1746540000,5611.5,5647,5608.5,5644.25,5644.25,5644.25
1746541800,5644,5652.75,5641.25,5645.25,5645.25,5645.25
1746543600,5645.5,5656.5,5642.5,5654.5,5654.5,5654.5
1746545400,5654.25,5657.5,5639.5,5641.5,5641.5,5641.5
1746547200,5641.25,5671.75,5639,5643.5,5643.5,5643.5
1746549000,5643.5,5652.5,5628.75,5629.75,5629.75,5629.75
1746550800,5630,5643.75,5629.5,5634.25,5634.25,5634.25
1746552600,5634.5,5639,5620.25,5622,5622,5622
1746554400,5622,5643,5621.75,5642.25,5642.25,5642.25
1746556200,5642.25,5648.5,5636.75,5648.5,5648.5,5648.5
1746558000,5648.25,5649,5636,5645.75,5645.75,5645.75
1746559800,5645.5,5651.5,5624,5625.5,5625.5,5625.5
1746561600,5625.75,5627.75,5622.25,5624.5,,5624.5
1746624600,5638.5,5652.5,5631.25,5651,5651,5651
1746626400,5651,5656.5,5646,5655,5655,5655
1746628200,5654.75,5656.25,5626.25,5631,5631,5631
1746630000,5630.75,5632.25,5620,5628.25,5628.25,5628.25
1746631800,5628.25,5638,5622.25,5636,5636,5636
1746633600,5636,5641,5627.75,5628.5,5628.5,5628.5
1746635400,5628.5,5651,5627.25,5649.25,5649.25,5649.25
1746637200,5649.25,5655.75,5645,5649.5,5649.5,5649.5
1746639000,5649.5,5650.75,5624.5,5627.75,5627.75,5627.75
1746640800,5627.75,5641.75,5596,5616,5616,5616
1746642600,5615.75,5649,5609.25,5645,5645,5645
1746644400,5645.25,5646.5,5613.5,5615,5615,5615
1746646200,5615.25,5675,5611.25,5648.75,5648.75,5648.75
1746648000,5649,5661,5644.25,5651.25,,5651.25
1746711000,5688.75,5693.25,5671.5,5677.75,5677.75,5677.75
1746712800,5677.75,5684.25,5659,5680.75,5680.75,5680.75
1746714600,5680.75,5688,5653,5662,5662,5662
1746716400,5662,5708,5656.5,5699.25,5699.25,5699.25
1746718200,5699.5,5733.5,5691.25,5721.25,5721.25,5721.25
1746720000,5721.25,5735.5,5720.75,5725.5,5725.5,5725.5
1746721800,5725.5,5741,5724.5,5739,5739,5739
1746723600,5738.75,5739.75,5726.25,5729.5,5729.5,5729.5
1746725400,5729.5,5731.5,5713,5714.25,5714.25,5714.25
1746727200,5714,5724.25,5711.25,5717.5,5717.5,5717.5
1746729000,5717.75,5728.75,5717.5,5720.75,5720.75,5720.75
1746730800,5720.75,5732,5713.5,5727.5,5727.5,5727.5
1746732600,5727.75,5728.75,5682.5,5686.5,5686.5,5686.5
1746734400,5686.75,5693.25,5684.75,5685.25,,5685.25
1746797400,5699.75,5710,5693,5705,5705,5705
1746799200,5704.75,5708.75,5672.75,5679.25,5679.25,5679.25
1746801000,5679.25,5682.75,5662.5,5680.5,5680.5,5680.5
1746802800,5680.5,5687.5,5674.75,5680.25,5680.25,5680.25
1746804600,5680.5,5691,5673.5,5690.75,5690.75,5690.75
1746806400,5690.75,5691.5,5669,5673.25,5673.25,5673.25
1746808200,5673.5,5680,5665.5,5668.5,5668.5,5668.5
1746810000,5668.75,5679.25,5663,5674.25,5674.25,5674.25
1746811800,5674.25,5688.5,5669.75,5687,5687,5687
1746813600,5687,5687.75,5675.5,5678,5678,5678
1746815400,5678,5686,5677.25,5683.5,5683.5,5683.5
1746817200,5683.25,5694,5683,5684.75,5684.75,5684.75
1746819000,5684.75,5687,5676,5677.75,5677.75,5677.75
1746820800,5678,5681.75,5674.25,5679,,5679
1747056600,5850.25,5852.75,5819,5823.25,5823.25,5823.25
1747058400,5823.5,5840.75,5814.5,5818.25,5818.25,5818.25
1747060200,5818.5,5837.75,5805.75,5826.25,5826.25,5826.25
1747062000,5826.5,5833.5,5817.5,5824.5,5824.5,5824.5
1747063800,5824.5,5829.25,5816.25,5817.5,5817.5,5817.5
1747065600,5817.75,5834.5,5815.75,5828.75,5828.75,5828.75
1747067400,5829,5849.5,5828.25,5847,5847,5847
1747069200,5847,5861,5846,5849.25,5849.25,5849.25
1747071000,5849.25,5856.5,5848,5851.25,5851.25,5851.25
1747072800,5851.25,5858.25,5849.25,5856,5856,5856
1747074600,5856,5862.25,5851,5851.5,5851.5,5851.5
1747076400,5851.75,5858.25,5847.5,5851,5851,5851
1747078200,5851,5866.25,5844,5864.25,5864.25,5864.25
1747080000,5864.25,5876.25,5863.75,5864.25,,5864.25
1747143000,5869.75,5890.25,5863.5,5888.5,5888.5,5888.5
1747144800,5888.5,5915,5887.75,5903.75,5903.75,5903.75
1747146600,5903.75,5909.5,5896.75,5906.75,5906.75,5906.75
1747148400,5906.75,5917,5903,5912.75,5912.75,5912.75
1747150200,5912.75,5920.25,5909.5,5912.25,5912.25,5912.25
1747152000,5912.5,5914,5905.25,5912.75,5912.75,5912.75
1747153800,5912.5,5919.5,5908.75,5915.75,5915.75,5915.75
1747155600,5915.75,5920,5912.25,5919.25,5919.25,5919.25
1747157400,5919.25,5927,5914.5,5915,5915,5915
1747159200,5915.25,5919.25,5910.5,5914.75,5914.75,5914.75
1747161000,5915,5923.25,5910.5,5922,5922,5922
1747162800,5921.75,5925.25,5918,5920,5920,5920
1747164600,5920,5926.75,5902.25,5903.5,5903.5,5903.5
1747166400,5903.75,5905.5,5899.5,5903,,5903
1747229400,5913.25,5925,5899.5,5910.25,5910.25,5910.25
1747231200,5910.5,5913.25,5898.75,5910,5910,5910
1747233000,5909.75,5914.5,5903.5,5910.5,5910.5,5910.5
1747234800,5910.5,5916.25,5892.5,5913.75,5913.75,5913.75
1747236600,5913.75,5919,5911.75,5915.25,5915.25,5915.25
1747238400,5915.25,5920.75,5912,5914.5,5914.5,5914.5
1747240200,5914.25,5921,5906,5909.5,5909.5,5909.5
1747242000,5909.75,5910,5890,5898,5898,5898
1747243800,5898,5909.75,5897,5908.5,5908.5,5908.5
1747245600,5908.25,5912.25,5900.5,5903.75,5903.75,5903.75
1747247400,5903.75,5917.5,5903.5,5911.5,5911.5,5911.5
1747249200,5911.5,5913.25,5899.5,5904.75,5904.75,5904.75
1747251000,5905,5916.5,5898.75,5909.5,5909.5,5909.5
1747252800,5909.75,5911.25,5905.5,5910.25,,5910.25
1747315800,5889,5898.5,5884.5,5895,5895,5895
1747317600,5895.25,5905.5,5889.25,5892.5,5892.5,5892.5
1747319400,5892.5,5900.75,5887,5900.75,5900.75,5900.75
1747321200,5900.5,5923.75,5899.25,5918.25,5918.25,5918.25
1747323000,5918.25,5929,5915,5925.25,5925.25,5925.25
1747324800,5925.5,5936.5,5922.25,5926.5,5926.5,5926.5
1747326600,5926.25,5936.75,5923,5936.5,5936.5,5936.5
1747328400,5936.5,5944.5,5934.75,5941.25,5941.25,5941.25
1747330200,5941.5,5941.75,5931.5,5933.25,5933.25,5933.25
1747332000,5933.5,5933.75,5921.25,5929.5,5929.5,5929.5
1747333800,5929.25,5937.75,5928.5,5931.75,5931.75,5931.75
1747335600,5931.75,5937.75,5917.5,5922,5922,5922
1747337400,5922,5939,5922,5938.25,5938.25,5938.25
1747339200,5938.5,5941.5,5933.25,5937.25,,5937.25
1747402200,5944.5,5945.75,5931.75,5945,5945,5945
1747404000,5945,5948.25,5933.25,5940.75,5940.75,5940.75
1747405800,5940.75,5941.25,5924.75,5936.5,5936.5,5936.5
1747407600,5936.75,5943,5935.75,5941,5941,5941
1747409400,5941,5948.5,5940.5,5942.25,5942.25,5942.25
1747411200,5942.5,5955,5941,5952.75,5952.75,5952.75
1747413000,5952.75,5957.25,5949.75,5954.5,5954.5,5954.5
1747414800,5954.75,5965.25,5953.25,5963.5,5963.5,5963.5
1747416600,5963.5,5967.25,5957.75,5960.5,5960.5,5960.5
1747418400,5960.5,5966.75,5958.75,5965,5965,5965
1747420200,5965,5972.75,5963.75,5968,5968,5968
1747422000,5968,5976,5967.75,5970.75,5970.75,5970.75
1747423800,5970.75,5977.5,5964.25,5975.25,5975.25,5975.25
1747425600,5975.25,5975.5,5971,5972.5,,5972.5
1747661400,5912.25,5945.5,5912.25,5943.75,5943.75,5943.75
1747663200,5943.5,5964.75,5941.75,5953.75,5953.75,5953.75
1747665000,5954,5960.75,5947.5,5951.75,5951.75,5951.75
1747666800,5951.75,5960.5,5951,5955,5955,5955
1747668600,5955,5969.5,5954,5962.5,5962.5,5962.5
1747670400,5962.5,5973.25,5960.75,5971.5,5971.5,5971.5
1747672200,5971.25,5979.5,5967.25,5977.25,5977.25,5977.25
1747674000,5977.25,5987.5,5976.25,5983.25,5983.25,5983.25
1747675800,5983.25,5986.75,5975,5975.5,5975.5,5975.5
1747677600,5975.5,5977.5,5965,5969.25,5969.25,5969.25
1747679400,5969.5,5977,5967.5,5975.75,5975.75,5975.75
1747681200,5976,5978.5,5962.75,5967,5967,5967
1747683000,5967.25,5984.5,5966.75,5981.25,5981.25,5981.25
1747684800,5981.25,5982.5,5970.25,5973,,5973
1747747800,5962,5966.75,5950.75,5958.75,5958.75,5958.75
1747749600,5959,5965,5953.75,5959.5,5959.5,5959.5
1747751400,5959.25,5971,5956.75,5960,5960,5960
1747753200,5960,5966.75,5955,5965,5965,5965
1747755000,5964.75,5966,5955,5962.75,5962.75,5962.75
1747756800,5962.5,5964.25,5952.75,5957.25,5957.25,5957.25
1747758600,5957.5,5966.5,5956.75,5964.5,5964.5,5964.5
1747760400,5964.75,5969,5962.75,5965.5,5965.5,5965.5
1747762200,5965.5,5966.25,5955.25,5961,5961,5961
1747764000,5960.75,5962.75,5936.75,5938.75,5938.75,5938.75
1747765800,5939,5946.75,5936.25,5939.75,5939.75,5939.75
1747767600,5939.5,5947.25,5926.75,5944,5944,5944
1747769400,5944.25,5961,5944.25,5959.25,5959.25,5959.25
1747771200,5959.5,5960.25,5951.5,5952.25,,5952.25
1747834200,5914.5,5935.25,5913.5,5928.25,5928.25,5928.25
1747836000,5928.5,5944.5,5925.5,5926,5926,5926
1747837800,5926.25,5937,5918.5,5936.5,5936.5,5936.5
1747839600,5936.5,5952.75,5933.75,5948.25,5948.25,5948.25
1747841400,5948,5952.25,5942.5,5947.5,5947.5,5947.5
1747843200,5947.5,5953.75,5944.5,5948,5948,5948
1747845000,5948,5956.25,5945.75,5946.25,5946.25,5946.25
1747846800,5946.5,5948,5875,5876.5,5876.5,5876.5
1747848600,5876.5,5907.5,5867,5891.25,5891.25,5891.25
1747850400,5891,5893.5,5871,5882.25,5882.25,5882.25
1747852200,5882.5,5892.75,5867.25,5869.75,5869.75,5869.75
1747854000,5869.75,5875.75,5847.75,5852,5852,5852
1747855800,5852.25,5876,5852.25,5859.25,5859.25,5859.25
1747857600,5859.25,5861.5,5851.25,5853,,5853
1747920600,5855.5,5872.25,5842.75,5870.5,5870.5,5870.5
1747922400,5870.5,5880.5,5853.75,5857,5857,5857
1747924200,5857,5862.5,5843.5,5857.5,5857.5,5857.5
1747926000,5857.75,5867,5851.75,5853.75,5853.75,5853.75
1747927800,5853.75,5872.5,5852.75,5871.25,5871.25,5871.25
1747929600,5871,5885,5866.5,5872.25,5872.25,5872.25
1747931400,5872,5873.25,5858.75,5859.75,5859.75,5859.75
1747933200,5859.75,5877.75,5854.75,5875.5,5875.5,5875.5
1747935000,5875.75,5887.25,5872,5883,5883,5883
1747936800,5883,5889.25,5879.25,5884.75,5884.75,5884.75
1747938600,5885,5890,5877.75,5887.25,5887.25,5887.25
1747940400,5887.25,5895,5885.5,5894,5894,5894
1747942200,5894,5894.5,5853.75,5858.5,5858.5,5858.5
1747944000,5858.5,5862.5,5858,5859,,5859
1748007000,5784,5806.5,5780.5,5793,5793,5793
1748008800,5793,5813.5,5791.5,5802,5802,5802
1748010600,5802,5814.5,5795,5796,5796,5796
1748012400,5796,5810.25,5792.75,5810,5810,5810
1748014200,5810,5822.25,5804.75,5805.25,5805.25,5805.25
1748016000,5805.25,5816,5800,5811.5,5811.5,5811.5
1748017800,5811.5,5821.25,5804.25,5815,5815,5815
1748019600,5815,5836.75,5812,5835.75,5835.75,5835.75
1748021400,5835.75,5840,5825.5,5833.75,5833.75,5833.75
1748023200,5833.75,5843.75,5825.25,5833,5833,5833
1748025000,5832.75,5840.75,5829.25,5832.75,5832.75,5832.75
1748026800,5832.75,5840,5819,5824.25,5824.25,5824.25
1748028600,5824,5835.75,5810.25,5817,5817,5817
1748030400,5817.25,5817.5,5808,5811.75,,5811.75
1748352600,5886.25,5889,5868.25,5886.25,5886.25,5886.25
1748354400,5886.25,5907.75,5885.5,5903.75,5903.75,5903.75
1748356200,5903.75,5911.25,5901.5,5905.75,5905.75,5905.75
1748358000,5905.5,5915.5,5904.75,5913.5,5913.5,5913.5
1748359800,5913.25,5916.5,5910,5915,5915,5915
1748361600,5915,5921.75,5914.25,5919.25,5919.25,5919.25
1748363400,5919,5932.25,5918.75,5924.75,5924.75,5924.75
1748365200,5924.75,5930.25,5924.25,5927.25,5927.25,5927.25
1748367000,5927.25,5936.25,5925.25,5935.75,5935.75,5935.75
1748368800,5935.75,5938.75,5930.5,5932.25,5932.25,5932.25
1748370600,5932.25,5935,5929,5929.25,5929.25,5929.25
1748372400,5929.25,5933.5,5927.25,5928.25,5928.25,5928.25
1748374200,5928.25,5936.25,5923.75,5936,5936,5936
1748376000,5936,5941.75,5932.25,5940,,5940
1748439000,5940.25,5952.5,5929.75,5932.5,5932.5,5932.5
1748440800,5932.5,5936,5923.75,5926.75,5926.75,5926.75
1748442600,5926.75,5927.5,5916.25,5917.75,5917.75,5917.75
1748444400,5917.75,5925.75,5915.25,5918,5918,5918
1748446200,5918,5921,5913.75,5914.75,5914.75,5914.75
1748448000,5915,5924.25,5914.5,5922.75,5922.75,5922.75
1748449800,5923,5926.75,5920.5,5923.75,5923.75,5923.75
1748451600,5923.75,5930.5,5922.25,5927.5,5927.5,5927.5
1748453400,5927.25,5927.75,5918.5,5921.5,5921.5,5921.5
1748455200,5921.25,5929,5920.75,5925.5,5925.5,5925.5
1748457000,5925.25,5927.75,5903.25,5922.25,5922.25,5922.25
1748458800,5922,5932.75,5917.75,5919.75,5919.75,5919.75
1748460600,5919.75,5921,5894.5,5901.5,5901.5,5901.5
1748462400,5901.75,5906.75,5893.25,5902.75,,5902.75
1748525400,5955,5956.25,5926.25,5936.25,5936.25,5936.25
1748527200,5936,5940,5908.5,5924.75,5924.75,5924.75
1748529000,5924.5,5934.75,5916.5,5932.75,5932.75,5932.75
1748530800,5932.75,5933.75,5919,5930.75,5930.75,5930.75
1748532600,5930.75,5931.75,5888.5,5895,5895,5895
1748534400,5895,5916,5884,5913.5,5913.5,5913.5
1748536200,5913.5,5925.25,5912.25,5921.5,5921.5,5921.5
1748538000,5921.25,5928.25,5915,5916.75,5916.75,5916.75
1748539800,5916.75,5921.75,5907.5,5909,5909,5909
1748541600,5909.25,5916.75,5899.5,5903.75,5903.75,5903.75
1748543400,5903.5,5919,5903.5,5911.5,5911.5,5911.5
1748545200,5911.75,5921,5906.25,5912.5,5912.5,5912.5
1748547000,5912.5,5930.75,5912.5,5923.25,5923.25,5923.25
1748548800,5923.5,5926.25,5915.5,5917.75,,5917.75
1748611800,5910.5,5912.75,5885,5891.75,5891.75,5891.75
1748613600,5891.75,5918.5,5890.75,5917,5917,5917
1748615400,5917.25,5920.5,5905.75,5908,5908,5908
1748617200,5908.25,5915,5901.5,5912.75,5912.75,5912.75
1748619000,5912.5,5915,5894.5,5901,5901,5901
1748620800,5901.25,5907.75,5867.5,5871.75,5871.75,5871.75
1748622600,5871.5,5876,5853.25,5865,5865,5865
1748624400,5865,5881.75,5860.75,5880,5880,5880
1748626200,5880,5888.75,5876.25,5879.75,5879.75,5879.75
1748628000,5879.75,5908.5,5879.25,5904,5904,5904
1748629800,5904,5910,5898.5,5908,5908,5908
1748631600,5908.25,5931.25,5907,5928,5928,5928
1748633400,5928,5932.75,5911.25,5914.75,5914.75,5914.75
1748635200,5914.75,5924.75,5905.5,5916.75,,5916.75
1748871000,5897.5,5917.75,5886,5887,5887,5887
1748872800,5887.25,5906.75,5870.5,5906.5,5906.5,5906.5
1748874600,5906.25,5916,5901.5,5914,5914,5914
1748876400,5914,5916.75,5903.5,5905.75,5905.75,5905.75
1748878200,5906,5921.25,5901.5,5918.75,5918.75,5918.75
1748880000,5918.75,5920.25,5910.25,5914.5,5914.5,5914.5
1748881800,5914.25,5922.5,5910.75,5920.5,5920.5,5920.5
1748883600,5920.75,5927,5917.5,5919.25,5919.25,5919.25
1748885400,5919.25,5923,5915.5,5920.25,5920.25,5920.25
1748887200,5920.25,5938,5916,5936,5936,5936
1748889000,5935.75,5940.5,5932.25,5939.25,5939.25,5939.25
1748890800,5939.5,5948,5938.25,5944.75,5944.75,5944.75
1748892600,5944.75,5949,5937.25,5947.25,5947.25,5947.25
1748894400,5947,5953,5946.75,5951.5,,5951.5
1748957400,5943.5,5952.75,5940.5,5944.5,5944.5,5944.5
1748959200,5944.5,5959.25,5938.25,5959,5959,5959
1748961000,5959,5964.5,5951.75,5963.75,5963.75,5963.75
1748962800,5964,5972,5963.75,5970.25,5970.25,5970.25
1748964600,5970,5977.5,5968.75,5976.75,5976.75,5976.75
1748966400,5977,5983,5972.75,5981.25,5981.25,5981.25
1748968200,5981,5987.25,5980.5,5985.25,5985.25,5985.25
1748970000,5985.5,5991.25,5982.75,5988,5988,5988
1748971800,5988,5990,5980.75,5981.25,5981.25,5981.25
1748973600,5981.5,5982.5,5968.25,5982,5982,5982
1748975400,5981.75,5985,5979.25,5983.5,5983.5,5983.5
1748977200,5983.5,5985.5,5978,5982.5,5982.5,5982.5
1748979000,5982.75,5985.5,5972.5,5981.5,5981.5,5981.5
1748980800,5981.75,5982.25,5976,5977.75,,5977.75
1749043800,5989.25,5998.75,5987.5,5995,5995,5995
1749045600,5994.75,5996.5,5974.25,5995.25,5995.25,5995.25
1749047400,5995,5997.25,5986.25,5994.75,5994.75,5994.75
1749049200,5994.5,5998.25,5989.25,5989.25,5989.25,5989.25
1749051000,5989.25,5993.5,5983.25,5988,5988,5988
1749052800,5988,5989,5977,5978.25,5978.25,5978.25
1749054600,5978.5,5987.75,5978,5986.75,5986.75,5986.75
1749056400,5986.75,5993.75,5986.75,5992.5,5992.5,5992.5
1749058200,5992.5,5996.25,5989.75,5995,5995,5995
1749060000,5995.25,5999,5992.25,5995.5,5995.5,5995.5
1749061800,5995.25,5996.25,5987.5,5989.5,5989.5,5989.5
1749063600,5989.5,5991.75,5986.5,5989.75,5989.75,5989.75
1749065400,5989.5,5992,5978,5978.25,5978.25,5978.25
1749067200,5978.25,5980.25,5975.75,5978.5,,5978.5
1749130200,5995,5997.75,5957.5,5961.25,5961.25,5961.25
1749132000,5961.5,5980.75,5960,5980,5980,5980
1749133800,5980.25,5994.75,5958,5991.5,5991.5,5991.5
1749135600,5991.5,6006.25,5989.25,6005.25,6005.25,6005.25
1749137400,6005,6009,6000.25,6006.5,6006.5,6006.5
1749139200,6006.25,6008.25,5988.75,5997.5,5997.5,5997.5
1749141000,5997.5,5998.5,5960.75,5965.75,5965.75,5965.75
1749142800,5966,5985,5961.25,5982.75,5982.75,5982.75
1749144600,5982.75,5988,5975,5976.5,5976.5,5976.5
1749146400,5976.75,5978.5,5948.75,5971.5,5971.5,5971.5
1749148200,5971.75,5979.25,5969,5971,5971,5971
1749150000,5970.75,5973.5,5928.75,5942.75,5942.75,5942.75
1749151800,5942.75,5965.5,5940,5947.75,5947.75,5947.75
1749153600,5948,5955.5,5947.5,5950.25,,5950.25
1749216600,6002.75,6025,6000.25,6019.5,6019.5,6019.5
1749218400,6019.75,6021.5,6005,6008.25,6008.25,6008.25
1749220200,6008,6016,6002.75,6009.5,6009.5,6009.5
1749222000,6009.5,6020.25,5988.75,6001,6001,6001
1749223800,6001,6008.5,5995.75,6003.25,6003.25,6003.25
1749225600,6003.5,6010.25,6000.25,6002.25,6002.25,6002.25
1749227400,6002,6005.25,5984.5,5992.25,5992.25,5992.25
1749229200,5992.25,6002.25,5987.25,5998,5998,5998
1749231000,5998.25,6006.75,5998.25,6005.5,6005.5,6005.5
1749232800,6005.75,6017.75,6005.5,6012.25,6012.25,6012.25
1749234600,6012.25,6020.75,6011,6013.5,6013.5,6013.5
1749236400,6013.5,6017.25,6008,6009.75,6009.75,6009.75
1749238200,6009.75,6015.25,6005.25,6006.5,6006.5,6006.5
1749240000,6006.75,6009.25,6004.5,6008.25,,6008.25
1749475800,6012.75,6015.25,6000,6004.5,6004.5,6004.5
1749477600,6004.5,6015,6003,6012.25,6012.25,6012.25
1749479400,6012.5,6019.5,6005.5,6010.25,6010.25,6010.25
1749481200,6010.5,6014,6005.75,6007.25,6007.25,6007.25
1749483000,6007.5,6015.5,6007.25,6014,6014,6014
1749484800,6014,6015.5,6009,6013.25,6013.25,6013.25
1749486600,6013.25,6026.5,6013,6022,6022,6022
1749488400,6022.25,6026.75,6016.25,6024,6024,6024
1749490200,6023.75,6027.5,6021,6024.75,6024.75,6024.75
1749492000,6024.75,6027.75,6022.75,6026,6026,6026
1749493800,6025.75,6027.5,6018.75,6025.25,6025.25,6025.25
1749495600,6025,6026.75,6018.25,6020.5,6020.5,6020.5
1749497400,6020.5,6022.5,6008.5,6010,6010,6010
1749499200,6010,6012.25,6007,6009.25,,6009.25
1749562200,6016.25,6025.5,6015.75,6019.75,6019.75,6019.75
1749564000,6020,6027,6019.25,6026,6026,6026
1749565800,6026.25,6030.75,6024.25,6025,6025,6025
1749567600,6025,6029.5,6023,6026,6026,6026
1749569400,6025.75,6027.25,6005,6027,6027,6027
1749571200,6027,6034.5,6026.5,6033.25,6033.25,6033.25
1749573000,6033.25,6037.5,6031.75,6036,6036,6036
1749574800,6036.25,6041.25,6031.75,6033.75,6033.75,6033.75
1749576600,6033.75,6034.75,6027,6027.5,6027.5,6027.5
1749578400,6027.75,6027.75,6015.25,6023.5,6023.5,6023.5
1749580200,6023.5,6044.5,6022.75,6038.75,6038.75,6038.75
1749582000,6038.5,6049.5,6037.5,6041,6041,6041
1749583800,6040.75,6047.25,6030.25,6045,6045,6045
1749585600,6045.25,6045.75,6037.5,6037.5,,6037.5
1749648600,6055.5,6056.25,6035.75,6050.25,6050.25,6050.25
1749650400,6050.25,6062.75,6046.5,6061.5,6061.5,6061.5
1749652200,6061.5,6064.75,6057.75,6061.25,6061.25,6061.25
1749654000,6061.5,6064.25,6048.75,6056.5,6056.5,6056.5
1749655800,6056.5,6058.5,6046,6049.75,6049.75,6049.75
1749657600,6050,6052.75,6033.5,6046.25,6046.25,6046.25
1749659400,6046,6050,6041.25,6048.25,6048.25,6048.25
1749661200,6048,6058.5,6046.5,6057.5,6057.5,6057.5
1749663000,6057.75,6058.5,6037.5,6039,6039,6039
1749664800,6039,6041.75,6006.25,6021,6021,6021
1749666600,6021,6035.5,6012.25,6022.25,6022.25,6022.25
1749668400,6022,6025.25,6013,6018.5,6018.5,6018.5
1749670200,6018.75,6030.5,6011,6028.5,6028.5,6028.5
1749672000,6028.5,6030.5,6024.75,6029.5,,6029.5
1749735000,6014,6026.25,6008.5,6021,6021,6021
1749736800,6021,6040.25,6019.75,6038.5,6038.5,6038.5
1749738600,6038.75,6045,6037.25,6040,6040,6040
1749740400,6040.25,6050,6029,6038,6038,6038
1749742200,6038,6039.75,6030.75,6038.25,6038.25,6038.25
1749744000,6038,6045.5,6032.5,6043.5,6043.5,6043.5
1749745800,6043.5,6047.75,6033.75,6037.75,6037.75,6037.75
1749747600,6038,6047,6037,6043.25,6043.25,6043.25
1749749400,6043.25,6049.5,6043,6044.75,6044.75,6044.75
1749751200,6044.75,6048,6037.5,6041.75,6041.75,6041.75
1749753000,6042,6047.5,6038,6047,6047,6047
1749754800,6046.75,6049.5,6044.5,6046.5,6046.5,6046.5
1749756600,6046.5,6051,6037.25,6050.5,6050.5,6050.5
1749758400,6050.75,6051.25,6047.5,6047.75,,6047.75
1749821400,5996,6014.75,5989.75,5990,5990,5990
1749823200,5990.75,6003.75,5977.25,5978.75,5978.75,5978.75
1749825000,5978.75,6005.25,5977.25,6002.25,6002.25,6002.25
1749826800,6002.5,6019.25,6000.25,6016.75,6016.75,6016.75
1749828600,6016.75,6028.25,6014,6023.75,6023.75,6023.75
1749830400,6023.5,6029.75,6018.5,6020,6020,6020
1749832200,6019.75,6026,6013.75,6021.75,6021.75,6021.75
1749834000,6021.5,6023,6003,6006.25,6006.25,6006.25
1749835800,6006,6012.5,6000.5,6008.75,6008.75,6008.75
1749837600,6009,6013.75,5981,5982,5982,5982
1749839400,5982,5984.25,5967,5982.75,5982.75,5982.75
1749841200,5982.75,5987.75,5971.25,5973.25,5973.25,5973.25
1749843000,5973.25,5983.25,5965.25,5980,5980,5980
1749844800,5980.25,5987.75,5976.75,5987.75,,5987.75
1750080600,6067.25,6097.75,6066.25,6094.5,6094.5,6094.5
1750082400,6094.5,6105.75,6093.25,6104.75,6104.75,6104.75
1750084200,6104.75,6109,6101,6103.25,6103.25,6103.25
1750086000,6103.5,6105,6096.5,6097.75,6097.75,6097.75
1750087800,6098,6102.5,6091.75,6095.25,6095.25,6095.25
1750089600,6095.5,6100.75,6092,6094,6094,6094
1750091400,6094.25,6096.25,6088.75,6091.25,6091.25,6091.25
1750093200,6091.25,6099.75,6087.25,6098,6098,6098
1750095000,6098,6101,6085.25,6087.25,6087.25,6087.25
1750096800,6087.25,6092.75,6086.75,6089.75,6089.75,6089.75
1750098600,6090,6092.25,6082,6089.25,6089.25,6089.25
1750100400,6089.25,6091.5,6080.5,6084.5,6084.5,6084.5
1750102200,6084.5,6092.25,6081.75,6092,6092,6092
1750104000,6092,6096.5,6090.75,6093.75,,6093.75
1750167000,6065,6072.5,6060.5,6071.5,6071.5,6071.5
1750168800,6071.5,6079.75,6066.25,6074.75,6074.75,6074.75
1750170600,6074.5,6077,6066.5,6067.75,6067.75,6067.75
1750172400,6067.75,6081.25,6066.75,6067.75,6067.75,6067.75
1750174200,6067.75,6075.5,6065,6070.25,6070.25,6070.25
1750176000,6070,6079.25,6068.5,6074.75,6074.75,6074.75
1750177800,6074.75,6079.25,6057.5,6061,6061,6061
1750179600,6061,6065,6052.75,6052.75,6052.75,6052.75
1750181400,6052.75,6061.75,6037,6043,6043,6043
1750183200,6043,6044.75,6032,6037,6037,6037
1750185000,6037,6044.5,6030.25,6044,6044,6044
1750186800,6044.25,6046.5,6036.25,6045,6045,6045
1750188600,6045,6050,6036,6038.25,6038.25,6038.25
1750190400,6038.5,6044.5,6035.75,6037.75,,6037.75
1750253400,6045,6057,6034.5,6052.5,6052.5,6052.5
1750255200,6052.25,6072.25,6048.25,6069.25,6069.25,6069.25
1750257000,6069,6073.75,6067,6070,6070,6070
1750258800,6070,6070.5,6060.5,6062.75,6062.75,6062.75
1750260600,6062.75,6067,6057.5,6058.75,6058.75,6058.75
1750262400,6059,6065,6055.75,6056.5,6056.5,6056.5
1750264200,6056.5,6062.75,6055,6056,6056,6056
1750266000,6056,6058.75,6049.5,6050,6050,6050
1750267800,6050.25,6061.75,6041.5,6058.25,6058.25,6058.25
1750269600,6058.25,6072.25,6046,6055.25,6055.25,6055.25
1750271400,6055.5,6071.25,6028.25,6034.25,6034.25,6034.25
1750273200,6034,6051.25,6026.25,6030.5,6030.5,6030.5
1750275000,6030.25,6049.75,6027.5,6035.5,6035.5,6035.5
1750276800,6035.5,6043.5,6034.75,6040.25,,6040.25
1750426200,6060.5,6071,6047.5,6049.5,6049.5,6049.5
1750428000,6049.5,6052,6028.75,6037.25,6037.25,6037.25
1750429800,6037.25,6042.25,6015.25,6019.25,6019.25,6019.25
1750431600,6019,6032,6010.25,6026.75,6026.75,6026.75
1750433400,6026.5,6039.75,6021.5,6022.75,6022.75,6022.75
1750435200,6023,6029.5,6017.75,6025,6025,6025
1750437000,6025,6032.75,6024.25,6029,6029,6029
1750438800,6029,6035.5,6010.5,6010.5,6010.5,6010.5
1750440600,6010.75,6016.25,6003.25,6015.75,6015.75,6015.75
1750442400,6015.5,6029,6014,6024.25,6024.25,6024.25
1750444200,6024.25,6028,6008.75,6011.5,6011.5,6011.5
1750446000,6011.25,6015.25,6007.25,6010,6010,6010
1750447800,6009.75,6024.75,6007.75,6016.75,6016.75,6016.75
1750449600,6017,6032.5,6013.25,6022.5,,6022.5
1750685400,6025,6041.75,6010.5,6041.5,6041.5,6041.5
1750687200,6041.5,6058.25,6041.5,6050.75,6050.75,6050.75
1750689000,6051,6053.25,6039.25,6039.75,6039.75,6039.75
1750690800,6040,6052,6038.5,6039.25,6039.25,6039.25
1750692600,6039,6042.5,6032.5,6033.5,6033.5,6033.5
1750694400,6033.75,6036,6016.25,6017.75,6017.75,6017.75
1750696200,6017.75,6029.5,5993.25,6010.75,6010.75,6010.75
1750698000,6010.75,6055.75,6006.5,6052.75,6052.75,6052.75
1750699800,6052.75,6069.75,6052.75,6061.5,6061.5,6061.5
1750701600,6061.5,6067.5,6059.25,6059.75,6059.75,6059.75
1750703400,6059.75,6064.75,6055.75,6061.25,6061.25,6061.25
1750705200,6061,6070.5,6060.25,6068.5,6068.5,6068.5
1750707000,6068.25,6081.5,6064.75,6076.75,6076.75,6076.75
1750708800,6077,6077.75,6072.25,6076.75,,6076.75
1750771800,6118.5,6130.25,6113.5,6116.5,6116.5,6116.5
1750773600,6116.5,6125.5,6109.25,6121.75,6121.75,6121.75
1750775400,6122,6129.75,6121.25,6125.75,6125.75,6125.75
1750777200,6125.5,6134.5,6125.5,6134,6134,6134
1750779000,6134,6138.25,6132.75,6134.25,6134.25,6134.25
1750780800,6134.25,6142.5,6133,6141.5,6141.5,6141.5
1750782600,6141.75,6148.75,6140.25,6143.25,6143.25,6143.25
1750784400,6143.25,6146.5,6139.75,6140.25,6140.25,6140.25
1750786200,6140.25,6150.5,6140,6148.5,6148.5,6148.5
1750788000,6148.75,6151.5,6146.25,6146.75,6146.75,6146.75
1750789800,6147,6150.25,6145.25,6149.75,6149.75,6149.75
1750791600,6149.75,6153.75,6149.5,6152,6152,6152
1750793400,6152,6155.25,6143.75,6143.75,6143.75,6143.75
1750795200,6143.75,6145.75,6143,6144,,6144
1750858200,6155,6160.25,6149.75,6157,6157,6157
1750860000,6157,6159,6148.25,6152.25,6152.25,6152.25
1750861800,6152.25,6159.5,6150.5,6153,6153,6153
1750863600,6153,6153.5,6144,6147,6147,6147
1750865400,6147.25,6147.5,6140,6144.75,6144.75,6144.75
1750867200,6144.5,6148.5,6143.75,6145.25,6145.25,6145.25
1750869000,6145.5,6146.75,6140,6143,6143,6143
1750870800,6143,6147.25,6138.5,6146,6146,6146
1750872600,6146.25,6146.75,6130.75,6138.5,6138.5,6138.5
1750874400,6138.5,6141.5,6136.25,6139.75,6139.75,6139.75
1750876200,6139.5,6141,6136.5,6140,6140,6140
1750878000,6140.25,6149.75,6139.75,6145.75,6145.75,6145.75
1750879800,6146,6148.75,6139.5,6147.5,6147.5,6147.5
1750881600,6147.5,6148,6143.5,6145.25,,6145.25
1750944600,6165.5,6169.75,6159.25,6167,6167,6167
1750946400,6167,6176,6166.5,6175.5,6175.5,6175.5
1750948200,6175.25,6182,6175.25,6180,6180,6180
1750950000,6179.75,6185,6176.5,6177,6177,6177
1750951800,6176.75,6183,6174.25,6181.5,6181.5,6181.5
1750953600,6181.5,6187.5,6180.75,6185.25,6185.25,6185.25
1750955400,6185.25,6187.5,6182.75,6184.75,6184.75,6184.75
1750957200,6184.75,6189.25,6182.5,6188.25,6188.25,6188.25
1750959000,6188.5,6192.5,6188.25,6189.25,6189.25,6189.25
1750960800,6189,6198,6187.75,6193.75,6193.75,6193.75
1750962600,6193.75,6195.75,6187.25,6190.75,6190.75,6190.75
1750964400,6191,6195.25,6188.75,6192.5,6192.5,6192.5
1750966200,6192.75,6200,6188.5,6196.25,6196.25,6196.25
1750968000,6196.5,6196.75,6189.25,6190.25,,6190.25
1751031000,6204.25,6221.5,6202,6218.25,6218.25,6218.25
1751032800,6218.5,6230,6218.5,6224,6224,6224
1751034600,6224,6230.75,6220.75,6222.75,6222.75,6222.75
1751036400,6222.75,6228.5,6220.75,6228,6228,6228
1751038200,6228.25,6236,6227.75,6234,6234,6234
1751040000,6234,6238.5,6231.75,6238.25,6238.25,6238.25
1751041800,6238.25,6239,6231.25,6234.75,6234.75,6234.75
1751043600,6234.5,6234.75,6227.5,6229,6229,6229
1751045400,6229,6230.75,6207.25,6216.5,6216.5,6216.5
1751047200,6216.5,6218.75,6198,6198,6198,6198
1751049000,6198.25,6201,6183.25,6187.25,6187.25,6187.25
1751050800,6187.25,6202.75,6185.25,6199.25,6199.25,6199.25
1751052600,6199.5,6226.75,6199.5,6223.25,6223.25,6223.25
1751054400,6223.5,6223.5,6217,6219.5,,6219.5
1751290200,6248.25,6248.75,6234.75,6238.5,6238.5,6238.5
1751292000,6238.5,6242.75,6233.25,6241.5,6241.5,6241.5
1751293800,6241.75,6242.25,6231.25,6234.75,6234.75,6234.75
1751295600,6234.75,6240.75,6231.75,6236.5,6236.5,6236.5
1751297400,6236.75,6244,6235.5,6239.25,6239.25,6239.25
1751299200,6239.25,6243.75,6235.5,6236.75,6236.75,6236.75
1751301000,6236.75,6245.75,6236.25,6241,6241,6241
1751302800,6240.75,6242.75,6236.25,6239.5,6239.5,6239.5
1751304600,6239.5,6240,6224.25,6232.5,6232.5,6232.5
1751306400,6232.5,6238.5,6230.5,6234.5,6234.5,6234.5
1751308200,6234.5,6243.5,6227,6243.5,6243.5,6243.5
1751310000,6243.5,6256.25,6243,6252.5,6252.5,6252.5
1751311800,6252.75,6265.5,6247,6251.5,6251.5,6251.5
1751313600,6251.5,6254.5,6244,6246.25,,6246.25
1751376600,6235.25,6249.5,6234,6244,6244,6244
1751378400,6244,6253,6239.75,6243.5,6243.5,6243.5
1751380200,6243.5,6248.5,6233.25,6237.5,6237.5,6237.5
1751382000,6237.25,6247.75,6227.5,6245.5,6245.5,6245.5
1751383800,6245.25,6247.75,6233.25,6242,6242,6242
1751385600,6242,6253.75,6239.75,6245.75,6245.75,6245.75
1751387400,6245.75,6254.25,6243,6243.5,6243.5,6243.5
1751389200,6243.5,6255.5,6242.5,6253.75,6253.75,6253.75
1751391000,6253.5,6261.5,6250.5,6258.75,6258.75,6258.75
1751392800,6259,6260.25,6252.25,6253.5,6253.5,6253.5
1751394600,6253.25,6258.25,6252.5,6253,6253,6253
1751396400,6252.75,6257,6240,6257,6257,6257
1751398200,6257,6260.75,6247.25,6249,6249,6249
1751400000,6249,6250,6244,6245,,6245
1751463000,6245,6248.5,6238.25,6245,6245,6245
1751464800,6245.25,6259.5,6244.75,6258,6258,6258
1751466600,6258,6264,6254,6259.5,6259.5,6259.5
1751468400,6259.75,6263.25,6257.5,6259.75,6259.75,6259.75
1751470200,6259.75,6266.75,6259.25,6264.75,6264.75,6264.75
1751472000,6264.75,6265.25,6260.5,6263.5,6263.5,6263.5
1751473800,6263.25,6268.25,6261.75,6268,6268,6268
1751475600,6268,6268.75,6263,6266.5,6266.5,6266.5
1751477400,6266.5,6269.25,6264.5,6266,6266,6266
1751479200,6266.25,6269,6264,6267.75,6267.75,6267.75
1751481000,6267.75,6271.5,6267.75,6270.5,6270.5,6270.5
1751482800,6270.5,6273.75,6269,6269.5,6269.5,6269.5
1751484600,6269.5,6276.5,6268,6275.25,6275.25,6275.25
1751486400,6275.25,6276,6272.75,6272.75,,6272.75
1751549400,6293.25,6315.25,6292.75,6310,6310,6310
1751551200,6310.25,6321,6309.75,6319.75,6319.75,6319.75
1751553000,6319.75,6324.75,6317.5,6323.25,6323.25,6323.25
1751554800,6323.25,6328.25,6322,6324.5,6324.5,6324.5
1751556600,6324.25,6331.25,6324,6329.25,6329.25,6329.25
1751558400,6329.5,6330.75,6325.5,6327.25,6327.25,6327.25
1751560200,6327.25,6333.25,6318.75,6323,6323,6323
1751562000,6323,6327,6320,6323.5,6323.5,6323.5
1751895000,6302,6309.75,6297.25,6305.25,6305.25,6305.25
1751896800,6305,6306.5,6293.5,6299,6299,6299
1751898600,6299,6299.5,6287.75,6290,6290,6290
1751900400,6289.75,6292.5,6283.75,6289,6289,6289
1751902200,6289,6290.75,6279.75,6285.75,6285.75,6285.75
1751904000,6285.5,6291.25,6260.25,6274,6274,6274
1751905800,6274,6280.75,6262.75,6266,6266,6266
1751907600,6266,6278.25,6263.75,6269.75,6269.75,6269.75
1751909400,6269.75,6282.5,6263.5,6268.25,6268.25,6268.25
1751911200,6268.25,6271.75,6246.25,6247.25,6247.25,6247.25
1751913000,6247.25,6270.25,6246.25,6269.75,6269.75,6269.75
1751914800,6269.5,6272,6261.5,6262.5,6262.5,6262.5
1751916600,6262.5,6278,6261.75,6275.5,6275.5,6275.5
1751918400,6275.5,6276,6267,6269.5,,6269.5
1751981400,6281,6284.25,6272.75,6274,6274,6274
1751983200,6274,6276.75,6263.75,6267.5,6267.5,6267.5
1751985000,6267.75,6282.5,6262.5,6271.75,6271.75,6271.75
1751986800,6271.75,6278.75,6264.5,6267,6267,6267
1751988600,6267,6279.75,6267,6278,6278,6278
1751990400,6278,6288.75,6272.5,6286.5,6286.5,6286.5
1751992200,6286.5,6288,6271.5,6275.25,6275.25,6275.25
1751994000,6275.25,6277,6265.75,6275.75,6275.75,6275.75
1751995800,6275.75,6280.75,6269.5,6279.25,6279.25,6279.25
1751997600,6279,6280.75,6273.5,6274,6274,6274
1751999400,6274.25,6276.75,6270.5,6272.75,6272.75,6272.75
1752001200,6272.75,6274,6268.25,6272.5,6272.5,6272.5
1752003000,6272.75,6276.25,6267.5,6270.5,6270.5,6270.5
1752004800,6270.5,6274.25,6269.25,6272.25,,6272.25
1752067800,6295.25,6315.25,6293.75,6310,6310,6310
1752069600,6310,6313,6298.75,6301,6301,6301
1752071400,6301.25,6301.25,6277.5,6281.25,6281.25,6281.25
1752073200,6281.5,6290.75,6276,6288,6288,6288
1752075000,6288,6292.75,6280,6286.5,6286.5,6286.5
1752076800,6286.25,6291.25,6282.5,6285,6285,6285
1752078600,6285,6291,6284.25,6287.5,6287.5,6287.5
1752080400,6287.25,6294,6283,6290.5,6290.5,6290.5
1752082200,6290.5,6295.25,6287.75,6291.75,6291.75,6291.75
1752084000,6291.5,6300.75,6291,6296,6296,6296
1752085800,6296,6303.25,6295.5,6301.5,6301.5,6301.5
1752087600,6301.5,6305,6298.25,6303.25,6303.25,6303.25
1752089400,6303.25,6309.5,6301.25,6307,6307,6307
1752091200,6307,6310,6305.5,6309.75,,6309.75
1752154200,6307.75,6310,6297,6300,6300,6300
1752156000,6300,6308.5,6296,6303.25,6303.25,6303.25
1752157800,6303.25,6317.25,6303.25,6314.75,6314.75,6314.75
1752159600,6314.75,6322.25,6314.5,6321.75,6321.75,6321.75
1752161400,6321.75,6324.5,6320,6323.5,6323.5,6323.5
1752163200,6323.5,6324.25,6316.5,6322.25,6322.25,6322.25
1752165000,6322,6324.25,6318.75,6322,6322,6322
1752166800,6322,6328.75,6321.75,6327.25,6327.25,6327.25
1752168600,6327.25,6334.5,6327.25,6332.5,6332.5,6332.5
1752170400,6332.5,6335.5,6331.25,6332.75,6332.75,6332.75
1752172200,6332.75,6333.5,6327.5,6329.25,6329.25,6329.25
1752174000,6329.25,6332,6327.5,6328.25,6328.25,6328.25
1752175800,6328.25,6333.25,6318.25,6324.5,6324.5,6324.5
1752177600,6324.5,6325.25,6319.25,6320.25,,6320.25
1752240600,6290.5,6298.75,6278.5,6295.75,6295.75,6295.75
1752242400,6296,6306.25,6293.25,6303.5,6303.5,6303.5
1752244200,6303.5,6307.5,6295.75,6302.25,6302.25,6302.25
1752246000,6302.25,6302.5,6290.25,6297.5,6297.5,6297.5
1752247800,6297.5,6310.25,6297,6301.25,6301.25,6301.25
1752249600,6301.5,6304.5,6294.75,6303,6303,6303
1752251400,6303.25,6308.25,6299.25,6307.5,6307.5,6307.5
1752253200,6307.25,6310,6305,6308.5,6308.5,6308.5
1752255000,6308.75,6310,6301.5,6309,6309,6309
1752256800,6309,6311.25,6304.75,6307,6307,6307
1752258600,6307,6312.75,6305.75,6307.75,6307.75,6307.75
1752260400,6307.5,6311.25,6295,6308.5,6308.5,6308.5
1752262200,6308.5,6310,6298.5,6299,6299,6299
1752264000,6299.25,6300,6296.5,6297.25,,6297.25
1752499800,6294.25,6297.25,6280.5,6289,6289,6289
1752501600,6289.25,6299.75,6284.75,6289.25,6289.25,6289.25
1752503400,6289.25,6298,6285.75,6297.5,6297.5,6297.5
1752505200,6297.5,6304.25,6295.25,6304.25,6304.25,6304.25
1752507000,6304.25,6307,6300.25,6302,6302,6302
1752508800,6302.25,6306,6300.75,6301.5,6301.5,6301.5
1752510600,6301.5,6307.75,6298.75,6305.5,6305.5,6305.5
1752512400,6305.5,6312.75,6305.5,6310.25,6310.25,6310.25
1752514200,6310.25,6313.25,6307.5,6310,6310,6310
1752516000,6310,6313.25,6309,6313,6313,6313
1752517800,6313,6315,6312.25,6312.75,6312.75,6312.75
1752519600,6313,6314.5,6307,6310.25,6310.25,6310.25
1752521400,6310.25,6313.5,6306.25,6310.75,6310.75,6310.75
1752523200,6310.75,6312,6307.75,6308.5,,6308.5
1752586200,6338,6341.75,6318,6318.75,6318.75,6318.75
1752588000,6319,6326.5,6314.75,6317.25,6317.25,6317.25
1752589800,6317.25,6318.5,6300,6301,6301,6301
1752591600,6300.75,6314.5,6300.75,6313.25,6313.25,6313.25
1752593400,6313.5,6316,6307,6310.5,6310.5,6310.5
1752595200,6310.5,6312.25,6302,6304.75,6304.75,6304.75
1752597000,6304.75,6308,6292,6294.25,6294.25,6294.25
1752598800,6294,6301,6291.25,6300.5,6300.5,6300.5
1752600600,6300.5,6308.75,6300.5,6308.25,6308.25,6308.25
1752602400,6308.5,6311,6305.25,6308.5,6308.5,6308.5
1752604200,6308.5,6310.75,6294.75,6295,6295,6295
1752606000,6294.75,6300,6292.5,6295,6295,6295
1752607800,6295,6300,6282,6282.25,6282.25,6282.25
1752609600,6282.25,6284.75,6276.25,6277.25,,6277.25
1752672600,6298.5,6302,6281,6281.75,6281.75,6281.75
1752674400,6282,6289.5,6277.5,6286,6286,6286
1752676200,6285.75,6295,6276,6282.75,6282.75,6282.75
1752678000,6282.75,6295,6255.25,6274,6274,6274
1752679800,6274.25,6287.25,6241,6281,6281,6281
1752681600,6280.75,6283.5,6271.25,6277.75,6277.75,6277.75
1752683400,6278,6292.75,6272.25,6292.25,6292.25,6292.25
1752685200,6292.5,6299.5,6290.25,6292.5,6292.5,6292.5
1752687000,6292.5,6295.5,6290.5,6292.5,6292.5,6292.5
1752688800,6292.5,6296.25,6288.5,6295.25,6295.25,6295.25
1752690600,6295,6305.25,6294.75,6305.25,6305.25,6305.25
1752692400,6305,6307,6299.75,6302.75,6302.75,6302.75
1752694200,6302.75,6308.75,6300,6302.75,6302.75,6302.75
1752696000,6303,6303.5,6298.5,6301,,6301
1752759000,6304.5,6322.75,6302,6318.75,6318.75,6318.75
1752760800,6318.5,6323.25,6308.75,6315,6315,6315
1752762600,6315,6319.75,6310.5,6319,6319,6319
1752764400,6319,6328.25,6318.5,6327.5,6327.5,6327.5
1752766200,6327.75,6333.75,6326.5,6333.25,6333.25,6333.25
1752768000,6333.25,6336.5,6329,6329.5,6329.5,6329.5
1752769800,6329.5,6330.5,6326,6329.5,6329.5,6329.5
1752771600,6329.5,6332,6327.5,6331.5,6331.5,6331.5
1752773400,6331.5,6335.75,6330.75,6335.5,6335.5,6335.5
1752775200,6335.5,6340,6332.25,6339.5,6339.5,6339.5
1752777000,6339.75,6342.75,6337.25,6340.75,6340.75,6340.75
1752778800,6341,6345.5,6340.5,6341,6341,6341
1752780600,6340.75,6345,6337.5,6342.25,6342.25,6342.25
1752782400,6342.25,6343.5,6338.5,6340.5,,6340.5
1752845400,6352,6352.25,6342.5,6345,6345,6345
1752847200,6344.75,6353.5,6331.25,6332.5,6332.5,6332.5
1752849000,6332.25,6337.75,6329.5,6329.75,6329.75,6329.75
1752850800,6329.75,6335.75,6327.25,6334.75,6334.75,6334.75
1752852600,6334.75,6340.25,6334.25,6340,6340,6340
1752854400,6340,6340.5,6324.25,6328.25,6328.25,6328.25
1752856200,6328.5,6332.75,6323.5,6325.25,6325.25,6325.25
1752858000,6325.25,6330.75,6323.25,6328,6328,6328
1752859800,6328,6334.25,6326.75,6329.75,6329.75,6329.75
1752861600,6329.75,6333,6324.5,6330,6330,6330
1752863400,6329.75,6333,6329.25,6331.25,6331.25,6331.25
1752865200,6331,6335,6329,6333,6333,6333
1752867000,6333,6337,6329.25,6334.75,6334.75,6334.75
1752868800,6334.75,6336,6333.25,6334.25,,6334.25
1753104600,6345.5,6365.5,6344.5,6364.5,6364.5,6364.5
1753106400,6364.25,6372.25,6362.25,6371.25,6371.25,6371.25
1753108200,6371.25,6372.5,6364.75,6368.75,6368.75,6368.75
1753110000,6368.75,6372,6367.25,6371,6371,6371
1753111800,6371,6374,6369.5,6370.5,6370.5,6370.5
1753113600,6370.25,6370.5,6363.5,6366,6366,6366
1753115400,6366,6371.75,6365.5,6370.75,6370.75,6370.75
1753117200,6371,6373.5,6370.75,6372.25,6372.25,6372.25
1753119000,6372.25,6373.75,6369.25,6370,6370,6370
1753120800,6369.75,6370.75,6368.5,6370,6370,6370
1753122600,6370,6370.25,6361,6361.5,6361.5,6361.5
1753124400,6361.5,6362,6348.75,6352.25,6352.25,6352.25
1753126200,6352.25,6354.75,6341,6345.25,6345.25,6345.25
1753128000,6345.5,6348.75,6343.75,6348,,6348
1753191000,6348,6349.25,6318.75,6326,6326,6326
1753192800,6326,6331.25,6319.25,6328,6328,6328
1753194600,6328,6337.75,6327,6336.75,6336.75,6336.75
1753196400,6336.75,6338.5,6330.25,6333.75,6333.75,6333.75
1753198200,6333.5,6337.75,6331.25,6333.75,6333.75,6333.75
1753200000,6333.75,6338.5,6327.25,6329.5,6329.5,6329.5
1753201800,6329.25,6337,6327.5,6336,6336,6336
1753203600,6336,6349.75,6335,6347.75,6347.75,6347.75
1753205400,6348,6349.25,6340.25,6341,6341,6341
1753207200,6340.75,6345.25,6332.5,6341.75,6341.75,6341.75
1753209000,6341.5,6352.75,6341,6350.75,6350.75,6350.75
1753210800,6350.75,6352,6347,6349.5,6349.5,6349.5
1753212600,6349.25,6353.75,6344.5,6345.5,6345.5,6345.5
1753214400,6345.5,6346.5,6343.5,6344.75,,6344.75
1753277400,6372.75,6373.5,6354,6356.25,6356.25,6356.25
1753279200,6356.25,6364,6353.5,6364,6364,6364
1753281000,6364,6364.5,6357.25,6363.5,6363.5,6363.5
1753282800,6363.25,6366,6359.5,6364.75,6364.75,6364.75
1753284600,6364.75,6385,6361.25,6377.75,6377.75,6377.75
1753286400,6377.5,6383.25,6370.5,6373.75,6373.75,6373.75
1753288200,6373.75,6377.75,6370,6375.5,6375.5,6375.5
1753290000,6375.5,6378.75,6371.75,6378,6378,6378
1753291800,6377.75,6385.75,6374.5,6382,6382,6382
1753293600,6382.25,6393.75,6382.25,6389.5,6389.5,6389.5
1753295400,6389.5,6392.5,6388,6389.5,6389.5,6389.5
1753297200,6389.75,6391,6386.5,6390.75,6390.75,6390.75
1753299000,6390.5,6399.25,6386.5,6399,6399,6399
1753300800,6399.25,6406,6392.25,6404,,6404
1753363800,6402.25,6410.25,6396.25,6406.75,6406.75,6406.75
1753365600,6407,6409.75,6396.5,6404.25,6404.25,6404.25
1753367400,6404.5,6412.5,6403.5,6411.5,6411.5,6411.5
1753369200,6411.75,6415.5,6410.5,6412,6412,6412
1753371000,6411.75,6413.75,6409.25,6411.75,6411.75,6411.75
1753372800,6411.75,6412.25,6399,6402,6402,6402
1753374600,6402,6406.75,6400.5,6405.5,6405.5,6405.5
1753376400,6405.25,6416.75,6404,6410.5,6410.5,6410.5
1753378200,6410.5,6412.75,6407.75,6409,6409,6409
1753380000,6409.25,6418.25,6409,6414.5,6414.5,6414.5
1753381800,6414.5,6416.25,6403.5,6409,6409,6409
1753383600,6408.75,6414.5,6408,6411.5,6411.5,6411.5
1753385400,6411.75,6412.75,6399.75,6401.75,6401.75,6401.75
1753387200,6402,6404.25,6399.25,6404.25,,6404.25
1753450200,6405,6410.5,6402.5,6406.75,6406.75,6406.75
1753452000,6406.75,6410.75,6402.75,6409,6409,6409
1753453800,6409,6416,6407,6412.75,6412.75,6412.75
1753455600,6412.75,6415.5,6411.25,6414.75,6414.75,6414.75
1753457400,6414.75,6415,6410.5,6413.75,6413.75,6413.75
1753459200,6413.75,6424.25,6412.25,6422.25,6422.25,6422.25
1753461000,6422.25,6424.5,6420.75,6423.25,6423.25,6423.25
1753462800,6423.25,6426.5,6421.5,6425.5,6425.5,6425.5
1753464600,6425.5,6428.75,6425.5,6426.25,6426.25,6426.25
1753466400,6426.5,6430.25,6424.75,6428.25,6428.25,6428.25
1753468200,6428,6430.5,6427,6427.25,6427.25,6427.25
1753470000,6427,6431,6427,6428.75,6428.75,6428.75
1753471800,6428.75,6430,6421.25,6425.75,6425.75,6425.75
1753473600,6425.75,6426,6421.75,6425,,6425
1753709400,6429,6432.25,6424.25,6428,6428,6428
1753711200,6427.75,6434.25,6426.25,6431.25,6431.25,6431.25
1753713000,6431,6432.75,6425.75,6427.75,6427.75,6427.75
1753714800,6427.75,6428.75,6416.5,6424.25,6424.25,6424.25
1753716600,6424.25,6429.25,6423.25,6427.25,6427.25,6427.25
1753718400,6427.5,6430.25,6424,6427.75,6427.75,6427.75
1753720200,6427.75,6428,6421,6422.5,6422.5,6422.5
1753722000,6422.25,6425.25,6415,6416.75,6416.75,6416.75
1753723800,6416.75,6421.25,6414.25,6414.75,6414.75,6414.75
1753725600,6414.5,6416,6408.75,6413.75,6413.75,6413.75
1753727400,6414,6416.5,6412,6414.5,6414.5,6414.5
1753729200,6414.25,6415.25,6410.5,6414.25,6414.25,6414.25
1753731000,6414.25,6424.25,6412,6423,6423,6423
1753732800,6423,6425.25,6421.75,6423.25,,6423.25
1753795800,6436.75,6440,6425.5,6432.75,6432.75,6432.75
1753797600,6433,6434.5,6426.75,6431,6431,6431
1753799400,6430.75,6431.5,6418.25,6420.25,6420.25,6420.25
1753801200,6420.25,6423.25,6405,6406.25,6406.25,6406.25
1753803000,6406,6415.5,6400,6412.25,6412.25,6412.25
1753804800,6412,6413.75,6407.25,6410,6410,6410
1753806600,6410.25,6415.5,6404,6415,6415,6415
1753808400,6415,6419.25,6413.75,6415.25,6415.25,6415.25
1753810200,6415,6417.25,6402.25,6409,6409,6409
1753812000,6409.25,6410.75,6404.5,6406.25,6406.25,6406.25
1753813800,6406,6411.75,6405,6406.5,6406.5,6406.5
1753815600,6406.25,6409.25,6403.5,6403.75,6403.75,6403.75
1753817400,6403.75,6408,6396.25,6406,6406,6406
1753819200,6406.25,6407.25,6403,6403.75,,6403.75
1753882200,6412,6414.5,6405,6409.75,6409.75,6409.75
1753884000,6409.5,6419.25,6406.25,6416,6416,6416
1753885800,6415.75,6421,6414.25,6414.75,6414.75,6414.75
1753887600,6414.75,6416.25,6402.25,6405.5,6405.5,6405.5
1753889400,6405.25,6414,6403,6414,6414,6414
1753891200,6413.75,6419.75,6412,6418.25,6418.25,6418.25
1753893000,6418.25,6419,6414.75,6417,6417,6417
1753894800,6417,6419.25,6414,6414.75,6414.75,6414.75
1753896600,6414.75,6422.25,6413.5,6419.5,6419.5,6419.5
1753898400,6419.25,6424,6412.5,6420.25,6420.25,6420.25
1753900200,6420.25,6429.75,6378,6380.25,6380.25,6380.25
1753902000,6380.25,6392,6366.75,6372.5,6372.5,6372.5
1753903800,6372.5,6399,6368,6397.5,6397.5,6397.5
1753905600,6397.75,6435.25,6393.5,6431.75,,6431.75
1753968600,6446.75,6451,6427.5,6445.5,6445.5,6445.5
1753970400,6445.5,6450,6436.75,6440,6440,6440
1753972200,6440,6443.5,6417,6418,6418,6418
1753974000,6417.75,6426,6402.25,6413.5,6413.5,6413.5
1753975800,6413.5,6427.5,6412.5,6427.5,6427.5,6427.5
1753977600,6427.25,6434.25,6423.75,6432.75,6432.75,6432.75
1753979400,6433,6435.25,6426.75,6430,6430,6430
1753981200,6430,6430,6395.5,6400.25,6400.25,6400.25
1753983000,6400,6408.5,6382.5,6386.5,6386.5,6386.5
1753984800,6386.5,6394.5,6365.5,6394,6394,6394
1753986600,6393.75,6403,6391.25,6393.25,6393.25,6393.25
1753988400,6393.25,6400,6377.5,6379.25,6379.25,6379.25
1753990200,6379.5,6388.25,6358.25,6371,6371,6371
1753992000,6371.25,6394.75,6365,6366.75,,6366.75
1754055000,6311,6311.5,6258,6262.25,6262.25,6262.25
1754056800,6262.25,6282.75,6243.75,6281,6281,6281
1754058600,6281,6288,6265,6267,6267,6267
1754060400,6266.75,6277,6260.5,6262.25,6262.25,6262.25
1754062200,6262,6287.5,6261,6287.25,6287.25,6287.25
1754064000,6287,6297,6286,6289,6289,6289
1754065800,6289,6291.75,6258.75,6260.25,6260.25,6260.25
1754067600,6260,6265,6250,6252.5,6252.5,6252.5
1754069400,6252.25,6260.75,6248.5,6252.75,6252.75,6252.75
1754071200,6252.75,6265,6239.5,6263,6263,6263
1754073000,6263.25,6278,6256,6260.5,6260.5,6260.5
1754074800,6260.75,6270,6256.25,6264.75,6264.75,6264.75
1754076600,6264.5,6280.25,6255,6263.5,6263.5,6263.5
1754078400,6263.75,6268.25,6262.25,6268,,6268
1754314200,6303.25,6339,6302,6336.75,6336.75,6336.75
1754316000,6337,6342.5,6329.5,6341,6341,6341
1754317800,6341,6345,6331.5,6339,6339,6339
1754319600,6338.75,6342.75,6333.25,6336.75,6336.75,6336.75
1754321400,6336.5,6347.75,6332.5,6345.5,6345.5,6345.5
1754323200,6345.5,6348.5,6342.75,6343.75,6343.75,6343.75
1754325000,6343.5,6351.25,6343.25,6348,6348,6348
1754326800,6348,6352,6347.25,6349.5,6349.5,6349.5
1754328600,6349.5,6351.25,6340,6344.5,6344.5,6344.5
1754330400,6344.25,6349.5,6343.5,6346,6346,6346
1754332200,6346.25,6350.5,6343.75,6345.25,6345.25,6345.25
1754334000,6345.25,6353.75,6343.5,6348.75,6348.75,6348.75
1754335800,6348.75,6358.5,6345.5,6357,6357,6357
1754337600,6357.25,6365.5,6355,6364,,6364
1754400600,6363.75,6371.75,6357.5,6364.75,6364.75,6364.75
1754402400,6364.5,6364.5,6337.5,6344.25,6344.25,6344.25
1754404200,6344,6344.25,6315.5,6324.25,6324.25,6324.25
1754406000,6324,6332,6319.25,6325,6325,6325
1754407800,6325.25,6329.25,6316.75,6325.75,6325.75,6325.75
1754409600,6325.75,6337.25,6324.75,6335.5,6335.5,6335.5
1754411400,6335.75,6342,6323.25,6334.5,6334.5,6334.5
1754413200,6334.25,6343.5,6332,6342.5,6342.5,6342.5
1754415000,6342.5,6348.75,6340.5,6346.75,6346.75,6346.75
1754416800,6346.75,6347.75,6331,6332,6332,6332
1754418600,6332.25,6335.25,6323.75,6329.5,6329.5,6329.5
1754420400,6329.75,6336.75,6328.75,6335,6335,6335
1754422200,6335.25,6335.75,6323.25,6325.25,6325.25,6325.25
1754424000,6325.5,6329.5,6323.5,6329.25,,6329.25
1754487000,6335,6344.75,6327.25,6333.5,6333.5,6333.5
1754488800,6333.25,6351,6325.75,6332.25,6332.25,6332.25
1754490600,6332.5,6355,6328.25,6353.75,6353.75,6353.75
1754492400,6353.75,6365.5,6348.75,6364.25,6364.25,6364.25
1754494200,6364.25,6374.25,6356.5,6371.75,6371.75,6371.75
1754496000,6371.75,6373.5,6366.75,6369,6369,6369
1754497800,6368.75,6375,6363.25,6367.5,6367.5,6367.5
1754499600,6367.5,6371.5,6364.25,6368,6368,6368
1754501400,6368,6372,6365,6367.25,6367.25,6367.25
1754503200,6367.25,6376.25,6366.75,6374.25,6374.25,6374.25
1754505000,6374.25,6377,6369.5,6371,6371,6371
1754506800,6371.25,6376.5,6370.5,6375,6375,6375
1754508600,6375,6379.5,6368.75,6371.75,6371.75,6371.75
1754510400,6371.75,6372.5,6368.75,6370,,6370
1754573400,6407.25,6414.5,6397.25,6409.25,6409.25,6409.25
1754575200,6409.25,6412.75,6375.25,6382.25,6382.25,6382.25
1754577000,6382,6386.25,6367.5,6371.25,6371.25,6371.25
1754578800,6371,6375.5,6361,6363.25,6363.25,6363.25
1754580600,6363.5,6368.25,6357,6362.25,6362.25,6362.25
1754582400,6362,6369.5,6354.75,6366,6366,6366
1754584200,6366.25,6369.5,6344,6355.75,6355.75,6355.75
1754586000,6355.75,6362.5,6343.25,6343.5,6343.5,6343.5
1754587800,6343.5,6354.5,6340.25,6351,6351,6351
1754589600,6351,6354,6334.5,6342.75,6342.75,6342.75
1754591400,6342.5,6352.25,6338,6348.75,6348.75,6348.75
1754593200,6348.75,6351.75,6343.5,6346.5,6346.5,6346.5
1754595000,6346.5,6368.5,6346.25,6367.5,6367.5,6367.5
1754596800,6367.5,6375.5,6366.25,6374.5,,6374.5
1754659800,6383,6401.5,6379.75,6401,6401,6401
1754661600,6401,6410.5,6399.75,6406.75,6406.75,6406.75
1754663400,6406.75,6413,6399.25,6400.5,6400.5,6400.5
1754665200,6400.25,6407.25,6397.75,6402.25,6402.25,6402.25
1754667000,6402.25,6406.75,6390.5,6405.75,6405.75,6405.75
1754668800,6406,6416,6405,6411.25,6411.25,6411.25
1754670600,6411.25,6413.75,6406.5,6408,6408,6408
1754672400,6408,6410.75,6403.5,6406.5,6406.5,6406.5
1754674200,6406.25,6415.75,6406.25,6414.25,6414.25,6414.25
1754676000,6414.5,6419,6411.5,6414.75,6414.75,6414.75
1754677800,6414.75,6417.75,6414.5,6415.25,6415.25,6415.25
1754679600,6415,6419,6413,6415.25,6415.25,6415.25
1754681400,6415.25,6415.5,6402.75,6414,6414,6414
1754683200,6413.75,6425.25,6413.25,6425.25,,6425.25
1754919000,6416.25,6419.25,6410,6418.5,6418.5,6418.5
1754920800,6418.25,6421.5,6413.5,6414,6414,6414
1754922600,6414,6416,6406.75,6409.25,6409.25,6409.25
1754924400,6409.25,6414.5,6406.75,6412.25,6412.25,6412.25
1754926200,6412.25,6420.5,6409.25,6420.25,6420.25,6420.25
1754928000,6420.25,6431.5,6419.5,6427,6427,6427
1754929800,6427.25,6427.75,6414.5,6414.75,6414.75,6414.75
1754931600,6414.75,6417.5,6410.25,6413.25,6413.25,6413.25
1754933400,6413,6415.75,6405.25,6409,6409,6409
1754935200,6409,6410,6403.75,6406,6406,6406
1754937000,6406,6410,6396.25,6406.25,6406.25,6406.25
1754938800,6406.25,6407.5,6401,6403.75,6403.75,6403.75
1754940600,6403.75,6405,6387.5,6400,6400,6400
1754942400,6400.25,6401.75,6396.75,6397,,6397
1755005400,6423.75,6439.75,6410.25,6414,6414,6414
1755007200,6414.25,6436.5,6408.5,6433.75,6433.75,6433.75
1755009000,6433.75,6443.25,6429.25,6439.75,6439.75,6439.75
1755010800,6439.75,6451.25,6439,6446,6446,6446
1755012600,6445.75,6453.75,6444,6453.25,6453.25,6453.25
1755014400,6453.5,6456.5,6449.5,6455,6455,6455
1755016200,6454.75,6461.25,6454.75,6458,6458,6458
1755018000,6458,6459.5,6455.25,6456.5,6456.5,6456.5
1755019800,6456.5,6462.5,6455.25,6461.75,6461.75,6461.75
1755021600,6461.5,6467.25,6461.5,6463.5,6463.5,6463.5
1755023400,6463.5,6464,6460.75,6461.5,6461.5,6461.5
1755025200,6461.5,6465.25,6460.75,6464.25,6464.25,6464.25
1755027000,6464,6470,6460.75,6467.5,6467.5,6467.5
1755028800,6467.5,6469,6465.5,6466.5,,6466.5
1755091800,6489.5,6502.5,6485,6496.75,6496.75,6496.75
1755093600,6496.75,6497.5,6479.5,6482.25,6482.25,6482.25
1755095400,6482.25,6484,6475.5,6478,6478,6478
1755097200,6478,6481.25,6470.5,6476.5,6476.5,6476.5
1755099000,6476.75,6482.75,6473.25,6474.25,6474.25,6474.25
1755100800,6474,6479,6472.25,6472.5,6472.5,6472.5
1755102600,6472.75,6475.75,6466.75,6470.25,6470.25,6470.25
1755104400,6470.25,6477.25,6467,6476.5,6476.5,6476.5
1755106200,6476.5,6477.75,6467.5,6475.5,6475.5,6475.5
1755108000,6475.75,6482,6473.75,6479,6479,6479
1755109800,6479,6483.25,6472.5,6480.25,6480.25,6480.25
1755111600,6480.5,6487.5,6478.5,6483.25,6483.25,6483.25
1755113400,6483.25,6491.25,6479.5,6489,6489,6489
1755115200,6489,6493.25,6486.75,6486.75,,6486.75
1755178200,6467.5,6482,6462.75,6479.75,6479.75,6479.75
1755180000,6479.75,6485.75,6476.25,6481.75,6481.75,6481.75
1755181800,6482,6495.25,6481.5,6487,6487,6487
1755183600,6487,6487.5,6469,6472.5,6472.5,6472.5
1755185400,6472.75,6482,6469,6479.75,6479.75,6479.75
1755187200,6479.75,6480.25,6465.5,6470.25,6470.25,6470.25
1755189000,6470,6482.25,6469,6481,6481,6481
1755190800,6481.25,6490.25,6480.25,6489.75,6489.75,6489.75
1755192600,6489.75,6490.25,6482,6486.75,6486.75,6486.75
1755194400,6486.75,6487,6478.5,6480.5,6480.5,6480.5
1755196200,6480.5,6489,6479,6485.5,6485.5,6485.5
1755198000,6485.75,6494.25,6484.25,6489.5,6489.5,6489.5
1755199800,6489.75,6496,6487.75,6488.75,6488.75,6488.75
1755201600,6488.75,6489,6481.5,6481.5,,6481.5
1755264600,6496.75,6498,6473.5,6477.25,6477.25,6477.25
1755266400,6477,6483.25,6468.25,6478.75,6478.75,6478.75
1755268200,6478.75,6480,6470.25,6472.75,6472.75,6472.75
1755270000,6472.5,6479.5,6469.25,6471.5,6471.5,6471.5
1755271800,6471.5,6478,6461.5,6470.75,6470.75,6470.75
1755273600,6470.5,6476,6467.25,6469.5,6469.5,6469.5
1755275400,6469.5,6479.5,6469.5,6477.5,6477.5,6477.5
1755277200,6477.5,6479.75,6474,6478.25,6478.25,6478.25
1755279000,6478.25,6485,6477.75,6484.25,6484.25,6484.25
1755280800,6484.5,6485.5,6476.5,6481.75,6481.75,6481.75
1755282600,6481.75,6483,6474.75,6479.25,6479.25,6479.25
1755284400,6479.25,6479.5,6469.75,6474.5,6474.5,6474.5
1755286200,6474.5,6478.25,6467.75,6471.5,6471.5,6471.5
1755288000,6471.5,6472.25,6464,6468.5,,6468.5
1755523800,6464.5,6474,6461,6462.75,6462.75,6462.75
1755525600,6462.75,6475.25,6462.75,6465.75,6465.75,6465.75
1755527400,6465.75,6470,6458.5,6468.25,6468.25,6468.25
1755529200,6468,6470.5,6461.75,6463,6463,6463
1755531000,6463.25,6466.25,6460.75,6463.25,6463.25,6463.25
1755532800,6463,6468.75,6462.5,6467.25,6467.25,6467.25
1755534600,6467.25,6469.75,6457.25,6460.75,6460.75,6460.75
1755536400,6460.75,6468,6460.5,6467.75,6467.75,6467.75
1755538200,6467.5,6474.25,6462.25,6463.5,6463.5,6463.5
1755540000,6463.75,6466,6460,6463.5,6463.5,6463.5
1755541800,6463.25,6471.75,6463.25,6470.5,6470.5,6470.5
1755543600,6470.25,6471.75,6466.5,6468.75,6468.75,6468.75
1755545400,6468.5,6474.75,6467.5,6468.75,6468.75,6468.75
1755547200,6468.75,6470.75,6468,6469,,6469
1755610200,6466.25,6469.5,6454.75,6463.75,6463.75,6463.75
1755612000,6463.75,6476.25,6463.25,6465.5,6465.5,6465.5
1755613800,6465.25,6470.5,6446.5,6446.75,6446.75,6446.75
1755615600,6446.75,6451.75,6439,6450.75,6450.75,6450.75
1755617400,6451,6453.75,6440.75,6442.25,6442.25,6442.25
1755619200,6442,6446,6436,6438,6438,6438
1755621000,6438.25,6440.75,6427.75,6431.25,6431.25,6431.25
1755622800,6431.25,6433.25,6422.5,6431.75,6431.75,6431.75
1755624600,6431.5,6435.75,6430.75,6432.75,6432.75,6432.75
1755626400,6432.75,6433.5,6422.5,6425.5,6425.5,6425.5
1755628200,6425.5,6427.75,6421.25,6425.75,6425.75,6425.75
1755630000,6426,6427.25,6419.25,6426.5,6426.5,6426.5
1755631800,6426.75,6434.25,6421.75,6432.75,6432.75,6432.75
1755633600,6432.75,6436.5,6432.5,6433.75,,6433.75
1755696600,6428,6430.75,6383,6387.25,6387.25,6387.25
1755698400,6387.25,6396.5,6370,6372.75,6372.75,6372.75
1755700200,6373,6377.75,6362.75,6367.25,6367.25,6367.25
1755702000,6367.5,6398,6365.25,6397,6397,6397
1755703800,6397,6402.75,6380.75,6385,6385,6385
1755705600,6385,6408.5,6384.5,6408,6408,6408
1755707400,6408,6408.25,6393,6397,6397,6397
1755709200,6396.75,6406,6395,6399.25,6399.25,6399.25
1755711000,6399.25,6413.25,6398.75,6406,6406,6406
1755712800,6406,6407.25,6385.5,6392,6392,6392
1755714600,6391.75,6407.25,6390.75,6400.5,6400.5,6400.5
1755716400,6400.5,6422.25,6400.25,6416.75,6416.75,6416.75
1755718200,6416.5,6424.25,6411.25,6413.75,6413.75,6413.75
1755720000,6414,6415.5,6411.5,6413.25,,6413.25
1755783000,6395.25,6397.75,6375.5,6384,6384,6384
1755784800,6383.75,6412.25,6378.5,6411.5,6411.5,6411.5
1755786600,6411.5,6411.5,6393.25,6404.25,6404.25,6404.25
1755788400,6404,6407,6385.25,6399.5,6399.5,6399.5
1755790200,6399.5,6408.5,6386.5,6388.25,6388.25,6388.25
1755792000,6388,6391.25,6382,6384.75,6384.75,6384.75
1755793800,6384.75,6392.75,6378.75,6381,6381,6381
1755795600,6381,6387.25,6370.25,6376.5,6376.5,6376.5
1755797400,6376.5,6394.5,6375.5,6391.5,6391.5,6391.5
1755799200,6391.5,6394.5,6386.75,6387.25,6387.25,6387.25
1755801000,6387.5,6395.25,6383,6393.75,6393.75,6393.75
1755802800,6393.5,6397.5,6391.25,6392,6392,6392
1755804600,6391.75,6392.25,6383,6388.25,6388.25,6388.25
1755806400,6388.5,6391,6386,6391,,6391
1755869400,6407.75,6427.75,6402.5,6414.25,6414.25,6414.25
1755871200,6414.25,6486.25,6414.25,6471.75,6471.75,6471.75
1755873000,6472,6492.75,6471.75,6487.25,6487.25,6487.25
1755874800,6487.5,6493.5,6485.75,6491.25,6491.25,6491.25
1755876600,6491,6496.25,6484,6485,6485,6485
1755878400,6485.25,6490,6477.75,6478.75,6478.75,6478.75
1755880200,6478.75,6485.5,6473.75,6478,6478,6478
1755882000,6477.75,6493.75,6477.75,6492.25,6492.25,6492.25
1755883800,6492.5,6495,6488,6489,6489,6489
1755885600,6489,6491.5,6484,6485,6485,6485
1755887400,6485.25,6489.75,6483.75,6485.75,6485.75,6485.75
1755889200,6485.75,6487.75,6481.5,6481.75,6481.75,6481.75
1755891000,6482,6485.75,6474,6483.25,6483.25,6483.25
1755892800,6483,6486.75,6480,6484.25,,6484.25
1756128600,6470,6473.5,6463.75,6473.25,6473.25,6473.25
1756130400,6473,6476.75,6467.25,6471,6471,6471
1756132200,6471.25,6474.25,6466.75,6474,6474,6474
1756134000,6473.75,6480.25,6471.75,6479,6479,6479
1756135800,6478.75,6480.25,6474.75,6479.25,6479.25,6479.25
1756137600,6479.25,6481.25,6477.5,6479.25,6479.25,6479.25
1756139400,6479,6482.75,6478,6479.75,6479.75,6479.75
1756141200,6479.5,6480,6473.5,6476.25,6476.25,6476.25
1756143000,6476.25,6478,6469.75,6474.75,6474.75,6474.75
1756144800,6474.5,6475.25,6469,6471.25,6471.25,6471.25
1756146600,6471.25,6472.5,6468.5,6468.75,6468.75,6468.75
1756148400,6469,6471,6465.5,6466.25,6466.25,6466.25
1756150200,6466.25,6468,6453.25,6454.75,6454.75,6454.75
1756152000,6454.75,6460.5,6453,6459,,6459
1756215000,6450.75,6457.5,6444.5,6454.25,6454.25,6454.25
1756216800,6454.25,6461.75,6452.75,6459.5,6459.5,6459.5
1756218600,6459.5,6460.75,6453.75,6456,6456,6456
1756220400,6455.75,6457.75,6452,6453.75,6453.75,6453.75
1756222200,6453.5,6458,6452,6456.5,6456.5,6456.5
1756224000,6456.5,6464.75,6456.5,6462.5,6462.5,6462.5
1756225800,6462.25,6464.25,6459.75,6462.25,6462.25,6462.25
1756227600,6462.25,6465.25,6458,6464.25,6464.25,6464.25
1756229400,6464,6465.25,6453.5,6457.75,6457.75,6457.75
1756231200,6457.75,6464.75,6456.75,6464.5,6464.5,6464.5
1756233000,6464.5,6469.5,6464.25,6468.25,6468.25,6468.25
1756234800,6468.5,6476.75,6465.5,6475.25,6475.25,6475.25
1756236600,6475,6485,6468.25,6481,6481,6481
1756238400,6480.75,6486.5,6479.25,6486,,6486
1756301400,6474,6483.75,6472.75,6482,6482,6482
1756303200,6482,6492,6481,6489.75,6489.75,6489.75
1756305000,6489.5,6492.75,6486,6490.5,6490.5,6490.5
1756306800,6490.5,6494,6490,6491.5,6491.5,6491.5
1756308600,6491.75,6495.5,6487.5,6494.25,6494.25,6494.25
1756310400,6494.25,6494.75,6483.25,6488.25,6488.25,6488.25
1756312200,6488,6493.75,6482,6491.5,6491.5,6491.5
1756314000,6491.5,6494,6488.75,6492.75,6492.75,6492.75
1756315800,6493,6496.75,6492.75,6496.25,6496.25,6496.25
1756317600,6496.25,6502.25,6494.25,6501.25,6501.25,6501.25
1756319400,6501,6501.75,6498.5,6498.75,6498.75,6498.75
1756321200,6499,6499.25,6486.5,6495.25,6495.25,6495.25
1756323000,6495.25,6502.5,6494.25,6494.5,6494.5,6494.5
1756324800,6494.25,6495.75,6491.5,6493.75,,6493.75
1756387800,6500,6508.5,6480.75,6487,6487,6487
1756389600,6486.75,6494.5,6483.25,6487.25,6487.25,6487.25
1756391400,6487.25,6499.5,6487,6496.5,6496.5,6496.5
1756393200,6496.75,6504.25,6488.5,6490.25,6490.25,6490.25
1756395000,6490,6499.75,6490,6498,6498,6498
1756396800,6498,6513,6497,6509.5,6509.5,6509.5
1756398600,6509.25,6511.5,6503.75,6504.25,6504.25,6504.25
1756400400,6504.5,6509.25,6502.25,6509,6509,6509
1756402200,6509,6513,6508.5,6511.75,6511.75,6511.75
1756404000,6511.5,6514.75,6511,6514.25,6514.25,6514.25
1756405800,6514.5,6518.5,6514,6517.75,6517.75,6517.75
1756407600,6517.5,6520.5,6516,6517.75,6517.75,6517.75
1756409400,6517.5,6523,6515.25,6517,6517,6517
1756411200,6517,6518.25,6514,6516.75,,6516.75
1756474200,6499,6502.75,6477,6479.25,6479.25,6479.25
1756476000,6479.75,6485,6460.25,6471,6471,6471
1756477800,6471,6475.75,6455.5,6462.5,6462.5,6462.5
1756479600,6462.5,6472,6461,6468.25,6468.25,6468.25
1756481400,6468.5,6469.75,6461.25,6462.25,6462.25,6462.25
1756483200,6462,6471.75,6461.75,6466.25,6466.25,6466.25
1756485000,6466,6474.75,6466,6471.25,6471.25,6471.25
1756486800,6471.25,6471.5,6458.5,6464.25,6464.25,6464.25
1756488600,6464.25,6474.5,6462.5,6470.75,6470.75,6470.75
1756490400,6470.5,6471.25,6465.75,6466.75,6466.75,6466.75
1756492200,6467,6471.75,6465.75,6469.25,6469.25,6469.25
1756494000,6469,6474.25,6467,6470,6470,6470
1756495800,6470,6476,6462.25,6475.25,6475.25,6475.25
1756497600,6475.25,6479.25,6470.75,6474.75,,6474.75
1756819800,6398.25,6416.5,6383.25,6414.5,6414.5,6414.5
1756821600,6414,6425,6404.5,6417.75,6417.75,6417.75
1756823400,6417.75,6419.25,6395,6399.25,6399.25,6399.25
1756825200,6399.5,6402.5,6384.25,6388.5,6388.5,6388.5
1756827000,6388.25,6388.5,6371.75,6374.5,6374.5,6374.5
1756828800,6374.75,6383.5,6372.5,6378.75,6378.75,6378.75
1756830600,6378.75,6392.5,6378.5,6392.25,6392.25,6392.25
1756832400,6392.25,6401.5,6388,6399.5,6399.5,6399.5
1756834200,6399.25,6413.75,6399,6406.75,6406.75,6406.75
1756836000,6406.75,6411.25,6399.5,6400.25,6400.25,6400.25
1756837800,6400.5,6412.5,6396,6403.75,6403.75,6403.75
1756839600,6403.75,6416.5,6403.5,6414.75,6414.75,6414.75
1756841400,6414.5,6427.75,6413.5,6426,6426,6426
1756843200,6426,6443.75,6424.25,6439,,6439
1756906200,6448.75,6454.5,6440.25,6441.5,6441.5,6441.5
1756908000,6441.75,6454.25,6437.75,6445.5,6445.5,6445.5
1756909800,6445.5,6463.75,6445.25,6461.75,6461.75,6461.75
1756911600,6461.75,6464.25,6444.75,6446.25,6446.25,6446.25
1756913400,6446.25,6451.75,6443,6445.75,6445.75,6445.75
1756915200,6445.5,6453.25,6441.75,6446.25,6446.25,6446.25
1756917000,6446.25,6447.25,6436,6440,6440,6440
1756918800,6440,6450.5,6439.75,6444.5,6444.5,6444.5
1756920600,6444.5,6446.25,6428,6431.75,6431.75,6431.75
1756922400,6431.75,6434.75,6427.25,6433,6433,6433
1756924200,6433,6434.75,6426.5,6431,6431,6431
1756926000,6430.75,6434.25,6427.75,6432.25,6432.25,6432.25
1756927800,6432.5,6459.25,6432.25,6458.5,6458.5,6458.5
1756929600,6458.5,6461,6457.75,6460.5,,6460.5
1756992600,6465.75,6474.75,6463.25,6470.5,6470.5,6470.5
1756994400,6470.25,6472.5,6456.25,6470.25,6470.25,6470.25
1756996200,6470,6479.25,6469.75,6477.75,6477.75,6477.75
1756998000,6478,6486,6474.75,6483.75,6483.75,6483.75
1756999800,6483.5,6487.75,6479.75,6483.25,6483.25,6483.25
1757001600,6483.25,6487.25,6479.75,6481,6481,6481
1757003400,6480.75,6486,6479.5,6481,6481,6481
1757005200,6481,6491.25,6480.75,6490,6490,6490
1757007000,6490,6496.25,6487.5,6493,6493,6493
1757008800,6493,6497.75,6492.75,6493.75,6493.75,6493.75
1757010600,6494,6498.25,6492.25,6498,6498,6498
1757012400,6497.75,6504.25,6497.5,6500.5,6500.5,6500.5
1757014200,6500.5,6512.75,6499.5,6511.25,6511.25,6511.25
1757016000,6511,6516.25,6508.5,6514.75,,6514.75
1757079000,6533.5,6541.75,6524.75,6530,6530,6530
1757080800,6530,6530.25,6479.25,6484.5,6484.5,6484.5
1757082600,6484.25,6485.75,6459.5,6460.5,6460.5,6460.5
1757084400,6460.25,6481.5,6452,6481,6481,6481
1757086200,6481,6488,6472,6475.75,6475.75,6475.75
1757088000,6475.5,6486.25,6471.75,6476,6476,6476
1757089800,6476,6483.5,6471,6483.5,6483.5,6483.5
1757091600,6483.5,6484.25,6472.25,6477.5,6477.5,6477.5
1757093400,6477.5,6479.5,6464.75,6470.25,6470.25,6470.25
1757095200,6470.25,6478.75,6467.5,6475.75,6475.75,6475.75
1757097000,6475.75,6482,6475.75,6481.75,6481.75,6481.75
1757098800,6482,6493,6477.75,6490,6490,6490
1757100600,6490,6491.5,6480.25,6491,6491,6491
1757102400,6490.75,6491.5,6487,6488.25,,6488.25
1757338200,6504.5,6509,6498.5,6501.75,6501.75,6501.75
1757340000,6501.75,6507.25,6495.25,6505.75,6505.75,6505.75
1757341800,6505.5,6516,6504.5,6512,6512,6512
1757343600,6511.75,6516.5,6509.5,6516.25,6516.25,6516.25
1757345400,6516,6516.5,6502.75,6512,6512,6512
1757347200,6512,6512,6501.75,6504.5,6504.5,6504.5
1757349000,6504.25,6506.25,6495.75,6503.5,6503.5,6503.5
1757350800,6503.5,6505.75,6497.75,6503,6503,6503
1757352600,6503,6505,6490.25,6493.75,6493.75,6493.75
1757354400,6493.75,6503.25,6491.25,6501.75,6501.75,6501.75
1757356200,6502,6503.75,6496.75,6500.25,6500.25,6500.25
1757358000,6500,6500.25,6491.25,6493.5,6493.5,6493.5
1757359800,6493.5,6508,6492.5,6507,6507,6507
1757361600,6507,6508.5,6504.75,6507.5,,6507.5
1757424600,6507.25,6512.75,6502.5,6507.5,6507.5,6507.5
1757426400,6507.5,6515,6501.5,6505,6505,6505
1757428200,6504.75,6505.25,6489.25,6500.5,6500.5,6500.5
1757430000,6500.25,6505.5,6495,6505,6505,6505
1757431800,6504.75,6505.5,6497.25,6499.75,6499.75,6499.75
1757433600,6499.75,6507.75,6498.75,6505.75,6505.75,6505.75
1757435400,6505.75,6509.5,6504.75,6507.75,6507.75,6507.75
1757437200,6507.75,6515.5,6507.25,6513,6513,6513
1757439000,6513,6517.25,6512,6515.25,6515.25,6515.25
1757440800,6515.5,6517.5,6513,6515.75,6515.75,6515.75
1757442600,6515.75,6518.5,6513.75,6516,6516,6516
1757444400,6516,6518.75,6513,6518,6518,6518
1757446200,6518,6526.25,6514.5,6521,6521,6521
1757448000,6521,6528.5,6516.5,6528,,6528
1757511000,6553.25,6555.75,6543.75,6552.75,6552.75,6552.75
1757512800,6552.5,6562.25,6551.5,6556,6556,6556
1757514600,6556,6557.25,6549.5,6550.75,6550.75,6550.75
1757516400,6550.75,6552.75,6541,6544.75,6544.75,6544.75
1757518200,6544.75,6553,6540,6549.5,6549.5,6549.5
1757520000,6549.75,6550.75,6542.75,6542.75,6542.75,6542.75
1757521800,6542.75,6547,6538,6546,6546,6546
1757523600,6546,6551,6537.5,6539.5,6539.5,6539.5
1757525400,6539.25,6543.75,6535.75,6539.75,6539.75,6539.75
1757527200,6539.75,6540.75,6530.75,6533.5,6533.5,6533.5
1757529000,6533.25,6537.75,6530.25,6536.5,6536.5,6536.5
1757530800,6536.25,6538,6522.5,6524.75,6524.75,6524.75
1757532600,6525,6543.5,6523.25,6539.25,6539.25,6539.25
1757534400,6539,6541.25,6537,6537.5,,6537.5
1757597400,6557.75,6572.5,6552,6572,6572,6572
1757599200,6572,6579,6570,6575.75,6575.75,6575.75
1757601000,6575.75,6586.5,6574.75,6583,6583,6583
1757602800,6582.75,6592.25,6581.75,6590.75,6590.75,6590.75
1757604600,6590.75,6595,6582.75,6588.75,6588.75,6588.75
1757606400,6588.75,6593.75,6587.5,6590,6590,6590
1757608200,6590,6592,6585,6588,6588,6588
1757610000,6588,6592,6585,6587.75,6587.75,6587.75
1757611800,6587.5,6592.5,6586.5,6592,6592,6592
1757613600,6592,6593,6588,6589.75,6589.75,6589.75
1757615400,6589.75,6594,6588,6592,6592,6592
1757617200,6591.75,6594.75,6590.25,6594,6594,6594
1757619000,6594.25,6600,6590.5,6592.25,6592.25,6592.25
1757620800,6592,6594.25,6590.25,6591.5,,6591.5
1757683800,6589.75,6594.5,6585,6593,6593,6593
1757685600,6593.5,6595.75,6586.75,6593.25,6593.25,6593.25
1757687400,6593.5,6598.75,6590.5,6597.75,6597.75,6597.75
1757689200,6597.75,6598,6589.75,6590,6590,6590
1757691000,6590.25,6592,6585.75,6589.75,6589.75,6589.75
1757692800,6589.75,6594.5,6586.5,6594.25,6594.25,6594.25
1757694600,6594.25,6595.75,6590,6594.25,6594.25,6594.25
1757696400,6594.5,6596.5,6591.75,6594.5,6594.5,6594.5
1757698200,6594.75,6598.5,6592.75,6597.25,6597.25,6597.25
1757700000,6597.5,6599.5,6596,6599,6599,6599
1757701800,6599,6606,6597.75,6602,6602,6602
1757703600,6602.25,6603.5,6594.5,6595.75,6595.75,6595.75
1757705400,6595.75,6597,6583,6587.75,6587.75,6587.75
1757707200,6587.75,6588.25,6585.5,6587.25,,6587.25
1757943000,6609.25,6619.75,6607.75,6619.5,6619.5,6619.5
1757944800,6619.25,6620.25,6612.75,6620,6620,6620
1757946600,6619.75,6623,6616.25,6622.5,6622.5,6622.5
1757948400,6622.5,6623.5,6615,6616.5,6616.5,6616.5
1757950200,6616.25,6621.25,6615.25,6619,6619,6619
1757952000,6618.75,6621.75,6617,6618.75,6618.75,6618.75
1757953800,6618.75,6621.75,6613.25,6613.75,6613.75,6613.75
1757955600,6613.75,6616.75,6607.75,6610,6610,6610
1757957400,6610,6619.5,6609.5,6619,6619,6619
1757959200,6618.75,6619,6611.75,6611.75,6611.75,6611.75
1757961000,6611.75,6614,6605.5,6612.75,6612.75,6612.75
1757962800,6612.5,6614.5,6609.75,6613.5,6613.5,6613.5
1757964600,6613.25,6622.75,6610.5,6621.75,6621.75,6621.75
1757966400,6621.75,6622.5,6616.75,6617.25,,6617.25
1758029400,6685,6688.25,6670.25,6672.75,6672.75,6672.75
1758031200,6672.75,6675,6666,6669.25,6669.25,6669.25
1758033000,6669,6672.75,6666.5,6668,6668,6668
1758034800,6668.25,6670.75,6663.25,6665.5,6665.5,6665.5
1758036600,6665.25,6669,6661.25,6666.25,6666.25,6666.25
1758038400,6666,6669,6664.75,6668.5,6668.5,6668.5
1758040200,6668.25,6670.25,6664,6669,6669,6669
1758042000,6669,6673.75,6668.5,6672,6672,6672
1758043800,6672.25,6673,6668.5,6671.25,6671.25,6671.25
1758045600,6671,6673.25,6669.25,6671,6671,6671
1758047400,6671,6676.25,6670,6674.75,6674.75,6674.75
1758049200,6675,6676.25,6669.25,6670.5,6670.5,6670.5
1758051000,6670.5,6675.75,6665.75,6668.25,6668.25,6668.25
1758052800,6668.5,6672,6667.75,6671.5,,6671.5
1758115800,6669,6675.75,6665,6667.75,6667.75,6667.75
1758117600,6667.5,6668.5,6659.75,6660.25,6660.25,6660.25
1758119400,6660.25,6665.25,6659,6661.75,6661.75,6661.75
1758121200,6661.75,6665.25,6657,6658,6658,6658
1758123000,6658,6661.75,6657.25,6661.25,6661.25,6661.25
1758124800,6661.25,6662.25,6656,6658,6658,6658
1758126600,6658,6658.5,6650,6652,6652,6652
1758128400,6651.75,6656,6651.75,6655,6655,6655
1758130200,6655.25,6667,6655.25,6665.5,6665.5,6665.5
1758132000,6665.5,6686.5,6640,6672.75,6672.75,6672.75
1758133800,6672.75,6674.75,6611,6645.75,6645.75,6645.75
1758135600,6645.75,6676,6643.25,6671,6671,6671
1758137400,6671,6674.75,6653.5,6660.25,6660.25,6660.25
1758139200,6660.5,6669.25,6660.25,6664.5,,6664.5
1758202200,6686.75,6692.25,6670.25,6688.75,6688.75,6688.75
1758204000,6688.75,6713.5,6688,6712.5,6712.5,6712.5
1758205800,6712.5,6718,6695,6695.75,6695.75,6695.75
1758207600,6696,6708.5,6694,6701.25,6701.25,6701.25
1758209400,6701.5,6708,6689.75,6694,6694,6694
1758211200,6694,6704,6691,6702.75,6702.75,6702.75
1758213000,6703,6710.5,6702.75,6709,6709,6709
1758214800,6709,6711,6701,6701.75,6701.75,6701.75
1758216600,6701.75,6703,6693.5,6696,6696,6696
1758218400,6696.25,6701.25,6694.25,6696,6696,6696
1758220200,6696,6704,6691.5,6701.25,6701.25,6701.25
1758222000,6701.25,6703.5,6695.25,6695.75,6695.75,6695.75
1758223800,6695.75,6699.75,6688.25,6692.25,6692.25,6692.25
1758225600,6692.25,6697,6691,6692.5,,6692.5
1758288600,6707,6711.25,6696.75,6705.75,6705.75,6705.75
1758290400,6705.5,6708.25,6700.75,6702.75,6702.75,6702.75
1758292200,6702.75,6706,6693.25,6699.5,6699.5,6699.5
1758294000,6699.5,6703.25,6690,6691,6691,6691
1758295800,6691,6700,6687.25,6700,6700,6700
1758297600,6699.75,6711.25,6699.5,6709.5,6709.5,6709.5
1758299400,6709.5,6712.25,6705.5,6710,6710,6710
1758301200,6710,6711.5,6706.75,6709.75,6709.75,6709.75
1758303000,6709.75,6714,6709.5,6712,6712,6712
1758304800,6711.75,6713.5,6708.5,6710.75,6710.75,6710.75
1758306600,6710.75,6717,6709.5,6717,6717,6717
1758308400,6716.75,6726.75,6716.25,6724.25,6724.25,6724.25
1758310200,6724,6731.5,6719.75,6721.75,6721.75,6721.75
1758312000,6721.75,6724.75,6720,6721.5,,6721.5
1758547800,6706,6719.25,6705.75,6717.75,6717.75,6717.75
1758549600,6718,6725.25,6715.5,6724.75,6724.75,6724.75
1758551400,6724.5,6734.75,6722.75,6734.25,6734.25,6734.25
1758553200,6734,6737.5,6730.75,6733.25,6733.25,6733.25
1758555000,6733.5,6734.25,6728.5,6729.75,6729.75,6729.75
1758556800,6729.75,6743.5,6729.5,6742.75,6742.75,6742.75
1758558600,6742.5,6749.25,6741.75,6748.25,6748.25,6748.25
1758560400,6748,6749.75,6745.25,6749.25,6749.25,6749.25
1758562200,6749.25,6752,6747,6747.5,6747.5,6747.5
1758564000,6747.5,6750.5,6744.5,6750,6750,6750
1758565800,6750,6752.5,6748.75,6752.25,6752.25,6752.25
1758567600,6752,6756.75,6751.75,6755.75,6755.75,6755.75
1758569400,6755.5,6756.75,6751,6751.75,6751.75,6751.75
1758571200,6751.75,6752.25,6744.75,6746.5,,6746.5
1758634200,6750.25,6756.5,6748.5,6751.75,6751.75,6751.75
1758636000,6752,6755.5,6746.25,6749.25,6749.25,6749.25
1758637800,6749,6750.75,6744.25,6745.75,6745.75,6745.75
1758639600,6745.75,6747.5,6742.75,6744.25,6744.25,6744.25
1758641400,6744,6745.25,6737.25,6738,6738,6738
1758643200,6738,6739.75,6732.25,6735,6735,6735
1758645000,6734.75,6741.25,6731.25,6734,6734,6734
1758646800,6734,6735.25,6718.75,6719,6719,6719
1758648600,6719,6720.75,6702,6714,6714,6714
1758650400,6714.25,6715.75,6704,6708.75,6708.75,6708.75
1758652200,6708.5,6715.25,6701.75,6703,6703,6703
1758654000,6703,6710.25,6702.75,6705.75,6705.75,6705.75
1758655800,6706,6718.5,6705,6715.75,6715.75,6715.75
1758657600,6716,6718.75,6713,6716.5,,6716.5
1758720600,6727.25,6728.5,6706,6712.5,6712.5,6712.5
1758722400,6712.5,6717.25,6708.5,6714.25,6714.25,6714.25
1758724200,6714.25,6719,6709.75,6711.5,6711.5,6711.5
1758726000,6711.5,6713.75,6706,6708.75,6708.75,6708.75
1758727800,6708.5,6709,6683.75,6685.5,6685.5,6685.5
1758729600,6685.5,6693,6678,6690.5,6690.5,6690.5
1758731400,6690.75,6692.75,6685.75,6687,6687,6687
1758733200,6687.25,6698.75,6686,6695.75,6695.75,6695.75
1758735000,6695.75,6700,6685.25,6687.5,6687.5,6687.5
1758736800,6687.25,6689,6681.25,6685.75,6685.75,6685.75
1758738600,6685.75,6693.5,6684.25,6693.25,6693.25,6693.25
1758740400,6693,6693.25,6687.75,6690.25,6690.25,6690.25
1758742200,6690,6696,6687,6692,6692,6692
1758744000,6692,6699.25,6692,6699.25,,6699.25
1758807000,6660,6660.5,6631.25,6637,6637,6637
1758808800,6637,6672.5,6635.75,6665.75,6665.75,6665.75
1758810600,6665.5,6672,6663.25,6668.75,6668.75,6668.75
1758812400,6668.75,6669,6652.25,6655,6655,6655
1758814200,6655,6675,6654.75,6670.25,6670.25,6670.25
1758816000,6670,6673,6659.75,6660.75,6660.75,6660.75
1758817800,6660.75,6670.5,6656.25,6659,6659,6659
1758819600,6659,6664.25,6646,6653.25,6653.25,6653.25
1758821400,6653.25,6655.25,6635.5,6636.5,6636.5,6636.5
1758823200,6636.5,6652.25,6624.25,6650.5,6650.5,6650.5
1758825000,6650.5,6662.5,6647.25,6659.75,6659.75,6659.75
1758826800,6659.75,6661.25,6651.5,6655.5,6655.5,6655.5
1758828600,6655.25,6663.75,6651.5,6660.5,6660.5,6660.5
1758830400,6660.5,6663.75,6659.5,6661.5,,6661.5
1758893400,6673.5,6698.25,6667.5,6697,6697,6697
1758895200,6697,6703.75,6657.25,6666.25,6666.25,6666.25
1758897000,6666.25,6678.25,6659.5,6663,6663,6663
1758898800,6662.75,6678.25,6658.5,6677.75,6677.75,6677.75
1758900600,6677.75,6679.5,6664.75,6665.25,6665.25,6665.25
1758902400,6665.25,6686.75,6663.25,6683.25,6683.25,6683.25
1758904200,6683.25,6694,6679.5,6692.5,6692.5,6692.5
1758906000,6692.5,6696.5,6690.5,6695.5,6695.5,6695.5
1758907800,6695.25,6696.5,6686.25,6692.5,6692.5,6692.5
1758909600,6692.25,6699.5,6687.25,6696.5,6696.5,6696.5
1758911400,6696.5,6700.5,6693.5,6698.25,6698.25,6698.25
1758913200,6698.25,6699,6691.75,6694.75,6694.75,6694.75
1758915000,6694.75,6698.5,6690,6696.25,6696.25,6696.25
1758916800,6696.25,6701.75,6695.25,6701.5,,6701.5
1759152600,6722.25,6726.25,6715.75,6723.75,6723.75,6723.75
1759154400,6723.75,6731.25,6718.5,6726.5,6726.5,6726.5
1759156200,6726.25,6730.5,6721.5,6723.25,6723.25,6723.25
1759158000,6723.25,6725.25,6709.75,6713.75,6713.75,6713.75
1759159800,6713.5,6714.75,6706.25,6711,6711,6711
1759161600,6711,6716,6707.25,6712.75,6712.75,6712.75
1759163400,6713,6715.25,6706.25,6708.5,6708.5,6708.5
1759165200,6708.5,6709,6701.75,6703.25,6703.25,6703.25
1759167000,6703.5,6709,6699.5,6707.25,6707.25,6707.25
1759168800,6707.25,6714,6707,6713,6713,6713
1759170600,6713,6714,6708.75,6711.5,6711.5,6711.5
1759172400,6711.75,6711.75,6696.25,6704.25,6704.25,6704.25
1759174200,6704.25,6716.25,6704,6714.25,6714.25,6714.25
1759176000,6714.25,6716,6711.5,6713,,6713
1759239000,6706.75,6710.25,6696.75,6708.25,6708.25,6708.25
1759240800,6707.75,6713,6699.75,6705.75,6705.75,6705.75
1759242600,6706,6711.5,6694,6709.75,6709.75,6709.75
1759244400,6709.5,6713.75,6693,6699.5,6699.5,6699.5
1759246200,6699.25,6708.75,6695.75,6707,6707,6707
1759248000,6707.25,6718,6702.75,6711,6711,6711
1759249800,6711.25,6714,6703,6705,6705,6705
1759251600,6705,6706.25,6694.25,6698,6698,6698
1759253400,6697.75,6707.75,6694.5,6702,6702,6702
1759255200,6701.75,6717.25,6700.75,6715.5,6715.5,6715.5
1759257000,6715.25,6723.25,6712.5,6721,6721,6721
1759258800,6721.25,6732.25,6720.5,6730.75,6730.75,6730.75
1759260600,6730.75,6743.5,6725.75,6737.25,6737.25,6737.25
1759262400,6737,6738.75,6724.75,6725.5,,6725.5
1759325400,6706.75,6729,6705.25,6712.75,6712.75,6712.75
1759327200,6712,6732.25,6708.5,6730.5,6730.5,6730.5
1759329000,6730.5,6735.75,6727.5,6733.25,6733.25,6733.25
1759330800,6733.25,6739.5,6732.25,6738,6738,6738
1759332600,6738.25,6747.5,6738,6744.75,6744.75,6744.75
1759334400,6745,6746.75,6741,6744.25,6744.25,6744.25
1759336200,6744.25,6745.5,6739,6744.25,6744.25,6744.25
1759338000,6744.25,6756.5,6743,6755,6755,6755
1759339800,6755.25,6755.75,6751.25,6754.75,6754.75,6754.75
1759341600,6755,6764.75,6754.25,6763.25,6763.25,6763.25
1759343400,6763.25,6769,6762.75,6767,6767,6767
1759345200,6767,6769.5,6762.5,6766.75,6766.75,6766.75
1759347000,6766.75,6768,6760.5,6760.5,6760.5,6760.5
1759348800,6760.75,6761.25,6755,6755.25,,6755.25
1759411800,6779,6780.25,6761.75,6768.5,6768.5,6768.5
1759413600,6768.25,6769.25,6757,6761.5,6761.5,6761.5
1759415400,6761.25,6764.75,6749.75,6749.75,6749.75,6749.75
1759417200,6749.75,6755.5,6744.25,6750.75,6750.75,6750.75
1759419000,6751,6758.25,6741.5,6757.5,6757.5,6757.5
1759420800,6757.5,6757.5,6750.25,6755.25,6755.25,6755.25
1759422600,6755.5,6760,6749.25,6758.25,6758.25,6758.25
1759424400,6758.5,6761.25,6753.5,6759.25,6759.25,6759.25
1759426200,6759.25,6765,6757.25,6762.75,6762.75,6762.75
1759428000,6763,6770.75,6762.5,6770,6770,6770
1759429800,6769.75,6771.5,6766,6768,6768,6768
1759431600,6767.75,6770.5,6766.25,6768.75,6768.75,6768.75
1759433400,6768.75,6769,6762.5,6766.75,6766.75,6766.75
1759435200,6766.75,6769,6766.5,6767,,6767
1759498200,6772,6788.25,6771.5,6780.25,6780.25,6780.25
1759500000,6780.25,6788,6771.75,6786.75,6786.75,6786.75
1759501800,6786.5,6795.5,6785.75,6793.75,6793.75,6793.75
1759503600,6794,6794.25,6788.25,6790.75,6790.75,6790.75
1759505400,6790.5,6799.25,6786,6797.75,6797.75,6797.75
1759507200,6798,6800,6795.25,6797.75,6797.75,6797.75
1759509000,6797.5,6798.75,6793,6795.25,6795.25,6795.25
1759510800,6795.25,6795.5,6776,6776.25,6776.25,6776.25
1759512600,6776,6782.5,6754,6764.5,6764.5,6764.5
1759514400,6764.5,6779.75,6755.25,6778.25,6778.25,6778.25
1759516200,6778.25,6779.5,6765.75,6771.5,6771.5,6771.5
1759518000,6771.25,6775.5,6766.75,6769,6769,6769
1759519800,6769.25,6775.5,6760.5,6765,6765,6765
1759521600,6765.25,6766.75,6760.25,6761.75,,6761.75
1759757400,6788.5,6788.75,6771,6772.5,6772.5,6772.5
1759759200,6772.25,6779,6766.5,6777.25,6777.25,6777.25
1759761000,6777.25,6780.75,6773.5,6780,6780,6780
1759762800,6779.75,6786,6779.25,6784,6784,6784
1759764600,6784,6791.75,6782.75,6790.5,6790.5,6790.5
1759766400,6790.25,6791.25,6785.25,6790.75,6790.75,6790.75
1759768200,6790.75,6791,6786,6789.75,6789.75,6789.75
1759770000,6789.75,6796,6785.75,6793.5,6793.5,6793.5
1759771800,6793.5,6796,6790.5,6795.25,6795.25,6795.25
1759773600,6795,6797.25,6792.75,6794.75,6794.75,6794.75
1759775400,6794.75,6797.75,6792.25,6793.5,6793.5,6793.5
1759777200,6793.25,6793.75,6788.5,6789.75,6789.75,6789.75
1759779000,6789.5,6793.5,6788,6788.5,6788.5,6788.5
1759780800,6788.5,6790.25,6787,6789,,6789
1759843800,6797.25,6801.75,6792.5,6793.75,6793.75,6793.75
1759845600,6794,6795.25,6783.75,6784.25,6784.25,6784.25
1759847400,6784,6788.75,6776.75,6780.25,6780.25,6780.25
1759849200,6780.5,6782.25,6759,6763.75,6763.75,6763.75
1759851000,6763.5,6765,6747.25,6753,6753,6753
1759852800,6753,6759,6747.25,6754.5,6754.5,6754.5
1759854600,6754.5,6766.25,6752,6754.5,6754.5,6754.5
1759856400,6754.25,6764.75,6752.5,6760.75,6760.75,6760.75
1759858200,6760.5,6762.5,6753.25,6753.75,6753.75,6753.75
1759860000,6754,6759.75,6748.5,6756.75,6756.75,6756.75
1759861800,6757,6761.5,6756,6761.25,6761.25,6761.25
1759863600,6761.25,6762,6755.75,6756.5,6756.5,6756.5
1759865400,6756.5,6765.25,6756,6762.5,6762.5,6762.5
1759867200,6762.75,6767.75,6762.25,6766.25,,6766.25
1759930200,6773.25,6776.5,6764.5,6773.5,6773.5,6773.5
1759932000,6773.5,6790.75,6773.5,6790.25,6790.25,6790.25
1759933800,6790,6793,6784.5,6789,6789,6789
1759935600,6789,6798.75,6788,6796.75,6796.75,6796.75
1759937400,6796.75,6801.25,6794.75,6799.5,6799.5,6799.5
1759939200,6799.5,6802.75,6797,6798.25,6798.25,6798.25
1759941000,6798,6799.5,6793.75,6798.75,6798.75,6798.75
1759942800,6798.5,6801.75,6795.75,6800.25,6800.25,6800.25
1759944600,6800.5,6801.25,6796.5,6797.75,6797.75,6797.75
1759946400,6797.75,6802.75,6796.25,6799.25,6799.25,6799.25
1759948200,6799.25,6800,6792.5,6793.5,6793.5,6793.5
1759950000,6793.25,6801.25,6792.25,6799.75,6799.75,6799.75
1759951800,6799.75,6803.25,6797.75,6802,6802,6802
1759953600,6801.75,6803.5,6800,6803.25,,6803.25
1760016600,6805.5,6809.5,6785.25,6789,6789,6789
1760018400,6788.75,6792,6780.5,6781.5,6781.5,6781.5
1760020200,6781.75,6784.5,6768.5,6782.75,6782.75,6782.75
1760022000,6782.75,6788,6776,6776.75,6776.75,6776.75
1760023800,6776.75,6784.25,6769,6782.25,6782.25,6782.25
1760025600,6782.5,6785.25,6774.5,6779,6779,6779
1760027400,6778.75,6780.5,6765.5,6767,6767,6767
1760029200,6767,6772.75,6762,6763.5,6763.5,6763.5
1760031000,6763.25,6772.75,6760.75,6770.75,6770.75,6770.75
1760032800,6770.75,6772.25,6762.25,6767,6767,6767
1760034600,6767,6769.75,6764,6767.75,6767.75,6767.75
1760036400,6767.75,6776,6767,6774.75,6774.75,6774.75
1760038200,6774.5,6782,6773.75,6781.25,6781.25,6781.25
1760040000,6781.25,6782.5,6778.25,6778.75,,6778.75
1760103000,6788,6806.5,6785,6797,6797,6797
1760104800,6796.75,6800.25,6784.25,6792,6792,6792
1760106600,6792.25,6797.5,6742.5,6757.75,6757.75,6757.75
1760108400,6757.5,6757.75,6684,6689,6689,6689
1760110200,6689.25,6705.5,6659,6682.75,6682.75,6682.75
1760112000,6682.5,6691.5,6666.5,6680,6680,6680
1760113800,6680,6692.25,6653.25,6655.25,6655.25,6655.25
1760115600,6655.25,6663.5,6641.5,6662,6662,6662
1760117400,6661.75,6673.5,6651.25,6660,6660,6660
1760119200,6660,6665,6650.25,6654.75,6654.75,6654.75
1760121000,6654.75,6659.25,6631.5,6635.75,6635.75,6635.75
1760122800,6635.75,6646.25,6618.5,6623.5,6623.5,6623.5
1760124600,6623.5,6632,6591.75,6595,6595,6595
1760126400,6595.25,6607,6589.5,6605,,6605
1760362200,6670.25,6694.75,6661.75,6693.25,6693.25,6693.25
1760364000,6693.25,6697,6665.25,6672.75,6672.75,6672.75
1760365800,6673,6689.25,6663.5,6666.5,6666.5,6666.5
1760367600,6666.5,6693.25,6661.75,6691.75,6691.75,6691.75
1760369400,6692,6696.75,6687,6694.25,6694.25,6694.25
1760371200,6694.5,6705.25,6691,6699.75,6699.75,6699.75
1760373000,6699.75,6708.75,6695,6707.5,6707.5,6707.5
1760374800,6707.5,6711.5,6693.75,6696,6696,6696
1760376600,6696.25,6698.25,6688.25,6697.25,6697.25,6697.25
1760378400,6697,6705.5,6696.25,6704.25,6704.25,6704.25
1760380200,6704.25,6707.75,6683,6685.5,6685.5,6685.5
1760382000,6685.75,6698.25,6681.5,6693,6693,6693
1760383800,6692.75,6700.75,6691.25,6694.5,6694.5,6694.5
1760385600,6694.5,6696,6691.5,6692.25,,6692.25
1760448600,6634,6636.5,6593.25,6630.5,6630.5,6630.5
1760450400,6630.25,6661.75,6627,6660.5,6660.5,6660.5
1760452200,6660.5,6666.25,6653,6660.25,6660.25,6660.25
1760454000,6660.25,6674.25,6657.75,6659.5,6659.5,6659.5
1760455800,6659.75,6694.25,6659.25,6687.5,6687.5,6687.5
1760457600,6687.5,6703.25,6677.75,6700,6700,6700
1760459400,6700,6720.25,6699.25,6707.5,6707.5,6707.5
1760461200,6707.5,6720,6700,6717.5,6717.5,6717.5
1760463000,6717.5,6722.5,6708,6715.25,6715.25,6715.25
1760464800,6715.5,6717.75,6709.75,6715,6715,6715
1760466600,6715,6717.5,6708.25,6713,6713,6713
1760468400,6713,6717.5,6710.25,6711.5,6711.5,6711.5
1760470200,6711.5,6711.75,6666,6686,6686,6686
1760472000,6685.75,6693.75,6674.75,6680.25,,6680.25
1760535000,6732,6750,6724.25,6747,6747,6747
1760536800,6747,6766.75,6746.75,6760.25,6760.25,6760.25
1760538600,6760.25,6763.25,6750.25,6754.25,6754.25,6754.25
1760540400,6754.25,6755.75,6740,6740.75,6740.75,6740.75
1760542200,6741,6742.25,6702,6715.5,6715.5,6715.5
1760544000,6715.25,6727.5,6712,6719,6719,6719
1760545800,6718.75,6720.75,6702,6703.75,6703.75,6703.75
1760547600,6703.75,6704.25,6651.5,6671.25,6671.25,6671.25
1760549400,6671.25,6708,6669.25,6706,6706,6706
1760551200,6706,6711.75,6697.25,6706.25,6706.25,6706.25
1760553000,6706.25,6721.5,6704.75,6720.5,6720.5,6720.5
1760554800,6720.5,6721.5,6709,6717,6717,6717
1760556600,6716.75,6718,6695.75,6715,6715,6715
1760558400,6715.25,6724.5,6713.5,6715,,6715
1760621400,6731.5,6744.25,6724.25,6729.5,6729.5,6729.5
1760623200,6729.75,6739,6717.25,6732.25,6732.25,6732.25
1760625000,6732.5,6750.5,6730.75,6733.75,6733.75,6733.75
1760626800,6734,6743.75,6717.25,6721,6721,6721
1760628600,6721,6730.5,6701.75,6707.5,6707.5,6707.5
1760630400,6707.75,6714,6685,6686.75,6686.75,6686.75
1760632200,6687,6697,6654.75,6695.75,6695.75,6695.75
1760634000,6695.5,6704.75,6675,6697.25,6697.25,6697.25
1760635800,6697,6702,6673,6680,6680,6680
1760637600,6680,6681.5,6635.5,6645,6645,6645
1760639400,6645.25,6668.75,6632,6667,6667,6667
1760641200,6666.75,6671.25,6641.5,6651,6651,6651
1760643000,6650.75,6674.25,6643,6668.5,6668.5,6668.5
1760644800,6668.75,6673.75,6651,6652.5,,6652.5
1760707800,6654.5,6684.5,6641.5,6666.25,6666.25,6666.25
1760709600,6666.25,6697.5,6656,6683,6683,6683
1760711400,6683,6684,6653,6655.5,6655.5,6655.5
1760713200,6655.5,6676.75,6644.75,6653.75,6653.75,6653.75
1760715000,6653.75,6682.25,6640.5,6677,6677,6677
1760716800,6677,6694,6676.25,6691.5,6691.5,6691.5
1760718600,6691.5,6696.75,6672.25,6680,6680,6680
1760720400,6680,6681.5,6665,6671.25,6671.25,6671.25
1760722200,6671.25,6690.75,6666.75,6688.75,6688.75,6688.75
1760724000,6688.75,6710.75,6688.5,6706.5,6706.5,6706.5
1760725800,6706.75,6711.5,6700.25,6704,6704,6704
1760727600,6704.25,6718,6703.75,6711.5,6711.5,6711.5
1760729400,6711.5,6711.75,6700.5,6703.75,6703.75,6703.75
1760731200,6703.75,6711.75,6701.5,6710.5,,6710.5
1760967000,6733.5,6754.75,6733,6747.5,6747.5,6747.5
1760968800,6747.5,6764.5,6747.5,6763.25,6763.25,6763.25
1760970600,6763.25,6775.5,6758.5,6773,6773,6773
1760972400,6772.75,6773.25,6763.25,6770,6770,6770
1760974200,6770,6774,6762.25,6766.25,6766.25,6766.25
1760976000,6766.5,6770.25,6763,6769,6769,6769
1760977800,6769,6771.75,6763.5,6771.25,6771.25,6771.25
1760979600,6771.25,6781.25,6771,6777,6777,6777
1760981400,6777,6782,6776,6778.75,6778.75,6778.75
1760983200,6778.75,6783,6778.25,6779.25,6779.25,6779.25
1760985000,6779.5,6780,6772.5,6777.25,6777.25,6777.25
1760986800,6777.5,6781,6772.75,6777.75,6777.75,6777.75
1760988600,6778,6782.5,6772.5,6773.25,6773.25,6773.25
1760990400,6773.5,6778,6770,6777.25,,6777.25
1761053400,6774.25,6777.5,6761.5,6765.25,6765.25,6765.25
1761055200,6765.25,6778.5,6759.25,6765.25,6765.25,6765.25
1761057000,6765.25,6786.25,6762,6785.75,6785.75,6785.75
1761058800,6785.5,6787.25,6775.25,6779,6779,6779
1761060600,6779,6785,6773.75,6782.75,6782.75,6782.75
1761062400,6782.5,6786.75,6781,6786.25,6786.25,6786.25
1761064200,6786.25,6789.75,6773.25,6774.75,6774.75,6774.75
1761066000,6774.75,6781.5,6767.25,6775.75,6775.75,6775.75
1761067800,6776,6783,6772.25,6781.75,6781.75,6781.75
1761069600,6782,6785,6777.5,6782.75,6782.75,6782.75
1761071400,6782.75,6784.25,6777.75,6779.5,6779.5,6779.5
1761073200,6779.25,6782.5,6776.5,6778.75,6778.75,6778.75
1761075000,6778.5,6784,6771.5,6772,6772,6772
1761076800,6772.25,6776,6764.75,6767.75,,6767.75
1761139800,6779,6779.25,6763.5,6771.5,6771.5,6771.5
1761141600,6771.5,6775.25,6752,6753.25,6753.25,6753.25
1761143400,6753.25,6760.5,6739.5,6759.75,6759.75,6759.75
1761145200,6759.5,6763.25,6734.75,6737.25,6737.25,6737.25
1761147000,6737.25,6756.75,6732.25,6748.75,6748.75,6748.75
1761148800,6749,6750.75,6730,6734.5,6734.5,6734.5
1761150600,6734.25,6740.5,6698,6732,6732,6732
1761152400,6731.75,6735.25,6705.25,6712.25,6712.25,6712.25
1761154200,6712.25,6717.25,6690.75,6705.25,6705.25,6705.25
1761156000,6705.5,6720.25,6695.25,6715,6715,6715
1761157800,6714.75,6724,6708.75,6723.25,6723.25,6723.25
1761159600,6723.25,6735,6713.5,6733,6733,6733
1761161400,6732.75,6742.25,6731.75,6737,6737,6737
1761163200,6737,6744.75,6736.75,6738.75,,6738.75
1761226200,6739.25,6766,6736,6758,6758,6758
1761228000,6758.25,6762,6739,6752,6752,6752
1761229800,6752,6762.25,6747.5,6760.5,6760.5,6760.5
1761231600,6760.5,6761.5,6749,6758.75,6758.75,6758.75
1761233400,6758.5,6765.5,6745.25,6761,6761,6761
1761235200,6760.75,6769.5,6759.75,6763.75,6763.75,6763.75
1761237000,6763.75,6774,6763.25,6772.75,6772.75,6772.75
1761238800,6773,6775,6762.5,6768.5,6768.5,6768.5
1761240600,6768.5,6783.5,6768.25,6782.25,6782.25,6782.25
1761242400,6782.5,6784,6776.75,6783.5,6783.5,6783.5
1761244200,6783.5,6785.75,6781.5,6784,6784,6784
1761246000,6784,6785.75,6781,6783.25,6783.25,6783.25
1761247800,6783,6783,6771.5,6774.75,6774.75,6774.75
1761249600,6774.5,6778.25,6773.5,6775,,6775
1761312600,6820.75,6835,6812.5,6829.5,6829.5,6829.5
1761314400,6830,6835.5,6823.75,6824.25,6824.25,6824.25
1761316200,6824,6833,6815.25,6823,6823,6823
1761318000,6823,6841.25,6821,6838,6838,6838
1761319800,6838.25,6841,6831.5,6835.75,6835.75,6835.75
1761321600,6835.75,6841.25,6834.75,6835.5,6835.5,6835.5
1761323400,6835.25,6839,6828.25,6836,6836,6836
1761325200,6835.75,6838.75,6832.75,6837,6837,6837
1761327000,6837,6840.75,6835.75,6836.75,6836.75,6836.75
1761328800,6836.75,6839.75,6834.75,6837.75,6837.75,6837.75
1761330600,6837.75,6839.5,6833.25,6838,6838,6838
1761332400,6837.75,6841,6836.5,6838.25,6838.25,6838.25
1761334200,6838.5,6838.75,6823.75,6827.25,6827.25,6827.25
1761336000,6827.25,6829.25,6824.25,6825.5,,6825.5
1761571800,6883,6889,6877,6886.75,6886.75,6886.75
1761573600,6886.75,6892.5,6879.75,6886.5,6886.5,6886.5
1761575400,6886.5,6889.75,6881.5,6883,6883,6883
1761577200,6883,6889.75,6881.25,6889.75,6889.75,6889.75
1761579000,6889.5,6892.25,6888,6890.25,6890.25,6890.25
1761580800,6890.25,6893.75,6889.75,6891.25,6891.25,6891.25
1761582600,6891.25,6895,6891,6893.75,6893.75,6893.75
1761584400,6893.75,6894.25,6887.75,6890.5,6890.5,6890.5
1761586200,6890.5,6896,6889.25,6895.5,6895.5,6895.5
1761588000,6895.75,6895.75,6893.75,6894.5,6894.5,6894.5
1761589800,6894.75,6898.75,6894.75,6897.5,6897.5,6897.5
1761591600,6897.5,6899.25,6896.25,6898.75,6898.75,6898.75
1761593400,6898.75,6911.75,6898,6907.5,6907.5,6907.5
1761595200,6907.5,6912,6907,6910,,6910
1761658200,6925.75,6927.25,6906.75,6911.5,6911.5,6911.5
1761660000,6911.5,6916.75,6910,6916.5,6916.5,6916.5
1761661800,6916.25,6919,6911,6913.75,6913.75,6913.75
1761663600,6914,6917.5,6908.5,6910.25,6910.25,6910.25
1761665400,6910.25,6911.25,6903,6911,6911,6911
1761667200,6910.75,6917.5,6910.75,6917.25,6917.25,6917.25
1761669000,6917.25,6930,6916,6924.25,6924.25,6924.25
1761670800,6924.5,6929.25,6924,6925.75,6925.75,6925.75
1761672600,6925.75,6932.5,6924,6931.5,6931.5,6931.5
1761674400,6931.75,6939.75,6931,6936.25,6936.25,6936.25
1761676200,6936,6937.5,6933.25,6937,6937,6937
1761678000,6937,6944.75,6933.5,6942.5,6942.5,6942.5
1761679800,6942.5,6942.75,6924.25,6925.5,6925.5,6925.5
1761681600,6925.5,6927.75,6921.5,6924,,6924
1761744600,6942,6951.75,6936.25,6950.75,6950.75,6950.75
1761746400,6950.75,6952,6938.75,6944.75,6944.75,6944.75
1761748200,6944.5,6946,6932.5,6938,6938,6938
1761750000,6938.25,6942.75,6935,6937.5,6937.5,6937.5
1761751800,6937.5,6938.25,6932.75,6934.75,6934.75,6934.75
1761753600,6934.75,6940,6929.75,6939,6939,6939
1761755400,6939.25,6942.5,6937.5,6940,6940,6940
1761757200,6939.75,6942.5,6931.5,6933.75,6933.75,6933.75
1761759000,6933.5,6940,6930.5,6935,6935,6935
1761760800,6935.5,6944.5,6927.75,6934.75,6934.75,6934.75
1761762600,6934.75,6942.5,6882.25,6914.75,6914.75,6914.75
1761764400,6914.75,6923.5,6898.5,6908.25,6908.25,6908.25
1761766200,6908.5,6928.75,6895,6928,6928,6928
1761768000,6928,6945.5,6905.5,6921.5,,6921.5
1761831000,6893,6910.75,6867.75,6904.25,6904.25,6904.25
1761832800,6904,6913.75,6886.25,6888.5,6888.5,6888.5
1761834600,6888.5,6911.75,6888,6898.25,6898.25,6898.25
1761836400,6898.25,6909.5,6898,6902.25,6902.25,6902.25
1761838200,6902,6903.5,6883.75,6887.75,6887.75,6887.75
1761840000,6887.75,6905.75,6886,6903.5,6903.5,6903.5
1761841800,6903.75,6903.75,6889.5,6898.25,6898.25,6898.25
1761843600,6898.25,6900,6884,6898,6898,6898
1761845400,6898,6900.5,6890,6898.25,6898.25,6898.25
1761847200,6898,6898.25,6879.25,6883,6883,6883
1761849000,6883.25,6889,6875.25,6877.5,6877.5,6877.5
1761850800,6877.25,6878.25,6857,6866.5,6866.5,6866.5
1761852600,6866.75,6874,6852.5,6853.75,6853.75,6853.75
1761854400,6853.75,6877.75,6851,6874.75,,6874.75
1761917400,6902,6902.5,6880,6886.25,6886.25,6886.25
1761919200,6886.25,6888.25,6873.75,6884.25,6884.25,6884.25
1761921000,6884.25,6899.5,6882.75,6896.5,6896.5,6896.5
1761922800,6896.5,6899.5,6887.75,6889,6889,6889
1761924600,6889.25,6893.5,6872.5,6873.5,6873.5,6873.5
1761926400,6873.75,6875.25,6856.5,6869.25,6869.25,6869.25
1761928200,6869.25,6876.25,6852.5,6855,6855,6855
1761930000,6855,6859.25,6843.5,6849.25,6849.25,6849.25
1761931800,6849.5,6866.5,6845.5,6860.5,6860.5,6860.5
1761933600,6860.25,6876,6859.5,6874.75,6874.75,6874.75
1761935400,6874.75,6879.25,6868.75,6878,6878,6878
1761937200,6878,6894.75,6874.5,6893,6893,6893
1761939000,6893,6900,6871.75,6872,6872,6872
1761940800,6872,6874.75,6867.75,6872,,6872
1762180200,6908.25,6909.5,6872.25,6875.75,6875.75,6875.75
1762182000,6876.25,6880.5,6852.75,6854.75,6854.75,6854.75
1762183800,6854.75,6878.5,6849.5,6874.25,6874.25,6874.25
1762185600,6874.25,6879.25,6868.75,6871,6871,6871
1762187400,6871.25,6886.75,6870,6884.75,6884.75,6884.75
1762189200,6884.75,6889.75,6874.75,6878.25,6878.25,6878.25
1762191000,6878.25,6890.5,6878,6889.25,6889.25,6889.25
1762192800,6889.25,6893,6886,6887.25,6887.25,6887.25
1762194600,6887,6893.25,6885,6886.75,6886.75,6886.75
1762196400,6886.75,6889.5,6881.5,6883.75,6883.75,6883.75
1762198200,6883.5,6887.5,6876.5,6885,6885,6885
1762200000,6885,6887.5,6881.25,6882.75,6882.75,6882.75
1762201800,6882.75,6885.75,6875.75,6885.25,6885.25,6885.25
1762203600,6885.25,6892.5,6882.25,6885.75,,6885.75
1762266600,6810.25,6837.75,6795.75,6836.5,6836.5,6836.5
1762268400,6836.25,6846,6833,6842.75,6842.75,6842.75
1762270200,6843,6849.25,6825.75,6831.25,6831.25,6831.25
1762272000,6831.25,6838,6825,6831.75,6831.75,6831.75
1762273800,6831.75,6836,6824,6831.5,6831.5,6831.5
1762275600,6831.75,6831.75,6806,6818.5,6818.5,6818.5
1762277400,6818.5,6821.75,6806.25,6809.25,6809.25,6809.25
1762279200,6809.25,6810.5,6798.75,6801.75,6801.75,6801.75
1762281000,6801.5,6813.25,6796.25,6810.5,6810.5,6810.5
1762282800,6810.25,6816,6805.5,6812,6812,6812
1762284600,6812,6813,6794.75,6801.25,6801.25,6801.25
1762286400,6801.25,6811.75,6799.5,6809.5,6809.5,6809.5
1762288200,6809.5,6815,6795.75,6803.5,6803.5,6803.5
1762290000,6803.5,6806.5,6800.5,6803.25,,6803.25
1762353000,6798.5,6824.5,6789.75,6822,6822,6822
1762354800,6821.75,6829.5,6809.5,6822.75,6822.75,6822.75
1762356600,6822.75,6831.25,6817.75,6827,6827,6827
1762358400,6827.25,6832.5,6816,6831.5,6831.5,6831.5
1762360200,6831.25,6846.5,6829.25,6842.5,6842.5,6842.5
1762362000,6842.5,6850,6839,6849.5,6849.5,6849.5
1762363800,6849.5,6857.75,6848,6851,6851,6851
1762365600,6851,6856,6849,6853,6853,6853
1762367400,6853,6857.5,6851,6855.5,6855.5,6855.5
1762369200,6855.25,6855.25,6846.25,6851.25,6851.25,6851.25
1762371000,6851,6854.25,6850,6851.25,6851.25,6851.25
1762372800,6851.25,6854.5,6845.75,6846.75,6846.75,6846.75
1762374600,6846.5,6848,6823,6824.25,6824.25,6824.25
1762376400,6824.25,6830.75,6820,6822.25,,6822.25
1762439400,6812.25,6821.5,6788,6788.5,6788.5,6788.5
1762441200,6788.5,6800.75,6772,6792.75,6792.75,6792.75
1762443000,6792.5,6794,6754.25,6756.25,6756.25,6756.25
1762444800,6756,6766.75,6748.75,6760.5,6760.5,6760.5
1762446600,6760.75,6760.75,6736.75,6738.75,6738.75,6738.75
1762448400,6738.75,6758,6733.5,6742.25,6742.25,6742.25
1762450200,6742.25,6762.5,6739.25,6757.75,6757.75,6757.75
1762452000,6757.75,6761.5,6738,6756.25,6756.25,6756.25
1762453800,6756,6769,6755.75,6762,6762,6762
1762455600,6762.25,6782.5,6759.5,6781,6781,6781
1762457400,6781,6784.5,6767.25,6777,6777,6777
1762459200,6776.75,6780.75,6769.5,6770.25,6770.25,6770.25
1762461000,6770.25,6774.25,6742.5,6750,6750,6750
1762462800,6750.25,6760,6748.75,6759.75,,6759.75
1762525800,6723.5,6723.75,6687.25,6706.5,6706.5,6706.5
1762527600,6706.75,6716.25,6683.5,6703.25,6703.25,6703.25
1762529400,6703.25,6707,6676.25,6677,6677,6677
1762531200,6677,6684,6666.25,6672.25,6672.25,6672.25
1762533000,6672,6677.75,6657,6663.25,6663.25,6663.25
1762534800,6663.25,6686.5,6655.5,6679.5,6679.5,6679.5
1762536600,6679.5,6684.5,6664,6683.25,6683.25,6683.25
1762538400,6683,6699.75,6679.75,6697.25,6697.25,6697.25
1762540200,6697.25,6705,6686,6700.25,6700.25,6700.25
1762542000,6700,6710.75,6696,6708.75,6708.75,6708.75
1762543800,6708.75,6744,6708.75,6743.25,6743.25,6743.25
1762545600,6743.25,6744.75,6723.25,6730.75,6730.75,6730.75
1762547400,6730.75,6755.5,6730.75,6753.25,6753.25,6753.25
1762549200,6753.5,6762.5,6753.25,6760.5,,6760.5
1762785000,6815.75,6835.5,6813.5,6829,6829,6829
1762786800,6828.75,6835.75,6824.75,6832,6832,6832
1762788600,6832,6833,6804.5,6805.5,6805.5,6805.5
1762790400,6805.5,6811,6795,6798,6798,6798
1762792200,6798.25,6809.5,6792.75,6809,6809,6809
1762794000,6809.25,6822,6807.25,6817.5,6817.5,6817.5
1762795800,6817.75,6840.75,6817.75,6837.75,6837.75,6837.75
1762797600,6837.75,6844.25,6836.75,6838.5,6838.5,6838.5
1762799400,6838.5,6849,6838.5,6842.25,6842.25,6842.25
1762801200,6842.5,6853.25,6842,6851.5,6851.5,6851.5
1762803000,6851.25,6860.5,6849,6856.5,6856.5,6856.5
1762804800,6856.5,6864.75,6855,6856.75,6856.75,6856.75
1762806600,6856.5,6865.75,6854,6857,6857,6857
1762808400,6857,6863.25,6855.75,6862.25,,6862.25
1762871400,6842.5,6852,6837.5,6850.5,6850.5,6850.5
1762873200,6850.5,6850.5,6831.5,6837.75,6837.75,6837.75
1762875000,6837.75,6840.25,6830.5,6834.75,6834.75,6834.75
1762876800,6834.5,6851,6833.75,6836.5,6836.5,6836.5
1762878600,6836.5,6846.25,6830.75,6841,6841,6841
1762880400,6841,6857.5,6840.25,6854,6854,6854
1762882200,6854,6866.25,6853,6864.75,6864.75,6864.75
1762884000,6864.75,6876.5,6864,6873.25,6873.25,6873.25
1762885800,6873,6876.75,6865.25,6875.75,6875.75,6875.75
1762887600,6875.75,6877,6868.25,6875.25,6875.25,6875.25
1762889400,6875.25,6878,6870.75,6875,6875,6875
1762891200,6875,6879.25,6871.25,6872.5,6872.5,6872.5
1762893000,6872.5,6879.75,6866.75,6872.75,6872.75,6872.75
1762894800,6872.75,6878.75,6869.25,6878.5,,6878.5
1762957800,6891.25,6892.75,6873.75,6880,6880,6880
1762959600,6880,6885.25,6871,6875,6875,6875
1762961400,6875,6875.5,6860.75,6866.25,6866.25,6866.25
1762963200,6866.5,6868.25,6854.25,6866.75,6866.75,6866.75
1762965000,6866.75,6872.75,6852,6860.25,6860.25,6860.25
1762966800,6860.25,6870.5,6858,6867.25,6867.25,6867.25
1762968600,6867.25,6881.25,6866.25,6879.25,6879.25,6879.25
1762970400,6879,6881.75,6873,6877.75,6877.75,6877.75
1762972200,6877.5,6884.25,6875,6878.75,6878.75,6878.75
1762974000,6878.75,6880.5,6867.5,6870,6870,6870
1762975800,6870,6875.25,6865,6870.5,6870.5,6870.5
1762977600,6870.5,6877,6863.5,6876,6876,6876
1762979400,6876.25,6884,6869.5,6876,6876,6876
1762981200,6876.25,6881,6876,6879,,6879
1763044200,6847.25,6849.25,6817,6829.5,6829.5,6829.5
1763046000,6829.5,6850.5,6821.25,6831,6831,6831
1763047800,6831,6832,6794.5,6805.75,6805.75,6805.75
1763049600,6806,6809.25,6790.75,6798.5,6798.5,6798.5
1763051400,6798.5,6807.5,6783.25,6793,6793,6793
1763053200,6793,6802.75,6784.5,6800.25,6800.25,6800.25
1763055000,6800,6806,6780.75,6782.5,6782.5,6782.5
1763056800,6782.5,6788.75,6767,6769.5,6769.5,6769.5
1763058600,6769.25,6770.25,6756,6767.75,6767.75,6767.75
1763060400,6767.75,6776.75,6756.75,6776.5,6776.5,6776.5
1763062200,6776.25,6777.5,6746,6758,6758,6758
1763064000,6758,6761.5,6746,6757.25,6757.25,6757.25
1763065800,6757.25,6771.5,6748.5,6762,6762,6762
1763067600,6762,6776.75,6761.5,6776.75,,6776.75
1763130600,6692,6726.5,6670.5,6725,6725,6725
1763132400,6725,6738,6707.25,6736.25,6736.25,6736.25
1763134200,6736.25,6766.75,6729.75,6761,6761,6761
1763136000,6760.75,6787.5,6747.25,6782.75,6782.75,6782.75
1763137800,6782.75,6788.75,6770,6786,6786,6786
1763139600,6785.75,6795.25,6780.5,6789.25,6789.25,6789.25
1763141400,6789.5,6795.5,6770,6779.25,6779.25,6779.25
1763143200,6779.25,6782.25,6760,6770,6770,6770
1763145000,6769.75,6776.5,6753.5,6771.25,6771.25,6771.25
1763146800,6771,6783,6761.25,6778.75,6778.75,6778.75
1763148600,6778.75,6787.5,6774.5,6785,6785,6785
1763150400,6785,6789.75,6760.5,6765,6765,6765
1763152200,6764.75,6769.75,6750,6758,6758,6758
1763154000,6758,6765.75,6750.75,6764.25,,6764.25
1763389800,6734.25,6774.75,6726.5,6765,6765,6765
1763391600,6765.25,6769.5,6742,6758.25,6758.25,6758.25
1763393400,6758,6761.5,6738.25,6744.5,6744.5,6744.5
1763395200,6744.5,6747.25,6714.75,6742,6742,6742
1763397000,6742.25,6767.25,6740.75,6767,6767,6767
1763398800,6767,6767.5,6754.5,6760.75,6760.75,6760.75
1763400600,6761,6763.5,6728.75,6729.5,6729.5,6729.5
1763402400,6729.5,6732.25,6719.5,6724.25,6724.25,6724.25
1763404200,6724.25,6736.25,6702,6702.75,6702.75,6702.75
1763406000,6702.75,6706.25,6686.5,6695.25,6695.25,6695.25
1763407800,6695.25,6698.5,6663.75,6664.5,6664.5,6664.5
1763409600,6664.25,6677.5,6658.5,6674.5,6674.5,6674.5
1763411400,6674.5,6694.75,6667.75,6693.75,6693.75,6693.75
1763413200,6693.75,6701,6692.75,6700,,6700
1763476200,6656.75,6679,6621.5,6622,6622,6622
1763478000,6622,6638.75,6603.25,6626.5,6626.5,6626.5
1763479800,6626.5,6637.75,6606.75,6607.5,6607.5,6607.5
1763481600,6607.5,6654.5,6594,6651.5,6651.5,6651.5
1763483400,6651.75,6659.75,6642.75,6647.25,6647.25,6647.25
1763485200,6647.25,6654.5,6621,6621.75,6621.75,6621.75
1763487000,6621.75,6679.75,6614.75,6672.75,6672.75,6672.75
1763488800,6673,6680.5,6666.75,6669.25,6669.25,6669.25
1763490600,6669.25,6687.5,6663,6666.25,6666.25,6666.25
1763492400,6666.25,6678.5,6661.5,6665.25,6665.25,6665.25
1763494200,6665.25,6685.5,6660.25,6680,6680,6680
1763496000,6680,6685.5,6650.75,6660.25,6660.25,6660.25
1763497800,6660,6663.75,6636.5,6637.5,6637.5,6637.5
1763499600,6637.75,6638.5,6624.75,6633.25,,6633.25
1763562600,6642.5,6693.75,6635.75,6691.75,6691.75,6691.75
1763564400,6692,6709,6689.25,6697.75,6697.75,6697.75
1763566200,6698,6701,6661,6664.75,6664.75,6664.75
1763568000,6664.5,6670.25,6647.75,6655,6655,6655
1763569800,6655.25,6661,6642.5,6660,6660,6660
1763571600,6660,6664.75,6637,6646.75,6646.75,6646.75
1763573400,6646.75,6654.5,6622,6648.5,6648.5,6648.5
1763575200,6648.5,6661.5,6644.5,6645.25,6645.25,6645.25
1763577000,6645.25,6668.25,6642.75,6660.75,6660.75,6660.75
1763578800,6661,6663.5,6629.75,6633.25,6633.25,6633.25
1763580600,6633,6655.25,6628.25,6647.75,6647.75,6647.75
1763582400,6647.75,6679.5,6645.25,6670.5,6670.5,6670.5
1763584200,6670.5,6683.5,6652.75,6661.75,6661.75,6661.75
1763586000,6661.5,6665,6652.25,6664,,6664
1763649000,6765,6786,6760.25,6784.5,6784.5,6784.5
1763650800,6784.75,6790,6763,6783.75,6783.75,6783.75
1763652600,6783.75,6791.25,6762.75,6763,6763,6763
1763654400,6763.25,6763.5,6708.25,6713.5,6713.5,6713.5
1763656200,6713.5,6716.5,6628,6636,6636,6636
1763658000,6636,6658,6600,6619.75,6619.75,6619.75
1763659800,6619.75,6629.5,6588.25,6606.5,6606.5,6606.5
1763661600,6606.75,6654,6601,6629.25,6629.25,6629.25
1763663400,6629.25,6634,6575,6584.25,6584.25,6584.25
1763665200,6584.25,6609.25,6572.25,6604,6604,6604
1763667000,6604,6617,6586,6615,6615,6615
1763668800,6615,6615.25,6587.5,6596,6596,6596
1763670600,6596,6599.5,6552.5,6558.75,6558.75,6558.75
1763672400,6558.75,6562.25,6550.5,6557,,6557
1763735400,6581.5,6596,6562.5,6576.25,6576.25,6576.25
1763737200,6576.5,6590.5,6554.5,6562,6562,6562
1763739000,6561.75,6575,6539,6558.5,6558.5,6558.5
1763740800,6558.5,6591,6541.75,6590.25,6590.25,6590.25
1763742600,6590.5,6638.5,6583.5,6638,6638,6638
1763744400,6637.75,6643.5,6625,6635.5,6635.5,6635.5
1763746200,6635.5,6647,6628.5,6633.25,6633.25,6633.25
1763748000,6633.5,6636.5,6600.25,6615.25,6615.25,6615.25
1763749800,6615.25,6672.75,6611.75,6654,6654,6654
1763751600,6654.25,6677.5,6653,6674,6674,6674
1763753400,6674.25,6677,6641.5,6649.5,6649.5,6649.5
1763755200,6649.25,6654,6627.75,6627.75,6627.75,6627.75
1763757000,6627.75,6644.25,6614,6622.5,6622.5,6622.5
1763758800,6622.5,6631.75,6621,6627,,6627
1763994600,6657.75,6686.75,6646.75,6671.25,6671.25,6671.25
1763996400,6671.25,6689,6670.25,6686.25,6686.25,6686.25
1763998200,6686,6703.75,6680.75,6696.75,6696.75,6696.75
1764000000,6697,6715.5,6696.75,6711.25,6711.25,6711.25
1764001800,6711,6716.25,6703.5,6706.25,6706.25,6706.25
1764003600,6706.25,6715,6700.25,6713.25,6713.25,6713.25
1764005400,6713,6725.25,6710.75,6722,6722,6722
1764007200,6722.25,6729,6722.25,6723.25,6723.25,6723.25
1764009000,6723.5,6726.75,6719,6723.75,6723.75,6723.75
1764010800,6723.75,6729.5,6719.25,6720.5,6720.5,6720.5
1764012600,6720.5,6721.5,6710,6714.5,6714.5,6714.5
1764014400,6714.5,6726.5,6714.5,6720.5,6720.5,6720.5
1764016200,6720.5,6731.75,6717.25,6718.75,6718.75,6718.75
1764018000,6718.5,6726,6715.75,6723.5,,6723.5
1764081000,6716.5,6730,6674.5,6718.25,6718.25,6718.25
1764082800,6718.75,6719,6689,6716,6716,6716
1764084600,6716,6740.75,6714.5,6728.5,6728.5,6728.5
1764086400,6728.5,6740,6718.5,6734.25,6734.25,6734.25
1764088200,6734.25,6749.75,6732.5,6747.5,6747.5,6747.5
1764090000,6747.5,6769.5,6747.25,6763.75,6763.75,6763.75
1764091800,6763.75,6774.25,6762,6763.75,6763.75,6763.75
1764093600,6763.75,6771,6762.75,6771,6771,6771
1764095400,6771,6774.5,6766.25,6769,6769,6769
1764097200,6769.25,6770.5,6757.5,6763.5,6763.5,6763.5
1764099000,6763.5,6771.5,6755,6769.75,6769.75,6769.75
1764100800,6769.75,6778.25,6769.5,6775.25,6775.25,6775.25
1764102600,6775.5,6792.5,6775,6780.25,6780.25,6780.25
1764104400,6780.25,6784.25,6778.5,6782.75,,6782.75
1764167400,6805,6824,6800,6802,6802,6802
1764169200,6802,6814.5,6795.75,6810.25,6810.25,6810.25
1764171000,6810.25,6825,6809.5,6824.5,6824.5,6824.5
1764172800,6824.75,6838,6823.75,6834.5,6834.5,6834.5
1764174600,6834.5,6846.5,6832,6843,6843,6843
1764176400,6842.75,6845,6833.5,6838.75,6838.75,6838.75
1764178200,6838.5,6846.75,6838,6840.5,6840.5,6840.5
1764180000,6840.5,6845,6826.75,6840.5,6840.5,6840.5
1764181800,6840.75,6840.75,6825,6833,6833,6833
1764183600,6833.25,6842.25,6830.5,6841.5,6841.5,6841.5
1764185400,6841.75,6843.25,6834,6838,6838,6838
1764187200,6838,6845.25,6835,6841,6841,6841
1764189000,6841.25,6843,6825.25,6825.25,6825.25,6825.25
1764190800,6825.5,6833.25,6825,6830.25,,6830.25
1764340200,6834.25,6844.25,6831.25,6838.5,6838.5,6838.5
1764342000,6838.75,6850,6836.5,6843.25,6843.25,6843.25
1764343800,6843.25,6852.5,6842.5,6851,6851,6851
1764345600,6851,6856,6842.5,6848,6848,6848
1764347400,6848.25,6856,6844.25,6854.25,6854.25,6854.25
1764349200,6854.5,6856.75,6849,6850,6850,6850
1764351000,6849.75,6863.75,6845.25,6860.5,6860.5,6860.5
1764352800,6860.25,6863.5,6855.25,6857.25,6857.25,6857.25
1764599400,6813.5,6844.25,6812.75,6839.75,6839.75,6839.75
1764601200,6840.25,6843.25,6821,6823.75,6823.75,6823.75
1764603000,6823.75,6844,6813.75,6842.25,6842.25,6842.25
1764604800,6842.25,6843.5,6826.75,6836.25,6836.25,6836.25
1764606600,6836.5,6850,6836,6845,6845,6845
1764608400,6845,6850.75,6838.5,6845.75,6845.75,6845.75
1764610200,6845.5,6853.5,6843,6846,6846,6846
1764612000,6846,6853.5,6845.25,6850.5,6850.5,6850.5
1764613800,6850.5,6855.75,6850.5,6853.75,6853.75,6853.75
1764615600,6854,6854.25,6830.5,6831.5,6831.5,6831.5
1764617400,6831.75,6836.5,6823.75,6827.75,6827.75,6827.75
1764619200,6827.5,6835.75,6825.75,6832.5,6832.5,6832.5
1764621000,6832.75,6836.25,6819.25,6829,6829,6829
1764622800,6829,6830,6824.75,6825.75,,6825.75
1764685800,6844.25,6854.75,6839.75,6848.25,6848.25,6848.25
1764687600,6848.25,6857.75,6838.75,6840.75,6840.75,6840.75
1764689400,6840.5,6862,6833.25,6860.25,6860.25,6860.25
1764691200,6860.25,6863.5,6821.25,6824.75,6824.75,6824.75
1764693000,6824.5,6837.5,6818,6830.5,6830.5,6830.5
1764694800,6830.5,6851.25,6829.5,6849.25,6849.25,6849.25
1764696600,6849.25,6853.25,6826,6826.25,6826.25,6826.25
1764698400,6826,6840.75,6824.25,6835.25,6835.25,6835.25
1764700200,6835,6838.5,6826.75,6835.75,6835.75,6835.75
1764702000,6835.5,6844.25,6832.25,6838.5,6838.5,6838.5
1764703800,6838.5,6850.75,6837.75,6848,6848,6848
1764705600,6848.25,6851.75,6844.75,6849.75,6849.75,6849.75
1764707400,6849.5,6853.5,6838,6839.25,6839.25,6839.25
1764709200,6839.25,6842.25,6838,6840,,6840
1764772200,6829.25,6838.75,6820.25,6832.75,6832.75,6832.75
1764774000,6832.75,6847.25,6831,6840.5,6840.5,6840.5
1764775800,6840.25,6853.5,6837,6847,6847,6847
1764777600,6847,6853.75,6840.25,6847.75,6847.75,6847.75
1764779400,6847.75,6859.5,6840,6845.75,6845.75,6845.75
1764781200,6846,6861,6844.75,6859.5,6859.5,6859.5
1764783000,6859.5,6865,6856.5,6863,6863,6863
1764784800,6862.75,6866,6858.75,6863.5,6863.5,6863.5
1764786600,6863.5,6869.25,6861.75,6863,6863,6863
1764788400,6863,6868.5,6862.25,6867.25,6867.25,6867.25
1764790200,6867.25,6871.75,6865.5,6870.25,6870.25,6870.25
1764792000,6870.25,6873.25,6865.75,6869.25,6869.25,6869.25
1764793800,6869,6870,6859.25,6862.5,6862.5,6862.5
1764795600,6862.5,6865,6861.5,6864.25,,6864.25
1764858600,6876.25,6876.75,6850.25,6853.5,6853.5,6853.5
1764860400,6853.5,6861.25,6844.5,6858.75,6858.75,6858.75
1764862200,6859,6868.75,6854.25,6855.75,6855.75,6855.75
1764864000,6856,6860.5,6845,6856.5,6856.5,6856.5
1764865800,6856.25,6868.75,6851.5,6867.25,6867.25,6867.25
1764867600,6867,6868.75,6856.5,6863.25,6863.25,6863.25
1764869400,6863.5,6868,6859,6866,6866,6866
1764871200,6866,6871,6857.75,6870,6870,6870
1764873000,6869.75,6870.75,6862.25,6864.25,6864.25,6864.25
1764874800,6864.25,6865.5,6836.25,6844.75,6844.75,6844.75
1764876600,6845,6862.75,6842.75,6855.5,6855.5,6855.5
1764878400,6855.25,6857.5,6846,6850.5,6850.5,6850.5
1764880200,6850.5,6869,6850,6867.5,6867.5,6867.5
1764882000,6867.25,6868.5,6864,6865.75,,6865.75
1764945000,6875.25,6891.25,6874,6889.75,6889.75,6889.75
1764946800,6889.75,6904,6888,6899.75,6899.75,6899.75
1764948600,6899.75,6905,6883.25,6887.5,6887.5,6887.5
1764950400,6887.5,6892.25,6877.75,6880.5,6880.5,6880.5
1764952200,6880.25,6887.25,6870.5,6880.75,6880.75,6880.75
1764954000,6880.75,6883.5,6873.25,6874.5,6874.5,6874.5
1764955800,6874.75,6885,6866.5,6883.5,6883.5,6883.5
1764957600,6883.25,6888,6875.75,6886.25,6886.25,6886.25
1764959400,6886.25,6890.5,6881.5,6882.5,6882.5,6882.5
1764961200,6882.75,6885,6877.25,6880.25,6880.25,6880.25
1764963000,6880.25,6884.5,6876.25,6883.25,6883.25,6883.25
1764964800,6883.25,6883.75,6876.5,6881,6881,6881
1764966600,6880.75,6880.75,6866.75,6876.75,6876.75,6876.75
1764968400,6876.75,6881.5,6876.25,6880.25,,6880.25
1765204200,6885.75,6886.25,6869.25,6874,6874,6874
1765206000,6873.75,6877.25,6858,6865,6865,6865
1765207800,6864.75,6869.75,6855.25,6856.25,6856.25,6856.25
1765209600,6856.5,6860.75,6848.5,6860.5,6860.5,6860.5
1765211400,6860.25,6860.75,6849.75,6853.25,6853.25,6853.25
1765213200,6853.25,6853.25,6841.25,6846.25,6846.25,6846.25
1765215000,6846.25,6862.75,6845.25,6860.75,6860.75,6860.75
1765216800,6860.75,6863.5,6847.75,6848,6848,6848
1765218600,6847.75,6851,6835.25,6841,6841,6841
1765220400,6841,6845.75,6836.25,6842,6842,6842
1765222200,6841.75,6848,6841,6843,6843,6843
1765224000,6843,6847.25,6841.25,6846,6846,6846
1765225800,6846,6857.75,6840,6856.5,6856.5,6856.5
1765227600,6856.25,6857.5,6853,6854.75,,6854.75
1765290600,6850.5,6864.5,6847.25,6863,6863,6863
1765292400,6863.25,6868.5,6856.25,6861,6861,6861
1765294200,6861,6864.75,6854.5,6864,6864,6864
1765296000,6863.75,6872.25,6863.25,6866.75,6866.75,6866.75
1765297800,6867,6872.75,6864,6868.75,6868.75,6868.75
1765299600,6868.5,6872.5,6861.5,6865.5,6865.5,6865.5
1765301400,6865.5,6867.5,6855,6861.75,6861.75,6861.75
1765303200,6861.5,6864,6857.75,6861.25,6861.25,6861.25
1765305000,6861.5,6862.5,6852.5,6859.5,6859.5,6859.5
1765306800,6859.5,6860.25,6855,6856,6856,6856
1765308600,6856.25,6857,6850.75,6855.25,6855.25,6855.25
1765310400,6855,6857.5,6851.5,6851.75,6851.75,6851.75
1765312200,6851.75,6854.75,6844.5,6849.25,6849.25,6849.25
1765314000,6849.5,6850,6845.25,6846.75,,6846.75
1765377000,6843.5,6851,6830.75,6849,6849,6849
1765378800,6849,6852.5,6845,6847.5,6847.5,6847.5
1765380600,6847.5,6850,6834.25,6840.25,6840.25,6840.25
1765382400,6840,6856.5,6832.25,6855.25,6855.25,6855.25
1765384200,6855,6856.25,6847.75,6853.75,6853.75,6853.75
1765386000,6853.5,6854.75,6847.25,6849.25,6849.25,6849.25
1765387800,6849.25,6860,6847,6856.25,6856.25,6856.25
1765389600,6856.25,6858.5,6844.75,6846.75,6846.75,6846.75
1765391400,6846.5,6851.5,6842.25,6846.25,6846.25,6846.25
1765393200,6846,6875.25,6844.75,6860,6860,6860
1765395000,6859.75,6898.5,6850.5,6896.75,6896.75,6896.75
1765396800,6896.75,6906.75,6888.75,6899.5,6899.5,6899.5
1765398600,6899.25,6908,6889.5,6892,6892,6892
1765400400,6892.25,6895.25,6885,6891.25,,6891.25
1765463400,6868,6875.25,6839.25,6842.75,6842.75,6842.75
1765465200,6843,6884.75,6838,6879.25,6879.25,6879.25
1765467000,6879.5,6881.5,6857.25,6874,6874,6874
1765468800,6874,6878,6860.5,6862.75,6862.75,6862.75
1765470600,6862.75,6886.5,6862,6871.5,6871.5,6871.5
1765472400,6871.75,6896,6870.5,6890.25,6890.25,6890.25
1765474200,6890.25,6897.25,6886.5,6889.75,6889.75,6889.75
1765476000,6889.5,6898.75,6887.75,6893,6893,6893
1765477800,6893,6903.25,6889.75,6896.25,6896.25,6896.25
1765479600,6896.5,6904.75,6895.25,6903.5,6903.5,6903.5
1765481400,6903.5,6909.25,6902.5,6905.25,6905.25,6905.25
1765483200,6905.25,6908.25,6900.5,6901,6901,6901
1765485000,6900.75,6908.75,6896.5,6908,6908,6908
1765486800,6908,6914.75,6907,6912.75,,6912.75
1765549800,6896.25,6903,6885.75,6889,6889,6889
1765551600,6889,6889.5,6850,6851,6851,6851
1765553400,6851,6869.75,6826.75,6831,6831,6831
1765555200,6830.75,6838.25,6810.25,6826,6826,6826
1765557000,6826,6826.25,6805,6819.25,6819.25,6819.25
1765558800,6819.25,6843.75,6816.75,6828,6828,6828
1765560600,6828,6846,6823.25,6840.25,6840.25,6840.25
1765562400,6840.25,6856.75,6837.25,6852.25,6852.25,6852.25
1765564200,6852.5,6852.75,6838.25,6839.25,6839.25,6839.25
1765566000,6839.25,6840.5,6826,6828.75,6828.75,6828.75
1765567800,6828.75,6836.5,6828.25,6833.5,6833.5,6833.5
1765569600,6833.5,6838.75,6824.5,6827.25,6827.25,6827.25
1765571400,6827.25,6832.5,6814.25,6831.25,6831.25,6831.25
1765573200,6831.5,6836,6829.75,6834.75,,6834.75
1765809000,6871,6871.75,6836.75,6838,6838,6838
1765810800,6838,6839.25,6806.25,6811.75,6811.75,6811.75
1765812600,6811.75,6835,6809,6824.75,6824.75,6824.75
1765814400,6824.75,6844,6819.5,6841.25,6841.25,6841.25
1765816200,6841.25,6842.75,6814.75,6822,6822,6822
1765818000,6822,6826.75,6815.75,6820,6820,6820
1765819800,6819.75,6828,6807.5,6818.5,6818.5,6818.5
1765821600,6818.25,6825.25,6808.5,6813.25,6813.25,6813.25
1765823400,6813.25,6827.5,6809.5,6823.5,6823.5,6823.5
1765825200,6823.5,6828.75,6817.5,6821.75,6821.75,6821.75
1765827000,6821.75,6831.5,6818,6830.5,6830.5,6830.5
1765828800,6830.25,6830.75,6820.5,6824.25,6824.25,6824.25
1765830600,6824.5,6829.5,6819,6820.75,6820.75,6820.75
1765832400,6820.75,6825.75,6819.25,6823.5,,6823.5
1765895400,6861.5,6879.5,6845.75,6877.5,6877.5,6877.5
1765897200,6877.75,6880.5,6832.75,6845.25,6845.25,6845.25
1765899000,6845.25,6863,6838.25,6858.5,6858.5,6858.5
1765900800,6858.5,6862,6836.5,6839.5,6839.5,6839.5
1765902600,6839.75,6853.5,6834.5,6851.5,6851.5,6851.5
1765904400,6851.5,6857.75,6838.25,6841.75,6841.75,6841.75
1765906200,6841.75,6851.25,6821.75,6823.5,6823.5,6823.5
1765908000,6823.5,6829.5,6817.5,6823.5,6823.5,6823.5
1765909800,6823.25,6854.5,6823,6846.5,6846.5,6846.5
1765911600,6846.5,6846.75,6825.75,6837.5,6837.5,6837.5
1765913400,6837.75,6853.5,6836.5,6847,6847,6847
1765915200,6847,6860,6845.25,6859.5,6859.5,6859.5
1765917000,6859.25,6873.25,6855,6855.25,6855.25,6855.25
1765918800,6855.25,6857.25,6850.75,6853,,6853
1765981800,6865.5,6871.25,6841.5,6857.75,6857.75,6857.75
1765983600,6857.75,6862.25,6846,6854.5,6854.5,6854.5
1765985400,6854.25,6857,6804,6810,6810,6810
1765987200,6809.75,6821,6798.5,6810.75,6810.75,6810.75
1765989000,6810.5,6812,6794.5,6806,6806,6806
1765990800,6806,6814.5,6794.75,6805.25,6805.25,6805.25
1765992600,6805.5,6815,6793.5,6801.75,6801.75,6801.75
1765994400,6801.75,6812.5,6793.5,6797,6797,6797
1765996200,6796.75,6799.5,6783.25,6788.5,6788.5,6788.5
1765998000,6788.25,6793.5,6783.25,6787.75,6787.75,6787.75
1765999800,6788,6796.25,6785.25,6794.5,6794.5,6794.5
1766001600,6794.5,6796.5,6785.5,6788.5,6788.5,6788.5
1766003400,6788.5,6793.75,6775.5,6777,6777,6777
1766005200,6776.75,6795,6776.75,6794.5,,6794.5
1766068200,6839.75,6850.25,6820.5,6844.5,6844.5,6844.5
1766070000,6844.5,6855.25,6825,6854.25,6854.25,6854.25
1766071800,6854.25,6870.5,6850.75,6864.75,6864.75,6864.75
1766073600,6864.5,6871.25,6859.75,6862,6862,6862
1766075400,6862,6872,6857.5,6860,6860,6860
1766077200,6859.75,6860,6811.75,6820.75,6820.75,6820.75
1766079000,6820.75,6850.75,6817.5,6847.25,6847.25,6847.25
1766080800,6847.25,6854.5,6839.25,6851.75,6851.75,6851.75
1766082600,6852,6860.75,6843.75,6845.75,6845.75,6845.75
1766084400,6845.75,6846.25,6829.25,6835,6835,6835
1766086200,6834.75,6836.5,6816.25,6820.5,6820.5,6820.5
1766088000,6820.5,6842.25,6817.75,6840.25,6840.25,6840.25
1766089800,6840,6850,6828,6828.5,6828.5,6828.5
1766091600,6828.5,6829.75,6821.25,6821.75,,6821.75
1766154600,6847.25,6881.75,6845.75,6880.5,6880.5,6880.5
1766156400,6880.25,6887.5,6866.75,6874.5,6874.5,6874.5
1766158200,6874.5,6883.75,6869,6872.25,6872.25,6872.25
1766160000,6872.25,6885.5,6868,6884.5,6884.5,6884.5
1766161800,6884.75,6888.25,6876.25,6879.75,6879.75,6879.75
1766163600,6879.5,6891.25,6879,6889.5,6889.5,6889.5
1766165400,6889.25,6893.25,6885.75,6889,6889,6889
1766167200,6889.25,6893.75,6887.25,6890,6890,6890
1766169000,6890,6891.25,6884,6884.75,6884.75,6884.75
1766170800,6884.75,6890.75,6884.5,6888.75,6888.75,6888.75
1766172600,6888.75,6892.75,6887.75,6888.5,6888.5,6888.5
1766174400,6888.75,6891,6886.25,6887.75,6887.75,6887.75
1766176200,6887.75,6890.5,6879.25,6888.5,6888.5,6888.5
1766178000,6888.5,6891.5,6886.25,6889.5,,6889.5
1766413800,6921.75,6927.75,6911.75,6922.25,6922.25,6922.25
1766415600,6922.25,6923.75,6911,6920,6920,6920
1766417400,6920,6922.25,6908.5,6918.5,6918.5,6918.5
1766419200,6918.75,6932.25,6918.5,6929.25,6929.25,6929.25
1766421000,6929.25,6932.25,6926,6932.25,6932.25,6932.25
1766422800,6932.25,6933.5,6927.75,6929,6929,6929
1766424600,6929,6936.25,6928,6934.75,6934.75,6934.75
1766426400,6934.75,6935,6925.75,6929.25,6929.25,6929.25
1766428200,6929.25,6931.25,6926,6927.25,6927.25,6927.25
1766430000,6927.25,6930,6924.5,6929.5,6929.5,6929.5
1766431800,6929.75,6932.5,6928.75,6930.25,6930.25,6930.25
1766433600,6930,6932.75,6928.75,6931.5,6931.5,6931.5
1766435400,6931.5,6933.75,6928.25,6929.5,6929.5,6929.5
1766437200,6929.5,6932.5,6929.5,6931.25,,6931.25
1766500200,6919.25,6943.5,6918.75,6935,6935,6935
1766502000,6934.75,6936.25,6924,6933.25,6933.25,6933.25
1766503800,6933,6946.5,6933,6944.75,6944.75,6944.75
1766505600,6945,6949,6944,6946.25,6946.25,6946.25
1766507400,6946.25,6951.75,6945,6950.75,6950.75,6950.75
1766509200,6950.75,6953.75,6948.25,6952.5,6952.5,6952.5
1766511000,6952.5,6953.75,6949.5,6951.5,6951.5,6951.5
1766512800,6951.5,6959,6951,6957.25,6957.25,6957.25
1766514600,6957.25,6958.75,6956.5,6956.75,6956.75,6956.75
1766516400,6956.75,6961,6956.5,6960.5,6960.5,6960.5
1766518200,6960.75,6961.25,6958.75,6960,6960,6960
1766520000,6960.25,6962.25,6959.5,6960,6960,6960
1766521800,6960,6963.75,6957.75,6960.25,6960.25,6960.25
1766523600,6960.5,6962,6957.75,6957.75,,6957.75
1766586600,6959,6967,6957.25,6965.75,6965.75,6965.75
1766588400,6965.75,6972.25,6965,6971.5,6971.5,6971.5
1766590200,6971.5,6975.25,6969.75,6975,6975,6975
1766592000,6975,6980.25,6973.75,6980,6980,6980
1766593800,6980,6985.5,6979,6984,6984,6984
1766595600,6984,6986.5,6982.25,6985,6985,6985
1766597400,6985,6988,6981,6982.5,6982.5,6982.5
1766599200,6982.25,6983,6976.75,6980,6980,6980
1766759400,6983.5,6994,6979.25,6984.75,6984.75,6984.75
1766761200,6984.75,6985.25,6973,6984,6984,6984
1766763000,6984,6986.75,6980.5,6984.75,6984.75,6984.75
1766764800,6984.75,6986.25,6974,6979.25,6979.25,6979.25
1766766600,6979.5,6980,6974.25,6976.75,6976.75,6976.75
1766768400,6976.5,6978.25,6970.75,6978,6978,6978
1766770200,6978.25,6978.75,6971.5,6974.75,6974.75,6974.75
1766772000,6974.75,6977.25,6969,6973.5,6973.5,6973.5
1766773800,6973.5,6979.75,6973,6978.75,6978.75,6978.75
1766775600,6979,6981.25,6976.25,6977.25,6977.25,6977.25
1766777400,6977,6979.75,6977,6978,6978,6978
1766779200,6978,6980,6977,6978.5,6978.5,6978.5
1766781000,6978.5,6981.5,6977,6980,6980,6980
1766782800,6980,6981,6976.75,6977.75,,6977.75
1767018600,6951.25,6967.75,6947.5,6951.25,6951.25,6951.25
1767020400,6951.25,6956,6943.5,6955,6955,6955
1767022200,6955,6959.75,6944.25,6949.25,6949.25,6949.25
1767024000,6949,6952,6944.75,6947.25,6947.25,6947.25
1767025800,6947,6950.5,6942.25,6946.5,6946.5,6946.5
1767027600,6946.5,6948,6936,6938.25,6938.25,6938.25
1767029400,6938,6946.75,6937.25,6945.5,6945.5,6945.5
1767031200,6945.75,6951.25,6943.5,6949,6949,6949
1767033000,6949.25,6954.75,6947.25,6948,6948,6948
1767034800,6947.75,6950.5,6944.25,6950.5,6950.5,6950.5
1767036600,6950.5,6960.75,6950.25,6959,6959,6959
1767038400,6959.25,6962.5,6957.25,6958.5,6958.5,6958.5
1767040200,6958.25,6961,6950.75,6955,6955,6955
1767042000,6955.25,6956,6952,6954.5,,6954.5
1767105000,6949.75,6960.75,6944,6956,6956,6956
1767106800,6956.25,6957,6942.25,6944.25,6944.25,6944.25
1767108600,6944.25,6952.5,6940.75,6951.5,6951.5,6951.5
1767110400,6951.5,6961.5,6950.25,6958.25,6958.25,6958.25
1767112200,6958.5,6958.75,6947.25,6947.5,6947.5,6947.5
1767114000,6947.5,6949,6943.5,6948.75,6948.75,6948.75
1767115800,6948.5,6952,6946.75,6951.25,6951.25,6951.25
1767117600,6951.25,6953,6947,6952.5,6952.5,6952.5
1767119400,6952.5,6954.25,6949.5,6952.75,6952.75,6952.75
1767121200,6953,6954,6949.25,6953.25,6953.25,6953.25
1767123000,6953,6954.5,6948.25,6950,6950,6950
1767124800,6950,6952,6944.75,6949.75,6949.75,6949.75
1767126600,6950,6953.25,6942.25,6945.25,6945.25,6945.25
1767128400,6945.25,6946.5,6942.75,6945.5,,6945.5
1767191400,6945.25,6947.5,6925.25,6932,6932,6932
1767193200,6932.25,6933.25,6921.5,6927.75,6927.75,6927.75
1767195000,6927.75,6929,6913.75,6915.25,6915.25,6915.25
1767196800,6915.25,6923.25,6915,6923.25,6923.25,6923.25
1767198600,6923.25,6926.75,6919.5,6926,6926,6926
1767200400,6926,6926.75,6918.5,6922.5,6922.5,6922.5
1767202200,6922.5,6925.75,6919,6920.5,6920.5,6920.5
1767204000,6920.5,6926.5,6919.5,6926.5,6926.5,6926.5
1767205800,6926.25,6933.5,6925.25,6931.25,6931.25,6931.25
1767207600,6931,6935.25,6922.5,6923,6923,6923
1767209400,6922.75,6924,6912.25,6913.25,6913.25,6913.25
1767211200,6913.5,6914.25,6897,6899.5,6899.5,6899.5
1767213000,6899.25,6909.25,6890.25,6891.75,6891.75,6891.75
1767214800,6891.75,6897.75,6891.5,6897.5,,6897.5
1767364200,6927.75,6939.25,6911.75,6932.75,6932.75,6932.75
1767366000,6932.75,6939.75,6885.25,6893.75,6893.75,6893.75
1767367800,6894,6915.75,6880.25,6884,6884,6884
1767369600,6884,6893.5,6873,6887.5,6887.5,6887.5
1767371400,6887.25,6895.75,6871.5,6880.25,6880.25,6880.25
1767373200,6880,6894.25,6875,6893.5,6893.5,6893.5
1767375000,6893.75,6897.25,6878.5,6880.75,6880.75,6880.75
1767376800,6880.5,6886.75,6875,6878.5,6878.5,6878.5
1767378600,6878.5,6882.25,6866.75,6873.75,6873.75,6873.75
1767380400,6873.75,6900.5,6872,6898.25,6898.25,6898.25
1767382200,6898.25,6908.75,6897.75,6900.25,6900.25,6900.25
1767384000,6900.5,6906,6897.5,6901.5,6901.5,6901.5
1767385800,6901.25,6903.25,6889.5,6900.25,6900.25,6900.25
1767387600,6900.5,6905.25,6900,6903,,6903
1767623400,6934.25,6947.75,6932.75,6939,6939,6939
1767625200,6939.75,6955.25,6935,6954.25,6954.25,6954.25
1767627000,6954.25,6957.5,6948.5,6952.25,6952.25,6952.25
1767628800,6952,6957.75,6949,6955.25,6955.25,6955.25
1767630600,6955.25,6963.5,6953,6957.75,6957.75,6957.75
1767632400,6958,6960.25,6950.75,6952.5,6952.5,6952.5
1767634200,6952.25,6956.75,6950.75,6954.5,6954.5,6954.5
1767636000,6954.75,6956.5,6945,6952.5,6952.5,6952.5
1767637800,6952.5,6956.75,6951.75,6954.5,6954.5,6954.5
1767639600,6954.5,6956.25,6950,6950.5,6950.5,6950.5
1767641400,6950.5,6951.75,6941.25,6944.75,6944.75,6944.75
1767643200,6944.5,6951,6943.5,6948,6948,6948
1767645000,6948,6949.75,6940,6946,6946,6946
1767646800,6946.25,6946.5,6942.5,6944.5,,6944.5
1767709800,6946.75,6970,6945.5,6969,6969,6969
1767711600,6969.25,6977.25,6968.25,6975.25,6975.25,6975.25
1767713400,6975.25,6975.25,6954.75,6959,6959,6959
1767715200,6958.75,6962.75,6950.5,6958.25,6958.25,6958.25
1767717000,6958,6962.75,6953.75,6962,6962,6962
1767718800,6961.75,6974,6959,6971.75,6971.75,6971.75
1767720600,6971.75,6979,6971.25,6977.75,6977.75,6977.75
1767722400,6977.75,6980.25,6973.5,6977,6977,6977
1767724200,6977,6985.5,6974.5,6985.5,6985.5,6985.5
1767726000,6985.5,6989.75,6984.75,6987.75,6987.75,6987.75
1767727800,6987.5,6990,6986.25,6986.75,6986.75,6986.75
1767729600,6986.75,6990.5,6986.25,6988,6988,6988
1767731400,6988,6991.5,6986.25,6986.25,6986.25,6986.25
1767733200,6986.25,6989,6986,6987,,6987
1767796200,6989,6998.25,6984.25,6992.5,6992.5,6992.5
1767798000,6993,6994.5,6978,6983.5,6983.5,6983.5
1767799800,6983.75,6993,6976.25,6991.75,6991.75,6991.75
1767801600,6992,6995.25,6986,6989.5,6989.5,6989.5
1767803400,6989.25,7002.5,6988.5,7002.25,7002.25,7002.25
1767805200,7002.25,7006.75,7001.5,7003.75,7003.75,7003.75
1767807000,7003.75,7005,6994.75,6997,6997,6997
1767808800,6996.75,6997,6987.25,6988.25,6988.25,6988.25
1767810600,6988,6998.5,6988,6995,6995,6995
1767812400,6995.25,6995.75,6981.25,6983.5,6983.5,6983.5
1767814200,6983.5,6988.5,6982.5,6984.25,6984.25,6984.25
1767816000,6984.25,6985,6967.75,6970,6970,6970
1767817800,6970.25,6970.25,6959.25,6963,6963,6963
1767819600,6962.75,6963.25,6959,6960,,6960
1767882600,6953.75,6958.75,6940,6948.25,6948.25,6948.25
1767884400,6948.25,6966,6944,6962.25,6962.25,6962.25
1767886200,6962.5,6965.5,6950.75,6964.5,6964.5,6964.5
1767888000,6964.5,6965.75,6952.25,6957.25,6957.25,6957.25
1767889800,6957,6967.25,6950.5,6965.5,6965.5,6965.5
1767891600,6965.25,6966.5,6957.5,6959.5,6959.5,6959.5
1767893400,6959.5,6972.5,6959.5,6967.25,6967.25,6967.25
1767895200,6967.25,6968.25,6954,6961.25,6961.25,6961.25
1767897000,6961.25,6964.5,6953.75,6955,6955,6955
1767898800,6955,6960,6949.25,6955.75,6955.75,6955.75
1767900600,6955.75,6960,6952.25,6955.25,6955.25,6955.25
1767902400,6955,6963.25,6953.75,6962.25,6962.25,6962.25
1767904200,6962.5,6967,6959,6960.75,6960.75,6960.75
1767906000,6961,6965.75,6960.5,6964.25,,6964.25
1767969000,6970.25,6987.25,6968.75,6979.5,6979.5,6979.5
1767970800,6979.5,6998.5,6955.75,6996.25,6996.25,6996.25
1767972600,6996.25,6999.75,6977.25,6983.75,6983.75,6983.75
1767974400,6983.75,7001.5,6983.75,6993.5,6993.5,6993.5
1767976200,6993.25,7005.25,6990,7004,7004,7004
1767978000,7003.75,7008.75,7002,7007.25,7007.25,7007.25
1767979800,7007.25,7010,7004.25,7004.5,7004.5,7004.5
1767981600,7004.75,7005,6998.25,7003.25,7003.25,7003.25
1767983400,7003.5,7014,7003.25,7010.25,7010.25,7010.25
1767985200,7010,7013.25,7008.25,7012.75,7012.75,7012.75
1767987000,7013,7017,7011.75,7013.5,7013.5,7013.5
1767988800,7013.75,7017.5,7012.25,7015,7015,7015
1767990600,7014.75,7015.75,7003.25,7004.75,7004.75,7004.75
1767992400,7004.5,7005.75,7002.75,7004,,7004
1768228200,6969.5,7002.75,6968.75,6999.75,6999.75,6999.75
1768230000,7000,7001.75,6993.75,6999.25,6999.25,6999.25
1768231800,6999.25,7004.5,6993,7002.75,7002.75,7002.75
1768233600,7002.75,7010.75,7000.25,7006.25,7006.25,7006.25
1768235400,7006.25,7012.5,7004.5,7009.5,7009.5,7009.5
1768237200,7009.75,7012.25,7006.5,7009.5,7009.5,7009.5
1768239000,7009.25,7011.5,7004.75,7010.5,7010.5,7010.5
1768240800,7010.75,7016,7009.75,7015.25,7015.25,7015.25
1768242600,7015.25,7018,7013.25,7016.25,7016.25,7016.25
1768244400,7016.25,7018.75,7013.5,7017.25,7017.25,7017.25
1768246200,7017.25,7024.5,7017,7024,7024,7024
1768248000,7024,7025.25,7016,7017.5,7017.5,7017.5
1768249800,7017.25,7021.75,7015.75,7016,7016,7016
1768251600,7015.75,7017.5,7015,7016.5,,7016.5
1768314600,7018.5,7024.25,7005,7005.25,7005.25,7005.25
1768316400,7005.25,7008.25,6983.5,6990,6990,6990
1768318200,6989.75,7003.25,6988.25,7000.5,7000.5,7000.5
1768320000,7000.25,7005.75,6986.75,6997.75,6997.75,6997.75
1768321800,6997.5,7015.25,6995.25,7012.25,7012.25,7012.25
1768323600,7012.5,7014.5,7002.25,7008.75,7008.75,7008.75
1768325400,7008.5,7010.25,6988,6992.25,6992.25,6992.25
1768327200,6992,6997.75,6987,6992,6992,6992
1768329000,6992,6999.5,6988.25,6990.75,6990.75,6990.75
1768330800,6991,6993.75,6985,6993,6993,6993
1768332600,6992.75,6995.25,6988.5,6992.5,6992.5,6992.5
1768334400,6992.25,6992.5,6982.5,6983,6983,6983
1768336200,6983,7003.25,6976.75,7000.75,7000.75,7000.75
1768338000,7000.75,7004.25,7000,7001,,7001
1768401000,6972.25,6979.75,6948.25,6949.25,6949.25,6949.25
1768402800,6949.25,6971.25,6938.25,6949.75,6949.75,6949.75
1768404600,6949.5,6952.5,6926.5,6933.5,6933.5,6933.5
1768406400,6933.5,6955.75,6931.5,6953.75,6953.75,6953.75
1768408200,6954,6957,6923.25,6928,6928,6928
1768410000,6927.75,6935.5,6924.25,6933,6933,6933
1768411800,6933,6936.75,6923.75,6928.25,6928.25,6928.25
1768413600,6928.25,6938.5,6927,6938,6938,6938
1768415400,6938,6944.5,6924.75,6943.5,6943.5,6943.5
1768417200,6943.25,6945.5,6938.25,6943.75,6943.75,6943.75
1768419000,6943.75,6948.5,6940,6943.25,6943.25,6943.25
1768420800,6943,6960,6935.5,6954.5,6954.5,6954.5
1768422600,6954.5,6970.25,6949.5,6968,6968,6968
1768424400,6968.25,6970.75,6960.5,6964.5,,6964.5
1768487400,7009,7009.75,6994.5,6998.75,6998.75,6998.75
1768489200,6999,7010,6995.25,7002,7002,7002
1768491000,7002.25,7012,6992.5,7007.25,7007.25,7007.25
1768492800,7007.25,7014.5,7006,7011,7011,7011
1768494600,7010.75,7016.5,7007.5,7013.25,7013.25,7013.25
1768496400,7013.25,7017.25,7006.5,7007.25,7007.25,7007.25
1768498200,7007,7012.75,7001.5,7002.25,7002.25,7002.25
1768500000,7002.25,7011.75,7001.25,7011.25,7011.25,7011.25
1768501800,7011.5,7015.25,7008.75,7009.75,7009.75,7009.75
1768503600,7009.5,7009.5,6997.5,6998.25,6998.25,6998.25
1768505400,6998.25,6999.75,6988,6989.75,6989.75,6989.75
1768507200,6989.75,6992.75,6974.75,6980.25,6980.25,6980.25
1768509000,6980.25,6985,6975,6984.75,6984.75,6984.75
1768510800,6984.5,6986.5,6981,6981.25,,6981.25
1768573800,6996.5,7002.25,6978.75,6979,6979,6979
1768575600,6979,6987.75,6974.5,6976,6976,6976
1768577400,6976,6978.5,6960.5,6978.25,6978.25,6978.25
1768579200,6978,6988.5,6975.25,6987.25,6987.25,6987.25
1768581000,6987.5,6995,6981.5,6987,6987,6987
1768582800,6986.75,6990,6984.25,6985.5,6985.5,6985.5
1768584600,6985.5,6989.25,6978.75,6979.25,6979.25,6979.25
1768586400,6979.5,6992,6978,6990,6990,6990
1768588200,6990.25,6992.75,6986,6986.75,6986.75,6986.75
1768590000,6986.75,6997.5,6980,6980.75,6980.75,6980.75
1768591800,6980.75,6990.5,6980.5,6987.25,6987.25,6987.25
1768593600,6987.25,6989.25,6982,6982,6982,6982
1768595400,6982.25,6985.5,6975,6976.5,6976.5,6976.5
1768597200,6976.25,6980.25,6973.5,6976,,6976
1768919400,6871.75,6890.25,6871,6878.5,6878.5,6878.5
1768921200,6878.5,6897,6865.75,6895.5,6895.5,6895.5
1768923000,6895.5,6904.75,6886.25,6895,6895,6895
1768924800,6895,6902.75,6882.5,6895.5,6895.5,6895.5
1768926600,6895.5,6901,6880.25,6894,6894,6894
1768928400,6894,6896.25,6878,6881,6881,6881
1768930200,6880.75,6880.75,6861.25,6867.25,6867.25,6867.25
1768932000,6867.25,6871.5,6858.75,6859.5,6859.5,6859.5
1768933800,6859.25,6860.75,6836.5,6843.5,6843.5,6843.5
1768935600,6843.75,6849.75,6833.25,6836.75,6836.75,6836.75
1768937400,6836.75,6841.25,6829,6834.75,6834.75,6834.75
1768939200,6834.75,6838,6825.75,6830.25,6830.25,6830.25
1768941000,6830.5,6834,6822.25,6833.75,6833.75,6833.75
1768942800,6833.5,6840.5,6828.75,6839.5,,6839.5
1769005800,6852.75,6883.25,6845.5,6881.25,6881.25,6881.25
1769007600,6881.5,6891,6873,6887,6887,6887
1769009400,6886.75,6908.75,6886,6904.75,6904.75,6904.75
1769011200,6904.5,6905.75,6895.25,6899.75,6899.75,6899.75
1769013000,6899.75,6900.5,6855.5,6856.75,6856.75,6856.75
1769014800,6857,6863.75,6837.25,6854.75,6854.75,6854.75
1769016600,6855,6866.25,6846.25,6862.75,6862.75,6862.75
1769018400,6862.5,6864.25,6842.5,6862,6862,6862
1769020200,6862,6871.75,6853.5,6866.5,6866.5,6866.5
1769022000,6866.5,6907.5,6855.25,6901.25,6901.25,6901.25
1769023800,6901.25,6945,6900.5,6942.25,6942.25,6942.25
1769025600,6942.5,6945.25,6910.25,6910.5,6910.5,6910.5
1769027400,6910.5,6918.75,6903.25,6911,6911,6911
1769029200,6910.75,6919.5,6910,6918.5,,6918.5
1769092200,6956,6964.5,6930.5,6936,6936,6936
1769094000,6935.5,6942.75,6925.5,6941,6941,6941
1769095800,6941.25,6951.75,6937,6943,6943,6943
1769097600,6943,6957.5,6942.5,6955,6955,6955
1769099400,6954.75,6962,6953.25,6954.25,6954.25,6954.25
1769101200,6954.25,6962.75,6951,6959.75,6959.75,6959.75
1769103000,6959.75,6968.25,6959.75,6967,6967,6967
1769104800,6966.75,6969,6959.75,6961.75,6961.75,6961.75
1769106600,6961.5,6965.75,6955.25,6957.25,6957.25,6957.25
1769108400,6957,6966.75,6957,6963.5,6963.5,6963.5
1769110200,6963.75,6964.25,6944.5,6944.5,6944.5,6944.5
1769112000,6944.5,6952.25,6938.25,6938.25,6938.25,6938.25
1769113800,6938.25,6947.5,6932.5,6946,6946,6946
1769115600,6945.75,6948.5,6941.25,6944.5,,6944.5
1769178600,6935,6942,6925,6941.75,6941.75,6941.75
1769180400,6941.5,6952.5,6936.5,6946.75,6946.75,6946.75
1769182200,6947,6961.25,6945.75,6958.75,6958.75,6958.75
1769184000,6958.75,6964,6953.25,6955,6955,6955
1769185800,6954.75,6960.5,6948.25,6951.75,6951.75,6951.75
1769187600,6951.75,6958,6947.5,6956.5,6956.5,6956.5
1769189400,6956.25,6957.25,6931,6933.5,6933.5,6933.5
1769191200,6933.5,6945.25,6932.25,6943,6943,6943
1769193000,6943.25,6947,6937.5,6943.5,6943.5,6943.5
1769194800,6943.75,6956.25,6943.25,6949.75,6949.75,6949.75
1769196600,6949.5,6953,6943.5,6949.5,6949.5,6949.5
1769198400,6949.5,6950,6939.25,6942.5,6942.5,6942.5
1769200200,6942.5,6950.25,6939.5,6945.5,6945.5,6945.5
1769202000,6945.5,6946,6937.5,6938.25,,6938.25
1769437800,6957.75,6980,6952,6976.5,6976.5,6976.5
1769439600,6976.25,6988,6971,6979.25,6979.25,6979.25
1769441400,6979,6987.25,6976,6983.75,6983.75,6983.75
1769443200,6983.75,6986.5,6975.75,6985,6985,6985
1769445000,6985,6987.5,6981.5,6984.75,6984.75,6984.75
1769446800,6985,6991,6984,6989,6989,6989
1769448600,6988.75,6989.75,6984,6986,6986,6986
1769450400,6986,6993,6982.75,6991.75,6991.75,6991.75
1769452200,6991.5,6995.5,6987,6989.75,6989.75,6989.75
1769454000,6989.5,6993.5,6988.25,6992.25,6992.25,6992.25
1769455800,6992,6993.75,6989,6989.5,6989.5,6989.5
1769457600,6989.5,6991.25,6987.75,6989,6989,6989
1769459400,6989,6991.5,6979.5,6980.75,6980.75,6980.75
1769461200,6980.75,6981.75,6977.5,6980,,6980
1769524200,6994.25,7007.75,6988.25,7005,7005,7005
1769526000,7005.25,7007.5,6998,7000.75,7000.75,7000.75
1769527800,7000.5,7014.75,6999.75,7013.25,7013.25,7013.25
1769529600,7013.25,7018,7013,7015,7015,7015
1769531400,7015,7018.5,7013,7013,7013,7013
1769533200,7013,7014.5,7006.5,7012.75,7012.75,7012.75
1769535000,7012.75,7013.75,7006.75,7007,7007,7007
1769536800,7007,7012.75,7001.5,7010.75,7010.75,7010.75
1769538600,7010.75,7015.25,7010,7013.25,7013.25,7013.25
1769540400,7013.5,7015.25,7010.5,7014.75,7014.75,7014.75
1769542200,7014.75,7017,7013.25,7013.75,7013.75,7013.75
1769544000,7014,7017.25,7012.5,7013.25,7013.25,7013.25
1769545800,7013.25,7015.25,7007,7008.75,7008.75,7008.75
1769547600,7009,7009.75,7005.5,7006.75,,7006.75
1769610600,7022.75,7031,7021.25,7023.75,7023.75,7023.75
1769612400,7023.5,7025.75,7012.5,7017.25,7017.25,7017.25
1769614200,7017.25,7020.25,7007.25,7007.5,7007.5,7007.5
1769616000,7007.5,7015.5,7006.5,7013.5,7013.5,7013.5
1769617800,7013.5,7013.5,6997,6999.25,6999.25,6999.25
1769619600,6999.25,7008.75,6998.75,7000.5,7000.5,7000.5
1769621400,7000.5,7006.5,6997,7000.5,7000.5,7000.5
1769623200,7000.5,7006.5,6997.5,7003.5,7003.5,7003.5
1769625000,7003.75,7005,6999.5,7002.5,7002.5,7002.5
1769626800,7003,7008.75,6992.25,6993.75,6993.75,6993.75
1769628600,6993.5,7012.75,6991.25,7001.25,7001.25,7001.25
1769630400,7001.25,7015,6999.75,7006.25,7006.25,7006.25
1769632200,7006.25,7014,6999.25,7006.5,7006.5,7006.5
1769634000,7006.5,7011.25,6977.25,7010.25,,7010.25
1769697000,7015,7021.5,6965.5,6966.5,6966.5,6966.5
1769698800,6966.5,6967.25,6938.75,6940,6940,6940
1769700600,6940.25,6943.5,6902.25,6910.75,6910.75,6910.75
1769702400,6911,6937,6898.25,6929.5,6929.5,6929.5
1769704200,6929.25,6940.75,6928.75,6937.5,6937.5,6937.5
1769706000,6937.25,6964.5,6936.75,6960.75,6960.75,6960.75
1769707800,6960.75,6967.75,6937.75,6939.5,6939.5,6939.5
1769709600,6939.5,6962.25,6937.5,6960.25,6960.25,6960.25
1769711400,6960.25,6968.75,6952.25,6956.25,6956.25,6956.25
1769713200,6956.25,6973.25,6952.75,6971.5,6971.5,6971.5
1769715000,6971.25,6973,6961.25,6962,6962,6962
1769716800,6962.25,6971.25,6961.25,6966.5,6966.5,6966.5
1769718600,6966.5,6999,6964.5,6989.75,6989.75,6989.75
1769720400,6990,6995.75,6987.5,6989.5,,6989.5
1769783400,6966.25,6985.5,6960.25,6965.25,6965.25,6965.25
1769785200,6965,6989,6960.5,6962,6962,6962
1769787000,6962,6991.25,6957,6969.5,6969.5,6969.5
1769788800,6969.5,6975.25,6950.5,6958.5,6958.5,6958.5
1769790600,6958.75,6972.5,6951.75,6954.5,6954.5,6954.5
1769792400,6954.75,6960,6935,6959,6959,6959
1769794200,6958.75,6963.5,6939,6939.25,6939.25,6939.25
1769796000,6939.25,6950.75,6918.75,6942.5,6942.5,6942.5
1769797800,6942.5,6969,6926,6961.75,6961.75,6961.75
1769799600,6962,6975.25,6961,6961.25,6961.25,6961.25
1769801400,6961.25,6970.75,6952,6953.5,6953.5,6953.5
1769803200,6953.5,6960,6940.75,6948.25,6948.25,6948.25
1769805000,6948.5,6976.75,6947.5,6968,6968,6968
1769806800,6967.75,6973.25,6957.75,6963.5,,6963.5
1770042600,6943.5,6986.5,6941.75,6974.75,6974.75,6974.75
1770044400,6973.75,7005,6970.75,6994.75,6994.75,6994.75
1770046200,6994.75,7005.5,6991.25,6995.25,6995.25,6995.25
1770048000,6995,7004.5,6986.75,7003.5,7003.5,7003.5
1770049800,7003.5,7006.5,6992.5,7005.5,7005.5,7005.5
1770051600,7005.5,7013.5,7004.25,7010.25,7010.25,7010.25
1770053400,7010,7017.25,7008.25,7011.75,7011.75,7011.75
1770055200,7012,7015,7004.25,7008.5,7008.5,7008.5
1770057000,7008.25,7015.75,7008,7013,7013,7013
1770058800,7012.75,7016.75,7011.5,7015.75,7015.75,7015.75
1770060600,7016,7016,7001.25,7003,7003,7003
1770062400,7003,7012.5,6998.25,7005.75,7005.75,7005.75
1770064200,7005.5,7007,6998.5,7003,7003,7003
1770066000,7003.25,7007.25,6997.5,7004.5,,7004.5
1770129000,7009.5,7017,6980,6981.5,6981.5,6981.5
1770130800,6981.75,6984.25,6954.25,6968.25,6968.25,6968.25
1770132600,6968.25,6981,6955.75,6978,6978,6978
1770134400,6978,6978.75,6953,6954.25,6954.25,6954.25
1770136200,6954.5,6960.75,6949,6952.75,6952.75,6952.75
1770138000,6953,6953.75,6932.25,6934.5,6934.5,6934.5
1770139800,6934.5,6935.5,6920,6923,6923,6923
1770141600,6923,6931.5,6908.25,6909.75,6909.75,6909.75
1770143400,6909.5,6910.25,6894,6894.5,6894.5,6894.5
1770145200,6894.5,6918.5,6886.25,6908.25,6908.25,6908.25
1770147000,6908,6917,6897.25,6914.5,6914.5,6914.5
1770148800,6914.25,6924.5,6908.75,6921.75,6921.75,6921.75
1770150600,6921.75,6944.25,6921.25,6940.5,6940.5,6940.5
1770152400,6940.5,6945.25,6938,6941.75,,6941.75
1770215400,6949.25,6960.75,6924,6928,6928,6928
1770217200,6928,6955,6910.5,6944.75,6944.75,6944.75
1770219000,6944.75,6948.25,6918.75,6931.5,6931.5,6931.5
1770220800,6931.75,6934.75,6909.25,6928.75,6928.75,6928.75
1770222600,6928.75,6930.25,6888.5,6911.25,6911.25,6911.25
1770224400,6911,6916.5,6877.25,6882.25,6882.25,6882.25
1770226200,6882,6893.25,6862.5,6882,6882,6882
1770228000,6882,6895.5,6868.25,6893.25,6893.25,6893.25
1770229800,6893.25,6900.5,6876.25,6891.5,6891.5,6891.5
1770231600,6891.75,6899,6878.75,6898.75,6898.75,6898.75
1770233400,6898.75,6930.25,6898.25,6928.25,6928.25,6928.25
1770235200,6928.25,6930.25,6912.75,6920.75,6920.75,6920.75
1770237000,6920.75,6930.5,6901.75,6906.25,6906.25,6906.25
1770238800,6906.5,6925.5,6892.25,6923.25,,6923.25
1770301800,6853.5,6881.25,6831.5,6850,6850,6850
1770303600,6850.25,6858.5,6805,6810,6810,6810
1770305400,6810,6828.75,6802.75,6817,6817,6817
1770307200,6817.25,6842,6801.5,6840.5,6840.5,6840.5
1770309000,6840.75,6859.5,6833.25,6856,6856,6856
1770310800,6856,6863.5,6833.5,6859,6859,6859
1770312600,6859.25,6870.25,6845.5,6848.5,6848.5,6848.5
1770314400,6848.5,6857,6832.5,6835.5,6835.5,6835.5
1770316200,6835.25,6844,6820.5,6826.75,6826.75,6826.75
1770318000,6826.75,6859,6823.75,6846.5,6846.5,6846.5
1770319800,6846.5,6846.75,6827.5,6834.5,6834.5,6834.5
1770321600,6834.5,6852.75,6820,6821.75,6821.75,6821.75
1770323400,6821.5,6827.25,6805.5,6817.75,6817.75,6817.75
1770325200,6818,6829,6800,6815.75,,6815.75
1770388200,6856.25,6907.25,6850.25,6890.25,6890.25,6890.25
1770390000,6890,6900,6872.75,6898.5,6898.5,6898.5
1770391800,6898.5,6912.75,6885.25,6899.75,6899.75,6899.75
1770393600,6899.75,6919.25,6896,6913,6913,6913
1770395400,6913.25,6922.25,6911,6916.5,6916.5,6916.5
1770397200,6916.5,6927.25,6913.5,6927,6927,6927
1770399000,6927,6937.5,6920.5,6931.5,6931.5,6931.5
1770400800,6931.5,6937.25,6928,6931.75,6931.75,6931.75
1770402600,6931.75,6938.75,6931,6932.25,6932.25,6932.25
1770404400,6932.5,6937.5,6929.5,6937.25,6937.25,6937.25
1770406200,6937.25,6940,6931.25,6935.5,6935.5,6935.5
1770408000,6935.5,6943.5,6933,6939.5,6939.5,6939.5
1770409800,6939.5,6965.5,6937.75,6948.75,6948.75,6948.75
1770411600,6948.75,6952.25,6943.75,6946.5,,6946.5
1770647400,6935.5,6957.5,6924.25,6945.25,6945.25,6945.25
1770649200,6945,6970.75,6943,6960.75,6960.75,6960.75
1770651000,6960.75,6986,6960.5,6983.75,6983.75,6983.75
1770652800,6983.75,6989.25,6982,6988.25,6988.25,6988.25
1770654600,6988.25,6997.5,6984,6995.5,6995.5,6995.5
1770656400,6995.5,6998,6992.5,6993,6993,6993
1770658200,6993,6996.5,6986.25,6987,6987,6987
1770660000,6987.25,6991.75,6977,6983.75,6983.75,6983.75
1770661800,6983.75,6993.75,6981.5,6988.25,6988.25,6988.25
1770663600,6988.25,7000.5,6986.5,6999,6999,6999
1770665400,6999,7000.25,6994.75,6995.5,6995.5,6995.5
1770667200,6995.75,6998.75,6984.5,6987,6987,6987
1770669000,6987,6991.75,6980,6980.25,6980.25,6980.25
1770670800,6980.5,6986.75,6980,6986,,6986
1770733800,6989.75,7002.25,6975,6998,6998,6998
1770735600,6998.25,7005,6987.25,6999.75,6999.75,6999.75
1770737400,6999.75,7006.5,6989.5,6994.5,6994.5,6994.5
1770739200,6994.5,6997.25,6981.5,6988.5,6988.5,6988.5
1770741000,6988.25,6994.75,6983.5,6988.5,6988.5,6988.5
1770742800,6988.5,6997.5,6982.75,6993.5,6993.5,6993.5
1770744600,6993.25,6998.75,6989,6995.25,6995.25,6995.25
1770746400,6995.5,6995.5,6974.25,6974.75,6974.75,6974.75
1770748200,6974.75,6979.25,6969,6977,6977,6977
1770750000,6977,6979.75,6971.75,6979.25,6979.25,6979.25
1770751800,6979.5,6982.25,6974.25,6978.5,6978.5,6978.5
1770753600,6978.5,6980.5,6971.5,6973.75,6973.75,6973.75
1770755400,6973.5,6976.25,6957,6961.25,6961.25,6961.25
1770757200,6961.5,6967,6959.25,6966.25,,6966.25
1770820200,7003.75,7011.5,6977.25,6981,6981,6981
1770822000,6981.25,6987.5,6931,6936.25,6936.25,6936.25
1770823800,6936.5,6965.75,6934.75,6963,6963,6963
1770825600,6962.75,6974,6953.25,6957.75,6957.75,6957.75
1770827400,6957.75,6973.25,6954.5,6960.25,6960.25,6960.25
1770829200,6960,6978,6953.25,6975.75,6975.75,6975.75
1770831000,6975.75,6979.75,6965,6967.25,6967.25,6967.25
1770832800,6967.25,6969.25,6953.5,6967.5,6967.5,6967.5
1770834600,6967.5,6969.75,6959.75,6967,6967,6967
1770836400,6967,6979.25,6960.75,6977,6977,6977
1770838200,6977,6978,6963.5,6968.75,6968.75,6968.75
1770840000,6968.5,6970.5,6961,6962,6962,6962
1770841800,6962,6969.75,6955.75,6958.75,6958.75,6958.75
1770843600,6959,6967,6958.25,6962.5,,6962.5
1770906600,6981.5,6992.75,6962,6967.25,6967.25,6967.25
1770908400,6967,6976,6960.25,6969.5,6969.5,6969.5
1770910200,6969.75,6974,6924.25,6925,6925,6925
1770912000,6925,6926.25,6873.5,6874,6874,6874
1770913800,6874,6896.5,6873,6884.5,6884.5,6884.5
1770915600,6884.5,6890.75,6871.75,6879.25,6879.25,6879.25
1770917400,6879.5,6894,6867,6867.75,6867.75,6867.75
1770919200,6867.75,6879.25,6860,6869.5,6869.5,6869.5
1770921000,6869.75,6891.5,6865.75,6885,6885,6885
1770922800,6885.25,6892.25,6874,6879.75,6879.75,6879.75
1770924600,6879.5,6898,6879.5,6889.75,6889.75,6889.75
1770926400,6890,6893.75,6869,6870.25,6870.25,6870.25
1770928200,6870,6872,6842,6850.5,6850.5,6850.5
1770930000,6850.75,6857,6846.75,6856,,6856
1770993000,6851.5,6862.75,6808.75,6833.5,6833.5,6833.5
1770994800,6833.25,6869,6832.75,6864.25,6864.25,6864.25
1770996600,6864.25,6880.75,6842.5,6860,6860,6860
1770998400,6860.25,6877,6852.75,6873,6873,6873
1771000200,6873,6890.25,6863.25,6882.5,6882.5,6882.5
1771002000,6882.5,6895.25,6879.75,6888.5,6888.5,6888.5
1771003800,6888.75,6897.75,6883.75,6886.25,6886.25,6886.25
1771005600,6886.25,6897.75,6875.5,6889,6889,6889
1771007400,6889,6895.75,6878.5,6881.25,6881.25,6881.25
1771009200,6881.75,6888.5,6876,6878.5,6878.5,6878.5
1771011000,6878.25,6884.25,6856.75,6858.75,6858.75,6858.75
1771012800,6858.75,6867.75,6838.25,6841,6841,6841
1771014600,6841,6852.75,6832.75,6850,6850,6850
1771016400,6850.25,6856.5,6845.25,6852.5,,6852.5
1771338600,6835,6862,6797.75,6799.75,6799.75,6799.75
1771340400,6799.75,6831.25,6796.25,6806.75,6806.75,6806.75
1771342200,6806.5,6820,6791,6819.75,6819.75,6819.75
1771344000,6819.5,6866.75,6818,6850.5,6850.5,6850.5
1771345800,6850.25,6864.75,6842.25,6858.75,6858.75,6858.75
1771347600,6858.5,6859.75,6838,6856.25,6856.25,6856.25
1771349400,6856.25,6857.5,6825.25,6844.25,6844.25,6844.25
1771351200,6844.25,6859.75,6832.25,6858,6858,6858
1771353000,6858.25,6881.5,6854.5,6875.25,6875.25,6875.25
1771354800,6875.25,6880.5,6870.25,6874.25,6874.25,6874.25
1771356600,6874.25,6883.75,6868.5,6870,6870,6870
1771358400,6870,6875.5,6861.25,6863.25,6863.25,6863.25
1771360200,6863,6867.25,6853.5,6862.5,6862.5,6862.5
1771362000,6862.25,6865.25,6857.75,6861.75,,6861.75
1771425000,6873.75,6897.75,6861.5,6895.5,6895.5,6895.5
1771426800,6895.5,6919,6894.75,6912.75,6912.75,6912.75
1771428600,6912.75,6921.5,6907,6919.5,6919.5,6919.5
1771430400,6919.25,6923.75,6914.25,6916.5,6916.5,6916.5
1771432200,6916.25,6921.75,6908.75,6909,6909,6909
1771434000,6909.25,6923,6907.5,6916.25,6916.25,6916.25
1771435800,6916.25,6922.25,6912.75,6919.25,6919.25,6919.25
1771437600,6919,6925.75,6908.5,6911.75,6911.75,6911.75
1771439400,6912,6914,6894.25,6903.5,6903.5,6903.5
1771441200,6903.25,6907.5,6894.25,6897.75,6897.75,6897.75
1771443000,6898,6900,6873.75,6879.25,6879.25,6879.25
1771444800,6879.5,6887,6872.5,6875.25,6875.25,6875.25
1771446600,6875.25,6905.75,6874.5,6895.5,6895.5,6895.5
1771448400,6895.5,6897,6891,6893.25,,6893.25
1771511400,6870.75,6890.75,6857,6882.5,6882.5,6882.5
1771513200,6882.75,6894.5,6870.75,6871.5,6871.5,6871.5
1771515000,6871.5,6891.5,6869.75,6886,6886,6886
1771516800,6886,6891,6871.5,6874,6874,6874
1771518600,6874,6885.5,6859.5,6867.75,6867.75,6867.75
1771520400,6867.75,6880.5,6859.25,6872,6872,6872
1771522200,6871.75,6875,6853.5,6856.5,6856.5,6856.5
1771524000,6856.5,6866.5,6847.75,6856,6856,6856
1771525800,6856,6871,6852.25,6869.75,6869.75,6869.75
1771527600,6869.75,6873,6862.5,6865,6865,6865
1771529400,6865,6868,6851,6857.75,6857.75,6857.75
1771531200,6857.5,6867.5,6857.5,6861.5,6861.5,6861.5
1771533000,6861.25,6878.75,6860.5,6878.25,6878.25,6878.25
1771534800,6878,6880.75,6875.75,6878.25,,6878.25
1771597800,6852.75,6884,6847.25,6878.75,6878.75,6878.75
1771599600,6880,6925,6872.25,6898.75,6898.75,6898.75
1771601400,6899,6922.5,6885.5,6919,6919,6919
1771603200,6919,6923.25,6891.25,6891.75,6891.75,6891.75
1771605000,6891.5,6922.5,6889.25,6916.75,6916.75,6916.75
1771606800,6916.5,6919.75,6871,6882.5,6882.5,6882.5
1771608600,6882.5,6908,6880,6905.25,6905.25,6905.25
1771610400,6905,6908.75,6887.75,6895.5,6895.5,6895.5
1771612200,6896,6931.5,6888.25,6924,6924,6924
1771614000,6924.25,6929,6913.25,6917,6917,6917
1771615800,6916.75,6922.25,6908.75,6911.25,6911.25,6911.25
1771617600,6911.5,6924.25,6911,6914.5,6914.5,6914.5
1771619400,6914.5,6926.25,6913.25,6924.75,6924.75,6924.75
1771621200,6924.75,6929,6922.5,6928,,6928
1771857000,6908,6930.25,6892.5,6894.5,6894.5,6894.5
1771858800,6894.5,6902,6872.25,6874.5,6874.5,6874.5
1771860600,6874.5,6879.5,6851,6852,6852,6852
1771862400,6851.75,6858.75,6832.75,6858.25,6858.25,6858.25
1771864200,6858.25,6860.25,6847.25,6849,6849,6849
1771866000,6849,6854.25,6845.25,6846.25,6846.25,6846.25
1771867800,6846.5,6852.75,6835,6850,6850,6850
1771869600,6849.75,6869.25,6848.75,6867.75,6867.75,6867.75
1771871400,6867.75,6868.75,6847.75,6849.5,6849.5,6849.5
1771873200,6849.5,6852.25,6841,6842.25,6842.25,6842.25
1771875000,6842,6846.25,6834.75,6840,6840,6840
1771876800,6840,6845,6835.75,6843,6843,6843
1771878600,6843,6854.5,6838.25,6854,6854,6854
1771880400,6854.25,6858.75,6851,6858,,6858
1771943400,6847.5,6883.75,6828.5,6861,6861,6861
1771945200,6861,6893.25,6848.75,6892.5,6892.5,6892.5
1771947000,6892.25,6895,6880.75,6883,6883,6883
1771948800,6882.75,6898.25,6882.25,6890.25,6890.25,6890.25
1771950600,6890.5,6896.25,6880.75,6894,6894,6894
1771952400,6893.75,6907.5,6893.25,6905,6905,6905
1771954200,6904.75,6906,6898.75,6903.25,6903.25,6903.25
1771956000,6903.25,6910.5,6898.5,6899.75,6899.75,6899.75
1771957800,6899.75,6908.25,6898,6903.75,6903.75,6903.75
1771959600,6903.75,6905.5,6895.75,6898,6898,6898
1771961400,6898.25,6906,6897,6900.75,6900.75,6900.75
1771963200,6900.5,6902.75,6894,6894.5,6894.5,6894.5
1771965000,6894.5,6912.75,6894.25,6903.25,6903.25,6903.25
1771966800,6903,6905,6899,6901.75,,6901.75
1772029800,6930.5,6949,6929.75,6942,6942,6942
1772031600,6942,6944.75,6931,6940.25,6940.25,6940.25
1772033400,6940,6942.25,6930.25,6937,6937,6937
1772035200,6937,6944.75,6935.75,6943.5,6943.5,6943.5
1772037000,6943.75,6953,6942.75,6949.25,6949.25,6949.25
1772038800,6949.5,6952.5,6947,6948.5,6948.5,6948.5
1772040600,6948.5,6954.75,6946.75,6954.5,6954.5,6954.5
1772042400,6954.5,6956,6950.75,6952,6952,6952
1772044200,6952,6956,6951,6953.75,6953.75,6953.75
1772046000,6954,6959.75,6953.75,6957.5,6957.5,6957.5
1772047800,6957.5,6962,6957.5,6959.5,6959.5,6959.5
1772049600,6959.5,6962.25,6956.75,6957.75,6957.75,6957.75
1772051400,6957.75,6965.75,6956,6959.5,6959.5,6959.5
1772053200,6959.5,6963.5,6958.25,6961.75,,6961.75
1772116200,6961,6961.25,6931.75,6934.5,6934.5,6934.5
1772118000,6934.5,6938.25,6874.5,6884,6884,6884
1772119800,6884,6909.5,6870.75,6905,6905,6905
1772121600,6904.75,6918.75,6902,6915.25,6915.25,6915.25
1772123400,6915,6917,6887.75,6889.75,6889.75,6889.75
1772125200,6889.75,6898,6887.75,6890.25,6890.25,6890.25
1772127000,6890,6898.5,6877.5,6881.75,6881.75,6881.75
1772128800,6882,6887,6874.25,6884,6884,6884
1772130600,6884,6909.75,6881.5,6901.75,6901.75,6901.75
1772132400,6901.75,6921.25,6899.25,6914.25,6914.25,6914.25
1772134200,6914.25,6924.75,6912.5,6918.25,6918.25,6918.25
1772136000,6918.25,6926.25,6914,6914.75,6914.75,6914.75
1772137800,6914.75,6923.25,6914,6921.5,6921.5,6921.5
1772139600,6921.25,6922.5,6916,6918.25,,6918.25
1772202600,6855.75,6867.5,6841.5,6853.5,6853.5,6853.5
1772204400,6853.5,6880,6851.5,6870.25,6870.25,6870.25
1772206200,6870.25,6885.75,6862.25,6877.25,6877.25,6877.25
1772208000,6877.5,6886,6871.5,6879.25,6879.25,6879.25
1772209800,6879,6888.25,6870.75,6873.75,6873.75,6873.75
1772211600,6873.75,6888.25,6858,6866.75,6866.75,6866.75
1772213400,6866.5,6876.75,6859.75,6869.25,6869.25,6869.25
1772215200,6869,6872.25,6855.75,6863.25,6863.25,6863.25
1772217000,6863.25,6867.75,6858.25,6865,6865,6865
1772218800,6864.75,6875.25,6859.75,6861,6861,6861
1772220600,6861.25,6865.75,6855,6858.5,6858.5,6858.5
1772222400,6858.5,6886.25,6858.5,6881.5,6881.5,6881.5
1772224200,6881.25,6894,6870.25,6888.25,6888.25,6888.25
1772226000,6888.25,6889,6880.75,6885.25,,6885.25
1772461800,6811,6858,6804.5,6853.75,6853.75,6853.75
1772463600,6853.75,6877.75,6843.75,6858.5,6858.5,6858.5
1772465400,6858.5,6872.5,6848.25,6866,6866,6866
1772467200,6866,6880.75,6853.5,6856.5,6856.5,6856.5
1772469000,6856.25,6894.5,6853.25,6887,6887,6887
1772470800,6887,6896.5,6881.5,6889.5,6889.5,6889.5
1772472600,6889.25,6897.75,6885.25,6896.75,6896.75,6896.75
1772474400,6896.75,6898.75,6885.5,6891.75,6891.75,6891.75
1772476200,6891.75,6893,6876.25,6877,6877,6877
1772478000,6876.75,6907.5,6876,6906.5,6906.5,6906.5
1772479800,6906.75,6911.25,6904.25,6906.5,6906.5,6906.5
1772481600,6906.75,6908,6872.75,6877.5,6877.5,6877.5
1772483400,6877.5,6897.25,6876.25,6887.25,6887.25,6887.25
1772485200,6887,6888.25,6878.5,6883,,6883
1772548200,6772.75,6794,6741.5,6746.25,6746.25,6746.25
1772550000,6746.25,6762,6718.75,6720.75,6720.75,6720.75
1772551800,6720.75,6747.5,6720,6741.75,6741.75,6741.75
1772553600,6742,6788.75,6739.75,6783,6783,6783
1772555400,6783,6807.75,6769,6798.75,6798.75,6798.75
1772557200,6798.5,6808,6786.5,6806.25,6806.25,6806.25
1772559000,6806.25,6807.75,6783.75,6797.25,6797.25,6797.25
1772560800,6797,6827.75,6797,6821.5,6821.5,6821.5
1772562600,6821.5,6842.75,6820,6836.25,6836.25,6836.25
1772564400,6836.25,6838.75,6820,6828.5,6828.5,6828.5
1772566200,6828.5,6849.75,6816,6836,6836,6836
1772568000,6836,6843.25,6824.75,6833.75,6833.75,6833.75
1772569800,6833.75,6838.5,6815.25,6825.75,6825.75,6825.75
1772571600,6826,6826.5,6817.5,6821.25,,6821.25
1772634600,6838.75,6857.75,6817.75,6836.25,6836.25,6836.25
1772636400,6836.25,6886.25,6831,6884.5,6884.5,6884.5
1772638200,6884.25,6886,6861.25,6881,6881,6881
1772640000,6881.25,6889.75,6864.25,6874.5,6874.5,6874.5
1772641800,6874.5,6887,6871,6880.5,6880.5,6880.5
1772643600,6880.75,6886.5,6875.75,6876.25,6876.25,6876.25
1772645400,6876,6887.25,6868.5,6885,6885,6885
1772647200,6885,6888.25,6876.5,6884,6884,6884
1772649000,6884,6891.75,6884,6888.5,6888.5,6888.5
1772650800,6888.5,6892.75,6886.75,6888.75,6888.75,6888.75
1772652600,6889,6894,6887.25,6891.25,6891.25,6891.25
1772654400,6891,6893,6877.25,6885,6885,6885
1772656200,6884.75,6889,6873,6873,6873,6873
1772658000,6873,6879.75,6866,6878.5,,6878.5
1772721000,6842.25,6873,6840,6872.75,6872.75,6872.75
1772722800,6872.5,6877.5,6824.5,6829.5,6829.5,6829.5
1772724600,6829.75,6847.5,6814.25,6842.75,6842.75,6842.75
1772726400,6843,6845.25,6811,6816.5,6816.5,6816.5
1772728200,6816.5,6834.75,6816,6831.75,6831.75,6831.75
1772730000,6832,6845.75,6806.25,6806.5,6806.5,6806.5
1772731800,6806.25,6809.25,6781,6785.75,6785.75,6785.75
1772733600,6785.5,6803.75,6780,6784,6784,6784
1772735400,6783.75,6800.75,6779.25,6787.25,6787.25,6787.25
1772737200,6787.25,6799.25,6783.75,6787.75,6787.75,6787.75
1772739000,6788,6798.5,6777,6791.75,6791.75,6791.75
1772740800,6791.75,6826.25,6784.75,6816.25,6816.25,6816.25
1772742600,6816.25,6839,6813.25,6835,6835,6835
1772744400,6835,6835.5,6826.75,6828.5,,6828.5
1772807400,6752.25,6759.25,6715.75,6727.25,6727.25,6727.25
1772809200,6727.5,6762,6726,6760,6760,6760
1772811000,6759.75,6778,6743,6768,6768,6768
1772812800,6768,6778.75,6753,6763,6763,6763
1772814600,6763.25,6779,6752.75,6768.5,6768.5,6768.5
1772816400,6768.75,6777.5,6752.25,6757,6757,6757
1772818200,6757,6760.5,6739,6749.5,6749.5,6749.5
1772820000,6749.75,6780.5,6748.25,6765.25,6765.25,6765.25
1772821800,6765.5,6772,6755.5,6759,6759,6759
1772823600,6759.25,6773,6756.5,6767.75,6767.75,6767.75
1772825400,6767.75,6775.25,6760.25,6768.75,6768.75,6768.75
1772827200,6768.5,6778.75,6738,6740.75,6740.75,6740.75
1772829000,6740.5,6752.5,6729.25,6742.5,6742.5,6742.5
1772830800,6742.5,6745.25,6730,6740.5,,6740.5
1773063000,6681.5,6693.75,6644.25,6658.25,6658.25,6658.25
1773064800,6658.25,6677,6641,6658,6658,6658
1773066600,6657.75,6701.5,6657.5,6693.5,6693.5,6693.5
1773068400,6693.5,6717.25,6693.5,6715.75,6715.75,6715.75
1773070200,6715.75,6717,6701.5,6712.5,6712.5,6712.5
1773072000,6712.75,6734.25,6709.5,6727,6727,6727
1773073800,6727,6741,6716.75,6730.75,6730.75,6730.75
1773075600,6730.75,6731.75,6705,6706.5,6706.5,6706.5
1773077400,6706.25,6711,6698.75,6705.75,6705.75,6705.75
1773079200,6705.75,6726.75,6705.5,6718.5,6718.5,6718.5
1773081000,6718.5,6731.25,6717.5,6719.25,6719.25,6719.25
1773082800,6719.25,6794,6717,6792.5,6792.5,6792.5
1773084600,6792.75,6818.5,6777.5,6801.75,6801.75,6801.75
1773086400,6801.75,6808.5,6784.5,6791.5,,6791.5
1773149400,6795,6806,6772,6776,6776,6776
1773151200,6775.5,6798.75,6765,6794,6794,6794
1773153000,6794,6829.75,6793.75,6829.25,6829.25,6829.25
1773154800,6829.25,6835,6820.25,6829.25,6829.25,6829.25
1773156600,6829,6837.5,6822.25,6831.5,6831.5,6831.5
1773158400,6831.75,6832.25,6814.5,6824,6824,6824
1773160200,6824,6836.25,6824,6832.5,6832.5,6832.5
1773162000,6832.5,6852,6830.5,6851,6851,6851
1773163800,6850.75,6850.75,6824.5,6838.5,6838.5,6838.5
1773165600,6838.25,6840,6791,6811,6811,6811
1773167400,6811,6822,6801.25,6802.5,6802.5,6802.5
1773169200,6802.75,6813,6791.5,6791.5,6791.5,6791.5
1773171000,6791.75,6800.75,6779.75,6788,6788,6788
1773172800,6788,6801.25,6786.75,6799.75,,6799.75
1773235800,6792.5,6802,6778,6795.75,6795.75,6795.75
1773237600,6796,6818,6768.5,6778.25,6778.25,6778.25
1773239400,6778.25,6800.5,6768.5,6797.5,6797.5,6797.5
1773241200,6797.5,6803.5,6762.5,6763.25,6763.25,6763.25
1773243000,6763.25,6769.75,6753,6758.75,6758.75,6758.75
1773244800,6758.5,6764,6751.5,6763.5,6763.5,6763.5
1773246600,6763.5,6779.75,6763,6779.25,6779.25,6779.25
1773248400,6779,6784.5,6770,6781.25,6781.25,6781.25
1773250200,6781.25,6783,6749.75,6766.25,6766.25,6766.25
1773252000,6766.5,6771.5,6753.5,6769.5,6769.5,6769.5
1773253800,6769.25,6774.5,6764,6769.25,6769.25,6769.25
1773255600,6769.25,6771.5,6759.75,6766.5,6766.5,6766.5
1773257400,6766.5,6782.5,6764,6779.75,6779.75,6779.75
1773259200,6779.75,6782,6771.5,6777,,6777
1773322200,6726.75,6732,6697,6704,6704,6704
1773324000,6704,6727.75,6696,6696.25,6696.25,6696.25
1773325800,6696,6721.25,6688.25,6700.5,6700.5,6700.5
1773327600,6700.75,6703.75,6684.5,6697.25,6697.25,6697.25
1773329400,6697.25,6719,6687.75,6708.75,6708.75,6708.75
1773331200,6709,6729.25,6693,6704.25,6704.25,6704.25
1773333000,6704,6718.75,6696.25,6704.25,6704.25,6704.25
1773334800,6704.25,6719.25,6696,6702,6702,6702
1773336600,6701.75,6714,6688.75,6697.5,6697.5,6697.5
1773338400,6697.75,6708.25,6693,6698,6698,6698
1773340200,6698,6701.25,6688,6689.5,6689.5,6689.5
1773342000,6689.25,6700,6684.75,6696.25,6696.25,6696.25
1773343800,6696.25,6702.75,6675.25,6676.25,6676.25,6676.25
1773345600,6676.5,6683,6671.75,6676,,6676
1773408600,6706.5,6737.5,6703.25,6719.75,6719.75,6719.75
1773410400,6719.25,6726.75,6691.25,6702.5,6702.5,6702.5
1773412200,6702.5,6716.5,6663.5,6667,6667,6667
1773414000,6667,6683.25,6657.75,6659.5,6659.5,6659.5
1773415800,6659.5,6667.25,6644.5,6647.5,6647.5,6647.5
1773417600,6647.25,6663.5,6647,6657,6657,6657
1773419400,6657,6666.25,6645.25,6647.25,6647.25,6647.25
1773421200,6647.25,6665,6645,6657.25,6657.25,6657.25
1773423000,6657.25,6659,6634.5,6639.75,6639.75,6639.75
1773424800,6640,6651,6638.25,6647,6647,6647
1773426600,6647,6662,6644.75,6655.75,6655.75,6655.75
1773428400,6655.75,6655.75,6635,6637,6637,6637
1773430200,6637,6643.75,6627,6637,6637,6637
1773432000,6637,6638,6628,6631,,6631
1773667800,6697.25,6723,6690.5,6722,6722,6722
1773669600,6721.75,6728,6713.75,6716.25,6716.25,6716.25
1773671400,6716.5,6717.25,6689.25,6711.75,6711.75,6711.75
1773673200,6712,6717,6699.5,6714.25,6714.25,6714.25
1773675000,6714,6720.25,6697.75,6698,6698,6698
1773676800,6698,6705.25,6684.5,6687.75,6687.75,6687.75
1773678600,6687.5,6704.25,6684.5,6697.5,6697.5,6697.5
1773680400,6697.75,6711,6697.25,6705.5,6705.5,6705.5
1773682200,6705.75,6709.25,6693.25,6700.75,6700.75,6700.75
1773684000,6700.75,6714.5,6700,6712,6712,6712
1773685800,6711.5,6716.25,6708.25,6709.5,6709.5,6709.5
1773687600,6709.25,6734.25,6700.25,6706,6706,6706
1773689400,6706,6707.25,6697.25,6703,6703,6703
1773691200,6703,6707.5,6700.5,6706,,6706
1773754200,6787.75,6808.5,6783.25,6803,6803,6803
1773756000,6803,6803.25,6779.25,6789.75,6789.75,6789.75
1773757800,6789.75,6799,6785.25,6794.25,6794.25,6794.25
1773759600,6794.5,6797,6780,6780,6780,6780
1773761400,6780.25,6786,6766.75,6773.75,6773.75,6773.75
1773763200,6773.75,6779.75,6764.25,6776,6776,6776
1773765000,6776.25,6780.5,6771,6773.5,6773.5,6773.5
1773766800,6773.5,6783.5,6773.25,6779.5,6779.5,6779.5
1773768600,6779.25,6784,6774,6781,6781,6781
1773770400,6781.25,6787.5,6772.75,6773,6773,6773
1773772200,6773,6778.75,6771.25,6775.25,6775.25,6775.25
1773774000,6775.25,6780.5,6770.25,6774.5,6774.5,6774.5
1773775800,6774.5,6777,6769,6771.75,6771.75,6771.75
1773777600,6771.75,6774.5,6769.75,6774.25,,6774.25
1773840600,6746.5,6759.75,6741.75,6756,6756,6756
1773842400,6755.75,6757.25,6719.25,6721.75,6721.75,6721.75
1773844200,6721.75,6734.25,6719,6733.75,6733.75,6733.75
1773846000,6733.75,6743,6726.25,6731.5,6731.5,6731.5
1773847800,6731.75,6739,6729,6733,6733,6733
1773849600,6733,6738.75,6727.25,6733.5,6733.5,6733.5
1773851400,6733.5,6735.75,6720.75,6728,6728,6728
1773853200,6727.75,6729,6716.5,6720.75,6720.75,6720.75
1773855000,6721,6731.5,6715,6729.75,6729.75,6729.75
1773856800,6730.5,6737.5,6716.25,6724,6724,6724
1773858600,6723.75,6725.75,6695,6695.75,6695.75,6695.75
1773860400,6695.5,6709.5,6689,6691.25,6691.25,6691.25
1773862200,6691.25,6694.5,6673.75,6677.25,6677.25,6677.25
1773864000,6677,6680.25,6663.25,6664.75,,6664.75
1773927000,6629.25,6650.25,6611.75,6647,6647,6647
1773928800,6646.75,6655.5,6620.75,6623.5,6623.5,6623.5
1773930600,6623.5,6651.5,6622.75,6638.75,6638.75,6638.75
1773932400,6638.75,6658.25,6632.5,6638,6638,6638
1773934200,6638,6640,6622,6640,6640,6640
1773936000,6639.75,6652,6631.75,6640.25,6640.25,6640.25
1773937800,6640.5,6648,6626.5,6632.25,6632.25,6632.25
1773939600,6632.25,6636.25,6616.25,6632,6632,6632
1773941400,6632,6639.5,6622.25,6633.25,6633.25,6633.25
1773943200,6633.25,6647.5,6627,6632.5,6632.5,6632.5
1773945000,6632.75,6649.75,6624,6645.75,6645.75,6645.75
1773946800,6645.75,6692,6645.25,6664.5,6664.5,6664.5
1773948600,6664.25,6669.25,6651.5,6658.75,6658.75,6658.75
1773950400,6659,6670.5,6654.75,6670.25,,6670.25
1774013400,6642.75,6643,6605.5,6607.25,6607.25,6607.25
1774015200,6607,6613.75,6590.25,6594,6594,6594
1774017000,6594,6611,6587.5,6596.75,6596.75,6596.75
1774018800,6596.75,6617.75,6590.5,6595,6595,6595
1774020600,6595,6608.5,6593,6605.75,6605.75,6605.75
1774022400,6605.75,6616,6603.75,6607.25,6607.25,6607.25
1774024200,6607.25,6609.75,6595.25,6603.75,6603.75,6603.75
1774026000,6603.75,6608.75,6593.25,6597.75,6597.75,6597.75
1774027800,6597.75,6600,6581.5,6590,6590,6590
1774029600,6590,6593,6562.5,6570.25,6570.25,6570.25
1774031400,6570.25,6572.5,6552.25,6556.75,6556.75,6556.75
1774033200,6556.75,6562.5,6543.25,6547.75,6547.75,6547.75
1774035000,6548,6562.75,6523.75,6562.75,6562.75,6562.75
1774036800,6562.75,6577.5,6559.5,6575.75,,6575.75
1774272600,6658,6680.75,6638,6680.25,6680.25,6680.25
1774274400,6680,6701.5,6663.5,6688,6688,6688
1774276200,6688.25,6696.25,6677.5,6688.75,6688.75,6688.75
1774278000,6689,6704.75,6685.25,6687.25,6687.25,6687.25
1774279800,6687,6691.75,6635.5,6637.25,6637.25,6637.25
1774281600,6637.25,6653.75,6616,6618,6618,6618
1774283400,6617.75,6644.75,6616.75,6632.75,6632.75,6632.75
1774285200,6632.75,6639.5,6620,6629.75,6629.75,6629.75
1774287000,6629.75,6660.25,6629.25,6658,6658,6658
1774288800,6658,6660.75,6642.5,6651,6651,6651
1774290600,6651.25,6674.25,6651.25,6667,6667,6667
1774292400,6667.25,6667.75,6647.75,6650.75,6650.75,6650.75
1774294200,6650.5,6661.25,6631.25,6631.5,6631.5,6631.5
1774296000,6631.5,6634,6621,6632.25,,6632.25
1774359000,6589.25,6606,6573.5,6589.75,6589.75,6589.75
1774360800,6590,6611.75,6587.25,6600,6600,6600
1774362600,6600.25,6635.25,6597,6615,6615,6615
1774364400,6615.25,6643.75,6614.5,6636.5,6636.5,6636.5
1774366200,6636.25,6646,6624.5,6625.75,6625.75,6625.75
1774368000,6626,6638,6618,6635.25,6635.25,6635.25
1774369800,6635.25,6636.5,6615.25,6626.5,6626.5,6626.5
1774371600,6626.5,6629.25,6600.25,6608.75,6608.75,6608.75
1774373400,6608.75,6618.75,6598.5,6618.25,6618.25,6618.25
1774375200,6618.25,6625.25,6607.25,6621,6621,6621
1774377000,6621.25,6641.75,6618,6623.75,6623.75,6623.75
1774378800,6623.75,6632.25,6618.25,6619.75,6619.75,6619.75
1774380600,6619.5,6623,6600.25,6607,6607,6607
1774382400,6607,6611,6605.75,6610.75,,6610.75
1774445400,6661.75,6684.75,6638.75,6639.5,6639.5,6639.5
1774447200,6639.5,6663.25,6631.25,6657,6657,6657
1774449000,6656.75,6667.5,6651.25,6662.25,6662.25,6662.25
1774450800,6662,6665.5,6616.5,6653.25,6653.25,6653.25
1774452600,6653.25,6657.5,6635.75,6644.5,6644.5,6644.5
1774454400,6644.75,6655.75,6634.5,6649.75,6649.75,6649.75
1774456200,6649.5,6658.25,6645.25,6652.75,6652.75,6652.75
1774458000,6652.75,6658.5,6644,6655.75,6655.75,6655.75
1774459800,6655.75,6669.5,6648.5,6654.25,6654.25,6654.25
1774461600,6654,6660.5,6649.25,6650.5,6650.5,6650.5
1774463400,6650.25,6653.75,6631,6640,6640,6640
1774465200,6639.75,6648.5,6630.5,6640.25,6640.25,6640.25
1774467000,6640.25,6645.5,6632.5,6642,6642,6642
1774468800,6641.75,6647.25,6640.25,6641.25,,6641.25
1774531800,6593,6619.5,6579.75,6617.75,6617.75,6617.75
1774533600,6618.25,6622,6606.75,6609.25,6609.25,6609.25
1774535400,6609.25,6622,6580.75,6594.5,6594.5,6594.5
1774537200,6594.75,6602,6588.5,6589.5,6589.5,6589.5
1774539000,6589.5,6595.5,6581.25,6587.75,6587.75,6587.75
1774540800,6587.5,6589.5,6564.75,6566.75,6566.75,6566.75
1774542600,6567,6569.5,6560.75,6568.5,6568.5,6568.5
1774544400,6568.5,6573,6551.5,6558,6558,6558
1774546200,6557.75,6562.75,6536,6538.25,6538.25,6538.25
1774548000,6538.25,6547.25,6536.25,6537.75,6537.75,6537.75
1774549800,6537.75,6548.5,6537.75,6546.25,6546.25,6546.25
1774551600,6546.25,6547.25,6530,6534,6534,6534
1774553400,6534,6534.5,6520.25,6523,6523,6523
1774555200,6523,6597.25,6517,6554.25,,6554.25
1774618200,6494.75,6495.75,6454,6458.5,6458.5,6458.5
1774620000,6458.5,6477,6454.75,6459.5,6459.5,6459.5
1774621800,6459.5,6474.25,6451.75,6470.5,6470.5,6470.5
1774623600,6470.5,6483.75,6457.75,6478.25,6478.25,6478.25
1774625400,6478.25,6490.25,6469.5,6471.25,6471.25,6471.25
1774627200,6471.5,6473,6454,6457.5,6457.5,6457.5
1774629000,6457.25,6464.75,6448.75,6455.5,6455.5,6455.5
1774630800,6455.5,6468,6434,6434.25,6434.25,6434.25
1774632600,6434.25,6440.5,6427.5,6429.5,6429.5,6429.5
1774634400,6429.5,6431.5,6419.25,6425.75,6425.75,6425.75
1774636200,6425.5,6435.25,6419.75,6421.5,6421.5,6421.5
1774638000,6421.5,6424.75,6412.5,6416,6416,6416
1774639800,6416,6421,6398.25,6407.25,6407.25,6407.25
1774641600,6407,6412.25,6399.5,6402.25,,6402.25
1774877400,6467.75,6471.25,6413.75,6417.5,6417.5,6417.5
1774879200,6417.5,6435.5,6417,6426,6426,6426
1774881000,6426,6443.5,6414.5,6442.75,6442.75,6442.75
1774882800,6442.5,6455.75,6423,6432,6432,6432
1774884600,6431.75,6452.5,6427.75,6441,6441,6441
1774886400,6441,6442.25,6418.75,6419.75,6419.75,6419.75
1774888200,6419.75,6427.25,6417,6420,6420,6420
1774890000,6420,6425.5,6399.5,6401,6401,6401
1774891800,6401,6413.5,6393.75,6402.75,6402.75,6402.75
1774893600,6402.5,6404.75,6389.75,6390.25,6390.25,6390.25
1774895400,6390.25,6399.25,6381.75,6384.75,6384.75,6384.75
1774897200,6384.75,6386.75,6359.5,6362.5,6362.5,6362.5
1774899000,6362.75,6394.25,6360.25,6387.75,6387.75,6387.75
1774900800,6388,6388.5,6377,6378,,6378
1774963800,6457.25,6495,6450.5,6494,6494,6494
1774965600,6494.5,6497.25,6476.25,6492.75,6492.75,6492.75
1774967400,6492.5,6494.25,6447,6454,6454,6454
1774969200,6454.25,6490.5,6453.5,6474.5,6474.5,6474.5
1774971000,6474.25,6480.5,6464.25,6465.25,6465.25,6465.25
1774972800,6465.25,6494.25,6462.5,6489,6489,6489
1774974600,6489,6563.5,6484.25,6534.75,6534.75,6534.75
1774976400,6534.75,6554,6529.25,6538,6538,6538
1774978200,6538,6552.5,6529.25,6532,6532,6532
1774980000,6532,6550.5,6531.75,6545,6545,6545
1774981800,6545,6557.25,6539.75,6554.25,6554.25,6554.25
1774983600,6554.5,6566.75,6548,6561.5,6561.5,6561.5
1774985400,6561.75,6583.25,6560,6569,6569,6569
1774987200,6569.25,6574,6562,6571.5,,6571.5
1775050200,6606.25,6628.5,6598,6611.25,6611.25,6611.25
1775052000,6611.25,6623.25,6606.75,6618.5,6618.5,6618.5
1775053800,6618.5,6637,6604.75,6633.5,6633.5,6633.5
1775055600,6633.5,6639.5,6631.5,6631.75,6631.75,6631.75
1775057400,6632,6649.75,6627.25,6647,6647,6647
1775059200,6647,6649.5,6639,6640,6640,6640
1775061000,6640,6648,6636.25,6646,6646,6646
1775062800,6646.25,6653.75,6645,6651.25,6651.25,6651.25
1775064600,6651.25,6652.75,6635.5,6635.75,6635.75,6635.75
1775066400,6635.75,6637.25,6605.75,6609.75,6609.75,6609.75
1775068200,6609.75,6622.25,6604,6611.5,6611.5,6611.5
1775070000,6611.5,6631,6610,6628.25,6628.25,6628.25
1775071800,6628.25,6634.75,6614.5,6619.5,6619.5,6619.5
1775073600,6619.5,6623.75,6616,6622.25,,6622.25
1775136600,6527.75,6563,6514.25,6560.25,6560.25,6560.25
1775138400,6560.25,6575,6549.5,6567.75,6567.75,6567.75
1775140200,6567.75,6644.5,6565.25,6618.75,6618.75,6618.75
1775142000,6619,6624.5,6602.75,6617.75,6617.75,6617.75
1775143800,6617.75,6623.75,6595.25,6605.25,6605.25,6605.25
1775145600,6605,6611.75,6586.5,6592,6592,6592
1775147400,6591.75,6614.25,6590,6600.25,6600.25,6600.25
1775149200,6600.25,6615.25,6594.5,6611,6611,6611
1775151000,6611,6612.25,6590.25,6597.25,6597.25,6597.25
1775152800,6597,6609,6597,6599.75,6599.75,6599.75
1775154600,6600,6615.25,6598.5,6609,6609,6609
1775156400,6609.25,6617.5,6605.5,6608,6608,6608
1775158200,6608,6625.25,6605,6623.25,6623.25,6623.25
1775160000,6623.25,6625,6619.25,6623.25,,6623.25
1775482200,6621.75,6649.25,6617.75,6649.25,6649.25,6649.25
1775484000,6649,6661,6624,6648.25,6648.25,6648.25
1775485800,6648.25,6654.5,6630,6638.5,6638.5,6638.5
1775487600,6638.75,6644.25,6630,6633,6633,6633
1775489400,6632.75,6643.5,6626.5,6642.25,6642.25,6642.25
1775491200,6642.5,6644.25,6635.75,6641.5,6641.5,6641.5
1775493000,6641.5,6649,6639.25,6643,6643,6643
1775494800,6643.25,6643.75,6618.75,6637.75,6637.75,6637.75
1775496600,6637.75,6644,6627.5,6628.25,6628.25,6628.25
1775498400,6628.5,6650.25,6626,6646.25,6646.25,6646.25
1775500200,6646.5,6649.25,6641,6647,6647,6647
1775502000,6647,6648,6642.25,6642.5,6642.5,6642.5
1775503800,6642.75,6653.5,6641.75,6653,6653,6653
1775505600,6653,6654.25,6647,6648.25,,6648.25
1775568600,6629.5,6639,6602.25,6602.75,6602.75,6602.75
1775570400,6603,6610.5,6581.5,6606.75,6606.75,6606.75
1775572200,6606.75,6616.5,6587.75,6588.5,6588.5,6588.5
1775574000,6588.5,6601,6572.75,6594.75,6594.75,6594.75
1775575800,6595,6606.25,6588,6600.75,6600.75,6600.75
1775577600,6600.5,6633,6600.25,6622,6622,6622
1775579400,6621.75,6631.75,6616,6623.5,6623.5,6623.5
1775581200,6623.25,6631.75,6617.25,6620.75,6620.75,6620.75
1775583000,6620.75,6646.5,6619.25,6630,6630,6630
1775584800,6630.25,6633,6623,6624.5,6624.5,6624.5
1775586600,6624.25,6626.25,6597,6602.25,6602.25,6602.25
1775588400,6602.5,6645,6596.75,6629.75,6629.75,6629.75
1775590200,6629.75,6659.5,6622,6655.5,6655.5,6655.5
1775592000,6655.5,6664.75,6649.25,6662.75,,6662.75
1775655000,6829.5,6836.75,6805,6811.75,6811.75,6811.75
1775656800,6811.75,6818.5,6805.5,6806.5,6806.5,6806.5
1775658600,6806.5,6809,6780,6794,6794,6794
1775660400,6793.75,6805.25,6789.75,6795.25,6795.25,6795.25
1775662200,6795.5,6816.25,6795.25,6814,6814,6814
1775664000,6814,6822.25,6809.75,6815,6815,6815
1775665800,6815.25,6827.5,6813.75,6825.75,6825.75,6825.75
1775667600,6826,6829.75,6813,6815.75,6815.75,6815.75
1775669400,6815.5,6823.5,6812.5,6822.75,6822.75,6822.75
1775671200,6823,6831.25,6808,6813.75,6813.75,6813.75
1775673000,6813.75,6818.5,6793,6794,6794,6794
1775674800,6794,6809.5,6792.5,6799.5,6799.5,6799.5
1775676600,6799.5,6825.25,6799,6823.5,6823.5,6823.5
1775678400,6823.5,6827,6819,6820.5,,6820.5
1775741400,6812.75,6821.75,6808.75,6816.75,6816.75,6816.75
1775743200,6816.5,6821,6803,6806.75,6806.75,6806.75
1775745000,6806.75,6819,6801.75,6816.75,6816.75,6816.75
1775746800,6816.75,6829.5,6809.5,6823.25,6823.25,6823.25
1775748600,6823.25,6853.25,6821.25,6852.25,6852.25,6852.25
1775750400,6852.25,6872,6852.25,6863.25,6863.25,6863.25
1775752200,6863.25,6865.25,6853.5,6862.75,6862.75,6862.75
1775754000,6863,6874.75,6861.75,6867.25,6867.25,6867.25
1775755800,6867.25,6876,6860.5,6869.75,6869.75,6869.75
1775757600,6869.75,6870.5,6850,6852.75,6852.75,6852.75
1775759400,6852.5,6858.25,6848,6855.25,6855.25,6855.25
1775761200,6855.25,6866.75,6853.5,6863,6863,6863
1775763000,6863.25,6871.25,6861.5,6861.75,6861.75,6861.75
1775764800,6861.75,6863.5,6856.25,6859.25,,6859.25
1775827800,6875,6881.5,6864,6870,6870,6870
1775829600,6869.75,6878.25,6862.5,6877.75,6877.75,6877.75
1775831400,6877.75,6882,6866.25,6875.75,6875.75,6875.75
1775833200,6876,6883,6871.25,6875,6875,6875
1775835000,6874.75,6877,6853.5,6856.75,6856.75,6856.75
1775836800,6856.75,6863.25,6853.25,6857.25,6857.25,6857.25
1775838600,6857.25,6859.5,6847,6856.75,6856.75,6856.75
1775840400,6856.75,6857,6847.75,6848.25,6848.25,6848.25
1775842200,6848.25,6857.5,6846.25,6856.75,6856.75,6856.75
1775844000,6856.75,6859.5,6850.75,6856.5,6856.5,6856.5
1775845800,6856.5,6857,6850.75,6855.5,6855.5,6855.5
1775847600,6855.75,6862.25,6855.25,6858.75,6858.75,6858.75
1775849400,6858.75,6858.75,6848.75,6855.5,6855.5,6855.5
1775851200,6855.5,6857.5,6851,6856.25,,6856.25
1776087000,6834.75,6859,6826.5,6858.5,6858.5,6858.5
1776088800,6858,6861.5,6845,6857,6857,6857
1776090600,6857.25,6868.25,6854.25,6867,6867,6867
1776092400,6866.75,6867,6856,6856.5,6856.5,6856.5
1776094200,6856.5,6864,6853.75,6856.25,6856.25,6856.25
1776096000,6856,6878,6851.25,6875.5,6875.5,6875.5
1776097800,6875.5,6890,6868.5,6884.75,6884.75,6884.75
1776099600,6884.75,6890,6882.5,6886.5,6886.5,6886.5
1776101400,6886.5,6888.75,6880.25,6883.25,6883.25,6883.25
1776103200,6883.25,6888.5,6883,6885.5,6885.5,6885.5
1776105000,6885.5,6896.75,6884.5,6894.75,6894.75,6894.75
1776106800,6894.75,6900.25,6892,6900,6900,6900
1776108600,6899.75,6924.75,6898.25,6921.25,6921.25,6921.25
1776110400,6921.25,6925.5,6919.25,6923.25,,6923.25
1776173400,6937.75,6961.25,6937.5,6956.5,6956.5,6956.5
1776175200,6956.5,6972.25,6956,6971.75,6971.75,6971.75
1776177000,6971.5,6979,6967.75,6977,6977,6977
1776178800,6977,6987,6970.75,6984.75,6984.75,6984.75
1776180600,6984.75,6995.25,6984.5,6990.5,6990.5,6990.5
1776182400,6990.75,6999.25,6989.75,6998.25,6998.25,6998.25
1776184200,6998.25,6999.5,6990,6991.25,6991.25,6991.25
1776186000,6991.5,7002.5,6991.25,6999.5,6999.5,6999.5
1776187800,6999.5,7003.25,6998,6999.5,6999.5,6999.5
1776189600,6999.5,7001.5,6983.25,6988.25,6988.25,6988.25
1776191400,6988,6994,6985,6989.75,6989.75,6989.75
1776193200,6989.5,7005,6988.75,7004.5,7004.5,7004.5
1776195000,7004.75,7008,6997,7006,7006,7006
1776196800,7006,7007.25,7000.5,7003.25,,7003.25
1776259800,7014.25,7024.75,7004,7018,7018,7018
1776261600,7017.75,7031,7011.5,7031,7031,7031
1776263400,7031,7033,7020.75,7029,7029,7029
1776265200,7029.25,7037.5,7026,7035.75,7035.75,7035.75
1776267000,7035.75,7037.5,7030.25,7032,7032,7032
1776268800,7032,7040.25,7029.75,7035.75,7035.75,7035.75
1776270600,7035.75,7037.25,7019.25,7027.25,7027.25,7027.25
1776272400,7027.25,7038.25,7026.5,7036.25,7036.25,7036.25
1776274200,7036.25,7042.25,7035,7037,7037,7037
1776276000,7036.75,7048.75,7033.75,7047,7047,7047
1776277800,7047,7060.5,7046.75,7058.25,7058.25,7058.25
1776279600,7058.5,7062.25,7055.5,7061.75,7061.75,7061.75
1776281400,7061.75,7064.5,7054.25,7060,7060,7060
1776283200,7060.25,7062.5,7054.25,7056,,7056
1776346200,7071.5,7074,7046.5,7056.25,7056.25,7056.25
1776348000,7056,7062.5,7047.75,7052.5,7052.5,7052.5
1776349800,7052.5,7063,7049.75,7060.5,7060.5,7060.5
1776351600,7060.25,7081.75,7060.25,7069.25,7069.25,7069.25
1776353400,7069.25,7085.75,7067.5,7084,7084,7084
1776355200,7084,7089,7080.25,7081.75,7081.75,7081.75
1776357000,7081.75,7082.25,7063.25,7069.5,7069.5,7069.5
1776358800,7069.75,7071,7059.5,7068.25,7068.25,7068.25
1776360600,7068.5,7076.5,7062.75,7067.75,7067.75,7067.75
1776362400,7067.5,7073.5,7056.25,7059.5,7059.5,7059.5
1776364200,7059.5,7072,7059.25,7068.75,7068.75,7068.75
1776366000,7068.75,7073.75,7067.5,7070.5,7070.5,7070.5
1776367800,7070.75,7080.75,7069.75,7076.75,7076.75,7076.75
1776369600,7076.75,7078.5,7074.5,7075.5,,7075.5
1776432600,7121.25,7143.75,7117,7143.5,7143.5,7143.5
1776434400,7143.5,7155.75,7141.5,7153.25,7153.25,7153.25
1776436200,7153.5,7174.75,7153,7166,7166,7166
1776438000,7166,7173,7159.5,7167.5,7167.5,7167.5
1776439800,7167.5,7175,7165.5,7169,7169,7169
1776441600,7169.25,7178.25,7166.75,7177.25,7177.25,7177.25
1776443400,7177.25,7185.75,7177,7181,7181,7181
1776445200,7181.25,7183.75,7151.5,7160.5,7160.5,7160.5
1776447000,7160.25,7169,7157.25,7164.5,7164.5,7164.5
1776448800,7164.75,7166.75,7152.75,7159.5,7159.5,7159.5
1776450600,7159.75,7165.5,7153.5,7158,7158,7158
1776452400,7157.75,7160.5,7151,7153.75,7153.75,7153.75
1776454200,7154,7165.5,7153.75,7161.5,7161.5,7161.5
1776456000,7161.5,7166.25,7160.75,7165.25,,7165.25
1776691800,7148.25,7159.5,7142.25,7156.75,7156.75,7156.75
1776693600,7157,7157.5,7146.75,7149.75,7149.75,7149.75
1776695400,7149.75,7150.5,7124.75,7131.75,7131.75,7131.75
1776697200,7131.75,7145.25,7121.5,7143,7143,7143
1776699000,7143.25,7143.25,7131.25,7136,7136,7136
1776700800,7136.25,7138.25,7130.25,7136.5,7136.5,7136.5
1776702600,7136.75,7141.25,7134,7136.75,7136.75,7136.75
1776704400,7136.75,7144.25,7132.75,7140.25,7140.25,7140.25
1776706200,7140,7143,7136.25,7137.75,7137.75,7137.75
1776708000,7137.75,7146.5,7135,7143.5,7143.5,7143.5
1776709800,7143.75,7146.75,7139,7143,7143,7143
1776711600,7143.25,7146,7140,7140.75,7140.75,7140.75
1776713400,7140.5,7149.25,7136.5,7148.25,7148.25,7148.25
1776715200,7148.25,7149.5,7146.5,7146.5,,7146.5
1776778200,7162.5,7168.5,7147,7167.5,7167.5,7167.5
1776780000,7167.75,7172.5,7161.25,7165.5,7165.5,7165.5
1776781800,7165.5,7167.5,7134,7135.25,7135.25,7135.25
1776783600,7135.5,7141.5,7120.75,7126.25,7126.25,7126.25
1776785400,7126.25,7134.25,7119.25,7126.5,7126.5,7126.5
1776787200,7126.5,7138.25,7121.75,7122.75,7122.75,7122.75
1776789000,7122.75,7131,7113.5,7114.75,7114.75,7114.75
1776790800,7114.5,7122,7096.75,7105.5,7105.5,7105.5
1776792600,7105.5,7133.25,7105,7116.75,7116.75,7116.75
1776794400,7116.75,7123.5,7105.5,7109.75,7109.75,7109.75
1776796200,7110,7128,7109,7122,7122,7122
1776798000,7122.25,7137.5,7121,7136.75,7136.75,7136.75
1776799800,7136.75,7138.5,7085,7100.5,7100.5,7100.5
1776801600,7100.75,7140,7091.75,7124.75,,7124.75
1776864600,7150.25,7153.5,7140.75,7152.75,7152.75,7152.75
1776866400,7152.75,7166.25,7146.25,7164.5,7164.5,7164.5
1776868200,7164.25,7165.75,7153.25,7159.25,7159.25,7159.25
1776870000,7159.25,7164,7151.75,7160.75,7160.75,7160.75
1776871800,7160.75,7163.25,7150,7154.75,7154.75,7154.75
1776873600,7155,7160.25,7148.75,7150,7150,7150
1776875400,7150,7155.5,7146.5,7147.75,7147.75,7147.75
1776877200,7147.75,7163,7147.75,7159,7159,7159
1776879000,7159.25,7162.75,7156.75,7158.25,7158.25,7158.25
1776880800,7158.25,7160.5,7150.5,7152.75,7152.75,7152.75
1776882600,7152.75,7159.5,7151.75,7154.5,7154.5,7154.5
1776884400,7154.5,7164,7150,7162.75,7162.75,7162.75
1776886200,7162.75,7173,7159.5,7170.25,7170.25,7170.25
1776888000,7170.25,7173,7163.25,7163.75,,7163.75
1776951000,7152.25,7171,7149.75,7159.75,7159.75,7159.75
1776952800,7159.75,7167.25,7149,7163,7163,7163
1776954600,7163,7178.5,7161.75,7175,7175,7175
1776956400,7175,7180.5,7171.75,7177.75,7177.75,7177.75
1776958200,7177.75,7181.5,7164.25,7168.75,7168.75,7168.75
1776960000,7168.5,7169.75,7160.25,7164.75,7164.75,7164.75
1776961800,7164.5,7170.25,7163,7166.25,7166.25,7166.25
1776963600,7166.25,7168.25,7115.5,7117,7117,7117
1776965400,7117.25,7133.75,7079.25,7123.5,7123.5,7123.5
1776967200,7123.25,7143.25,7119,7142.5,7142.5,7142.5
1776969000,7142.25,7152.25,7124.5,7128.25,7128.25,7128.25
1776970800,7128.25,7144,7124.5,7141.25,7141.25,7141.25
1776972600,7141.25,7146.75,7121.5,7141.75,7141.75,7141.75
1776974400,7142,7144.5,7133,7134,,7134
1777037400,7162.5,7166.75,7145,7154.75,7154.75,7154.75
1777039200,7154.75,7162.5,7146.5,7154,7154,7154
1777041000,7154,7171.75,7149.5,7170,7170,7170
1777042800,7170,7177,7167.5,7174,7174,7174
1777044600,7174.25,7197.25,7170.5,7193.5,7193.5,7193.5
1777046400,7193.5,7195.75,7185.25,7189,7189,7189
1777048200,7189,7194.5,7184.25,7191.5,7191.5,7191.5
1777050000,7191.5,7193.5,7183,7186,7186,7186
1777051800,7186,7200.5,7182.75,7192.25,7192.25,7192.25
1777053600,7192.25,7193.5,7184.75,7185.5,7185.5,7185.5
1777055400,7185.5,7192,7185.25,7190.75,7190.75,7190.75
1777057200,7191,7200,7190.75,7193,7193,7193
1777059000,7193,7199,7189.75,7194.75,7194.75,7194.75
1777060800,7194.5,7197.25,7190.75,7192.5,,7192.5
1777296600,7186.25,7198.5,7180.25,7195.5,7195.5,7195.5
1777298400,7195.5,7197.25,7188,7189.25,7189.25,7189.25
1777300200,7189.25,7199,7185.25,7190.75,7190.75,7190.75
1777302000,7191,7192.75,7177,7184.5,7184.5,7184.5
1777303800,7184.5,7189.5,7182,7188.75,7188.75,7188.75
1777305600,7188.75,7196,7186.25,7193.5,7193.5,7193.5
1777307400,7193.5,7197.75,7193.25,7196,7196,7196
1777309200,7196.25,7202,7193.75,7201,7201,7201
1777311000,7201,7207.25,7200.75,7203.5,7203.5,7203.5
1777312800,7203.5,7207.25,7202,7205.75,7205.75,7205.75
1777314600,7205.5,7207,7201.75,7203,7203,7203
1777316400,7203.25,7206.75,7201.5,7206,7206,7206
1777318200,7206,7211.25,7203.5,7207.25,7207.25,7207.25
1777320000,7207,7208,7203.25,7204.75,,7204.75
1777383000,7172,7183,7161.75,7169.5,7169.5,7169.5
1777384800,7169.75,7177.5,7163.5,7166.5,7166.5,7166.5
1777386600,7166.5,7169.75,7146.25,7159,7159,7159
1777388400,7158.75,7164.75,7152,7152.75,7152.75,7152.75
1777390200,7153,7155.5,7147.75,7153.75,7153.75,7153.75
1777392000,7153.75,7159.75,7151.75,7157.25,7157.25,7157.25
1777393800,7157.25,7158.25,7147.25,7155.5,7155.5,7155.5
1777395600,7155.5,7157.5,7148,7154.75,7154.75,7154.75
1777397400,7155,7165.5,7154.75,7164.5,7164.5,7164.5
1777399200,7164.5,7170.5,7161.5,7167.5,7167.5,7167.5
1777401000,7167.5,7170,7162,7169.25,7169.25,7169.25
1777402800,7169.25,7176.25,7168.25,7170.25,7170.25,7170.25
1777404600,7170.25,7174.5,7166.25,7171.5,7171.5,7171.5
1777406400,7171.5,7176.25,7167.5,7173.25,,7173.25
1777469400,7163.25,7165,7149.5,7160.75,7160.75,7160.75
1777471200,7160.75,7169.75,7155.75,7168,7168,7168
1777473000,7168.25,7175.25,7166.25,7168,7168,7168
1777474800,7167.75,7168.5,7154.25,7162,7162,7162
1777476600,7161.75,7164,7145.25,7153.5,7153.5,7153.5
1777478400,7153.75,7160.75,7149,7150.75,7150.75,7150.75
1777480200,7150.75,7153.75,7142,7150.25,7150.25,7150.25
1777482000,7150,7154.75,7145.25,7152.25,7152.25,7152.25
1777483800,7152.5,7160.75,7151,7159.25,7159.25,7159.25
1777485600,7159.25,7160.25,7137.5,7145.75,7145.75,7145.75
1777487400,7145.75,7160,7137,7158.75,7158.75,7158.75
1777489200,7159,7168.25,7153,7162,7162,7162
1777491000,7162,7170.75,7154,7170.25,7170.25,7170.25
1777492800,7170.5,7190.75,7135.25,7137.75,,7137.75
1777555800,7200,7200.75,7160.25,7165.25,7165.25,7165.25
1777557600,7165.25,7176.5,7157.25,7173.25,7173.25,7173.25
1777559400,7173.25,7194.75,7164.75,7192,7192,7192
1777561200,7192,7199.5,7188.75,7197.75,7197.75,7197.75
1777563000,7197.5,7204.25,7187.75,7199.25,7199.25,7199.25
1777564800,7199.5,7207.5,7194.25,7205.5,7205.5,7205.5
1777566600,7205.5,7207,7192.5,7197,7197,7197
1777568400,7197.25,7213,7196.75,7212,7212,7212
1777570200,7212,7225.5,7212,7224.75,7224.75,7224.75
1777572000,7224.75,7235,7224.25,7232.5,7232.5,7232.5
1777573800,7232.5,7242,7232.25,7237.5,7237.5,7237.5
1777575600,7237.5,7248,7236.25,7245,7245,7245
1777577400,7245,7251.75,7237.25,7238.25,7238.25,7238.25
1777579200,7238,7247,7238,7245,,7245
1777642200,7264.5,7293.25,7258.75,7293.25,7293.25,7293.25
1777644000,7293,7300.75,7289.5,7294.5,7294.5,7294.5
1777645800,7294.5,7294.75,7274.5,7278.5,7278.5,7278.5
1777647600,7278.75,7285.25,7272,7284.25,7284.25,7284.25
1777649400,7284.5,7295.75,7278.5,7285.25,7285.25,7285.25
1777651200,7285.25,7287.75,7270.25,7272.75,7272.75,7272.75
1777653000,7272.75,7275,7266,7270.25,7270.25,7270.25
1777654800,7270,7281,7269.75,7280.75,7280.75,7280.75
1777656600,7280.75,7283.75,7277.5,7279.5,7279.5,7279.5
1777658400,7279.5,7280.75,7266.25,7272.75,7272.75,7272.75
1777660200,7272.75,7273.5,7259,7262.75,7262.75,7262.75
1777662000,7262.75,7277,7262,7275.25,7275.25,7275.25
1777663800,7275.5,7276.5,7255.5,7257.5,7257.5,7257.5
1777665600,7257.5,7258.25,7252,7254.25,,7254.25
1777901400,7250.5,7257.75,7242.25,7257.75,7257.75,7257.75
1777903200,7257.5,7267,7248,7262.25,7262.25,7262.25
1777905000,7262.25,7271,7257,7258.75,7258.75,7258.75
1777906800,7259,7264.25,7223.75,7234,7234,7234
1777908600,7234,7235,7218.75,7225.25,7225.25,7225.25
1777910400,7225.25,7228.25,7199.5,7219.25,7219.25,7219.25
1777912200,7219.5,7226.25,7212.75,7215,7215,7215
1777914000,7214.75,7236.25,7214.25,7235.25,7235.25,7235.25
1777915800,7235.5,7236,7225.25,7232.75,7232.75,7232.75
1777917600,7233,7239.5,7221,7227,7227,7227
1777919400,7227,7228,7217.5,7223.75,7223.75,7223.75
1777921200,7224,7231.5,7220.5,7226.75,7226.75,7226.75
1777923000,7226.75,7231.5,7223.25,7231,7231,7231
1777924800,7231.25,7231.5,7222.75,7225.25,,7225.25
1777987800,7267.5,7277.25,7264.25,7275,7275,7275
1777989600,7275,7286.25,7266.75,7282.5,7282.5,7282.5
1777991400,7282.5,7283.5,7273,7280.75,7280.75,7280.75
1777993200,7280.5,7285.75,7279.25,7284.25,7284.25,7284.25
1777995000,7284.25,7284.75,7278.5,7279.5,7279.5,7279.5
1777996800,7279.75,7288,7279,7285.25,7285.25,7285.25
1777998600,7285.25,7286.75,7281.75,7284,7284,7284
1778000400,7284,7288,7280.25,7287.75,7287.75,7287.75
1778002200,7287.75,7291.5,7286.25,7289.25,7289.25,7289.25
1778004000,7289.25,7296.25,7289,7293.75,7293.75,7293.75
1778005800,7294,7294.5,7290.25,7292.75,7292.75,7292.75
1778007600,7292.75,7299.75,7292.25,7296.5,7296.5,7296.5
1778009400,7296.5,7298.5,7282.5,7287,7287,7287
1778011200,7286.75,7290.75,7286,7290.25,,7290.25
1778074200,7331,7347.5,7327.25,7346,7346,7346
1778076000,7346,7356.5,7336.25,7350,7350,7350
1778077800,7350,7372,7349.75,7371.25,7371.25,7371.25
1778079600,7371.5,7375,7363.75,7369.75,7369.75,7369.75
1778081400,7370,7371,7358.75,7365.75,7365.75,7365.75
1778083200,7365.75,7369.75,7364,7367,7367,7367
1778085000,7366.75,7367.75,7354.5,7359,7359,7359
1778086800,7359.25,7367.75,7355.5,7366,7366,7366
1778088600,7366,7371,7364.75,7371,7371,7371
1778090400,7371,7381.75,7369.75,7380,7380,7380
1778092200,7380.25,7384.5,7376.75,7379.25,7379.25,7379.25
1778094000,7379.25,7390,7379,7388.5,7388.5,7388.5
1778095800,7388.25,7395.75,7385.25,7386.75,7386.75,7386.75
1778097600,7386.75,7395.75,7385,7394,,7394
1778160600,7399.25,7400.25,7383.75,7387.5,7387.5,7387.5
1778162400,7387.5,7398.75,7387.25,7393.75,7393.75,7393.75
1778164200,7394,7409.5,7393,7409.25,7409.25,7409.25
1778166000,7409.5,7410,7391.25,7397.5,7397.5,7397.5
1778167800,7397.5,7404.75,7386,7388,7388,7388
1778169600,7388,7388.5,7365.75,7382,7382,7382
1778171400,7381.75,7386.5,7364,7368.5,7368.5,7368.5
1778173200,7368.5,7374.75,7345.75,7354.25,7354.25,7354.25
1778175000,7354.5,7366.25,7349.5,7365.25,7365.25,7365.25
1778176800,7365.25,7370.5,7358.75,7361.25,7361.25,7361.25
1778178600,7361,7367.5,7345.5,7359.75,7359.75,7359.75
1778180400,7359.75,7363.75,7348.5,7354,7354,7354
1778182200,7353.75,7367.5,7352.5,7364.25,7364.25,7364.25
1778184000,7364.5,7378.75,7355,7369.5,,7369.5
1778247000,7395.75,7413.75,7391.75,7413.5,7413.5,7413.5
1778248800,7413.25,7422.75,7409.25,7415.25,7415.25,7415.25
1778250600,7415.25,7422,7408.25,7417.75,7417.75,7417.75
1778252400,7417.75,7420.75,7407.25,7416,7416,7416
1778254200,7416,7420.5,7410,7416,7416,7416
1778256000,7415.75,7424.25,7415.5,7422.25,7422.25,7422.25
1778257800,7422.5,7423.25,7415,7415.75,7415.75,7415.75
1778259600,7415.75,7425,7414.75,7423.5,7423.5,7423.5
1778261400,7423.5,7426,7417.5,7418.75,7418.75,7418.75
1778263200,7418.75,7427.75,7418.5,7424,7424,7424
1778265000,7424.25,7426.75,7407.5,7410.75,7410.75,7410.75
1778266800,7410.5,7418.75,7410,7412.75,7412.75,7412.75
1778268600,7413,7422,7411.5,7421,7421,7421
1778270400,7421,7425,7418.5,7420.5,,7420.5
1778506200,7410,7437.25,7410,7432.75,7432.75,7432.75
1778508000,7432.5,7442,7430.25,7430.25,7430.25,7430.25
1778509800,7430.25,7445.75,7421.5,7443,7443,7443
1778511600,7442.75,7447.25,7435.75,7447,7447,7447
1778513400,7447,7449.75,7443.25,7448.5,7448.5,7448.5
1778515200,7448.25,7450.5,7445.5,7449.5,7449.5,7449.5
1778517000,7449.5,7450.5,7434.25,7439.5,7439.5,7439.5
1778518800,7439.5,7444.75,7434.75,7444,7444,7444
1778520600,7444,7454.75,7444,7448,7448,7448
1778522400,7448.25,7452.75,7447,7449.5,7449.5,7449.5
1778524200,7449.75,7449.75,7431,7431.25,7431.25,7431.25
1778526000,7431.5,7438,7427.5,7431.25,7431.25,7431.25
1778527800,7431.25,7439,7427.75,7438.75,7438.75,7438.75
1778529600,7438.75,7440.25,7426,7434.5,,7434.5
1778592600,7414,7417.5,7393.5,7396.25,7396.25,7396.25
1778594400,7396,7408.75,7390.5,7394.25,7394.25,7394.25
1778596200,7394.25,7397,7380,7383,7383,7383
1778598000,7383,7385.5,7363.25,7368.25,7368.25,7368.25
1778599800,7368.25,7382.75,7366,7369.75,7369.75,7369.75
1778601600,7370,7380,7366.25,7372.5,7372.5,7372.5
1778603400,7372.5,7375.5,7363.5,7366.25,7366.25,7366.25
1778605200,7366.25,7395.75,7365.25,7388.75,7388.75,7388.75
1778607000,7388.75,7397.25,7386.75,7396,7396,7396
1778608800,7396,7410,7391.75,7407,7407,7407
1778610600,7407,7410.5,7402.75,7405.25,7405.25,7405.25
1778612400,7405.25,7419.5,7404.75,7416,7416,7416
1778614200,7416,7433.75,7415.75,7428.25,7428.25,7428.25
1778616000,7428,7428.75,7415.75,7420,,7420
1778679000,7429.25,7429.5,7399,7413.5,7413.5,7413.5
1778680800,7413.25,7432,7412.25,7427.5,7427.5,7427.5
1778682600,7427.5,7434.5,7422,7433,7433,7433
1778684400,7433,7438.25,7431.25,7437.25,7437.25,7437.25
1778686200,7437.25,7447,7434,7442,7442,7442
1778688000,7442,7464.75,7439.75,7462.5,7462.5,7462.5
1778689800,7462.25,7467.75,7458.75,7465.25,7465.25,7465.25
1778691600,7465.5,7474,7465.5,7471,7471,7471
1778693400,7470.75,7472.5,7466,7466.25,7466.25,7466.25
1778695200,7466.25,7483.75,7465.75,7480.25,7480.25,7480.25
1778697000,7480.25,7480.25,7470.75,7471.5,7471.5,7471.5
1778698800,7471.5,7482.25,7471.25,7479.75,7479.75,7479.75
1778700600,7479.75,7481.25,7467.75,7468.5,7468.5,7468.5
1778702400,7468.75,7473.75,7466.5,7472.5,,7472.5
1778765400,7481,7503.25,7479.75,7488.5,7488.5,7488.5
1778767200,7488.5,7508,7486.75,7503.75,7503.75,7503.75
1778769000,7503.75,7520,7501.5,7516.5,7516.5,7516.5
1778770800,7516.5,7533,7515.75,7530,7530,7530
1778772600,7529.75,7537.5,7526.75,7537.25,7537.25,7537.25
1778774400,7537,7540,7522.75,7524.25,7524.25,7524.25
1778776200,7524.5,7527.75,7515.75,7522.75,7522.75,7522.75
1778778000,7522.5,7527.5,7507,7513.5,7513.5,7513.5
1778779800,7513.5,7527,7511,7521.5,7521.5,7521.5
1778781600,7521.5,7527.5,7511,7519.75,7519.75,7519.75
1778783400,7520,7528,7517.75,7527.5,7527.5,7527.5
1778785200,7527.5,7531.25,7524.25,7525,7525,7525
1778787000,7525.25,7531.25,7522.5,7526,7526,7526
1778788800,7526,7530,7525.75,7527,,7527
1778851800,7459.5,7462,7420.25,7432.25,7432.25,7432.25
1778853600,7432.5,7467.75,7430.25,7452.25,7452.25,7452.25
1778855400,7452.5,7463.75,7444.25,7450.5,7450.5,7450.5
1778857200,7450.5,7458.75,7442,7453.5,7453.5,7453.5
1778859000,7453.25,7460.5,7431.75,7443.75,7443.75,7443.75
1778860800,7443.75,7454.75,7437.25,7454,7454,7454
1778862600,7454,7458,7443,7450.25,7450.25,7450.25
1778864400,7450.5,7470.5,7447.5,7466.5,7466.5,7466.5
1778866200,7466.5,7471,7461.5,7470.75,7470.75,7470.75
1778868000,7470.75,7475.75,7456,7458.25,7458.25,7458.25
1778869800,7458.25,7459.75,7445.25,7457,7457,7457
1778871600,7457,7458.5,7441,7442.75,7442.75,7442.75
1778873400,7442.5,7449.5,7427,7432.5,7432.5,7432.5
1778875200,7432.5,7433,7409.25,7419.75,,7419.75
1779111000,7438.5,7454.25,7415.25,7445.75,7445.75,7445.75
1779112800,7445.75,7448,7425.75,7435.25,7435.25,7435.25
1779114600,7435,7438.5,7404.25,7423,7423,7423
1779116400,7423,7430.5,7395.25,7396.25,7396.25,7396.25
1779118200,7396.25,7414,7391.75,7403,7403,7403
1779120000,7403,7419,7384.75,7388.25,7388.25,7388.25
1779121800,7388.25,7413.5,7381.75,7404.75,7404.75,7404.75
1779123600,7405,7414.75,7399.25,7413.5,7413.5,7413.5
1779125400,7413.5,7414,7402,7410,7410,7410
1779127200,7410,7411.25,7376.5,7387,7387,7387
1779129000,7387,7391.75,7373.5,7376.5,7376.5,7376.5
1779130800,7376.5,7420.5,7376,7395,7395,7395
1779132600,7395,7428,7392.75,7426.25,7426.25,7426.25
1779134400,7426.25,7428.25,7417,7422,,7422
1779197400,7386.75,7402,7370,7392.5,7392.5,7392.5
1779199200,7392.25,7393,7356.25,7363.25,7363.25,7363.25
1779201000,7363.25,7374,7354.25,7370.75,7370.75,7370.75
1779202800,7370.75,7378.75,7355.75,7361.25,7361.25,7361.25
1779204600,7361.25,7378.5,7359.25,7368.75,7368.75,7368.75
1779206400,7368.75,7386.5,7361.75,7384,7384,7384
1779208200,7384,7402,7382.25,7400.25,7400.25,7400.25
1779210000,7400.25,7415.25,7398.25,7409,7409,7409
1779211800,7409,7414.75,7399.25,7406.75,7406.75,7406.75
1779213600,7406.75,7411.75,7396.75,7397.5,7397.5,7397.5
1779215400,7397.5,7402.25,7380,7383,7383,7383
1779217200,7382.75,7400.5,7377.5,7386.5,7386.5,7386.5
1779219000,7386.5,7389.25,7365,7377.5,7377.5,7377.5
1779220800,7377.5,7378.25,7369.5,7374.75,,7374.75
1779283800,7395,7410.5,7380.75,7399.5,7399.5,7399.5
1779285600,7399.75,7423.75,7376.75,7417.75,7417.75,7417.75
1779287400,7417.5,7433.75,7412.75,7430.75,7430.75,7430.75
1779289200,7430.75,7458,7424.5,7431.75,7431.75,7431.75
1779291000,7431.75,7448.5,7431.25,7441.25,7441.25,7441.25
1779292800,7441.5,7444.25,7424,7428,7428,7428
1779294600,7428.25,7439,7423.75,7432.5,7432.5,7432.5
1779296400,7432.75,7442.5,7426.25,7440.25,7440.25,7440.25
1779298200,7440.5,7446,7434.75,7437.25,7437.25,7437.25
1779300000,7437.5,7443.75,7432,7439.75,7439.75,7439.75
1779301800,7439.5,7447.25,7435.25,7440.25,7440.25,7440.25
1779303600,7440.5,7448.5,7439,7447,7447,7447
1779305400,7447,7455,7444.25,7451.5,7451.5,7451.5
1779307200,7451.5,7452,7444.25,7448,,7448
1779370200,7423.75,7439.5,7410.5,7435.25,7435.25,7435.25
1779372000,7435.25,7443.75,7411.5,7422.25,7422.25,7422.25
1779373800,7422.25,7430.25,7413.5,7426.75,7426.75,7426.75
1779375600,7426.75,7431,7408.5,7425.25,7425.25,7425.25
1779377400,7425,7435.75,7415,7430,7430,7430
1779379200,7430.25,7437,7420.75,7425.25,7425.25,7425.25
1779381000,7425.25,7429,7418,7426.25,7426.25,7426.25
1779382800,7426.25,7468,7426.25,7459,7459,7459
1779384600,7459,7486.75,7457,7474.5,7474.5,7474.5
1779386400,7474.5,7478.75,7463,7471,7471,7471
1779388200,7470.75,7474.5,7438,7447.75,7447.75,7447.75
1779390000,7447.5,7466.5,7447.25,7464.5,7464.5,7464.5
1779391800,7464.25,7469.75,7456.75,7465.25,7465.25,7465.25
1779393600,7465.25,7470.25,7463.25,7468.5,,7468.5
1779456600,7496.75,7516.25,7491,7509.75,7509.75,7509.75
1779458400,7510,7510,7478.75,7491.25,7491.25,7491.25
1779460200,7491.25,7501.75,7488.5,7499.5,7499.5,7499.5
1779462000,7499.5,7513.75,7498.75,7513.5,7513.5,7513.5
1779463800,7513.5,7515.25,7507.75,7510.75,7510.75,7510.75
1779465600,7510.75,7512.25,7502.75,7508.25,7508.25,7508.25
1779467400,7508.25,7511,7502.75,7507.25,7507.25,7507.25
1779469200,7507.25,7522.5,7501.5,7522.25,7522.25,7522.25
1779471000,7522,7524,7505.25,7508.25,7508.25,7508.25
1779472800,7508.25,7511.5,7502.5,7507,7507,7507
1779474600,7507.25,7509,7502.25,7505.5,7505.5,7505.5
1779476400,7505.5,7506.75,7489,7489.75,7489.75,7489.75
1779478200,7490,7497,7483.75,7490.75,7490.75,7490.75
1779480000,7491,7495,7487.25,7494.25,,7494.25
1779802200,7534,7545,7525,7541.5,7541.5,7541.5
1779804000,7541.5,7552.75,7539,7549.75,7549.75,7549.75
1779805800,7549.5,7555.25,7545.75,7547.75,7547.75,7547.75
1779807600,7548,7548.75,7530.75,7532,7532,7532
1779809400,7532,7533.75,7517,7523.25,7523.25,7523.25
1779811200,7523,7531.25,7519.75,7530.75,7530.75,7530.75
1779813000,7531,7534,7522,7523.5,7523.5,7523.5
1779814800,7523.5,7528,7518.5,7519.75,7519.75,7519.75
1779816600,7519.75,7526.75,7518.25,7524,7524,7524
1779818400,7523.75,7533.75,7521.5,7530,7530,7530
1779820200,7530,7533.75,7523.75,7524.75,7524.75,7524.75
1779822000,7524.5,7529.25,7522,7528.75,7528.75,7528.75
1779823800,7528.5,7542.5,7528.5,7539.25,7539.25,7539.25
1779825600,7539.25,7540.75,7535.75,7535.75,,7535.75
1779888600,7542,7546.25,7525.5,7538,7538,7538
1779890400,7538,7547,7528.75,7533.75,7533.75,7533.75
1779892200,7533.75,7543.5,7525.75,7530,7530,7530
1779894000,7530,7534.75,7522,7528.5,7528.5,7528.5
1779895800,7528.75,7535,7516.5,7524.25,7524.25,7524.25
1779897600,7524.25,7531.5,7519,7529.5,7529.5,7529.5
1779899400,7529.75,7539.75,7527.75,7531,7531,7531
1779901200,7531,7532,7515,7524.75,7524.75,7524.75
1779903000,7524.75,7533.75,7524.5,7530.75,7530.75,7530.75
1779904800,7530.5,7541.5,7526.5,7540.5,7540.5,7540.5
1779906600,7540.5,7544.25,7537.75,7542,7542,7542
1779908400,7542,7545.25,7536.75,7539.5,7539.5,7539.5
1779910200,7539.25,7542.75,7535.25,7540,7540,7540
1779912000,7539.75,7543.75,7538.5,7543,,7543
1779975000,7535.25,7537.25,7525.25,7535.75,7535.75,7535.75
1779976800,7535.75,7574,7533.25,7561.5,7561.5,7561.5
1779978600,7561.5,7563.75,7551.25,7562.75,7562.75,7562.75
1779980400,7562.75,7575.75,7561.5,7573.5,7573.5,7573.5
1779982200,7573.5,7577,7571.75,7574.75,7574.75,7574.75
1779984000,7574.75,7582.75,7570.75,7578,7578,7578
1779985800,7578,7582.25,7574.5,7581,7581,7581
1779987600,7581,7582.75,7574.75,7576.5,7576.5,7576.5
1779989400,7576.75,7583.75,7575,7581,7581,7581
1779991200,7581,7583,7578,7581.75,7581.75,7581.75
1779993000,7581.75,7582,7576,7576.75,7576.75,7576.75
1779994800,7576.5,7582.25,7575.25,7582.25,7582.25,7582.25
1779996600,7582,7586.5,7579.75,7582,7582,7582
1779998400,7581.75,7590,7580,7589.5,,7589.5
1780061400,7590.75,7610,7586.75,7609,7609,7609
1780063200,7608.75,7611.5,7589.25,7597,7597,7597
1780065000,7596.75,7600.25,7577.5,7590.75,7590.75,7590.75
1780066800,7591,7604.75,7589.25,7598.5,7598.5,7598.5
1780068600,7598.5,7604,7593.25,7594.75,7594.75,7594.75
1780070400,7594.75,7605.25,7593.75,7598,7598,7598
1780072200,7598,7608.5,7595.25,7598.25,7598.25,7598.25
1780074000,7598,7600.5,7592,7596,7596,7596
1780075800,7596.25,7597.25,7582.5,7583.5,7583.5,7583.5
1780077600,7583.25,7594.75,7581.75,7593.5,7593.5,7593.5
1780079400,7593.5,7598.25,7584.5,7585.25,7585.25,7585.25
1780081200,7585.25,7599.5,7583.75,7599.25,7599.25,7599.25
1780083000,7599.5,7607,7593,7595,7595,7595
1780084800,7595,7599,7593.25,7596.25,,7596.25
1780320600,7583,7596.75,7576.25,7584.75,7584.75,7584.75
1780322400,7585.25,7596.25,7581.5,7587,7587,7587
1780324200,7587,7590.25,7581,7585,7585,7585
1780326000,7585,7592.25,7582.75,7589.75,7589.75,7589.75
1780327800,7589.75,7603,7589.5,7595.5,7595.5,7595.5
1780329600,7595.5,7600.75,7587,7596.25,7596.25,7596.25
1780331400,7596.25,7609.25,7596,7608,7608,7608
1780333200,7607.75,7614,7598.75,7613.75,7613.75,7613.75
1780335000,7614,7632.25,7606.75,7624.25,7624.25,7624.25
1780336800,7624.25,7628.25,7622,7627.25,7627.25,7627.25
1780338600,7627.25,7628,7623.5,7624.25,7624.25,7624.25
1780340400,7624.25,7626.5,7622.75,7625.75,7625.75,7625.75
1780342200,7625.5,7625.75,7610.5,7614,7614,7614
1780344000,7614,7616.25,7613,7615.75,,7615.75
1780407000,7598.25,7605.25,7595.5,7603.75,7603.75,7603.75
1780408800,7603.5,7612.5,7600,7604.75,7604.75,7604.75
1780410600,7605,7625.25,7604.75,7625.25,7625.25,7625.25
1780412400,7625.25,7632,7621.75,7627,7627,7627
1780414200,7626.75,7628.5,7623.5,7624.75,7624.75,7624.75
1780416000,7624.75,7627.75,7620,7621.25,7621.25,7621.25
1780417800,7621.25,7627.25,7618.75,7626.5,7626.5,7626.5
1780419600,7626.5,7627.5,7617,7618,7618,7618
1780421400,7618,7621.25,7615.5,7616.5,7616.5,7616.5
1780423200,7616.75,7621.25,7616,7617.5,7617.5,7617.5
1780425000,7617.5,7620.25,7614.25,7619,7619,7619
1780426800,7619,7623.75,7618.75,7621.5,7621.5,7621.5
1780428600,7621.5,7625.25,7619.5,7623.5,7623.5,7623.5
1780430400,7623.5,7630,7623.25,7626.75,,7626.75
1780493400,7608.5,7614.75,7574,7586.25,7586.25,7586.25
1780495200,7586.5,7597,7585,7595,7595,7595
1780497000,7594.75,7597.25,7583.75,7588.75,7588.75,7588.75
1780498800,7589,7592.25,7580.5,7588.5,7588.5,7588.5
1780500600,7588.5,7590,7574.75,7579.25,7579.25,7579.25
1780502400,7579.25,7582,7565.75,7570,7570,7570
1780504200,7570,7578.75,7562.5,7578.25,7578.25,7578.25
1780506000,7578,7578.75,7567,7573.25,7573.25,7573.25
1780507800,7573.25,7585,7568.75,7583,7583,7583
1780509600,7583,7587.75,7577.25,7587.25,7587.25,7587.25
1780511400,7587.25,7588,7582.25,7583.5,7583.5,7583.5
1780513200,7583.5,7583.5,7573.5,7575.75,7575.75,7575.75
1780515000,7575.75,7582.75,7568.5,7572.5,7572.5,7572.5
1780516800,7572.5,7573.25,7566,7567.25,,7567.25
1780579800,7548.25,7564.5,7541.75,7559.5,7559.5,7559.5
1780581600,7559.25,7570.5,7549.75,7568,7568,7568
1780583400,7567.75,7570,7561.25,7569.75,7569.75,7569.75
1780585200,7569.5,7587.5,7569.5,7586.5,7586.5,7586.5
1780587000,7586.5,7587.5,7575.5,7581,7581,7581
1780588800,7581.25,7595,7579.5,7593.5,7593.5,7593.5
1780590600,7593.5,7597.5,7588.5,7596.5,7596.5,7596.5
1780592400,7596.5,7600,7594,7599.5,7599.5,7599.5
1780594200,7599.25,7605.5,7598.25,7604.75,7604.75,7604.75
1780596000,7604.75,7607.5,7603.5,7606,7606,7606
1780597800,7606,7608,7603,7604.5,7604.5,7604.5
1780599600,7604.5,7611.25,7604,7611,7611,7611
1780601400,7611,7611.5,7598.25,7599.5,7599.5,7599.5
1780603200,7599.75,7602,7593,7594,,7594
1780666200,7547.75,7553,7510.5,7511.25,7511.25,7511.25
1780668000,7511.25,7533.5,7505.75,7516.25,7516.25,7516.25
1780669800,7516.25,7531.5,7515,7523,7523,7523
1780671600,7523,7526.25,7499.75,7505.75,7505.75,7505.75
1780673400,7505.5,7509,7486.25,7490.25,7490.25,7490.25
1780675200,7490,7490.5,7470.5,7471.75,7471.75,7471.75
1780677000,7471.75,7472.5,7449,7469.75,7469.75,7469.75
1780678800,7469.75,7470.25,7452,7464.75,7464.75,7464.75
1780680600,7464.75,7477.75,7459.75,7471.25,7471.25,7471.25
1780682400,7471.5,7472.5,7429.5,7433.25,7433.25,7433.25
1780684200,7433.25,7435.75,7409.25,7416.25,7416.25,7416.25
1780686000,7416.25,7418,7379.75,7409,7409,7409
1780687800,7409,7423,7394.5,7400.25,7400.25,7400.25
1780689600,7400.25,7401.5,7364.25,7368.25,,7368.25
1780925400,7457.25,7469.25,7431,7431.5,7431.5,7431.5
1780927200,7431.25,7453.25,7429,7448,7448,7448
1780929000,7447.75,7473.5,7442,7473.25,7473.25,7473.25
1780930800,7473,7476.75,7453.75,7455.25,7455.25,7455.25
1780932600,7455.25,7466,7440.75,7450,7450,7450
1780934400,7450,7462.25,7443.25,7443.75,7443.75,7443.75
1780936200,7444,7452,7437.25,7441.5,7441.5,7441.5
1780938000,7441.5,7443,7423,7442.5,7442.5,7442.5
1780939800,7442.5,7446.5,7425.75,7433.75,7433.75,7433.75
1780941600,7433.75,7445.5,7432.75,7441.75,7441.75,7441.75
1780943400,7442,7447,7430,7432,7432,7432
1780945200,7432,7434.25,7403.75,7414.5,7414.5,7414.5
1780947000,7414.5,7424.25,7410.5,7416,7416,7416
1780948800,7416,7419,7411.25,7413.25,,7413.25
1781011800,7458.5,7491,7454.5,7465.5,7465.5,7465.5
1781013600,7465.25,7472.25,7415.25,7433.5,7433.5,7433.5
1781015400,7433.25,7439,7367.5,7399,7399,7399
1781017200,7399,7405.75,7328.5,7331.5,7331.5,7331.5
1781019000,7331.75,7349,7311,7312.25,7312.25,7312.25
1781020800,7312.25,7327.25,7274.75,7295,7295,7295
1781022600,7295,7307.5,7247.25,7287.5,7287.5,7287.5
1781024400,7287.25,7334.5,7285.25,7329,7329,7329
1781026200,7328.75,7361.5,7323.5,7347.5,7347.5,7347.5
1781028000,7347.75,7373.5,7342.5,7373,7373,7373
1781029800,7373.25,7393.5,7364.75,7389.5,7389.5,7389.5
1781031600,7389.25,7398.75,7353.75,7367.75,7367.75,7367.75
1781033400,7367.5,7395.5,7347.25,7392,7392,7392
1781035200,7391.75,7399,7383.5,7385.5,,7385.5
1781098200,7355,7390.5,7335.25,7378,7378,7378
1781100000,7378,7404.75,7370.75,7392.75,7392.75,7392.75
1781101800,7392.5,7400,7343,7349.25,7349.25,7349.25
1781103600,7349,7364.75,7315.5,7334.75,7334.75,7334.75
1781105400,7334.75,7348.5,7305,7340.25,7340.25,7340.25
1781107200,7340.25,7346,7319.5,7327.25,7327.25,7327.25
1781109000,7327.25,7344,7314.5,7324,7324,7324
1781110800,7324,7334.5,7307.25,7317,7317,7317
1781112600,7316.75,7328.75,7299,7327.25,7327.25,7327.25
1781114400,7327.25,7338.5,7313.5,7316,7316,7316
1781116200,7316.25,7316.5,7290.5,7295.25,7295.25,7295.25
1781118000,7295,7302.25,7276,7281.25,7281.25,7281.25
1781119800,7281,7300.75,7275.25,7276,7276,7276
1781121600,7276,7279.25,7261.5,7271.5,,7271.5
1781184600,7308,7335.5,7283,7317.25,7317.25,7317.25
1781186400,7317.25,7335.75,7289,7308,7308,7308
1781188200,7308,7320.25,7270.25,7275.5,7275.5,7275.5
1781190000,7275.5,7307,7263,7291.25,7291.25,7291.25
1781191800,7291,7314.25,7286.5,7300.25,7300.25,7300.25
1781193600,7300.25,7323,7295,7298,7298,7298
1781195400,7298,7318.75,7284.5,7284.75,7284.75,7284.75
1781197200,7285,7346.5,7271.75,7345,7345,7345
1781199000,7345.25,7386.5,7342,7369.25,7369.25,7369.25
1781200800,7369.25,7377.75,7344.75,7364.75,7364.75,7364.75
1781202600,7364.75,7383.25,7360.5,7377.5,7377.5,7377.5
1781204400,7377.75,7402,7373,7399.25,7399.25,7399.25
1781206200,7399,7420,7392.5,7394.25,7394.25,7394.25
1781208000,7394.5,7408.75,7390.25,7406.75,,7406.75
1781271000,7423.5,7424.75,7366.5,7383,7383,7383
1781272800,7383.25,7427.75,7380.25,7412.5,7412.5,7412.5
1781274600,7412.25,7443.5,7388.5,7440.5,7440.5,7440.5
1781276400,7440.75,7461.75,7433,7458.75,7458.75,7458.75
1781278200,7458.5,7459.25,7401.25,7405.75,7405.75,7405.75
1781280000,7405.75,7439.5,7398.25,7423.25,7423.25,7423.25
1781281800,7423.25,7433.25,7419.25,7432.5,7432.5,7432.5
1781283600,7432.25,7447,7429,7438.25,7438.25,7438.25
1781285400,7438.5,7439.75,7426.25,7430.5,7430.5,7430.5
1781287200,7430.5,7438,7421.75,7430,7430,7430
1781289000,7430.25,7441.25,7427.25,7428,7428,7428
1781290800,7428,7439.75,7427.25,7432,7432,7432
1781292600,7432,7437.5,7418.75,7433.5,7433.5,7433.5
1781294400,7433.5,7442.5,7433,7442.5,,7442.5
1781530200,7599.25,7622.5,7598.5,7614.25,7614.25,7614.25
1781532000,7614.25,7621,7605.5,7617.25,7617.25,7617.25
1781533800,7617.25,7625,7610,7623,7623,7623
1781535600,7623.25,7634,7623,7632.75,7632.75,7632.75
1781537400,7633,7644.5,7629.25,7643.25,7643.25,7643.25
1781539200,7643.25,7648.75,7641,7646.75,7646.75,7646.75
1781541000,7646.75,7648.25,7636.75,7640.5,7640.5,7640.5
1781542800,7640.25,7646.5,7632.5,7643.5,7643.5,7643.5
1781544600,7643.25,7645.25,7632,7633.5,7633.5,7633.5
1781546400,7633.75,7635.5,7628,7628.75,7628.75,7628.75
1781548200,7628.75,7636.25,7625.75,7631.5,7631.5,7631.5
1781550000,7631.75,7634.5,7624.75,7625,7625,7625
1781551800,7625,7631.5,7616.5,7630,7630,7630
1781553600,7630.25,7631.75,7626.25,7628,,7628
1781616600,7627.75,7636.75,7621.75,7622.75,7622.75,7622.75
1781618400,7622.75,7634,7612.25,7612.25,7612.25,7612.25
1781620200,7612,7621.5,7604,7611,7611,7611
1781622000,7611,7619.25,7604.5,7608,7608,7608
1781623800,7608,7616.75,7599,7610,7610,7610
1781625600,7609.75,7622.25,7609.5,7616.25,7616.25,7616.25
1781627400,7616,7617,7606,7610.5,7610.5,7610.5
1781629200,7610.25,7611.5,7602,7605.75,7605.75,7605.75
1781631000,7605.5,7611.5,7598.75,7605.75,7605.75,7605.75
1781632800,7605.5,7607.5,7601.75,7605.25,7605.25,7605.25
1781634600,7605.25,7606.75,7600.5,7602,7602,7602
1781636400,7602,7603,7584.75,7596.25,7596.25,7596.25
1781638200,7596.25,7597.75,7583,7588,7588,7588
1781640000,7588,7589,7581.25,7582,,7582
1781703000,7595.75,7600.25,7581,7581,7581,7581
1781704800,7581.25,7604.25,7578.5,7599.25,7599.25,7599.25
1781706600,7599.25,7599.75,7560.5,7572.5,7572.5,7572.5
1781708400,7572.25,7584.75,7568,7582.25,7582.25,7582.25
1781710200,7582,7591.25,7580,7588.75,7588.75,7588.75
1781712000,7589,7593.25,7585.5,7590.25,7590.25,7590.25
1781713800,7590.25,7591.25,7581.5,7582.75,7582.75,7582.75
1781715600,7582.5,7583,7568.5,7578.25,7578.25,7578.25
1781717400,7578.25,7589.75,7572.5,7588.75,7588.75,7588.75
1781719200,7588.25,7590.75,7514.5,7542.75,7542.75,7542.75
1781721000,7542.5,7584.25,7531.5,7540.75,7540.75,7540.75
1781722800,7540.5,7552,7497.25,7500.25,7500.25,7500.25
1781724600,7500.25,7503.75,7472.25,7492.25,7492.25,7492.25
1781726400,7492.5,7504.5,7490.25,7492.5,,7492.5
1781789400,7577.25,7581.5,7535.5,7544,7544,7544
1781791200,7544.25,7566.25,7539,7550.5,7550.5,7550.5
1781793000,7550.5,7570.75,7541.25,7566.25,7566.25,7566.25
1781794800,7566.5,7568.75,7549.25,7551.75,7551.75,7551.75
1781796600,7551.5,7563.25,7541,7560.5,7560.5,7560.5
1781798400,7560.25,7566.75,7555,7564,7564,7564
1781800200,7564.25,7570.5,7559.25,7564,7564,7564
1781802000,7564,7579,7561.5,7572.75,7572.75,7572.75
1781803800,7573,7577,7566.75,7567,7567,7567
1781805600,7567,7568,7561,7562.75,7562.75,7562.75
1781807400,7562.75,7567.25,7559.25,7561.5,7561.5,7561.5
1781809200,7561.5,7562.25,7549,7557.75,7557.75,7557.75
1781811000,7557.75,7580.75,7553.75,7564.25,7564.25,7564.25
1781812800,7564.5,7577.5,7562.25,7576.5,,7576.5
1782135000,7573.25,7596.75,7571.5,7596.25,7596.25,7596.25
1782136800,7596.25,7599.25,7560.25,7561.25,7561.25,7561.25
1782138600,7561.25,7562.25,7527.25,7543,7543,7543
1782140400,7542.75,7550,7534.75,7539.75,7539.75,7539.75
1782142200,7539.75,7559.25,7537.5,7542.5,7542.5,7542.5
1782144000,7542.5,7550.25,7532.25,7544.25,7544.25,7544.25
1782145800,7544.5,7549.75,7536.75,7546,7546,7546
1782147600,7546.25,7549,7535.5,7543.25,7543.25,7543.25
1782149400,7543.25,7549.5,7535.5,7542.75,7542.75,7542.75
1782151200,7543,7553.75,7538.5,7547.25,7547.25,7547.25
1782153000,7547.25,7551.5,7531.5,7533,7533,7533
1782154800,7533,7539.75,7528.5,7530.5,7530.5,7530.5
1782156600,7530.25,7545.75,7528,7540.25,7540.25,7540.25
1782158400,7540.25,7547,7539,7545.5,,7545.5
1782221400,7429.5,7466.5,7415.25,7465.25,7465.25,7465.25
1782223200,7465.25,7491,7463.75,7483.75,7483.75,7483.75
1782225000,7483.75,7486,7459.75,7464.75,7464.75,7464.75
1782226800,7464.75,7468.5,7436.25,7439.75,7439.75,7439.75
1782228600,7439.75,7456.5,7435.75,7453.75,7453.75,7453.75
1782230400,7454,7471.5,7452.5,7469,7469,7469
1782232200,7469,7475.25,7464.5,7469.75,7469.75,7469.75
1782234000,7469.75,7476.5,7460.5,7471,7471,7471
1782235800,7470.75,7475.75,7452.5,7453.25,7453.25,7453.25
1782237600,7453.25,7461.25,7447.75,7449.75,7449.75,7449.75
1782239400,7449.5,7451,7428.75,7436,7436,7436
1782241200,7436,7452.25,7433.5,7446.75,7446.75,7446.75
1782243000,7446.75,7453,7433,7434.75,7434.75,7434.75
1782244800,7435,7442.25,7431.5,7438.75,,7438.75
1782307800,7447.25,7472.25,7437.75,7454.5,7454.5,7454.5
1782309600,7454.75,7466,7436.5,7461,7461,7461
1782311400,7461,7494.25,7457.5,7493.75,7493.75,7493.75
1782313200,7493.75,7496.5,7476.25,7493.5,7493.5,7493.5
1782315000,7493.5,7496.5,7474.5,7480.25,7480.25,7480.25
1782316800,7480.25,7485.5,7474.5,7477.75,7477.75,7477.75
1782318600,7477.75,7477.75,7450.75,7453,7453,7453
1782320400,7453,7461.25,7415.75,7416.75,7416.75,7416.75
1782322200,7417,7427.25,7407.75,7414,7414,7414
1782324000,7414.25,7443.25,7413,7440,7440,7440
1782325800,7440,7442.25,7408.25,7415.5,7415.5,7415.5
1782327600,7415.5,7425.25,7404.25,7416.25,7416.25,7416.25
1782329400,7416,7431.5,7405.25,7428.25,7428.25,7428.25
1782331200,7428.25,7465.25,7421.25,7463.5,,7463.5
1782394200,7485.75,7490.5,7390.5,7393.25,7393.25,7393.25
1782396000,7393.25,7462,7392.5,7451,7451,7451
1782397800,7450.75,7475.75,7444,7449.5,7449.5,7449.5
1782399600,7449.25,7462.25,7414.25,7439.25,7439.25,7439.25
1782401400,7439.25,7454.75,7435.5,7437.5,7437.5,7437.5
1782403200,7437.75,7458.75,7432.5,7437.75,7437.75,7437.75
1782405000,7437.75,7438.25,7409.75,7420.25,7420.25,7420.25
1782406800,7420.25,7438,7415.75,7427.75,7427.75,7427.75
1782408600,7427.75,7433,7410.75,7429.5,7429.5,7429.5
1782410400,7429.5,7456.75,7408.25,7454.25,7454.25,7454.25
1782412200,7454.25,7454.5,7422.25,7434.5,7434.5,7434.5
1782414000,7434.25,7435,7414.25,7419.75,7419.75,7419.75
1782415800,7419.5,7430.25,7409,7428.5,7428.5,7428.5
1782417600,7428.5,7451.75,7427.25,7438.25,,7438.25
1782480600,7380.75,7405.75,7360,7401.5,7401.5,7401.5
1782482400,7401.25,7436.25,7398.75,7428.5,7428.5,7428.5
1782484200,7428.75,7433,7409.25,7418,7418,7418
1782486000,7418,7440.75,7409.5,7440.75,7440.75,7440.75
1782487800,7440.5,7459.5,7435,7447.5,7447.5,7447.5
1782489600,7447.75,7449,7420.75,7427.25,7427.25,7427.25
1782491400,7427.25,7442.75,7427.25,7438.25,7438.25,7438.25
1782493200,7438.25,7452.25,7431.25,7440.75,7440.75,7440.75
1782495000,7440.75,7447.75,7427.75,7430,7430,7430
1782496800,7430.25,7439.5,7420.25,7421.25,7421.25,7421.25
1782498600,7421.5,7429.75,7405.25,7409,7409,7409
1782500400,7408.75,7422.75,7406.5,7415,7415,7415
1782502200,7415.25,7431.75,7368.75,7380.25,7380.25,7380.25
1782504000,7380,7413.5,7368.5,7412.25,,7412.25
1782739800,7457.25,7490,7444.5,7458.5,7458.5,7458.5
1782741600,7458.5,7460.75,7409,7449.75,7449.75,7449.75
1782743400,7449.5,7472.5,7447.75,7468,7468,7468
1782745200,7468,7469.5,7453,7467,7467,7467
1782747000,7467,7475.75,7461.5,7475,7475,7475
1782748800,7475.25,7481.75,7473,7473.75,7473.75,7473.75
1782750600,7474,7480,7470,7477.25,7477.25,7477.25
1782752400,7477.25,7494.75,7477.25,7491.75,7491.75,7491.75
1782754200,7491.75,7498.75,7490,7494,7494,7494
1782756000,7494,7498,7491.25,7492,7492,7492
1782757800,7492.25,7502,7491.5,7497,7497,7497
1782759600,7496.75,7500.5,7493,7498,7498,7498
1782761400,7498,7505,7491.5,7497,7497,7497
1782763200,7497,7499,7491.75,7497.5,,7497.5
1782826200,7500,7528,7495.75,7526.75,7526.75,7526.75
1782828000,7526.75,7533.5,7515.5,7532.5,7532.5,7532.5
1782829800,7532.5,7541.75,7516.75,7520.5,7520.5,7520.5
1782831600,7520.5,7541.5,7520,7540.5,7540.5,7540.5
1782833400,7540.5,7547.75,7535.5,7545.75,7545.75,7545.75
1782835200,7545.5,7555.25,7545.25,7550.5,7550.5,7550.5
1782837000,7550.75,7558.25,7548.75,7555.75,7555.75,7555.75
1782838800,7555.75,7559.25,7550.75,7552.25,7552.25,7552.25
1782840600,7552.5,7554,7548.5,7552,7552,7552
1782842400,7552.25,7558.25,7550.5,7555.25,7555.25,7555.25
1782844200,7555.5,7561.75,7553.25,7558.75,7558.75,7558.75
1782846000,7558.75,7567.75,7558.25,7561.5,7561.5,7561.5
1782847800,7561.5,7564,7544.5,7544.75,7544.75,7544.75
1782849600,7545,7553.25,7540.75,7545.25,,7545.25
1782912600,7532.25,7536.75,7505.75,7536.25,7536.25,7536.25
1782914400,7536.75,7553.75,7533,7551.75,7551.75,7551.75
1782916200,7551.75,7554.5,7540.25,7553.5,7553.5,7553.5
1782918000,7553.5,7578,7552.5,7577.5,7577.5,7577.5
1782919800,7577.5,7578.5,7567.5,7572.5,7572.5,7572.5
1782921600,7572.5,7579,7571,7574.5,7574.5,7574.5
1782923400,7574.5,7576.75,7557.5,7559.75,7559.75,7559.75
1782925200,7559.75,7568.5,7554.75,7564,7564,7564
1782927000,7564,7566.25,7556.25,7556.75,7556.75,7556.75
1782928800,7556.75,7561.5,7551.5,7556,7556,7556
1782930600,7556,7558.5,7549.25,7553.5,7553.5,7553.5
1782932400,7553.5,7561.75,7552.75,7553.75,7553.75,7553.75
1782934200,7553.75,7557.5,7536.5,7542,7542,7542
1782936000,7542,7543,7529,7535.25,,7535.25
1782999000,7555.25,7593.75,7551.5,7588.75,7588.75,7588.75
1783000800,7588.75,7593.5,7556.5,7559.75,7559.75,7559.75
1783002600,7559.75,7574.25,7540.25,7557.25,7557.25,7557.25
1783004400,7557.25,7559,7522.5,7529.25,7529.25,7529.25
1783006200,7529,7547.5,7520.75,7526.75,7526.75,7526.75
1783008000,7527,7529.5,7513.75,7515.75,7515.75,7515.75
1783009800,7515.75,7516,7498,7501.5,7501.5,7501.5
1783011600,7501.5,7503,7483.25,7495,7495,7495
1783013400,7495,7500.75,7479.5,7482,7482,7482
1783015200,7482.25,7508.75,7480,7506.5,7506.5,7506.5
1783017000,7506.5,7514.75,7505,7509,7509,7509
1783018800,7509.25,7510.75,7491.75,7502.5,7502.5,7502.5
1783020600,7502.5,7534,7500.5,7526.25,7526.25,7526.25
1783022400,7526.25,7527.25,7517.75,7524.25,,7524.25
1783344600,7564.75,7574,7552.5,7564,7564,7564
1783346400,7564.25,7579,7558.5,7578.75,7578.75,7578.75
1783348200,7578.5,7582.25,7570,7582,7582,7582
1783350000,7582.25,7587.25,7575.25,7587,7587,7587
1783351800,7587,7589,7582.75,7587.5,7587.5,7587.5
1783353600,7587.5,7590.5,7584.75,7585.5,7585.5,7585.5
1783355400,7585.75,7590.25,7582.75,7583.75,7583.75,7583.75
1783357200,7583.75,7594.75,7583.25,7586,7586,7586
1783359000,7586,7586.75,7575.25,7580,7580,7580
1783360800,7580,7595,7580,7592,7592,7592
1783362600,7592,7599,7588.75,7598.25,7598.25,7598.25
1783364400,7598.25,7602.5,7595,7600.75,7600.75,7600.75
1783366200,7600.75,7601,7587.75,7593.5,7593.5,7593.5
1783368000,7593.75,7597.5,7591.25,7596.5,,7596.5
1783431000,7580.75,7587.5,7560.5,7566.25,7566.25,7566.25
1783432800,7566.25,7570,7538.5,7544.5,7544.5,7544.5
1783434600,7544.5,7547.75,7529.5,7542.25,7542.25,7542.25
1783436400,7542,7544.5,7534.5,7540.5,7540.5,7540.5
1783438200,7540.75,7551.25,7531.25,7551,7551,7551
1783440000,7551,7567.25,7549.75,7565,7565,7565
1783441800,7565.25,7568.75,7559.75,7567.5,7567.5,7567.5
1783443600,7567.25,7571.25,7561.75,7566.25,7566.25,7566.25
1783445400,7566.25,7570.25,7564,7569.25,7569.25,7569.25
1783447200,7569.25,7570.5,7565.5,7567.5,7567.5,7567.5
1783449000,7567.25,7568.25,7551.5,7552.5,7552.5,7552.5
1783450800,7552.5,7554.5,7537,7544.25,7544.25,7544.25
1783452600,7544,7556.75,7541.25,7553,7553,7553
1783454400,7553,7554.5,7549.25,7552,,7552
1783517400,7507,7524.75,7501.75,7515.75,7515.75,7515.75
1783519200,7515.75,7522.5,7501.75,7506,7506,7506
1783521000,7506,7512,7484,7493.25,7493.25,7493.25
1783522800,7493.5,7495.25,7470,7474.25,7474.25,7474.25
1783524600,7474.25,7487.5,7469.5,7481,7481,7481
1783526400,7481,7510,7480.75,7506,7506,7506
1783528200,7506,7522.75,7499.5,7522,7522,7522
1783530000,7522,7533,7514.5,7532.75,7532.75,7532.75
1783531800,7532.75,7536.5,7514.5,7519.5,7519.5,7519.5
1783533600,7519.25,7530,7515.5,7521.75,7521.75,7521.75
1783535400,7521.5,7530.5,7517.75,7528.25,7528.25,7528.25
1783537200,7528.5,7532.5,7521.75,7526.75,7526.75,7526.75
1783539000,7526.75,7536.5,7518.25,7526.75,7526.75,7526.75
1783540800,7526.5,7529.5,7518.5,7523.75,,7523.75
1783603800,7546.75,7566.5,7530.25,7561.25,7561.25,7561.25
1783605600,7561.25,7564.5,7529.5,7552.75,7552.75,7552.75
1783607400,7552.75,7563.75,7544.75,7562,7562,7562
1783609200,7562,7575,7560.5,7572.75,7572.75,7572.75
1783611000,7573,7578,7569.75,7573.75,7573.75,7573.75
1783612800,7573.75,7583.5,7573.75,7581.5,7581.5,7581.5
1783614600,7581.75,7584.25,7577.5,7579.5,7579.5,7579.5
1783616400,7579.75,7593.5,7579.5,7593.25,7593.25,7593.25
1783618200,7593.25,7595,7588,7591.5,7591.5,7591.5
1783620000,7591.25,7594,7587.25,7589.5,7589.5,7589.5
1783621800,7589.5,7590.75,7583,7585,7585,7585
1783623600,7585.25,7588.5,7581,7585,7585,7585
1783625400,7585,7591,7582.5,7590.75,7590.75,7590.75
1783627200,7590.25,7592,7585.75,7590.75,,7590.75
1783690200,7592.25,7604.5,7590,7601.5,7601.5,7601.5
1783692000,7601.5,7605.75,7593,7598,7598,7598
1783693800,7597.75,7602.75,7552.75,7584.25,7584.25,7584.25
1783695600,7584.25,7606.75,7578.5,7605.25,7605.25,7605.25
1783697400,7605.25,7606.5,7586,7600.25,7600.25,7600.25
1783699200,7600.25,7609.25,7600,7604.25,7604.25,7604.25
1783701000,7604,7614,7601.5,7612.75,7612.75,7612.75
1783702800,7612.5,7613.25,7607.25,7613,7613,7613
1783704600,7613,7617,7611.5,7612.75,7612.75,7612.75
1783706400,7612.75,7620,7612,7617.25,7617.25,7617.25
1783708200,7617.5,7620.25,7616.25,7618.5,7618.5,7618.5
1783710000,7618.5,7625.5,7618.25,7622.75,7622.75,7622.75
1783711800,7622.75,7627.25,7617.75,7620.75,7620.75,7620.75
1783713600,7621,7624.75,7618,7622.5,,7622.5
1783949400,7595.5,7609.75,7590.25,7607.5,7607.5,7607.5
1783951200,7607.5,7610.5,7573.5,7602,7602,7602
1783953000,7601.75,7603.75,7580.75,7598.5,7598.5,7598.5
1783954800,7598.5,7601.75,7589.75,7594.75,7594.75,7594.75
1783956600,7595,7596.5,7581.75,7583.25,7583.25,7583.25
1783958400,7583.25,7589,7570.25,7574,7574,7574
1783960200,7574,7578,7560,7570.25,7570.25,7570.25
1783962000,7570.25,7578,7566.75,7569.75,7569.75,7569.75
1783963800,7569.75,7574.25,7563.25,7563.5,7563.5,7563.5
1783965600,7563.75,7574,7561.5,7563.5,7563.5,7563.5
1783967400,7563.75,7572.25,7561,7567.25,7567.25,7567.25
1783969200,7567.25,7571.25,7551.75,7555,7555,7555
1783971000,7555,7568.25,7551,7563.25,7563.25,7563.25
1783972800,7563,7563.5,7557.5,7559.5,,7559.5
1784035800,7579.5,7588.25,7564.25,7583.5,7583.5,7583.5
1784037600,7583.5,7585.25,7556.5,7577.25,7577.25,7577.25
1784039400,7577.25,7603.75,7575,7587.5,7587.5,7587.5
1784041200,7587.5,7601.5,7583.25,7597.25,7597.25,7597.25
1784043000,7597,7600.5,7576.25,7579.75,7579.75,7579.75
1784044800,7580,7580.75,7570,7578.25,7578.25,7578.25
1784046600,7578,7589.25,7576.5,7589.25,7589.25,7589.25
1784048400,7589.25,7596.75,7585.25,7593.75,7593.75,7593.75
1784050200,7594,7595.75,7587.75,7593.25,7593.25,7593.25
1784052000,7593.5,7598.25,7589.75,7595.5,7595.5,7595.5
1784053800,7595.25,7596.25,7587,7592,7592,7592
1784055600,7592.25,7594.75,7587.5,7591.5,7591.5,7591.5
1784057400,7591.5,7596,7587,7590,7590,7590
1784059200,7590,7592.5,7587.75,7589.25,,7589.25
1784122200,7612.5,7626.25,7601.25,7614.5,7614.5,7614.5
1784124000,7614.5,7626,7603.25,7616.5,7616.5,7616.5
1784125800,7616.25,7618.75,7597.25,7604.75,7604.75,7604.75
1784127600,7605,7611.5,7592,7605.75,7605.75,7605.75
1784129400,7605.75,7608.5,7592.5,7596.25,7596.25,7596.25
1784131200,7596.25,7598,7573.75,7577.75,7577.75,7577.75
1784133000,7577.75,7593.25,7571.75,7586.75,7586.75,7586.75
1784134800,7587,7598.75,7586,7598.25,7598.25,7598.25
1784136600,7598.5,7616.25,7598.5,7612.5,7612.5,7612.5
1784138400,7612.5,7619,7611.75,7616.75,7616.75,7616.75
1784140200,7616.75,7619.75,7601,7602,7602,7602
1784142000,7602,7609,7600.5,7606.5,7606.5,7606.5
1784143800,7606.5,7618,7601.25,7617,7617,7617
1784145600,7617,7619.75,7608.75,7614.5,,7614.5
1784208600,7597,7604.25,7575.5,7588,7588,7588
1784210400,7587.75,7613,7585.25,7612.5,7612.5,7612.5
1784212200,7612.5,7615,7602.75,7611.25,7611.25,7611.25
1784214000,7611,7613.5,7598.75,7607.25,7607.25,7607.25
1784215800,7607.25,7613.25,7599.25,7605,7605,7605
1784217600,7605,7605.5,7583,7588.25,7588.25,7588.25
1784219400,7588.5,7599.25,7586,7598.25,7598.25,7598.25
1784221200,7598.25,7598.75,7589.25,7596,7596,7596
1784223000,7596.25,7597.25,7579.5,7582.25,7582.25,7582.25
1784224800,7582.25,7586.5,7573.25,7578.5,7578.5,7578.5
1784226600,7578.5,7578.75,7568,7571.5,7571.5,7571.5
1784228400,7571.25,7576.25,7558,7560.25,7560.25,7560.25
1784230200,7560.25,7579.5,7548.25,7577,7577,7577
1784232000,7577,7578,7567,7567.25,,7567.25
1784295000,7485.25,7514,7473,7513.75,7513.75,7513.75
1784296800,7513.75,7539,7512.5,7529.25,7529.25,7529.25
1784298600,7529.5,7534,7514.25,7516.25,7516.25,7516.25
1784300400,7516.25,7521.5,7504.75,7520.25,7520.25,7520.25
1784302200,7520.25,7536.5,7510,7534.25,7534.25,7534.25
1784304000,7534.25,7536.75,7513.5,7524.75,7524.75,7524.75
1784305800,7524.75,7538.5,7520.75,7529.25,7529.25,7529.25
1784307600,7529,7538,7525.25,7534.5,7534.5,7534.5
1784309400,7534.5,7535.5,7508.75,7510.75,7510.75,7510.75
1784311200,7511,7516.75,7497.75,7502.25,7502.25,7502.25
1784313000,7502.25,7511.75,7495.75,7508.5,7508.5,7508.5
1784314800,7508.75,7510,7486.25,7496.75,7496.75,7496.75
1784316600,7497,7509.25,7491,7497,7497,7497
1784318400,7496.75,7497.75,7484,7488.75,,7488.75
1784554200,7534.5,7552,7519,7520.5,7520.5,7520.5
1784556000,7520.75,7527.5,7506,7520.5,7520.5,7520.5
1784557800,7520.75,7522.75,7500.75,7505.25,7505.25,7505.25
1784559600,7505,7524.25,7502,7522.5,7522.5,7522.5
1784561400,7522.5,7528.25,7514.5,7523.5,7523.5,7523.5
1784563200,7523.75,7534,7519.5,7528.75,7528.75,7528.75
1784565000,7528.75,7531.5,7508.25,7513.75,7513.75,7513.75
1784566800,7513.75,7515.75,7499.25,7505,7505,7505
1784568600,7504.75,7512.5,7499.25,7509,7509,7509
1784570400,7509.25,7517.75,7504.75,7508.25,7508.25,7508.25
1784572200,7508.5,7508.5,7487.75,7490.5,7490.5,7490.5
1784574000,7490.25,7495.25,7478,7490.5,7490.5,7490.5
1784575800,7490.75,7497.25,7480.25,7486,7486,7486
1784577600,7486,7493.25,7481,7482,,7482
1784640600,7526,7530.25,7504.5,7516.5,7516.5,7516.5
1784642400,7516.75,7533.25,7510.75,7532,7532,7532
1784644200,7531.75,7536.5,7520.75,7531.25,7531.25,7531.25
1784646000,7531,7544,7521.5,7543.75,7543.75,7543.75
1784647800,7543.5,7544,7537.25,7538.75,7538.75,7538.75
1784649600,7538.5,7550.75,7538.25,7549.75,7549.75,7549.75
1784651400,7549.75,7554,7547.5,7550.5,7550.5,7550.5
1784653200,7550.25,7552,7545.5,7547,7547,7547
1784655000,7546.75,7552.5,7545.25,7549.25,7549.25,7549.25
1784656800,7549,7550.75,7543.5,7545,7545,7545
1784658600,7545.25,7549.25,7542.25,7547,7547,7547
1784660400,7546.75,7548,7544,7545.75,7545.75,7545.75
1784662200,7545.75,7549.5,7543.5,7545.75,7545.75,7545.75
1784664000,7545.5,7547,7541,7544.5,,7544.5
1784727000,7527.75,7550,7525.25,7549.75,7549.75,7549.75
1784728800,7550,7556.25,7532.75,7534.5,7534.5,7534.5
1784730600,7534.5,7542.25,7528.75,7541.75,7541.75,7541.75
1784732400,7542,7559.5,7541.25,7557,7557,7557
1784734200,7556.75,7560.75,7550,7560,7560,7560
1784736000,7560.25,7563.5,7557.25,7561.5,7561.5,7561.5
1784737800,7561.5,7562.75,7557.5,7561,7561,7561
1784739600,7561,7562.5,7552,7553,7553,7553
1784741400,7552.75,7556.25,7546,7547.5,7547.5,7547.5
1784743200,7547.75,7549.75,7542.25,7547,7547,7547
1784745000,7547,7549,7542.5,7546.75,7546.75,7546.75
1784746800,7547,7547.25,7539,7542.5,7542.5,7542.5
1784748600,7542.5,7546.25,7535.75,7536.5,7536.5,7536.5
1784750400,7536.75,7553.25,7531.75,7553.25,,7553.25
1784813400,7453.5,7486.25,7445,7455.75,7455.75,7455.75
1784815200,7455.75,7469.75,7448.75,7457.75,7457.75,7457.75
1784817000,7457.75,7467,7440,7443.5,7443.5,7443.5
1784818800,7443.75,7445,7418,7419.25,7419.25,7419.25
1784820600,7419,7439.25,7411.75,7438.25,7438.25,7438.25
1784822400,7438.25,7457,7435.25,7454.75,7454.75,7454.75
1784824200,7454.75,7457.5,7437.75,7446.75,7446.75,7446.75
1784826000,7446.75,7452.25,7438,7447.75,7447.75,7447.75
1784827800,7447.5,7448,7431.75,7432,7432,7432
1784829600,7431.75,7435.5,7428.25,7435,7435,7435
1784831400,7434.75,7437.5,7426.75,7431.25,7431.25,7431.25
1784833200,7431.25,7440.75,7425.5,7436.25,7436.25,7436.25
1784835000,7436.25,7447.75,7418.5,7444,7444,7444
1784836800,7444,7456,7443.5,7453.25,,7453.25
1784899800,7444,7457.25,7432.5,7433.5,7433.5,7433.5
1784901600,7433.75,7458.5,7431.5,7450.25,7450.25,7450.25
1784903400,7450.25,7466.5,7432.75,7465,7465,7465
1784905200,7464.75,7491,7454.75,7485.25,7485.25,7485.25
1784907000,7485.5,7492,7478,7489.75,7489.75,7489.75
1784908800,7489.75,7496.5,7485.75,7491.25,7491.25,7491.25
1784910600,7491.25,7491.5,7466.25,7473.5,7473.5,7473.5
1784912400,7473.75,7477.5,7461,7476.25,7476.25,7476.25
1784914200,7476.25,7481,7468.25,7469,7469,7469
1784916000,7469,7472.25,7448.75,7449.5,7449.5,7449.5
1784917800,7449.5,7450.75,7435.5,7443.25,7443.25,7443.25
1784919600,7443.25,7448.5,7432,7435.5,7435.5,7435.5
1784921400,7435.75,7451,7435.5,7447.75,7447.75,7447.75
1784923200,7448,7449,7441.75,7444.75,,7444.75
1785159000,7507.75,7514,7473.75,7474,7474,7474
1785160800,7474,7479.25,7439.75,7440.75,7440.75,7440.75
1785162600,7441,7457.25,7423,7455.5,7455.5,7455.5
1785164400,7455.75,7461.75,7436.75,7441,7441,7441
1785166200,7441,7441.5,7421.25,7433,7433,7433
1785168000,7433,7455.25,7426.75,7445.5,7445.5,7445.5
1785169800,7445.5,7452,7424.25,7428,7428,7428
1785171600,7428.25,7429,7416.25,7420,7420,7420
1785173400,7420,7436.5,7419.75,7436,7436,7436
1785175200,7436.25,7437.5,7428,7434.25,7434.25,7434.25
1785177000,7434.25,7450.5,7424,7448.75,7448.75,7448.75
1785178800,7448.75,7455.75,7442.75,7454.75,7454.75,7454.75
1785180600,7454.5,7456.75,7443.75,7449.25,7449.25,7449.25
1785182400,7449.25,7454.25,7445,7448,,7448
1785245400,7449.75,7452.5,7417,7422,7422,7422
1785247200,7421.75,7439.5,7420,7434.75,7434.75,7434.75
1785249000,7434.75,7456,7429,7444,7444,7444
1785250800,7444.25,7477.25,7437.5,7469.25,7469.25,7469.25
1785252600,7469.25,7482.25,7467.25,7479.5,7479.5,7479.5
1785254400,7479.75,7481,7469.5,7470,7470,7470
1785256200,7469.75,7485.75,7466.75,7484,7484,7484
1785258000,7484,7485.5,7468.25,7470.75,7470.75,7470.75
1785259800,7470.75,7477,7462.75,7469.5,7469.5,7469.5
1785261600,7469.75,7473.25,7462,7463.75,7463.75,7463.75
1785263400,7464,7474,7463,7472.25,7472.25,7472.25
1785265200,7472.25,7477.5,7470.75,7475,7475,7475
1785267000,7475.25,7475.5,7462.5,7466,7466,7466
1785268800,7466,7469.25,7458.25,7467,,7467
1785331800,7456.25,7461,7422,7430,7430,7430
1785333600,7430,7439.75,7398.25,7404.75,7404.75,7404.75
1785335400,7404.75,7414.5,7393,7403.75,7403.75,7403.75
1785337200,7403.75,7412.5,7399,7400,7400,7400
1785339000,7400.25,7405.75,7385.75,7393,7393,7393
1785340800,7393.25,7396,7371.75,7394,7394,7394
1785342600,7393.75,7404.5,7384,7404.5,7404.5,7404.5
1785344400,7404.25,7428.25,7402.75,7413,7413,7413
1785346200,7413,7420,7408.5,7419.5,7419.5,7419.5
1785348000,7419.75,7451.5,7418.25,7428.5,7428.5,7428.5
1785349800,7428.5,7482.75,7414.75,7475.25,7475.25,7475.25
1785351600,7475.25,7482,7396.5,7405.5,7405.5,7405.5
1785353400,7405.5,7411,7345.75,7350.25,7350.25,7350.25
1785355200,7350.25,7358,7326.25,7336.5,,7336.5
1785418200,7414.5,7440,7399.75,7439.75,7439.75,7439.75
1785420000,7439.5,7446.5,7426.75,7439.5,7439.5,7439.5
1785421800,7439.75,7444.5,7408.75,7415.25,7415.25,7415.25
1785423600,7415.25,7421.25,7399,7401,7401,7401
1785425400,7400.75,7430,7399.25,7424.5,7424.5,7424.5
1785427200,7424.5,7445.5,7421.75,7441,7441,7441
1785429000,7441,7445.75,7431.25,7443.75,7443.75,7443.75
1785430800,7443.75,7456.5,7443.75,7451.75,7451.75,7451.75
1785432600,7451.75,7457.75,7445.75,7451.5,7451.5,7451.5
1785434400,7451.75,7458,7450.5,7457.5,7457.5,7457.5
1785436200,7457.5,7462.5,7454,7461.5,7461.5,7461.5
1785438000,7461.5,7478.5,7461.25,7471.5,7471.5,7471.5
1785439800,7471.5,7476.5,7464.25,7472.75,7472.75,7472.75
1785441600,7473,7492,7468,7486.75,,7486.75
1785504600,7499,7515.5,7466.75,7470.75,7470.75,7470.75
1785506400,7470.5,7475.25,7427.5,7456,7456,7456
1785508200,7456,7481.25,7452,7477,7477,7477
1785510000,7477,7482.5,7452.5,7454.75,7454.75,7454.75
1785511800,7454.5,7485,7449.25,7482.5,7482.5,7482.5
1785513600,7482.5,7496,7475.75,7496,7496,7496
1785515400,7496,7503,7491.25,7497.5,7497.5,7497.5
1785517200,7497.5,7516,7496.5,7514.75,7514.75,7514.75
1785519000,7514.75,7517,7503.25,7506,7506,7506
1785520800,7505.75,7516,7504.25,7512,7512,7512
1785522600,7512,7516.75,7508,7513,7513,7513
1785524400,7512.75,7531,7509,7526.75,7526.75,7526.75
1785526200,7526.75,7541,7514.75,7520,7520,7520
1785528000,7520.25,7527.75,7516.75,7521.75,,7521.75
1785763800,7546.25,7588.25,7542.75,7588,7588,7588
1785765600,7587.75,7600,7582.75,7597.25,7597.25,7597.25
1785767400,7597,7606,7595,7606,7606,7606
1785769200,7606,7609,7599.75,7603.25,7603.25,7603.25
1785771000,7603,7614,7602.5,7611.5,7611.5,7611.5
1785772800,7611.5,7617.75,7609.25,7617,7617,7617
1785774600,7617.25,7618,7611.75,7613.75,7613.75,7613.75
1785776400,7614,7623.25,7611,7622.5,7622.5,7622.5
1785778200,7622.5,7629.75,7621.75,7628,7628,7628
1785780000,7628.25,7635,7626.25,7627.5,7627.5,7627.5
1785781800,7627.5,7634.25,7625,7631.25,7631.25,7631.25
1785783600,7631,7637.75,7631,7635.5,7635.5,7635.5
1785785400,7635.5,7637,7625.75,7628.5,7628.5,7628.5
1785787200,7628.5,7633,7625.25,7632,,7632
1785850200,7657.5,7686.5,7656,7685.5,7685.5,7685.5
1785852000,7685.25,7706.25,7682.5,7697,7697,7697
1785853800,7696.75,7716.5,7692.75,7715.25,7715.25,7715.25
1785855600,7715.5,7731,7714,7726,7726,7726
1785857400,7726,7741.25,7723.75,7736.5,7736.5,7736.5
1785859200,7736.5,7745.75,7733.25,7744.5,7744.5,7744.5
1785861000,7744.5,7755.75,7742.25,7755.25,7755.25,7755.25
1785862800,7755.25,7769,7754.25,7765.5,7765.5,7765.5
1785864600,7765.5,7783.75,7762,7768.25,7768.25,7768.25
1785866400,7768.25,7777,7763.5,7776,7776,7776
1785868200,7776,7777.25,7766,7773,7773,7773
1785870000,7773,7783,7772.75,7775,7775,7775
1785871800,7775,7786,7761.25,7764,7764,7764
1785873600,7764.25,7781.25,7763.5,7773.75,,7773.75
1785936600,7809.75,7820.25,7795,7819.25,7819.25,7819.25
1785938400,7818.75,7818.75,7799.25,7799.75,7799.75,7799.75
1785940200,7799.75,7802.5,7776,7786.25,7786.25,7786.25
1785942000,7786.5,7791.5,7761,7768.75,7768.75,7768.75
1785943800,7768.75,7777.25,7754.5,7758,7758,7758
1785945600,7757.75,7772.5,7750.5,7772.25,7772.25,7772.25
1785947400,7772.25,7773.75,7763.25,7769.5,7769.5,7769.5
1785949200,7769.75,7773,7761.75,7764.75,7764.75,7764.75
1785951000,7764.75,7771.75,7762.25,7767,7767,7767
1785952800,7767,7774.5,7766.75,7771,7771,7771
1785954600,7771,7771.5,7763.25,7765.5,7765.5,7765.5
1785956400,7765.5,7771.5,7764,7769.25,7769.25,7769.25
1785958200,7769.25,7770,7745.75,7747.75,7747.75,7747.75
1785960000,7747.75,7760.5,7746.75,7759.5,,7759.5
1786023000,7752,7765.5,7740.25,7759.25,7759.25,7759.25
1786024800,7759.25,7768.5,7750.75,7754.5,7754.5,7754.5
1786026600,7754.75,7760.75,7745.25,7760,7760,7760
1786028400,7759.75,7762.5,7736,7742.25,7742.25,7742.25
1786030200,7742.25,7747.5,7729.25,7731,7731,7731
1786032000,7731,7735,7724.25,7732,7732,7732
1786033800,7732.25,7740,7728.75,7739.5,7739.5,7739.5
1786035600,7739.5,7741.5,7727.75,7727.75,7727.75,7727.75
1786037400,7727.75,7736.25,7726.75,7736.25,7736.25,7736.25
1786039200,7736.25,7747.25,7734.5,7744,7744,7744
1786041000,7744,7744.25,7734.5,7739.5,7739.5,7739.5
1786042800,7739.5,7747.75,7735.25,7736.5,7736.5,7736.5
1786044600,7736.5,7740,7727,7735.25,7735.25,7735.25
1786046400,7735.25,7741.5,7735.25,7737.75,,7737.75
1786109400,7757.25,7770.75,7751.75,7758,7758,7758
1786111200,7758,7780.5,7743.5,7779.5,7779.5,7779.5
1786113000,7779.25,7781.25,7764.5,7776.25,7776.25,7776.25
1786114800,7776.25,7786.75,7771.25,7784.25,7784.25,7784.25
1786116600,7784,7786.75,7775.5,7778,7778,7778
1786118400,7778,7781.25,7760.75,7764.75,7764.75,7764.75
1786120200,7764.75,7776.25,7757.75,7767,7767,7767
1786122000,7767,7771.75,7764.25,7768.25,7768.25,7768.25
1786123800,7768.25,7772.25,7764.5,7768.75,7768.75,7768.75
1786125600,7768.75,7770.25,7761.75,7762,7762,7762
1786127400,7762.25,7765.5,7756,7764.5,7764.5,7764.5
1786129200,7764.5,7782.5,7763.75,7778.25,7778.25,7778.25
1786131000,7778.5,7785.5,7772.75,7778.25,7778.25,7778.25
1786132800,7778.5,7781.25,7774,7775.25,,7775.25
1786368600,7773,7783.5,7771.25,7780.75,7780.75,7780.75
1786370400,7780.75,7791.25,7780.25,7790.25,7790.25,7790.25
1786372200,7790,7798,7781.25,7781.5,7781.5,7781.5
1786374000,7781.75,7788.5,7779.25,7784.25,7784.25,7784.25
1786375800,7784.25,7790.75,7778,7790,7790,7790
1786377600,7790,7791.25,7780,7780.25,7780.25,7780.25
1786379400,7780.25,7781.25,7764.5,7776.25,7776.25,7776.25
1786381200,7776,7779.5,7771.5,7777.5,7777.5,7777.5
1786383000,7777.5,7779.25,7771.25,7773.75,7773.75,7773.75
1786384800,7773.75,7777.25,7771.25,7771.5,7771.5,7771.5
1786386600,7771.5,7779.75,7769.25,7778.5,7778.5,7778.5
1786388400,7778.75,7781.25,7775.25,7775.75,7775.75,7775.75
1786390200,7776,7779.5,7770.25,7778,7778,7778
1786392000,7777.75,7778.25,7775,7775.5,,7775.5
1786455000,7791.75,7792.5,7771.75,7782,7782,7782
1786456800,7782.25,7787,7779.25,7784.75,7784.75,7784.75
1786458600,7784.75,7786.25,7778,7782,7782,7782
1786460400,7782,7784,7767.5,7769.5,7769.5,7769.5
1786462200,7769.75,7771.25,7762.25,7765.5,7765.5,7765.5
1786464000,7765.5,7769.75,7759.25,7763.5,7763.5,7763.5
1786465800,7763.25,7765.25,7755.75,7756.75,7756.75,7756.75
1786467600,7756.75,7758,7747.75,7753.5,7753.5,7753.5
1786469400,7753.75,7759,7752.5,7757.5,7757.5,7757.5
1786471200,7757.75,7757.75,7738,7740.25,7740.25,7740.25
1786473000,7740.5,7750.25,7740.5,7746.25,7746.25,7746.25
1786474800,7746,7752.25,7743.75,7751.75,7751.75,7751.75
1786476600,7751.75,7756.5,7743.25,7749.75,7749.75,7749.75
1786478400,7749.75,7753,7746.75,7752.25,,7752.25
1786541400,7791.75,7794,7765.5,7770.5,7770.5,7770.5
1786543200,7770.5,7777.75,7763.5,7772.5,7772.5,7772.5
1786545000,7772.25,7776.75,7756.5,7766.75,7766.75,7766.75
1786546800,7766.75,7768.75,7761.5,7768.25,7768.25,7768.25
1786548600,7768.25,7769.5,7760.25,7764.75,7764.75,7764.75
1786550400,7764.75,7771.25,7764.25,7768.75,7768.75,7768.75
1786552200,7769,7776.25,7766.25,7773.25,7773.25,7773.25
1786554000,7773.25,7777.5,7770.25,7772.5,7772.5,7772.5
1786555800,7772.5,7774.5,7770.75,7772.5,7772.5,7772.5
1786557600,7772.5,7777.5,7772.25,7775.5,7775.5,7775.5
1786559400,7775.25,7781,7774.75,7775,7775,7775
1786561200,7775,7778.75,7772.75,7774.5,7774.5,7774.5
1786563000,7774.5,7775,7764.5,7769.5,7769.5,7769.5
1786564800,7769.75,7777.75,7768.5,7772.25,,7772.25
1786627800,7793.25,7821.5,7785.5,7820.75,7820.75,7820.75
1786629600,7820.75,7837,7819.75,7836.5,7836.5,7836.5
1786631400,7836.5,7838.5,7818,7822.25,7822.25,7822.25
1786633200,7822,7826.75,7803.5,7806,7806,7806
1786635000,7806,7808,7797.75,7799,7799,7799
1786636800,7798.75,7809.5,7798.5,7809.5,7809.5,7809.5
1786638600,7809.5,7812.25,7806,7811.5,7811.5,7811.5
1786640400,7811.5,7819.25,7811.5,7815.5,7815.5,7815.5
1786642200,7815.5,7816.75,7810.5,7811.75,7811.75,7811.75
1786644000,7811.75,7816.25,7811,7814.5,7814.5,7814.5
1786645800,7814.5,7823.75,7814.5,7822,7822,7822
1786647600,7822,7828.75,7821.75,7825,7825,7825
1786649400,7825,7827.25,7818,7823.25,7823.25,7823.25
1786651200,7823.25,7825.25,7818.5,7822.5,,7822.5
1786714200,7827.75,7828.75,7819.25,7826.25,7826.25,7826.25
1786716000,7825.75,7830.75,7813.75,7816.75,7816.75,7816.75
1786717800,7816.75,7817.5,7809.5,7809.5,7809.5,7809.5
1786719600,7809.75,7813.75,7801,7805,7805,7805
1786721400,7805,7807,7800,7804.25,7804.25,7804.25
1786723200,7804.5,7810.25,7803,7808.75,7808.75,7808.75
1786725000,7808.75,7809.5,7798.5,7799.25,7799.25,7799.25
1786726800,7799.25,7803.75,7798.25,7799.75,7799.75,7799.75
1786728600,7800,7802,7796.5,7800.5,7800.5,7800.5
1786730400,7800.5,7805.75,7799.5,7801.75,7801.75,7801.75
1786732200,7801.75,7807.5,7800.5,7804.25,7804.25,7804.25
1786734000,7804.5,7806,7800.75,7804.25,7804.25,7804.25
1786735800,7804,7806.5,7801.25,7805.5,7805.5,7805.5
1786737600,7805.5,7806.25,7800,7800.75,,7800.75
1786973400,7803,7809.5,7793.25,7794.25,7794.25,7794.25
1786975200,7794.5,7799,7791,7795.75,7795.75,7795.75
1786977000,7795.75,7797.25,7790,7794,7794,7794
1786978800,7794,7800,7792.75,7798.5,7798.5,7798.5
1786980600,7798.75,7799.5,7788.25,7794.25,7794.25,7794.25
1786982400,7794.25,7797.5,7791.75,7794,7794,7794
1786984200,7794,7795.25,7787,7788,7788,7788
1786986000,7787.75,7789,7775.75,7776.75,7776.75,7776.75
1786987800,7776.75,7779.75,7772,7775,7775,7775
1786989600,7775.25,7779,7773.75,7776.5,7776.5,7776.5
1786991400,7776.75,7779.25,7773.25,7776,7776,7776
1786993200,7776,7776.75,7772,7772,7772,7772
1786995000,7772.25,7774.75,7766.25,7768.75,7768.75,7768.75
1786996800,7768.75,7769.5,7765.25,7767.25,,7767.25
1787059800,7726.25,7735.25,7719,7724.75,7724.75,7724.75
1787061600,7725,7732.75,7716.5,7726.5,7726.5,7726.5
1787063400,7726.5,7732.75,7717.25,7719.25,7719.25,7719.25
1787065200,7719.5,7724.25,7713.25,7718.5,7718.5,7718.5
1787067000,7718.25,7726.5,7716,7723.25,7723.25,7723.25
1787068800,7723.25,7728.75,7721.25,7721.75,7721.75,7721.75
1787070600,7721.75,7728.5,7720.5,7726,7726,7726
1787072400,7726,7728,7720.75,7722.75,7722.75,7722.75
1787074200,7722.5,7724,7715.75,7716,7716,7716
1787076000,7715.75,7726,7714.25,7723.75,7723.75,7723.75
1787077800,7723.5,7724.5,7716.75,7717,7717,7717
1787079600,7717,7722.25,7715.5,7720.75,7720.75,7720.75
1787081400,7720.75,7722.75,7710.25,7715.25,7715.25,7715.25
1787083200,7715.25,7716,7712.75,7714.25,,7714.25
1787146200,7743.5,7746,7720.75,7739.5,7739.5,7739.5
1787148000,7739.75,7742.25,7726.5,7739.5,7739.5,7739.5
1787149800,7739.5,7762.25,7737.75,7761.75,7761.75,7761.75
1787151600,7762,7764.75,7748.25,7750.75,7750.75,7750.75
1787153400,7750.75,7751.25,7739.75,7745.75,7745.75,7745.75
1787155200,7745.75,7759.5,7743.25,7746,7746,7746
1787157000,7746,7747,7734.25,7736,7736,7736
1787158800,7736,7741.5,7729.75,7735,7735,7735
1787160600,7734.75,7738.5,7730.75,7734.75,7734.75,7734.75
1787162400,7734.5,7745,7729,7735,7735,7735
1787164200,7735,7740.5,7734,7734.75,7734.75,7734.75
1787166000,7734.75,7740,7733.75,7735.75,7735.75,7735.75
1787167800,7735.75,7743.5,7721.75,7731.25,7731.25,7731.25
1787169600,7731.25,7732.75,7725.75,7728.5,,7728.5
1787232600,7698,7716.25,7697.25,7703.75,7703.75,7703.75
1787234400,7703.75,7707.75,7691.75,7700.25,7700.25,7700.25
1787236200,7700.25,7713.25,7697.5,7710,7710,7710
1787238000,7709.75,7720,7697.75,7705.5,7705.5,7705.5
1787239800,7705.5,7707,7690.5,7696.5,7696.5,7696.5
1787241600,7696.5,7699,7692.75,7695.5,7695.5,7695.5
1787243400,7695.5,7704.75,7691.75,7702,7702,7702
1787245200,7702.25,7702.25,7685,7685.75,7685.75,7685.75
1787247000,7685.75,7688.25,7680.25,7683.5,7683.5,7683.5
1787248800,7683.5,7683.5,7669.25,7673.75,7673.75,7673.75
1787250600,7673.75,7676.75,7670.25,7670.5,7670.5,7670.5
1787252400,7670.5,7676.25,7670,7673.25,7673.25,7673.25
1787254200,7673.5,7675,7659,7665.25,7665.25,7665.25
1787256000,7665.25,7667.5,7660.75,7661.5,,7661.5
1787319000,7695.75,7696,7676.75,7680.5,7680.5,7680.5
1787320800,7680.5,7690.75,7680,7681.75,7681.75,7681.75
1787322600,7681.75,7694.25,7677.25,7693.5,7693.5,7693.5
1787324400,7693.75,7699.75,7689.5,7694.75,7694.75,7694.75
1787326200,7694.75,7714,7693.5,7707.25,7707.25,7707.25
1787328000,7707.5,7708.75,7693.75,7700.5,7700.5,7700.5
1787329800,7700.5,7701,7693,7699,7699,7699
1787331600,7699.25,7700.75,7692.25,7693.5,7693.5,7693.5
1787333400,7693.75,7694.5,7689.5,7689.5,7689.5,7689.5
1787335200,7689.75,7692.75,7687.75,7688,7688,7688
1787337000,7688,7697.75,7685.75,7697.25,7697.25,7697.25
1787338800,7697.25,7699,7693.5,7695.5,7695.5,7695.5
1787340600,7695.5,7703,7688.75,7691.75,7691.75,7691.75
1787342400,7691.75,7692.25,7688.75,7691,,7691
1787578200,7681.75,7682.75,7655,7668.5,7668.5,7668.5
1787580000,7668.75,7674,7659.5,7663.25,7663.25,7663.25
1787581800,7663.25,7675.5,7661.75,7670.75,7670.75,7670.75
1787583600,7670.75,7674.25,7657.75,7671.5,7671.5,7671.5
1787585400,7671.5,7681.5,7668,7679.5,7679.5,7679.5
1787587200,7679.25,7686.5,7678.25,7683.25,7683.25,7683.25
1787589000,7683.25,7684,7675.25,7676,7676,7676
1787590800,7676,7682,7667.25,7668.25,7668.25,7668.25
1787592600,7668,7670,7664.5,7667,7667,7667
1787594400,7667,7682.75,7666.75,7682,7682,7682
1787596200,7682,7685.25,7674,7674.25,7674.25,7674.25
1787598000,7674,7676.75,7672.5,7674.25,7674.25,7674.25
1787599800,7674.25,7677,7668,7669.75,7669.75,7669.75
1787601600,7669.5,7673.5,7668,7670.75,,7670.75
1787664600,7695,7701.25,7688,7690,7690,7690
1787666400,7690,7691.25,7680,7680,7680,7680
1787668200,7680,7683.75,7663.25,7680.25,7680.25,7680.25
1787670000,7680,7687,7676.25,7686,7686,7686
1787671800,7686.25,7691,7679,7687.75,7687.75,7687.75
1787673600,7687.75,7691.5,7686.25,7690.75,7690.75,7690.75
1787675400,7690.5,7692.75,7686.25,7690.75,7690.75,7690.75
1787677200,7690.75,7691.5,7679.25,7681.25,7681.25,7681.25
1787679000,7681,7684.75,7680.25,7683.5,7683.5,7683.5
1787680800,7683.25,7683.75,7680,7682.75,7682.75,7682.75
1787682600,7682.75,7692,7682.75,7689.5,7689.5,7689.5
1787684400,7689.5,7691.5,7681.75,7684.5,7684.5,7684.5
1787686200,7684.5,7695,7683,7691,7691,7691
1787688000,7691,7693.5,7689,7692,,7692
1787751000,7678.75,7701.75,7678.75,7701.25,7701.25,7701.25
1787752800,7701.25,7702.5,7680.5,7682.75,7682.75,7682.75
1787754600,7682.75,7691.5,7681.25,7690.75,7690.75,7690.75
1787756400,7690.5,7697,7687.75,7690.5,7690.5,7690.5
1787758200,7690.75,7695.5,7683,7685.25,7685.25,7685.25
1787760000,7685.5,7686.5,7679.25,7679.75,7679.75,7679.75
1787761800,7679.75,7682,7671,7679.25,7679.25,7679.25
1787763600,7679.25,7689.5,7677.75,7688.5,7688.5,7688.5
1787765400,7688.75,7691,7686.5,7688.75,7688.75,7688.75
1787767200,7688.75,7692,7685.5,7688.25,7688.25,7688.25
1787769000,7688.25,7698.5,7687.25,7697.25,7697.25,7697.25
1787770800,7697.25,7705.5,7696.75,7701.5,7701.5,7701.5
1787772600,7701.5,7704.5,7687,7692,7692,7692
1787774400,7692.25,7704,7690.25,7702.75,,7702.75
1787837400,7716.25,7728.5,7702.75,7715.25,7715.25,7715.25
1787839200,7715.25,7730.25,7712,7728.5,7728.5,7728.5
1787841000,7728.5,7736,7721.75,7735.25,7735.25,7735.25
1787842800,7735.5,7742.75,7733.75,7734.75,7734.75,7734.75
1787844600,7734.75,7740.5,7725.25,7738,7738,7738
1787846400,7738,7741.5,7735,7740.75,7740.75,7740.75
1787848200,7740.5,7752.25,7739.75,7751.75,7751.75,7751.75
1787850000,7752,7755.5,7748.5,7749.25,7749.25,7749.25
1787851800,7749.25,7752.5,7742.75,7743.75,7743.75,7743.75
1787853600,7743.75,7745.5,7723.75,7725.75,7725.75,7725.75
1787855400,7726,7732.5,7722.75,7727.5,7727.5,7727.5
1787857200,7727.5,7734,7726.25,7730.75,7730.75,7730.75
1787859000,7730.5,7744.75,7729.75,7741.25,7741.25,7741.25
1787860800,7741.25,7743.25,7735.25,7735.25,,7735.25
1787923800,7746.25,7758,7743.75,7746.25,7746.25,7746.25
1787925600,7746.25,7760.5,7726.5,7742,7742,7742
1787927400,7742,7780,7738,7779.25,7779.25,7779.25
1787929200,7779.25,7782.5,7767.25,7779,7779,7779
1787931000,7779.25,7779.5,7737.25,7739.75,7739.75,7739.75
1787932800,7739.75,7745.25,7720,7725.25,7725.25,7725.25
1787934600,7725,7736,7724.25,7725.75,7725.75,7725.75
1787936400,7725.75,7726.25,7711.75,7717,7717,7717
1787938200,7717.25,7726.5,7714.75,7724.25,7724.25,7724.25
1787940000,7724.25,7727.25,7717.75,7719.5,7719.5,7719.5
1787941800,7719.5,7724.75,7712.25,7716,7716,7716
1787943600,7716,7725.25,7713.75,7724.5,7724.5,7724.5
1787945400,7724.5,7728.25,7719.5,7722.5,7722.5,7722.5
1787947200,7722.5,7724,7719,7720.5,,7720.5
1788183000,7701.25,7704.25,7682.5,7689.5,7689.5,7689.5
1788184800,7689.75,7691,7674.75,7676.75,7676.75,7676.75
1788186600,7676.75,7692,7675.75,7687.5,7687.5,7687.5
1788188400,7687.5,7692.5,7681.5,7687.5,7687.5,7687.5
1788190200,7687.25,7691.25,7680.75,7682,7682,7682
1788192000,7682,7687.25,7677.25,7687,7687,7687
1788193800,7686.75,7687.75,7679.5,7686.5,7686.5,7686.5
1788195600,7686.5,7688.5,7681.5,7682,7682,7682
1788197400,7682,7696.25,7679.25,7693,7693,7693
1788199200,7693,7696.25,7689.75,7691,7691,7691
1788201000,7690.75,7692,7678,7684.5,7684.5,7684.5
1788202800,7684.5,7695.5,7684.5,7694.25,7694.25,7694.25
1788204600,7694.25,7708.25,7689.75,7698,7698,7698
1788206400,7697.75,7704.75,7696.5,7701.75,,7701.75
1788269400,7647,7652.75,7638.75,7647,7647,7647
1788271200,7647.25,7667.75,7644.5,7664.75,7664.75,7664.75
1788273000,7664.75,7673,7660.25,7662.25,7662.25,7662.25
1788274800,7662.5,7663.5,7653.75,7662.75,7662.75,7662.75
1788276600,7663,7673.75,7661.25,7670,7670,7670
1788278400,7670,7670.5,7649.25,7652,7652,7652
1788280200,7652,7653.25,7642.5,7649.5,7649.5,7649.5
1788282000,7649.5,7649.5,7635,7643.5,7643.5,7643.5
1788283800,7643.75,7649,7641.25,7644.75,7644.75,7644.75
1788285600,7645,7647,7637.25,7638.75,7638.75,7638.75
1788287400,7638.75,7639.5,7621.5,7634,7634,7634
1788289200,7634,7643,7632.75,7640.75,7640.75,7640.75
1788291000,7640.75,7645.5,7633,7644.25,7644.25,7644.25
1788292800,7644,7647.25,7640.75,7644.5,,7644.5
1788355800,7650.5,7657,7643,7656.75,7656.75,7656.75
1788357600,7656.5,7682.5,7654.75,7679.5,7679.5,7679.5
1788359400,7679.25,7690.25,7675.5,7679.75,7679.75,7679.75
1788361200,7679.5,7690.75,7677.5,7689.5,7689.5,7689.5
1788363000,7689.75,7691.25,7676,7685.75,7685.75,7685.75
1788364800,7685.5,7685.75,7673,7675,7675,7675
1788366600,7674.75,7679.5,7673.25,7675.5,7675.5,7675.5
1788368400,7675.5,7681.25,7670.75,7673.75,7673.75,7673.75
1788370200,7673.75,7679.5,7670,7678,7678,7678
1788372000,7678.25,7687.75,7673.75,7680,7680,7680
1788373800,7680,7681.75,7672.5,7674.5,7674.5,7674.5
1788375600,7674.25,7681.75,7673.25,7681,7681,7681
1788377400,7681.25,7681.5,7674,7678.25,7678.25,7678.25
1788379200,7678.25,7682.5,7677.25,7680.25,,7680.25
1788442200,7704.25,7726.5,7704.25,7722,7722,7722
1788444000,7721.75,7722,7700.5,7712.25,7712.25,7712.25
1788445800,7712.25,7719,7700,7718.25,7718.25,7718.25
1788447600,7718.25,7756,7718,7755.5,7755.5,7755.5
1788449400,7755.5,7759.5,7749,7759.5,7759.5,7759.5
1788451200,7759.5,7759.5,7748,7750.25,7750.25,7750.25
1788453000,7750.25,7758.25,7748.75,7755,7755,7755
1788454800,7755,7756,7747,7752.5,7752.5,7752.5
1788456600,7752.25,7761,7752.25,7758.75,7758.75,7758.75
1788458400,7758.75,7766.5,7758.5,7763,7763,7763
1788460200,7763.25,7765,7759.75,7762.5,7762.5,7762.5
1788462000,7762.5,7763,7756.75,7759.75,7759.75,7759.75
1788463800,7759.75,7761,7752,7756.25,7756.25,7756.25
1788465600,7756.25,7757,7751,7753.5,,7753.5
1788528600,7742.25,7751,7739.75,7745,7745,7745
1788530400,7745,7745.5,7729.5,7734.25,7734.25,7734.25
1788532200,7734.25,7735.25,7715,7716.25,7716.25,7716.25
1788534000,7716.25,7722,7712.25,7716.25,7716.25,7716.25
1788535800,7716.5,7722.75,7711.75,7721.25,7721.25,7721.25
1788537600,7721.25,7733.5,7720.25,7728.5,7728.5,7728.5
1788539400,7728.5,7735.25,7727.25,7730.75,7730.75,7730.75
1788541200,7730.75,7731.5,7719.75,7720.5,7720.5,7720.5
1788543000,7720.5,7720.5,7712.75,7716.25,7716.25,7716.25
1788544800,7716,7721.5,7713.5,7720.5,7720.5,7720.5
1788546600,7720.75,7725.75,7719.5,7724.25,7724.25,7724.25
1788548400,7724.25,7726,7717.5,7722,7722,7722
1788550200,7721.75,7726.75,7718,7723.75,7723.75,7723.75
1788552000,7723.75,7724.25,7716.25,7718.5,,7718.5
1788874200,7711.5,7717.75,7688.25,7695,7695,7695
1788876000,7695,7696.75,7680,7687.25,7687.25,7687.25
1788877800,7687.25,7700,7684.5,7696.75,7696.75,7696.75
1788879600,7697,7704,7693.75,7698.75,7698.75,7698.75
1788881400,7698.75,7701.25,7693.75,7694.25,7694.25,7694.25
1788883200,7694.25,7698.25,7688.25,7691.75,7691.75,7691.75
1788885000,7691.5,7697,7685.75,7690,7690,7690
1788886800,7689.75,7701.75,7689.75,7695.25,7695.25,7695.25
1788888600,7695.5,7699.5,7693.75,7695.25,7695.25,7695.25
1788890400,7695.25,7699.5,7695,7698.25,7698.25,7698.25
1788892200,7698.25,7698.5,7676.75,7688,7688,7688
1788894000,7688.25,7691.5,7685.25,7690.75,7690.75,7690.75
1788895800,7690.5,7692.25,7672.25,7681,7681,7681
1788897600,7681,7683,7673.75,7678.75,,7678.75
1788960600,7660.75,7663.75,7651.75,7661,7661,7661
1788962400,7660.75,7662,7644.5,7659.5,7659.5,7659.5
1788964200,7659.5,7660,7652.25,7657.75,7657.75,7657.75
1788966000,7658,7665,7628.75,7635.25,7635.25,7635.25
1788967800,7635.25,7650.75,7634.5,7641.5,7641.5,7641.5
1788969600,7641.5,7643.75,7632.75,7635.75,7635.75,7635.75
1788971400,7635.75,7648.75,7635.5,7645.75,7645.75,7645.75
1788973200,7645.75,7653,7643.5,7649,7649,7649
1788975000,7649.25,7653.25,7643.5,7650.25,7650.25,7650.25
1788976800,7650.25,7652,7642.75,7648.5,7648.5,7648.5
1788978600,7648.25,7653.75,7645.75,7648.75,7648.75,7648.75
1788980400,7648.75,7654.5,7646.25,7651.25,7651.25,7651.25
1788982200,7651.25,7652.25,7641.25,7644.75,7644.75,7644.75
1788984000,7644.5,7647.25,7642.5,7646,,7646
1789047000,7599,7609,7586,7586.75,7586.75,7586.75
1789048800,7586.75,7620,7585.5,7606.25,7606.25,7606.25
1789050600,7606.25,7615.5,7603.75,7613.5,7613.5,7613.5
1789052400,7613.25,7615,7604.75,7611.25,7611.25,7611.25
1789054200,7611.5,7619.25,7601.25,7604.75,7604.75,7604.75
1789056000,7605,7610.25,7597,7600.25,7600.25,7600.25
1789057800,7600,7613,7591.5,7611.5,7611.5,7611.5
1789059600,7611.25,7617.75,7604.25,7605.25,7605.25,7605.25
1789061400,7605,7607.25,7599.5,7602.25,7602.25,7602.25
1789063200,7602.25,7605.25,7594,7596.75,7596.75,7596.75
1789065000,7596.5,7603.5,7591.75,7597,7597,7597
1789066800,7597,7599.5,7592.5,7595.75,7595.75,7595.75
1789068600,7595.75,7602.75,7594.25,7598.75,7598.75,7598.75
1789070400,7598.5,7606.25,7595.75,7605.75,,7605.75
1789133400,7665,7682,7659.75,7681,7681,7681
1789135200,7681,7681.25,7664,7675,7675,7675
1789137000,7675,7676,7653.25,7657.25,7657.25,7657.25
1789138800,7657.25,7680.25,7655.25,7677.5,7677.5,7677.5
1789140600,7677.5,7680.5,7671.5,7675,7675,7675
1789142400,7674.75,7680,7666.25,7667,7667,7667
1789144200,7667,7675.5,7665.75,7674.25,7674.25,7674.25
1789146000,7674.25,7681,7673,7677.5,7677.5,7677.5
1789147800,7677.75,7680.25,7674,7674.75,7674.75,7674.75
1789149600,7675,7677.75,7668.75,7672,7672,7672
1789151400,7672,7673.5,7667,7668,7668,7668
1789153200,7668,7670.5,7663,7667.75,7667.75,7667.75
1789155000,7667.75,7668.75,7657.5,7659,7659,7659
1789156800,7658.75,7662,7658.5,7660.5,,7660.5
1789392600,7606.5,7622.25,7601,7615.75,7615.75,7615.75
1789394400,7615.75,7627,7597.75,7604,7604,7604
1789396200,7604,7607,7595.25,7601.5,7601.5,7601.5
1789398000,7601.5,7615,7597.5,7612,7612,7612
1789399800,7612,7638.75,7610.25,7634.25,7634.25,7634.25
1789401600,7634.25,7642.75,7628.5,7636.75,7636.75,7636.75
1789403400,7636.5,7652,7634.75,7645,7645,7645
1789405200,7645.25,7646.75,7635.25,7643.5,7643.5,7643.5
1789407000,7643.5,7645,7639.75,7639.75,7639.75,7639.75
1789408800,7640,7644.5,7635.5,7636.75,7636.75,7636.75
1789410600,7636.5,7642,7636,7638,7638,7638
1789412400,7638,7638.75,7632.5,7634,7634,7634
1789414200,7634,7636,7623.5,7624.75,7624.75,7624.75
1789416000,7624.75,7626.75,7622.75,7624.75,,7624.75
1789479000,7684.5,7687,7670.25,7678.25,7678.25,7678.25
1789480800,7678.5,7678.5,7654,7657,7657,7657
1789482600,7657.25,7658.75,7643.5,7646.25,7646.25,7646.25
1789484400,7646.5,7657.25,7646.25,7656.75,7656.75,7656.75
1789486200,7657,7659.75,7651,7653,7653,7653
1789488000,7653,7661,7648,7658,7658,7658
1789489800,7657.75,7662.75,7655,7659.25,7659.25,7659.25
1789491600,7659.5,7660.25,7648,7650.75,7650.75,7650.75
1789493400,7650.75,7656.25,7650.25,7655.25,7655.25,7655.25
1789495200,7655.5,7662,7653.5,7659.25,7659.25,7659.25
1789497000,7659.25,7659.25,7649.5,7657,7657,7657
1789498800,7657.25,7658.75,7651.75,7652.5,7652.5,7652.5
1789500600,7652.5,7657.75,7648,7657,7657,7657
1789502400,7656.75,7665,7656.5,7664.25,,7664.25
1789565400,7676.5,7686.5,7669,7684.25,7684.25,7684.25
1789567200,7684.5,7686.5,7669.5,7671.75,7671.75,7671.75
1789569000,7671.75,7685,7670,7684.25,7684.25,7684.25
1789570800,7684.5,7692.75,7683.75,7686,7686,7686
1789572600,7685.75,7699,7682,7689,7689,7689
1789574400,7689,7689.75,7680.25,7683.25,7683.25,7683.25
1789576200,7683.25,7684,7678.25,7679.25,7679.25,7679.25
1789578000,7679.5,7681,7674,7680.75,7680.75,7680.75
1789579800,7681,7684.75,7674.5,7683.5,7683.5,7683.5
1789581600,7684.5,7694.25,7668.75,7678,7678,7678
1789583400,7678.25,7683.25,7617.5,7618.75,7618.75,7618.75
1789585200,7618.75,7633.75,7575,7591.75,7591.75,7591.75
1789587000,7591.75,7625,7590.5,7622,7622,7622
1789588800,7622.5,7626,7620,7621.75,,7621.75
1789651800,7713.5,7716.25,7688.25,7693.75,7693.75,7693.75
1789653600,7693.5,7703.75,7680.5,7697.5,7697.5,7697.5
1789655400,7697.5,7703.25,7684.5,7688.25,7688.25,7688.25
1789657200,7688,7698,7683.75,7696.25,7696.25,7696.25
1789659000,7696.25,7706.5,7695.25,7706.5,7706.5,7706.5
1789660800,7706.5,7707.5,7701.5,7706.25,7706.25,7706.25
1789662600,7706.25,7708,7697,7706,7706,7706
1789664400,7706,7709.25,7699.5,7702,7702,7702
1789666200,7702,7708,7700.25,7707.75,7707.75,7707.75
1789668000,7707.75,7711.25,7705.75,7708.5,7708.5,7708.5
1789669800,7708.75,7710.25,7702.75,7705.75,7705.75,7705.75
1789671600,7705.75,7711.75,7705.5,7706.75,7706.75,7706.75
1789673400,7706.75,7715.5,7705,7707.25,7707.25,7707.25
1789675200,7707.5,7708.5,7704,7704.5,,7704.5
1789738200,7710,7714.5,7691.25,7693,7693,7693
1789740000,7693,7695.25,7683.25,7689,7689,7689
1789741800,7688.75,7695.25,7684,7695,7695,7695
1789743600,7695,7696.25,7689.5,7695.5,7695.5,7695.5
1789745400,7695.5,7697,7683.75,7685.25,7685.25,7685.25
1789747200,7685.25,7687.75,7675,7683.25,7683.25,7683.25
1789749000,7683.25,7691.5,7681.25,7689.75,7689.75,7689.75
1789750800,7690,7692,7686.25,7690,7690,7690
1789752600,7690.25,7695,7688.25,7694.5,7694.5,7694.5
1789754400,7694.75,7703.25,7693,7701.75,7701.75,7701.75
1789756200,7701.75,7715.75,7699,7710,7710,7710
1789758000,7709.75,7712,7705.75,7706.25,7706.25,7706.25
1789759800,7706.25,7718.25,7704.25,7712.25,7712.25,7712.25
1789761600,7712.25,7729.25,7711.5,7725.5,,7725.5
1789997400,7760.5,7775,7758.25,7774.75,7774.75,7774.75
1789999200,7774.75,7791,7767.75,7788,7788,7788
1790001000,7788.25,7793.5,7785,7790,7790,7790
1790002800,7790,7800,7789,7796.25,7796.25,7796.25
1790004600,7796.25,7811.5,7795.75,7805.25,7805.25,7805.25
1790006400,7805.25,7818.25,7802.75,7816,7816,7816
1790008200,7816,7824.75,7815.75,7821,7821,7821
1790010000,7821.25,7828,7819.5,7826,7826,7826
1790011800,7826.25,7830,7820,7826.75,7826.75,7826.75
1790013600,7827,7838.25,7827,7837,7837,7837
1790015400,7837,7844.75,7833.75,7841.25,7841.25,7841.25
1790017200,7841.5,7843.5,7837.75,7839.25,7839.25,7839.25
1790019000,7839.25,7847.25,7832,7833.25,7833.25,7833.25
1790020800,7833.25,7835,7828.5,7831,,7831
1790083800,7837,7848.5,7833.25,7835,7835,7835
1790085600,7835,7845.75,7831.5,7831.75,7831.75,7831.75
1790087400,7832,7840.5,7826.5,7831,7831,7831
1790089200,7831,7834.75,7828.5,7830.25,7830.25,7830.25
1790091000,7830.25,7830.5,7822.25,7826.75,7826.75,7826.75
1790092800,7826.75,7830.25,7823.25,7825.5,7825.5,7825.5
1790094600,7825.5,7833.75,7824.25,7832,7832,7832
1790096400,7832,7833,7827.25,7832.25,7832.25,7832.25
1790098200,7832.25,7839,7827.25,7837.5,7837.5,7837.5
1790100000,7837.5,7840.5,7833.5,7837.75,7837.75,7837.75
1790101800,7837.75,7839.25,7832.75,7834.25,7834.25,7834.25
1790103600,7834,7841.5,7833.5,7840.25,7840.25,7840.25
1790105400,7840.5,7846.75,7829.75,7831,7831,7831
1790107200,7830.75,7834.25,7830.25,7832,,7832
1790170200,7823.5,7826.25,7799.25,7801.75,7801.75,7801.75
1790172000,7801.75,7805.5,7778,7783,7783,7783
1790173800,7783,7800.75,7781,7797.25,7797.25,7797.25
1790175600,7797.25,7797.5,7784.25,7785,7785,7785
1790177400,7785,7787.25,7776.5,7780.5,7780.5,7780.5
1790179200,7780.5,7781.5,7775.25,7778.25,7778.25,7778.25
1790181000,7778.25,7781.5,7764.25,7768.5,7768.5,7768.5
1790182800,7768.5,7774,7758.75,7767,7767,7767
1790184600,7767.25,7785.25,7764.75,7784.25,7784.25,7784.25
1790186400,7784.25,7784.75,7774.75,7777.25,7777.25,7777.25
1790188200,7777,7778.25,7770.25,7776.75,7776.75,7776.75
1790190000,7777,7778.25,7769.25,7771.75,7771.75,7771.75
1790191800,7771.75,7777,7761,7773.75,7773.75,7773.75
1790193600,7774,7774.75,7770.25,7771.25,,7771.25
1790256600,7734.25,7749,7730,7747.75,7747.75,7747.75
1790258400,7748,7758,7746.25,7754.5,7754.5,7754.5
1790260200,7754.5,7755.25,7735,7738.25,7738.25,7738.25
1790262000,7738.5,7741.25,7725.25,7729.25,7729.25,7729.25
1790263800,7729.25,7737.5,7726.75,7735.75,7735.75,7735.75
1790265600,7735.75,7778,7729.5,7765.5,7765.5,7765.5
1790267400,7765.5,7783.5,7757,7776.5,7776.5,7776.5
1790269200,7776.25,7780.75,7759.5,7766.25,7766.25,7766.25
1790271000,7766,7770.5,7753.75,7763,7763,7763
1790272800,7763.25,7774.25,7749.5,7769.5,7769.5,7769.5
1790274600,7769.5,7777.75,7762.5,7773.25,7773.25,7773.25
1790276400,7773.25,7774.5,7764,7769.5,7769.5,7769.5
1790278200,7769.5,7774.5,7765,7765.5,7765.5,7765.5
1790280000,7765.25,7766,7757.25,7757.5,,7757.5
1790343000,7777.5,7793.75,7767.25,7787.5,7787.5,7787.5
1790344800,7787.5,7788.25,7752.75,7764.25,7764.25,7764.25
1790346600,7764,7779.25,7762,7778,7778,7778
1790348400,7778.25,7789,7773.5,7777.75,7777.75,7777.75
1790350200,7778,7790.75,7764.5,7790.5,7790.5,7790.5
1790352000,7790.5,7811,7788.75,7807,7807,7807
1790353800,7807,7808.75,7792.25,7795.25,7795.25,7795.25
1790355600,7795.25,7804.25,7794,7804,7804,7804
1790357400,7804,7805.25,7796,7802.75,7802.75,7802.75
1790359200,7802.75,7806.25,7795.25,7800.25,7800.25,7800.25
1790361000,7800.5,7805,7796.25,7798,7798,7798
1790362800,7798.25,7803,7793.25,7794.75,7794.75,7794.75
1790364600,7794.75,7814.75,7793.5,7804.75,7804.75,7804.75
1790366400,7804.75,7807.25,7802.5,7803,,7803
1790602200,7772.75,7775.25,7758.75,7773,7773,7773
1790604000,7773,7773.75,7759.25,7764,7764,7764
1790605800,7764,7764.25,7726,7730.75,7730.75,7730.75
1790607600,7730.75,7747.25,7730.5,7740.25,7740.25,7740.25
1790609400,7740.5,7746.75,7736,7744.25,7744.25,7744.25
1790611200,7744.25,7786.25,7740.75,7777,7777,7777
1790613000,7777.25,7778,7756.25,7761.5,7761.5,7761.5
1790614800,7761.5,7783.5,7755,7761.25,7761.25,7761.25
1790616600,7761.25,7766,7759,7763.75,7763.75,7763.75
1790618400,7763.5,7766.5,7757.5,7760,7760,7760
1790620200,7760,7764,7753.75,7760.75,7760.75,7760.75
1790622000,7760.75,7761.25,7747,7751,7751,7751
1790623800,7750.75,7751.5,7739.25,7746.5,7746.5,7746.5
1790625600,7746.25,7749,7742.75,7744,,7744
1790688600,7757.5,7758.5,7734.75,7736.25,7736.25,7736.25
1790690400,7736.25,7747,7735.25,7742,7742,7742
1790692200,7742,7746.75,7733.25,7737.75,7737.75,7737.75
1790694000,7737.75,7738.25,7714.5,7718.5,7718.5,7718.5
1790695800,7718.5,7732.25,7717.5,7722.25,7722.25,7722.25
1790697600,7722.25,7724.75,7715.25,7723,7723,7723
1790699400,7723,7723.75,7713,7718.5,7718.5,7718.5
1790701200,7718.5,7720.75,7712.25,7719.75,7719.75,7719.75
1790703000,7719.75,7723.75,7712.5,7715,7715,7715
1790704800,7715.25,7733,7715,7728,7728,7728
1790706600,7728.25,7742,7724.25,7737.25,7737.25,7737.25
1790708400,7737.25,7739.25,7731.25,7734.75,7734.75,7734.75
1790710200,7734.75,7737.5,7727,7732.5,7732.5,7732.5
1790712000,7732.5,7738.75,7732,7735.75,,7735.75
1790775000,7751.75,7767.75,7748,7767.5,7767.5,7767.5
1790776800,7767.25,7779.5,7762.5,7766,7766,7766
1790778600,7766.25,7782,7760.25,7772.75,7772.75,7772.75
1790780400,7773,7777,7764.5,7775.25,7775.25,7775.25
1790782200,7775,7780.25,7766,7774.75,7774.75,7774.75
1790784000,7774.75,7778.5,7767.25,7767.5,7767.5,7767.5
1790785800,7767.5,7772.5,7763.75,7769.75,7769.75,7769.75
1790787600,7769.5,7772.25,7749.5,7757.25,7757.25,7757.25
1790789400,7757.25,7767.25,7756.75,7764.5,7764.5,7764.5
1790791200,7764.5,7764.75,7750.5,7755,7755,7755
1790793000,7755.25,7757,7747.25,7752.25,7752.25,7752.25
1790794800,7752,7756,7749.25,7750.5,7750.5,7750.5
1790796600,7750.5,7751.25,7709.25,7712.75,7712.75,7712.75
1790798400,7713,7722.75,7705.5,7721.75,,7721.75
1790861400,7729.75,7740,7710,7711.25,7711.25,7711.25
1790863200,7711.5,7712.5,7682.25,7689.75,7689.75,7689.75
1790865000,7689.5,7707.75,7684.25,7689.25,7689.25,7689.25
1790866800,7689.25,7698.75,7672.75,7689.25,7689.25,7689.25
1790868600,7689.5,7694.25,7677.25,7691.25,7691.25,7691.25
1790870400,7691.5,7702.5,7687,7697.5,7697.5,7697.5
1790872200,7697.75,7711,7687.5,7694,7694,7694
1790874000,7693.75,7725,7691.75,7722,7722,7722
1790875800,7722.25,7738.75,7717.75,7720.75,7720.75,7720.75
1790877600,7720.75,7727.75,7706.75,7726.75,7726.75,7726.75
1790879400,7726.75,7736.75,7722.25,7733.25,7733.25,7733.25
1790881200,7733.25,7734.25,7727,7730,7730,7730
1790883000,7729.75,7741.25,7719.75,7726,7726,7726
1790884800,7726,7732.75,7724.75,7732.25,,7732.25
1790947800,7789.5,7804.75,7773.5,7788.5,7788.5,7788.5
1790949600,7788.75,7808.75,7781.75,7804.25,7804.25,7804.25
1790951400,7804.25,7810.25,7790.75,7793,7793,7793
1790953200,7793,7794.5,7754,7771,7771,7771
1790955000,7770.75,7778,7764,7775.25,7775.25,7775.25
1790956800,7775.5,7782.25,7771,7772.25,7772.25,7772.25
1790958600,7772.5,7781.75,7769.75,7776,7776,7776
1790960400,7776,7783.75,7765.5,7767.5,7767.5,7767.5
1790962200,7767.25,7777.5,7766.75,7774.5,7774.5,7774.5
1790964000,7774.5,7776.25,7767.25,7772.25,7772.25,7772.25
1790965800,7772.25,7777,7770,7775.5,7775.5,7775.5
1790967600,7775.75,7778.5,7772,7775.5,7775.5,7775.5
1790969400,7775.5,7782.75,7773.75,7779,7779,7779
1790971200,7779,7784.5,7778.25,7783.25,,7783.25